date,c_open,c_high,c_low,n_close,n_adj_close,adj_sum_5,adj_sum_10,adj_sum_15,adj_sum_20,adj_sum_25,adj_sum_30,label,closing_price_for_label,melody_ma20,melody_std20,melody_lb20,melody_ub20,melody_ema20,melody_macd_12_26,melody_str_log_return
2013-06-03,1.492993,2.138609,-1.926759,-1.392621,-1.392625,3.998794,4.705941,5.607449,5.60167,5.672526,6.411417,-1.0,90.199425,,,,,,,
2013-06-04,1.788465,3.155514,-0.174733,-1.856145,-1.856163,4.134049,6.183588,6.979147,7.235066,7.304708,7.888385,-1.0,88.525177,,,,,,,-0.018736054894264928
2013-06-05,2.537,3.942922,-0.03171,-2.764933,-2.764916,5.02537,8.183931,9.081041,9.78747,9.96899,10.333815,-1.0,86.07753,,,,,,,-0.02803859566728785
2013-06-06,-2.543847,0.041031,-3.425988,3.054968,3.054966,0.326188,4.254796,5.168396,6.167863,6.438663,6.824465,1.0,88.707169,,,,,,,0.03009230728453534
2013-06-07,-0.040483,1.467467,-0.495899,1.353985,1.353983,-1.36221,2.172861,3.347842,4.481874,4.761082,5.081233,1.0,89.908249,,,,,,,0.013448985728050696
2013-06-10,0.651001,1.149429,-0.447559,-0.506022,-0.506023,-1.027362,1.919444,3.377076,4.609402,4.980524,5.290392,-1.0,89.453293,,,,,,,-0.005073071636846932
2013-06-11,-0.68416,1.102831,-1.337687,-0.38653,-0.386539,-0.512604,1.470449,3.488896,4.581854,5.124882,5.417433,0.0,89.107521,,,,,,,-0.003872881450822071
2013-06-12,2.697933,3.247896,-0.415069,-1.592972,-1.59297,1.465187,2.280797,4.6197,5.674489,6.509872,6.868555,-1.0,87.688065,,,,,,,-0.016057940511154868
2013-06-13,-2.162222,0.192869,-2.608872,2.220607,2.22062,-0.531935,-0.62228,1.939559,2.9266,3.948464,4.358478,1.0,89.635284,,,,,,,0.02196323592935075
2013-06-14,0.831457,1.519199,-0.513242,-1.106491,-1.106482,0.295615,0.170384,2.518979,3.690708,4.837218,5.262445,-1.0,88.643486,,,,,,,-0.011126487263989631
2013-06-17,-0.363344,1.019372,-0.585388,1.703966,1.703937,-1.229299,-1.512908,0.341825,1.622944,2.791293,3.265682,1.0,90.153915,,,,,,,0.01689582648401496
2013-06-18,-2.344825,0.778326,-2.394089,2.442469,2.44246,-2.88077,-3.446286,-2.359255,-0.833475,0.146624,0.709372,1.0,92.355888,,,,,,,0.02413108573032733
2013-06-19,2.530754,2.843315,-0.030246,-2.285714,-2.285698,-0.042345,-0.72595,-0.425484,1.231101,2.135921,2.903111,-1.0,90.244911,,,,,,,-0.0231222542458305
2013-06-20,2.326546,2.388869,-0.384291,-2.923978,-2.923977,2.505192,2.138556,1.95472,3.851792,4.749488,5.714277,-1.0,87.606171,,,,,,,-0.029675767144825223
2013-06-21,-1.220998,0.854705,-3.276354,2.077275,2.077287,0.594206,0.006095,-0.272699,1.364971,2.345536,3.365573,1.0,89.426003,,,,,,,0.020560060518382613
2013-06-24,0.613693,1.133767,-0.759304,-2.177452,-2.177448,2.221745,2.006436,1.739811,3.113158,4.228823,5.315848,-1.0,87.478798,,,,,,,-0.022015045754385728
2013-06-25,1.307327,2.45902,-0.767792,0.249634,0.249616,0.904761,1.591624,1.42354,2.34697,3.728584,4.706381,0.0,87.697159,,,,,,,0.0024930488959522866
2013-06-26,-2.279112,0.572289,-2.359436,3.340943,3.340965,-2.273102,-1.368487,-1.520763,-1.202321,0.188743,1.042157,1.0,90.62709,,,,,,,0.032863670651251536
2013-06-27,1.505208,1.646636,-0.64653,-0.61245,-0.612467,-1.123338,-0.71219,-0.812873,-0.908168,0.582286,1.380954,-1.0,90.072029,,,,,,,-0.006143502512450848
2013-06-28,0.08108,1.236563,-0.891957,-0.333361,-0.333367,-0.715584,-0.254408,-0.491247,-0.671495,0.636534,1.506863,0.0,89.771759,89.1689461,1.4083377834156456,86.3522705331687,91.98562166683129,89.42052508059831,,-0.0033392343694738464
2013-07-01,2.779771,4.33891,-0.215406,-1.185897,-1.185885,0.752895,0.779563,0.646901,0.436452,1.49882,2.446746,-1.0,88.707169,89.09433329999999,1.3902839706141852,86.31376535877162,91.87490124122836,89.35258640625561,,-0.01192972904755045
2013-07-02,0.759945,1.270041,-0.687066,-1.466817,-1.466824,2.186139,1.713518,2.015411,1.867587,2.587555,3.759462,-1.0,87.405991,89.038374,1.4361650840271942,86.16604383194561,91.9107041680544,89.1671963675646,,-0.01477688182539098
2013-07-03,-0.626238,0.720177,-0.793231,-0.260254,-0.260246,1.661618,1.627177,2.24263,2.196531,2.497023,3.736908,0.0,87.17852,89.0934235,1.334179889689245,86.42506372062151,91.76178327937849,88.97779861827273,,-0.0026058569275936123
2013-07-05,-0.737404,0.266287,-0.880787,1.910031,1.910032,-0.520283,-0.138266,0.266962,0.288811,0.26546,1.557418,1.0,88.843658,89.10024795,1.3324481304575553,86.43535168908488,91.76514421091511,88.96502332129438,,0.01892020302946508
2013-07-08,0.285189,1.05928,-0.285188,0.553053,0.553031,-1.165193,-0.697683,-0.232892,-0.294852,-0.381733,0.746265,1.0,89.334991,89.07158505,1.3202621301295647,86.43106078974087,91.71210931025912,89.00025833831397,,0.005515074315852112
2013-07-09,0.569508,1.372926,-0.264418,0.152783,0.152793,-1.145124,-0.62646,-0.435946,-0.445946,-0.566255,0.335608,0.0,89.471489,89.07249485,1.3205452503903643,86.43140434921926,91.71358535078073,89.04513744895074,-0.20703665686696127,0.0015267682302675396
2013-07-10,-3.821276,0.264554,-3.958457,3.793345,3.79335,-3.582207,-3.701743,-4.038146,-3.88203,-4.013325,-3.466586,1.0,92.865456,89.26039159999999,1.5696492918593503,86.12109301628129,92.39969018371869,89.40897731095544,0.12230766459185816,0.03723172010998473
2013-07-11,0.368,0.377687,-2.024021,1.175783,1.17579,-3.259743,-4.466406,-4.88993,-4.665417,-4.793347,-4.624904,1.0,93.957359,89.57385629999999,1.8415706760939003,85.89071494781219,93.25699765218779,89.84215651943587,0.4660505185599817,0.011689315709287862
2013-07-12,-0.680924,0.0,-1.946868,0.978109,0.978102,-2.925099,-4.885393,-5.30034,-5.312649,-5.455451,-5.579104,1.0,94.876358,89.83590999999998,2.190596850036798,85.45471629992639,94.21710370007358,90.3216042794896,0.8033640649046845,0.009733497493566726
2013-07-15,-0.191476,0.191484,-1.455239,0.172629,0.172625,-1.891809,-4.494969,-5.069725,-5.139297,-5.402389,-5.616718,0.0,95.040138,90.1557426,2.4579819800224283,85.23977863995513,95.07170656004486,90.77098844334775,1.0715509850903828,0.0017247584496394611
2013-07-16,0.211431,0.816914,-0.490151,-0.382953,-0.382954,-0.415184,-3.497357,-4.197981,-4.5358,-4.818068,-5.096267,0.0,94.676178,90.38185574999999,2.657696099627977,85.06646355074403,95.69724794925594,91.142911258267,1.2404236891094769,-0.0038368913563568466
2013-07-17,0.182151,0.613555,-0.402645,0.249875,0.249892,-0.232009,-2.946995,-3.929962,-4.639067,-4.810671,-5.108501,0.0,94.912766,90.50969965,2.8145214206228117,84.88065680875438,96.13874249124562,91.50194504319396,1.3774685975106422,0.0024958008396239652
2013-07-18,-0.209978,1.174003,-0.477236,0.440992,0.44099,-0.381794,-2.517903,-4.022787,-4.790977,-4.907901,-5.20156,0.0,95.331322,90.7640202,3.0121983223443918,84.73962355531123,96.78841684468878,91.8666476105088,1.5025313992778422,0.004400206910331275
2013-07-19,-3.77548,0.265107,-4.863332,4.409661,4.409638,-3.652973,-5.560826,-7.442473,-8.212804,-8.52618,-8.842662,1.0,99.535088,91.36046604999999,3.496149021816077,84.36816800636782,98.35276409363215,92.59697526665083,1.9187353676221903,0.043151801189541546
2013-07-22,-0.642494,0.137679,-1.03717,-0.402232,-0.402231,-2.437804,-4.190902,-6.439028,-7.352443,-7.733445,-8.164284,0.0,99.134727,91.84590225,3.867694278545889,84.11051369290821,99.58129080709178,93.21961828887456,2.19101753806153,-0.004030421450436278
2013-07-23,2.429184,2.429184,-0.168825,-2.13859,-2.138584,0.176326,-1.31964,-3.823548,-4.836335,-5.434253,-5.89758,-1.0,97.014648,92.32269475000001,3.8887139867914766,84.54526677641705,100.10012272358297,93.58104968993412,2.210252052929249,-0.021617826354434214
2013-07-24,0.787996,0.834897,-0.675423,-0.018763,-0.018748,0.624754,-0.875244,-3.146351,-4.339128,-5.22515,-5.608828,0.0,96.99646,92.7876598,3.862399606145021,85.06286058770996,100.51245901229004,93.90632686232135,2.198682877364874,-0.00018749441968323903
2013-07-25,-2.739476,0.155235,-3.789609,2.729835,2.729834,-1.183467,-2.938556,-4.886019,-6.428648,-7.366279,-7.717115,1.0,99.644302,93.2385204,4.114956407129437,85.00860758574112,101.46843321425888,94.45280068495741,2.375786356596606,0.026932381901432125
2013-07-26,-0.529198,0.255474,-1.085761,0.082181,0.082179,-1.226281,-2.53194,-4.236625,-6.021448,-6.95621,-7.455603,0.0,99.726189,93.7212284,4.286622362105825,85.14798367578835,102.29447312421165,94.9550281435329,2.494000451646002,0.0008214556145595428
2013-07-29,0.192008,0.393161,-0.868616,-0.209849,-0.20985,-0.941761,-1.877123,-3.353153,-5.334197,-6.354952,-6.896783,0.0,99.516914,94.20848615,4.3671667014367355,85.47415274712652,102.94281955287347,95.38949346319643,2.5415023728198065,-0.0021007008404191176
2013-07-30,-1.151078,0.089933,-1.618701,1.673214,1.673199,-1.748187,-2.84891,-4.172053,-6.275621,-7.354308,-8.06564,1.0,101.18203,94.8322292,4.4304892836555165,85.97125063268896,103.69320776731104,95.94116360955867,2.682585754106185,0.016593552248491628
2013-07-31,-0.378617,1.163544,-1.708375,-2.616903,-2.616902,1.204182,0.129288,-1.213403,-3.192349,-4.424781,-5.38615,-1.0,98.534195,95.3886394,4.137881235907871,87.11287692818426,103.66440187181574,96.1881189800769,2.5513270841270526,-0.02651752662285758
2013-08-01,0.191973,0.447937,-0.886736,1.015789,1.015782,0.16456,-0.45524,-1.833184,-3.545102,-5.02787,-6.026437,1.0,99.535088,96.00646780000001,3.7519952454825183,88.50247730903497,103.51045829096505,96.50687793435529,2.499257458540825,0.010106579923347125
2013-08-02,0.797728,0.852742,-0.788558,-0.301674,-0.30165,0.368594,-0.184311,-1.243361,-2.7297,-4.371181,-5.351497,0.0,99.23484,96.5260269,3.4119727877551074,89.7020813244898,103.34997247551021,96.76668384536907,2.406029193952847,-0.0030210629080582997
2013-08-05,1.368335,1.433493,-0.158241,-1.494588,-1.494605,1.5303,1.188688,0.439982,-0.823321,-2.593684,-3.631506,-1.0,97.751671,96.9468609,2.96859694678623,91.00966700642755,102.88405479357246,96.86049214581011,2.1872524944157874,-0.015058868960044616
2013-08-06,1.691693,2.07185,-0.617754,-2.057153,-2.057138,2.526125,3.180947,2.6237,1.587141,-0.253954,-1.319784,-1.0,95.740784,97.26032565,2.4175566424807697,92.42521236503846,102.09543893496154,96.75385327478057,1.8305076558107913,-0.020785920572897066
2013-08-07,-6.948404,0.800713,-8.087192,6.823799,6.823789,-3.291816,-2.894128,-3.451958,-4.442171,-6.044129,-7.148281,1.0,102.273933,97.7307495,2.43269862843457,92.86535224313086,102.59614675686915,97.2795751533729,2.0513091109685746,0.06601045832836701
2013-08-08,1.232108,1.377066,-0.933139,-1.797157,-1.797154,-1.342632,-1.038232,-1.346259,-2.370901,-3.796703,-5.123513,-1.0,100.435913,98.0546772,2.333094627975307,93.38848794404939,102.72086645595061,97.58017875781357,2.054302283972902,-0.018134988602281892
2013-08-09,-0.638509,1.596278,-1.158438,-0.679471,-0.679457,-0.563725,-0.358492,-0.656767,-1.458555,-2.701099,-4.150945,-1.0,99.753494,98.29853399999999,2.2362824311249736,93.82596913775004,102.77109886224994,97.78716116183132,1.9787985273925557,-0.006817759776263489
2013-08-12,0.526754,1.118195,-0.055445,-1.295264,-1.295276,0.885317,0.841878,0.601299,0.008315,-1.05351,-2.598962,-1.0,98.461411,98.46959765,2.100655938920192,94.26828577215962,102.67090952784038,97.8513754321331,1.7940206038336868,-0.013037377805406022
2013-08-13,0.713885,0.982753,-0.769518,-0.323443,-0.323451,1.702212,0.85945,1.004393,0.50946,-0.379007,-1.962419,0.0,98.142937,98.64293560000002,1.905091595280243,94.83275240943954,102.4531187905605,97.87914320050137,1.60340156282507,-0.0032397480706548997
2013-08-14,0.365716,1.481622,-0.11253,-1.131098,-0.698386,1.429069,1.458317,1.746294,1.346898,0.5101,-0.92913,-1.0,97.45752,98.7701733,1.7187106856085388,95.33275192878291,102.20759467121708,97.83898860997743,1.3811066382419597,-0.007008366094745464
2013-08-15,0.170197,2.609678,-1.106284,-0.825203,-0.825204,1.490311,2.004363,2.386589,2.258562,1.457986,0.22197,-1.0,96.653297,98.83627205,1.6008788393391482,95.63451437132171,102.0380297286783,97.72606559950339,1.1270502997424643,-0.008286272904060372
2013-08-16,0.810216,1.801543,-0.066731,-0.803705,-0.803699,1.503848,2.480536,2.948453,2.896275,2.321735,1.27849,-1.0,95.876495,98.65334240000001,1.7213232275962185,95.21069594480758,102.09598885519245,97.5499160185983,0.8531923217187369,-0.008069465064391112
2013-08-19,0.612616,1.646407,-0.114868,-0.41941,-0.419409,1.305634,2.673635,3.09977,3.137957,2.770883,1.919397,0.0,95.47438,98.47032505,1.8567130439351414,94.75689896212971,102.18375113787029,97.35224592158893,0.5968306885466461,-0.004202913542248221
2013-08-20,-1.40151,0.587124,-1.40151,1.081647,1.081643,-0.117421,1.654359,1.673587,2.008013,1.74705,1.071797,1.0,96.507072,98.44494625,1.8809679537479445,94.68301034250412,102.20688215749588,97.27175316715189,0.47155605641982845,0.010758351389882822
2013-08-21,0.850453,1.462014,-0.735791,-0.899617,-0.899625,0.408989,1.883407,2.394748,2.863058,2.70107,2.085982,-1.0,95.63887,98.37706675000001,1.95887410454225,94.45931854091552,102.2948149590845,97.11624048456599,0.2987742784695371,-0.009036963253605007
2013-08-22,-0.272839,1.00668,-1.3736,1.567128,1.567132,-1.040546,-0.028149,0.650309,1.146906,1.190825,0.619978,1.0,97.137657,98.2517345,1.953709767855004,94.34431496428999,102.15915403571,97.11828015270257,0.2795604606626796,0.01554978941944152
2013-08-23,0.549244,0.852275,-0.710227,-0.64917,-0.649166,-0.263257,0.288683,1.119533,1.641027,1.72651,1.333762,-1.0,96.507072,98.09077864999999,1.9584412536582638,94.17389614268346,102.00766115731652,97.06006985244518,0.21101794858422807,-0.006512826165836409
2013-08-26,-2.619783,2.197802,-2.637363,7.717805,7.717804,-5.777584,-6.368352,-5.727677,-5.427911,-5.376542,-5.640771,1.0,103.955299,98.3126979,2.342379857787619,93.62793818442476,102.99745761557524,97.7167583426885,0.7490723456898962,0.07434469880192328
2013-08-27,2.35499,3.216349,-0.503982,-4.061541,-4.061551,-1.141749,-2.245017,-1.469794,-1.496845,-1.261631,-1.477061,-1.0,99.733101,98.24025144999999,2.270261207661738,93.69972903467651,102.78077386532347,97.90879097671817,0.8252749833574171,-0.04146336155169959
2013-08-28,-0.54945,0.824177,-0.82417,0.064144,0.064143,-0.371787,-2.073249,-1.698413,-1.496715,-1.212672,-1.377075,0.0,99.797073,98.30339535,2.2962805228762373,93.71083430424753,102.89595639575248,98.08862735988787,0.8806762409789002,0.0006412263459656211
2013-08-29,-0.101048,2.425132,-0.330701,-0.311352,-0.311346,0.411536,-1.482637,-1.45503,-1.19152,-0.910492,-0.929841,0.0,99.486359,98.3009589,2.2949303170531046,93.71109826589378,102.89081953410621,98.22174465894616,0.8892592862267321,-0.0031183149412940627
2013-08-30,0.266202,0.816963,-0.844506,0.07349,0.073489,0.950979,-1.185056,-1.540389,-1.247777,-0.989957,-1.001777,0.0,99.559471,98.31719045,2.3030168723821567,93.71115670523568,102.92322419476432,98.34914716761796,0.8916821816633274,0.0007346248176920555
2013-09-03,-0.432396,0.873796,-0.90082,1.900128,1.900141,-1.42511,-2.438531,-3.179903,-2.906886,-2.75994,-2.771693,1.0,101.451241,98.50216895,2.4016657297038333,93.69883749059233,103.30550040940767,98.64458467546386,1.034329268610378,0.018823134717507267
2013-09-04,-1.504156,0.15042,-2.495134,1.810643,1.810629,-2.48982,-3.517072,-4.569685,-4.268263,-4.407722,-4.29837,1.0,103.288147,98.8795371,2.53423062037574,93.81107585924852,103.94799834075147,99.08682870637206,1.2808363906502507,0.017944327252508017
2013-09-05,-0.035421,0.309926,-0.991767,-0.079629,-0.079619,-1.751532,-2.706993,-4.122322,-4.14683,-4.150488,-4.02156,0.0,103.20591,98.92613595,2.607441999105045,93.71125195178992,104.14101994821009,99.47912216290806,1.4528121085943013,-0.0007965072268182172
2013-09-06,1.828663,1.828663,-0.91884,-1.700166,-1.700163,0.335098,-0.599056,-2.148765,-2.438944,-2.417155,-2.302177,-1.0,101.451241,98.97690235,2.6479535893998056,93.6809951712004,104.27280952879961,99.66694300453585,1.4310210601619389,-0.01714782002568999
2013-09-09,-0.295515,0.259695,-1.083549,0.594537,0.594536,0.231037,-0.642971,-2.323517,-2.902821,-2.883379,-2.803548,1.0,102.054405,99.09194790000001,2.7321162456880836,93.62771540862384,104.55618039137617,99.8943203374372,1.4457560158327425,0.005927754615491039
2013-09-10,1.043537,1.295425,-0.665712,-0.456697,-0.456697,0.717878,-0.420126,-1.474162,-2.303446,-2.286749,-2.289651,0.0,101.588326,99.24829365,2.7831274663410683,93.68203871731785,104.81454858268214,100.05565421006222,1.4036445535710271,-0.00457742647152001
2013-09-11,0.232207,0.821647,-0.52693,0.728677,0.728668,-0.198261,-0.886843,-1.807627,-2.805661,-2.736089,-2.959137,1.0,102.328568,99.4575752,2.852150368704285,93.75327446259142,105.16187593740857,100.2721221900563,1.4137059372284142,0.007260264091690673
2013-09-12,-1.092894,0.193902,-1.322052,1.330712,1.330722,-1.415479,-1.812979,-2.579477,-3.781516,-3.958766,-4.06777,1.0,103.690277,99.76921304999999,2.960562300093146,93.8480884498137,105.69033765018628,100.59766074338427,1.5141045376753368,0.013219458931479435
2013-09-13,-0.947329,0.13906,-1.555711,1.410188,1.410195,-2.082399,-2.639502,-3.426051,-4.715378,-5.114882,-5.223717,1.0,105.152512,100.1941738,3.0966263093510413,94.00092118129791,106.38742641870209,101.03145610115719,1.6921551843198017,0.01400344155370564
2013-09-16,-0.827787,0.0,-1.510493,1.842519,1.842504,-2.913461,-3.697726,-4.514422,-5.915685,-6.557485,-6.693879,1.0,107.089951,100.7548466,3.2832518275124256,94.18834294497515,107.32135025502484,101.60845561533269,1.96692327289513,0.018257353308854123
2013-09-17,1.356606,1.356606,-0.345633,-1.23741,-1.237425,-0.907271,-2.083283,-3.203998,-4.250399,-5.110504,-5.272274,-1.0,105.764793,101.26936725,3.2178508202479623,94.83366560950408,107.70506889049592,102.00429727101529,2.054071726646228,-0.012451450185613992
2013-09-18,-1.642275,0.331864,-2.135802,1.546698,1.546729,-1.472098,-3.191805,-4.202416,-5.20168,-6.211039,-6.353256,1.0,107.400688,101.81404805,3.290471160787212,95.23310572842557,108.39499037157442,102.51823924520431,2.2294409513612408,0.015348893345275491
2013-09-19,0.571768,0.571768,-1.297146,-0.28931,-0.289325,-0.551286,-2.548213,-3.470442,-4.391961,-5.579109,-5.931621,0.0,107.089951,102.38660209999999,3.152799707567057,96.08100268486588,108.6922015151341,102.95364036470866,2.316643620851792,-0.00289744315966138
2013-09-20,0.256743,0.650409,-0.667521,-0.28162,-0.281631,0.035954,-1.7732,-2.741963,-3.670078,-4.932808,-5.46766,0.0,106.788353,102.86913689999999,3.043802708034109,96.78153148393177,108.9567423160682,103.31885109187927,2.334505203833274,-0.002820278581491482
2013-09-23,0.730114,1.260319,-0.017387,-1.540432,-1.54042,1.230763,0.057364,-0.866292,-1.752286,-3.092921,-3.817809,-1.0,105.143364,103.3009515,2.6852121911487066,97.93052711770258,108.67137588229741,103.492614225986,2.190671079914665,-0.015524075958007486
2013-09-24,0.357208,1.481098,-0.165537,-0.234684,-0.23468,1.30336,0.608116,-0.414129,-1.476308,-2.505668,-3.387064,0.0,104.896614,103.34801725,2.7054583246804085,97.93710060063918,108.75893389936081,103.62632849017781,2.0333318537116014,-0.0023495537931667388
2013-09-25,2.062589,2.062589,-0.071125,-2.00383,-2.003839,2.478662,2.710706,1.590211,0.687234,-0.267425,-1.260668,-1.0,102.794655,103.50109495,2.573555034797843,98.35398488040431,108.64820501959568,103.54712149111327,1.7192108661882628,-0.020241879015053522
2013-09-26,0.691182,1.089946,-0.265835,0.328943,0.328957,1.375269,2.319886,1.252393,0.518823,-0.303775,-1.400983,0.0,103.132805,103.66788154999999,2.4246543791460624,98.81857279170787,108.51719030829211,103.50766277767391,1.48048746153394,0.0032841691334790234
2013-09-27,-0.671439,0.954143,-0.901143,0.301288,0.301277,0.424069,1.847336,1.076657,0.408164,-0.359396,-1.478341,0.0,103.44352,103.86573960000001,2.2181343442999375,99.42947091140013,108.3020082885999,103.50155394170497,1.3013681848214702,0.0030082366342570163
2013-09-30,0.142963,1.206218,-0.375266,-1.122011,-1.122008,1.004292,2.53306,2.238506,1.680667,0.997141,-0.151596,-1.0,102.282875,104.00190979999999,2.0140682060933015,99.9737733878134,108.03004621218659,103.3854892805902,1.0536150969718676,-0.011283504133460215
2013-10-01,-2.260433,0.026182,-2.478621,2.376701,2.376712,-1.375467,0.052355,0.063991,-0.524099,-1.318567,-2.175494,1.0,104.713844,104.16503995000001,1.9268416221231583,100.3113567057537,108.01872319424632,103.51199925386733,1.0414229956997048,0.02348907540123119
2013-10-02,0.725278,0.725278,-0.583757,-1.326588,-1.326589,0.053067,1.003001,1.473548,0.815049,0.147172,-0.640376,-1.0,103.324722,104.16686869999998,1.9259827323784484,100.31490323524308,108.01883416475688,103.49416332492758,0.9091895602790743,-0.013354664686787475
2013-10-03,1.682861,1.745856,-0.944927,-1.715899,-1.715908,1.488482,2.221022,3.104751,2.4937,1.964721,1.288394,-1.0,101.551765,104.08416145000001,2.0033826154988303,100.07739621900235,108.09092668099767,103.3091730082678,0.6537942640346444,-0.017308001378574717
2013-10-04,-1.92189,0.513678,-2.479854,1.610872,1.610875,-0.170048,0.251525,1.343248,0.952967,0.491714,-0.121932,1.0,103.187637,104.17098125,1.9191284839129548,100.33272428217408,108.00923821782591,103.29759815033754,0.576744499010843,0.015980380883617095
2013-10-07,1.134095,1.35184,-0.127018,-2.382431,-2.382438,1.957911,2.260032,3.395637,3.35103,2.990751,2.455395,-1.0,100.729256,104.10472379999999,2.016456053501682,100.07181169299662,108.13763590700336,103.05299413601968,0.313695121866715,-0.024112765513950862
2013-10-08,2.236448,2.821085,-0.788788,-2.231899,-2.231893,3.019673,3.943021,5.262928,5.552614,5.22123,4.609003,-1.0,98.481087,103.94936185000002,2.3177358684112503,99.31389011317752,108.58483358682251,102.6175744087797,-0.07531368497687652,-0.02257176425625866
2013-10-09,1.740683,2.013548,-0.489271,-1.373425,-1.373431,3.178403,4.807121,6.023717,6.754805,6.432826,5.976357,-1.0,97.128517,103.6893593,2.758823326615937,98.17171264676813,109.20700595323189,102.09480703651496,-0.48713171102269825,-0.01382950048903194
2013-10-10,-2.50182,0.063683,-2.665575,3.424914,3.424922,-0.456697,1.06987,2.072416,3.058588,2.798763,2.488779,1.0,100.455093,103.5276001,2.8520368869281145,97.82352632614378,109.23167387385622,101.93864379494211,-0.5388619170583411,0.033675772716943025
2013-10-11,-0.802596,0.559115,-1.109203,0.882461,0.882459,-1.691768,-0.021641,0.821236,1.969069,1.895212,1.653291,1.0,101.341568,103.3370529,2.8650379499138565,97.6069770001723,109.06712879982771,101.88177943351906,-0.5025344497978494,0.008785880776974295
2013-10-14,-1.398104,0.098584,-1.783479,0.622241,0.622244,-2.055929,-0.670374,-0.009564,1.087555,1.26187,1.103538,1.0,101.97216,103.08116335,2.7379353138911044,97.60529272221778,108.55703397778221,101.89038710651724,-0.4180422352798274,0.006203162258243398
2013-10-15,0.161523,0.610195,-0.493542,-0.125471,-0.125477,-1.272432,-0.827349,-0.083749,1.022077,1.39914,1.243421,0.0,101.844208,102.8851341,2.675317462523798,97.5344991749524,108.2357690250476,101.88598909637274,-0.3572876143864505,-0.0012555617398599746
2013-10-16,-1.627582,0.498774,-1.688835,2.548454,2.54846,-2.325867,-3.185161,-2.46179,-1.630208,-1.039903,-1.235855,1.0,104.439667,102.73708305,2.487623154588645,97.7618367408227,107.71232935917729,102.12919651576581,-0.09857102406387241,0.025165282279576137
2013-10-17,-1.881744,0.103585,-1.907638,1.373818,1.373799,-2.625795,-4.088893,-3.610974,-3.0207,-2.298473,-2.490272,1.0,105.874458,102.6763084,2.3885571646890833,97.89919407062183,107.45342272937816,102.48588808569288,0.21970673785909867,0.013644478322428483
2013-10-18,0.896275,0.939786,-0.991994,-0.802762,-0.802742,-1.136447,-3.137839,-2.730597,-2.319877,-1.512708,-1.587774,-1.0,105.024559,102.5881187,2.257720355568897,98.0726779888622,107.1035594111378,102.72766626800784,0.3987676654299861,-0.008059815668331334
2013-10-21,1.161563,1.61035,-0.774373,-1.113817,-1.11382,0.339666,-1.745866,-1.534084,-1.281679,-0.527984,-0.421507,-1.0,103.854774,102.52368919999999,2.198574140467236,98.12654091906552,106.92083748093447,102.8350098615309,0.44119702275271777,-0.01120069863161174
2013-10-22,-1.574737,0.37002,-2.418034,2.261528,2.261518,-1.058424,-3.191629,-3.618154,-3.403313,-2.71129,-2.478837,1.0,106.203468,102.58903189999998,2.2903164951722323,98.00839890965551,107.16966489034445,103.15581539852796,0.656771715552523,0.022363244227114942
2013-10-23,-0.631102,0.414977,-1.35731,-0.464677,-0.464659,-0.356197,-1.927907,-3.017789,-2.814479,-2.321094,-1.916955,0.0,105.709984,102.73479835,2.394495302337726,97.94580774532456,107.52378895467545,103.39906955104911,0.7788184439221482,-0.0046574192188224015
2013-10-24,0.068849,1.14458,-0.387261,0.458199,0.458182,-0.750422,-1.83476,-3.168666,-3.113588,-2.800335,-2.285705,0.0,106.194328,102.8878745,2.516052016628641,97.85577046674271,107.91997853325728,103.66528464142539,0.9042008043949608,0.004571354295571945
2013-10-25,0.257912,0.283702,-0.988654,0.103273,0.103268,-0.612097,-1.469214,-3.073122,-3.078995,-2.918833,-2.350402,0.0,106.303993,103.03089815000001,2.6281056380717485,97.77468687385651,108.28710942614352,103.91659019938488,1.000878769957481,0.0010321494232964795
2013-10-28,-1.977524,0.532407,-2.138088,1.727993,1.728004,-1.507652,-2.57247,-4.262657,-4.454492,-4.457027,-3.976732,1.0,108.14093,103.3238009,2.856837523780755,97.61012585243849,109.0374759475615,104.31890827563394,1.2117538738032465,0.017132435737948946
2013-10-29,0.025371,0.093008,-1.327471,-0.05071,-0.050725,-1.109313,-1.945534,-3.621641,-4.250004,-4.290504,-3.856412,0.0,108.086075,103.49241245,3.0370287574341526,97.4183549351317,109.5664699648683,104.6776860589069,1.3587843526134407,-0.0005073834434030762
2013-10-30,1.232035,1.38604,-0.265227,-1.175277,-1.175255,0.273775,-0.556989,-1.87087,-2.9479,-3.001714,-2.731295,-1.0,106.815788,103.66696575,3.12590751171945,97.41515072656111,109.9187807734389,104.88131481520148,1.3571610143295203,-0.011822157120476903
2013-10-31,0.835201,1.300158,-0.215257,-0.633126,-0.633111,0.902337,0.10158,-0.888604,-2.113418,-2.270383,-2.141401,-1.0,106.139526,103.8963538,3.1308461954531124,97.63466140909378,110.15804619090622,105.00114445184896,1.2864761194993406,-0.006351231726119909
2013-11-01,-1.364902,0.05055,-1.794594,2.195629,2.195607,-0.866123,-1.731404,-2.579833,-3.972958,-4.184684,-4.192155,1.0,108.469933,104.16046860000002,3.2868315789283438,97.58680544214333,110.7341317578567,105.33150526595858,1.4023369327292556,0.02171850777973665
2013-11-04,1.236361,2.063436,-0.332538,-1.187971,-1.187956,0.146647,-0.239612,-1.084599,-2.517494,-2.849945,-2.976935,-1.0,107.181358,104.4830737,3.2487491243496125,97.98557545130078,110.98057194869924,105.50768171681968,1.374337718789974,-0.011950685108884977
2013-11-05,1.033527,1.502522,-0.251868,-1.824693,-1.824704,1.464309,1.521623,0.968092,-0.385187,-1.024843,-1.163225,-1.0,105.225616,104.82030015000001,2.92706191593843,98.96617631812315,110.67442398187687,105.4808183152178,1.1807254375692793,-0.018415565499123612
2013-11-06,2.576545,2.611841,-0.211776,-1.571997,-1.571997,2.458311,2.936552,2.524774,1.516804,0.565423,0.440302,-1.0,103.571472,105.14244790000001,2.329519918917264,100.48340806216548,109.80148773783453,105.29897580900658,0.883624836184751,-0.015844843651999868
2013-11-07,2.819062,3.800776,-0.342247,-2.029474,-2.029469,3.660271,4.603254,4.359175,3.669721,2.645403,2.466293,-1.0,101.469521,105.1931693,2.231051685520862,100.73106592895827,109.65527267104171,104.93426582719643,0.473106908191923,-0.020503457436844928
2013-11-08,-1.589961,0.671321,-1.713631,1.963433,1.963426,0.696057,2.314286,2.248918,1.775903,0.679445,0.493773,1.0,103.4618,105.29918090000001,2.083926945102668,101.13132700979467,109.46703479020535,104.79403098651105,0.30501276052584103,0.019443994779475175
2013-11-11,-0.150215,0.715742,-1.32544,-0.035333,-0.035337,0.005308,1.894502,2.257375,1.882128,0.819302,0.566114,0.0,103.42524,105.3718349,1.9848013700342906,101.40223215993142,109.34143764006858,104.66366994017666,0.16692267035412556,-0.00035342958534819596
2013-11-12,-0.479107,0.212934,-1.117915,-0.406467,0.008874,-0.34991,1.43574,2.069828,1.949958,1.00191,0.515959,0.0,103.434418,105.45134540000001,1.8642380607793267,101.72286927844135,109.17982152155867,104.5465983268265,0.057562324261127173,8.873649018624568e-05
2013-11-13,-1.744029,0.387565,-2.36061,0.727531,0.727546,-0.951525,0.450759,1.235131,1.201454,0.543374,-0.182473,1.0,104.186951,105.4387096,1.872295159799991,101.69411928040002,109.18329991959997,104.51234620046208,0.031256283028596954,0.007249121793912464
2013-11-14,-1.204408,1.169741,-1.550993,1.655954,1.65594,-1.726049,-1.20701,-0.431711,-0.445299,-0.888342,-1.67123,1.0,105.912224,105.44059789999999,1.8727767457380384,101.69504440852391,109.18615139147606,104.64566789565616,0.1479185551908131,0.01642378444548619
2013-11-15,0.017392,0.56531,-1.113242,-0.372586,-0.372573,-0.968874,-1.11735,-0.109042,-0.049634,-0.359391,-1.229909,0.0,105.517624,105.46525115,1.8702554152507842,101.72474031949844,109.20576198050156,104.7287113341651,0.20615687605649669,-0.003732684499316171
2013-11-18,0.405069,1.456522,-0.241316,0.913199,0.913205,-1.291053,-2.077933,-1.116909,-0.830797,-1.091696,-1.943658,1.0,106.481216,105.59657324999998,1.8432364141999085,101.91010042160016,109.28304607839979,104.89561654043509,0.3263035619078636,0.009090602909453602
2013-11-19,0.216525,0.614931,-0.701539,-0.491252,-0.491255,-0.327388,-1.525379,-0.76263,-0.352796,-0.448102,-1.224354,0.0,105.958122,105.58430595,1.8397979812165501,101.9047099875669,109.2639019124331,104.99680753658411,0.37498872533092253,-0.004924653429128706
2013-11-20,-0.173068,0.9865,-0.579785,0.086609,0.086599,-0.062299,-1.376882,-0.896642,-0.42299,-0.473504,-1.029405,0.0,106.049881,105.60130079999999,1.8425877723645772,101.91612525527084,109.28647634472914,105.09710024738563,0.41617880236802307,0.0008656183203568322
2013-11-21,3.17149,3.679285,-1.336303,-2.864311,-2.864317,2.321614,1.681061,1.823311,2.358867,2.350173,1.971767,-1.0,103.012276,105.4421982,1.9242573370827822,101.59368352583444,109.29071287416558,104.89854555715841,0.20139138349544794,-0.029061393304099663
2013-11-22,-0.017692,0.41582,-0.707773,0.694877,0.694873,1.27047,1.005053,0.815889,1.528344,1.593882,1.344773,1.0,103.728081,105.31340259999999,1.9495789161206736,101.41424476775865,109.21256043224133,104.78707274219094,0.08791683727339716,0.00692470372706161
2013-11-25,-0.535276,0.070202,-1.316251,0.82279,0.822796,0.080732,0.291336,-0.172578,0.529618,0.792591,0.600887,1.0,104.581551,105.13543365000001,1.8370963599179597,101.4612409301641,108.80962636983593,104.76749924293466,0.06609345391112242,0.008194290080775381
2013-11-26,0.351898,0.932528,-0.114364,-0.254476,-0.254478,0.021115,0.631661,0.023939,0.605363,0.977343,0.936513,0.0,104.315414,104.9469006,1.707241408454042,101.53241778309192,108.3613834169081,104.72444350551231,0.027011857784998483,-0.002548023079123751
2013-11-27,0.56229,0.931292,-0.87858,0.131963,0.131963,-0.416448,0.524517,-0.051614,0.359676,0.796132,0.803917,0.0,104.453072,104.8287648,1.6519652815188428,101.52483423696232,108.13269536303768,104.69859860022542,0.007065811158710744,0.001318762449141694
2013-11-29,0.096424,0.324329,-0.350633,0.228433,0.228444,-0.322593,0.178814,-0.074236,0.061785,0.508982,0.536503,0.0,104.691689,104.75637295000001,1.6229712808063297,101.51043038838735,108.00231551161268,104.6979405430611,0.010393018945435983,0.0022818367755861033
2013-12-02,-0.157246,0.349438,-0.60278,0.341864,0.341849,-0.410583,-0.207034,-0.313903,-0.441906,0.118799,0.194785,0.0,105.049576,104.58535509999999,1.3718442728738964,101.8416665542522,107.32904364574777,104.73142963419814,0.04143075702397425,0.0034126555624213696
2013-12-03,0.872636,0.899078,-0.431907,-0.891067,-0.891063,0.394892,0.462764,0.626422,0.305863,0.86421,1.103895,-1.0,104.113518,104.4319631,1.230532502408035,101.97089809518394,106.89302810481607,104.67258090713165,-0.009395365644110143,-0.008950568011457624
2013-12-04,-0.291856,0.415673,-0.910939,-0.334947,-0.334947,0.626163,0.589017,0.985825,0.572573,1.036607,1.365337,0.0,103.764793,104.35892195,1.2242833644939968,101.910355221012,106.807488678988,104.58612491597626,-0.07692785074711139,-0.003355091018826578
2013-12-05,-0.449936,0.141159,-1.102779,0.247632,0.247628,0.294669,0.145573,0.725785,0.345785,0.679589,1.060849,0.0,104.021744,104.38143554999999,1.213129916188311,101.95517571762338,106.80769538237661,104.53237435254995,-0.108463731089941,0.00247322213158654
2013-12-06,0.832454,0.832454,-0.814933,0.679316,0.679321,-0.375049,-0.366284,-0.029209,-0.175699,-0.053631,0.332295,1.0,104.728386,104.5443788,1.0018960417578917,102.54058671648423,106.54817088351578,104.55104212849757,-0.07556497373929005,0.006770244398383455
2013-12-09,0.175467,0.298295,-0.412354,-0.122678,-0.122671,-0.338665,-0.160563,0.035087,0.001309,-0.078869,0.40122,0.0,104.599915,104.60128454999999,0.968951142512581,102.66338226497483,106.53918683502515,104.55569668768827,-0.0591768536071271,-0.001227459598309654
2013-12-10,-0.858891,0.131465,-0.858891,0.105277,0.105265,-0.329529,-0.25328,-0.182873,-0.042497,-0.278347,0.186424,0.0,104.710022,104.66552365,0.9286285820619099,102.80826648587617,106.52278081412382,104.57039433647986,-0.03687931386131993,0.0010520953924561512
2013-12-11,1.238385,1.238385,-0.053078,-0.920241,-0.920241,0.59266,0.618313,0.602096,0.900935,0.590826,0.977513,-1.0,103.746437,104.6811246,0.9092767855178611,102.86257102896428,106.49967817103573,104.49192220919608,-0.09585663384552845,-0.009245018051018421
2013-12-12,0.293153,1.145955,-0.204321,-0.424594,-0.424577,0.882997,0.936296,0.853976,1.288523,1.009451,1.294818,0.0,103.305954,104.63707474999998,0.9546831942812812,102.72770836143742,106.54644113856254,104.37897285593931,-0.17610979755004053,-0.004254803940111929
2013-12-13,0.740009,1.016404,-0.757851,-0.364214,-0.364233,0.902287,1.134097,1.217312,1.513915,1.435449,1.561166,0.0,102.92968,104.48794754999999,0.9776823511263288,102.53258284774734,106.44331225225264,104.24094496489747,-0.2669954181441625,-0.0036489757876470787
2013-12-16,0.54406,1.712449,-0.044598,-0.035664,-0.03566,0.606493,0.960578,1.199311,1.422585,1.449521,1.416724,0.0,102.892975,104.3567151,1.0078809855408994,102.3409531289182,106.3724770710818,104.11256687300248,-0.3380874523059987,-0.0003566662803869477
2013-12-17,1.504503,1.729728,-0.954953,-0.998932,-0.998926,1.063062,1.758556,2.04264,2.219367,2.411891,2.266062,-1.0,101.86515,104.1259118,1.0241722420647354,102.07756731587052,106.17425628412947,103.89852717081176,-0.47192522890225064,-0.010039490574319498
2013-12-18,-1.268518,0.017739,-2.678971,1.558561,1.558562,-0.544668,0.166764,0.421059,0.529578,0.840943,0.63952,1.0,103.452782,104.0006448,0.9378564566349709,102.12493188673007,105.87635771326994,103.85607524978207,-0.44475711394031237,0.015465416278463966
2013-12-19,-0.044401,0.079933,-1.492007,-0.115324,-0.115342,-0.424499,0.215824,0.464787,0.514224,0.924351,0.748055,0.0,103.333458,103.86482364999999,0.8139811668176758,102.23686131636464,105.49278598363534,103.80630217837425,-0.4279218202927524,-0.001154080786458487
2013-12-20,-1.429446,0.833118,-1.762696,1.269983,1.270005,-1.345267,-1.048853,-0.798043,-0.668253,-0.389727,-0.414229,1.0,104.645798,103.94649975,0.8058472230926551,102.33480530381469,105.55819419618531,103.88625416138622,-0.30516708230342715,0.012620079933304851
2013-12-23,1.298587,1.34276,-0.600707,-0.72788,-0.727888,-0.431094,-0.392225,-0.145464,0.067581,0.277742,0.329509,-1.0,103.884094,103.9543004,0.8043754006036636,102.34554959879267,105.56305120120732,103.88604843173039,-0.2662767424849761,-0.0073054983186288175
2013-12-24,0.971043,1.033411,-0.044546,-0.83922,-0.839222,0.634299,0.28597,0.62836,0.838308,0.991717,1.165259,-1.0,103.012276,103.87583665,0.8164174425837041,102.24300176483258,105.50867153516741,103.80283200966082,-0.30231934527695614,-0.008427631282892362
2013-12-26,-1.521509,0.104934,-1.670168,1.879734,1.879725,-0.937386,-1.4498,-1.153076,-0.992035,-0.910101,-0.653191,1.0,104.948624,103.90749715,0.8460996605796022,102.21529782884079,105.5996964711592,103.91195505635979,-0.17264610991139762,0.0186227695817004
2013-12-27,-0.199795,0.321399,-0.660182,0.66457,0.664591,-1.153591,-1.878923,-1.703164,-1.589225,-1.579583,-1.263042,1.0,105.646103,103.96714870000001,0.9249677181672536,102.1172132636655,105.81708413633451,104.07711200337314,-0.013443442774132563,0.006623922262155997
2013-12-30,-0.112561,0.025975,-0.952463,0.321399,0.321392,-1.217423,-1.904929,-1.938986,-1.843452,-1.782668,-1.577049,0.0,105.985641,104.03184630000001,1.0188067644708405,101.99423277105834,106.06945982894169,104.25887666971856,0.13852684564136553,0.003208765234467668
2013-12-31,1.604139,1.639196,-0.3594,-1.220881,-1.220875,0.157775,-0.520698,-0.721143,-0.647365,-0.531919,-0.386874,-1.0,104.691689,104.01395195,1.0030110387843518,102.0079298724313,106.01997402756871,104.30009689165013,0.15279199074592498,-0.012283887124883226
2014-01-02,-1.243525,0.336787,-1.502595,1.507715,1.5077,-0.716748,-1.583763,-2.097868,-2.021588,-1.945767,-1.873055,1.0,106.270126,104.12178235000002,1.1230234514315616,101.87573544713689,106.36782925286315,104.48771871149297,0.2881423694945511,0.014964475495879067
2014-01-03,1.074514,1.310387,-0.358175,-1.148534,-1.148535,0.456024,-0.288281,-0.877663,-0.822045,-0.77854,-0.761767,-1.0,105.049576,104.1860215,1.1381720818453749,101.90967733630924,106.46236566369075,104.54122892944602,0.2935366278361329,-0.011551819933457726
2014-01-06,0.872399,1.268942,-0.317237,-0.864854,-0.864859,1.043364,0.659156,0.040544,0.048916,0.075088,0.042894,-1.0,104.141045,104.19198655,1.1375782731211446,101.91683000375771,106.46714309624228,104.50311617426068,0.22194234445319694,-0.008686208856356528
2014-01-07,-2.516534,0.3092,-2.71408,2.599574,2.599601,-1.355333,-1.685146,-2.249721,-2.386856,-2.379814,-2.372256,1.0,106.848297,104.29798210000001,1.2800321115727704,101.73791787685447,106.85804632314556,104.72646672909299,0.37928382220785295,0.025663861153719773
2014-01-08,0.655853,0.880225,-0.457369,-0.472389,-0.472409,-0.576453,-0.98722,-1.569432,-1.841553,-1.867787,-1.826883,0.0,106.343536,104.38516315,1.3586424822828886,101.66787818543422,107.10244811456577,104.88047332632223,0.4579689022468756,-0.004735284049873246
2014-01-09,-1.976615,0.058878,-2.245772,2.597516,2.597524,-2.57381,-2.935487,-3.619033,-4.125243,-4.169234,-4.174169,1.0,109.105835,104.6049538,1.7211582597196677,101.16263728056067,108.04727031943933,105.28288872381535,0.7347520743316096,0.02564361509483458
2014-01-10,0.856006,0.856006,-1.517079,-0.757003,-0.75699,-1.234014,-1.887459,-2.586673,-3.184605,-3.271477,-3.321199,-1.0,108.279915,104.83162770000001,1.8921721982923974,101.04728330341521,108.61597209658481,105.5683197977377,0.8773463877959244,-0.007598694707992658
2014-01-13,1.649483,2.001719,-0.395189,-1.347568,-1.347581,0.616839,-0.437287,-1.038376,-1.697598,-1.845364,-1.926694,-1.0,106.820755,105.00736775,1.9061845716823542,101.1949986066353,108.8197368933647,105.68759934081031,0.8626671019027725,-0.01356743689249828
2014-01-14,-0.747541,0.186885,-1.27421,1.13402,1.134023,-0.292222,-1.364258,-1.939069,-2.563716,-2.823655,-2.923327,1.0,108.032127,105.2624901,1.9543189238958019,101.35385225220838,109.1711279477916,105.91088768930457,0.9379689365801909,0.011276412258905867
2014-01-15,-0.075946,0.371272,-0.93663,0.671085,0.671067,-0.513024,-1.647952,-2.294029,-2.943623,-3.318529,-3.456801,1.0,108.757095,105.5556961,2.0189386620189755,101.51781877596206,109.59357342403796,106.18195505222795,1.0441092009390616,0.006688254109624779
2014-01-16,-0.176425,0.554485,-0.688902,0.438779,0.438801,-0.924141,-1.806274,-2.341153,-3.030336,-3.575241,-3.722319,0.0,109.234322,105.92415469999999,1.9820653276258118,101.96002404474837,109.88828535525161,106.47265666630148,1.1534382376767667,0.004378408736967061
2014-01-17,-0.201425,0.335712,-0.704997,0.100817,0.100799,-0.829199,-1.512371,-2.171484,-2.858574,-3.467555,-3.649175,0.0,109.344429,106.21873705,2.0326039086905445,102.15352923261891,110.2839448673811,106.74615879332038,1.2347337594778054,0.001007481365957533
2014-01-21,0.595387,0.628931,-0.570231,0.083926,0.083938,-0.434385,-1.111112,-2.022643,-2.661218,-3.324448,-3.565062,0.0,109.436211,106.52387470000001,2.0347406152610774,102.45439346947785,110.59335593052216,107.00235424157559,1.291677433145523,0.0008390322414666985
2014-01-22,-3.650399,0.072362,-3.851412,4.293504,4.293502,-3.463862,-4.543703,-5.580126,-6.252717,-6.911638,-7.260329,1.0,114.134857,106.99832765000001,2.6012242613716885,101.79587912725663,112.20077617274339,107.68164021856839,1.696392215271004,0.04203887382917722
2014-01-23,-0.485435,0.501621,-1.618123,-0.619124,-0.619129,-2.03883,-3.324428,-4.47842,-5.247972,-5.96019,-6.423135,-1.0,113.428215,107.4755337,2.862198946014758,101.75113580797048,113.19993159202951,108.22893305489521,1.9377740392693568,-0.006210535524041075
2014-01-24,2.783134,2.783134,-0.25149,-3.487053,-3.487057,1.544141,0.202037,-0.832139,-1.529459,-2.28451,-2.897135,-1.0,109.472908,107.79856529999999,2.6914417954784065,102.41568170904318,113.1814488909568,108.3474068591909,1.789284892381815,-0.03549306675033398
2014-01-27,0.615932,1.105303,-0.928113,-0.645489,-0.645488,2.097543,0.897747,0.039947,-0.714215,-1.45426,-2.112433,-1.0,108.766273,107.98944775,2.6129121726266153,102.76362340474677,113.21527209525323,108.38729887260129,1.596186787072412,-0.006475807563234745
2014-01-28,-1.913834,0.96935,-1.980115,1.839352,1.839346,0.493796,-0.568339,-1.368116,-2.27629,-2.965685,-3.655882,1.0,110.766861,108.24548565,2.6220777421786168,103.00133016564277,113.48964113435724,108.61392383711546,1.5863000004388539,0.01822634557372381
2014-01-29,-1.820926,1.669888,-1.820926,-1.267605,-1.267589,0.911294,0.829901,0.051464,-0.867251,-1.547372,-2.222877,-1.0,109.362793,108.41434325,2.5772462060483052,103.25985083790339,113.56883566209662,108.68524470977113,1.4484710251511501,-0.012756909537533211
2014-01-30,-0.678302,0.901649,-1.108442,1.443317,1.443311,-0.972788,-0.407808,-1.095759,-1.996027,-2.693686,-3.372209,1.0,110.941238,108.7268207,2.479133564718703,103.7685535705626,113.6850878294374,108.90010121360244,1.4498944088983734,0.014329942157843502
2014-01-31,-0.336271,1.05927,-0.714585,-1.604766,-1.604761,0.585114,1.209748,0.520666,-0.265239,-0.881379,-1.573491,-1.0,109.160896,108.8713592,2.41171708168791,104.04792503662418,113.69479336337582,108.92493881230698,1.2924649983425098,-0.016177769808671312
2014-02-03,2.509636,3.211991,-0.239828,-1.849514,-1.849505,2.177289,2.911335,2.344027,1.711765,1.068254,0.39599,-1.0,107.14196,108.9759784,2.2789320858334823,104.41811422833304,113.53384257166697,108.75513130637297,0.9933391980683552,-0.01866821983464617
2014-02-04,1.649683,1.684232,-0.060459,-0.830836,-0.830843,2.183451,3.473824,3.165769,2.663237,1.93781,1.328666,-1.0,106.251778,109.08151504999998,2.0837595670483626,104.91399591590326,113.2490341840967,108.51671670576603,0.6766496030037814,-0.008343142324493425
2014-02-05,0.312853,1.6251,-0.434518,-0.613231,-0.613236,2.101332,3.304074,3.648792,3.237595,2.552186,1.98401,-1.0,105.600204,109.0191104,2.1710220936743347,104.67706621265134,113.36115458734866,108.23895359093117,0.3688424546995748,-0.006151238693682489
2014-02-06,-0.387694,0.646162,-0.852932,0.869036,0.869028,0.391153,1.76532,2.615671,2.356345,1.737236,1.187798,1.0,106.517899,109.02782855000001,2.1600346204338816,104.70775930913224,113.34789779086778,108.0750436298901,0.19668611395184143,0.008652733667240169
2014-02-07,-2.068965,0.117745,-2.598826,2.438186,2.438195,-2.006729,-0.689659,0.165962,-0.079481,-0.579986,-1.034204,1.0,109.115013,109.02828745000002,2.160053040019862,104.7081813699603,113.34839353003974,108.17408833180534,0.2667415379933544,0.024089454315595484
2014-02-10,-0.515381,0.049874,-1.995013,1.177461,1.177464,-2.556946,-1.697429,-0.936,-1.146307,-1.543148,-2.021341,1.0,110.399803,109.13428185000001,2.173368122252305,104.7875456054954,113.48101809450462,108.38606115734768,0.42107884699460385,0.011705858349800558
2014-02-11,-1.022763,0.00825,-1.971297,0.781376,1.29501,-2.805171,-2.859159,-2.059813,-2.186161,-2.526867,-3.089642,1.0,111.829491,109.38471865,2.181313280937792,105.02209208812441,113.74734521187558,108.7140068566479,0.6512489569301181,0.012866960057163467
2014-02-12,-1.047377,0.270029,-1.09647,0.800067,0.800063,-2.31265,-3.331981,-2.920605,-2.7544,-3.092018,-3.659568,1.0,112.724197,109.61932214999999,2.2783449717600406,105.0626322064799,114.17601209352007,109.09592972744333,0.8955325820142832,0.007968791272782404
2014-02-13,-2.013693,0.008056,-2.360049,1.587434,1.58742,-2.442663,-4.53057,-4.374393,-4.022627,-4.320933,-4.879095,1.0,114.513603,109.90714754999999,2.5150069640933,104.87713362181339,114.9371614781866,109.61189861054397,1.2194620252339234,0.015749518680109
2014-02-14,-0.242244,0.371453,-1.065891,-0.249703,-0.249688,-1.303294,-3.848029,-3.857527,-3.563813,-3.90208,-4.408782,0.0,114.227676,110.15681525000002,2.686687779025942,104.78343969194813,115.53019080805191,110.05149645715883,1.4365469049617445,-0.00250000481042053
2014-02-18,-0.080043,1.104529,-0.296144,0.888248,0.888256,-1.33185,-3.991687,-4.329366,-4.156981,-4.506499,-4.95558,1.0,115.24231,110.45170929999999,2.9074366412607016,104.63683601747859,116.2665825825214,110.54585965171513,1.6711962106748643,0.008843340517900646
2014-02-19,1.216052,1.25659,-0.178355,-1.272614,-1.272615,0.282118,-2.092826,-2.91985,-2.730841,-3.031054,-3.448168,-1.0,113.775719,110.6686847,2.9884585521482254,104.69176759570355,116.64560180429645,110.85346530393275,1.7190002740036618,-0.01280782176568846
2014-02-20,-0.11337,0.664021,-0.477768,0.113498,0.1135,0.375733,-1.474737,-2.764071,-2.851213,-2.934756,-3.351126,0.0,113.904854,110.65718454999998,2.9748295138786327,104.70752552224272,116.60684357775725,111.14407375117725,1.7471652207825912,0.00113435250224089
2014-02-21,-0.080741,1.332258,-0.476379,0.291522,0.291519,0.035527,-1.08542,-2.854379,-3.098201,-3.025022,-3.401735,0.0,114.236908,110.69761919999999,3.0196349823104245,104.65834923537915,116.73688916462083,111.43862939392227,1.7758096979366513,0.0029109465234570826
2014-02-24,-1.112968,0.635977,-1.264015,1.566413,1.566405,-1.197227,-2.015261,-3.958129,-4.310256,-4.286462,-4.6927,1.0,116.026321,111.02528985000001,3.228112511522835,104.56906482695433,117.48151487304568,111.8755524040249,1.9207600011435488,0.015542638141035646
2014-02-25,0.788031,1.495658,-0.273403,-1.136815,-1.136817,-0.154385,-0.513023,-2.414064,-2.950964,-2.998851,-3.409994,-1.0,114.707314,111.3223419,3.2821915308490803,104.75795883830183,117.88672496169816,112.14524398459395,1.907216119027666,-0.01143328209036325
2014-02-26,1.674053,1.944856,-0.098476,-2.010293,-2.010281,1.649428,1.578853,-0.047327,-0.887273,-0.903331,-1.262932,-1.0,112.401375,111.4040676,3.28797662350981,104.82811435298038,117.98002084701963,112.16963741463262,1.6909206088909627,-0.020307617968477645
2014-02-27,-0.885606,0.666233,-1.064352,1.00115,1.001156,0.575224,0.642658,-0.57262,-1.686322,-1.907037,-2.080316,1.0,113.526688,111.61226235000001,3.2837464927918494,105.04476936441631,118.1797553355837,112.29888032752474,1.5919571225002045,0.009961775364212529
2014-02-28,0.193521,2.362522,-0.685373,0.763727,0.763714,-0.159647,-0.130619,-0.867217,-2.280564,-2.616748,-2.658229,1.0,114.393707,111.78488579999998,3.336930618511693,105.1110245629766,118.45874703702337,112.49838762966525,1.5654435747866415,0.007608122846337669
2014-03-03,-0.646781,0.39615,-0.945917,-0.266082,-0.266083,-0.232838,0.123699,-0.31207,-1.803865,-2.195084,-2.25668,0.0,114.089325,112.03130724999998,3.3148601624713083,105.40158692505737,118.6610275749426,112.64990547445903,1.502549854215772,-0.002664374482430206
2014-03-04,-0.539683,0.047617,-1.182538,1.867571,1.867564,-1.801578,-1.627769,-1.805813,-3.213565,-3.731627,-3.851433,1.0,116.220016,112.48521005,3.2305830454899493,106.0240439590201,118.94637614097991,112.98991600070103,1.6061207243757423,0.0185033901079141
2014-03-05,-0.007926,0.760758,-0.633967,0.150795,0.150796,-1.26317,-1.55083,-1.692152,-2.923561,-3.683154,-3.796908,0.0,116.395271,112.9923847,2.9875623619215195,107.01725997615696,118.96750942384304,113.31423552444379,1.6829430787816904,0.0015068230073797904
2014-03-06,2.013044,2.60085,-0.056364,-1.584912,-1.584913,0.505679,0.090996,-0.002678,-0.969535,-1.950881,-2.235523,-1.0,114.550507,113.43989984999999,2.4426372920714745,108.55462526585704,118.32517443414294,113.43197566497295,1.5767920336150496,-0.015976072419715763
2014-03-07,2.49468,2.977262,-1.635858,-1.55407,-1.554073,1.804355,1.540986,1.472827,0.870984,-0.338195,-0.711655,-1.0,112.770309,113.75252034999998,1.8345038978074775,110.08351255438502,117.42152814561494,113.36895979211839,1.3336460234860397,-0.01566274857365859
2014-03-10,-2.503987,0.558211,-2.511963,2.568297,2.568313,-0.4721,-1.032702,-0.98512,-1.371617,-2.608747,-3.019344,1.0,115.666603,114.08009984999998,1.5209719514294717,111.03815594714104,117.12204375285893,113.58778295477377,1.3589921634306847,0.02535885451542956
2014-03-11,0.949545,1.070251,-0.42649,-0.90112,-0.901129,0.154504,-0.140012,-0.120699,-0.290491,-1.462038,-1.967122,-1.0,114.624298,114.29132460000001,1.2526394593178254,111.78604568136436,116.79660351863566,113.68649867336674,1.2802163224935441,-0.009052134606875765
2014-03-12,-2.38133,0.015873,-2.38133,1.376041,1.376055,-1.238304,-1.168452,-1.337261,-1.455799,-2.457067,-3.141898,1.0,116.201591,114.5099296,1.179780015402993,112.15036956919403,116.86948963080599,113.92603127590324,1.3297319420157976,0.013666729995130978
2014-03-13,1.782832,1.928041,-0.524364,-1.603432,-1.603444,0.333982,0.513069,0.295797,0.220638,-0.561839,-1.418471,-1.0,114.338364,114.59063795,1.1039654335584914,112.38270708288302,116.79856881711699,113.96530105915056,1.2047390975729257,-0.01616437870471802
2014-03-14,0.701812,1.934065,-0.146891,-1.145529,-1.145533,1.54236,1.557045,1.386762,1.31631,0.820866,-0.214542,-1.0,113.02858,114.5163868,1.1580355389841939,112.20031572203162,116.8324578779684,113.87608952970766,0.9885968166268242,-0.011521450442496483
2014-03-17,-0.597447,1.170674,-1.057644,1.077199,1.0772,0.211532,0.488456,0.202382,0.237369,-0.073951,-1.129605,1.0,114.246124,114.51730919999997,1.157800794611328,112.20170761077732,116.83291078922262,113.91133090783075,0.9051145302260153,0.010714396509715026
2014-03-18,-2.329961,0.007847,-2.479017,2.914581,2.914581,-2.124418,-2.242095,-2.472735,-2.502154,-2.65976,-3.633846,1.0,117.57592,114.6339897,1.3382380011028865,111.95751369779423,117.31046570220578,114.26033939279924,1.0950182371174009,0.028729148996106364
2014-03-19,1.113917,1.113917,-0.679413,-0.698203,-0.6982,-1.341447,-1.523939,-1.538422,-1.689051,-1.806605,-2.656422,-1.0,116.755005,114.78295399999999,1.4019724462189789,111.97900910756204,117.58689889243794,114.49792659348503,1.1658382554839477,-0.007006487584027599
2014-03-20,-0.700511,0.039351,-1.42464,0.371307,0.371312,-1.219998,-1.66313,-1.694352,-1.912638,-2.017478,-2.686912,0.0,117.18853,114.9471378,1.4836231954827588,111.97989140903448,117.9143841909655,114.75417453696265,1.2426213096972418,0.003706240450281152
2014-03-21,3.351503,4.905236,-0.374196,-3.24282,-3.242823,2.154072,1.68714,1.541256,1.337347,1.226716,0.776516,-1.0,113.388313,114.90470805,1.5167680433963702,111.87117196320726,117.93824413679273,114.62409248582335,0.9854668329732164,-0.03296567944155539
2014-03-24,1.640829,1.830476,-2.242745,-1.342228,-1.342219,3.118397,2.730863,2.790228,2.530088,2.519452,2.229543,-1.0,111.866394,114.6967117,1.635449522567407,111.42581265486518,117.9676107451348,114.36145453479256,0.6513554927139751,-0.013513077521417644
2014-03-25,0.92017,2.752218,-0.804106,-0.535952,-0.535957,2.54,2.982675,3.047334,2.927961,2.928956,2.806377,-1.0,111.266838,114.5246879,1.8062943326966725,110.91209923460666,118.13727656539335,114.0667291505266,0.3343366649585562,-0.005373986093806742
2014-03-26,0.93248,2.314543,-0.049953,-0.431067,-0.43109,1.906604,2.939823,3.156014,3.300743,3.266691,3.220123,0.0,110.787178,114.44397805000001,1.9374634270756825,110.56905119584864,118.31890490415138,113.75439094571455,0.043886510278838387,-0.004320216807444613
2014-03-27,-0.801376,1.381963,-1.463735,1.815003,1.815029,-0.688534,0.968183,1.213502,1.426928,1.386534,1.382227,1.0,112.797997,114.4075435,1.9623134728161131,110.48291655436778,118.33217044563223,113.66330580802746,-0.02376706971556075,0.01798753621888782
2014-03-28,1.426789,2.961427,-0.141025,-1.422846,-1.422847,0.350056,2.260466,2.579836,2.746985,2.740433,2.746019,-1.0,111.193054,114.24751085,2.0898671761102063,110.06777649777959,118.4272452022204,113.42804373107246,-0.20453080253491862,-0.014330665977354518
2014-03-31,-0.681041,0.964815,-0.932377,2.314387,2.314383,-1.585859,-0.094857,0.148103,0.408628,0.336957,0.40836,1.0,113.766487,114.23136895,2.09239854088795,110.0465718682241,118.4161660317759,113.46027642335127,-0.13853587180895488,0.02288007215077165
2014-04-01,-1.903706,0.126916,-2.030616,2.213397,2.213398,-2.853973,-2.369319,-1.925386,-1.762911,-1.781551,-1.736073,1.0,116.284592,114.23459774999999,2.09567600856821,110.04324573286357,118.42594976713642,113.72925885922258,0.11562278755536681,0.021892577807485814
2014-04-02,0.031746,0.881087,-0.76203,-0.071387,-0.071377,-1.852683,-2.347208,-1.855333,-1.701076,-1.580581,-1.596297,0.0,116.201591,114.22491375,2.085589386342172,110.05373497731566,118.39609252268434,113.96471906310614,0.3068111413302148,-0.0007140295604271239
2014-04-03,1.635388,2.513496,-0.805607,-1.468492,-1.468513,-0.093436,-1.12703,-0.383455,-0.238446,-0.079903,-0.112502,-1.0,114.495155,114.22214615,2.0851712646636367,110.05180362067273,118.39248867932727,114.01523677138175,0.31698021461443204,-0.014794028546042556
2014-04-04,5.003777,5.264038,-0.10075,-4.044144,-4.044123,3.875399,2.719325,3.622971,3.83384,3.966406,3.964671,-1.0,109.86483,114.0768722,2.283431482458366,109.51000923508326,118.64373516491673,113.61995993601205,-0.048035528135699224,-0.04128171569407129
2014-04-07,-0.530212,0.774279,-1.902038,-0.243473,-0.243489,3.368127,2.763009,3.593116,3.810392,4.056225,4.022898,0.0,109.597321,113.77340810000001,2.4576888277161384,108.85803044456773,118.68878575543229,113.23685146591566,-0.3548088590295748,-0.0024378612099501106
2014-04-08,1.856243,2.110525,-0.262761,-0.706949,-0.706955,2.732675,3.270054,3.794438,4.282939,4.525183,4.583272,-1.0,108.822517,113.48331905,2.683955535627377,108.11540797874525,118.85123012125476,112.81643865963798,-0.6529226554959422,-0.007094660054876823
2014-04-09,-1.716665,0.158335,-2.083333,1.712152,1.712171,0.006657,1.522494,1.68166,2.278326,2.559326,2.771104,1.0,110.685745,113.20752674999999,2.6733078203403244,107.86091110931933,118.55414239068064,112.61351545395817,-0.7304133090750611,0.0169767892388185
2014-04-10,5.047763,5.117865,-0.622206,-4.908333,-4.908338,3.412496,6.04592,6.174158,7.126017,7.499779,7.813803,-1.0,105.252914,112.75325425000001,3.1925465860254367,106.36816107794914,119.13834742205088,111.91250579167644,-1.2161897891262186,-0.05032890132841897
2014-04-11,1.188132,3.707338,-0.035733,-1.901673,-1.901671,4.136139,7.332495,7.577865,8.729225,9.214932,9.544095,-1.0,103.25135,112.26439275,3.8325845969227412,104.59922355615451,119.92956194384548,111.08763381151678,-1.742593107808716,-0.01919985182383845
2014-04-14,-0.282386,1.37663,-1.703142,1.232801,1.232798,1.897283,5.141194,5.799506,6.940082,7.458525,7.905047,1.0,104.524231,111.7782981,4.169705745976646,103.43888660804672,120.11770959195329,110.46254782946757,-2.03361838475017,0.012252613307763421
2014-04-15,-0.95652,0.860868,-3.130433,1.482527,1.482533,-0.109567,2.642605,3.927531,4.835648,5.566256,6.009849,1.0,106.073837,111.20319394999999,4.120909680051433,102.96137458989712,119.44501331010285,110.04457536951827,-2.114839209878113,0.014716506963715799
2014-04-16,0.527957,0.605848,-1.566555,0.469566,0.469558,-1.348447,1.259306,3.178124,3.867928,4.711444,5.207145,0.0,106.571915,110.69403944999999,4.02686640553235,102.64030663893529,118.7477722610647,109.71384581051653,-2.1146403097945523,0.004684588393518478
2014-04-17,0.129917,1.498357,-0.381086,-0.069242,-0.069227,-1.046257,0.578547,2.855237,3.437977,4.48951,5.027993,0.0,106.498138,110.15951985000001,3.8238198408513755,102.51188016829725,117.80715953170277,109.40758792380068,-2.0962713560562065,-0.0006925140526292887
2014-04-21,-0.478549,0.059818,-2.033839,1.351116,1.351101,-1.497173,-0.940858,1.282978,1.806536,2.907886,3.478614,1.0,107.937035,109.88695595000002,3.775536751257412,102.33588244748519,117.43802945251484,109.26753526439109,-1.9432067871038896,0.013420546420413132
2014-04-22,-1.726743,0.343668,-1.886002,1.94839,1.948397,-2.377204,-2.793801,-0.878462,-0.222134,0.78826,1.330534,1.0,110.040077,109.79564009999999,3.7471208372826084,102.30139842543477,117.2898817745652,109.34111066778242,-1.6333755631429057,0.019296587952697532
2014-04-23,2.426756,2.762087,-1.597245,-5.012576,-5.012579,2.47794,1.924641,3.60219,4.720703,5.607484,6.355749,-1.0,104.524231,109.45850975,3.907668371935853,101.6431730061283,117.27384649387172,108.88236022323171,-1.8120268427957598,-0.051425715677715755
2014-04-24,0.342948,0.685894,-1.697151,0.352984,0.35298,1.797401,1.013898,2.519056,4.071408,4.783683,5.622292,0.0,104.893181,109.1638099,4.022747668216901,101.1183145635662,117.2093052364338,108.50243839244774,-1.9019140067084521,0.0035235883989455053
2014-04-25,1.983663,1.983663,-0.098735,-2.031302,-2.031282,3.181025,2.865972,3.883534,5.740937,6.394737,7.436773,-1.0,102.762505,108.6620353,4.168814742583187,100.32440581483363,116.99966478516637,107.95577806935749,-2.1206326450251396,-0.020521959388773867
2014-04-28,0.269103,0.771433,-2.942237,0.06283,0.062817,2.122353,2.760133,3.362033,5.267756,5.91711,7.038626,0.0,102.827057,108.24373545,4.318520285158111,99.60669487968379,116.88077602031622,107.46732844370439,-2.2626772004581426,0.0006279696448917969
2014-04-29,0.357463,0.491506,-1.099199,0.376748,0.376739,0.416451,2.247549,2.561817,4.361489,5.184276,6.280612,0.0,103.214447,107.71613345,4.252357933115739,99.21141758376852,116.22084931623148,107.06229211573255,-2.317277268669656,0.003760314780786939
2014-04-30,0.053689,0.465322,-1.199102,-0.13405,-0.134035,0.270243,2.093954,2.327809,3.860843,5.007598,5.954354,0.0,103.076103,107.05570900000001,3.8590740872446325,99.33756082551074,114.77385717448928,106.68265505709135,-2.344683370332035,-0.0013412540781886626
2014-05-01,-1.223843,0.399075,-1.72934,0.903805,0.903801,-0.798155,0.932952,0.983205,2.344354,3.806309,4.596778,1.0,104.007706,106.44601474999999,3.253865932010236,99.93828288597952,112.95374661402046,106.42789800403504,-2.265119440063728,0.008997413068612181
2014-05-02,0.631559,1.156381,-0.667141,-0.301529,-0.301537,-0.318441,0.967807,1.188408,2.133079,3.769087,4.47934,0.0,103.694084,105.90596120000001,2.6961623205636185,100.51363655887278,111.29828584112724,106.16753476555552,-2.2019879797103385,-0.003019928122446973
2014-05-05,-1.581552,0.141364,-2.049831,0.676038,0.676039,-0.687397,-0.049473,0.581969,1.185284,2.811808,3.490609,1.0,104.395096,105.63247450000001,2.546728612544796,100.53901727491042,110.72593172508961,105.99873107359785,-2.0715109440521644,0.006737636737399876
2014-05-06,0.249376,1.237976,-0.071252,-0.795194,-0.79519,0.176346,0.126471,1.326447,1.705113,3.241895,4.052962,-1.0,103.564957,105.33085630000001,2.4057590548072167,100.51933819038557,110.14237440961445,105.76694306658852,-2.011900298518796,-0.007983681455971866
2014-05-07,-0.931095,0.062072,-1.764652,0.436407,0.436407,-0.078034,-0.357361,0.75434,1.032192,2.321541,3.368509,0.0,104.016922,105.09057655000001,2.275104366623323,100.54036781675336,109.64078528324666,105.6002743935801,-1.9062149745422943,0.004354577734532182
2014-05-08,1.462361,2.65391,-0.189564,-1.764652,-1.764642,1.35944,1.167171,2.277779,2.430935,3.610749,4.944625,-1.0,102.181396,104.6653591,1.9451305137441603,100.77509807251168,108.55562012748833,105.27466692752486,-1.9481135614605165,-0.017803971469614866
2014-05-09,-0.879084,0.080729,-1.856834,0.631887,0.631877,0.554357,0.53821,1.397557,1.669803,2.506275,3.96244,1.0,102.827057,104.54406624999999,1.9818520887981945,100.5803620724036,108.50777042759637,105.04156122014155,-1.907233644527949,0.006298892804891171
2014-05-12,0.044747,0.895015,-0.304309,0.224255,0.224251,0.069813,0.335631,0.855039,1.43292,2.012709,3.46669,0.0,103.057648,104.53438114999999,1.9889624936698234,100.55645616266034,108.51230613733964,104.85261710393759,-1.835075639586151,0.0022400022033492993
2014-05-13,0.767084,1.236352,-0.045119,-0.823418,-0.278991,0.195099,0.573108,0.665604,1.631359,2.032385,3.399496,0.0,102.770126,104.44667590000002,2.0277302999125513,100.39121530017492,108.50213649982511,104.65428461784829,-1.7805652751492858,-0.002793813307415779
2014-05-14,-0.829839,0.365845,-1.383067,1.137083,1.137088,-0.946447,-0.474647,-0.503739,0.386003,0.697282,1.841037,1.0,103.938713,104.3399197,1.9934702425688107,100.35297921486237,108.32686018513762,104.58613493995797,-1.624345767113013,0.011306719685134721
2014-05-15,1.550457,1.840601,-0.335482,-1.588292,-1.588298,0.673025,0.963485,0.932259,1.796753,1.994065,3.031264,-1.0,102.287857,104.1257168,1.9710543426282556,100.18360811474349,108.06782548525652,104.36725132662863,-1.6151327193112195,-0.01601046135015054
2014-05-16,-0.964803,0.080398,-1.206009,1.496057,1.496076,-0.619988,-0.512789,-0.487717,0.167174,0.435369,1.169748,1.0,103.818161,103.99171795,1.8907412023937509,100.2102355452125,107.77320035478749,104.31495700980686,-1.4674329158276436,0.014849950882229186
2014-05-19,-0.749468,0.347965,-1.034979,0.125067,0.125062,-0.572812,-0.680066,-0.540123,-0.149817,0.336727,0.853644,0.0,103.947998,103.7922661,1.647388804550315,100.49748849089937,107.08704370910064,104.2800085326824,-1.324633446821096,0.001249837967129848
2014-05-20,0.516844,0.561395,-0.294067,0.12491,0.124891,-0.445542,-0.754676,-0.608881,-0.560798,0.194415,0.551069,0.0,104.07782,103.49415325,0.7550838975602289,101.98398545487954,105.00432104512045,104.26075248195075,-1.1873018121656003,0.0012481336989956127
2014-05-21,-1.242397,0.308395,-1.348136,1.131703,1.131722,-1.30937,-1.747597,-1.583075,-1.638834,-0.95791,-0.687113,1.0,105.255692,103.53072630000001,0.822323057010176,101.88608018597967,105.17537241402036,104.35550862652687,-0.9722139979806315,0.011253663301977747
2014-05-22,-1.462651,0.635552,-1.610656,1.207157,1.207155,-1.690755,-2.511638,-2.59933,-2.73539,-2.140954,-2.001828,1.0,106.526291,103.61238180000001,1.0216565918167513,101.56906861636651,105.65569498363351,104.56224980495288,-0.691260217659277,0.01199926667310445
2014-05-23,0.577273,0.690983,-0.673493,-0.46143,-0.461439,-0.81693,-1.757191,-2.000639,-2.130192,-1.704782,-1.522952,0.0,106.034737,103.77599339999999,1.13420504660516,101.50758330678967,106.04440349321031,104.70248668067167,-0.5024744100837637,-0.004625070558531728
2014-05-27,-0.138059,0.025886,-1.009576,1.364469,1.364487,-1.494531,-2.668058,-3.128385,-3.23111,-3.044903,-2.717378,1.0,107.481567,104.0087189,1.3801138952601932,101.24849110947962,106.7689466905204,104.96716099679819,-0.23342245930427907,0.01355261512280732
2014-05-28,0.371747,0.613814,-0.268001,-0.189836,-0.189851,-0.710636,-2.06276,-2.71341,-2.857672,-2.963489,-2.446785,0.0,107.277512,104.21187215,1.546103566587583,101.11966501682484,107.30407928317517,105.18719442567455,-0.036244578103207914,-0.0019003160411854845
2014-05-29,-0.198278,0.431034,-0.431034,0.285296,0.285305,-0.560348,-2.00259,-2.769168,-2.924549,-3.125804,-2.67754,0.0,107.58358,104.437246,1.6933439876868037,101.0505580246264,107.8239339753736,105.41542162322935,0.1430682413917026,0.002848986795826862
2014-05-30,0.500045,0.500045,-0.827657,-0.008622,-0.008617,-0.356934,-1.502722,-2.426576,-2.750409,-3.017762,-2.638093,0.0,107.57431,104.6155762,1.8281641075121948,100.95924798497562,108.2719044150244,105.62103004006465,0.2811855986439298,-8.616927787999982e-05
2014-06-02,0.231863,0.523831,-0.532413,0.396585,0.396561,-0.386416,-1.504493,-2.492615,-2.935152,-3.206823,-2.976286,0.0,108.000908,104.8309174,1.9626161775736628,100.90568504485267,108.75614975514733,105.84768508386803,0.42022341872879565,0.00395776992186936
2014-06-03,-0.572068,0.512293,-0.785524,0.575359,0.575365,-0.74624,-1.637633,-2.708899,-3.295851,-3.547142,-3.510303,1.0,108.622307,105.04227795000001,2.1334011900122474,100.77547556997551,109.30908033002451,106.11193479016632,0.573937603482122,0.005737157067337072
2014-06-04,-1.384811,0.19303,-1.619808,1.733264,1.733259,-1.853119,-2.731841,-3.899837,-4.629412,-4.926537,-5.140201,1.0,110.505013,105.38928075000001,2.4249513319739378,100.53937808605214,110.23918341394788,106.53032319110285,0.8380157185625592,0.017184094880993327
2014-06-05,1.358925,1.358925,-0.118906,-1.183386,-1.18338,-0.382196,-1.206041,-2.427942,-3.250097,-3.563758,-3.861557,-1.0,109.197319,105.6483006,2.5443782345365444,100.55954413092691,110.73705706907309,106.7843227919502,0.9310470199097836,-0.011904374717249713
2014-06-06,0.848752,0.857242,-0.679004,0.067948,0.067968,-0.139214,-1.021912,-2.068139,-2.991383,-3.436571,-3.793294,0.0,109.271538,106.00280769999999,2.529804105995612,100.94319948800877,111.06241591199121,107.02120043081209,0.9992451731600624,0.0006794469827364036
2014-06-09,0.919243,1.194157,-0.309279,-1.205227,-1.205242,1.070445,0.363402,-0.617985,-1.570447,-2.100689,-2.459309,-1.0,107.954552,106.25918245,2.449571611686356,101.36003922662728,111.15832567337272,107.11009105644904,0.9362306530779563,-0.012125634968099257
2014-06-10,-1.144318,0.042702,-1.19556,0.601371,0.601378,0.462848,-0.133224,-0.926278,-1.903505,-2.530904,-2.865089,1.0,108.603767,106.53648840000001,2.3810314285848624,101.77442554283029,111.29855125716973,107.2523459082158,0.9279802381637552,0.005995770080748274
2014-06-11,0.532923,1.014269,-0.636065,-0.64902,-0.649031,0.636076,0.576766,-0.042968,-1.025004,-1.7335,-2.085817,-1.0,107.898895,106.79292685,2.2251239475481244,102.34267895490375,111.24317474509625,107.31392201219525,0.8547118590923475,-0.006511462574956691
2014-06-12,-0.051633,0.361451,-0.507742,-0.120336,-0.120339,0.492265,0.715154,0.232941,-0.728045,-1.47584,-1.822692,0.0,107.769051,106.98444375,2.129307550553768,102.72582864889246,111.24305885110753,107.35726763008141,0.7772096263829269,-0.0012041104679338117
2014-06-13,0.551581,0.577435,-0.629144,-0.146298,-0.146267,0.330929,0.866132,0.446989,-0.335279,-1.129682,-1.567253,0.0,107.61142,107.25062190000001,1.8218443260536124,103.60693324789278,110.89431055210724,107.38147261769271,0.6950568614239074,-0.0014637448549766742
2014-06-16,-0.137744,0.645661,-0.37018,0.112044,0.11201,0.177349,0.728313,0.439632,-0.265144,-1.058188,-1.552449,0.0,107.731956,107.44631165000001,1.6342908222125339,104.17773000557494,110.71489329442508,107.41485198743626,0.6323866910266673,0.0011194773187568963
2014-06-17,0.49927,0.585349,-0.430404,0.008604,0.008626,0.008599,0.637849,0.447037,-0.097711,-0.892839,-1.457416,0.0,107.741249,107.6359742,1.4119149991001088,104.81214420179978,110.45980419820023,107.44593741720423,0.5768207661738245,8.625666477430736e-05
2014-06-18,-0.89369,0.05958,-1.693759,1.136266,1.136253,-0.919222,-0.634092,-0.578202,-0.995825,-1.778871,-2.399324,1.0,108.965462,107.88035629999999,1.16504347360397,105.55026935279204,110.21044324720793,107.59065404413717,0.6243707707344299,0.0112984597239149
2014-06-19,0.229109,0.229109,-0.568518,0.306409,0.306421,-0.941878,-0.928304,-0.777267,-1.113287,-1.88274,-2.536379,0.0,109.299355,108.08253944999998,1.0284462914202714,106.02564686715944,110.13943203284053,107.75338746850505,0.6811450504245329,0.0030595243433639173
2014-06-20,-2.017031,0.024799,-2.595684,2.647436,2.647436,-2.680011,-3.223122,-3.061927,-3.411186,-4.06019,-4.752666,1.0,112.192986,108.36587420000001,1.3171864693056334,105.73150126138874,111.00024713861127,108.17620637626646,0.9486949498920012,0.026129983789876125
2014-06-23,1.301102,1.443802,-0.528832,-1.521042,-1.521051,-0.678244,-1.499199,-1.414698,-1.717868,-2.33694,-3.050447,-1.0,110.486473,108.58846100000001,1.2780837765591082,106.0322934468818,111.14462855311822,108.396231769003,1.0113703873677338,-0.015327380590840644
2014-06-24,0.564019,1.237479,-0.378824,-0.285399,-0.285388,0.047135,-1.075016,-1.038819,-1.314516,-1.831479,-2.557746,0.0,110.171158,108.72294055,1.2968481049183802,106.12924434016324,111.31663675983677,108.56527236243129,1.0237961530553576,-0.002857958849585459
2014-06-25,-0.602915,0.770389,-0.954613,0.530345,0.530333,-0.15742,-1.338966,-1.5458,-1.678108,-2.108186,-2.83146,0.0,110.755432,108.89683654999999,1.3256864470554959,106.245463655889,111.54820944411098,108.77385899458069,1.0684729990721138,0.0052893168013799195
2014-06-26,0.688266,0.696661,-1.393315,-0.234466,-0.23445,0.293764,-0.860341,-1.236091,-1.315272,-1.688446,-2.405306,0.0,110.495766,109.04244585,1.333758792547465,106.37492826490507,111.70996343509492,108.93785013795396,1.0705857986684606,-0.002347251644902657
2014-06-27,0.742057,0.767353,-0.91913,-0.461644,-0.461655,0.357538,-0.184667,-0.734743,-0.747956,-1.10667,-1.719369,0.0,109.985657,109.1630132,1.3026861418453926,106.55764091630921,111.76838548369078,109.03764126767263,1.0193482621850336,-0.004627237099929294
2014-06-30,0.498434,0.675843,-0.143623,-0.185507,-0.185522,0.415657,0.187559,-0.43929,-0.482377,-0.786339,-1.355627,0.0,109.781609,109.25204825,1.279729822725862,106.69258860454828,111.81150789545173,109.10849533741809,0.9513110553996142,-0.001856946781456209
2014-07-01,-0.76469,0.157927,-1.04729,1.638925,1.638948,-0.950884,-1.083873,-1.866852,-1.954542,-2.239224,-2.718265,1.0,111.580872,109.39997650000001,1.3708554885248787,106.65826552295024,112.14168747704977,109.3439597814735,1.0306953514463828,0.01625661780722274
2014-07-02,-0.784927,0.156988,-0.834506,0.598455,0.598449,-1.274065,-1.379824,-2.192296,-2.460137,-2.643646,-3.054343,1.0,112.248627,109.4871572,1.4946808346816012,106.4977955306368,112.4765188693632,109.62059475466651,1.1344134141446034,0.0059666575142633
2014-07-03,-1.139602,0.0,-1.733819,1.503759,1.503753,-2.13268,-2.433858,-3.280418,-3.697188,-3.86292,-4.236601,1.0,113.936569,109.7241197,1.792346004680676,106.13942769063866,113.30881170936135,110.03163992088875,1.3373968602569448,0.014925586337314436
2014-07-07,1.406453,2.455057,-0.099869,-2.189657,-2.189656,0.319571,-0.317079,-0.886043,-1.443911,-1.571909,-1.945743,-1.0,111.44175,109.8326303,1.8288263774093665,106.17497754518128,113.49028305481873,110.16593611889935,1.282171584587033,-0.022139848393196736
2014-07-08,0.025008,0.850287,-0.716906,-0.166449,-0.166449,0.751921,-0.081691,-0.509611,-1.131209,-1.290763,-1.625819,0.0,111.256256,109.9977155,1.79915158401553,106.39941233196893,113.59601866803106,110.26977610757561,1.2094950343090574,-0.0016658796926801714
2014-07-09,0.735968,0.878149,-0.543616,-0.325108,-0.3251,0.956756,0.309436,0.004455,-0.705451,-0.886852,-1.202372,0.0,110.894562,110.11225525,1.7785392610725779,106.55517672785484,113.66933377214517,110.32927952590174,1.109918215324214,-0.0032562951859177506
2014-07-10,-0.033622,0.210172,-0.899538,-0.518527,-0.518536,1.133254,0.792775,0.607544,-0.078179,-0.376961,-0.595485,-1.0,110.319534,110.23328719999999,1.7006479010854554,106.83199139782909,113.6345830021709,110.32835138057777,0.9733823689363845,-0.005198848586533199
2014-07-11,0.551059,0.859987,-0.551053,0.689365,0.689359,-0.073465,0.155307,0.025615,-0.613248,-0.991223,-1.171125,1.0,111.080032,110.39883625,1.606700596575411,107.18543505684919,113.61223744315082,110.39994001099893,0.9159836702685737,0.006869941118511832
2014-07-14,1.563282,1.580096,-0.142885,-0.659593,-0.659577,0.391652,0.853074,0.578238,0.170607,-0.29485,-0.431177,-1.0,110.347374,110.53563395,1.4673093192999527,107.6010153114001,113.4702525885999,110.39493372423713,0.8021289670927416,-0.006617615109143012
2014-07-15,1.60876,2.233442,-0.248161,-1.781814,-1.781829,1.682361,2.55349,2.273383,2.017807,1.529701,1.386851,-1.0,108.381172,110.56809475,1.4080026597525366,107.75208943049493,113.38410006950507,110.2031468933574,0.5469374706775625,-0.017978951527292744
2014-07-16,0.118936,0.118936,-1.223347,0.727364,0.727362,0.632069,1.592058,1.473689,1.346541,0.817274,0.671435,1.0,109.169495,110.63950704999999,1.2882053681916001,108.0630963136168,113.21591778638319,110.1047038558948,0.403654372680748,0.007247290585742445
2014-07-17,1.161283,1.542594,-0.155993,-1.970946,-1.970932,2.0383,3.14585,3.281044,3.293178,2.811333,2.586877,-1.0,107.017838,110.54212585,1.4806539497295537,107.5808179505409,113.5034337494591,109.81071663152386,0.11515333154157759,-0.01990614362086135
2014-07-18,-1.851227,0.321215,-2.848692,2.521886,2.521885,-0.720208,0.224001,0.693147,0.77134,0.353335,0.079172,1.0,109.716705,110.56299335000001,1.4650762042516656,107.63284094149668,113.49314575850335,109.8017631428073,0.10310169724120044,0.02490610378282855
2014-07-21,-1.176176,0.260436,-1.537429,0.617072,0.617074,-1.32068,-0.485596,0.100251,0.071827,-0.161307,-0.500718,1.0,110.393738,110.47303095,1.4140725818340047,107.64488578633198,113.301176113668,109.85814170063517,0.14649291598315983,0.006151776589310667
2014-07-22,-1.255062,0.132108,-1.453227,1.74746,1.747459,-2.313602,-2.099748,-1.46809,-1.565109,-1.712495,-2.079931,1.0,112.322823,110.56484845,1.4733664449432466,107.61811556011351,113.51158133988649,110.09287325295563,0.3327065726501246,0.017323662288862538
2014-07-23,-0.516355,0.311447,-0.827803,0.743127,0.74312,-2.329312,-2.621914,-2.102011,-2.159246,-2.246042,-2.668085,1.0,113.157516,110.71416635,1.5789133686745211,107.55633961265096,113.87199308734904,110.38474399076938,0.5413941318889215,0.007403721464255566
2014-07-24,-0.089972,0.081792,-0.768855,0.204901,0.204898,-1.405196,-2.550298,-2.235123,-2.243165,-2.289868,-2.705704,0.0,113.389374,110.84586345,1.6885766613456652,107.46871012730867,114.22301677269132,110.67089922974372,0.7172218420402459,0.0020468882265589597
2014-07-25,-0.708234,0.032563,-0.952457,0.474394,0.474405,-1.131554,-2.760502,-2.697277,-2.554137,-2.588734,-2.984913,0.0,113.927299,111.0174401,1.8203301836319286,107.37677973273614,114.65810046726386,110.98103254119671,0.8897165227338348,0.004732833689797189
2014-07-28,-0.016311,0.326132,-0.807173,-0.154668,-0.154667,-0.388102,-2.310647,-2.411204,-2.237675,-2.383047,-2.654714,0.0,113.751091,111.20571179999999,1.9009386018019667,107.40383459639605,115.00758900360393,111.24484763251131,1.000666229570868,-0.0015478678954231925
2014-07-29,-0.640663,0.875842,-0.85962,0.538113,0.53811,-0.564431,-2.310437,-2.752413,-2.560619,-2.769929,-2.982455,0.0,114.363197,111.43479119999999,1.9940685777385434,107.4466540445229,115.42292835547708,111.54183328655785,1.1250180029665984,0.005366673648379126
2014-07-30,-1.061449,0.946089,-1.061449,5.433458,5.433451,-4.458111,-6.39873,-7.228667,-7.209053,-7.43542,-7.627353,1.0,120.577065,111.88460085,2.856784506096034,106.17103183780793,117.59816986219207,112.40233154498091,1.7053170618610665,0.052909769436104266
2014-07-31,0.784991,1.53073,-0.274745,-2.015227,-2.015214,-1.687736,-3.53168,-4.878987,-5.051031,-5.281425,-5.468514,-1.0,118.147179,112.17952844999999,3.1822770797461493,105.81497429050769,118.54408260949229,112.94945987403035,1.9466964491788445,-0.020357965158737994
2014-08-01,0.493823,1.393867,-0.629232,-1.44438,-1.444383,0.184782,-1.540428,-3.178023,-3.551978,-3.689055,-3.878673,-1.0,116.440681,112.30473405000001,3.302053281057235,105.70062748788554,118.90884061211447,113.28195712412271,1.977495884266233,-0.014549159553613019
2014-08-04,0.272061,0.575208,-1.655653,2.469129,2.469121,-1.296534,-3.165169,-5.009968,-5.546048,-5.697,-5.995847,1.0,119.315742,112.69843365,3.645307474227241,105.40781870154552,119.98904859845447,113.8566033027777,2.208440525610868,0.024391306092356797
2014-08-05,-0.28933,0.875823,-0.985294,-0.598521,-0.598525,0.012518,-2.052698,-3.86351,-4.667649,-4.831709,-5.201743,-1.0,118.601608,113.06570124999999,3.856279542468954,105.35314216506208,120.7782603349379,114.30850851203697,2.3072446916146703,-0.006003228807879125
2014-08-06,0.133768,1.329769,-0.44063,-0.617767,-0.61776,0.17468,-1.044141,-2.773885,-3.77921,-4.026751,-4.394784,-1.0,117.868935,113.41441989999998,3.963465131745728,105.48748963650853,121.34135016349144,114.64759674898582,2.2999151271832687,-0.006196757830765892
2014-08-07,1.320083,2.497017,-0.190853,-1.054368,-1.054364,0.981306,0.287868,-1.188606,-2.483504,-2.853921,-3.208222,-1.0,116.626167,113.72975155000002,3.955145754658203,105.81946004068361,121.64004305931643,114.83603201098717,2.1688245439144254,-0.010599621271387949
2014-08-08,-1.362738,0.362353,-1.425757,0.954272,0.954272,0.247337,-0.336355,-1.668376,-3.122491,-3.643011,-3.91808,1.0,117.739098,114.06270485,4.0003754306320305,106.06195398873594,122.06345571126407,115.11251448613126,2.130183117775985,0.009497477074606873
2014-08-11,0.424129,0.534087,-0.581211,0.291456,0.291454,-0.252909,-0.259193,-1.520057,-3.076503,-3.698086,-3.968743,0.0,118.082253,114.44944879999998,3.9961740550185127,106.45710068996296,122.44179691003701,115.39534672554733,2.1030070931059868,0.002910298331769913
2014-08-12,-0.079163,0.459153,-0.728307,-0.785423,-0.3078,-0.094926,0.333809,-0.910415,-2.380644,-3.181162,-3.447496,0.0,117.718796,114.91632999999999,3.7900411133481797,107.33624777330363,122.49641222669635,115.61662760882854,2.0287557222892474,-0.003082745300571195
2014-08-13,-0.541852,0.361243,-0.816706,0.80747,0.807484,-0.760283,-0.630639,-1.394492,-2.762325,-3.69463,-4.021787,1.0,118.669357,115.3913231,3.623538191072608,108.14424671785478,122.6383994821452,115.90736374132106,2.023290075953753,0.008042417621126612
2014-08-14,-5.050814,0.500533,-5.346582,3.549556,3.549556,-3.14398,-3.65162,-4.259592,-5.450028,-6.586948,-7.023373,1.0,122.881592,116.1845108,3.424958642445911,109.33459351510818,123.03442808489181,116.57157595643334,2.331969184084585,0.03488011176935963
2014-08-15,0.384032,0.384032,-2.108436,0.712879,0.712887,-2.856939,-3.742384,-4.407736,-5.552017,-6.838409,-7.416976,1.0,123.757599,116.88655549999999,3.468188592496535,109.95017831500692,123.82293268499305,117.2559591034397,2.6171175430579154,0.007103580579526722
2014-08-18,0.097587,0.570481,-0.638047,0.316264,0.316242,-2.185849,-3.656522,-4.150731,-5.295779,-6.687418,-7.367657,0.0,124.148972,117.5743172,3.476719577272202,110.6208780454556,124.5277563545444,117.91243652215972,2.8419203138426496,0.0031574259896816224
2014-08-19,0.255598,0.503682,-0.917156,-0.150125,-0.150113,-1.031426,-3.079211,-3.490379,-4.683914,-6.044354,-6.886723,0.0,123.962608,118.15630645000002,3.5252610178179413,111.10578441436414,125.2068284856359,118.48864332957308,2.970794640652983,-0.0015022598707292417
2014-08-20,-0.535116,0.444687,-0.625556,-0.255609,-0.255613,0.027141,-2.363628,-3.0776,-4.015525,-5.335262,-6.304348,0.0,123.645744,118.68071785,3.522616491327892,111.6354848673442,125.72595083265578,118.97979577437565,3.012632444955628,-0.002559398101148213
2014-08-21,0.324461,0.362179,-0.369732,-0.113049,-0.113059,0.241465,-1.696075,-2.678638,-3.497325,-4.694112,-5.842405,0.0,123.505951,119.18654670000001,3.4483788003060956,112.28978909938782,126.0833043006122,119.41085817681606,2.9999277794382664,-0.0011312325000044962
2014-08-22,0.127991,0.481855,-0.301166,0.218824,0.218845,0.025583,-1.422992,-2.496058,-3.310202,-4.447875,-5.706101,0.0,123.776237,119.67899360000001,3.359906815368052,112.95917996926391,126.39880723073611,119.82660854092883,2.977348046859859,0.0021860539962354343
2014-08-25,-1.046063,0.103865,-1.046063,1.4832,1.483197,-1.203354,-2.264264,-3.586929,-4.251215,-5.359774,-6.67915,1.0,125.612083,120.27204320000001,3.304843864321138,113.66235547135774,126.88173092864228,120.37760610845942,3.072176734476642,0.014723056498094307
2014-08-26,-1.719239,0.291392,-1.726532,1.839907,1.839904,-2.369059,-3.23232,-4.842996,-5.451067,-6.5818,-7.85593,1.0,127.923225,120.9500446,3.417834555577084,114.11437548884584,127.78571371115416,121.09623647908234,3.2958267577151474,0.018231827641063552
2014-08-27,0.079808,0.536897,-0.827106,0.407954,0.407947,-2.018425,-2.864395,-4.680677,-5.52893,-6.485267,-7.730073,0.0,128.445084,121.34344555,3.803678853654005,113.73608784269199,128.950803257308,121.79612671916973,3.4751216333838926,0.0040711718451379685
2014-08-28,-0.74988,0.497515,-1.009452,0.623957,0.623989,-1.737708,-2.974284,-4.620798,-5.685375,-6.574412,-7.728967,1.0,129.246567,121.89841494999999,4.1101598874588126,113.67809517508236,130.1187347249176,122.50569246020119,3.6399282666470327,0.006220500984896062
2014-08-29,0.050217,0.251106,-0.76769,0.497515,0.497479,-1.282814,-2.982489,-4.469311,-5.634544,-6.545321,-7.668032,0.0,129.889542,122.570858,4.267394929853377,114.03606814029325,131.10564785970675,123.2089162258963,3.7788610617489553,0.00496246024510577
2014-09-02,1.203239,1.42794,-0.550892,-1.018796,-1.018803,0.192823,-1.640319,-2.942388,-4.303495,-5.122467,-6.246511,-1.0,128.566223,123.03338205,4.395407780810798,114.2425664883784,131.8241976116216,123.71913591866809,3.7390836896863675,-0.010240286680895825
2014-09-03,-0.036082,0.194836,-0.894794,0.449402,0.449422,-0.06639,-1.679179,-2.786842,-4.323487,-5.089151,-6.231803,0.0,129.144028,123.56050305000001,4.467513280726049,114.62547648854792,132.4955296114521,124.23579230736637,3.7114011481594247,0.004484151995877813
2014-09-04,0.528954,1.079636,-0.347798,-0.41132,-0.411339,0.372456,-0.886874,-1.869894,-3.510623,-4.447212,-5.44394,0.0,128.612808,124.0976967,4.392428422229715,115.31283985554057,132.88255354445943,124.65265094476004,3.605040853251893,-0.004121875177831099
2014-09-05,0.246588,0.326369,-1.631854,-0.094189,-0.094154,0.349555,-0.405445,-1.486338,-2.957965,-4.035131,-4.963043,0.0,128.491714,124.69097405,4.1232281243173805,116.44451780136524,132.93743029863475,125.01827599764003,3.4709671309938415,-0.0009419827236971216
2014-09-08,-0.911901,0.064621,-1.156028,1.008122,1.008119,-0.667784,-0.936326,-2.159851,-3.462357,-4.581585,-5.504239,1.0,129.787064,125.29337234999998,3.92966498548738,117.43404237902523,133.15270232097475,125.47244628357907,3.4297011989569626,0.010030718520634361
2014-09-09,0.92438,1.157287,-0.232908,-1.349899,-1.349915,0.608492,0.608491,-0.618675,-1.752674,-3.003488,-3.839295,-1.0,128.035049,125.79101215,3.5833438678321543,118.62432441433569,132.9576998856643,125.71650368514297,3.2185235462334134,-0.013591091536373865
2014-09-10,-1.293198,0.380774,-1.379408,1.310141,1.310145,-0.604929,-0.554639,-1.608357,-2.560892,-3.915218,-4.688404,1.0,129.712494,126.39069705,3.137142673879789,120.11641170224043,132.6649823977596,126.09707419131983,3.1502059146553307,0.013016369925074997
2014-09-11,-0.309447,0.698032,-1.158607,-0.165238,-0.165255,-0.303669,-0.308711,-1.144205,-1.981497,-3.396962,-4.301004,0.0,129.498138,126.93213610000001,2.6274421337909697,121.67725183241807,132.18702036758194,126.42098503024175,3.0436812982946435,-0.0016539140174079625
2014-09-12,0.449631,0.797742,-0.775975,-0.770011,-0.77002,0.471411,0.406866,-0.117946,-1.002227,-2.277686,-3.289806,-1.0,128.500977,127.21310535,2.4670573888375174,122.27899057232497,132.14722012767504,126.61907950355206,2.845990407433206,-0.0077299952386327775
2014-09-15,-0.289914,0.065229,-0.78278,0.058019,0.05803,0.224689,0.246437,0.072971,-0.872284,-1.997238,-3.031296,0.0,128.575546,127.4540027,2.3440424008388856,122.76591789832223,132.14208750167776,126.8054096460709,2.6646199669299904,0.0005801307814588228
2014-09-16,-1.442615,0.157899,-1.708178,0.985722,0.985733,-0.475139,-0.63375,-0.686621,-1.620615,-2.591548,-3.707563,1.0,129.842957,127.73870195000002,2.2659837206436095,123.2067345087128,132.27066939128724,127.09469987025462,2.593258590844229,0.009809058929948308
2014-09-17,-0.504589,0.611186,-1.485333,0.990458,0.990459,-1.235177,-1.456904,-1.497649,-2.312209,-3.137808,-4.333497,1.0,131.128998,128.09702145,2.203183423188385,123.69065460362323,132.50338829637678,127.47891873975416,2.610386041593614,0.009855859111499264
2014-09-18,-0.788628,0.098578,-1.457546,0.930991,0.930987,-1.715256,-2.083508,-2.209548,-2.884453,-3.617801,-4.851213,1.0,132.349792,128.53222384999998,2.1362841640615606,124.25965552187685,132.8047921781231,127.94281143120615,2.6914422717637194,0.00926680083927759
2014-09-19,-0.708277,0.312487,-1.194363,1.401205,1.401194,-2.223444,-3.010888,-3.314571,-3.827843,-4.612165,-5.729408,1.0,134.204269,129.06713975,2.1508439907984176,124.76545176840315,133.36882773159684,128.53914072347223,2.872211645580606,0.01391467768048877
2014-09-22,0.780701,1.294142,-0.766632,-1.270747,-1.270737,-0.372762,-1.557881,-1.938851,-2.26086,-3.120545,-4.14474,-1.0,132.498886,129.5032722,1.8900775216333767,125.72311715673324,133.28342724326674,128.91625932123677,2.8450663669974716,-0.012788796918120808
2014-09-23,0.824569,1.222634,-0.078182,-1.055001,-1.054984,0.881422,-0.274394,-0.764392,-1.009392,-1.875472,-2.791688,-1.0,131.101044,129.77772025,1.6824254798480123,126.41286929030396,133.142571209696,129.12433405254757,2.6798675263184037,-0.010605883719089233
2014-09-24,-1.047529,0.168723,-1.560743,1.108908,1.10889,-0.009845,-1.153688,-1.681197,-1.920346,-2.692351,-3.484721,1.0,132.55481,130.0092995,1.731762872370021,126.54577375525996,133.47282524474005,129.45104604754303,2.6358683716402993,0.01102786614509435
2014-09-25,1.594563,2.27386,-0.321782,-1.680258,-1.68026,1.388629,0.599211,0.086761,-0.171969,-0.824311,-1.537122,-1.0,130.327545,130.10342255,1.6929945032594904,126.71743354348102,133.48941155651897,129.5345221382532,2.3936841522014163,-0.01694536170345023
2014-09-26,-0.744366,0.092162,-1.509999,0.865207,0.8652,0.100678,-0.038979,-0.621473,-0.944267,-1.433135,-2.164314,1.0,131.455139,130.21385115,1.7061409793502413,126.80156919129954,133.6261331087005,129.71743802984815,2.26661074777266,0.008614786558212035
2014-09-29,-0.078532,1.020913,-0.528311,-0.701823,-0.70183,0.5069,0.81746,0.118999,-0.21952,-0.529436,-1.299813,-1.0,130.532547,130.2460014,1.7057664064713598,126.83446858705729,133.65753421294272,129.79506745557688,2.067624408145889,-0.0070430471585149895
2014-09-30,-0.106798,0.797376,-1.025205,0.278432,0.278447,0.196491,0.617966,-0.013294,-0.407591,-0.64417,-1.402061,0.0,130.896011,130.3624908,1.6640566006981847,127.03437759860363,133.69060400139637,129.89991922171242,1.9171550376902076,0.00278060084150478
2014-10-01,1.130955,1.411894,-0.461039,-1.167592,-1.167606,0.887486,1.670517,1.15018,0.777638,0.574282,-0.097956,-1.0,129.367661,130.37367245000002,1.6561708719730348,127.06133070605395,133.68601419394608,129.84922796250171,1.65549835100623,-0.011744762966947712
2014-10-02,1.297375,1.873183,-0.641392,-1.166986,-1.166982,1.692425,2.519689,2.259001,1.938062,1.743456,1.191464,-1.0,127.857964,130.33593025,1.7062546411300252,126.92342096773994,133.74843953226005,129.6595837755968,1.3111989258150345,-0.011738444295284936
2014-10-03,-0.776132,0.402453,-0.898311,1.421281,1.421294,-0.00719,0.733741,0.886335,0.555159,0.330869,-0.068027,1.0,129.675201,130.3951046,1.658791421142458,127.07752175771508,133.7126874422849,129.66107113030185,1.1714710009408407,0.014112878719893295
2014-10-06,0.334282,2.136474,-0.457819,-1.106714,-1.106727,0.754309,1.528966,1.997925,1.620167,1.402234,1.166351,-1.0,128.240051,130.31775395,1.723446222952514,126.87086150409498,133.76464639590503,129.5257358797969,0.9341625583648465,-0.011128964272134778
2014-10-07,0.815996,1.110045,-0.036759,-1.148174,-1.14818,1.273256,2.366402,3.020918,2.750512,2.523285,2.3718,-1.0,126.767624,130.2543827,1.8317008669163124,126.59098096616738,133.91778443383262,129.2630585579115,0.6201328491287939,-0.01154822782277296
2014-10-08,-3.184126,0.221316,-3.319775,2.969939,2.96994,-1.469265,-0.741055,0.019044,-0.181688,-0.391223,-0.514256,1.0,130.532547,130.29538535,1.8281071735230736,126.63917100295386,133.95159969704616,129.3839622190628,0.6673668735264187,0.029266919795742093
2014-10-09,1.446435,1.897078,-0.407034,-1.777686,-1.777679,0.369237,0.89039,1.614093,1.574724,1.399047,1.280232,-1.0,128.212097,130.23108329999997,1.8795202755703853,126.4720427488592,133.99012385114074,129.2723560077235,0.5116611447949424,-0.01793669755669087
2014-10-10,-0.443992,2.438319,-0.443992,-0.138104,-0.13809,0.251825,0.76278,1.43338,1.696987,1.524996,1.388742,0.0,128.035049,130.2077869,1.904810769047966,126.39816536190406,134.01740843809594,129.15451724508316,0.3697150935688853,-0.0013818536591471999
2014-10-13,2.613062,3.18209,-0.029945,-2.787685,-2.787697,2.520216,3.164871,3.911854,4.448194,4.265355,4.150951,-1.0,124.46582,130.00230059999998,2.275721497934336,125.45085760413131,134.55374359586867,128.70797465031333,-0.030434298059134335,-0.028272906690522997
2014-10-14,2.405452,2.443265,-0.204239,-1.01827,-1.018273,2.995467,3.601365,4.553209,5.253035,5.180948,5.077168,-1.0,123.198418,129.67007365,2.738220623849731,124.19363240230055,135.14651489769946,128.1832549693311,-0.4446981200120348,-0.010234929951771037
2014-10-15,0.091681,0.359053,-1.757057,-0.983361,-0.983357,2.617269,4.025212,5.014009,5.923612,5.972199,5.925143,-1.0,121.986938,129.21297065000002,3.2051146758180504,122.80274129836391,135.62320000163612,127.59312954368052,-0.8608382868411013,-0.009882236680324948
2014-10-16,-1.76313,0.329634,-2.131084,-0.343772,-0.34376,1.878106,3.866604,4.895862,5.845526,6.076803,6.09735,0.0,121.567596,128.67386085,3.5391179353474693,121.59562497930507,135.75209672069494,127.01926920618713,-1.2105156906320786,-0.0034435196708239627
2014-10-17,-1.825119,4.607677,-3.134118,2.483714,2.483691,-1.144432,0.940989,1.986194,2.894392,3.380369,3.42161,1.0,124.58696,128.1929954,3.3987185826559987,121.395558234688,134.990432565312,126.78762071035979,-1.2298234720565375,0.024533492224246604
2014-10-20,-3.076137,0.029095,-3.272489,2.857351,2.857354,-3.316116,-1.870402,-0.971072,-0.133798,0.495104,0.505916,1.0,128.146851,127.97539365,3.2443383648908806,121.48671692021824,134.46407037978176,126.91707121413504,-0.9469556601006843,0.028172933760894164
2014-10-21,-3.886454,0.971621,-4.913596,4.785107,4.785102,-6.080913,-5.792202,-5.325365,-4.575947,-3.961953,-3.928779,1.0,134.278809,128.1342819,3.4750792685889205,121.18412336282215,135.08444043717782,127.61818909850314,-0.2253850192794573,0.0467414228042616
2014-10-22,0.118351,0.536066,-1.371485,-0.312303,-0.312281,-4.012822,-5.248549,-4.80508,-4.22829,-3.579513,-3.52456,0.0,133.859482,128.1995155,3.5732859828346206,121.05294353433075,135.34608746566923,128.21259794626474,0.30906600722471467,-0.0031276945957551252
2014-10-23,-0.916812,0.604414,-1.365022,2.513228,2.513207,-4.084207,-6.914764,-6.683864,-6.32495,-5.801281,-5.702083,1.0,137.223648,128.54432064999997,4.085453834112863,120.37341298177425,136.7152283182257,129.07079318947763,0.992639842722582,0.024821454004898734
2014-10-24,-0.278412,0.16298,-1.181578,0.006788,0.006794,-2.247724,-6.250846,-6.323053,-6.120802,-5.719401,-5.496393,0.0,137.232971,128.83321225,4.486695782735597,119.85982068452881,137.8066038154712,129.84814345714642,1.5176349691927271,6.793787694069645e-05
2014-10-27,-1.012146,0.182189,-1.410254,0.638328,0.638358,-1.425124,-5.857649,-6.44087,-6.441994,-6.154948,-5.865743,1.0,138.109009,129.21203535,4.935163143586158,119.34170906282769,139.0823616371723,130.63489255646581,1.9815443250403746,0.006363293792005822
2014-10-28,-3.460781,0.038169,-3.638909,6.06613,6.066116,-5.396025,-9.652026,-10.894259,-11.260589,-11.101991,-10.870719,1.0,146.486862,129.99157789999998,6.26683417043526,117.45790955912946,142.5252462408705,132.1446039320405,2.990743127199721,0.058892451630589586
2014-10-29,-0.610524,0.528698,-1.23993,1.075134,1.075138,-4.483898,-8.851979,-11.052802,-11.573217,-11.628667,-11.437579,1.0,148.061798,130.92628474999998,7.451107456120974,116.02406983775803,145.82849966224194,133.66052717660807,3.872979326872155,0.010693995411918067
2014-10-30,-1.819534,0.0,-2.116597,1.699394,1.699398,-4.306233,-8.448463,-11.548888,-12.296403,-12.567415,-12.513942,1.0,150.577957,132.0622844,8.6017891958626,114.85870600827481,149.2658627917252,135.27171096931207,4.720772744542899,0.01685119612435197
2014-10-31,1.467508,1.523,-0.468612,0.371328,0.371321,-2.820316,-7.030464,-10.857078,-11.910847,-12.369966,-12.464141,0.0,151.137085,133.1353786,9.572284547095906,113.99080950580819,152.2799476941918,136.78269897223473,5.375803180102082,0.0037063358614926813
2014-11-03,0.321864,0.526124,-1.182226,-0.382288,-0.382285,-0.793513,-5.185078,-9.359588,-10.831591,-11.501622,-11.728369,0.0,150.559311,134.2513416,10.248660290321709,113.75402101935657,154.7486621806434,138.09475726059333,5.7816507158809145,-0.0038301730746522493
2014-11-04,0.174551,0.984977,-0.773023,-0.711806,-0.711834,0.319202,-3.487921,-7.537341,-9.432382,-10.369669,-10.685526,-1.0,149.487579,135.38733935,10.627652115848388,114.13203511830321,156.64264358169677,139.17978790244157,5.948240383902743,-0.007143793810860343
2014-11-05,1.491126,1.491126,-0.081794,-0.916403,-0.916399,1.254574,-1.632679,-5.506052,-8.001125,-9.034346,-9.509243,-1.0,148.117676,136.26659579999998,10.928050398612847,114.41049500277428,158.12269659722568,140.0310153403043,5.9016931279779214,-0.009206239825840179
2014-11-06,-0.236985,0.367943,-0.548803,0.88713,0.88715,0.210778,-1.680706,-5.093869,-8.100106,-9.256764,-9.878821,1.0,149.431702,137.32757605,11.133058673910888,115.06145870217823,159.59369339782177,140.9263188317039,5.902791304925984,0.008832379695681285
2014-11-07,1.13573,1.24805,-1.204364,-0.062367,-0.06237,0.032445,-0.808735,-3.929698,-7.329491,-8.673455,-9.423408,0.0,149.338501,138.39274865,11.215999660076408,115.96074932984718,160.8247479701528,141.7274790382083,5.8289485853847225,-0.0006238975780539169
2014-11-10,-1.27537,0.067448,-1.588078,1.772228,2.161111,-1.820595,-1.959441,-4.894927,-8.368923,-9.967593,-10.858066,1.0,152.565872,139.79775125,11.139337022873027,117.51907720425395,162.07642529574605,142.75970693933132,5.962121935198439,0.021380902267112603
2014-11-11,0.406356,0.886592,-0.554115,-0.410815,-0.410819,-1.092893,-1.196166,-3.72772,-7.045136,-8.933524,-10.028687,0.0,151.939102,141.23478544999998,10.731618175732253,119.77154909853547,162.69802180146448,143.6339350403474,5.9485168738251275,-0.004116654496077699
2014-11-12,-0.098801,0.704017,-0.54962,-0.30169,-0.301693,-0.349573,-0.67148,-2.660885,-5.790334,-8.104795,-9.269831,0.0,151.480713,142.7094742,9.945086611351263,122.81930097729746,162.5996474227025,144.38124722698097,5.833501627748319,-0.0030214859153728474
2014-11-13,0.783335,0.932546,-0.789558,-0.666947,-0.66695,0.45757,-0.011708,-1.420419,-4.197369,-6.896085,-8.159716,-1.0,150.470413,144.15461505000002,8.73792316088545,126.67876872822912,161.6304613717709,144.9611677767923,5.596317584494443,-0.0066918364143263055
2014-11-14,2.168958,2.283109,-0.672246,-1.970788,-1.970789,2.228571,1.752228,1.02569,-1.494488,-4.496335,-5.910431,-1.0,147.504959,145.300515,7.443629097438919,130.41325680512216,160.18777319487782,145.203433607574,5.1101534983611145,-0.01990467794648267
2014-11-17,-1.401279,0.666079,-1.558373,0.92593,0.925934,0.794267,0.705289,0.580769,-1.70218,-4.716789,-6.311708,1.0,148.870758,146.33671035,6.281841412279122,133.77302752544176,158.90039317455825,145.55270259732885,4.779972969357971,0.009216738013033427
2014-11-18,-2.052515,0.092452,-2.385361,1.947974,1.947974,-1.153851,-1.068506,-1.108983,-3.004147,-5.784377,-7.552718,1.0,151.770721,147.21130595,5.705981333370473,135.79934328325905,158.62326861674094,146.14489482615465,4.698147974049419,0.01929243400340511
2014-11-19,-0.836203,0.393507,-1.395723,0.246545,0.24654,-1.309638,-1.047116,-1.173277,-2.641771,-5.22321,-7.306573,0.0,152.144897,148.1255767,4.855585683841554,138.4144053323169,157.83674806768312,146.71632360461612,4.610348721610535,0.0024623689399240647
2014-11-20,-0.473315,1.321619,-0.57167,0.024591,0.024571,-1.108906,-0.890681,-1.127273,-2.174217,-4.441808,-6.804311,0.0,152.182281,148.87350835,4.195074177035291,140.48335999592942,157.2636567040706,147.23689097560504,4.492002746376528,0.00024568295499417044
2014-11-21,1.701372,1.701372,-0.847617,0.079915,0.079953,-0.557722,-0.775152,-1.155185,-1.757602,-3.790209,-6.347614,0.0,152.303955,149.62705755000002,3.2386110257906315,143.14983549841875,156.10427960158128,147.7194685017379,4.357796814254414,0.0007992085821342022
2014-11-24,-0.718719,0.913631,-0.749175,0.841469,0.841446,-0.773535,-1.53672,-1.848612,-2.073521,-3.93048,-6.497075,1.0,153.58551,150.4008826,1.923691973779472,146.55349865244105,154.24826654755893,148.27813912062,4.305220521973524,0.008379252278959696
2014-11-25,1.121791,1.337524,-0.949216,-1.181623,-1.181615,0.41296,-0.370446,-0.574684,-0.728497,-2.320725,-4.751487,-1.0,151.770721,150.66507555,1.708680116624111,147.2477153167518,154.08243578324823,148.61076596627527,4.0701964351782465,-0.01188651275601212
2014-11-26,-1.19597,0.072848,-1.365954,1.528597,1.528606,-0.846297,-1.70108,-1.813203,-2.027493,-3.2662,-5.491064,1.0,154.090698,150.96652054999998,1.7563811552090598,147.45375823958187,154.4792828604181,149.13266425520143,4.024746139994733,0.015170409533592099
2014-11-28,-0.187525,1.23405,-0.477886,0.358182,0.358173,-0.881976,-1.782108,-1.938984,-2.24573,-3.160877,-5.115426,0.0,154.642609,151.16975315,1.9351213119986657,147.29951052600265,155.03999577399733,149.6574208975632,3.9872979698082816,0.0035753290973692584
2014-12-01,-0.775199,0.576883,-1.346077,0.66542,0.66541,-1.104495,-1.906731,-2.315961,-2.746253,-3.327211,-5.077021,1.0,155.671616,151.39647970000001,2.1811006238228265,147.03427845235436,155.75868094764567,150.23020138350958,3.9946049707185125,0.006632056726797076
2014-12-02,-0.992434,0.029539,-1.465026,1.724653,1.724655,-2.178632,-2.970813,-3.728335,-4.148919,-4.454778,-6.050462,1.0,158.356415,151.7863349,2.6664277808783168,146.45347933824337,157.11919046175666,151.00412648984198,4.16897926521267,0.017099520761278218
2014-12-03,0.719933,0.844885,-0.934139,-0.714787,-0.714778,-0.780633,-1.925397,-2.811139,-3.212817,-3.493745,-4.887622,-1.0,157.224518,152.17318185,2.868921038602732,146.43533977279452,157.91102392720546,151.59654472890466,4.167793789215608,-0.007173448934531746
2014-12-04,0.59441,1.326924,-0.060046,-0.904387,-0.904379,0.34463,-0.79557,-1.73923,-2.082881,-2.414263,-3.550131,-1.0,155.802612,152.55742865000002,2.811219758089211,146.9349891338216,158.17986816617844,151.9971225642471,4.005940373101481,-0.009084936375094166
2014-12-05,-1.512652,0.100448,-1.849447,1.615132,1.615123,-0.785869,-1.984758,-2.97054,-3.358549,-3.76976,-4.639001,1.0,158.319016,153.00179435,2.9879818768525324,147.02583059629495,158.97775810370507,152.59920765336642,4.034219179586415,0.01602218763520726
2014-12-08,-1.310883,0.873922,-1.538102,1.418101,1.418097,-1.563733,-2.840826,-3.785052,-4.360287,-4.880468,-5.488046,1.0,160.564133,153.56307595,3.3015242510945715,146.96002744781086,160.16612445218917,153.35777197209342,4.189498584330039,0.014081359297976022
2014-12-09,0.549034,0.89734,-1.151188,-1.310883,-1.310886,-0.243217,-1.242688,-2.103622,-2.903945,-3.417576,-3.804558,-1.0,158.45932,153.85774835,3.466708880977954,146.9243305880441,160.7911661119559,153.8436336890369,4.095507353467269,-0.01319554108864989
2014-12-10,2.18272,2.636194,-0.235806,-2.361415,-2.361415,1.845342,1.336242,0.391,-0.465864,-0.946494,-1.300721,-1.0,154.717438,153.99666515,3.4413525781456276,147.11395999370876,160.87937030629126,153.92685314722388,3.676697342352952,-0.023897431601397127
2014-12-11,0.373311,2.143543,-0.289015,0.417198,0.417207,1.365601,0.997104,0.111988,-0.754462,-1.171498,-1.554143,0.0,155.36293,154.19077599999997,3.4012252262397573,147.38832554752045,160.9932264524795,154.06362237129778,3.3581623952707673,0.004163391165761158
2014-12-12,-0.844831,1.932783,-1.355373,-0.933287,-0.933286,1.748004,1.901169,1.130085,0.292343,-0.123994,-0.554479,-1.0,153.912949,154.36290279999997,3.288271518732025,147.7863597625359,160.93944583746404,154.04927252641227,2.954660321115,-0.009376687431778994
2014-12-15,3.239347,3.377192,-0.125321,-2.99641,-2.99641,3.382198,4.622174,4.119875,3.450493,2.960142,2.47637,-1.0,149.301086,154.45270915,3.11085666471792,148.23099582056417,160.67442247943583,153.59706428580157,2.236956971606986,-0.030422197892907413
2014-12-16,-1.103869,2.834925,-1.21676,-0.100253,-0.10027,2.237844,4.110023,4.026187,3.563734,2.971912,2.547761,0.0,149.151382,154.46674035,3.084879149717299,148.29698205056542,160.6364986494346,153.17366597286806,1.6372191909770208,-0.0010032017061781453
2014-12-17,-2.45901,0.324198,-2.985069,2.533865,2.533877,-0.522385,1.256426,1.505998,1.042331,0.453146,0.088588,1.0,152.930695,154.52473905,3.0421317490804194,148.44047555183914,160.60900254816084,153.15052588021396,1.450165052979429,0.025023068154988688
2014-12-18,-1.412625,0.06529,-2.314811,3.058478,3.058478,-3.189694,-1.63402,-1.357627,-1.782999,-2.372506,-2.681036,1.0,157.608047,154.79789655,3.0624000334443546,148.6730964831113,160.9226966168887,153.57505170114595,1.6602086650556203,0.030126390852372165
2014-12-19,-0.740433,0.916729,-1.627786,1.003088,1.003088,-3.488278,-2.556268,-2.146873,-2.538343,-3.122995,-3.443224,1.0,159.188995,155.14823225,3.1470385759368797,148.85415509812626,161.44230940187376,154.10971296770347,1.9319685016958772,0.00998090837153781
2014-12-22,2.297453,2.741138,-0.376828,-3.314332,-3.314328,0.41937,0.351907,1.1313,0.854855,0.364427,-0.034244,-1.0,153.912949,155.22868194999998,3.0905607796246053,149.04756039075076,161.4098035092492,154.0909735422079,1.701987855169648,-0.03370496777981326
2014-12-23,4.691468,4.742255,-2.006096,-4.260618,-4.260621,4.644486,4.064242,5.13416,5.131726,4.789737,4.296593,-1.0,147.355301,154.9171715,3.545412833477072,147.82634583304585,162.00799716695414,153.44948091914048,0.9792904955816368,-0.043540492251701084
2014-12-24,-2.576709,1.555984,-2.614052,1.999742,1.999745,2.243105,1.730252,2.765915,3.021719,2.696206,2.21551,1.0,150.302032,154.84373705000002,3.6282560732067255,147.58722490358656,162.10024919641347,153.14972387922234,0.6369814703137422,0.01980013218997811
2014-12-26,-0.795303,0.422114,-0.984951,1.736484,1.736484,-0.116241,-0.166409,0.885835,1.224756,0.963407,0.502051,1.0,152.912003,154.7848023,3.650635583136762,147.48353113372647,162.08607346627352,153.12708379548687,0.5697344052712197,0.017215795847999805
2014-12-29,0.601778,0.736873,-0.816704,-0.373181,-0.373188,-0.641078,0.104391,1.002149,1.5284,1.345779,0.919454,0.0,152.341354,154.66973955,3.6913917999061847,147.28695595018763,162.05252314981237,153.05225238639287,0.4650334009755568,-0.003738859224153414
2014-12-30,1.282448,1.307347,-0.280154,-1.363218,-1.363222,0.246536,1.552018,1.941111,2.75167,2.692154,2.375442,-1.0,150.264603,154.3993889,3.810240889690017,146.77890712061995,162.01987067938003,152.78676196864117,0.21203642722852578,-0.013725992878499882
2014-12-31,1.494133,2.504869,-0.018832,-0.834223,-0.834212,1.312074,2.396887,2.375961,3.302469,3.433236,3.239793,-1.0,149.011078,153.93212205,3.8719629846034596,146.1881960807931,161.67604801920692,152.42717301924677,-0.0885932408322958,-0.008377107865299289
2015-01-02,0.168869,1.688659,-0.8068,0.376675,0.376669,0.834327,1.788108,1.762465,2.659019,2.986306,2.803388,0.0,149.572357,153.549514,3.9074136790800433,145.73468664183991,161.36434135816006,152.15528577931852,-0.2783453028077929,0.003759616879795135
2015-01-05,-0.35446,1.019052,-2.360915,-1.188313,-1.188325,1.354523,2.34826,2.644903,3.622708,4.054444,3.941609,-1.0,147.794952,153.14913099999998,4.071222199848419,145.00668660030314,161.29157539969682,151.74001589557392,-0.5656267154346608,-0.011954415386479084
2015-01-06,3.845654,3.91106,-0.372787,-3.22173,-3.221717,3.427076,4.625903,5.554832,6.537937,7.193725,7.188581,-1.0,143.033417,152.38485105,4.465302699631326,143.45424565073736,161.31545644926265,150.91081600075736,-1.1640964066330923,-0.03274756539388197
2015-01-07,-2.622604,0.214862,-3.305112,3.492486,3.492486,-0.365274,0.697671,1.935453,2.519271,3.369815,3.475098,1.0,148.028839,151.75808635,4.123470330515474,143.51114568896907,160.00502701103096,150.63634200068523,-1.2212216586360398,0.0343288246154155
2015-01-08,1.224081,3.22826,-1.598277,-0.360217,-0.360212,-0.210572,1.071221,2.229125,2.518231,3.448973,3.711546,0.0,147.495621,151.2099014,3.908890591069709,143.3921202178606,159.02768258213942,150.33722571490568,-1.2945967630983262,-0.003608625686268039
2015-01-09,1.945675,1.945675,-0.706345,-1.230419,-1.230423,0.498298,2.013101,3.170875,3.485201,4.42073,4.86419,-1.0,145.680801,150.75806955000002,4.003249898359314,142.7515697532814,158.76456934671864,149.89375669443848,-1.4821031069010075,-0.012380553446789646
2015-01-12,0.0,1.13302,-0.787349,0.31465,0.314643,-0.043523,1.22968,2.324079,2.845032,3.828709,4.353909,0.0,146.139175,150.2968818,3.976045043101086,142.34479171379783,158.24897188620216,149.53617748544434,-1.5755542753287273,0.003141487318689567
2015-01-13,2.417172,3.751455,-1.115119,-0.691334,-0.691338,0.941094,1.437419,2.39054,3.258358,4.18797,4.861856,-1.0,145.12886,149.85767735000002,4.04022045948099,141.77723643103803,157.938118268962,149.11643296302108,-1.7114108970276334,-0.0069373836505871285
2015-01-14,-1.475902,0.244901,-1.669243,0.012895,0.012922,0.531046,1.071776,1.974716,3.101939,3.749657,4.606622,0.0,145.147614,149.65000375000002,4.174840571871513,141.300322606257,157.99968489374305,148.73845020463813,-1.7968519664837004,0.00012921474322499985
2015-01-15,2.784358,3.830968,-0.256713,-2.088171,-2.088192,1.91812,2.742237,3.903815,5.053324,5.502376,6.456694,-1.0,142.116653,149.2982673,4.502542915883745,140.2931814682325,158.3033531317675,148.10780285181545,-2.085102092507867,-0.02110303181329589
2015-01-16,-3.787162,0.006318,-4.039635,4.285147,4.285156,-1.928928,-1.571673,-0.45993,0.577227,0.991479,1.879485,1.0,148.206573,149.06206120000002,4.425205082928228,140.21165103414356,157.91247136585648,148.11720953259493,-1.8013716545780198,0.04195884375035427
2015-01-20,1.021574,1.351516,-1.871835,-0.523882,-0.523892,-1.237307,-1.078044,-0.183586,0.761741,1.308124,2.226736,-1.0,147.43013,148.55316535,3.9504575812128992,140.6522501875742,156.4540805124258,148.0517733866335,-1.620485748455451,-0.005252695469435172
2015-01-21,-1.270809,0.56551,-1.270809,-0.139595,-0.139578,-0.814598,-0.655115,-0.27578,0.496238,1.268,2.118425,0.0,147.22435,147.9549331,3.0608171278276415,141.8332988443447,154.0765673556553,147.97297115933506,-1.4767144459553947,-0.0013967548258902514
2015-01-22,-0.877364,0.131599,-3.421699,1.391538,1.391533,-1.62312,-1.935209,-1.688715,-1.038425,-0.12259,0.46478,1.0,149.273026,147.72293695000002,2.7450088626655664,142.23291922466888,153.21295467533116,148.09678590606504,-1.1838173121338968,0.013819404620176627
2015-01-23,-0.006254,0.125147,-0.976158,0.150399,0.150407,-0.783437,-1.948574,-1.814667,-1.115399,-0.263325,0.114081,0.0,149.497543,147.83004905,2.7715757428408687,142.28689756431828,153.37320053568175,148.23019134358265,-0.9229385171212243,0.0015029394830526808
2015-01-26,-0.068867,1.095599,-1.289675,-0.050061,-0.050074,-0.570956,-1.649029,-1.772155,-1.095284,-0.307266,0.046121,0.0,149.422684,147.78608165,2.7370569442126365,142.31196776157472,153.26019553842528,148.34376207276526,-0.7140001390671955,-0.0005008627373012031
2015-01-27,-0.226572,1.164331,-0.383913,-0.525886,-0.525889,0.117071,-0.961037,-1.215092,-0.716216,-0.021647,0.424196,-1.0,148.636887,147.57232585,2.469531202240175,142.63326344551965,152.51138825448035,148.3716787325019,-0.6048498868702268,-0.0052727635480772075
2015-01-28,2.379726,4.054582,-0.084069,-2.674806,-2.67479,2.514218,1.728521,1.574828,1.746947,2.324353,2.970972,-1.0,144.661163,147.1883163,2.278677776484233,142.63096074703154,151.74567185296846,148.01829628178743,-0.8295922033897796,-0.027112130697891253
2015-01-29,-0.946471,0.30057,-1.669118,1.118725,1.118705,0.970785,0.680448,0.371351,0.485075,0.983573,1.76292,1.0,146.279495,146.9890609,2.1670187838057458,142.6550233323885,151.3230984676115,147.85269615971242,-0.8671206142994663,0.011124940062118678
2015-01-30,2.160783,3.027716,-0.47944,-2.628381,-2.628374,2.704584,3.420468,2.843821,2.966636,3.57126,4.352643,-1.0,142.434723,146.66024314999999,2.3363765927331084,141.98748996453378,151.3329963354662,147.33669871593028,-1.1933469577267601,-0.02663533044637482
2015-02-02,0.596724,0.963935,-2.032791,0.157628,0.157629,1.594752,2.868852,2.540763,2.562292,3.193964,3.948412,0.0,142.659241,146.31458734999998,2.3935495395335,141.527488270933,151.10168642906697,146.89122655250836,-1.417427734397961,0.0015750459481128796
2015-02-03,1.005058,1.005058,-2.207187,-0.177052,-0.177051,0.899954,2.69855,2.547899,2.555014,3.081913,3.776959,0.0,142.406662,146.04517285,2.5181574942783653,141.00885786144326,151.08148783855674,146.4641251665552,-1.5969853259848321,-0.0017720749022498337
2015-02-04,-0.87157,1.122481,-2.660944,-0.512382,-0.51241,0.998369,2.835946,2.913641,3.035352,3.311745,3.899443,-1.0,141.676956,145.9773498,2.6197616603143183,140.73782647937136,151.21687312062866,146.00820429354994,-1.7776752530003535,-0.005137273384348226
2015-02-05,-0.69771,0.352108,-1.52582,1.261145,1.261161,-0.652059,1.150241,1.55365,1.592991,1.835426,2.36264,1.0,143.46373,145.74909435,2.630464613076874,140.48816512384627,151.01002357615374,145.76587340844995,-1.756448349630773,0.012532742432041541
2015-02-06,1.928674,2.219287,-0.528394,-1.278043,-1.278021,0.520461,1.904215,2.845432,2.701112,2.945299,3.553049,-1.0,141.630234,145.45582499999998,2.7497564920226667,139.95631201595464,150.95533798404531,145.3720029885976,-1.86606286864739,-0.012862575221837967
2015-02-09,-0.006663,1.213257,-0.539963,-0.918097,-0.918101,1.119915,2.200511,3.42421,3.462095,3.635749,4.275706,-1.0,140.329926,145.18828125,2.9775889905596373,139.2331032688807,151.14345923111927,144.8918051801597,-2.034405789601749,-0.00922341098280713
2015-02-10,-1.356759,0.039325,-2.30714,1.706561,2.244999,-0.95072,-0.402902,0.969795,1.097717,1.239929,1.767003,1.0,143.480331,145.05533905,2.9922189469144764,139.07090115617103,151.03977694382894,144.75737906776357,-1.8917999209523089,0.022201695168689813
2015-02-11,0.124095,1.391159,-0.55516,0.353932,0.353925,-0.979019,-0.800899,0.463862,0.701557,0.909402,1.214717,0.0,143.988144,144.99830325,3.0016008763239737,138.99510149735204,151.00150500264795,144.68411858511942,-1.718003403680484,0.0035330032499375098
2015-02-12,1.07717,1.07717,-1.344822,0.045714,0.045738,-0.942337,-1.00074,0.176402,0.617561,0.752898,1.024735,0.0,144.054001,144.94362259999997,3.008690589152388,138.92624142169518,150.96100377830476,144.62410738653662,-1.5570061049212995,0.0004572733698226175
2015-02-13,0.091216,0.215013,-2.130564,0.19585,0.195822,-0.760996,-1.062491,-0.257782,0.4978,0.468427,0.719328,0.0,144.33609,145.05459445,2.9390582619421672,139.17647792611567,150.93271097388433,144.59667715924743,-1.3906221346123004,0.0019563022362350914
2015-02-17,-0.466806,0.395488,-0.803945,0.495184,0.495189,-0.599065,-1.385126,-0.950195,-0.106183,-0.044003,0.119127,0.0,145.050827,144.89680715,2.8441103932227185,139.20858636355456,150.58502793644544,144.63992952503338,-1.1874007204430086,0.004939673574256892
2015-02-18,-1.001411,0.288867,-1.373732,0.99844,0.998448,-1.169601,-2.080663,-2.026664,-1.125488,-1.022318,-0.900113,1.0,146.499084,144.85025485,2.807851198982483,139.23455245203505,150.46595724796495,144.81699185598256,-0.8991195586814058,0.009934963844440554
2015-02-19,-0.051267,0.2371,-0.647235,0.173324,0.173327,-0.963799,-1.904199,-2.101156,-1.312626,-1.149307,-0.987096,0.0,146.753006,144.82668765,2.7887892548953537,139.2491091402093,150.4042661597907,145.0013741554128,-0.6427559868319008,0.0017317664365812467
2015-02-20,-0.780167,0.057082,-1.649122,1.031721,1.031723,-1.406833,-2.581973,-3.011516,-2.354332,-2.074599,-1.992847,1.0,148.26709,144.77639084999998,2.712402439686959,139.35158597062608,150.2011957293739,145.31239471204015,-0.3137948523420562,0.010264367165585072
2015-02-23,-0.220926,0.492361,-0.385052,0.482046,0.48205,-1.256159,-2.55587,-3.183836,-2.840083,-2.360062,-2.429772,0.0,148.981812,144.7506043,2.667231991210274,139.41614031757945,150.08506828242054,145.66186302517917,0.004529100347639314,0.004808921900554495
2015-02-24,1.035779,1.105678,-0.711695,-0.662797,-0.662814,-0.199516,-1.387801,-2.297514,-2.240053,-1.714309,-1.726639,-1.0,147.994339,144.67918705,2.552190813406096,139.5748054231878,149.7835686768122,145.88400359420973,0.17510381997234958,-0.006650208348003508
2015-02-25,-0.202434,0.442812,-1.480261,0.451171,0.451183,-0.356784,-1.482166,-2.455831,-2.678301,-2.122618,-2.111471,0.0,148.662064,144.6804459,2.5542510409449584,139.57194381811007,149.78894798188992,146.14858077571355,0.3600153089093965,0.0045016801988740675
2015-02-26,-0.308237,0.270487,-1.868278,0.563005,0.562994,-0.547266,-1.665087,-2.653112,-3.061347,-2.609716,-2.562052,1.0,149.499023,144.9223389,2.7721152686658255,139.37810836266834,150.46656943733166,146.46767051135987,0.5675522041289014,0.00561415446089121
2015-02-27,0.874971,0.963736,-0.329701,-0.786312,-0.786307,0.248542,-0.597895,-1.663169,-2.224167,-1.863467,-1.718446,-1.0,148.323502,145.02453925,2.861035676619171,139.30246789676167,150.74661060323834,146.64441636742083,0.6299107493393024,-0.0078941450424121
2015-03-02,-0.213,0.169134,-1.259168,1.211009,1.210994,-0.79934,-1.401979,-2.462765,-3.138098,-3.021097,-2.716685,1.0,150.11969,145.40878759999998,3.0072321141731955,139.3943233716536,151.42325182834637,146.97539480861883,0.8148743417481228,0.01203719660011467
2015-03-03,0.529765,0.529765,-0.662212,-0.670304,-0.670292,0.020184,-0.464172,-1.411868,-2.268039,-2.374964,-2.039929,-1.0,149.113449,145.731498,3.0427404918964225,139.64601701620714,151.81697898379284,147.1790190173218,0.8702325826183142,-0.006725490339980962
2015-03-04,-0.716125,0.345501,-1.495071,0.397328,0.397338,-0.236205,-0.64389,-1.524809,-2.411041,-2.732766,-2.376948,0.0,149.705933,146.09646155000001,3.0606565825107044,139.9751483849786,152.21777471502142,147.41967749186256,0.9509509242389242,0.003965504328710362
2015-03-05,0.250623,1.177939,-0.463662,0.257556,0.257564,-0.41355,-0.676707,-1.506698,-2.381435,-2.837926,-2.564068,0.0,150.091522,146.51718985,2.9988856548770126,140.51941854024597,152.51496115975402,147.67413887358992,1.034113979078569,0.0025723314603630096
2015-03-06,2.33729,3.254128,-0.568185,-2.957394,-2.957414,2.254653,2.170717,1.5681,0.668675,0.105915,0.322479,-1.0,145.652695,146.62663809999998,2.920500535245986,140.785637029508,152.46763917049196,147.4816204094385,0.7333909823964575,-0.030020268203622254
2015-03-09,-0.103212,0.470944,-1.438614,0.083929,0.083945,1.572801,1.865036,1.548714,0.726402,0.113606,0.153213,0.0,145.774963,146.83387455000002,2.684845401531409,141.4641837469372,152.20356535306283,147.31908160853962,0.4991776376182031,0.0008390967968723806
2015-03-10,-0.462304,1.334811,-0.839959,-0.922517,-0.92253,1.870044,2.566745,2.465604,1.80623,1.094829,0.970536,-1.0,144.430145,147.0388855,2.2895124853220157,142.45986052935595,151.61791047064403,147.04394478867871,0.20270959099570973,-0.009268118233255579
2015-03-11,0.929927,1.028164,-0.183365,-0.572995,-0.572993,1.607081,2.805506,2.92164,2.397191,1.710746,1.435566,-1.0,143.60257,147.04499745,2.2796547286570044,142.485687992686,151.60430690731403,146.71619480880454,-0.0978934038338366,-0.005746411669211319
2015-03-12,0.00648,0.337118,-0.84279,1.015064,1.015074,-0.107624,1.466445,1.809612,1.405182,0.781975,0.425438,1.0,145.060242,147.09860235000002,2.215699003775757,142.6672043424485,151.53000035755153,146.55848501748983,-0.21601144931187832,0.010099564819162611
2015-03-13,-0.635288,0.317649,-1.089066,0.00648,0.006479,-0.194478,1.235575,1.656077,1.433617,0.819725,0.391132,0.0,145.069641,147.14938435000002,2.1529982763360884,142.84338779732784,151.4553809026722,146.41669034915745,-0.30534263081960944,6.479167127566393e-05
2015-03-16,-3.250937,0.104274,-3.858182,5.68521,5.685209,-4.579529,-4.00172,-3.623877,-3.729991,-4.298843,-4.77269,1.0,153.317154,147.59843755,2.451276915441325,142.69588371911735,152.50099138088265,147.07387736352342,0.28606950481756144,0.05529476797602827
2015-03-17,-0.502856,0.423124,-0.815602,0.02454,0.024533,-3.439014,-3.748696,-3.414486,-3.48286,-3.982585,-4.563567,0.0,153.354767,148.01363454999998,2.688803784640308,142.63602698071935,153.3912421192806,147.67205732890216,0.74916700704253,0.000245297972282367
2015-03-18,-2.143624,0.636492,-2.828144,2.127912,2.127916,-3.788875,-5.312833,-5.088264,-5.170826,-5.647649,-6.249597,1.0,156.618027,148.51958169999997,3.2765972862333133,141.96638712753335,155.0727762724666,148.5240544404353,1.363772206711161,0.021055916045357545
2015-03-19,-0.851519,0.065046,-1.265449,1.543178,1.543181,-3.493587,-6.189467,-6.130925,-6.225833,-6.703096,-7.31053,1.0,159.034927,149.13367775,3.9993099644864656,141.13505782102706,157.13229767897295,149.5250899222986,2.0225600730417455,0.015313952889693713
2015-03-20,0.17636,1.328627,-0.934751,0.585421,0.585415,-2.192828,-5.840683,-6.192046,-6.40594,-6.848209,-7.506121,1.0,159.965942,149.71862035,4.665883687928468,140.38685297414307,159.05038772585695,150.5194567868416,2.589924297966917,0.005837085311680962
2015-03-23,1.417078,1.603227,-0.504381,-2.092894,-2.092892,0.319447,-3.13558,-3.910167,-4.16146,-4.543289,-5.209955,-1.0,156.618027,150.1004311,4.908543989270078,140.28334312145986,159.91751907854015,151.1002729976186,2.7378554793417607,-0.021151038201374595
2015-03-24,0.03012,1.349319,-0.367448,-0.318241,-0.318245,0.993921,-2.077579,-3.304211,-3.595259,-3.954936,-4.5702,0.0,156.119598,150.50669405,5.058999445193589,140.3886951596128,160.62469294038718,151.57830395022634,2.7827946273779673,-0.003187524507268012
2015-03-25,3.349524,3.841364,-0.031122,-3.246792,-3.246782,3.645868,1.701528,-3e-06,-0.281103,-0.611384,-1.200767,-1.0,151.050735,150.62612760000002,5.041324311285022,140.54347897742997,160.70877622257007,151.52805928830003,2.3819368587182623,-0.03300659360747364
2015-03-26,-1.065093,1.332917,-1.986921,-0.043576,-0.043579,2.624721,2.138269,0.083042,-0.188421,-0.455939,-1.003224,0.0,150.984909,150.70042189999998,5.03478443521672,140.63085302956654,160.76999077043342,151.4763306894143,2.03547884784561,-0.0004358823360743403
2015-03-27,-0.818009,0.528938,-0.977917,1.270628,1.270628,0.413307,1.369086,-0.856553,-1.290979,-1.583617,-2.052404,1.0,152.903366,150.9294151,5.02512889940304,140.8791573011939,160.9796728988061,151.612238814232,1.8938803510326636,0.012626235657993824
2015-03-30,0.121719,0.919,-0.76684,1.057877,1.057873,-0.909255,0.385857,-1.51705,-2.18185,-2.470452,-2.858011,1.0,154.520889,151.14947505,5.083828805047742,140.98181743990452,161.3171326600955,151.88925311763848,1.8903918495292658,0.010523164000881206
2015-03-31,2.170786,2.65248,-0.081329,-2.714377,-2.714364,1.084755,2.985283,1.492216,0.587723,0.312777,-0.03067,-1.0,150.32663,151.2101341,5.065461336888453,141.0792114262231,161.3410567737769,151.74043186833956,1.5315310024877817,-0.027518831042103637
2015-04-01,1.444932,1.457666,-1.565886,-1.720363,-1.720375,2.406112,4.18714,3.455546,2.281983,2.043789,1.747291,-1.0,147.740448,151.11185985,5.115003815781635,140.88185221843673,161.34186748156327,151.35948102373578,1.0266137576263645,-0.017353455589840732
2015-04-02,0.795477,1.475486,-0.545295,-0.776576,-0.776581,2.608422,4.153839,4.334961,2.963179,2.763153,2.53999,-1.0,146.593124,150.93693994999998,5.210656901709701,140.5156261465806,161.35825375341938,150.90554225957047,0.5277995998844744,-0.007796119235355097
2015-04-06,-0.309116,1.281559,-0.437914,-0.384915,-0.384901,2.063366,3.601874,4.781892,3.373897,3.097364,2.885102,0.0,146.028885,150.95574945,5.1912205458334215,140.57330835833318,161.33819054166685,150.44109871103993,0.08596545806523181,-0.003856440608924387
2015-04-07,-1.055445,1.392422,-1.271618,1.287996,1.288005,-0.128442,1.695689,3.205732,2.131533,1.726586,1.552628,1.0,147.909744,151.0624885,5.100239317497538,140.86200986500492,161.26296713499508,150.2000173099885,-0.11114052151469878,0.01279780529369817
2015-04-08,-1.652847,0.411653,-1.665314,1.939219,1.939183,-1.968423,-0.593133,1.128523,0.399193,-0.164394,-0.317663,1.0,150.777985,151.37988049999998,4.857520426185893,141.66483964762818,161.09492135237178,150.25506185189437,-0.03549617478654454,0.01920620695335239
2015-04-09,-0.161006,0.191961,-1.498544,0.72351,0.723532,-2.128929,-1.253333,0.193607,-0.049855,-0.824578,-0.963329,1.0,151.868912,151.79319759999998,4.499418452580335,142.79436069483933,160.79203450516064,150.40876186599965,0.11119936951371301,0.007209270841755463
2015-04-10,-1.095611,0.18974,-1.879059,1.170351,1.170334,-2.342994,-2.222416,-1.19924,-0.926665,-1.879291,-2.019007,1.0,153.646286,152.22249979999998,4.224401544318303,143.77369671136339,160.67130288863657,150.71709749780922,0.3666493672473905,0.01163538877062515
2015-04-13,0.203091,1.37239,-0.092319,-0.544742,-0.544732,-0.920674,-1.693027,-0.970317,-0.130779,-1.154534,-1.384498,-1.0,152.809326,152.60948405,3.8746927859641493,144.8600984780717,160.35886962192828,150.91635735516073,0.4958438741071234,-0.005462207563948263
2015-04-14,-0.043063,0.553604,-1.236396,0.049235,0.049238,-0.31864,-1.848438,-1.181855,-0.194076,-1.017168,-1.372748,0.0,152.884567,152.5878547,3.8717407809466957,144.84437313810662,160.3313362618934,151.10380589276446,0.5974161302039818,0.0004922636875797392
2015-04-15,-1.420201,0.265911,-1.577325,1.783843,1.783842,-1.44437,-3.228984,-2.935476,-1.870733,-2.464496,-2.962069,1.0,155.611786,152.70070565,3.9277585419608383,144.84518856607832,160.5562227339217,151.5331373315488,0.8877433037248466,0.0176811817881182
2015-04-16,-0.281657,0.461439,-1.078677,0.846071,0.846073,-1.626415,-3.455383,-3.500127,-2.684124,-2.943128,-3.622779,1.0,156.928375,152.71622305,3.944626070562653,144.8269709088747,160.6054751911253,152.0469694904489,1.2101179233924313,0.008425136684664294
2015-04-17,0.868076,1.173736,-1.137059,-1.971591,-1.971596,0.376578,-1.042911,-1.435787,-0.895889,-0.762927,-1.603291,-1.0,153.834381,152.45619575,3.667879034000747,145.1204376819985,159.7919538180015,152.2171991580252,1.2020857772813827,-0.019912915409221816
2015-04-20,-0.801351,0.048203,-1.753331,1.461058,1.461054,-0.649509,-1.823817,-2.719359,-2.447423,-1.909736,-2.797487,1.0,156.081985,152.26199789999998,3.337263284728299,145.5874713305434,158.93652446945657,152.58527400011803,1.3613898476812096,0.014504838418518138
2015-04-21,-0.813256,0.249316,-0.825122,1.500275,1.500285,-1.418742,-2.611311,-3.99304,-3.83237,-3.230685,-3.96811,1.0,158.42366,152.35227955,3.4825676642711314,145.38714422145773,159.31741487854225,153.14131076201156,1.657486599730305,0.01489142284181131
2015-04-22,2.329974,2.661147,-1.235962,0.379912,0.379901,-1.362505,-2.461262,-3.991717,-4.104963,-3.454283,-4.025622,0.0,159.025513,152.4975753,3.701737945055704,145.0940994098886,159.9010511901114,153.70171097515333,1.918593563874424,0.0037918115547380727
2015-04-23,-0.727077,0.224629,-1.531002,0.041391,0.041403,-1.13141,-2.047648,-3.555795,-3.891945,-3.432053,-3.740816,0.0,159.091354,152.89960624999998,3.963693157298969,144.97221993540205,160.8269925645979,154.21501031085302,2.1065525065642703,0.00041394221916650216
2015-04-24,0.142928,0.798044,-1.101784,-0.744809,-0.744805,0.126249,-1.04283,-2.354445,-2.95159,-2.735999,-2.747315,-1.0,157.906433,153.24568245,4.0879365485882415,145.0698093528235,161.4215555471765,154.56657437648607,2.135283877542747,-0.007475929279701127
2015-04-27,3.762779,3.904419,-0.511148,-3.29343,-3.293455,3.093992,2.320497,1.262485,0.34704,0.386269,0.731426,-1.0,152.705856,153.23580695,4.089045447833834,145.05771605433233,161.4138978456677,154.38936310253501,1.7185996482233747,-0.03348910021244597
2015-04-28,-0.20925,1.729336,-1.144686,0.067742,0.067758,2.28937,2.24629,1.407674,0.22309,0.218597,0.652141,0.0,152.809326,153.1502288,4.0786319852107065,144.9929648295786,161.30749277042142,154.23888337848408,1.3808064811130976,0.0006773477067728961
2015-04-29,0.18636,1.540571,-0.900731,-0.929293,-0.929282,2.240024,2.926443,2.385796,1.198278,1.033662,1.55298,-1.0,151.389297,153.20336215,4.046709164039724,145.10994382192055,161.29678047807946,153.96749419958084,0.9871393617974888,-0.00933626392397035
2015-04-30,1.22221,2.406436,-0.911914,-1.907064,-1.90706,2.801582,4.360062,4.225174,3.191358,2.929247,3.345137,-1.0,148.502213,153.24145040000002,3.995850506480395,145.24974938703923,161.2331514129608,153.4469912281922,0.4371525604898352,-0.019254784488744948
2015-05-01,-0.536294,0.829385,-1.066355,1.551515,1.551513,0.28934,2.564843,2.507264,1.754478,1.351946,1.584339,1.0,150.806244,153.4521064,3.7290613424235626,145.99398371515286,160.91022908484712,153.1954914921739,0.18506676960217305,0.015396000063583826
2015-05-04,-0.376288,1.141204,-0.407133,1.091295,1.091282,-0.826592,1.219546,1.385069,0.866696,0.246007,0.323443,1.0,152.451965,153.7732604,3.3090413657755238,147.15517766844894,160.39134313155105,153.1246794453002,0.11673722096253414,0.010853702270951806
2015-05-05,1.172852,1.724787,-0.125437,-1.647029,-1.647027,0.451585,2.348846,2.951997,2.623555,1.802557,1.855032,-1.0,149.94104,153.87482519999998,3.146795537125485,147.581234125749,160.16841627425094,152.82147568860492,-0.13842937379459386,-0.016607412664515566
2015-05-06,0.660587,0.905947,-1.446998,-0.307329,-0.307321,0.50582,2.025791,2.995905,2.896502,2.093733,2.020964,0.0,149.48024,153.80993795,3.226386879666965,147.35716419066608,160.26271170933393,152.50326276588063,-0.37352765317643843,-0.003077939976681431
2015-05-07,0.848645,1.215968,-0.443317,-0.660587,-0.660604,1.172908,1.990515,3.302103,3.46708,2.79292,2.64198,-1.0,148.492767,153.6411307,3.416035568257089,146.80905956348582,160.47320183651416,152.12131078817774,-0.6322375113453802,-0.006627960196136993
2015-05-08,-1.576935,0.320318,-1.977326,2.811908,2.811916,-1.350251,-1.142044,0.425859,0.605214,0.140695,-0.128534,1.0,152.668259,153.59222935,3.4229512273787406,146.7463268952425,160.4381318047575,152.17340109406558,-0.49463775337127913,0.027731075536867083
2015-05-11,0.782363,1.204596,-0.031048,-0.794624,-0.794631,-0.691707,-0.432777,1.026603,1.366352,1.086128,0.639559,-1.0,151.455109,153.5245185,3.4525197323727936,146.61947903525441,160.42955796474558,152.1049923232022,-0.477970276287607,-0.007978054712836004
2015-05-12,0.48028,0.644584,-1.598836,-1.744798,-1.260438,0.523173,0.620018,1.92048,2.548701,2.420289,1.813364,-1.0,149.546112,153.35759575,3.5639929840262887,146.22960978194743,160.48558171805257,151.8612894352782,-0.6117494178740515,-0.012684484065828948
2015-05-13,0.85233,1.79936,-0.467204,0.094789,0.094779,0.455727,0.411075,1.408099,2.253722,2.294176,1.702733,0.0,149.687851,153.061399,3.612623163927217,145.83615267214557,160.28664532785442,151.65429529858505,-0.6982838174887718,0.0009473457436412723
2015-05-14,-1.28411,0.11113,-2.339791,2.266555,2.266557,-1.171294,-1.515275,-1.1012,-0.138229,0.058669,-0.435046,1.0,153.080612,152.86901085,3.496437872403019,145.87613510519395,159.86188659480604,151.7901349844341,-0.487476172543154,0.02241252597143713
2015-05-15,0.560485,0.782215,-0.418827,0.2346,0.234603,-1.302047,-1.574151,-1.526745,-0.384818,-0.180906,-0.519345,0.0,153.439743,152.84927895,3.4918136353694553,145.8656516792611,159.83290622073892,151.9472405097261,-0.2881095769585045,0.0023432777528322336
2015-05-18,-1.064614,0.281444,-1.327703,0.665189,0.665186,-1.565099,-2.094511,-2.101719,-1.095558,-0.797744,-0.994748,1.0,154.460403,152.76819985,3.4310988166945626,145.9060022166109,159.63039748338912,152.18658931832363,-0.04720720632141706,0.006629836015514373
2015-05-19,0.183421,0.34238,-0.672531,0.073419,0.07341,-0.986786,-1.866619,-2.097433,-1.292642,-0.826802,-0.923666,0.0,154.573792,152.57570645,3.197130308915728,146.18144583216855,158.96996706783148,152.41394195467376,0.1511172174691353,0.0007338282101004997
2015-05-20,-0.006095,0.981827,-0.963533,0.256785,0.256787,-0.558599,-1.763676,-2.194122,-1.676285,-1.097361,-1.087247,0.0,154.970718,152.3729667,2.879375020813147,146.61421665837372,158.1317167416263,152.65744443518102,0.33644107978398097,0.0025645825057679507
2015-05-21,-0.195308,0.543213,-0.622552,-0.085376,-0.085366,-0.246585,-1.269919,-1.837748,-1.729612,-1.06685,-0.938809,0.0,154.838425,152.16032024999998,2.487469610091591,147.1853810298168,157.13525947018317,152.8651568699257,0.4672504638792816,-0.000854029075835457
2015-05-22,0.0,0.605212,-0.336229,-0.158688,-0.15869,0.061127,-0.98851,-1.518439,-1.680595,-0.889982,-0.760952,0.0,154.592712,151.9946342,2.175367805657325,147.64389858868535,156.34536981131467,153.02968592993275,0.5448106199211509,-0.0015881598343855787
2015-05-26,1.031381,2.169682,-0.635177,-2.793744,-2.793744,2.379722,1.778506,1.215326,1.064219,1.803874,2.034972,-1.0,150.273788,151.87303079999998,2.201339355045179,147.47035208990962,156.27570951009034,152.76721946041536,0.2548389060517309,-0.02833511035416672
2015-05-27,-0.299174,0.349039,-0.723014,0.899319,0.899319,1.078281,1.008472,0.387241,0.124384,0.717144,1.097845,1.0,151.625229,151.81382595,2.1907299541790914,147.4323660416418,156.19528585835818,152.65845846418532,0.1325562025238014,0.008952993889175621
2015-05-28,1.429933,1.429933,-0.966002,-1.925951,-1.925971,2.22054,2.925974,2.323882,2.000363,2.417409,2.928377,-1.0,148.704971,151.67960965,2.297723482947156,147.08416268410568,156.27505661589433,152.28193584854864,-0.1977150005538988,-0.019447594936476846
2015-05-29,0.339177,1.094334,-0.435168,-0.69273,-0.692717,1.963399,3.277876,3.000718,2.683853,2.822588,3.437481,-1.0,147.674866,151.6382423,2.3644185660650905,146.9094051678698,156.3670794321302,151.843167291544,-0.5363949459788557,-0.006951276836740711
2015-06-01,0.356618,0.617717,-0.974335,0.492771,0.492787,0.629167,2.432007,2.304007,2.099338,2.062213,2.808249,0.0,148.402588,151.5180595,2.4677646759887613,146.58253014802247,156.4535888519775,151.5154930733017,-0.7375778212151829,0.004915764139431123
2015-06-02,0.28126,0.97801,-1.048325,-0.375722,-0.375736,0.680133,2.370876,2.527062,2.328604,2.315631,3.010281,0.0,147.844986,151.28771054999999,2.588084682003972,146.11154118599205,156.46387991400792,151.1659209710825,-0.9312753579819457,-0.0037644369602882867
2015-06-03,0.203648,0.464581,-0.46459,0.441066,0.441059,-0.183286,1.512128,2.029746,1.830637,1.750183,2.335116,0.0,148.49707,151.21551205,2.6470973650821232,145.92131731983577,156.50970678016424,150.91174468812227,-1.0204017658991233,0.004400894434344373
2015-06-04,-0.942495,0.240373,-1.132262,0.610953,0.61097,-0.695811,0.523114,1.39751,1.20972,1.079151,1.49902,1.0,149.404343,151.2117172,2.6497690164150045,145.91217916717,156.51125523283002,150.76818262258683,-1.0062265838866722,0.006091114479612309
2015-06-05,0.794913,1.367246,-0.775835,-0.53134,-0.531356,-0.03942,0.641024,1.738639,1.754337,1.622024,1.806136,-1.0,148.610474,151.21760255,2.6435355533559255,145.93053144328815,156.50467365671187,150.56268656329286,-1.046982283633156,-0.005327727566035533
2015-06-08,0.530454,1.2782,-0.536842,-0.496025,-0.496009,0.387286,0.688302,1.994835,2.099435,2.049257,2.087457,0.0,147.873352,150.9778572,2.721332637587633,145.53519192482472,156.42052247517526,150.30655946202688,-1.1257837203732208,-0.00497243663325883
2015-06-09,1.130491,1.492247,-0.574935,-1.067296,-1.067307,1.258399,1.502584,2.723083,3.024549,2.981844,3.042729,-1.0,146.29509,150.71985625,2.911651952237191,144.8965523455256,156.54316015447438,149.92451475135766,-1.3005945358205508,-0.010730431401466794
2015-06-10,-1.382198,0.212152,-3.021534,0.484496,0.484501,0.567018,0.698806,1.884492,2.441333,2.405382,2.414254,0.0,147.003891,150.59274520000002,3.0190988767347764,144.55454744653048,156.63094295346957,149.6463601083712,-1.3661904563468568,0.004833309528960172
2015-06-11,-0.031655,0.639399,-0.962272,1.549344,1.549339,-0.983794,-0.798937,0.075967,0.864774,0.837657,0.804654,1.0,149.281479,150.5724266,3.026866811063807,144.51869297787238,156.62616022212762,149.61160952662155,-1.2203262179404533,0.0153745887900407
2015-06-12,0.710992,1.03767,-0.710992,-1.164859,-1.164851,0.038433,0.36126,0.925782,1.86587,2.000348,1.971036,-1.0,147.542572,150.2955246,3.038629033754652,144.2182665324907,156.37278266750928,149.41455833360996,-1.2308544959076357,-0.011716886741351747
2015-06-15,-0.864834,0.172959,-1.620755,-0.012804,-0.012793,0.003829,0.314525,0.619242,1.678392,1.873908,1.909913,0.0,147.523697,149.9997223,3.004198821073716,143.99132465785257,156.00811994214743,149.2344763018376,-1.2265820128801295,-0.0001279373619338017
2015-06-16,-0.268833,0.371249,-0.729693,0.083274,0.083243,0.103712,0.217646,0.416924,1.363071,1.685994,1.716661,0.0,147.6465,149.65902715000001,2.8543366798376444,143.95035379032473,155.3677005096753,149.08324046356734,-1.19946023258359,0.000832082698954434
2015-06-17,0.77739,0.854483,-0.494693,-0.371249,-0.371253,0.489579,0.496007,0.585951,1.486691,1.998352,2.031277,0.0,147.098358,149.28525545,2.6596945515763246,143.96586634684735,154.60464455315264,148.8942040384657,-1.2082683393873594,-0.003719438131309385
2015-06-18,-2.36697,0.405951,-2.379464,2.871829,2.871838,-2.045959,-2.182728,-2.106742,-1.467013,-0.805884,-0.776507,1.0,151.322784,149.10285875,2.3571525429860274,144.38855366402794,153.81716383597205,149.12549736813563,-0.8644085901380265,0.0283137326217505
2015-06-19,-0.367096,0.939519,-0.591088,0.374723,0.374727,-1.839226,-2.332004,-2.287204,-1.931928,-1.207563,-1.072386,0.0,151.889832,148.9554291,2.0519949697447517,144.8514391605105,153.0594190394895,149.3887673330751,-0.5399173952544913,0.0037402708933828997
2015-06-22,-0.369872,0.641101,-0.474666,0.9333,0.933319,-1.992378,-2.880671,-2.977453,-2.880671,-2.124537,-1.973261,1.0,153.307449,148.89116595000002,1.87899059446544,145.13318476106915,152.64914713893089,149.76197511087747,-0.16644724091261764,0.009289907109589917
2015-06-23,1.0885,1.119425,-0.402009,-0.326716,-0.326719,-0.995747,-2.136198,-2.442958,-2.479448,-1.847004,-1.622458,0.0,152.806564,149.01780475,2.0542569135589743,144.90929092288206,153.12631857711796,150.05193595746056,0.08809777734279578,-0.0032725417703770875
2015-06-24,1.025705,1.219587,-0.381512,-1.113243,-1.113255,0.649199,-0.763024,-1.229594,-1.398773,-0.833822,-0.480538,-1.0,151.105438,148.9918152,2.022576523879554,144.9466621522409,153.0369682477591,150.15226948532145,0.15082131270139598,-0.01119497588285341
2015-06-25,1.297564,1.310154,-0.466107,-0.706738,-0.706736,1.194261,-0.006298,-0.498445,-0.652556,-0.25951,0.235577,-1.0,150.037521,149.0584427,2.0345429676100766,144.98935676477984,153.12752863522016,150.141341058148,0.1130549621965713,-0.0070924552256145705
2015-06-26,0.879635,1.120104,-0.499942,-0.466107,-0.46611,1.326419,0.582203,-0.0,-0.131629,0.060245,0.621439,0.0,149.338181,149.14160844999998,2.0088432760412154,145.12392189791754,153.15929500208242,150.06484962403866,0.02638975924043052,-0.004671997542896281
2015-06-29,3.317941,4.195251,-0.112146,-4.062775,-4.062776,4.21636,4.54485,4.020667,3.918534,3.981529,4.645996,-1.0,143.270905,148.8850243,2.3981996986546936,144.0886249026906,153.68142369730938,149.41780727889213,-0.5258102916139933,-0.04147612664362738
2015-06-30,-0.182386,0.455965,-1.309281,1.266489,1.266502,1.848609,3.060826,2.664136,2.523763,2.538028,3.121839,1.0,145.085434,148.7470467,2.536577932219883,143.67389083556023,153.82020256443977,149.00520029995002,-0.8077047668803914,0.012585490280467378
2015-07-01,-0.032262,0.490351,-1.006524,0.957531,0.957519,0.25034,2.040777,1.666343,1.482353,1.424864,1.959479,1.0,146.474655,148.64592595,2.5868807887039633,143.47216437259206,153.81968752740792,148.76419598566906,-0.9085366005862454,0.00952964116693023
2015-07-02,1.233198,1.50725,-0.163121,-1.116207,-1.116188,0.664222,2.744998,2.609495,2.470298,2.46299,2.877231,-1.0,144.839722,148.4176949,2.7146512418039674,142.98839241639206,153.8469973836079,148.39043655846248,-1.1076042127422454,-0.01122464454103069
2015-07-06,-1.527509,1.016186,-1.689321,0.809086,0.809073,-0.599351,1.5178,1.71607,1.558896,1.595077,1.85005,1.0,146.011581,148.28775025,2.766641551402899,142.7544671471942,153.82103335280578,148.16387888622796,-1.1574649662805143,0.008058174944022306
2015-07-07,-0.090095,0.199497,-2.065774,0.576051,0.576047,-0.680861,0.496819,1.103031,0.942469,0.970977,1.091019,1.0,146.852676,148.23671645000002,2.7840469145282647,142.6686226209435,153.80481027905654,148.03900242087292,-1.1162432778414484,0.005743939674470574
2015-07-08,1.181802,1.667657,-0.249494,-1.98211,-1.98211,1.168674,1.913207,2.975949,2.901978,2.904341,2.988642,-1.0,143.941895,148.11905670000002,2.9169750815765436,142.28510653684694,153.9530068631531,147.64880171412312,-1.3034254162115246,-0.020020168954075327
2015-07-09,0.746814,1.711715,-0.178445,-0.656556,-0.656563,1.350879,2.019705,3.465302,3.441949,3.430582,3.468164,-1.0,142.996826,147.91870345,3.127610094945414,141.6634832601092,154.17392363989083,147.20575640801616,-1.510614357484826,-0.006587276991341974
2015-07-10,-0.071383,0.279035,-1.044777,1.843902,1.843911,-0.375087,-0.129789,1.3316,1.443862,1.454375,1.524545,1.0,145.63356,147.7363075,3.1502406837870565,141.4358261324259,154.03678886757413,147.05602341677653,-1.4453891421578078,0.018271169498921814
2015-07-13,-0.308164,0.513613,-0.539289,1.077215,1.077215,-1.275038,-1.339236,0.039381,0.351183,0.334876,0.431863,1.0,147.202347,147.71929625,3.1522598716428347,141.41477650671433,154.0238159932857,147.06995899613116,-1.2526696926319971,0.010714546752842684
2015-07-14,-1.870456,0.621385,-2.234504,2.285575,2.285568,-2.987698,-3.059249,-2.317346,-1.790108,-1.83555,-1.764373,1.0,150.566757,147.87144925,3.2151358047525544,141.4411776404949,154.3017208595051,147.402987377452,-0.8190172499250821,0.022598403486846313
2015-07-15,0.006239,1.308823,-0.542222,0.709258,0.709265,-2.65628,-3.310064,-3.056818,-2.350265,-2.386039,-2.372909,1.0,151.634674,148.07085794999998,3.322339445079244,141.4261790598415,154.71553684015845,147.806005151028,-0.3847375725914617,0.0070676134243982764
2015-07-16,-0.803482,0.43548,-1.208284,1.614208,1.614194,-2.763726,-4.352291,-4.468009,-3.674849,-3.752929,-3.802937,1.0,154.082352,148.42005765000002,3.572367225841737,141.27532319831656,155.56479210168348,148.4037524699777,0.15515087628921265,0.016013045358427378
2015-07-17,-0.134747,0.140868,-1.635327,0.141076,0.141078,-1.777421,-3.873946,-4.418441,-3.714085,-3.75843,-3.832704,0.0,154.299728,148.56890485000002,3.7569300016721687,141.05504484665568,156.08276485334437,148.96527394902742,0.5937128362237445,0.0014097838370033314
2015-07-20,-0.474625,0.645003,-0.882315,0.655351,0.655348,-1.372756,-3.901048,-4.784376,-4.230847,-4.184969,-4.315024,1.0,155.310928,148.73995965,3.9869330109304593,140.7660936281391,156.71382567186092,149.56962195388195,1.0112150802040958,0.006532098142729229
2015-07-21,0.623093,0.989621,-0.812463,-0.389436,-0.38942,-0.452055,-3.01772,-3.919366,-3.811241,-3.624682,-3.79373,0.0,154.706116,148.809893,4.082390366599163,140.64511226680168,156.9746737331983,150.05881186303606,1.278547048220588,-0.0039018033299362954
2015-07-22,-1.692541,0.261792,-1.692541,0.335982,0.335966,-0.322676,-2.615517,-3.80557,-4.055392,-3.752074,-3.924088,0.0,155.225876,148.9308586,4.23985548566478,140.45114762867044,157.41056957132955,150.55091320941358,1.5148871707608862,0.0033540292752596624
2015-07-23,0.548442,0.621565,-0.798302,-0.091321,-0.091311,-0.102383,-1.747109,-3.347554,-3.839428,-3.458135,-3.662605,0.0,155.084137,149.12979355,4.436058311167495,140.257676927665,158.001910172335,150.98264880851704,1.6714834471584084,-0.0009135316549211592
2015-07-24,2.219563,3.241062,-0.870161,-3.357715,-3.35772,2.778237,1.949687,0.234575,-0.503804,-0.142494,-0.302236,-1.0,149.876846,149.1217598,4.434473094424209,140.2528136111516,157.99070598884842,150.87733425532494,1.3597281600378608,-0.034153858798350895
2015-07-27,-3.727195,0.241639,-3.854047,4.382368,4.382372,-1.391806,-1.739758,-3.529052,-4.453901,-4.218428,-4.298249,1.0,156.445007,149.4771011,4.7277692720499696,140.02156255590006,158.93263964409994,151.40758880243683,1.6239358278490101,0.04289062505338388
2015-07-28,-3.832355,1.192543,-3.832355,4.349409,4.349425,-4.455267,-5.058487,-6.880491,-7.824489,-7.967131,-7.966128,1.0,163.249466,150.47602915,5.408999632340932,139.65802988531811,161.29402841468186,152.5353866307762,2.355235592340904,0.042574941838544066
2015-07-29,0.845627,1.288851,-1.370506,-0.735211,-0.735228,-2.905461,-3.712603,-5.445849,-6.618355,-7.057323,-6.988196,-1.0,162.04921,151.32421795,5.832665624861229,139.65888670027752,162.98954919972246,153.44146504689277,2.8056040392523585,-0.007379442557424063
2015-07-30,-0.931916,0.460128,-2.026906,0.128303,0.128313,-2.145734,-3.332177,-4.775669,-6.251681,-6.901514,-6.795975,0.0,162.257141,152.11334225000002,6.198199993085936,139.71694226382814,164.5097422361719,154.281053232903,3.143071203764123,0.0012823124052366672
2015-07-31,0.51532,2.956001,-0.334105,2.853977,2.853959,-2.822344,-5.260197,-6.568878,-8.192412,-9.080909,-9.071281,1.0,166.887894,153.21575085,6.77072534937479,139.67430015125043,166.75720154874958,155.48170473453126,3.741054877341554,0.02813992664292965
2015-08-03,0.689109,0.831486,-0.894124,-0.566283,-0.566262,-1.124215,-4.079967,-5.283909,-7.069033,-8.162886,-8.271167,-1.0,165.942871,154.21231534999998,7.112732916946041,139.9868495161079,168.43778118389207,156.47800628362353,4.091541050345626,-0.0056787150645467325
2015-08-04,0.566356,0.812356,-0.675062,-0.449908,-0.449912,-0.441654,-3.011449,-4.265455,-6.093829,-7.216939,-7.61671,0.0,165.196274,155.12949525,7.294147251092958,140.5412007478141,169.7177897521859,157.308317494707,4.259953635458828,-0.004509272167621872
2015-08-05,-0.515758,0.612107,-0.600769,0.938215,0.938206,-0.80367,-3.222056,-4.551122,-6.282872,-7.559735,-8.19674,1.0,166.746155,156.26970824999998,7.235401887423166,141.79890447515365,170.7405120248463,158.20715916187777,4.466991568120648,0.009338319706015157
2015-08-06,4.290934,4.302725,-0.831076,-3.842665,-3.842668,2.921139,0.973126,-0.476637,-1.996932,-3.519742,-4.336119,-1.0,160.338654,157.13679965,6.56954590817601,143.99770783364798,170.27589146635202,158.41015867027033,4.067155206894228,-0.03918446014089224
2015-08-07,-1.532122,0.092858,-3.429867,1.561944,1.56194,0.841517,0.216481,-1.657469,-2.975733,-4.561304,-5.545227,1.0,162.843048,157.99727405000002,6.093344770184902,145.81058450963022,170.1839635903698,158.8323386064351,3.9073244713818553,0.01549867530114171
2015-08-10,1.348176,2.397418,-0.08793,-0.992393,-0.992384,1.267288,1.517583,-0.427124,-1.568293,-3.227202,-4.352679,-1.0,161.22702,158.6985077,5.570195099707635,147.55811750058473,169.83889789941526,159.0604035010603,3.608659131919069,-0.009973407327139224
2015-08-11,0.658519,0.694114,-0.990745,-1.195784,-1.195797,1.752501,2.498233,0.970192,-0.102919,-1.743461,-2.859699,-1.0,159.299072,159.13512344999998,5.231166908644551,148.67278963271087,169.5974572672891,159.08313383429268,3.1797413288423115,-0.012030042479696844
2015-08-12,-1.717262,0.33408,-3.516587,1.222115,1.222118,-0.158241,1.210888,1.1e-05,-1.011009,-2.500517,-3.69846,1.0,161.245895,159.6156845,4.939192739414443,149.7372990211711,169.49406997882886,159.28911108816956,2.9627603682682775,0.01214710657496539
2015-08-13,1.138924,1.42959,-0.326256,-1.195635,-0.736017,0.547129,1.824014,0.948699,-0.090326,-1.351183,-2.701504,-1.0,160.059097,159.91452175,4.764504974973807,150.3855118000524,169.4435316999476,159.36244307977248,2.66432404453343,-0.0073873946988976
2015-08-14,0.220603,1.138805,-0.632004,-0.510144,-0.510142,0.610491,1.866019,1.858416,0.577167,-0.503511,-1.901112,-1.0,159.242569,160.16166379999999,4.58265421401916,150.99635537196167,169.3269722280383,159.3510265007465,2.3350076080513418,-0.00511447240543042
2015-08-17,-1.613752,0.0589,-2.232165,1.234195,1.234204,-0.618475,0.330397,0.813571,-0.466126,-1.369013,-2.782873,1.0,161.207947,160.45651475,4.441668737730803,151.57317727453838,169.3398522254616,159.527876072104,2.207168672254255,0.012266496981647279
2015-08-18,1.365367,1.502507,-0.369661,-1.219148,-1.219157,0.600999,1.194802,1.890068,0.904763,0.066222,-1.323665,-1.0,159.242569,160.6833374,4.243990243477115,152.19535691304577,169.17131788695423,159.50070396999885,1.925074751931703,-0.012266496981647272
2015-08-19,0.150087,0.690397,-1.272744,-0.685663,-0.685657,0.904117,1.349945,2.42917,1.69387,0.921875,-0.342934,-1.0,158.150711,160.82957915000003,4.093770550665822,152.64203804866838,169.01712025133168,159.37213321095135,1.595023039406243,-0.006880185409716354
2015-08-20,1.973322,2.699352,-0.074462,-3.253895,-3.253923,3.375763,4.279378,5.471089,5.04625,4.288071,3.226924,-1.0,153.004608,160.7256027,4.269993436853822,152.18561582629235,169.26558957370764,158.7657022384798,0.9077432755825043,-0.03308040688748514
2015-08-21,2.435723,5.62536,0.0,-3.698413,-3.6984,5.731044,7.232405,8.637458,8.994597,8.104409,7.230024,-1.0,147.345886,160.59905469999998,4.630704414841977,151.33764587031604,169.86046352968393,157.6781006919579,-0.09247645135155835,-0.0376852497105927
2015-08-24,-1.564615,4.592251,-5.174749,-4.865006,-4.864981,8.137342,11.214388,12.967556,13.988079,13.20078,12.54647,-1.0,140.177536,159.78568115000002,6.464379431521476,146.85692228695706,172.71444001304297,156.01138024510476,-1.4469047108998438,-0.049873055358165067
2015-08-25,5.034781,5.985263,-0.213511,-1.65944,-1.659447,6.858588,11.535217,13.551392,14.990357,14.621916,14.138168,-1.0,137.851364,158.51577605,8.04866484955391,142.41844635089217,174.61310574910783,154.28185488842811,-2.6771410884844045,-0.01673370128315421
2015-08-26,-1.785946,0.08443,-4.448624,6.054132,6.054121,-0.876736,4.138854,6.132237,7.883959,7.831669,7.498589,1.0,146.197052,157.72316815,8.4527802104167,140.81760772916658,174.6287285708334,153.51187366095877,-2.9447398790309194,0.058779350719637066
2015-08-27,-0.539427,0.886209,-2.799897,1.13002,1.130019,-2.681732,2.149373,4.383158,6.191218,6.431026,6.156876,1.0,147.849106,157.00276639999998,8.657521805179742,139.6877227896405,174.31781001035947,152.97256245515317,-2.9890509784159747,0.011236816657591808
2015-08-28,0.314328,1.353519,-1.398417,0.109169,0.10917,-2.698051,1.279109,3.601242,5.437711,6.264524,5.899472,0.0,148.010513,156.05889735,8.551479066302099,138.9559392173958,173.16185548260418,152.49998631656715,-2.9768286206303003,0.001091105413835314
2015-08-31,2.338914,3.010942,-0.316245,-2.636474,-2.636469,0.482275,2.835021,5.61468,7.535242,8.79959,8.507957,-1.0,144.108261,154.96716684999998,8.61673816222361,137.73369052555276,172.2006431744472,151.70077438165598,-3.244619484238342,-0.02671847541856896
2015-09-01,1.200318,2.393868,-0.345863,-2.84622,-2.846221,3.733887,4.473748,7.790127,9.78601,11.322937,11.336839,-1.0,140.006622,153.70768425,8.879819507704307,135.94804523459138,171.46732326540862,150.58704558340304,-3.7446476937975035,-0.0288751081158557
2015-09-02,-2.114378,0.039407,-3.309471,3.275455,3.275471,0.221935,0.222588,3.603638,5.537979,7.309311,7.56056,1.0,144.592499,152.60000145,8.543136223812116,135.51372900237578,169.68627389762423,150.0161363849837,-3.7279086933803285,0.032229712752913975
2015-09-03,2.311866,3.27682,-0.201034,-2.009322,-2.009337,1.407227,1.478927,4.863634,7.043883,8.929014,9.450953,-1.0,141.687149,151.6674262,8.670967977291863,134.32549024541626,169.00936215458373,149.22289949117572,-3.904076613926634,-0.02029798326168175
2015-09-04,0.319685,1.31955,-0.863831,-1.48093,-1.480959,1.724959,2.448671,5.501316,7.820034,9.784187,10.850568,-1.0,139.588821,150.50471484999997,8.652618267850452,133.19947831429906,167.80995138570088,148.30536820630186,-4.164997000520742,-0.014920342656694376
2015-09-08,-1.915109,0.064704,-2.303311,5.12855,5.128588,-2.877855,-2.101458,-0.302374,2.066808,3.905266,5.222568,1.0,146.747757,149.7807517,8.307107630784888,133.16653643843023,166.39496696156976,148.15702428189215,-3.7508742378748536,0.05001406576871975
2015-09-09,3.382314,3.759593,-0.304479,-2.25155,-2.251545,-0.161518,0.543405,1.259801,3.865152,5.692045,7.186027,-1.0,143.443665,148.98798135,8.105044746629895,132.7778918567402,165.1980708432598,147.70813292171195,-3.6472483669941766,-0.02277279437056144
2015-09-10,-1.501896,0.770542,-1.684734,1.363514,1.363501,-1.393497,-0.863916,-0.686956,1.923075,3.683063,5.362504,1.0,145.399521,148.19566265,7.602660471792794,132.99034170641443,163.40098359358558,147.48826511964415,-3.3684732218085287,0.013542891010216855
2015-09-11,-0.757133,0.156641,-1.488163,0.045715,0.045724,-0.919012,-1.073049,-1.077837,1.374895,3.226712,4.929584,0.0,145.466003,147.46600795,7.086943244042393,133.29212146191523,161.63989443808478,147.29566872729708,-3.1063690798902996,0.00045713221865185364
2015-09-14,1.913907,1.913907,-0.629137,-1.442469,-1.442486,1.058292,0.051003,0.184998,2.304974,4.194168,5.918481,-1.0,143.367676,146.6722633,6.568580915240695,133.53510146951862,159.80942513048137,146.9215741818402,-3.0330045233459657,-0.014529911632256823
2015-09-15,-0.078871,0.427234,-1.248846,0.754966,0.754959,-0.017073,-0.67502,-0.368505,0.958342,2.948864,4.628862,1.0,144.450043,145.8343681,5.616655891527793,134.6010563169444,157.0676798830556,146.6861902597602,-2.8546183491491774,0.007521233273055732
2015-09-16,0.522561,1.124495,-1.79256,-0.631002,-0.630993,0.631042,0.201755,0.528297,1.052396,3.163389,4.790308,-1.0,143.538574,145.04916835,4.659736218531964,135.72969591293608,154.36864078706392,146.38641728264017,-2.7550356160986667,-0.006329917153507757
2015-09-17,-1.435909,1.57884,-1.890718,1.805802,1.805783,-1.053849,-1.470323,-1.257859,-1.151304,0.919777,2.461332,1.0,146.130569,144.44816125,3.515712907944871,137.41673543411025,151.47958706588975,146.3620507795316,-2.4388497071149686,0.017896722832627412
2015-09-18,0.351948,1.846072,-1.035923,-2.15711,-2.157085,0.77959,0.792214,0.691943,0.677335,2.666842,4.315507,-1.0,142.978409,143.9468513,2.8906898206240106,138.16547165875198,149.728230941248,146.03979918148096,-2.4147869042688797,-0.021806897425792546
2015-09-21,3.3177,3.881982,-0.523482,-2.324192,-2.324201,2.645997,3.19533,2.689064,2.797615,4.548787,6.244248,-1.0,139.655304,143.56232219999998,2.9260387620514283,137.71024467589712,149.41439972410285,145.43175202133992,-2.6335063390274343,-0.023516360510496485
2015-09-22,-0.637287,0.582475,-2.131149,-0.788635,-0.78863,2.610838,3.424248,3.238087,3.556162,4.725832,6.543313,-1.0,138.55394,143.4811424,3.044993002727478,137.39115639454505,149.57112840545497,144.77672230502185,-2.862714348151343,-0.007917564044011668
2015-09-23,0.24705,0.905841,-1.15976,-0.143899,-0.143917,2.009341,3.205475,3.307271,3.723595,4.272868,6.192257,0.0,138.354538,143.50630110000003,2.9977419044112956,137.51081729117743,149.50178490882263,144.1650857045436,-3.0255764595942765,-0.0014402017295139355
2015-09-24,0.843151,1.477256,-1.498149,-1.516611,-1.516598,2.130862,4.123756,4.490284,4.956107,5.235878,7.216229,-1.0,136.256256,143.0092613,3.3334407407859947,136.34237981842801,149.67614278157197,143.4118638279204,-3.286079795230819,-0.015282158476768434
2015-09-25,5.435645,5.933734,-1.277704,-3.470139,-3.470143,4.061214,6.80719,7.731664,8.108721,8.36585,10.347466,-1.0,131.527969,142.19320445,4.0144588465588935,134.1642867568822,150.2221221431178,142.2800643204994,-3.8299149351713595,-0.03531782706830657
2015-09-28,4.348155,4.499393,-1.625839,-4.540528,-4.540514,6.764955,10.468825,12.110795,12.356687,12.826061,14.701792,-1.0,125.555923,141.07047495,5.251312324506609,130.56785030098678,151.57309959901323,140.68728895664233,-4.688753373185477,-0.04646826010273134
2015-09-29,-1.360041,3.123593,-1.785992,1.194799,1.194797,3.694502,7.79553,9.753885,10.359052,11.080843,12.45154,1.0,127.056061,140.21786495,6.0549506473505295,128.10796365529896,152.32776624470105,139.38907677029545,-5.188530276208695,0.011877153341444338
2015-09-30,-1.200118,0.672349,-1.778489,3.362726,3.362706,-0.74898,3.358882,5.568253,6.438339,7.268372,8.084643,1.0,131.328583,139.78396300000003,6.37344578145405,127.03707143709192,152.53085456290813,138.62141069693396,-5.180136860899694,0.033074035668909346
2015-10-01,-1.198027,0.292379,-2.588597,1.380848,1.380858,-2.568631,0.975544,3.516607,4.558587,5.41511,5.986362,1.0,133.142044,139.21144024999998,6.432781321225577,126.34587760754883,152.07700289245113,138.09956624960694,-4.969864369009201,0.013714108390580144
2015-10-02,-2.955012,0.049128,-4.793993,1.597379,1.59738,-3.547411,-1.182005,1.386488,2.677406,3.385697,3.882925,1.0,135.268829,138.89052425,6.46280101846081,125.96492221307838,151.81612628692162,137.82997222583484,-4.578826270017942,0.015847565987588654
2015-10-05,0.13908,0.771906,-1.09875,0.933531,0.933539,-2.831717,-2.324766,0.114963,1.615778,2.093178,2.658083,1.0,136.531616,138.73766400000002,6.481543219994183,125.77457756001166,151.70075043998838,137.7063192519458,-4.119541887389261,0.00929208255000342
2015-10-06,0.637299,1.522443,-2.237646,-1.79416,-1.794174,-0.008492,-0.873808,1.428509,2.999937,3.659264,4.382061,-1.0,134.082001,138.1043762,6.273126422282084,125.55812335543582,150.65062904456417,137.36114608509382,-3.90816823276694,-0.018104646304656687
2015-10-07,-3.647422,0.175613,-5.275243,4.836427,4.836422,-3.306983,-5.28942,-3.391639,-1.854094,-1.106912,-0.369008,1.0,140.566772,137.96053154999998,6.1764908688557805,125.60754981228843,150.31351328771154,137.66644379127536,-3.180720893871751,0.047231060883574864
2015-10-08,-1.480988,0.727159,-3.248829,1.249572,1.249585,-3.210139,-6.032018,-4.762284,-3.173447,-2.391191,-1.689344,1.0,142.323273,137.80671915,6.017752393161327,125.77121436367733,149.84222393632265,138.10995133496343,-2.4344162506476437,0.01241841913162963
2015-10-09,-0.227285,0.775456,-1.056221,-0.206803,-0.206791,-2.057634,-5.097942,-4.609499,-3.093801,-2.1793,-1.62222,0.0,142.028961,137.63486705,5.833774474206262,125.96731810158747,149.30241599841253,138.48319035068118,-1.8454398805928633,-0.002070053053262298
2015-10-12,-0.163367,1.365743,-0.914849,2.299621,2.299611,-3.052999,-5.872706,-6.495025,-5.205845,-4.221134,-3.895968,1.0,145.295074,137.73123695,5.948257137971809,125.8347226740564,149.62775122594363,139.13194117442583,-1.1024158769249652,0.022735680220010414
2015-10-13,2.683284,3.659028,-0.094864,-3.561391,-3.561394,1.389076,-1.464292,-2.967431,-1.859672,-0.87329,-0.441794,-1.0,140.120544,137.514762,5.76688688238989,125.98098823522021,149.04853576477976,139.22609382448053,-0.9204944395563643,-0.03626358702210372
2015-10-14,0.385635,2.110815,-0.460045,0.155845,0.155844,1.198841,-0.975574,-3.024149,-2.126377,-1.116025,-0.588815,0.0,140.338913,137.35477895000002,5.633827941924805,126.08712306615041,148.62243483384964,139.33207660310143,-0.7500536844720784,0.0015572236105965303
2015-10-15,-3.336827,0.15734,-3.651496,3.200051,3.200054,-1.59302,-3.239148,-5.636551,-5.206173,-4.197979,-3.665921,1.0,144.829834,137.2897422,5.533808480731401,126.2221252385372,148.3573591614628,139.8556725456632,-0.24971975174821637,0.031499190321862866
2015-10-16,0.380054,0.989446,-1.330187,0.045895,0.045904,-1.242392,-2.619105,-5.064771,-5.183485,-4.257662,-3.636295,0.0,144.896317,137.3856376,5.652911785315559,126.07981402936888,148.6914611706311,140.3357339222667,0.15042906450833016,0.00045893683354055603
2015-10-19,-1.204117,1.081115,-1.30122,1.218793,1.218765,-2.245082,-3.100911,-5.248469,-6.08628,-5.320631,-4.635835,1.0,146.662262,137.73598550000003,6.007023621821602,125.72193825635682,149.75003274364323,140.93826040586038,0.6030947859115088,0.012113974500775955
2015-10-20,2.485879,3.024263,-0.651377,-2.60245,-2.602434,0.748421,0.101696,-1.979837,-3.426718,-2.835758,-2.178794,-1.0,142.845474,137.95056219999998,6.11348502141066,125.72359215717866,150.1775322428213,141.11989979577845,0.6464014247782472,-0.02636896138438371
2015-10-21,1.519088,1.772273,-1.85888,-0.239283,-0.239288,1.293895,0.477721,-1.221927,-3.049496,-2.631748,-1.966146,0.0,142.503662,138.1580184,6.197733214128178,125.76255197174365,150.55348482825636,141.251686672371,0.6456976754598429,-0.0023957469665426036
2015-10-22,-0.137871,0.413633,-2.455512,1.479114,1.479122,-0.212728,-0.828575,-2.132933,-4.173726,-4.09297,-3.413216,1.0,144.611465,138.57577885,6.342695092939432,125.89038866412115,151.26116903587888,141.5716655607166,0.8059317559031456,0.014682896647616541
2015-10-23,-1.373996,0.288923,-2.497592,2.258553,2.258555,-2.013491,-2.62344,-3.726061,-5.737403,-6.078721,-5.49214,1.0,147.877594,139.3932601,6.439403655451287,126.51445278909742,152.27206741090257,142.1722301739817,1.1828327732772266,0.022334269715725687
2015-10-26,-1.62694,0.838695,-2.478249,1.817016,1.81701,-3.24379,-4.011226,-4.822804,-6.589104,-7.465002,-7.019382,1.0,150.564545,140.6436912,6.025850535728918,128.59199012854216,152.69539227145785,142.97149825265012,1.6789896869090342,0.018006998694718997
2015-10-27,-2.099021,0.08643,-2.562041,2.144024,2.14402,-3.851087,-5.137048,-5.966162,-7.680572,-9.010983,-8.768566,1.0,153.792679,141.98052209999997,5.814847002144624,130.3508280957107,153.61021610428924,144.00208689525488,2.3060977909007647,0.021213592476170252
2015-10-28,0.030739,0.122946,-2.422083,0.42598,0.425986,-2.71224,-4.625932,-5.765866,-7.323724,-8.980144,-8.920105,0.0,154.447815,143.13648369999999,5.883433963075142,131.3696157738497,154.90335162615028,144.99691814332584,2.823403048547874,0.004250817133034384
2015-10-29,2.746297,2.752521,-1.021298,-1.284807,-1.284809,-0.415993,-2.883923,-4.095986,-5.483872,-7.370283,-7.596215,-1.0,152.463455,144.10255425,5.740524601563703,132.62150504687258,155.5836034531274,145.7080168915805,3.0382271330457513,-0.0129313443062825
2015-10-30,1.820714,2.414975,-0.031602,-1.494588,-1.494578,1.402195,-1.058294,-2.278843,-3.553235,-5.467952,-6.034269,-1.0,150.184769,144.84835125,5.496186249479865,133.85597875104028,155.84072374895973,146.13437423523953,2.990137408557814,-0.015058598590496243
2015-11-02,-2.033148,0.271087,-2.427456,2.610953,2.61096,-0.71839,-3.09286,-4.384217,-5.43714,-7.132291,-8.112678,1.0,154.106033,145.7270721,5.501419826360909,134.72423244727815,156.72991175272182,146.8935798318834,3.231192018619339,0.025774562067781084
2015-11-03,-0.917152,0.424712,-1.206455,0.092421,0.092391,-0.750942,-2.443053,-3.861864,-4.870728,-6.512855,-7.858335,0.0,154.248413,146.7353927,5.087229331602075,136.56093403679586,156.90985136320415,147.5940401336088,3.3945877157487985,0.0009234827774703913
2015-11-04,0.59921,1.303435,-0.685694,-0.357012,-0.356985,-0.492968,-1.365222,-2.937993,-4.102744,-5.595764,-7.195467,0.0,153.697769,147.39194255,5.0965405783344035,137.1988613933312,157.5850237066688,148.17534764469366,3.4399935101864116,-0.0035762390901863395
2015-11-05,0.607863,0.781538,-1.488645,-0.407712,-0.407714,-0.006206,-0.408765,-2.181707,-3.359083,-4.688509,-6.449374,0.0,153.071121,147.92933495,5.100596644634458,137.72814166073107,158.13052823926893,148.64161177377045,3.386376631068458,-0.004085478626088638
2015-11-06,0.255508,0.255508,-2.256021,-0.471402,-0.471397,0.75158,0.356461,-1.392264,-2.562649,-3.788624,-5.550724,0.0,152.349548,148.4453643,4.993173135972733,138.45901802805452,158.43171057194547,148.9947485572209,3.2482165390977684,-0.004725117948913549
2015-11-09,0.075171,0.613917,-0.820646,-0.517264,-0.517268,0.939669,0.94405,-0.664046,-1.849288,-2.891699,-4.487681,-1.0,151.561493,148.75868524999998,4.981683873512678,138.79531750297463,158.72205299702534,149.23920040891417,3.0400899537748955,-0.005186101588656229
2015-11-10,1.187097,1.768014,-0.202053,-0.789332,-0.78934,1.226255,1.519235,0.459688,-0.727723,-1.685923,-3.211044,-1.0,150.365158,149.27091595,4.555170426864307,140.16057509627137,158.3812568037286,149.34643446520806,2.7469487834646884,-0.007924714542162184
2015-11-11,1.530023,1.727659,-0.063755,-0.95346,-0.953479,1.560649,2.126121,1.7145,0.516402,-0.514836,-1.885316,-1.0,148.931458,149.7005432,4.045042048184062,141.61045910363188,157.79062729636811,149.306912897093,2.3716062849770196,-0.009580535759850342
2015-11-12,3.285207,4.450921,-0.105967,-3.748569,-3.261331,3.73563,4.9868,5.118725,3.878871,2.887702,1.675336,-1.0,144.07431,149.66276699999997,4.096128398892465,141.47051020221505,157.8550237977849,148.80856976403652,1.663042876931371,-0.033156978545050585
2015-11-13,-0.574075,1.299902,-2.342463,0.377538,0.377534,2.276263,4.207017,4.573107,3.478554,2.572343,1.508417,0.0,144.61824,149.64886315,4.113593831844455,141.4216754863111,157.87605081368892,148.40949073889018,1.1323389774433963,0.003768234709429738
2015-11-16,-1.605175,0.181229,-2.200643,1.94655,1.946538,-0.23658,1.764724,2.434828,1.528912,0.671868,-0.183279,1.0,147.433289,149.6874145,4.087662363153021,141.51208977369396,157.86273922630602,148.31651914471016,0.9282034894976334,0.019278352656859055
2015-11-17,-1.706854,0.970812,-2.474625,2.006476,2.006502,-2.195452,-0.493477,0.269133,-0.217315,-1.035201,-1.785217,1.0,150.391541,150.06471785000002,3.7578491627641504,142.54901952447173,157.5804161755283,148.51414027378536,0.993676375129894,0.01986637107771447
2015-11-18,-1.746207,0.124283,-2.839916,2.106594,2.106582,-3.610488,-2.555411,-1.838099,-1.915962,-2.732583,-3.529468,1.0,153.559662,150.61751784999998,3.3813769269217846,143.8547639961564,157.38027170384356,148.99466615247246,1.2863764493417307,0.020847002453180583
2015-11-19,0.250796,1.272806,-0.413821,-0.888636,-0.88866,-1.679085,-1.739258,-0.969709,-0.787372,-1.666883,-2.448277,-1.0,152.195038,150.9966965,3.084604030979892,144.82748843804023,157.1659045619598,149.2994634712846,1.392181414045126,-0.008926325979690232
2015-11-20,0.519043,0.894248,-0.225127,0.263339,0.263358,-0.891753,-1.981215,-1.124491,-0.893371,-1.723343,-2.473688,0.0,152.595856,151.2326096,3.0130965835718446,145.2064164328563,157.2588027671437,149.61340561687655,1.4911858118720716,0.0026301194618746165
2015-11-23,-1.748013,0.406231,-1.748013,1.600899,1.600907,-1.472276,-3.301394,-2.642347,-2.310681,-3.055756,-3.800902,1.0,155.038773,151.45632099999997,3.124907603894226,145.20650579221152,157.70613620778843,150.13010727241212,1.7466363593219683,0.01588227150612818
2015-11-24,-1.08736,0.344021,-1.0935,0.190803,0.190785,-1.023459,-3.165613,-2.781121,-2.447072,-2.918754,-3.657608,0.0,155.334564,151.53341525000002,3.2036100748330747,145.12619510033386,157.94063539966618,150.62576981789667,1.9504668525169393,0.001906034148480338
2015-11-25,-0.548944,0.390362,-0.756322,0.71876,0.718781,-1.360181,-3.376036,-3.357602,-3.079238,-3.254981,-4.001873,1.0,156.45108,151.6335785,3.3284126126226843,144.97675327475463,158.29040372524537,151.18056126381126,2.1770023688090703,0.007162105082081901
2015-11-27,0.758312,0.905086,-0.232391,-0.262271,-0.262289,-0.607871,-2.355058,-2.97658,-2.709731,-2.707581,-3.509931,0.0,156.040726,151.81244205000002,3.468525324206566,144.87539140158688,158.74949269841315,151.64343409582924,2.2969435240942744,-0.0026263359742163604
2015-11-30,1.48355,1.80012,-0.459345,-1.47994,-1.479922,1.032887,-0.295481,-1.459213,-1.13293,-1.093787,-1.868933,-1.0,153.731445,151.98977585,3.471591458201905,145.0465929335962,158.9329587664038,151.8422922771788,2.180522371977645,-0.014909820803770459
2015-12-01,0.45068,0.89517,-0.901341,0.546238,0.546217,0.423521,-0.375341,-1.864729,-1.654979,-1.527411,-2.231474,0.0,154.571152,152.0130318,3.488033222916402,145.0369653541672,158.9890982458328,152.10218367935227,2.1314451345987493,0.0054473045933725005
2015-12-02,0.685267,1.164961,-0.261648,-0.901341,-0.901335,1.055323,0.712685,-0.849737,-0.795441,-0.647823,-1.11739,-1.0,153.177948,151.95950854999998,3.460026965190789,145.0394546196184,158.87956248038157,152.20463742417587,1.957565553921853,-0.009054216683380384
2015-12-03,3.634019,3.795674,-0.607816,-3.656871,-3.656879,3.688341,4.129985,2.852479,2.762653,2.937024,2.750459,-1.0,147.576416,151.6534409,3.5672512503503637,144.51893839929926,158.78794340070073,151.76385443139722,1.352180816309783,-0.03725418818517469
2015-12-04,-4.007921,0.322124,-4.014121,4.384093,4.384108,-0.92548,-0.123273,-1.035742,-1.521701,-1.345206,-1.36088,1.0,154.046326,151.70220115,3.594212300612894,144.51377654877422,158.8906257512258,151.98123267602605,1.3785852433509262,0.042907259156884904
2015-12-07,2.912193,2.950093,-0.480107,-1.938915,-1.938908,0.679706,1.74983,1.205295,0.382757,0.628604,0.659671,-1.0,151.059509,151.6376992,3.593559036299702,144.4505811274006,158.82481727259938,151.8934494687855,1.1452974953820387,-0.019579516842804193
2015-12-08,-1.719488,0.82836,-2.077197,0.663299,0.663304,-0.313791,0.883572,0.741329,-0.262258,-0.088254,0.029205,1.0,152.061493,151.6626992,3.5947400037749153,144.47321919245016,158.85217920754982,151.90945361461544,1.0294007185359533,0.006611139728864087
2015-12-09,0.291347,1.216036,-1.121036,-0.916227,-0.916251,0.274886,1.506757,1.685151,0.670098,0.740606,0.885075,-1.0,150.668228,151.6778527,3.589617524199341,144.4986176516013,158.85708774839867,151.79124165131873,0.8157236914509838,-0.009204744302503662
2015-12-10,-0.438402,0.739029,-1.672198,1.127367,1.127384,-0.214193,0.107091,0.499358,-0.339454,-0.417406,-0.285133,1.0,152.366837,151.84962165,3.533029485065631,144.78356267986874,158.91568062013124,151.84606025595502,0.7745184914106176,0.0112107606439828
2015-12-11,1.720924,2.339675,-0.232034,-2.830841,-2.830852,1.88335,2.484056,3.240744,2.698365,2.348196,2.520597,-1.0,148.053558,152.04858405,3.164994028035204,145.71859599392957,158.3785721060704,151.4848695649117,0.389329557003947,-0.028716927905963297
2015-12-14,-1.347167,0.145465,-2.95997,1.907836,1.907854,-0.048079,0.376306,1.23204,0.983163,0.393091,0.616592,1.0,150.878204,152.36158225,2.6608959319083088,147.03979038618337,157.68337411381663,151.42709189206298,0.3084344368049585,0.018898828634524942
2015-12-15,-0.596483,1.125324,-0.651825,2.852441,2.852431,-2.417907,-2.368097,-1.569303,-1.567765,-2.297814,-2.150722,1.0,155.1819,152.7490128,2.4622523415936577,147.8245081168127,157.6735174831873,151.78469266424747,0.5848549273977142,0.028125061921874073
2015-12-16,-0.164056,0.394941,-1.506864,1.205268,1.20527,-2.767046,-3.284122,-2.668616,-2.527956,-3.29105,-3.256515,1.0,157.052261,153.0820488,2.57450105045493,147.93304669909014,158.23105090090985,152.28636583908104,0.9439612613105339,0.01198064533327223
2015-12-17,1.951316,2.205298,-1.003528,-1.913968,-1.913971,-0.651672,-0.976889,-0.873441,-0.61017,-1.271136,-1.361199,-1.0,154.046326,153.106382,2.5815431082392957,147.9432957835214,158.2694682164786,152.4539810925019,0.9747652977230814,-0.019325247211246874
2015-12-18,1.070527,1.901766,-0.113355,-1.629183,-1.629198,1.453413,0.497494,0.570121,1.01418,0.560969,0.238683,-1.0,151.536606,153.0734604,2.59792329759111,147.87761380481777,158.2693069951822,152.36661203607315,0.7875854937987299,-0.016426155833249658
2015-12-21,0.376699,0.690612,-1.192864,0.302264,0.302272,1.294579,0.256159,0.190864,0.689986,0.45204,-0.07118,0.0,151.994659,153.04340055,2.6072019519750578,147.8289966460499,158.25780445395011,152.33118793739953,0.6684991574614116,0.0030181625455420907
2015-12-22,-1.109059,0.659268,-1.392489,1.896035,1.896022,-0.629688,-1.42759,-1.660285,-1.188833,-1.224877,-1.85925,1.0,154.876511,153.03528745,2.600910818288535,147.83346581342292,158.23710908657708,152.57359965764718,0.7974710004169481,0.018782714085736694
2015-12-23,0.19051,0.47935,-0.657576,0.258779,0.258778,-1.114791,-1.385188,-1.823977,-1.445719,-1.353967,-2.007113,0.0,155.277298,153.03242415,2.598276547133645,147.8358710557327,158.2289772442673,152.83109473787127,0.9214009400497503,0.002584441728282395
2015-12-24,0.091711,0.49526,-0.813208,0.51008,0.510089,-1.357388,-1.648423,-1.959437,-1.958112,-1.790274,-2.351976,0.0,156.069351,153.01333770000002,2.573122312967668,147.86709307406468,158.15958232593536,153.13950009616926,1.0711804660862754,0.005087928270308944
2015-12-28,0.729616,0.865646,-0.698689,-1.112814,-1.11281,0.115003,-0.13479,-0.843788,-0.910154,-0.629686,-1.031549,-1.0,154.332596,152.92793120000002,2.494495914172529,147.93893937165495,157.91692302834508,153.25312827748647,1.0377773543930857,-0.011190478286435457
2015-12-29,-0.924352,0.316228,-1.453417,1.675636,1.67563,-0.907324,-1.395644,-2.228974,-2.441615,-2.157133,-2.401274,1.0,156.91864,153.08729095,2.6457503079850158,147.79579033403,158.37879156597003,153.60222463201157,1.206074410993665,0.01661746659827499
2015-12-30,0.820633,0.894119,-0.232708,-0.699349,-0.699351,-0.088181,-0.660167,-1.379539,-1.714422,-1.447963,-1.534474,-1.0,155.821228,153.14979475,2.69692156696854,147.75595161606293,158.5436378839371,153.81355828610572,1.2366438039315142,-0.00701807870732768
2015-12-31,-0.11089,1.096531,-0.172488,-0.587906,-0.587903,0.454628,-0.2113,-0.613973,-1.077431,-0.876235,-0.855043,-1.0,154.905151,153.2361549,2.725374472367247,147.7854059552655,158.6869038447345,153.9175194969528,1.1734240086101124,-0.0058963751778595185
