date,c_open,c_high,c_low,n_close,n_adj_close,adj_sum_5,adj_sum_10,adj_sum_15,adj_sum_20,adj_sum_25,adj_sum_30,label,closing_price_for_label,melody_ma20,melody_std20,melody_lb20,melody_ub20,melody_ema20,melody_macd_12_26,melody_str_log_return
2013-06-03,1.03321,1.328413,-2.509225,-0.805271,-0.805275,0.177125,-0.678969,-1.043051,-1.896679,-3.433211,-4.531365,-1.0,12.909393,,,,,,,
2013-06-04,1.122754,2.320359,-0.374251,-1.402214,-1.402219,1.616774,0.621261,0.553897,-0.321851,-1.766462,-2.764466,-1.0,12.728375,,,,,,,-0.014121432733923318
2013-06-05,1.527884,2.750191,-0.91673,-2.020958,-1.947562,3.05467,2.36015,2.428904,1.734264,0.425862,-0.571089,-1.0,12.480482,,,,,,,-0.019667769213257715
2013-06-06,-0.909091,0.30303,-2.651515,0.840336,0.840344,1.257014,1.431356,1.45919,0.958344,-0.087062,-1.172597,1.0,12.585361,,,,,,,0.008368329127914714
2013-06-07,-0.373692,0.074738,-1.718984,1.363636,1.36364,-0.508442,0.201253,0.109213,-0.220597,-1.072702,-2.265616,1.0,12.75698,,,,,,,0.013544259669941798
2013-06-10,1.428571,1.879699,-0.300752,-0.597907,-0.597916,-0.270676,0.856542,0.651259,0.488515,-0.15609,-1.454851,-1.0,12.680704,,,,,,,-0.005997104815602207
2013-06-11,-0.07622,1.219512,-0.381098,-1.353383,-1.353379,0.74695,2.072552,1.83911,1.924221,1.289825,0.087499,-1.0,12.509086,,,,,,,-0.013626207713670305
2013-06-12,1.378254,1.454824,-0.689127,-0.457317,-0.457308,1.163851,2.227615,2.118126,2.289094,1.807122,0.741085,0.0,12.451881,,,,,,,-0.004583564422958293
2013-06-13,-1.589705,0.378501,-1.816805,1.148545,1.148549,0.030271,0.60531,0.91313,1.044347,0.711578,-0.130546,1.0,12.594897,,,,,,,0.011420036086805254
2013-06-14,1.224178,1.300689,-0.306044,-1.059803,-1.059818,0.627396,1.239372,1.927716,2.019589,1.842296,1.165986,-1.0,12.461414,,,,,,,-0.010654741856132783
2013-06-17,-0.302801,0.378501,-0.605602,1.071155,1.071171,-0.575328,-0.083282,0.837332,0.858903,0.823436,0.340888,1.0,12.594897,,,,,,,0.01065474185613287
2013-06-18,-0.37679,0.527506,-0.527506,0.454201,0.454184,-0.798784,-0.595322,0.346244,0.31627,0.457927,-0.012397,0.0,12.652101,,,,,,,0.0045315564163571805
2013-06-19,0.75815,1.592115,-0.15163,-0.602864,-0.602856,2e-06,0.083397,0.813381,0.833746,1.024756,0.669769,-1.0,12.575827,,,,,,,-0.006046809108231406
2013-06-20,1.474011,1.939488,-0.698216,-2.27445,-2.274451,1.830877,2.172227,2.678887,3.021485,3.208438,2.981645,-1.0,12.289796,,,,,,,-0.023007154651589604
2013-06-21,2.364066,2.442868,-2.364066,-1.55159,-1.551596,2.836885,3.238777,3.792942,4.444166,4.627017,4.549438,-1.0,12.099108,,,,,,,-0.015637593702267177
2013-06-24,0.813008,1.219512,-1.382114,-3.073286,-3.073293,4.617894,5.6992,6.411935,7.377733,7.580257,7.671946,-1.0,11.727267,,,,,,,-0.031215087685961953
2013-06-25,-0.47356,0.789266,-1.894238,3.00813,3.008143,0.615624,2.2573,2.946591,3.977578,4.176594,4.448605,1.0,12.08004,,,,,,,0.02963786056837571
2013-06-26,0.626959,0.705329,-0.626959,0.710339,0.71032,-0.768014,1.300957,2.048084,2.966034,3.231812,3.56301,1.0,12.165847,,,,,,,0.007078096028406392
2013-06-27,-1.306687,0.153728,-1.767871,1.959248,1.959247,-2.490384,-0.799372,-0.010233,0.676277,1.158937,1.46535,1.0,12.404206,,,,,,,0.01940300885838051
2013-06-28,0.855365,1.088647,-0.155521,-1.152959,-1.152948,-1.088651,0.194403,0.886473,1.543493,2.233062,2.521829,-1.0,12.261192,12.4504427,0.27947585784522844,11.891490984309543,13.009394415690457,12.419874707271063,,-0.011596456110730409
2013-07-01,0.154679,1.314772,-0.07734,0.544323,0.544319,-0.649652,-0.564575,0.149531,0.757935,1.586766,1.840497,0.0,12.327932,12.421369649999999,0.2586907314542691,11.90398818709146,12.938751112908538,12.411118258959535,,0.005428429568313634
2013-07-02,0.387597,1.550388,-0.775194,-0.232019,-0.232018,-0.062018,-0.620153,0.26874,0.817836,1.686577,1.922325,0.0,12.299329,12.399917349999999,0.2495189696495565,11.900879410700886,12.898955289299112,12.400471662868151,,-0.0023228740590522635
2013-07-03,-0.077942,0.077942,-0.779423,-0.542636,-0.542615,0.592344,-0.358552,0.696271,1.266549,2.04185,2.322519,-1.0,12.232591,12.387522800000001,0.2514557149736415,11.884611370052719,12.890434229947283,12.38448302830928,,-0.005440924692456424
2013-07-05,-0.535988,0.153139,-1.148545,1.792673,1.79267,-1.102613,-1.983168,-1.153661,-0.570454,0.012128,0.459253,1.0,12.451881,12.380848799999999,0.24767133721433496,11.885506125571329,12.87619147442867,12.390901882756015,,0.01776791248365059
2013-07-08,-1.28012,0.677711,-1.506024,1.684533,1.684533,-2.10844,-3.162662,-2.685753,-2.25528,-1.756077,-1.184928,1.0,12.661637,12.37608165,0.2408748914769427,11.894331867046114,12.857831432953885,12.416686179636395,,0.016705017418209886
2013-07-09,-1.182557,0.0,-2.069475,1.88253,1.882505,-3.030287,-4.042856,-4.326177,-3.976335,-3.574266,-2.936868,1.0,12.899993,12.3870461,0.2597242968185384,11.867597506362923,12.906494693637075,12.462715400623406,-0.03430150954324773,0.018650055477633508
2013-07-10,1.04712,1.196709,-0.448766,-1.182557,-1.182543,-1.166788,-2.370983,-3.13139,-2.733732,-2.41436,-1.767841,-1.0,12.747445,12.39896405,0.2708495772161281,11.857264895567743,12.940663204432257,12.48983250532594,-0.008578645305199473,-0.011895909365438856
2013-07-11,0.222058,0.518135,-1.332346,1.04712,1.04712,-1.184306,-2.827536,-3.977302,-3.575129,-3.301257,-2.775899,1.0,12.880926,12.420416300000001,0.2914675673150223,11.837481165369956,13.003351434630046,12.527079504818708,0.02232041522666428,0.010416753135484746
2013-07-12,-1.741655,0.145138,-2.249637,1.99852,1.998521,-2.075473,-4.172714,-5.428159,-5.257621,-5.027576,-4.690462,1.0,13.138354,12.44758915,0.3312128639760044,11.785163422047992,13.11001487795201,12.585296123407403,0.06681028413081158,0.019788126345859542
2013-07-15,0.360231,0.432277,-0.864553,0.725689,0.725685,-1.916426,-4.128238,-5.537943,-5.648412,-5.567719,-5.321836,1.0,13.233697,12.486203300000001,0.3750291664271777,11.736144967145647,13.236261632854356,12.647048587844793,0.10851135766960596,0.007230640908022878
2013-07-16,0.071839,0.718391,-1.077586,0.288184,0.288189,-1.637932,-3.692528,-5.033527,-5.664513,-5.660919,-5.502874,0.0,13.271835,12.5200502,0.4138892066714432,11.692271786657114,13.347828613342886,12.706552055669098,0.14298888984194136,0.0028777408670494437
2013-07-17,-1.74703,0.908456,-1.886792,2.801724,2.80173,-3.004897,-5.331939,-6.857682,-7.872124,-7.899376,-7.854652,1.0,13.643676,12.569628949999998,0.4839920458348665,11.601644858330266,13.537613041669731,12.795801955129184,0.19803422826936234,0.027631996949796945
2013-07-18,-2.439024,0.609756,-2.439024,3.144654,3.144644,-4.268289,-6.910565,-8.794035,-10.149049,-10.246609,-10.286807,1.0,14.072721,12.644473649999998,0.5892872778456764,11.465899094308647,13.82304820569135,12.917413292735928,0.2731299295641314,0.030962125048127873
2013-07-19,0.067797,0.067797,-1.016949,-0.067751,-0.067748,-2.888135,-5.701694,-7.945761,-9.457627,-9.768135,-9.875704,0.0,14.063187,12.733143199999999,0.6620397496771563,11.409063700645687,14.05722269935431,13.026534598189649,0.3280924541732624,-0.0006777105160358209
2013-07-22,-1.206434,0.469169,-1.809651,1.152542,1.152527,-2.600523,-5.676931,-8.074159,-9.741944,-10.300254,-10.558519,1.0,14.225269,12.83945125,0.7227887043356815,11.393873841328636,14.285028658671363,13.140699779314444,0.3803449340901217,0.011459358097977582
2013-07-23,0.267738,0.60241,-0.535475,0.134048,0.134057,-1.365459,-4.859433,-7.300306,-8.979245,-9.957157,-10.312354,0.0,14.244339,12.96530485,0.7379209743270058,11.48946290134599,14.441146798654012,13.245808276522592,0.41847032508948345,0.0013396744241874555
2013-07-24,1.971448,1.971448,-0.203943,-1.539491,-1.539496,0.720602,-2.460903,-5.030581,-6.86267,-8.157707,-8.549729,-1.0,14.025048,13.062555249999999,0.743258430865698,11.576038388268604,14.549072111731395,13.32002158352044,0.42607845393411736,-0.015514690764055402
2013-07-25,-1.416049,0.134862,-1.955496,0.815772,0.815776,-1e-06,-2.360078,-4.899973,-6.918404,-8.458526,-8.89188,1.0,14.139461,13.16123595,0.7489329779486303,11.66336999410274,14.659101905897261,13.39806343270897,0.4363106066877869,0.008124667067208775
2013-07-26,-0.203666,0.203666,-0.746775,-0.674309,-0.674304,0.651725,-1.052276,-3.498529,-5.702647,-7.337407,-7.929395,-1.0,14.044118,13.24323155,0.751455860816332,11.740319828367337,14.746143271632665,13.459592439117639,0.4317493405353865,-0.006765880494491919
2013-07-29,0.895317,1.239669,-0.482094,-1.425662,-1.42565,1.55646,0.819547,-1.533529,-3.767228,-5.493124,-6.264932,-1.0,13.843898,13.32236685,0.7254828844373309,11.871401081125338,14.773332618874662,13.496192968725483,0.4072835127460639,-0.014359102502328814
2013-07-30,0.413223,0.757576,-0.413223,0.0,0.0,0.977951,1.232771,-1.078982,-3.219706,-4.881553,-5.964197,0.0,13.843898,13.39816515,0.6946551329327567,12.008854884134488,14.787475415865513,13.52930773360877,0.38347372159778104,0.0
2013-07-31,-0.136986,1.712329,-0.205479,0.550964,0.550965,0.273966,0.8767,-1.059371,-3.167817,-4.873983,-6.175809,1.0,13.920173,13.479207350000001,0.6530118024154936,12.173183745169014,14.785230954830988,13.566532997074601,0.3665338713067037,0.00549452505677981
2013-08-01,-0.668896,0.133779,-0.869565,2.39726,2.397262,-1.913047,-1.357871,-2.733568,-4.725763,-6.515061,-7.979944,1.0,14.253876,13.5802716,0.6045373789509566,12.371196842098087,14.789346357901913,13.631994235448449,0.37570506698968487,0.023689786739401805
2013-08-02,0.269542,0.471698,-0.404313,-0.735786,-0.735793,-1.037732,-0.566042,-1.536393,-3.419816,-5.328845,-6.859843,-1.0,14.148997,13.6651274,0.5548834162517463,12.555360567496507,14.774894232503492,13.68123259397717,0.3702425215334486,-0.007385131544691914
2013-08-05,-0.202703,0.27027,-0.675676,-0.269542,-0.269531,-0.391897,-0.37839,-0.855869,-2.645284,-4.548662,-6.132897,0.0,14.110861,13.7375886,0.5097310671820756,12.71812646563585,14.757050734364151,13.722149585026962,0.35870127342347935,-0.0026989536288302414
2013-08-06,0.68306,0.819672,-0.068306,-1.081081,-1.081089,0.860659,0.505462,0.555551,-1.202191,-3.038256,-4.574232,-1.0,13.95831,13.79050445,0.4717179833117918,12.847068483376416,14.733940416623584,13.744641053119633,0.3334019106772246,-0.010869754721911191
2013-08-07,-0.688231,0.275292,-1.927047,-0.751366,-0.751366,1.527876,1.142463,1.417751,-0.055064,-1.855476,-3.425103,-1.0,13.853432,13.845803799999999,0.4027971775054898,13.040209444989019,14.651398155010979,13.755002095679666,0.30141468447230046,-0.007542030063462419
2013-08-08,0.479124,0.616016,-1.163587,0.550585,0.550571,0.506515,0.43807,0.793985,-0.225864,-1.905536,-3.53182,1.0,13.929705,13.89824275,0.3327492442008064,13.232744261598388,14.563741238401612,13.771640467519697,0.2790029980214648,0.005490610481854355
2013-08-09,0.761246,1.107266,-0.346021,-1.09514,-1.09512,1.079578,1.356396,1.771615,1.110715,-0.434614,-2.131499,-1.0,13.777158,13.930182949999999,0.28289352726434164,13.364395895471315,14.495970004528683,13.772165946803536,0.24609547162241796,-0.011011606866279574
2013-08-12,-0.346981,0.416378,-0.624566,-0.276817,-0.276821,0.818872,1.561414,1.818176,1.575288,0.15544,-1.50128,0.0,13.73902,13.9554491,0.23611206480487512,13.48322497039025,14.427673229609749,13.769009189965105,0.21446636721720935,-0.002772043735270836
2013-08-13,-0.275672,0.758098,-1.240524,0.693963,0.693965,-0.05514,0.854579,0.9189,1.078557,-0.264655,-1.817147,1.0,13.834364,13.983575549999998,0.17632814142554648,13.630919267148904,14.336231832851091,13.775233457587476,0.1948474578716226,0.006915682166429258
2013-08-14,-0.342466,1.027397,-0.410959,0.620262,0.62026,-0.575345,0.232875,0.246572,0.554788,-0.542473,-2.034253,1.0,13.920173,13.9974004,0.15818149226675543,13.68103741546649,14.31376338453351,13.789037223531524,0.1841011960439225,0.006183441172760753
2013-08-15,0.977654,1.047486,-0.069832,-1.917808,-1.917835,0.963711,1.752817,1.969298,2.367339,1.628512,0.228139,-1.0,13.653207,13.9764247,0.17462781617039908,13.627169067659203,14.325680332340799,13.776101011766618,0.15228730776246024,-0.019364643899317593
2013-08-16,-0.901526,0.346741,-1.456311,0.698324,0.698334,0.221923,0.755907,1.11883,1.543006,1.101258,-0.152557,1.0,13.748552,13.960692949999999,0.18047468418052698,13.599743581638945,14.321642318361052,13.773477296360275,0.1332322977668685,0.00695907038563312
2013-08-19,1.55477,1.625442,-0.141343,-1.872399,-1.872415,1.766803,2.219106,2.873998,3.208507,3.106739,1.957622,-1.0,13.491122,13.9239856,0.19767050214421814,13.528644595711564,14.319326604288436,13.746586315754534,0.09624911560204197,-0.018901669994740213
2013-08-20,-0.769769,0.629811,-2.169349,0.989399,0.989421,0.461856,0.97271,1.758811,1.969913,2.200143,1.135996,1.0,13.624606,13.89299895,0.19333599269844134,13.506326964603119,14.279670935396883,13.73496914282553,0.07682512825806498,0.009845583218458813
2013-08-21,-0.55788,0.97629,-0.97629,0.349895,0.349889,-0.25105,0.488151,1.283134,1.485366,1.85217,1.008842,0.0,13.672277,13.8753604,0.19671729301675941,13.48192581396648,14.26879498603352,13.728998462556431,0.06453421933320591,0.003492783294243584
2013-08-22,-0.686342,0.205903,-1.166781,1.603905,1.603895,-1.482492,-1.125586,-0.489573,-0.205883,0.192193,-0.343153,1.0,13.891566,13.862965649999998,0.186758649777099,13.4894483504458,14.236482949554196,13.744481085170104,0.07166229673585711,0.015911687397560142
2013-08-23,0.137268,0.82361,-0.411805,0.0,0.0,-1.276592,-1.043228,-0.613116,-0.260791,0.142776,-0.162417,0.0,13.891566,13.85533805,0.18202591957409978,13.4912862108518,14.2193898891482,13.75848917229676,0.07643030841331111,0.0
2013-08-26,0.276052,1.449275,0.0,-0.549073,-0.549053,-0.262262,-0.441694,-0.207045,0.279501,0.576946,0.529097,-1.0,13.815294,13.853907849999999,0.18223279130287925,13.48944226739424,14.218373432605757,13.763899155887547,0.07321055336386983,-0.005505654026794273
2013-08-27,1.063076,2.126152,-0.070872,-2.622498,-2.622507,2.168671,1.956056,2.230099,2.834875,3.050325,3.281366,-1.0,13.452987,13.8343623,0.20312865700887872,13.428104985982243,14.240619614017758,13.734288474374448,0.04095166204748324,-0.026575076189281795
2013-08-28,-0.354108,0.92068,-0.92068,0.070872,0.070869,1.784701,1.543907,1.964121,2.592075,2.810207,3.163369,0.0,13.462521,13.811479699999998,0.21817351655124356,13.37513266689751,14.247826733102485,13.708405857767358,0.0159714633004846,0.0007084391941440006
2013-08-29,-0.211715,0.917431,-0.352858,0.354108,0.354109,0.860974,1.079743,1.397321,1.954839,2.261122,2.660556,0.0,13.510193,13.77429555,0.2015466450230794,13.37120225995384,14.17738884004616,13.689528442741896,2.0966124910870576e-05,0.003534835214483516
2013-08-30,0.779037,0.92068,-0.354108,-0.352858,-0.35286,0.58074,1.225211,1.600569,2.060912,2.450433,2.875361,0.0,13.462521,13.739971749999999,0.1926326857475426,13.354706378504913,14.125237121495084,13.667908686290286,-0.01627899566364377,-0.0035348352144835694
2013-09-03,0.350877,0.912281,-0.491228,0.92068,0.920689,-0.673691,0.371922,0.598823,0.936838,1.439998,1.780115,1.0,13.586469,13.71375215,0.17430985580081437,13.365132438398371,14.062371861601628,13.660152525691212,-0.018976515632868285,0.009164768633676636
2013-09-04,-0.768156,0.558659,-0.768156,0.491228,0.561794,-0.921457,-0.160859,-0.046893,0.264803,0.820278,1.069635,1.0,13.662797,13.6989765,0.1647511807182608,13.36947413856348,14.028478861436522,13.660404380387286,-0.014784857310946364,0.00560222059769455
2013-09-05,0.278358,1.25261,-0.069589,0.349162,0.349145,-0.904445,-0.480352,-0.496613,-0.136174,0.408322,0.641509,0.0,13.7105,13.691829899999998,0.16075003333943477,13.37032983332113,14.013329966678867,13.665175391778973,-0.0075269385993443905,0.0034853710381015828
2013-09-06,0.766017,0.97493,-0.626741,-0.069589,-0.069582,-0.556973,-0.550175,-0.404093,-0.150116,0.316812,0.604902,0.0,13.70096,13.680392649999998,0.15076183255102205,13.378868984897954,13.981916315102042,13.668583449704785,-0.0025157836133384848,-0.0006960592675600905
2013-09-09,-0.483425,0.069061,-0.759669,0.835655,0.835657,-0.870165,-1.429439,-1.197192,-0.963744,-0.611116,-0.284014,1.0,13.815453,13.6823074,0.15229091149558333,13.377725577008832,13.986889222991167,13.682571025923377,0.010572349593511277,0.008321844911170797
2013-09-10,-0.616016,0.54757,-0.616016,0.89779,0.897792,-1.245724,-2.217429,-1.861909,-1.773066,-1.544658,-1.148432,1.0,13.939487,13.692330750000002,0.16247649052804838,13.367377768943905,14.017283731056098,13.707039213930674,0.030600552537983106,0.008937855798378684
2013-09-11,-0.614334,0.204778,-0.887372,0.273785,0.273791,-1.064854,-2.109057,-1.961482,-1.990011,-1.807948,-1.386442,0.0,13.977652,13.69949515,0.1719519193141702,13.35559131137166,14.043398988628342,13.732811860222991,0.04898794171057119,0.002734164398128132
2013-09-12,1.174033,1.381215,-0.138122,-1.16041,-1.160417,0.24862,-0.704316,-0.74138,-0.877234,-0.66613,-0.253945,-1.0,13.815453,13.694259149999999,0.1663827205313273,13.361493708937344,14.027024591062654,13.740682444963658,0.0498967971396862,-0.011672020196506783
2013-09-13,-0.207039,0.414079,-0.276052,0.069061,0.069046,0.358882,-0.545126,-0.84197,-0.883499,-0.764965,-0.426176,0.0,13.824992,13.702848399999999,0.1685715963579932,13.365705207284012,14.039991592715985,13.748711926395691,0.05080118475919626,0.0006902204634333358
2013-09-16,0.550585,1.032347,0.0,0.276052,0.276058,0.151417,-0.52993,-1.128612,-1.11503,-1.013344,-0.76903,0.0,13.863157,13.708578650000002,0.1721175534267684,13.364343543146465,14.052813756853539,13.759611457215149,0.053975321102011975,0.002756776855728898
2013-09-17,-0.137457,0.4811,-1.030928,0.137646,0.137667,-0.068741,-0.453621,-1.232388,-1.110104,-1.108161,-0.960345,0.0,13.882242,13.728134650000001,0.16828663103838157,13.391561387923238,14.064707912076765,13.771290556527992,0.05736952682812557,0.0013757238099223607
2013-09-18,-1.223657,0.747791,-1.495581,1.099656,1.099635,-1.074094,-1.271237,-2.030248,-2.039537,-2.12663,-2.019385,1.0,14.034896,13.74864915,0.1796275186713833,13.389394112657234,14.107904187342767,13.79639583685866,0.07155254810268197,0.01093633032804061
2013-09-19,1.300479,1.505818,-0.205339,-0.67981,-0.679798,-0.219034,-0.431215,-1.13158,-1.273199,-1.451192,-1.328177,-1.0,13.939487,13.762009650000001,0.18354279356291933,13.394924062874162,14.12909523712584,13.810023566681645,0.07423821379525108,-0.006821195658746496
2013-09-20,1.454294,1.523546,0.0,-1.163587,-1.163572,0.886412,0.796383,0.161615,-0.152389,-0.25498,-0.203419,-1.0,13.777291,13.756295900000001,0.1810592978411648,13.394177304317672,14.11841449568233,13.806906179378633,0.06255763604674769,-0.011703947081817729
2013-09-23,1.202263,1.272984,-0.353607,-2.077562,-2.077564,2.475239,2.69447,2.300788,1.817586,1.784907,1.843219,-1.0,13.491059,13.73627055,0.18734983287325893,13.361570884253483,14.110970215746518,13.776825495628287,0.02985995677317277,-0.020994487266502722
2013-09-24,0.638751,1.135557,-0.567779,-0.353607,-0.353597,2.185932,2.68983,2.592833,2.040552,2.13188,2.131301,0.0,13.443355,13.717673600000001,0.19728914400082267,13.323095311998356,14.112251888001646,13.745066400806547,9.638518534949014e-05,-0.0035422378136966077
2013-09-25,-0.141443,0.707214,-0.777935,0.354862,0.354852,1.018387,1.966044,2.145202,1.693849,1.731149,1.685344,0.0,13.491059,13.7195772,0.19476839516196368,13.330040409676073,14.109113990323927,13.720875219777351,-0.019418303496681943,0.003542237813696592
2013-09-26,0.78125,0.994318,-0.710227,-0.424328,-0.424333,0.696029,2.116473,2.443176,2.116523,2.093663,1.997987,0.0,13.433812,13.718141750000001,0.19685721202032916,13.324427325959343,14.111856174040659,13.693535865512843,-0.03905301054389554,-0.004252357328973062
2013-09-27,0.647482,0.935252,-0.143885,-1.278409,-1.278416,1.223032,3.014393,3.549162,3.345357,3.225884,3.220522,-1.0,13.262072,13.7057357,0.21739864054075092,13.270938418918497,14.140532981081503,13.652444068797333,-0.06769133645787839,-0.012866580426707006
2013-09-30,-0.797101,0.942029,-1.449275,-0.719424,-0.719435,1.463785,3.2319,3.971027,3.981896,3.753684,3.821193,-1.0,13.16666,13.69094265,0.24333794377569815,13.204266762448604,14.177618537551396,13.606178919388064,-0.09696857372429868,-0.007220355067607114
2013-10-01,-0.359712,0.143885,-0.647482,0.724638,0.724648,0.460433,2.021587,2.882495,3.111511,2.840385,3.016697,1.0,13.262072,13.674722800000001,0.2608495596825836,13.153023680634835,14.196421919365168,13.573406831827295,-0.1111903114831847,0.007220355067607103
2013-10-02,-1.778094,0.284495,-1.920341,1.151079,1.15108,-0.796587,0.398298,1.431959,1.845661,1.658674,1.792236,1.0,13.414729,13.662319399999998,0.26726539418485706,13.127788611630283,14.196850188369712,13.558294657367552,-0.10888780617765903,0.01144505042896947
2013-10-03,0.5,0.714286,-1.214286,-0.426743,-0.42674,-0.485719,0.39286,1.638094,2.149997,2.062896,2.14993,0.0,13.357483,13.64466855,0.2754477539610063,13.093773042077988,14.195564057922013,13.539169737618261,-0.11040959482800083,-0.004276530250564948
2013-10-04,-0.213523,0.213523,-0.640569,0.357143,0.357148,-0.626343,-0.241996,1.06761,1.676149,1.668346,1.665459,0.0,13.405189,13.62988,0.28016588520150765,13.069548229596984,14.190211770403016,13.526409667368902,-0.10653804354461549,0.003565118649503815
2013-10-07,0.724113,1.013758,-0.072411,-1.708185,-1.708174,1.115121,1.252702,2.476452,3.200562,3.34828,3.251289,-1.0,13.176205,13.597917599999999,0.29400298140315506,13.009911637193689,14.185923562806309,13.493056841905197,-0.1205571980257858,-0.01722931945955597
2013-10-08,1.022644,1.533966,-0.073046,-0.868936,-0.868953,1.694672,1.848067,2.955932,3.769175,4.093498,3.964045,-1.0,13.06171,13.554028749999997,0.3056177196398927,12.942793310720212,14.165264189279782,13.451976190295177,-0.1393004991375193,-0.008727501918449959
2013-10-09,-0.867052,0.650289,-1.083815,1.09569,1.095668,0.274589,0.527478,1.421027,2.351901,2.826611,2.774645,1.0,13.204823,13.5153873,0.29799915094636314,12.919388998107275,14.111385601892726,13.428437791219446,-0.14098152993289403,0.010897092218395762
2013-10-10,-1.405481,0.140548,-1.54603,2.817919,2.817933,-2.150379,-2.122271,-1.536649,-0.541102,-0.030913,-0.014013,1.0,13.576926,13.50346095,0.2900244287465109,12.923412092506977,14.083509807493021,13.442579525389023,-0.11100851953117363,0.027789592563612246
2013-10-11,0.352361,0.634249,-0.563777,-0.281096,-0.281095,-1.677235,-1.641997,-1.376548,-0.366448,0.202966,0.274868,0.0,13.538762,13.48914945,0.28021953644438885,12.928710377111221,14.049588522888778,13.451739761066259,-0.08930475902234924,-0.002814903697073811
2013-10-14,-2.020906,0.278746,-2.090592,1.127555,1.127562,-2.020914,-2.355403,-2.37863,-1.54007,-0.950524,-0.787459,1.0,13.69142,13.480562599999999,0.2706224629470385,12.939317674105922,14.021807525894076,13.47456645048852,-0.059104824047945925,0.011212528756056123
2013-10-15,1.053371,1.33427,-0.210674,-0.766551,-0.766553,-0.491579,-1.362359,-1.554306,-0.888341,-0.289325,-0.021067,-1.0,13.586468,13.465773899999999,0.25515622995270737,12.955461440094584,13.976086359905413,13.485223740918185,-0.04314258640078705,-0.007695061867321528
2013-10-16,-1.648352,0.343407,-1.648352,2.247191,2.247207,-1.689574,-3.186826,-3.525655,-3.118143,-2.505508,-2.163476,1.0,13.891784,13.458618300000001,0.2399067714053125,12.978804757189376,13.938431842810626,13.523943765592644,-0.005789214040182955,0.022223288842913066
2013-10-17,-1.432469,0.0,-1.705321,0.686813,0.686802,-1.773534,-3.397,-3.919966,-3.761937,-3.121421,-2.764896,1.0,13.987193,13.461003600000002,0.24512001722839202,12.970763565543217,13.951243634456786,13.568062740298107,0.031153196943654038,0.006844538985355846
2013-10-18,0.341763,0.615174,-0.683527,-0.204638,-0.204637,-0.970608,-2.802464,-3.390298,-3.49966,-2.884486,-2.503991,0.0,13.95857,13.47006755,0.2603119720736974,12.949443605852604,13.990691494147395,13.605253907888763,0.057458342905992055,-0.0020484686719086007
2013-10-21,0.068871,0.482094,-0.344353,-0.75188,-0.751889,0.013783,-1.577131,-2.327818,-2.637734,-2.151508,-1.756192,-1.0,13.853617,13.488195450000001,0.27410920391496835,12.939977042170064,14.036413857829938,13.62890753570888,0.0690406727294075,-0.007547302784351076
2013-10-22,0.206612,0.757576,-0.482094,0.0,0.0,0.399457,-1.005506,-2.043153,-2.489664,-2.159773,-1.776854,0.0,13.853617,13.50870855,0.2856836450160123,12.937341259967976,14.080075840032023,13.650308437069938,0.07732835936906923,0.0
2013-10-23,1.688951,1.90007,-0.281492,-2.134986,-2.134973,2.097107,1.414489,0.164197,-0.337798,-0.166086,0.262718,-1.0,13.557846,13.512047899999999,0.28585676508680047,12.940334369826399,14.083761430173599,13.641502490682324,0.059346058481409614,-0.021580933436112063
2013-10-24,-0.352858,0.211715,-0.705716,-0.281492,-0.281475,1.693699,1.658412,0.526913,-0.024723,-0.00849,0.472807,0.0,13.519684,13.5163415,0.2852640943265617,12.945813311346877,14.086869688653122,13.62990072966496,0.04153679073772665,-0.0028187227761949122
2013-10-25,-0.771388,0.070126,-0.841515,0.635145,0.635111,0.532971,1.065931,-0.00934,-0.529443,-0.690031,-0.215043,1.0,13.605549,13.533515349999998,0.2794301196586661,12.974655110682667,14.09237558931733,13.627581517315916,0.033959936628145115,0.006331026671918037
2013-10-28,0.421644,0.632467,-0.140548,-0.210379,-0.210377,0.337325,1.19467,0.398227,-0.168649,-0.455366,-0.074949,0.0,13.576926,13.554028650000001,0.2658084362496976,13.022411777500606,14.085645522499396,13.622757182333448,0.025353330854221312,-0.0021059900232811503
2013-10-29,0.777385,0.989399,-0.636042,-0.562193,-0.562189,0.381632,1.703187,1.182571,0.484104,0.124387,0.395766,-1.0,13.500598,13.56595495,0.25723220997205964,13.051490530055881,14.080419369944119,13.611122974492167,0.01223249350024247,-0.005637753449613864
2013-10-30,0.141143,0.84686,-0.141143,0.141343,0.141372,0.183467,1.284382,1.19499,0.381064,-0.008492,0.127007,0.0,13.519684,13.5712027,0.2550459940310393,13.061110711937921,14.08129468806208,13.602414500731008,0.0033357634536752556,0.0014127168009770822
2013-10-31,1.216893,1.360057,-0.071582,-1.411433,-1.411446,1.331416,2.240508,2.519677,1.807436,1.391544,1.407771,-1.0,13.328861,13.569771600000001,0.2563851082383006,13.0570013835234,14.082541816476603,13.576361786375674,-0.018894971066609756,-0.014215013382326603
2013-11-01,-0.142653,0.570613,-0.42796,0.35791,0.357908,0.627672,1.440794,2.073224,1.43366,1.064187,0.946262,0.0,13.376566,13.568340449999999,0.25742992492010897,13.053480600159782,14.083200299840216,13.557333616244659,-0.03229135884100387,0.003572685862131448
2013-11-04,0.356125,0.569801,-0.2849,0.142653,0.142638,0.213689,0.954427,1.780638,1.371091,0.988613,0.778737,0.0,13.395646,13.5793125,0.24417191990514653,13.090968660189708,14.067656339810293,13.54193479564993,-0.040897060272898855,0.001425358743634539
2013-11-05,0.430725,0.646088,-0.215363,-0.783476,-0.783464,0.689163,1.328069,2.435988,2.257713,1.794685,1.536249,-1.0,13.290696,13.590761800000001,0.22308176570242788,13.144598268595145,14.036925331404857,13.518007291302316,-0.055545435351755046,-0.007865487227001618
2013-11-06,0.2149,0.429799,-0.358166,0.215363,0.215354,0.171926,0.93124,1.929329,2.080952,1.547284,1.275077,0.0,13.319318,13.59648655,0.21393820228614188,13.168610145427715,14.024362954572284,13.499084501654476,-0.06410584961180987,0.0021512210431727193
2013-11-07,1.449275,1.666667,0.0,-1.146132,-1.14614,1.086967,1.833346,2.695666,3.10871,2.66668,2.381655,-1.0,13.16666,13.57597325,0.23458517384634586,13.106802902307308,14.045143597692693,13.467425025306431,-0.08226002204220251,-0.011527585690491324
2013-11-08,-3.212291,0.0,-3.351955,3.768116,3.768131,-2.16481,-1.822627,-1.177841,-0.590084,-0.986035,-1.238363,1.0,13.662797,13.582175000000001,0.23518842662607664,13.111798146747848,14.052551853252155,13.486031880039151,-0.05596806001994814,0.03698871469151649
2013-11-11,-0.902778,0.138889,-1.111111,0.558659,0.558663,-2.20834,-2.250003,-1.782411,-1.125004,-1.372228,-1.648153,1.0,13.739126,13.584560300000001,0.23659244077575353,13.111375418448494,14.057745181551509,13.510136081940184,-0.028642208748724585,0.0055710832716594225
2013-11-12,0.069832,0.977654,-0.418994,-0.555556,-0.555559,-1.117322,-1.585194,-1.326815,-0.544693,-0.645253,-1.000932,-1.0,13.662797,13.58837675,0.23723957619027586,13.113897597619449,14.062855902380551,13.524675216993499,-0.012995582154475827,-0.0055710832716593705
2013-11-13,-2.595628,0.0,-3.005464,2.234637,2.234623,-2.349718,-3.41529,-3.287784,-2.691245,-2.598349,-3.032775,1.0,13.968109,13.592193,0.24292288799926276,13.106347224001475,14.078038775998525,13.566907005851261,0.02376664189691091,0.02210021101653153
2013-11-14,-0.810811,0.135135,-1.283784,1.092896,1.092925,-2.054068,-3.898665,-4.049565,-3.695961,-3.497312,-3.900916,1.0,14.12077,13.59887185,0.2558469490007339,13.087177951998532,14.110565748001468,13.619655862436854,0.06447619473606636,0.010869960538380321
2013-11-15,-0.871314,0.201072,-1.005362,0.810811,0.810806,-2.03754,-4.068375,-4.526372,-4.373334,-4.077757,-4.479456,1.0,14.235262,13.612706450000001,0.2824216058630584,13.047863238273884,14.177549661726118,13.678285018395249,0.10476963704895326,0.00807536274342519
2013-11-18,0.402145,1.675603,-0.402145,0.0,0.0,-1.340488,-3.478561,-4.21806,-4.239285,-3.924942,-4.231467,0.0,14.235262,13.631788699999998,0.31100280758085946,13.00978308483828,14.253794315161716,13.731330445214748,0.13514461735621452,0.0
2013-11-19,-1.447368,0.657895,-1.513158,1.876676,1.876671,-2.0,-4.421057,-5.521932,-5.779609,-5.442109,-5.664479,1.0,14.502411,13.664228399999999,0.36458057314608133,12.935067253707837,14.39338954629216,13.804766688527629,0.1787136005900365,0.0185927855667208
2013-11-20,0.726552,0.858653,-0.396301,-0.394737,-0.394734,-0.951121,-3.262885,-4.720393,-5.099081,-4.914141,-5.00441,0.0,14.445165,13.708594350000002,0.40292606738553904,12.902742215228924,14.51444648477108,13.865757003905948,0.20624558915681845,-0.00395515497574716
2013-11-21,-2.373316,0.064144,-2.501604,2.972259,2.972254,-2.79666,-4.906991,-6.777851,-7.38294,-7.420143,-7.455636,1.0,14.874512,13.776335750000001,0.4766405354452946,12.823054679109411,14.729616820890591,13.961828908295857,0.2597157615193204,0.029289387680300386
2013-11-22,0.383632,0.959079,-0.255754,0.320718,0.320716,-2.186697,-4.367005,-6.385337,-7.237851,-7.4578,-7.442455,0.0,14.922217,13.84216915,0.538698861027627,12.764771427944746,14.919566872055254,14.053294440839109,0.3024541499911457,0.003202032059289395
2013-11-25,-0.885515,1.075269,-0.948767,1.086957,1.08695,-2.112579,-4.50347,-6.645576,-7.735603,-8.126496,-8.129869,1.0,15.084414,13.91754355,0.6014423509933264,12.714658848013347,15.120428251986652,14.151496303616337,0.34543066346632223,0.010810849090042568
2013-11-26,-0.251889,0.566751,-0.440806,0.442758,0.442762,-1.687655,-3.942061,-6.238452,-7.597603,-8.188914,-8.190594,0.0,15.151202,14.000073749999999,0.6523145040283801,12.695444741943238,15.30470275805676,14.24670636993859,0.3804930069187691,0.00441784342194162
2013-11-27,0.252685,0.694883,-0.442198,-0.314861,-0.314853,-0.505376,-2.886925,-5.154774,-6.781433,-7.489582,-7.633191,0.0,15.103498,14.07926445,0.6861838581069123,12.706896733786175,15.451632166213825,14.32830557280158,0.3998219539892762,-0.003153496120129743
2013-11-29,0.126422,0.632111,-0.189633,-0.063171,-0.063191,-0.151697,-2.180769,-4.24356,-6.137788,-7.013894,-7.330371,0.0,15.093954,14.167519099999998,0.6979982406695564,12.771522618660885,15.56351558133911,14.401224470630002,0.40964799566572196,-0.0006321063325331325
2013-12-02,0.699301,1.525747,-0.190718,-0.5689,-0.568903,0.534022,-1.106151,-3.098098,-5.057201,-6.108059,-6.567055,-1.0,15.008084,14.249095,0.6960293146834043,12.857036370633192,15.641153629366809,14.459020616284286,0.40582807964965006,-0.00570527702633146
2013-12-03,0.643501,1.608752,-0.965251,-1.207883,-1.207869,1.415698,0.501931,-1.424279,-3.41377,-4.622907,-5.205918,-1.0,14.826806,14.320653000000002,0.6769763732064087,12.966700253587184,15.67460574641282,14.494047795685784,0.3837495234587145,-0.01215223055105552
2013-12-04,-1.535509,0.639795,-1.727447,0.579151,0.643915,0.460024,0.140294,-1.492277,-3.48503,-4.852035,-5.573689,1.0,14.922278,14.4022321,0.6438241593607181,13.114583781278565,15.689880418721437,14.53483162466809,0.3696942954064575,0.006418505374134366
2013-12-05,1.166559,1.360985,-0.453662,-1.279591,-1.27959,1.256894,1.632547,0.129954,-1.75477,-3.289751,-4.084227,-1.0,14.731334,14.4728329,0.5943416113538085,13.284149677292383,15.661516122707617,14.553546136604464,0.3392373241927942,-0.012878474236395526
2013-12-06,0.321337,1.028278,-0.642674,0.842515,0.842524,0.089807,0.77059,-0.376915,-2.007187,-3.686699,-4.585864,1.0,14.855449,14.55727235,0.5134662439427561,13.530339862114488,15.584204837885512,14.582298790261182,0.32140998407732724,0.008389944121270183
2013-12-09,0.256739,0.577664,-0.12837,0.128535,0.128518,-0.218221,0.609195,-0.218265,-1.725643,-3.407491,-4.423954,0.0,14.874541,14.61785955,0.47219872924678913,13.673462091506423,15.562257008493578,14.61013138166488,0.3053029115187442,0.0012843598416604834
2013-12-10,-0.257069,0.771208,-0.321337,-0.12837,-0.128354,-0.051421,0.584368,0.188294,-1.223614,-2.890283,-4.014241,0.0,14.855449,14.673675699999999,0.42664100531962273,13.820393689360753,15.526957710639245,14.633494964363463,0.2876811662204961,-0.0012843598416604164
2013-12-11,1.967213,1.967213,-0.459016,-1.992288,-1.992293,1.481966,2.222625,2.251047,1.092244,-0.567664,-1.820622,-1.0,14.559485,14.7185101,0.35610389542262844,14.006302309154743,15.430717890845257,14.626446396328848,0.2469868738504104,-0.020124062707229818
2013-12-12,0.065574,0.655738,-0.852459,0.0,0.0,1.245901,1.848977,2.303393,1.295334,-0.226947,-1.582564,0.0,14.559485,14.748078900000001,0.3123839233049311,14.12331105339014,15.372846746609863,14.620069120488006,0.21228921602370043,0.0
2013-12-13,0.658762,0.988142,-0.329381,-0.459016,-0.459013,1.212117,1.903734,2.59949,1.890738,0.599114,-0.861057,0.0,14.492655,14.766673149999999,0.28274040402153855,14.201192341956922,15.332153958043076,14.607934442346291,0.17735402295691927,-0.0046007019021312165
2013-12-16,-0.131234,0.656168,-0.262467,0.395257,0.395248,0.36746,1.187668,2.024987,1.597738,0.446951,-0.982545,0.0,14.549937,14.782406899999998,0.25940481631797124,14.263597267364055,15.30121653263594,14.602410876408548,0.1525315210048035,0.003944694349496668
2013-12-17,0.395257,0.790514,-0.263505,-0.393701,-0.393692,0.263502,1.357045,2.156029,2.088103,1.051941,-0.338866,0.0,14.492655,14.79527655,0.23617593575724563,14.32292467848551,15.267628421514491,14.59195793579821,0.1267759366149157,-0.0039446943494967825
2013-12-18,-2.613129,0.12747,-4.015296,3.359684,3.35966,-2.434656,-1.899282,-1.240898,-1.07096,-1.881092,-3.202493,1.0,14.979559,14.81913395,0.22902639014698334,14.361081169706033,15.277186730293966,14.628872322865048,0.1439936646671125,0.033044569041670205
2013-12-19,-0.571429,0.253968,-0.952381,0.382409,0.382421,-2.171426,-2.069837,-1.646686,-1.251101,-1.970592,-3.190519,0.0,15.036844,14.8487179,0.2160225802824984,14.416672739435004,15.280763060564997,14.667726768306473,0.1604121277887245,0.0038169176731856903
2013-12-20,0.961538,1.730769,0.0,-0.952381,-0.952381,-0.692308,-1.102561,-0.790648,-0.295172,-0.820433,-1.873146,-1.0,14.893636,14.849674099999998,0.21618502825494806,14.417304043490102,15.282044156509894,14.689241933229665,0.1600235376100585,-0.009569448458330822
2013-12-23,0.191205,0.637349,0.0,0.576923,0.576911,-0.688327,-1.599731,-1.372409,-0.847941,-1.190578,-2.14299,1.0,14.979559,14.852541200000001,0.21757352925894438,14.417394141482113,15.287688258517889,14.716891177683983,0.16474971296739938,0.005752530785145181
2013-12-24,0.127389,0.318471,-0.191083,0.063735,0.063747,-0.089177,-1.573247,-1.363055,-0.942899,-1.052354,-1.927356,0.0,14.989108,14.847775900000002,0.213228059999303,14.421319780001395,15.274232019998609,14.742816589333128,0.167336810891614,0.0006372656029819704
2013-12-26,0.57508,0.638978,-0.063898,-0.318471,-0.318498,0.178933,-1.003171,-1.039376,-0.696615,-0.618687,-1.328757,0.0,14.941368,14.837284200000003,0.20239987433604106,14.432484451327921,15.242083948672084,14.761726247491877,0.1636484481725038,-0.003190062228578684
2013-12-27,0.0,0.191449,-0.574346,0.127796,0.12782,-0.051059,-0.861519,-1.063601,-0.871185,-0.607777,-1.23361,0.0,14.960466,14.830132600000002,0.1948858686761181,14.440360862647767,15.219904337352238,14.780653842968842,0.1604172529005794,0.0012773800160117352
2013-12-30,0.643501,0.965251,-0.1287,-0.829611,-0.829607,0.707841,0.19948,-0.244532,-0.128741,0.213398,-0.246611,-1.0,14.836353,14.817252550000001,0.18478274339875111,14.4476870632025,15.186818036797503,14.785958524590857,0.14615682067442037,-0.008330668974194221
2013-12-31,0.192678,0.32113,-0.385356,0.19305,0.193053,0.359657,0.218361,-0.441023,-0.369303,0.004908,-0.297605,0.0,14.864995,14.810098100000001,0.17970554263605396,14.450687014727894,15.169509185272108,14.793485807963156,0.1356033444781488,0.0019286672698114792
2014-01-02,-2.546584,0.372671,-2.608696,3.403982,3.403984,-2.447214,-2.509326,-3.49483,-3.472054,-3.212603,-3.333441,1.0,15.370997,14.83730765,0.21922216427789565,14.398863321444209,15.27575197855579,14.848486873871428,0.16615444609670504,0.033473301980622164
2014-01-03,-0.853138,0.548446,-1.096892,1.925466,1.92547,-3.363809,-3.91226,-4.846648,-5.0579,-4.90933,-4.911794,1.0,15.666961,14.8745418,0.28713520299362993,14.30027139401274,15.44881220598726,14.926436790645578,0.21180666022979722,0.01907167802946543
2014-01-06,-0.180078,0.420168,-0.600246,1.523461,1.523442,-3.625439,-4.807917,-5.710277,-6.113436,-6.134518,-6.032599,1.0,15.905638,14.933256999999998,0.3656419931988753,14.201973013602247,15.664540986397748,15.019694048679334,0.26420007403515733,0.015119537469040626
2014-01-07,1.636364,1.757582,-0.303024,-0.960384,-0.960376,-1.52727,-3.339396,-4.262627,-4.91818,-5.056998,-4.935543,-1.0,15.752884,14.978128750000002,0.4081828880553061,14.16176297388939,15.794494526110613,15.089521663090824,0.2900527136372464,-0.009650177948594239
2014-01-08,0.542823,0.663456,-0.361882,0.484848,0.484845,-0.784072,-3.268996,-4.185763,-5.075387,-5.307594,-5.203228,0.0,15.829261,15.02586475,0.4491965519295331,14.127471646140934,15.924257853859066,15.159973028510747,0.3130949388111084,0.004836729670933401
2014-01-09,-0.950683,0.594177,-1.307184,1.507841,1.507847,-1.390376,-4.034465,-4.95544,-6.108141,-6.405229,-6.40735,1.0,16.067942,15.086489400000001,0.503521797281242,14.079445805437517,16.093532994562487,15.246446263890675,0.34662001051357905,0.01496591754067801
2014-01-10,-0.119261,0.119267,-0.954079,-0.356506,-0.356511,-0.608229,-3.023252,-4.186045,-5.319019,-5.798445,-5.893554,0.0,16.010658,15.159048049999999,0.5275668386799054,14.103914372640189,16.21418172735981,15.319228333996325,0.36436634292419434,-0.0035714813545723503
2014-01-13,2.19112,2.251972,-0.182593,-2.02743,-2.027424,1.168591,-0.553866,-1.927372,-3.000611,-3.6056,-3.822339,-1.0,15.686054,15.2153765,0.5202737210273645,14.17482905794527,16.25592394205473,15.354164111710961,0.34822350543479885,-0.020482588132205135
2014-01-14,-1.371491,0.0,-1.431121,2.069385,2.06938,-0.560523,-1.836609,-3.450605,-4.49314,-5.271314,-5.581416,1.0,16.010658,15.29127665,0.5200171957339538,14.251242258532093,16.33131104146791,15.41668733916706,0.35750196033131587,0.020482588132205038
2014-01-15,0.466472,1.574344,-0.23323,2.265951,2.265972,-2.099139,-3.090394,-5.022368,-6.052494,-7.004096,-7.395544,1.0,16.373455,15.382452550000002,0.5425672116042165,14.297318126791568,16.467586973208434,15.507808068770197,0.38963837986184835,0.022406800447929084
2014-01-16,0.058548,0.351282,-0.526932,-0.408163,-0.408179,-1.405151,-2.119438,-4.094458,-5.111243,-6.266979,-6.713504,0.0,16.306622,15.473150900000002,0.5375886747673593,14.397973550465284,16.54832824953472,15.583885586030178,0.40504475550700114,-0.00409014294380305
2014-01-17,1.116996,1.234562,-0.117578,-0.409836,-0.409834,-0.717225,-1.363907,-3.166766,-4.332749,-5.467375,-6.059183,0.0,16.239792,15.53616255,0.5503934637231209,14.435375622553758,16.636949477446244,15.646352863551114,0.40716821499528955,-0.004106756211388193
2014-01-21,0.411523,0.881834,-0.823039,0.0,0.0,-0.035273,-1.158144,-2.641585,-3.962379,-5.053501,-5.749561,0.0,16.239792,15.59630995,0.5586236623812025,14.479062625237596,16.713557274762405,15.702870876546246,0.40419180046337466,0.0
2014-01-22,-0.408163,0.0,-0.874636,0.823045,0.823059,-0.408172,-1.586019,-2.810509,-4.294476,-5.369111,-6.209927,1.0,16.373455,15.6703009,0.5586571334512994,14.552986633097403,16.7876151669026,15.76673603116089,0.40791625289035416,0.0081968991551912
2014-01-23,1.245546,1.36417,-0.71175,-1.690956,-1.690987,0.960866,0.272847,-0.628696,-2.301296,-3.35705,-4.343604,-1.0,16.096582,15.72615205,0.5415407962976713,14.643070457404658,16.80923364259534,15.798149932955091,0.38409891786430883,-0.0170544746095961
2014-01-24,1.33738,1.641325,0.0,-2.431791,-2.43179,2.711255,2.541043,1.989877,0.361709,-0.639507,-1.779121,-1.0,15.705147,15.761954,0.513175559118169,14.735602881763661,16.788305118236337,15.789292510768892,0.3298358329537123,-0.024618458292118676
2014-01-27,0.367885,1.41019,-1.532802,-0.851076,-0.851065,2.734526,3.139189,2.824451,1.425515,0.365428,-0.719387,-1.0,15.571486,15.793459899999998,0.47830282061628965,14.836854258767419,16.750065541232576,15.768549033552807,0.272900791124,-0.008547071782789442
2014-01-28,-1.673634,0.179319,-2.151817,2.575114,2.575104,-0.179311,0.72924,0.270981,-0.803933,-1.919894,-2.916905,1.0,15.972468,15.844059999999999,0.43731572576395805,14.969428548472083,16.718691451527913,15.787969887500159,0.25717075218477525,0.025425068808511884
2014-01-29,-0.779382,1.019185,-1.139089,-0.298864,-0.298845,-0.443658,0.977212,0.643478,-0.164875,-1.366915,-2.326147,0.0,15.924735,15.8984791,0.3674565584699137,15.163565983060172,16.63339221693983,15.800995136309668,0.23810816609638508,-0.0029929292315183653
2014-01-30,-0.708807,0.3544,-0.945068,1.498801,1.498794,-1.831074,-0.643829,-0.704863,-1.237449,-2.530421,-3.435717,1.0,16.163414,15.963400049999999,0.27940431430528095,15.404591421389437,16.52220867861056,15.83551121856589,0.23949952837931043,0.014876732339016123
2014-01-31,-0.17911,1.373134,-0.835815,-1.063201,-1.063197,-0.417917,0.226861,0.330344,0.017906,-1.232244,-2.085578,-1.0,15.991565,15.994428450000001,0.24212494652051572,15.51017855695897,16.478678343041032,15.850373483464375,0.22415153554252498,-0.010688897428841587
2014-02-03,2.568807,3.241584,-0.305817,-2.38806,-2.388065,2.067279,2.27523,2.613661,2.446484,1.355353,0.444445,-1.0,15.609676,15.9915642,0.24650192090998513,15.498560358180029,16.48456804181997,15.827449913610625,0.17910824160438565,-0.02417041734134709
2014-02-04,0.856269,1.284398,-0.550459,0.0,0.0,1.60245,1.87156,2.581041,2.351683,1.521714,0.566769,0.0,15.609676,15.9767661,0.2604223647739363,15.455921370452128,16.497610829547874,15.806709540885803,0.14177679203342564,0.0
2014-02-05,-0.548787,0.304884,-1.52439,0.30581,0.305817,0.951216,1.103651,2.117882,2.009141,1.421947,0.422758,0.0,15.657413,15.97199255,0.26556630905548184,15.440859931889037,16.503125168110962,15.792490822706203,0.11472089516691142,0.003053500573149581
2014-02-06,-1.437987,0.239658,-1.497903,1.768299,1.768293,-1.090476,-0.75495,0.159771,0.269617,-0.071905,-1.122435,1.0,15.934282,15.9772436,0.26362674424024646,15.449990111519506,16.50449708848049,15.805994744353232,0.11430231049751072,0.01752840984643968
2014-02-07,0.0,0.356712,-1.129614,0.778903,0.778893,-1.77169,-1.302012,-0.71739,-0.508313,-0.672998,-1.664675,1.0,16.058393,15.97676615,0.2634624323048019,15.449841285390395,16.503691014609604,15.830032673462448,0.12257236170527364,0.007758752439718346
2014-02-10,-0.059809,0.059815,-0.717697,-0.594536,-0.594518,-0.741629,-0.466509,-0.239237,0.071769,-0.004787,-0.863239,-1.0,15.962923,15.9743794,0.2633554387512629,15.447668522497475,16.501090277502527,15.842688895037451,0.12003907006799075,-0.005962920629545801
2014-02-11,-0.88862,0.236973,-1.421801,0.956938,0.95693,-1.054497,-1.321084,-1.236172,-0.743478,-0.900469,-1.563975,1.0,16.115677,15.99586055,0.2560191537501268,15.483822242499746,16.507898857500255,15.868687762176743,0.12887183508074074,0.009523804318154142
2014-02-12,0.716424,0.955224,-0.597015,-0.770136,-0.770132,0.131338,-0.513437,-0.628862,0.020892,-0.071646,-0.559208,-1.0,15.991565,15.994905900000001,0.2559966688457756,15.48291256230845,16.506899237691552,15.880390356255148,0.12442279530348799,-0.0077311292065686136
2014-02-13,-0.597015,0.41791,-0.716424,0.0,0.0,0.20298,-0.620899,-0.672642,-0.098512,-0.031049,-0.324382,0.0,15.991565,15.975811399999998,0.24001878617697867,15.49577382764604,16.455848972353955,15.890978417564181,0.11951915678508662,0.0
2014-02-14,0.239515,0.359275,-0.299407,-0.298501,-0.298482,0.359259,-0.35332,-0.275477,0.086798,0.237098,0.093784,0.0,15.943833,15.95767195,0.22706102920715948,15.503549891585681,16.41179400841432,15.896012187319974,0.11050755217055475,-0.0029892870315112547
2014-02-18,1.396491,1.63935,0.0,-1.377257,-1.377279,1.457205,1.111118,1.181953,1.320588,1.564061,1.503749,-1.0,15.724242,15.931894450000001,0.2225670493330592,15.486760351333883,16.37702854866612,15.87965312186093,0.08467060209170008,-0.013868510769017668
2014-02-19,1.111099,1.54321,-0.123463,-1.639332,-1.639335,2.308645,2.703702,2.650203,2.759255,3.199996,3.100819,-1.0,15.466469,15.893228299999999,0.23318213602053614,15.426864027958926,16.35959257204107,15.84030225311227,0.042899981920609065,-0.01652920761704403
2014-02-20,-0.490798,0.36811,-0.73619,0.617272,0.617271,1.128848,2.01228,1.865041,1.868106,2.451543,2.427412,1.0,15.561939,15.8526525,0.21512680087159375,15.422398898256812,16.282906101743187,15.813791467101579,0.017300664328780968,0.0061537350723845285
2014-02-21,0.0,1.227741,-0.245556,-0.061337,-0.061329,0.626145,1.829333,1.665633,1.755666,2.303242,2.430927,0.0,15.552395,15.825443150000002,0.21705653634106475,15.391330077317873,16.259556222682132,15.788896565472857,-0.0037142843751176713,-0.0006134793243094403
2014-02-24,-1.391422,0.604949,-1.391422,1.473296,1.473284,-1.040532,0.175442,0.100828,0.302481,0.684816,0.883243,1.0,15.781526,15.8292621,0.21549491680126165,15.398272266397477,16.26025193360252,15.788194606856395,-0.0018584033382840204,0.014625369373517333
2014-02-25,0.979192,1.346383,-0.122399,-1.149431,-1.149452,-0.048937,1.107739,1.260737,1.477995,1.691581,1.968611,-1.0,15.600125,15.83069405,0.21378018807147406,15.403133673857052,16.258254426142948,15.770283215727215,-0.014853922146027543,-0.011561088387709693
2014-02-26,0.183717,0.428659,-1.224746,-0.0612,-0.06116,0.171448,0.832812,1.314542,1.417624,1.587249,2.010601,0.0,15.590584,15.811599849999999,0.21747336451127397,15.376653120977451,16.246546579022546,15.753169004705574,-0.02562742637265103,-0.0006117847656226553
2014-02-27,-1.334142,0.0,-1.698005,0.979792,0.979784,-0.570047,-0.303217,0.367896,0.375981,0.441474,0.964216,1.0,15.743338,15.80253,0.2162860551731217,15.369957889653758,16.235102110346244,15.752232718543137,-0.021590651320888554,0.009750149383358952
2014-02-28,-0.24199,0.725947,-1.088935,0.242577,0.242566,-0.520268,-0.677554,0.060497,0.0121,0.118572,0.594878,0.0,15.781526,15.7834356,0.1989082676587978,15.385619064682405,16.181252135317596,15.755022554872362,-0.015135552333656932,0.002422723769973542
2014-03-03,0.0,0.674853,-0.674834,-1.391422,-1.391418,0.601232,0.478535,1.259723,1.285285,1.494487,1.854814,-1.0,15.561939,15.7619543,0.1984465262178688,15.365061247564261,16.158847352435735,15.736633644884519,-0.027422565351253425,-0.014011890049207793
2014-03-04,-1.494322,0.059773,-1.793186,2.638043,2.638032,-1.518219,-1.948585,-1.338899,-1.204411,-1.013735,-0.818876,1.0,15.972468,15.7800939,0.20036622877863222,15.379361442442736,16.180826357557265,15.759094059657421,-0.00398788249778903,0.026038364666532265
2014-03-05,-2.666661,0.34782,-2.724632,3.108189,3.169886,-3.466079,-4.346896,-4.223357,-3.976193,-3.93218,-3.817866,1.0,16.478777,15.82354895,0.2496455248251872,15.324257900349625,16.322839999650373,15.827635292071001,0.054807391903047176,0.031206820513556482
2014-03-06,0.403458,1.613827,-0.230553,0.57971,0.579679,-3.019728,-4.287379,-4.540961,-4.253016,-4.329091,-4.331807,1.0,16.574301,15.869393350000001,0.2971910762021133,15.275011197595774,16.46377550240423,15.898746311873763,0.10786762806435313,0.00578005267447094
2014-03-07,1.211777,1.500289,-0.461627,-0.115274,-0.115251,-1.97317,-3.571209,-4.203845,-3.95501,-4.124041,-4.12908,0.0,16.555199,15.9004392,0.33442567708157284,15.231587845836854,16.569290554163146,15.961265615504834,0.14668597117575288,-0.001153171772397689
2014-03-10,-1.144814,0.0,-1.259296,0.807842,0.807837,-1.408127,-3.800233,-4.673876,-4.535768,-4.725209,-4.700859,1.0,16.688938,15.93196645,0.3770991591746033,15.177768131650792,16.686164768349204,16.030567747361516,0.18609620613567301,0.008045913267928976
2014-03-11,1.389693,1.447597,-0.115808,-1.144814,-1.144824,0.370592,-2.141997,-3.2573,-3.268085,-3.406499,-3.410042,-1.0,16.497879,15.95871425,0.3978138649191601,15.163086520161679,16.75434197983832,16.075073580946132,0.1996112425728107,-0.011514277543179945
2014-03-12,-0.578709,0.289346,-1.215283,0.05791,0.057898,0.347229,-1.643208,-2.892879,-3.205399,-3.244853,-3.357909,0.0,16.507431,15.978301949999999,0.415213373069145,15.147875203861709,16.80872869613829,16.116250477998882,0.20868715724495246,0.0005788159703199994
2014-03-13,1.048951,1.806521,-0.524476,-0.69445,-0.694445,0.827514,-0.559213,-1.875913,-2.406133,-2.388803,-2.586914,-1.0,16.392796,15.9983635,0.4254546083498118,15.147454283300377,16.849272716699623,16.142588146760893,0.2042750430166329,-0.006968673128743658
2014-03-14,1.666673,2.5,-0.238089,-2.097908,-2.097891,2.357137,1.738245,0.432979,-0.296987,-0.26858,-0.523288,-1.0,16.048893,16.001229900000002,0.4255994866281372,15.150030926743728,16.852428873256276,16.13366479945033,0.17105648009681573,-0.021202094796157978
2014-03-17,-0.759795,0.350666,-0.818247,1.84525,1.845243,0.081814,0.374044,-1.156837,-1.980688,-2.005377,-2.253532,1.0,16.345034,16.02128995,0.43215629971425984,15.15697735057148,16.88560254942852,16.153795199502678,0.1667049623665129,0.01828424508611142
2014-03-18,-0.290878,0.174508,-0.698086,0.467563,0.467561,-0.477027,0.180334,-1.2834,-2.224567,-2.349738,-2.543649,0.0,16.421457,16.0561507,0.43504464536575926,15.186061409268481,16.926239990731517,16.17928679955004,0.1674923036049769,0.004664713019007429
2014-03-19,-1.60551,0.286691,-1.834862,1.454334,1.454323,-1.720178,-1.146784,-2.270437,-3.267874,-3.618776,-3.730461,1.0,16.660278,16.11584115,0.43176500166747295,15.252311146665056,16.97937115333495,16.22509548530718,0.18525167006126608,0.014438489934293964
2014-03-20,-2.678566,0.446429,-2.734375,2.752288,2.752295,-3.504459,-3.476558,-4.352534,-5.404187,-5.937022,-6.02455,1.0,17.118818,16.193685100000003,0.46566085894206877,15.262363382115865,17.12500681788414,16.31021191527792,0.23363326292518138,0.02715100299986321
2014-03-21,2.676549,2.676549,0.0,-2.008934,-2.008935,-0.660583,-1.366734,-1.996855,-3.10047,-3.821827,-3.930898,-1.0,16.774912,16.25481095,0.4572115139697569,15.340387922060486,17.169233977939513,16.354469066203833,0.24144248510716793,-0.020293889331662512
2014-03-24,1.439263,1.611969,-0.403005,-1.081993,-1.081991,0.725383,-0.345428,-0.510462,-1.795917,-2.613219,-2.772594,-1.0,16.593409,16.2954051,0.4489459759379507,15.397513148124098,17.193297051875902,16.3772252503749,0.23033046846789773,-0.010878868617124287
2014-03-25,1.626967,2.149919,-0.058094,-0.92114,-0.921113,1.685048,0.546175,0.604283,-0.627338,-1.533555,-1.771852,-1.0,16.440565,16.3374271,0.4187599052301378,15.499907289539724,17.174946910460275,16.38325760748205,0.20680694012125755,-0.009253811891140084
2014-03-26,1.164139,1.280559,0.0,-0.174311,-0.174355,1.559971,0.663581,0.752832,-0.203554,-1.131148,-1.540122,0.0,16.4119,16.3784929,0.3801579245636816,15.618177050872639,17.138808749127364,16.38598545438852,0.18373338440669684,-0.0017450749753133194
2014-03-27,1.587307,2.821869,-1.058201,-0.989523,-0.989489,1.504984,1.581409,1.62648,0.949538,0.026178,-0.503223,-1.0,16.249506,16.403801299999998,0.3514096781258058,15.700981943748387,17.10662065625161,16.372987411113424,0.15060747740062652,-0.009944173145111623
2014-03-28,0.647821,1.001178,-0.765607,-0.176367,-0.176399,1.001196,1.86692,1.668647,1.263344,0.367772,-0.280286,0.0,16.220842,16.425767099999998,0.3230515768502136,15.779663946299571,17.071870253700425,16.358497371959764,0.12065122003233242,-0.0017655497530157987
2014-03-31,-0.290703,0.406971,-0.465116,1.295648,1.29566,-0.488373,0.616277,0.263564,0.232558,-0.757909,-1.456956,1.0,16.431009,16.4692206,0.25120221071812665,15.966816178563747,16.971625021436253,16.365403241296928,0.1125717338317287,0.012873383654018515
2014-04-01,-0.346015,0.346021,-0.461361,0.813948,0.813973,-1.141888,-0.109593,-0.519051,-0.397942,-1.326255,-2.083457,1.0,16.564753,16.49883485,0.2228725952440535,16.053089659511894,16.94458004048811,16.384388932601983,0.11562782032605412,0.008106782469193241
2014-04-02,0.69646,0.870569,-0.580389,-0.634371,-0.634383,-0.452702,0.406262,0.096724,0.232146,-0.485086,-1.257187,-1.0,16.459669,16.497879450000003,0.2230040206366331,16.051871408726736,16.94388749127327,16.391558462830364,0.10832172489766378,-0.006364038993139559
2014-04-03,0.349848,0.524781,-0.699703,-0.464306,-0.464311,0.174926,0.425654,0.559765,0.641397,0.135362,-0.629472,0.0,16.383245,16.488326649999998,0.22364925020731263,16.041028149585372,16.935625150414623,16.390766704465566,0.09526663902188659,-0.004653919438371905
2014-04-04,2.930622,2.990431,-0.119605,-2.507294,-2.507299,2.440204,2.505991,3.114044,3.047257,2.758443,2.013787,-1.0,15.972468,16.4591901,0.2507903527812576,15.957609394437485,16.960770805562515,16.350928732611703,0.05118410007052887,-0.02539267620340553
2014-04-07,1.892564,1.953614,-1.159939,-2.033493,-2.033493,3.565335,4.029313,4.957273,4.853487,4.913317,4.102775,-1.0,15.647669,16.407126650000002,0.30319270939605814,15.800741231207885,17.013512068792117,16.28395161522011,-0.009846687997576709,-0.020544529843185083
2014-04-08,-0.425791,0.364957,-1.155724,0.366313,0.366323,2.092445,3.181251,4.270058,4.218355,4.462273,3.745071,0.0,15.70499,16.3674822,0.3402720892334128,15.686938021533177,17.048026378466826,16.228812413770576,-0.05297800414213327,0.003656536044764441
2014-04-09,-0.421191,0.060156,-1.624555,1.09489,1.094888,0.252699,1.726827,2.811863,2.891084,3.179291,2.681602,1.0,15.876942,16.33595775,0.35548965502400975,15.62497843995198,17.04693706004802,16.195300945792425,-0.07244963925091952,0.010889371755110254
2014-04-10,3.101737,3.101737,-0.124076,-3.008423,-3.008419,2.084356,4.330012,5.256396,5.759911,6.074426,5.792039,-1.0,15.399297,16.286282800000002,0.4120446937006337,15.462193412598735,17.110372187401268,16.119491046193147,-0.12498229195152533,-0.030546008978654882
2014-04-11,0.570704,2.282809,-0.951173,-2.171222,-2.171216,3.145206,5.878241,6.835752,7.780582,8.032959,7.981438,-1.0,15.064945,16.2370854,0.49272284211841455,15.251639715763172,17.22253108423683,16.019058089412848,-0.19138800797676936,-0.021951337297703197
2014-04-14,0.312494,1.374994,-1.375,1.458465,1.458445,1.187515,3.606261,4.729175,5.884382,6.112506,6.368756,1.0,15.284659,16.18406665,0.5356738782969122,15.112718893406175,17.25541440659382,15.949115318992577,-0.22370717571191,0.014479123910957846
2014-04-15,-1.830378,0.122032,-2.623545,2.437494,2.437503,-1.28126,0.561324,1.903604,3.120809,3.372791,3.770595,1.0,15.657223,16.145854949999997,0.5450249123633966,15.055805125273203,17.23590477472679,15.921316050517092,-0.21675888632249674,0.02408269841841505
2014-04-16,0.433986,0.557967,-2.169864,-1.586333,-1.586322,-0.297585,1.500305,3.112208,4.37693,4.753867,5.211812,-1.0,15.408849,16.0832835,0.5546091044339657,14.974065291132069,17.192501708867933,15.87250966475356,-0.22865819365190632,-0.015990389274782753
2014-04-17,-0.061926,0.619195,-1.362229,0.123999,0.123994,-0.383906,0.755412,2.629508,3.699682,4.373985,4.83384,0.0,15.427955,15.99874035,0.5159766811174903,14.966786987765019,17.03069371223498,15.830171125253221,-0.23385109604785725,0.001239168783174392
2014-04-21,0.372902,0.497203,-0.372896,-0.371517,-0.37152,0.38533,0.739589,2.643462,3.62958,4.586695,4.967883,0.0,15.370637,15.928526600000001,0.5000988716938414,14.92832885661232,16.928724343387685,15.7864059704672,-0.23982701563388353,-0.0037221225031684887
2014-04-22,-1.227753,0.306931,-1.534684,1.243014,1.243013,-0.491103,-0.552489,1.01084,2.025775,3.10128,3.437681,1.0,15.561696,15.87694095,0.48074247649737456,14.915455997005251,16.83842590299475,15.765005020898895,-0.22653475872112594,0.012353509175899413
2014-04-23,-0.427624,0.183256,-0.855229,0.491099,0.491103,-1.001838,-1.081253,0.122165,1.270605,2.397054,2.748917,0.0,15.63812,15.8368187,0.4644363149921908,14.907946070015619,16.76569132998438,15.75292073319424,-0.20744250320576185,0.004899013048669001
2014-04-24,0.550796,0.979192,-0.7956,-0.183268,-0.18327,-0.563033,-1.070991,-0.057121,1.199508,2.315785,2.745813,0.0,15.60946,15.796696700000002,0.44645378744542735,14.903789125109148,16.689604274890858,15.739257806223359,-0.1924064340332592,-0.0018343825689313834
2014-04-25,0.940439,1.755486,-0.125392,-2.386781,-2.386777,1.617554,1.241375,1.885052,3.341686,4.323503,5.005216,-1.0,15.236897,15.746066250000002,0.4498051797443739,14.846455890511255,16.64567660948875,15.691413919916371,-0.20815349739915412,-0.024157220115995953
2014-04-28,2.541806,3.076923,-0.602007,-6.269592,-6.269603,6.889642,7.46489,7.910822,9.575257,10.603349,11.616503,-1.0,14.281604,15.649104350000002,0.5417017417180625,14.565700866563876,16.732507833436127,15.557146308495764,-0.29432452998042,-0.064747645070067
2014-04-29,-1.312336,0.393701,-2.165354,1.939799,1.939796,3.4777,4.92127,5.358716,6.847123,7.939641,9.083559,1.0,14.558638,15.5554858,0.5609122308364195,14.43366133832716,16.67731026167284,15.462050279115214,-0.3363837431995851,0.019212218903549426
2014-04-30,0.792602,0.858653,-0.06605,-0.656168,-0.656153,2.536322,4.788636,5.482162,6.826282,8.105672,9.352699,-1.0,14.463111,15.4504037,0.5587413275534128,14.332921044893176,16.567886355106825,15.366913204913764,-0.3731230727222954,-0.006583155618568518
2014-05-01,0.331345,0.861498,-0.397614,-0.330251,-0.330261,1.219353,4.446659,5.155738,6.471177,7.909878,9.195937,0.0,14.415345,15.3481875,0.5513339129124456,14.245519674175108,16.45085532582489,15.276287661588643,-0.4014657260780101,-0.0033080746117470005
2014-05-02,-0.459016,0.262295,-0.983607,1.060305,1.060301,-0.760652,2.760665,3.67214,4.731156,6.316073,7.466673,1.0,14.568191,15.257434799999999,0.5205130084617327,14.216408783076533,16.298460816923463,15.208849884294487,-0.4069035573273272,0.010547189060749144
2014-05-05,0.0,0.331565,-0.397878,-1.114754,-1.114751,0.530505,3.249342,4.535813,5.368042,7.010615,8.129977,-1.0,14.405792,15.179101,0.5251085774851246,14.12888384502975,16.229318154970247,15.132368181028346,-0.41948179483232195,-0.011210105332917462
2014-05-06,2.03666,2.03666,-0.067889,-2.320955,-2.320948,2.226744,4.643582,6.444895,7.311608,8.88255,10.101829,-1.0,14.071441,15.1002896,0.567643852131791,13.965001895736417,16.235577304263582,15.031327497120884,-0.45122799464583707,-0.02348306556343261
2014-05-07,0.405405,0.810811,-0.337838,0.475221,0.475225,1.283776,3.08783,5.22522,6.249994,7.681074,9.03828,0.0,14.138312,15.021955700000001,0.5875545056800996,13.846846688639802,16.197064711360202,14.94627840215699,-0.46562373530148626,0.004740993319225903
2014-05-08,-0.535834,0.736772,-0.87073,0.878378,0.878372,0.187541,1.245813,3.773164,4.758875,6.12726,7.586514,1.0,14.262499,14.941233550000002,0.5746686570139203,13.79189623597216,16.090570864027843,14.881156554332515,-0.4616895408259829,0.008745369383959698
2014-05-09,1.424695,1.696065,-0.474898,-1.272605,-1.272603,0.786973,1.729982,4.473087,5.64111,6.841245,8.459969,-1.0,14.080994,14.875318400000001,0.5946219967295151,13.686074406540971,16.06456239345903,14.804950596777038,-0.4678248067973012,-0.012807700245272958
2014-05-12,-1.857996,0.199071,-1.857996,2.238806,2.238791,-1.433299,-0.418039,1.734142,3.095566,4.063716,5.662477,1.0,14.396238,14.841883049999998,0.6021510734787873,13.637580903042423,16.046185196957573,14.766025587560177,-0.4421526327657439,0.022140977621245495
2014-05-13,0.066534,0.465735,-0.598802,-0.265428,-0.265424,-0.771784,-0.292742,1.446004,3.047246,3.981379,5.462416,0.0,14.358027,14.795551450000001,0.6019383681772298,13.591674713645542,15.99942818635446,14.727168579221113,-0.42004850060123644,-0.0026577638129586544
2014-05-14,1.010782,1.212938,-0.202156,-1.264138,-1.264122,0.55255,0.781661,2.057492,3.844331,4.881393,6.251113,-1.0,14.176524,14.721516500000002,0.5810770322127106,13.559362435574581,15.883670564425422,14.674726238342911,-0.41242244263074035,-0.012721801575074156
2014-05-15,1.85567,1.924399,-1.099656,-1.954178,-1.954196,2.03437,2.419251,3.271485,5.371144,6.402759,7.754877,-1.0,13.899487,14.646048400000002,0.585111670893473,13.475825058213056,15.816271741786947,14.6008939299293,-0.4238474576950999,-0.019735424081430898
2014-05-16,0.0,0.206754,-0.964852,-0.274914,-0.274909,1.998621,2.191595,2.894557,5.096489,6.252244,7.445444,0.0,13.861276,14.56771445,0.5797696146394988,13.408175220721002,15.727253679278999,14.530454127078892,-0.4310166808059783,-0.002752879964527798
2014-05-19,-1.635992,0.204499,-1.976823,1.102688,1.102691,0.34083,0.797546,1.64508,3.466259,4.793457,5.807772,1.0,14.014123,14.49988875,0.5599011038487637,13.380086542302474,15.619690957697527,14.48127973402376,-0.4195287994164296,0.010966553830935828
2014-05-20,0.825877,1.10117,-0.344116,-0.954329,-0.95433,0.619409,1.631109,2.298694,3.857538,5.398489,6.402848,-1.0,13.880382,14.41582305,0.5166342906148668,13.382554468770266,15.449091631229734,14.42405137840245,-0.4164161652859679,-0.00958913053339476
2014-05-21,-0.136893,0.684463,-0.752909,0.550585,0.550576,-0.2464,0.944567,1.496701,2.686527,4.33403,5.402705,1.0,13.956804,14.33175725,0.43809733923399347,13.455562571532013,15.207951928467988,14.379551628078406,-0.4031356665765067,0.005490654981644445
2014-05-22,-0.883753,0.067981,-1.087695,0.684463,0.684491,-0.707018,0.108752,0.634472,1.434381,3.238597,4.253326,1.0,14.052337,14.253901099999998,0.3220800857526478,13.609740928494702,14.898061271505295,14.348388330166177,-0.38051571269785356,0.006821585171852074
2014-05-23,-0.067935,0.611413,-0.475543,0.067981,0.06796,-0.489126,0.027176,0.326091,0.947694,2.779896,3.865494,0.0,14.061887,14.1951506,0.22624301109382497,13.74266457781235,14.64763662218765,14.32110248919797,-0.35769534185049956,0.0006793714361323344
2014-05-27,-1.445466,0.591327,-1.576873,3.396739,3.396749,-3.035484,-3.160321,-2.908459,-2.2799,-0.825234,0.332891,1.0,14.539534,14.208047099999998,0.2384524053675916,13.731142289264815,14.684951910735181,14.341905490226736,-0.29763693914273937,0.033403334169799286
2014-05-28,0.858653,0.924703,-0.726552,-0.525624,-0.525622,-1.71731,-2.575964,-2.21489,-1.796572,-0.605026,0.673706,-1.0,14.463111,14.203270750000001,0.23192770951994168,13.739415330960117,14.667126169039886,14.353448872109903,-0.25328718272904815,-0.005270083254788272
2014-05-29,-0.19802,0.39604,-0.330033,0.06605,0.066037,-1.069297,-2.435638,-2.125407,-1.85808,-0.992733,0.33444,0.0,14.472662,14.203748299999997,0.23250001872061193,13.738748262558774,14.66874833744122,14.36480250333753,-0.2148918558211239,0.0006601517330716837
2014-05-30,-0.1321,0.594452,-0.462351,-0.066007,-0.065993,-0.435937,-1.981512,-1.968303,-1.776757,-1.244393,0.182733,0.0,14.463111,14.206136599999999,0.2350196724754864,13.736097255049026,14.676175944950971,14.374165217305384,-0.18312304008618518,-0.0006601517330718067
2014-06-02,-0.655308,0.131062,-1.376147,0.792602,0.792589,-0.511133,-2.260806,-2.512009,-2.545865,-2.201829,-0.799469,1.0,14.577744,14.206614250000001,0.23580263722735786,13.735008975545286,14.678219524454716,14.39355367280011,-0.14700155721594932,0.007894643279495394
2014-06-03,-0.065746,0.460224,-0.657462,-0.327654,-0.327657,-0.197231,-1.584475,-2.130169,-2.182766,-1.811957,-0.666219,0.0,14.529979,14.212823600000002,0.24285328640573067,13.727117027188541,14.698530172811463,14.40654656110486,-0.12083633209293332,-0.00328194980238285
2014-06-04,-0.131492,0.328731,-0.394477,0.0,0.0,-0.105189,-1.137402,-2.051274,-2.024975,-1.819847,-0.902906,0.0,14.529979,14.2357505,0.2503326533085438,13.735085193382913,14.736415806617087,14.418302031475825,-0.09895945962227515,0.0
2014-06-05,-0.972132,0.324044,-1.360985,1.446417,1.44643,-1.166565,-2.015558,-3.192919,-3.217762,-3.144528,-2.518907,1.0,14.740145,14.265842149999997,0.27313691489520797,13.719568320209582,14.812115979790413,14.448953742763843,-0.06392633777634771,0.014360691595022282
2014-06-06,-0.898012,0.384862,-1.026299,1.036941,1.036937,-1.603596,-2.456704,-3.741715,-3.999359,-4.010264,-3.67971,1.0,14.892991,14.29736675,0.3070145039083892,13.683337742183221,14.911395757816779,14.491243005357763,-0.02355738661186102,0.01031597570224455
2014-06-09,-1.515152,0.252525,-1.515152,1.603592,1.603593,-2.424246,-3.289143,-4.70118,-5.1673,-5.376264,-5.223066,1.0,15.131814,14.34990775,0.3543098643146148,13.64128802137077,15.05852747862923,14.552249766752261,0.027390576683528067,0.01590871527056025
2014-06-10,-0.879397,0.125628,-1.193467,0.505051,0.505055,-2.022618,-3.335433,-4.656622,-5.37689,-5.640709,-5.496237,0.0,15.208238,14.390507750000001,0.40306661621689227,13.584374517566216,15.196640982433786,14.61472483658538,0.07309143024335363,0.005037839858389862
2014-06-11,0.641437,1.475305,-0.256575,-2.072864,-2.07287,0.538809,-1.000643,-2.185161,-3.194355,-3.422707,-3.420996,-1.0,14.892991,14.417255949999998,0.41826183806239786,13.580732273875203,15.253779626124793,14.641226375958201,0.0829160826877331,-0.020946555128950092
2014-06-12,0.972763,1.55642,-0.259403,-1.090443,-1.090439,1.63424,0.265885,-0.756596,-1.939044,-2.19715,-2.295724,-1.0,14.730592,14.44495935,0.4198241724350662,13.605311005129867,15.284607694870132,14.649737387771706,0.0767136413528462,-0.01096427983760376
2014-06-13,0.129534,0.712435,-0.712435,0.129702,0.129696,1.308294,0.330312,-0.569946,-1.777848,-2.191708,-2.346717,0.0,14.749697,14.48746985,0.4044474123621914,13.678575025275617,15.296364674724384,14.659257350841067,0.07250399482149028,0.0012961204467558881
2014-06-16,0.13089,0.196335,-0.65445,-1.036269,-1.036265,1.636125,1.393977,0.715531,-0.497384,-1.026181,-1.317628,-1.0,14.596851,14.524248600000002,0.37702215816002577,13.77020428367995,15.278292916320053,14.653313888856204,0.05618673905109439,-0.010416719682506055
2014-06-17,-2.052598,0.192431,-2.116742,2.028796,2.028794,-0.80821,-0.378447,-1.128929,-2.180885,-2.860808,-3.170836,1.0,14.892991,14.568192000000002,0.36547667711896087,13.83723864576208,15.299145354237924,14.676140280393708,0.06638596328738267,0.02008487907335398
2014-06-18,-0.127796,0.255591,-1.341853,0.384862,0.384845,-1.111807,-0.479217,-1.29072,-2.198067,-3.074745,-3.346097,0.0,14.950306,14.6216882,0.3366696392176279,13.948348921564744,15.295027478435255,14.702251301308593,0.07819241004473199,0.0038410682618509775
2014-06-19,0.707395,0.771704,-0.321543,-0.638978,-0.63897,-0.308678,0.23795,-0.484452,-1.266873,-2.268803,-2.563765,-1.0,14.854778,14.666586899999999,0.30135871820003757,14.063869463599923,15.269304336400074,14.716777653564916,0.07893092633559284,-0.006410203514891192
2014-06-20,1.165049,1.165049,-0.064725,-0.643087,-0.579147,0.297842,0.73773,0.233212,-0.449189,-1.464066,-1.881918,-1.0,14.768747,14.702407400000002,0.2648729631595236,14.172661473680956,15.232153326319049,14.721727115130161,0.0717471664342959,-0.005808305518309688
2014-06-23,-1.086957,0.063939,-1.662404,1.229773,1.229766,-0.447681,-0.607424,-0.818287,-1.361415,-2.369718,-2.880046,1.0,14.950368,14.746831450000002,0.22298739610515242,14.300856657789698,15.192806242210306,14.743502437498718,0.0797895178912924,0.012222656096909193
2014-06-24,0.451904,1.355713,-0.322789,-0.959079,-0.95908,0.400177,0.08407,0.266874,-0.31592,-1.210113,-1.847102,-1.0,14.806982,14.76020385,0.217862055809219,14.324479738381562,15.195927961618438,14.749548110117887,0.07374302381468034,-0.009637088633764983
2014-06-25,-0.129282,0.129282,-1.228184,-0.129116,-0.129095,0.310264,0.142353,0.512742,-0.077262,-0.836948,-1.623338,0.0,14.787867,14.776441649999999,0.2063519473384406,14.363737755323118,15.18914554467688,14.753197528201898,0.06664052248611263,-0.0012917790293904801
2014-06-26,0.194679,0.778715,-0.908501,-0.387847,-0.387859,0.53212,0.532221,0.899747,0.399328,-0.240742,-1.11493,0.0,14.730511,14.789334100000001,0.19406247512107155,14.401209149757857,15.177459050242145,14.751036906468386,0.055741041131978974,-0.0038861262758001468
2014-06-27,0.326158,0.587084,-0.130463,-0.519143,-0.519147,0.900197,0.991576,1.31759,0.988413,0.4441,-0.427255,-1.0,14.654038,14.798880449999999,0.1814568976640492,14.4359666546719,15.161794245328098,14.741798915376158,0.04046592564219331,-0.005204992096363327
2014-06-30,-0.390371,0.520494,-0.520494,0.260926,0.260931,0.28627,0.793691,0.854466,0.764565,0.354316,-0.497861,0.0,14.692275,14.804607,0.175830814831281,14.452945370337439,15.156268629662563,14.737082352007,0.03108733743062686,0.0026059165686893276
2014-07-01,-1.410256,0.320513,-1.410256,1.496422,1.496412,-1.051274,-0.679525,-0.76486,-0.592922,-1.025313,-1.764138,1.0,14.912132,14.82371465,0.1648367733165724,14.494041103366854,15.153388196633145,14.753753747053953,0.04092361917449061,0.014853264383660305
2014-07-02,-0.44164,1.135653,-0.567823,1.602564,1.602568,-2.132491,-2.113563,-2.216511,-1.955882,-2.404795,-3.034035,1.0,15.151109,14.85477115,0.16509461073753146,14.524581928524936,15.184960371475063,14.791597104477384,0.06722743399746811,0.01589862076103664
2014-07-03,0.249526,1.247654,-0.187155,1.135653,1.135659,-2.457901,-2.907059,-3.056714,-2.866582,-3.278678,-3.825639,1.0,15.323174,14.883922600000002,0.1929186240060292,14.498085351987944,15.26975984801206,14.842223475479537,0.10079569422632417,0.01129259241383411
2014-07-07,0.313676,0.376412,-0.690088,-0.561453,-0.561457,-1.141781,-2.051443,-2.296076,-2.20521,-2.529368,-3.02342,-1.0,15.237141,14.901130099999998,0.20848997898096908,14.48415014203806,15.318110057961936,14.879834668291009,0.1190839129899448,-0.005630388775740638
2014-07-08,1.540436,1.604621,-0.385109,-2.258469,-2.258468,1.412066,0.173299,0.094097,-0.025682,-0.192483,-0.596606,-1.0,14.893015,14.889190150000001,0.20129748872632364,14.486595172547354,15.291785127452648,14.88108993797758,0.10460356116098524,-0.02284362314671105
2014-07-09,0.128205,0.576923,-0.384615,0.12837,0.128362,1.282058,0.115392,-0.025664,-0.25313,-0.217926,-0.640751,0.0,14.912132,14.874384850000002,0.18697646349389077,14.50043192301222,15.248337776987784,14.884046324836858,0.09359149564073554,0.0012827987475809704
2014-07-10,-0.712435,0.582902,-1.23057,-1.025641,-1.025635,1.800519,1.133419,0.924006,0.735181,0.878198,0.455741,-1.0,14.759188,14.867694700000001,0.1886618701058105,14.49037095978838,15.245018440211622,14.872155055804775,0.07169657826002052,-0.010309305726497655
2014-07-11,0.06502,0.325098,-0.520156,-0.388601,-0.388599,1.352403,1.50845,1.248372,1.118383,1.261315,0.899593,0.0,14.701834,14.866256800000002,0.18986754298909664,14.486521714021809,15.245991885978196,14.855934002870987,0.04915013782487243,-0.0038935562015567212
2014-07-14,0.32113,0.642261,-0.32113,1.235371,1.235376,-0.359673,0.423885,0.064218,-0.07063,0.02306,-0.237544,1.0,14.883457,14.872944799999999,0.18789121527287134,14.497162369454257,15.248727230545741,14.858555240692796,0.04541387665403107,0.012278079783093582
2014-07-15,-0.379507,0.253004,-0.948767,1.541426,1.541416,-1.581276,-0.822263,-1.383089,-1.416852,-1.50032,-1.633926,1.0,15.112873,14.8987459,0.1833579883997728,14.532029923200454,15.265461876799545,14.882775979674435,0.06027006090304354,0.01529656950090373
2014-07-16,0.967118,0.967118,-0.515796,-1.897533,-1.897528,0.206317,1.038038,0.532987,0.467415,0.301792,0.335278,-1.0,14.826102,14.89540145,0.1840771000805688,14.527247249838862,15.263555650161138,14.87737845780068,0.04834636410778792,-0.01915762117472172
2014-07-17,1.644737,1.842105,-0.460526,-1.998711,-1.998718,1.934216,2.671058,2.464917,2.371714,2.247435,2.381549,-1.0,14.52977,14.874374649999998,0.20073975269919736,14.472895144601603,15.275854155398394,14.84427289039109,0.014814460759851045,-0.020189627878353506
2014-07-18,-1.420271,0.064558,-1.549387,1.907895,1.90789,0.167859,0.400267,0.581029,0.439001,0.353825,0.479838,1.0,14.806982,14.87198485,0.20126913582288966,14.469446578354221,15.27452312164578,14.84072137702051,0.010487978527022435,0.018899178146336654
2014-07-21,-0.64433,0.193299,-1.030928,0.193673,0.193679,-0.090206,-0.064431,0.468216,0.2674,0.183014,0.272725,0.0,14.83566,14.8753305,0.20001494802552464,14.475300603948952,15.275360396051049,14.840239341113794,0.009266467050853322,0.0019349158517850476
2014-07-22,0.451031,0.64433,-0.322165,0.0,0.0,-0.463917,-0.103091,0.532649,0.22874,0.247402,0.206184,0.0,14.83566,14.869595099999998,0.19939366446412554,14.470807771071748,15.268382428928248,14.83980321338867,0.008203841625924468,0.0
2014-07-23,0.0,0.708763,-0.064433,0.0,0.0,-0.451032,-0.154637,0.498285,0.238405,0.231944,0.122471,0.0,14.83566,14.871029000000002,0.19902246692487724,14.472984066150246,15.269073933849757,14.839408621637368,0.00727780926592736,0.0
2014-07-24,-0.384123,0.128041,-0.448143,0.64433,0.644339,-0.550585,-0.678624,-0.243284,-0.35532,-0.41486,-0.509985,1.0,14.931252,14.87819825,0.19845082024338362,14.481296609513233,15.275099890486768,14.848155610052856,0.014094919989394938,0.006422723902854673
2014-07-25,0.0,0.256575,-0.256575,-0.192061,-0.192067,-0.230918,-0.352791,-0.239471,-0.105838,-0.210392,-0.280062,0.0,14.902574,14.8868014,0.19541779839039242,14.495965803219214,15.277636996780785,14.853338313857346,0.01698763158197636,-0.001922516329819046
2014-07-28,0.580645,0.709677,-0.258065,-0.577293,-0.577283,0.322572,0.180634,0.150527,0.529021,0.381924,0.313985,-1.0,14.816544,14.894926700000003,0.18848580771654558,14.517955084566912,15.271898315433093,14.84983409348998,0.012197617797450988,-0.005789555417009167
2014-07-29,1.173403,1.238592,0.0,-1.032258,-1.032258,1.134284,0.919156,1.09082,1.567786,1.350707,1.375458,-1.0,14.663599,14.893492899999998,0.19020968652712741,14.513073526945744,15.273912273054252,14.832097417919504,-0.003894986937403644,-0.010376230009974556
2014-07-30,-0.962773,0.577664,-1.732991,1.564537,1.564527,-0.346593,-0.590501,-0.474968,-0.003209,-0.18742,-0.186151,1.0,14.893015,14.892537049999998,0.19015911778814734,14.512218814423703,15.272855285576293,14.83789909240336,0.0018422257283070564,0.015524146805377498
2014-07-31,1.245902,1.967213,0.0,-2.1181,-2.11808,1.324578,1.593424,1.595609,1.963915,1.914734,1.888504,-1.0,14.577569,14.863860050000003,0.192346633929389,14.479166782141226,15.24855331785878,14.813105750269706,-0.018847584584635868,-0.021408333662934608
2014-08-01,1.335113,2.736983,-0.934579,-1.770492,-1.770508,2.336453,3.084112,3.248774,3.451265,3.636846,3.600352,-1.0,14.319472,14.813674949999998,0.19707939666051202,14.419516156678974,15.207833743321022,14.766093012148781,-0.05543169711375562,-0.017863688080523243
2014-08-04,0.13289,0.465116,-0.465116,0.46729,0.467287,1.262464,2.292362,2.538206,2.674419,3.080398,3.029899,0.0,14.386385,14.771137150000001,0.1926312813402512,14.385874587319499,15.156399712680503,14.729930344325089,-0.07812497391447515,0.00466198387256479
2014-08-05,0.066667,1.333333,-0.666667,-0.332226,-0.332217,1.146664,2.286662,2.519992,2.823324,3.325324,3.231102,0.0,14.338591,14.74341595,0.21298654064658032,14.317442868706838,15.16938903129316,14.692659930579842,-0.09882692042313757,-0.0033276994977633474
2014-08-06,-0.394737,1.052632,-0.394737,1.333333,1.333318,-0.684199,0.730274,1.035095,1.338823,1.860533,1.809217,1.0,14.52977,14.72429785,0.21420250071110766,14.295892848577784,15.152702851422214,14.67714660385795,-0.09866941503336335,0.013245074419105309
2014-08-07,2.116402,2.116402,-0.198413,-0.526316,-0.526306,-0.33069,0.93254,1.534389,1.769177,2.206346,2.270719,-1.0,14.453299,14.7090034,0.2223458857187671,14.264311628562465,15.153695171437535,14.65582778444291,-0.1035218263087998,-0.005276955139050439
2014-08-08,-0.789474,0.0,-1.381579,0.529101,0.52909,-0.565783,0.144747,0.872815,1.174349,1.450006,1.686409,0.0,14.52977,14.700400199999999,0.22593770396652035,14.248524792066958,15.15227560793304,14.643822281162631,-0.10004358640996891,0.005276955139050399
2014-08-11,0.262812,0.328515,-0.459921,0.131579,0.131592,-0.473067,-0.170831,0.608844,0.926406,1.127457,1.528683,0.0,14.54889,14.683671850000001,0.2240486166934763,14.235574616613048,15.131769083386954,14.634781111528095,-0.0946531296640476,0.0013150539093243765
2014-08-12,-0.197239,0.591716,-0.394477,-0.065703,-0.065709,-0.131493,-0.190661,0.539122,0.79553,1.096647,1.560377,0.0,14.53933,14.654994699999998,0.20182473298705075,14.251345234025896,15.0586441659741,14.6256905294778,-0.0901137902800464,-0.0006573107838297508
2014-08-13,0.0,0.262295,-0.327869,0.262985,0.263004,-0.327883,-0.668867,0.157362,0.445884,0.739654,1.217468,0.0,14.577569,14.64256805,0.19835638213809176,14.245855285723817,15.039280814276182,14.621107526670391,-0.0824799854603313,0.002626586161122048
2014-08-14,-0.391645,0.0,-0.391645,0.459016,0.459,-0.522191,-1.077023,-0.430808,0.026109,0.248041,0.639685,0.0,14.64448,14.64830355,0.19657356579626895,14.255156418407461,15.041450681592538,14.623333476511306,-0.07022151176442293,0.004579495225460444
2014-08-15,0.788436,1.248357,-0.525624,-0.652742,-0.652737,0.157688,-0.269385,0.061321,0.594609,0.864647,1.123516,-1.0,14.54889,14.635398949999999,0.1940639880952645,14.24727097380947,15.023526926190527,14.616243621605467,-0.06744246243840557,-0.006548770602752688
2014-08-18,-1.100324,0.0,-1.165049,1.51117,1.51116,-1.035591,-1.49514,-1.449831,-0.925561,-0.667957,-0.487591,1.0,14.768747,14.632053299999999,0.19098210784846195,14.250089084303076,15.014017515696922,14.630767752881138,-0.0469581193774129,0.014998556773867884
2014-08-19,0.453074,1.294498,-0.064725,0.0,0.0,-0.724912,-1.203879,-1.402367,-0.948214,-0.761161,-0.515638,0.0,14.768747,14.62870765,0.18778693927776915,14.253133771444462,15.00428152855554,14.643908633559125,-0.030373997385153118,0.0
2014-08-20,-0.708763,0.708763,-0.966495,0.453074,0.453072,-0.824737,-1.443291,-1.872844,-1.394966,-1.206179,-0.981523,0.0,14.83566,14.628707649999999,0.18778693927776915,14.25313377144446,15.004281528555538,14.662170668458256,-0.011696807819877364,0.004520483314929383
2014-08-21,-2.908416,0.371281,-3.341584,4.123711,4.123713,-3.712869,-4.702965,-5.383658,-5.133038,-4.881183,-4.754533,1.0,15.44744,14.65451705,0.2550007049892568,14.144515640021487,15.164518459978515,14.736958223843184,0.051872577826078015,0.04040955168543249
2014-08-22,0.185995,0.991953,-0.49597,-0.18565,-0.185629,-2.405466,-3.94917,-4.73239,-4.789219,-4.545575,-4.42241,0.0,15.418765,14.6803266,0.30302873344455356,14.074269133110894,15.286384066889108,14.801892202524785,0.09879904717460875,-0.0018580196852451961
2014-08-25,-0.122781,0.675255,-0.552486,0.991953,0.991934,-2.332723,-4.235728,-5.160632,-5.481891,-5.294047,-5.213835,1.0,15.571709,14.71808485,0.36217148792664144,13.993741874146718,15.442427825853283,14.875208087998615,0.14663954541434343,0.00987046804941461
2014-08-26,0.061237,0.796075,-0.061237,0.245543,0.245548,-1.494183,-3.784445,-4.84997,-5.410287,-5.327617,-5.339866,0.0,15.609945,14.76540215,0.41293957939547704,13.939522991209046,15.591281308790954,14.945183031998747,0.18550047656611035,0.0024524689527072895
2014-08-27,1.049383,1.172827,-0.370383,-0.796075,-0.796076,0.135799,-2.425931,-3.674901,-4.45988,-4.400004,-4.438277,-1.0,15.485678,14.7950353,0.44276717283255923,13.909500954334883,15.680569645665118,14.996658743236962,0.20392007246488753,-0.007992614364630878
2014-08-28,0.562149,0.562149,-0.124922,-1.172846,-1.172851,1.136798,-0.836971,-2.161142,-3.088688,-3.168012,-3.135534,-1.0,15.304054,14.831359549999998,0.4536537074846829,13.924052135030632,15.738666964969365,15.025934481976298,0.20153898010677906,-0.011797836153045053
2014-08-29,-0.248608,0.310746,-0.435053,0.499688,0.499691,0.584217,-0.789308,-2.278844,-3.225603,-3.525167,-3.492849,0.0,15.380527,14.8844123,0.4526818435792942,13.97904861284141,15.789775987158588,15.059705197978555,0.20347712164835485,0.004984468149030117
2014-09-02,-0.799023,0.061469,-1.290725,1.118707,1.1187,-0.553158,-1.382905,-2.929718,-3.921318,-4.403186,-4.406874,1.0,15.552589,14.942722499999999,0.46020152913910434,14.02231944172179,15.863125558278208,15.106646512456788,0.21640252460374043,0.011124891173267683
2014-09-03,1.055901,1.118019,-0.372665,-1.044868,-0.739806,-0.035332,-0.214674,-1.818348,-2.849294,-3.490151,-3.564441,-1.0,15.43753,14.99766945,0.4497601552345418,14.098149139530916,15.897189760469084,15.13815922555614,0.214884643447947,-0.007425562237162508
2014-09-04,-0.062079,0.993166,-0.434513,0.062118,0.062102,-0.1473,0.119235,-1.504003,-2.612657,-3.406565,-3.492346,0.0,15.447117,15.043536800000002,0.4462944907183597,14.150947818563282,15.936125781436722,15.167583775503175,0.21201136740340232,0.0006208262835525315
2014-09-05,0.18726,0.31211,-0.749064,-0.558665,-0.558661,0.487582,0.625314,-0.639758,-1.770134,-2.659943,-2.856949,-1.0,15.36082,15.08891285,0.4289218384598022,14.231069173080396,15.946756526919604,15.185987225455253,0.20046005007615264,-0.005602272278456295
2014-09-08,-0.978587,0.12233,-1.223242,2.059925,2.059923,-1.162077,-1.24078,-2.165367,-3.386786,-4.278172,-4.652921,1.0,15.677241,15.1462864,0.42693274012555954,14.29242091974888,16.000151880251117,15.232773299221419,0.21436698892145678,0.02038993109618215
2014-09-09,0.681543,0.743501,-0.247825,-1.28441,-1.284403,0.024787,-0.017729,-0.587808,-1.830241,-2.751122,-3.270332,-1.0,15.475882,15.192635999999998,0.40858837990242364,14.375459240195152,16.009812759804845,15.25592650881938,0.206756983869532,-0.012927230707453163
2014-09-10,-1.2225,0.244493,-1.40588,1.363086,1.363102,-1.002466,-1.313247,-1.534501,-2.784646,-3.715107,-4.353695,1.0,15.686834,15.2500112,0.3922626323283169,14.465485935343366,16.034536464656632,15.296965317503249,0.2152666040269171,0.013538949707560144
2014-09-11,-1.508751,0.362094,-1.629457,1.283612,1.283567,-1.701847,-2.310567,-2.340716,-3.604207,-4.593332,-5.357034,1.0,15.888185,15.315541999999999,0.38338733014472304,14.548767339710553,16.082316660289443,15.353271953931511,0.2355426927083215,0.01275398943555097
2014-09-12,-1.012507,0.238231,-1.072067,1.327707,1.327735,-2.07267,-3.09676,-3.350513,-4.415535,-5.434555,-6.282135,1.0,16.099138,15.388274899999999,0.3873410058821617,14.613592888235676,16.162956911764322,15.424306815461843,0.2655724295076176,0.01318997894132744
2014-09-15,0.358417,1.135006,-0.71684,-0.297802,-0.297823,-1.314202,-2.389469,-2.799138,-3.66204,-4.772934,-5.642563,0.0,16.051191,15.463389950000002,0.36075019586232815,14.741889558275345,16.184890341724657,15.484010071132143,0.2822487027320495,-0.002982677754008021
2014-09-16,-0.239372,0.777983,-0.239372,-0.179217,-0.179214,-0.454803,-1.920987,-2.437092,-3.097853,-4.234099,-5.132793,0.0,16.022425,15.52607385,0.3421356537090191,14.841802542581961,16.210345157418036,15.535287683405272,0.2898029258824515,-0.0017937489625721643
2014-09-17,-0.357788,0.954085,-0.536673,0.359072,0.359103,-0.322027,-1.872408,-2.591323,-3.036869,-4.193524,-5.111263,0.0,16.079962,15.5916346,0.3138356250455854,14.96396334990883,16.21930585009117,15.587161427842865,0.297008725491656,0.0035845970961189584
2014-09-18,-0.938979,0.645534,-0.997653,1.610024,1.610016,-1.349779,-2.881469,-3.786652,-4.11325,-5.280394,-6.245705,1.0,16.338852,15.666794200000002,0.3030737385506007,15.0606467228988,16.272941677101205,15.658751006143543,0.31992177389782306,0.015971929361823543
2014-09-19,1.179935,1.297929,-0.412991,-0.528169,-0.528201,-0.637155,-1.817093,-2.886688,-3.356398,-4.381656,-5.378845,-1.0,16.25255,15.707049699999999,0.32507518284663756,15.056899334306724,16.357200065693274,15.715303291272729,0.32734327024000365,-0.005296010384240408
2014-09-22,0.352314,0.822073,-0.234885,0.471976,0.471987,-0.763355,-1.879032,-2.955563,-3.531609,-4.394725,-5.456012,0.0,16.32926,15.752574450000001,0.3456794337528003,15.0612155824944,16.4439333175056,15.773775358770564,0.3355467415025064,0.004708771043586315
2014-09-23,0.0,0.879777,-0.11729,0.117428,0.117446,-0.480936,-1.460412,-2.744868,-3.407219,-4.120372,-5.200004,0.0,16.348438,15.791410899999999,0.3672491488805536,15.056912602238892,16.525909197761106,15.828505134125749,0.339679937032928,0.0011737670261742002
2014-09-24,-0.349237,0.058213,-1.222357,0.762469,0.762477,-0.756706,-1.72877,-3.061712,-3.876157,-4.43205,-5.526066,1.0,16.473091,15.834568200000001,0.3945065968845889,15.045555006230824,16.62358139376918,15.889894264209012,0.34899102826578954,0.007595843529395672
2014-09-25,1.839763,1.958457,0.0,-1.920838,-1.92086,0.96143,0.362026,-0.870417,-1.78594,-2.233322,-3.350024,-1.0,16.156666,15.8681176,0.39179647113113075,15.084524657737738,16.65171054226226,15.915301096189106,0.327067056687369,-0.01939548121415005
2014-09-26,-0.704645,0.117428,-0.82209,1.068255,1.068253,-0.01174,-0.557836,-1.522798,-2.510108,-3.050669,-4.027659,1.0,16.32926,15.9193779,0.38103164823219593,15.157314603535609,16.68144119646439,15.954725753694905,0.3199310783089757,0.010625870658580078
2014-09-29,-0.587889,0.23515,-0.764262,-0.117446,-0.117427,0.082299,-0.282194,-1.148351,-2.11053,-2.718096,-3.554889,0.0,16.310085,15.965855800000003,0.36832516126006,15.229205477479884,16.702506122520123,15.988569491438248,0.30916464421412293,-0.0011749624391043426
2014-09-30,0.175959,0.351918,-0.469208,0.23515,0.235149,-0.152492,-0.316714,-1.024438,-2.096774,-2.756274,-3.459058,0.0,16.348438,16.00564825,0.36429571375624625,15.277056822487507,16.73423967751249,16.022842682729845,0.3002656585932062,0.002348729465278657
2014-10-01,1.486326,1.605232,-0.118912,-1.348968,-1.348967,0.784773,1.076093,0.511287,-0.544002,-1.298088,-1.858033,-1.0,16.127903,16.0401669,0.3394944467509807,15.361178006498038,16.71915579350196,16.032848427231766,0.27227915238202627,-0.013581480125340953
2014-10-02,-0.118472,0.651665,-1.481043,0.356712,0.356699,0.462097,0.622048,0.276473,-0.669419,-1.475971,-1.92888,0.0,16.185431,16.0770826,0.31051834464406675,15.456045910711866,16.698119289288133,16.04738010082874,0.2518386343831587,0.0035606391329996152
2014-10-03,-1.041064,0.057825,-1.33026,2.428922,2.428944,-1.619449,-1.567399,-1.908638,-2.657625,-3.504807,-4.027057,1.0,16.578566,16.137969899999998,0.28063081452331196,15.576708270953374,16.69923152904662,16.097969234083145,0.26431522416315545,0.023999139601061505
2014-10-06,0.462695,0.694037,-0.40487,0.0,0.0,-1.29556,-1.41702,-1.696567,-2.38579,-3.21575,-3.793864,0.0,16.578566,16.18303615,0.2750649582035676,15.632906233592864,16.733166066407136,16.143740354646653,0.2710781908094404,0.0
2014-10-07,1.777257,1.895747,0.0,-2.371324,-2.371345,0.900491,0.876793,0.758309,0.204397,-0.708517,-1.330677,-1.0,16.185431,16.2185136,0.21912741398956415,15.780258772020874,16.65676842797913,16.14771089229935,0.2419264046683871,-0.023999139601061564
2014-10-08,-1.401881,0.0,-2.33646,1.421813,1.421828,-0.163559,-0.572441,-0.517924,-0.978402,-1.862162,-2.55033,1.0,16.41556,16.254949900000003,0.18380648508350664,15.88733692983299,16.622562870167016,16.173220331127986,0.23468755906307948,0.014118148891289867
2014-10-09,2.712483,3.134424,-0.241115,-3.0958,-3.095813,2.676324,2.447266,2.479411,2.191085,1.388794,0.651272,-1.0,15.907365,16.2559089,0.18183162142231774,15.892245657155366,16.619572142844635,16.147900775782464,0.1858018246536446,-0.03144745598438345
2014-10-10,0.242718,1.759709,-0.728149,-0.66305,-0.663033,2.378634,2.797322,2.973291,2.779114,2.177173,1.428094,-1.0,15.801894,16.241046700000002,0.20587767791256337,15.829291344174875,16.652802055825127,16.11494774951747,0.13696999484963257,-0.00665240325945838
2014-10-13,0.487805,1.646341,0.0,-0.485437,-0.485461,1.792694,2.926844,3.219526,3.176842,2.687818,1.995948,0.0,15.725182,16.224746250000003,0.23284101821112416,15.759064213577755,16.69042828642225,16.077827201944377,0.09103105132968281,-0.004866429820003822
2014-10-14,-0.060533,0.665854,-0.968517,0.731707,0.731712,0.617441,1.858363,2.255861,2.369864,2.033906,1.315585,1.0,15.840245,16.21563725,0.24444692685199085,15.726743396296019,16.70453110370398,16.05520032556872,0.06318042547981051,0.00729047699198666
2014-10-15,2.982234,3.045685,-2.093909,-4.600484,-4.600472,3.743647,6.097712,6.58629,6.986036,6.802024,6.129436,-1.0,15.111519,16.1672151,0.34710130063959915,15.473012498720802,16.861417701279198,15.965325913609794,-0.017491858880969602,-0.04709655275578495
2014-10-16,-2.922886,1.057214,-3.482587,2.030457,2.030458,1.044771,3.488803,4.145933,4.558452,4.55472,4.011188,1.0,15.418352,16.1211901,0.3823801945025486,15.356429710994902,16.885950489005097,15.913233159932672,-0.056020596099463305,0.020101187551769494
2014-10-17,0.246767,1.233813,-0.308445,0.808451,0.808446,-0.098702,1.992604,2.973481,3.491679,3.573109,3.216128,1.0,15.543001,16.08571265,0.4019656880269815,15.281781273946038,16.889644026053965,15.877972954224798,-0.0756250073549829,0.00805195260403705
2014-10-20,-0.368998,0.430504,-0.615006,0.308458,0.30846,-0.578109,1.045507,2.349322,2.936653,3.136529,2.880276,0.0,15.590945,16.0487969,0.4121941377364965,15.224408624527006,16.873185175472994,15.850636958584342,-0.08629817278475116,0.003079856173565826
2014-10-21,-1.024096,0.060247,-1.746994,2.091021,2.091034,-2.518083,-1.192785,0.072276,0.692757,0.997576,0.865446,1.0,15.916957,16.02722285,0.4069439580100677,15.213334933979866,16.841110766020137,15.856953153004882,-0.06767022920083932,0.020694721917995117
2014-10-22,1.158537,1.829274,-0.182921,-1.204819,-1.204847,-0.548767,-0.426817,1.121965,1.68294,2.139038,2.10367,-1.0,15.725182,15.9898274,0.3980826539754985,15.193662092049003,16.785992707950996,15.84440351938537,-0.0676028064020393,-0.012121642483568984
2014-10-23,-0.120482,0.783133,-0.481928,1.219512,1.219541,-1.120494,-1.620496,-0.208848,0.382516,0.802394,0.879503,1.0,15.916957,15.977841950000002,0.39640012646975425,15.185041697060493,16.77064220293951,15.851313374682002,-0.051481289321472445,0.012121642483568902
2014-10-24,-0.538278,0.0,-0.956938,0.722886,0.722889,-1.220102,-2.183026,-1.152323,-0.430633,0.023912,0.141534,1.0,16.032019,15.962979899999999,0.3880145847310626,15.186950730537873,16.739009069462124,15.868523434236096,-0.029085054693435808,0.007202891101528503
2014-10-27,0.542495,0.602779,-0.542495,-0.777506,-0.777532,-0.04821,-1.301981,-0.659024,0.223034,0.701636,0.896129,-1.0,15.907365,15.942843900000003,0.3794076364997613,15.184028627000481,16.701659172999527,15.872222630975514,-0.021150602438494204,-0.007805700505635348
2014-10-28,-1.071417,0.0,-1.130941,1.265817,1.265829,-1.059521,-2.369044,-1.932537,-1.104164,-0.616665,-0.34722,1.0,16.108725,15.93085825,0.36957940442419546,15.19169944115161,16.67001705884839,15.894746666120703,0.0013697872477234085,0.012578841141823284
2014-10-29,-1.294879,0.176574,-1.648034,1.130958,1.130927,-1.47143,-2.73688,-3.08022,-2.160069,-1.772783,-1.418457,1.0,16.290903,15.93900825,0.37589660713218764,15.187215035735626,16.690801464264375,15.932475840775874,0.03353107503894748,0.011245803190780574
2014-10-30,-0.411051,0.528479,-1.115684,0.235438,0.23545,-1.197884,-2.40751,-3.135637,-2.345852,-1.961237,-1.65198,0.0,16.32926,15.9461997,0.3821824339386929,15.181834832122613,16.710564567877384,15.97026480832103,0.06140636233931751,0.0023517367266564556
2014-10-31,0.058275,0.349645,-0.34965,0.763353,0.763372,-1.433579,-2.593246,-3.60529,-3.123548,-2.673665,-2.35626,1.0,16.453913,15.939967050000002,0.372213406706953,15.195540236586096,16.68439386341391,16.016326540861883,0.09249001635141063,0.007604730679549419
2014-11-03,-0.521135,0.463231,-0.984366,0.641026,0.641015,-1.273887,-2.628832,-3.883416,-3.746377,-3.233347,-2.931861,1.0,16.559385,15.939008000000001,0.3705021602904963,15.198003679419008,16.680012320580992,16.068046394113132,0.12420301004918954,0.006389689321666389
2014-11-04,0.058106,0.522952,-1.104004,-0.347429,-0.347422,-0.453228,-1.93492,-3.281035,-3.31493,-2.858799,-2.56246,0.0,16.501854,15.95482915,0.3879250004737836,15.178979149052433,16.730679150947566,16.109361404197596,0.14304458619361426,-0.0034802723557553
2014-11-05,-0.11534,0.173016,-0.749717,0.755381,0.755364,-0.795838,-2.128016,-3.39868,-3.976342,-3.467114,-3.262193,1.0,16.626503,15.965376299999999,0.4036594650672221,15.158057369865555,16.772695230134442,16.158612984750206,0.16611987706239262,0.00752525023999988
2014-11-06,-0.115213,0.230409,-0.460829,0.115346,0.115358,-0.52996,-1.803002,-3.018437,-3.865211,-3.467744,-3.275732,0.0,16.645683,16.0022922,0.4309154595747444,15.140461280850511,16.86412311914949,16.205000605250184,0.1838357331326641,0.0011529150579120242
2014-11-07,-0.28803,0.115196,-0.806463,0.0,0.0,-0.299546,-1.434339,-2.576809,-3.611755,-3.451616,-3.212368,0.0,16.645683,16.04448165,0.45109619827383823,15.142289253452326,16.946674046547678,16.24697035713112,0.1956206832374896,0.0
2014-11-10,-0.057571,0.172706,-0.403005,0.057604,0.057607,-0.241803,-1.042036,-2.206876,-3.388031,-3.48878,-3.199007,0.0,16.655272,16.09098615,0.4641986324274668,15.162588885145066,17.019383414854932,16.285856227880537,0.2033895451915555,0.0005758994157990835
2014-11-11,0.288689,0.808308,-0.115479,-0.287858,-0.287861,0.173211,-0.456122,-1.647421,-2.878173,-3.108543,-2.867588,0.0,16.607328,16.129340300000003,0.47397779216889563,15.181384715662212,17.077295884337794,16.316472587130008,0.20333383823030715,-0.0028827592071826776
2014-11-12,-0.28919,0.057825,-1.272418,-0.173204,-0.173189,0.289171,-0.109909,-1.133622,-2.267225,-2.901118,-2.608462,0.0,16.578566,16.20269265,0.41843544353454293,15.365821762930914,17.039563537069085,16.341433864546197,0.19867859387912645,-0.001733387517094079
2014-11-13,0.406516,0.464576,-0.580709,-0.40487,-0.404884,0.534273,0.406511,-0.491671,-1.538902,-2.36004,-2.146721,0.0,16.511442,16.257347149999998,0.3802402153619147,15.496866719276168,17.01782758072383,16.357625115541797,0.18741255806120094,-0.004057061096527972
2014-11-14,0.175035,0.64178,-0.233366,-0.464576,-0.464563,0.746789,0.863471,0.136126,-0.808057,-1.750298,-1.719181,0.0,16.434736,16.3019339,0.34247448024513044,15.616984939509742,16.98688286049026,16.36496900929972,0.17033113902366637,-0.004656451415903617
2014-11-17,-0.175547,0.292563,-0.702171,-0.291709,-0.29173,0.713877,1.053256,0.624153,-0.275007,-1.301338,-1.470638,0.0,16.386791,16.3417262,0.2989907225699982,15.743744754860003,16.939707645139997,16.36704729412832,0.1511824928942751,-0.002921560237153653
2014-11-18,-0.408396,0.466744,-0.466744,0.292563,0.292583,0.210032,0.717614,0.462847,-0.408408,-1.44458,-1.707513,0.0,16.434736,16.36761515,0.28222152426968705,15.803172101460625,16.932058198539373,16.37349383754467,0.13828178731831997,0.002921560237153759
2014-11-19,0.527556,0.527556,-0.293077,-0.466744,-0.466761,0.410325,1.025804,0.961323,0.252062,-0.677598,-1.258294,0.0,16.358025,16.399257300000002,0.23849063670097015,15.922276026598063,16.876238573401942,16.372020614921368,0.12047914007426996,-0.004678541091772454
2014-11-20,-0.2353,0.058824,-1.0,-0.351694,-0.351668,0.505864,1.17057,1.305862,0.723508,-0.110609,-0.829432,0.0,16.300499,16.418434400000002,0.21156836536451487,15.995297669270972,16.841571130729033,16.365209032547902,0.10056924676256074,-0.003522881774742725
2014-11-21,0.175228,0.408878,-0.350479,0.705888,0.705874,-0.221971,0.321253,0.580207,0.134333,-0.598142,-1.399934,1.0,16.41556,16.43761145,0.19109084462926454,16.055429760741468,16.81979313925853,16.370004362781437,0.093002894489711,0.007033944669175138
2014-11-24,-0.116414,0.582078,-0.582072,0.350461,0.350466,-0.465661,-0.139704,0.194015,-0.043667,-0.731093,-1.592948,0.0,16.473091,16.46589775,0.1447127304075547,16.17647228918489,16.75532321081511,16.379822137754633,0.0906043461905881,0.0034985356304469257
2014-11-25,0.760234,0.935673,-0.116959,-0.465658,-0.465669,-0.046777,0.198835,0.619885,0.511696,-0.149708,-1.019493,0.0,16.396381,16.480280549999996,0.11943212539905537,16.241416299201884,16.71914480079811,16.38139917225419,0.08157329728169671,-0.004667561393610411
2014-11-26,0.058445,0.233776,-0.409117,0.058485,0.05847,-0.04674,0.035078,0.471471,0.488029,-0.042071,-0.814329,0.0,16.405968,16.4860338,0.11239336932624919,16.261247061347504,16.7108205386525,16.383739060610935,0.07433285386553479,0.0005845313256664697
2014-11-28,0.17605,0.645534,-0.058685,-0.409117,-0.409095,0.41079,0.340366,0.758988,0.903744,0.471818,-0.219105,0.0,16.338852,16.4865134,0.11170755462914084,16.263098290741716,16.709928509258283,16.37946410245751,0.06245906083161401,-0.0040993411469717415
2014-12-01,0.774264,0.893389,-0.357362,-1.467136,-1.467141,1.512801,1.625963,2.032951,2.296003,1.984506,1.381767,-1.0,16.099138,16.46877465,0.14138350735294505,16.18600763529411,16.75154166470589,16.35276637841394,0.0333219630320265,-0.014780099741362237
2014-12-02,-1.632647,0.0,-1.690956,2.144127,2.144121,-0.653056,-0.472295,-0.194356,0.113708,-0.025652,-0.573368,1.0,16.444323,16.46302155,0.13983492360738628,16.183351702785227,16.742691397214774,16.36148605666023,0.0376501403909586,0.021214581081080847
2014-12-03,-1.098907,0.057825,-1.33026,0.816332,1.111119,-1.467339,-1.450357,-1.283226,-0.948805,-0.999587,-1.523621,1.0,16.627039,16.4692808,0.14439210356482626,16.180496592870348,16.75806500712965,16.38677681316878,0.05518773643694885,0.01104991437248754
2014-12-04,0.174323,0.755381,-0.464846,-0.462707,-0.462698,-0.835127,-0.87619,-0.835807,-0.511447,-0.476738,-0.899708,0.0,16.550106,16.46546095,0.14098424315978056,16.18349246368044,16.74742943631956,16.402331973819372,0.06216199275290535,-0.0046377190015798875
2014-12-05,-1.527149,0.169678,-1.866516,2.730976,2.730961,-2.691113,-3.098614,-3.279566,-3.051403,-2.964135,-3.321409,1.0,17.002083,16.48328095,0.18162812916960738,16.120024691660785,16.846537208339218,16.45945111916991,0.10297290020554328,0.026943359325467663
2014-12-08,0.0,1.189134,-0.849377,-0.113122,-0.113127,-1.540195,-2.654831,-2.954861,-2.842337,-2.729656,-3.02529,0.0,16.982849,16.50013925,0.21080004668507643,16.078539156629848,16.921739343370152,16.50929853639182,0.13223944136979426,-0.0011319135229455157
2014-12-09,-2.164004,0.170849,-2.220951,-0.566257,-0.566254,-0.455572,-1.85555,-2.204859,-2.220526,-2.098194,-2.279728,-1.0,16.886683,16.511709800000002,0.22559498897495886,16.060519822050086,16.962899777949918,16.545239913878316,0.14599070363387057,-0.005678629301437598
2014-12-10,0.57538,1.726128,-0.057526,-1.025057,-1.025056,0.678946,-0.649307,-1.080795,-1.176063,-1.033579,-1.147034,-1.0,16.713585,16.517022649999998,0.22918793835523904,16.05864677328952,16.975398526710475,16.561272779223238,0.14129238542328793,-0.010303461350759451
2014-12-11,-0.171712,1.030344,-0.171712,0.517837,0.517872,0.457901,-0.926541,-1.414989,-1.619264,-1.502116,-1.55529,0.0,16.80014,16.52810135,0.23752320758977466,16.05305493482045,17.00314776517955,16.584022038344834,0.1429058696124521,0.005165357921101603
2014-12-12,1.984822,1.984822,0.0,-1.946194,-1.946228,1.809698,1.121464,0.611663,0.321837,0.411037,0.427818,-1.0,16.473171,16.526187800000002,0.2378184606914782,16.050550878617045,17.00182472138296,16.573464796597708,0.11645844133202843,-0.019654162174020075
2014-12-15,2.670617,2.729964,-0.534125,-1.634554,-1.634537,2.540047,2.866456,2.196447,1.917658,1.970512,2.045196,-1.0,16.203911,16.51464655,0.24787833175629262,16.018889886487415,17.010403213512582,16.538269196921735,0.0729309298150902,-0.016480424679438648
2014-12-16,0.119623,2.811017,-0.777506,-0.771519,-0.771524,2.332537,3.438993,2.827605,2.614345,2.619968,2.739009,-1.0,16.078894,16.499251700000002,0.2651933648815347,15.968864970236933,17.02963842976307,16.494519178167284,0.028024190822442563,-0.007745152563600875
2014-12-17,-2.259554,0.057937,-2.549247,3.229671,3.229662,-1.008105,0.1854,-0.308423,-0.546829,-0.592822,-0.455956,1.0,16.598188,16.5074243,0.2656187595291837,15.976186780941633,17.03866181905837,16.50439239929421,0.03394664670202374,0.03178605248720855
2014-12-18,-0.342282,0.0,-1.083862,1.564316,1.564339,-2.464368,-1.175154,-1.665218,-1.930407,-2.05767,-1.943435,1.0,16.85784,16.532415049999997,0.2741967640714054,15.984021521857187,17.080808578142808,16.538054075551905,0.058912871146684864,0.01552229770944834
2014-12-19,-0.737804,0.454029,-0.737804,0.513406,0.513393,-2.40636,-1.713973,-1.92924,-2.241318,-2.455727,-2.385518,0.0,16.944387,16.56460945,0.2831867236545119,15.998236002690975,17.13098289730902,16.576752449308866,0.08470596584097478,0.005120798054143911
2014-12-22,-0.338786,0.112936,-0.903444,0.510772,0.510765,-1.931101,-2.185199,-2.062859,-2.557434,-2.811391,-2.806163,0.0,17.030933,16.595378099999998,0.29912217244465644,15.997133755110685,17.19362244488931,16.62000773985088,0.11085287517876807,0.005094650304693968
2014-12-23,-0.557724,0.334635,-0.836581,1.242242,1.242251,-1.78472,-3.179035,-2.955948,-3.529949,-3.805392,-3.885217,1.0,17.2425,16.63384855,0.3304080822161517,15.973032385567697,17.294664714432304,16.67929271700794,0.14695220442998647,0.012345987477049555
2014-12-24,-0.055623,0.667408,-0.333704,0.278862,0.278863,-1.256952,-3.114576,-2.969976,-3.53964,-3.874906,-4.02078,0.0,17.290583,16.67855865,0.3560861778274102,15.96638629434518,17.39073100565482,16.73751083919766,0.177396166613363,0.002784751716086408
2014-12-26,0.222469,0.389316,-0.166846,0.0,0.0,-0.756399,-2.830928,-2.684473,-3.283831,-3.659168,-3.883515,0.0,17.290583,16.7227894,0.37488881947425373,15.973011761051492,17.472567038948508,16.790184378321694,0.19922666500075437,0.0
2014-12-29,-0.773065,0.441745,-1.104368,0.723031,0.723024,-0.927666,-2.987301,-3.224743,-3.66896,-4.09462,-4.400417,1.0,17.415598,16.7766267,0.39369355194769023,15.989239596104621,17.56401380389538,16.849747580386293,0.22403264903645592,0.007204223403208956
2014-12-30,-0.496404,0.275792,-0.661881,0.110425,0.110441,-0.573638,-2.388312,-3.158678,-3.392178,-3.966575,-4.314675,0.0,17.434832,16.8434114,0.38593270474862384,16.071545990502752,17.61527680949725,16.90546990606379,0.24244879437455324,0.001103802848507821
2014-12-31,1.676926,1.788709,0.0,-1.323773,-1.323781,0.715488,-0.424815,-1.736537,-1.875352,-2.508301,-2.872675,-1.0,17.204033,16.8813969,0.38195173451381886,16.11749343097236,17.645300369027638,16.933904486438667,0.2357031328089647,-0.013326211212894578
2015-01-02,0.502793,0.726263,-1.22905,0.055903,0.0559,0.569834,-0.122903,-1.597766,-1.759781,-2.372857,-2.776106,0.0,17.21365,16.910727450000003,0.3839095274701917,16.14290839505962,17.678546504940385,16.960546916301652,0.2284991628324029,0.0005588406546882177
2015-01-05,2.359045,2.474108,-0.517825,-2.905034,-2.905049,2.888396,2.779077,1.311872,1.22844,0.621736,0.203714,-1.0,16.713585,16.9189014,0.37751437941140475,16.16387264117719,17.67393015882281,16.93702673379673,0.18035982267603856,-0.029480811946183384
2015-01-06,3.321465,3.440095,-0.474496,-2.991933,-2.991931,4.578888,5.498226,4.329781,4.107358,3.694202,3.276325,-1.0,16.213526,16.87947355,0.4082935731617973,16.062886403676405,17.696060696323595,16.868121902006568,0.10069768639768029,-0.03037602964384169
2015-01-07,1.180626,1.416759,-0.413223,0.474496,0.474511,2.680035,4.545446,3.872482,3.403177,3.251463,2.762984,0.0,16.290461,16.844854149999996,0.4279478841294711,15.988958381741053,17.70074991825894,16.813106578005943,0.04327404473916374,0.00473388964093585
2015-01-08,-0.751885,0.289179,-1.098907,2.066116,2.066105,-0.092541,2.058996,1.989592,1.231927,1.20532,0.713635,1.0,16.627039,16.83187195,0.43054258763780817,15.970786774724385,17.692957125275615,16.79538585629109,0.02464038765925025,0.020450503854160813
2015-01-09,2.355707,2.355707,-0.176673,-1.79295,-1.792953,0.647826,3.333343,3.741669,2.96232,2.979984,2.53858,-1.0,16.328924,16.812638900000003,0.4444711884126542,15.923696523174694,17.701581276825312,16.7509609175967,-0.01402068712027571,-0.018092211824674114
2015-01-12,2.038369,2.098327,-0.119904,-1.766784,-1.766779,1.618707,4.412473,5.26779,4.577342,4.705038,4.306831,-1.0,16.040428,16.7746533,0.4768776431770906,15.82089801364582,17.72840858635418,16.683291115920824,-0.06716484898890229,-0.01782572843915747
2015-01-13,2.249234,2.67476,-0.79028,-1.378891,-1.378903,2.541041,4.863231,6.265461,5.832838,5.869918,5.655743,-1.0,15.819246,16.741957050000003,0.519177694004225,15.703601661991554,17.780312438008455,16.601001104880744,-0.1256807496097494,-0.013884985358838128
2015-01-14,-0.249383,1.122182,-1.683298,-2.492401,-2.492394,4.039898,6.240648,8.287618,8.28554,8.172072,8.210724,-1.0,15.424968,16.7030099,0.5865148213282383,15.529980257343524,17.87603954265648,16.48899795203496,-0.2015466575080218,-0.025239804780303438
2015-01-15,2.565789,3.684211,-0.328947,-5.236914,-5.236912,7.039475,10.342109,13.074569,13.769746,13.528956,13.774129,-1.0,14.617176,16.629924,0.7394999912208253,15.15092401755835,18.10892398244165,16.310729194698297,-0.3231281789951801,-0.053790219625897785
2015-01-16,-1.430429,0.130039,-2.6658,1.184211,1.184216,3.706108,7.412221,10.624188,11.827051,11.680106,12.028608,1.0,14.790275,16.53952835,0.846361198929772,14.846805952140457,18.232250747859545,16.16592403329846,-0.4008935171518413,0.011772594585096153
2015-01-20,2.162516,2.42464,-0.393185,-0.780234,-0.780236,2.660549,6.867628,10.305812,11.962651,11.979033,12.483619,-1.0,14.674876,16.430380149999998,0.9388559048284305,14.552668340343137,18.30809195965686,16.023919458698607,-0.46645780753495814,-0.007832954260205624
2015-01-21,-0.843608,1.038287,-1.687216,0.982962,0.982945,0.311499,4.886453,8.064045,10.155763,10.442591,10.897705,1.0,14.819122,16.3241169,0.9961417677766947,14.331833364446611,18.31640043555339,15.909176843584454,-0.5010032794016741,0.009781457914425189
2015-01-22,-3.356122,0.62151,-4.101927,4.412719,4.412738,-3.86576,-0.074585,2.651748,4.996893,5.586079,5.885643,1.0,15.473051,16.2462228,0.9988689487642802,14.248484902471441,18.24396069752856,15.867641048957363,-0.47019410460321254,0.043181491717792675
2015-01-23,1.970763,2.924355,0.0,-2.237415,-2.237426,-0.99173,1.220604,4.08562,6.700584,7.750808,7.921182,-1.0,15.126853,16.14044045,0.9998333213139889,14.140773807372021,18.14010709262798,15.79708980619952,-0.46831445933828597,-0.022628356756646623
2015-01-26,-0.820189,0.504732,-0.946372,0.762873,0.762869,-1.148258,-0.258665,2.435343,5.220835,6.579198,6.782352,1.0,15.242251,16.03802385,0.9805422758927329,14.076939298214533,17.999108401785463,15.744248015132898,-0.4522993474146162,0.00759973395393006
2015-01-27,-0.511836,1.023672,-0.959693,-1.388013,-1.387997,0.716562,0.473443,3.130728,5.950094,7.59309,7.892941,-1.0,15.030689,15.92502915,0.958569739731767,14.007889670536466,17.842168629463533,15.67629001369167,-0.45147422727596087,-0.0139771983992786
2015-01-28,3.421053,3.486842,-0.131579,-2.75112,-2.751125,3.289473,2.493421,5.320177,7.990135,10.000005,10.521936,-1.0,14.617176,15.78510805,0.9334539442175174,13.918200161564965,17.652015938435035,15.575422012387701,-0.47866955221261875,-0.027896768755113203
2015-01-29,-0.777706,0.388853,-1.490603,1.513158,1.513165,0.894354,0.57031,3.097855,5.505504,7.769278,8.567724,1.0,14.838358,15.655284349999999,0.8703614414914734,13.914561467017052,17.396007232982946,15.505225439779348,-0.47687735890415617,0.015018309108038115
2015-01-30,0.528053,2.112211,0.0,-1.814647,-1.814668,1.993412,2.396053,4.061621,6.551172,9.027083,10.228845,-1.0,14.569091,15.52353725,0.8216510779299789,13.880235094140042,17.166839405859957,15.416069778847982,-0.49151870763508754,-0.018313354925730833
2015-02-02,-1.228978,0.194049,-2.199224,2.046205,2.046216,-0.556271,0.394568,1.319538,3.62549,6.188882,7.630454,1.0,14.867206,15.40621505,0.7300360125638955,13.946143024872208,16.86628707512779,15.363797038005318,-0.4736072434483791,0.02025561793536865
2015-02-03,-1.699182,0.251731,-1.762115,2.781371,2.78139,-2.920089,-1.925755,-1.753737,0.35241,2.789164,4.37381,1.0,15.280721,15.33457185,0.6621327828934104,14.01030628421318,16.65883741578682,15.355885034385764,-0.42118985990097535,0.027434120762248132
2015-02-04,0.0,1.329956,-0.253325,-0.629327,-0.629342,-1.557946,-1.063963,-1.410174,0.649148,2.852442,4.648517,-1.0,15.184553,15.2831232,0.6294100248092791,14.024303150381442,16.54194324961856,15.339567697777596,-0.3829937461826294,-0.006313307368947155
2015-02-05,0.062617,0.751409,-0.438322,1.139962,1.139974,-1.991243,-2.254237,-2.550626,-0.788989,1.152152,3.105817,1.0,15.357653,15.2364828,0.5837402683428171,14.069002263314365,16.403963336685635,15.341290107513062,-0.33489486795677337,0.01133525544524607
2015-02-06,-1.15222,1.576713,-1.637362,3.256105,3.256116,-3.456653,-4.8757,-5.1021,-4.160116,-2.377216,-0.436645,1.0,15.857716,15.19801665,0.5076775067491327,14.182661636501734,16.213371663498265,15.390473525845152,-0.25350303039569866,0.03204227918265144
2015-02-09,0.0,0.917431,-0.611621,-0.848999,-0.849006,-1.541287,-3.75536,-3.893997,-3.532122,-1.920501,0.083578,-1.0,15.723083,15.1677246,0.45162767840192597,14.264469243196148,16.070979956803853,15.422150618621805,-0.19758552768664117,-0.008526308382978558
2015-02-10,0.852613,1.218033,-0.426309,0.428135,0.428129,-1.315467,-3.684533,-3.83273,-4.022539,-2.572477,-0.659768,0.0,15.790398,15.1552231,0.4290975123335857,14.297028075332829,16.013418124667172,15.457221797800681,-0.1461539739665909,0.0042721464113590875
2015-02-11,-0.18338,0.550122,-0.916883,-0.365402,-0.365418,-0.256711,-2.622242,-3.092904,-3.69804,-2.337403,-0.651991,0.0,15.732697,15.150895649999999,0.4224330519186825,14.306029546162634,15.995761753837364,15.483457531343474,-0.10879595354243143,-0.0036608755861335268
2015-02-12,-1.559688,0.359928,-1.799634,1.894859,1.894869,-1.271739,-3.689259,-4.663066,-5.299939,-4.218355,-2.79144,1.0,16.030811,15.1811878,0.46290427945469603,14.255379241090608,16.10699635890939,15.535586433120285,-0.054505835505928246,0.018771399790271287
2015-02-13,0.72245,1.083684,-0.421433,-0.359922,-0.359932,-0.770614,-2.462364,-3.965477,-4.533409,-4.036118,-2.697165,0.0,15.973111,15.24898455,0.47508625946739436,14.29881203106521,16.199157068934788,15.577255439489782,-0.015952542622557075,-0.003605811970005465
2015-02-17,-0.661449,0.300667,-1.563428,0.120397,0.120421,-0.553223,-1.876129,-3.768295,-4.272406,-4.235725,-3.068758,0.0,15.992346,15.3090881,0.4898095862245869,14.329468927550826,16.288707272449173,15.616787873824087,0.015969240036751486,0.0012034867714627972
2015-02-18,1.533742,1.595092,-0.368092,-1.984366,-1.984374,1.312884,0.361969,-1.546008,-2.015336,-2.390182,-1.327196,-1.0,15.674998,15.359094199999998,0.4723963573759861,14.414301485248025,16.30388691475197,15.62233169536465,0.01548168810274042,-0.020043273854687217
2015-02-19,0.0,1.048735,-0.801968,-0.552147,-0.552153,1.690321,1.178296,-0.583992,-1.224545,-1.907457,-0.913008,-1.0,15.588448,15.3975605,0.45719097212547477,14.48317855574905,16.31194244425095,15.619104676758493,0.00801899997093436,-0.005536831807340772
2015-02-20,-1.465202,0.305256,-2.258846,1.048735,1.048751,0.280823,0.378506,-1.229147,-2.161179,-2.842498,-2.055359,1.0,15.751932,15.41150455,0.46381936869078466,14.483865812618431,16.33914328738157,15.63175489801959,0.015122238614438288,0.010432897295439543
2015-02-23,0.740735,0.740735,-0.61729,-1.098889,-1.098894,0.888878,1.314802,0.3004,-0.929026,-1.516063,-1.191372,-1.0,15.578835,15.43410365,0.4602172437152992,14.513669162569402,16.3545381374306,15.62671490773201,0.006706813179983229,-0.01104976212159895
2015-02-24,-0.671545,1.037851,-0.793645,1.111099,1.111104,-0.525034,0.219775,-0.427353,-1.855927,-2.354097,-2.399274,1.0,15.751932,15.4595877,0.4631367310615321,14.533314237876937,16.385861162123064,15.638640345090867,0.013845407917319363,0.011049762121599036
2015-02-25,-0.727708,0.060643,-1.030928,0.671557,0.671562,-0.958167,-0.406322,-0.849013,-2.249863,-2.707112,-3.088758,1.0,15.857716,15.50093905,0.459735070561045,14.581468908877909,16.42040919112209,15.659504693177452,0.02771915128226965,0.006693171332612689
2015-02-26,2.369071,2.493765,-0.872824,-2.728921,-2.728943,1.608487,2.188281,2.036579,0.754366,0.179551,-0.455113,-1.0,15.424968,15.54132865,0.4108962247717081,14.719536200456584,16.363121099543417,15.63716786525579,0.0037517974937593124,-0.027668700512976548
2015-02-27,-0.189753,0.442758,-1.201771,-1.433921,-1.433909,2.365593,3.130926,3.453507,2.340286,1.566091,0.944543,-1.0,15.203788,15.55960015,0.3853206077580203,14.78895893448396,16.33024136551604,15.595893592374287,-0.032712787924522146,-0.01444288790424318
2015-03-02,-1.374141,0.124928,-1.811368,1.265022,1.265007,0.849482,1.467844,1.961285,1.330429,0.367279,-0.147816,1.0,15.396117,15.60095145,0.31055020853178567,14.979851032936429,16.22205186706357,15.576867250243403,-0.04556662791975796,0.012570727438324669
2015-03-03,-0.062344,0.685779,-0.498759,0.187389,0.187391,0.236911,0.910227,1.64173,1.321698,0.226934,-0.197424,0.0,15.424968,15.628839549999999,0.26252018220255213,15.103799185594895,16.153879914405103,15.562400654982127,-0.05281651819614375,0.0018721604659186894
2015-03-04,0.757576,0.883838,-0.505051,-1.246889,-0.938083,0.430313,1.607487,2.381678,2.281033,1.241383,0.879737,-1.0,15.280269,15.628816950000001,0.26255174612451077,15.10371345775098,16.15392044224902,15.535530973555257,-0.06943767418822766,-0.00942510693954943
2015-03-05,-0.5,0.187506,-1.5625,1.010101,1.010093,-0.561483,0.491751,1.229117,1.339237,0.440822,0.003872,1.0,15.434614,15.641320000000002,0.24569480124318185,15.14993039751364,16.132709602486365,15.525919833216662,-0.06935621322261554,0.010050261247482078
2015-03-06,-1.356344,2.466104,-1.356344,1.374994,1.374974,-1.343883,-0.938411,-0.307479,0.057156,-0.714801,-1.315483,1.0,15.646836,15.65577915,0.23645795117382645,15.182863247652348,16.128695052347652,15.537435658624599,-0.05157261601910079,0.013656074479643501
2015-03-09,0.865795,0.989487,-0.309208,-0.308255,-0.308241,-0.77922,-0.619444,-0.159295,0.283472,-0.143815,-0.909546,0.0,15.598606,15.64282365,0.23186523636770198,15.179093177264596,16.106554122735403,15.543261405422255,-0.04089928355459094,-0.0030871727341995445
2015-03-10,1.583287,2.153255,0.0,-2.350031,-2.350031,1.355287,1.430916,1.910689,2.53569,2.355116,1.472916,-1.0,15.232034,15.618271199999999,0.24833322118580237,15.121604757628393,16.114937642371604,15.513620700143944,-0.06131310816439495,-0.023780841099005995
2015-03-11,-1.179398,0.31036,-1.489764,2.026605,2.026617,-0.322798,-0.78784,-0.171224,0.418634,0.388896,-0.433304,1.0,15.540729,15.60578775,0.24548414175068867,15.114819466498622,16.096756033501375,15.516202442987378,-0.05198287834969051,0.020063544846741378
2015-03-12,-0.248608,0.745799,-1.180858,-0.124153,-0.124164,-0.087011,-0.602352,-0.075903,0.475417,0.600515,-0.115329,0.0,15.521433,15.595224550000001,0.24427820156077618,15.106668146878448,16.083780953121554,15.516700591274294,-0.04561975381281691,-0.0012424120691978556
2015-03-13,-0.06215,0.372902,-0.932256,0.0,0.0,-0.248598,-0.397702,-0.174905,0.311329,0.642722,0.031366,0.0,15.521433,15.56975565,0.22201248133253895,15.125730687334922,16.013780612665077,15.517151296867219,-0.040114516596601035,0.0
2015-03-16,-0.12398,0.557967,-1.73589,0.248595,0.248598,-0.545561,-0.539362,-0.430515,-0.070167,0.316618,-0.004413,0.0,15.560019,15.549101049999999,0.20070511354217876,15.147690822915642,15.950511277084356,15.521233935260817,-0.032266065597040594,0.0024828968622725308
2015-03-17,-0.124301,0.186457,-0.807955,-0.247979,-0.247982,0.074583,-0.229956,-0.281989,0.026559,0.514037,0.384674,0.0,15.521433,15.525555399999998,0.17146118051517018,15.182633038969659,15.868477761030338,15.521252893807405,-0.028827375319925963,-0.0024828968622726552
2015-03-18,0.187735,0.750939,-0.438048,-0.683654,-0.683655,0.60075,0.54443,0.213107,0.630876,1.10861,1.104788,-1.0,15.41532,15.512571500000002,0.16936831736029043,15.17383486527942,15.851308134720583,15.511164046778129,-0.034269582364126805,-0.0068600228432972934
2015-03-19,2.242152,2.306214,0.0,-2.315394,-2.315398,2.370278,2.677774,2.426148,2.840109,3.326049,3.473327,-1.0,15.058394,15.486068800000002,0.19621403561737535,15.093640728765251,15.878496871234752,15.468043089942116,-0.06661561258549042,-0.0234262435445762
2015-03-20,-0.883838,0.568182,-1.262626,1.473414,1.473431,0.568171,0.94696,0.972251,1.192496,1.629244,1.953976,1.0,15.280269,15.46248565,0.1908493515810499,15.0807869468379,15.844184353162099,15.45015984328096,-0.07349936147589808,0.014626811716409834
2015-03-23,0.636132,1.017812,0.0,-0.757576,-0.757585,0.814249,1.431297,1.64122,1.828357,2.191761,2.579885,-1.0,15.164508,15.4417693,0.19983100629846642,15.042107287403068,15.841431312596933,15.42295490582563,-0.08728950819657832,-0.007604690806818632
2015-03-24,0.768738,1.217168,0.0,-0.699746,-0.699752,0.909679,2.030756,2.195179,2.315641,2.663801,3.155612,-1.0,15.058394,15.4070924,0.20332009541523086,15.000452209169538,15.813732590830462,15.388234819556523,-0.10556393644558248,-0.007022120909591245
2015-03-25,1.427644,1.55743,-0.064893,-1.28123,-1.281232,1.479565,2.90072,3.335503,3.309811,3.778404,4.287027,-1.0,14.865461,15.357479650000002,0.20856863165915682,14.940342386681689,15.774616913318315,15.338446836741616,-0.13406916727946694,-0.012895108164518948
2015-03-26,-0.194553,0.77821,-1.037613,0.064893,0.064909,1.167308,2.399472,3.017716,3.057972,3.519266,4.027204,0.0,14.87511,15.32998675,0.23390565112978237,14.862175447740436,15.797798052259564,15.2943195189567,-0.1541047507843114,0.0006488779478076749
2015-03-27,1.110385,1.175702,-0.261267,-0.713359,-0.713359,1.201822,2.625727,3.36163,3.651231,3.996821,4.489835,-1.0,14.768997,15.3082472,0.2644613625543497,14.7793244748913,15.8371699251087,15.244288802865585,-0.17651082047290245,-0.007159160046355311
2015-03-30,-0.64433,0.579897,-0.773196,1.371653,1.37165,-0.425262,0.844067,1.683844,2.106954,2.427406,2.853007,1.0,14.971576,15.28702015,0.2739065414488863,14.739207067102228,15.834833232897772,15.218316154973625,-0.17589376600700568,0.01362328379540941
2015-03-31,0.71475,0.844704,-0.064977,-0.837629,-0.837627,0.129951,1.24106,2.369498,2.774522,3.048574,3.464464,-1.0,14.84617,15.25808025,0.2887395443280411,14.680601161343919,15.835559338656083,15.182873664023756,-0.18340972884988638,-0.008411550585729717
2015-04-01,0.064893,0.324465,-1.038287,0.129955,0.129939,1.2e-05,0.739789,1.933817,2.50163,2.647851,3.148672,0.0,14.865461,15.237339850000001,0.30167028146962915,14.633999287060742,15.84068041293926,15.152643886497684,-0.18566928117578918,0.0012985488888679708
2015-04-02,-0.707851,0.514801,-0.707851,0.843608,0.84362,-0.682111,-0.148007,0.845127,1.496135,1.673307,2.152893,1.0,14.990869,15.2151526,0.30271399773832025,14.60972460452336,15.82058059547664,15.137236754450285,-0.17531963948040463,0.00840081400099047
2015-04-06,-0.773694,0.580271,-1.096067,-0.19305,-0.193058,-0.232104,-0.167629,0.790891,1.463576,1.805315,2.174485,0.0,14.961928,15.180907199999998,0.2897727526958807,14.601361694608237,15.76045270539176,15.120540682597877,-0.16752168499564313,-0.0019324411677658032
2015-04-07,0.452781,1.228978,-0.064683,-0.322373,-0.322378,0.012944,-0.012928,0.827952,1.562105,2.005184,2.356274,0.0,14.913694,15.146661600000002,0.2780450645261459,14.59057147094771,15.702751729052293,15.100840998540937,-0.16335082396062006,-0.0032289899710749186
2015-04-08,-0.640615,0.832799,-0.704676,0.970246,0.970249,-0.666238,-0.973729,-0.345927,0.528513,0.927616,1.219184,1.0,15.058394,15.1379796,0.27794994629738146,14.582079707405237,15.693879492594762,15.096798427251324,-0.14667848754901414,0.009655725302369286
2015-04-09,-0.50923,0.318269,-1.145767,0.640615,0.640613,-0.91661,-1.413105,-1.094837,-0.238695,0.252075,0.420295,1.0,15.15486,15.118686150000002,0.26142327089399464,14.595839608212012,15.641532691787992,15.102328100846435,-0.12424927255360707,0.006385696012762933
2015-04-10,-0.19084,0.445293,-0.763359,0.063654,0.063663,-0.750642,-1.284989,-1.111112,-0.419849,0.117046,0.299153,0.0,15.164508,15.1008399,0.24409071315314834,14.612658473693704,15.589021326306296,15.108249996003916,-0.10449093861072889,0.0006364248968283736
2015-04-13,-0.126582,0.379747,-0.379747,0.508906,0.508912,-0.886086,-1.474692,-1.6287,-1.01583,-0.49621,-0.20041,0.0,15.241682,15.086852350000001,0.22607057106941686,14.634711207861168,15.538993492138834,15.120957805908306,-0.08166365203313575,0.005076214133892461
2015-04-14,0.379267,0.821745,-0.695322,0.126582,0.126574,-0.556258,-1.409609,-1.710914,-1.238937,-0.710492,-0.356088,0.0,15.260974,15.071900099999999,0.2017046347215137,14.668490830556971,15.475309369443027,15.134292681536087,-0.06130942292495689,0.0012649391956148306
2015-04-15,0.383632,1.342711,-0.319693,-1.1378,-1.137791,0.626592,-0.115099,-0.56693,-0.246172,0.393854,0.716104,-1.0,15.087336,15.050195250000002,0.17194657405420735,14.706302101891588,15.394088398108416,15.129820616627889,-0.058515158832509684,-0.011443134379007212
2015-04-16,-0.949968,0.949968,-1.329956,0.959079,0.959069,-0.227988,-0.823305,-1.351064,-1.253956,-0.640911,-0.251213,1.0,15.232034,15.041030950000001,0.15556626990311442,14.729898410193773,15.35216348980623,15.13955522456809,-0.04411622076768751,0.00954499375023859
2015-04-17,0.96401,1.22108,-0.385604,-1.456618,-1.456614,1.041132,0.655524,0.167093,0.189587,0.691514,1.128961,-1.0,15.010162,15.03861935,0.15565676183216054,14.727305826335678,15.34993287366432,15.127232060323509,-0.05003144341470467,-0.014673271797450049
2015-04-20,0.32113,0.770713,-0.064226,0.064267,0.06427,0.680794,0.629411,0.214083,0.038531,0.493252,0.924851,0.0,15.019809,15.02559635,0.14489902617075123,14.735798297658498,15.315394402341504,15.11700129267365,-0.053326156959636606,0.0006424914850469927
2015-04-21,0.645161,0.903226,-0.451613,-0.449583,-0.449573,0.722572,1.109665,0.658051,0.419342,0.784503,1.236546,0.0,14.952284,15.014985149999998,0.14193125295968437,14.731122644080628,15.298847655919367,15.101313931466636,-0.060686389429768894,-0.004505865789596838
2015-04-22,-1.207116,0.571792,-1.58831,1.548387,1.548365,-0.68614,-0.349419,-0.728498,-1.070513,-0.841161,-0.317654,1.0,15.1838,15.021255450000002,0.14664187002565665,14.727971709948688,15.314539190051315,15.109169747517434,-0.04729285772483394,0.01536500593370107
2015-04-23,0.191205,0.701083,-0.063735,-0.317662,-0.317661,-0.497124,-0.044606,-0.293174,-0.666022,-0.599101,-0.089223,0.0,15.135567,15.034760749999998,0.1439517975059351,14.746857154988128,15.32266434501187,15.111683771563392,-0.04010804675686863,-0.0031816654146193876
2015-04-24,0.44757,0.703325,-0.191816,-0.318674,-0.31866,-0.076732,0.22378,0.068193,-0.27814,-0.273664,0.134263,0.0,15.087336,15.045372049999997,0.1393111023047264,14.766749845390544,15.32399425460945,15.109364936176402,-0.037869336776189755,-0.003191688167320156
2015-04-27,0.449871,1.285347,0.0,-0.511509,-0.511515,0.424165,0.584833,0.604112,0.314909,0.167094,0.53556,-1.0,15.010162,15.057430300000002,0.12369160137830201,14.810047097243398,15.304813502756605,15.099917037492935,-0.04184013281097165,-0.005128278047211479
2015-04-28,-0.447284,0.383387,-0.958466,0.578406,0.578408,0.038335,-0.102238,0.106494,-0.220451,-0.42684,-0.144838,1.0,15.096982,15.063700599999999,0.12228088366363819,14.819138832672722,15.308262367327275,15.099637510112656,-0.03754853274920933,0.0057674179031039505
2015-04-29,-2.377972,0.375476,-2.565707,2.108626,2.10862,-1.727156,-1.952437,-1.806421,-2.096368,-2.390485,-2.229868,1.0,15.41532,15.0921581,0.1345987663345031,14.822960567330995,15.361355632669007,15.129702509149546,-0.008363780190856929,0.02086696382859232
2015-04-30,0.439422,0.753289,-0.81607,-0.312891,-0.31289,-1.117385,-1.556808,-1.406149,-1.625862,-1.953545,-1.933457,0.0,15.367087,15.117239399999999,0.1368504029164738,14.843538594167052,15.390940205832946,15.152310555897209,0.01074943369606629,-0.00313380558405514
2015-05-01,-0.682812,0.248287,-1.179398,1.12995,1.12996,-1.638746,-2.315344,-2.346381,-2.548121,-2.87773,-2.925733,1.0,15.540729,15.1447324,0.16288343993911938,14.818965520121761,15.47049927987824,15.189302788668904,0.03945345672774714,0.011236240496550389
2015-05-04,-1.82483,0.060827,-1.946472,2.048417,2.048405,-2.542578,-3.746959,-4.04704,-4.221413,-4.552313,-4.752638,1.0,15.859066,15.1895893,0.22250978677459018,14.74456972645082,15.63460887354918,15.253089761176627,0.08688715617732079,0.020277069146445968
2015-05-05,0.428135,1.59022,-0.122324,-0.547451,-0.547453,-1.14984,-2.697242,-3.302745,-3.422012,-3.823848,-4.099893,-1.0,15.772245,15.23251685,0.24785558785620274,14.736805674287595,15.728228025712404,15.302533117255043,0.11613425225687557,-0.005489574430362366
2015-05-06,0.429711,1.227741,-1.28914,-0.366966,-0.366961,-0.405159,-2.001232,-2.680585,-2.857586,-3.248624,-3.607535,0.0,15.714367,15.2653155,0.2663161188004498,14.7326832623991,15.7979477376009,15.341755391802183,0.1331081280769606,-0.0036763603012035097
2015-05-07,-0.061576,0.554187,-0.923645,-0.306943,-0.306955,0.283265,-1.360824,-2.19621,-2.395307,-2.746294,-3.140382,0.0,15.666131,15.290879049999997,0.27937373320694425,14.732131583586108,15.849626516413887,15.372648306868642,0.14104196094937116,-0.0030742684829521724
2015-05-08,-0.79028,0.060778,-1.398188,1.29311,1.293121,-0.583592,-2.127663,-3.084097,-3.419456,-3.76657,-4.168191,1.0,15.868713,15.326089300000001,0.3057407889654372,14.714607722069127,15.937570877930876,15.419892563357342,0.1618109985451408,0.012848313873463725
2015-05-11,-0.242565,0.606428,-0.363857,0.243155,0.243158,-0.764102,-1.801092,-2.947241,-3.444512,-3.762281,-4.16212,0.0,15.907299,15.35937015,0.33123365852468417,14.696902832950633,16.02183746704937,15.466312223989977,0.17931712203419004,0.002428625654203112
2015-05-12,0.182587,0.304321,-0.486914,-0.363857,-0.363852,-0.304327,-0.967747,-2.215465,-2.906274,-3.174686,-3.627517,0.0,15.84942,15.38879245,0.3477561617493142,14.693280126501373,16.08430477349863,15.502798678848075,0.18637211767906692,-0.003645153901901322
2015-05-13,-0.182137,0.303588,-0.667869,0.243451,0.243454,-0.327871,-0.910748,-2.15746,-2.890105,-3.200973,-3.64299,0.0,15.888006,15.428825949999998,0.3571846910927675,14.714456567814464,16.143195332185535,15.539485090386354,0.1928537226124707,0.002431578352439627
2015-05-14,0.060539,0.423729,-0.423723,0.303588,0.303575,-0.29055,-0.853505,-2.118638,-2.96307,-3.297815,-3.710649,0.0,15.936238,15.464036149999998,0.3711987636584214,14.721638622683155,16.20643367731684,15.577271081778129,0.19958170684676269,0.0030311505234259526
2015-05-15,1.039755,1.039755,-0.305817,-1.029056,-1.029057,0.623859,0.324164,-0.811411,-1.712532,-2.13822,-2.544337,-1.0,15.772245,15.502140299999999,0.3611337663616826,14.779872767276634,16.224407832723365,15.595840026370688,0.1894964214822128,-0.010343885717475538
2015-05-18,-1.211393,0.181714,-1.211393,0.978593,0.978592,-0.327069,-0.605688,-1.389051,-2.380369,-2.91459,-3.286891,1.0,15.926591,15.5474794,0.3542476520681023,14.838984095863795,16.255974704136204,15.627340119097289,0.19174784267543288,0.009738352524250876
2015-05-19,-1.073345,0.059636,-1.132976,1.574803,1.574819,-1.466915,-1.896252,-2.472678,-3.515214,-4.19321,-4.525947,1.0,16.177406,15.6087355,0.35182534111639535,14.905084817767209,16.31238618223279,15.679727345849928,0.21133465024646902,0.015625475116622198
2015-05-20,0.238955,0.657109,-0.657115,-0.178891,-0.178916,-0.967731,-1.451599,-1.995205,-3.043593,-3.758646,-4.129813,0.0,16.148462,15.656968599999999,0.3565954673466604,14.943777665306678,16.370159534693318,15.724368741483268,0.2219631444944703,-0.001790764457424262
2015-05-21,-0.119552,0.119546,-1.016145,-0.059737,-0.059727,-0.6575,-1.099816,-1.617847,-2.67483,-3.476384,-3.869291,0.0,16.138817,15.707131100000002,0.34989012886652776,15.007350842266947,16.40691135773306,15.763840004199148,0.22699141611903784,-0.000597448938753444
2015-05-22,-0.17911,0.298501,-0.298501,0.119546,0.119556,-0.298515,-1.038812,-1.480603,-2.459706,-3.307467,-3.779109,0.0,16.158112,15.760669900000002,0.33149967749118747,15.097670545017627,16.423669254982375,15.801389718084943,0.22988335068393795,0.001194850587532476
2015-05-26,1.393939,1.393939,-0.424242,-1.492537,-1.492532,1.19999,0.466656,0.036353,-0.696979,-1.616979,-2.179807,-1.0,15.916947,15.80600915,0.2817236570199512,15.242561835960098,16.369456464039903,15.812395173505424,0.21029112448055365,-0.015037823915452992
2015-05-27,-1.075275,0.059737,-1.194737,1.454545,1.454519,-0.286727,-0.788517,-1.242518,-1.795086,-2.731168,-3.399029,1.0,16.148462,15.858583150000001,0.23700656276558651,15.384570024468829,16.332596275531174,15.844401537933479,0.21101304270319154,0.014440422266674167
2015-05-28,0.299934,0.359928,-0.539892,-0.41816,-0.41812,0.04797,-0.251974,-0.675889,-1.175788,-2.099603,-2.787465,0.0,16.080942,15.891864250000001,0.21741044263478326,15.457043364730435,16.326685135269567,15.866929200987434,0.20378773028271624,-0.004189968811140384
2015-05-29,0.969697,1.030303,-0.181824,-1.019796,-1.01981,0.799996,0.763627,0.452516,0.015143,-0.894554,-1.642433,-1.0,15.916947,15.91935725,0.17891476830226233,15.561527713395474,16.277186786604524,15.871692800893392,0.1827222834543374,-0.0102504534555338
2015-06-01,0.181275,0.543807,-0.483384,0.303024,0.303017,0.253785,0.580065,0.18933,-0.154075,-0.974014,-1.740177,0.0,15.965178,15.9405797,0.15524712621610745,15.630085447567787,16.251073952432215,15.88059615318926,0.16798319795114125,0.0030255848249052877
2015-06-02,-1.196166,0.23924,-1.315784,1.02719,1.027192,-0.502388,-0.316982,-0.737637,-1.085524,-1.703347,-2.509965,1.0,16.129171,15.95408495,0.15947382120843656,15.635137307583127,16.273032592416875,15.904269948123616,0.16760320562867825,0.010219520406168046
2015-06-03,-1.535735,0.531601,-1.535735,1.255987,1.559708,-1.74683,-1.72374,-2.045826,-2.418873,-2.899463,-3.716496,1.0,16.380739,15.984509650000001,0.17971626129880425,15.625077127402394,16.34394217259761,15.949647953064224,0.18546358536887375,0.015476697502294853
2015-06-04,0.536353,1.191889,-0.35758,-0.885995,-0.886016,-0.677988,-0.791539,-1.027448,-1.386038,-1.82935,-2.639836,-1.0,16.235603,16.01057145,0.17623955401811506,15.658092341963771,16.36305055803623,15.976881767058108,0.18576541467678886,-0.008899646560070397
2015-06-05,-0.8726,0.930768,-1.279825,2.443385,2.443396,-2.186734,-2.861075,-3.109058,-3.447646,-3.866557,-4.662025,1.0,16.632303,16.058880050000003,0.20665044317188228,15.645579163656238,16.47218093634377,16.0393028368621,0.21553048989322754,0.024140221440712966
2015-06-08,1.112412,1.4637,-0.17565,-0.639913,-0.639923,-0.878211,-2.012922,-2.181019,-2.626979,-3.008966,-3.757848,-1.0,16.525869,16.09173785,0.22614692239887424,15.639444005202252,16.54403169479775,16.08564247144666,0.22790405606117048,-0.0064197969384732
2015-06-09,-1.502022,0.231086,-1.790867,1.346598,1.346604,-1.455797,-2.818447,-3.153629,-3.669685,-4.085297,-4.690676,1.0,16.748407,16.13379325,0.26492598067428097,15.603941288651438,16.663645211348562,16.148762902737456,0.252753567377237,0.01337617792623319
2015-06-10,-1.137015,0.170557,-1.307555,1.617568,1.617563,-2.274015,-3.853707,-4.365455,-4.859386,-5.318984,-5.831322,1.0,17.019323,16.192288400000002,0.32186879239491023,15.548550815210183,16.836025984789824,16.231673388191034,0.29095370795389996,0.016046196350111862
2015-06-11,0.743288,1.086335,-0.285872,-0.568505,-0.568483,-0.903388,-2.806665,-3.513719,-4.009759,-4.492077,-4.996036,-1.0,16.922571,16.24401665,0.35210640816820205,15.539803833663594,16.948229466336404,16.297473160744268,0.3098487729874222,-0.005701052631456405
2015-06-12,-0.228696,0.51458,-0.743276,0.0,0.0,-0.560333,-2.212415,-3.204958,-3.718334,-4.195091,-4.689644,0.0,16.922571,16.2933333,0.3750554485288791,15.543222402942241,17.04344419705776,16.357006288292432,0.32112155872038173,0.0
2015-06-15,-0.801368,0.171729,-1.259296,-0.114357,-0.114368,5e-06,-1.545502,-2.800258,-3.273549,-3.840589,-4.311831,0.0,16.903217,16.3498819,0.37760571387307906,15.594670472253842,17.105093327746157,16.409026356074104,0.3247500995798802,-0.0011443341460075666
2015-06-16,-0.512821,0.05698,-1.02563,0.457928,0.457925,-0.182328,-1.49287,-2.825727,-3.404102,-4.026085,-4.527849,0.0,16.980621,16.402583399999997,0.38880675026922085,15.624969899461556,17.18019690053844,16.463463941209906,0.3300667956996577,0.00456879380921463
2015-06-17,1.266546,1.324116,-0.403005,-1.02563,-1.025628,0.598732,-0.218774,-1.557742,-2.215973,-2.80377,-3.33339,-1.0,16.806463,16.43403625,0.3950264032751994,15.6439834434496,17.224089056550397,16.496130518237536,0.31657790752341697,-0.010309237841431071
2015-06-18,-0.172606,0.115081,-0.920598,0.057559,0.057549,0.414283,0.069059,-1.322899,-2.073694,-2.638902,-3.170594,0.0,16.816135,16.467419900000003,0.39782492626175875,15.671770047476485,17.26306975252352,16.526607135548247,0.30317352040501433,0.0005753273596993394
2015-06-19,0.640658,1.281299,-0.2912,-1.20828,-1.20828,1.26966,1.281311,0.16328,-0.733298,-1.285184,-1.796338,-1.0,16.612949,16.4911265,0.39128583996165717,15.708554820076685,17.273698179923315,16.534830170257937,0.2730079690113385,-0.01215639065627685
2015-06-22,-0.629639,0.343457,-0.686886,1.747228,1.747239,-0.469378,-0.234687,-1.186794,-2.217538,-2.712715,-3.278721,1.0,16.903217,16.52838175,0.3933759693824609,15.741629811235079,17.315133688764924,16.569914630233374,0.26941807012442354,0.017321507328794103
2015-06-23,-0.62253,0.28296,-0.62253,1.144825,1.144812,-1.460097,-1.16015,-1.927928,-2.979262,-3.540097,-4.141563,1.0,17.096727,16.587370749999998,0.38523528283881936,15.816900184322359,17.357841315677636,16.620087236877815,0.27897187504066423,0.011383082836459077
2015-06-24,0.228708,1.143516,-0.228696,-1.018676,-1.018651,-0.308766,-0.200128,-0.70518,-1.752067,-2.371259,-2.943666,-1.0,16.922571,16.6260762,0.3776293308825767,15.870817538234846,17.381334861765154,16.648895214318024,0.26938509684067213,-0.010238748690451552
2015-06-25,1.151405,1.439263,-0.115147,-0.686101,-0.686113,0.368444,0.420257,0.207246,-0.857472,-1.540181,-2.090986,-1.0,16.806463,16.66235225,0.35677822868777703,15.948795792624447,17.375908707375554,16.66390167009726,0.2495419960077392,-0.006884778178224052
2015-06-26,0.402068,0.631821,-0.34463,0.230276,0.23028,0.413552,0.143589,0.061261,-0.809739,-1.598667,-2.136074,0.0,16.845165,16.708763150000003,0.31231187743099237,16.084139395138017,17.33338690486199,16.68116484437371,0.23423896263712152,0.002300157190817774
2015-06-29,1.420959,2.131445,-0.177608,-2.986795,-2.986804,2.818247,2.883371,3.066913,2.359394,1.475892,0.993143,-1.0,16.342033,16.7276059,0.2741212380616128,16.179363423876776,17.275848376123225,16.648866573480976,0.17944413065002962,-0.030323171704839814
2015-06-30,0.352526,0.646293,-0.998825,0.769692,0.769696,1.269098,1.786132,2.166079,1.680376,0.834607,0.331292,1.0,16.467817,16.7445382,0.2440166622149086,16.256504875570183,17.23257152442982,16.63162375695898,0.1445028106527353,0.007667491088229582
2015-07-01,0.174222,0.522648,-0.75493,1.175082,1.17508,-0.220667,0.516846,0.836245,0.583631,-0.213391,-0.737172,1.0,16.661327,16.7585676,0.22964231477041647,16.299282970459167,17.21785222954083,16.6344526372486,0.1309170720719166,0.011682294042014938
2015-07-02,0.763353,1.056947,-0.82209,-1.103357,-1.103369,0.493252,1.432773,1.781178,1.779221,0.996172,0.436844,-1.0,16.477491,16.770662,0.2057800120614735,16.359101975877053,17.18222202412295,16.61950390989159,0.10411606239096827,-0.011095017682173905
2015-07-06,-0.94451,0.413217,-1.357745,-0.528479,-0.528466,0.472247,1.835887,2.105464,2.246158,1.648285,1.021606,-1.0,16.390413,16.758567499999998,0.22089333034549874,16.316780839309,17.200354160690996,16.597685727997153,0.07498521933733926,-0.005298677015318181
2015-07-07,1.258232,1.437981,-2.09707,-1.475797,-1.475802,1.737566,2.893949,3.323346,3.660875,3.216298,2.532837,-1.0,16.148523,16.739700199999998,0.25525731128490614,16.229185577430187,17.25021482256981,16.554908325330757,0.0320113084624154,-0.014868000351874869
2015-07-08,1.046154,1.538462,-0.184622,-2.636315,-2.636322,3.544624,4.806167,5.587704,6.141552,5.907706,5.267963,-1.0,15.722796,16.68841965,0.3417750916187391,16.00486946676252,17.37196983323748,16.475659532442116,-0.035983639470497764,-0.026716956597228805
2015-07-09,0.303404,1.456305,-0.182033,1.415385,1.415378,1.201469,2.730599,3.754062,4.323442,4.320407,3.756354,1.0,15.945333,16.63472015,0.3702347809964976,15.894250588007004,17.375189711992995,16.425152243638106,-0.07109372529291846,0.014054550752888917
2015-07-10,0.59879,0.838317,-0.239527,1.334958,1.334974,-0.526954,0.976041,2.115763,2.712571,2.926942,2.405419,1.0,16.158199,16.59650155,0.3783206058193845,15.83986033836123,17.353142761638768,16.399728125196383,-0.08081067885415294,0.013261414328662043
2015-07-13,-0.293778,0.176257,-0.705053,1.916162,1.916167,-2.30318,-1.151592,0.13709,0.643357,0.951818,0.591558,1.0,16.467817,16.57376385,0.3712923023655975,15.831179245268803,17.316348454731195,16.406212779939587,-0.06280388544652737,0.018980392523029525
2015-07-14,-1.167537,0.11676,-1.576171,0.646293,0.646291,-2.416813,-1.646233,-0.638252,-0.102156,0.315241,0.068112,1.0,16.574247,16.557315350000003,0.3631261412314331,15.831063067537137,17.28356763246287,16.42221603899296,-0.03949014262919803,0.006442113790320283
2015-07-15,-0.848411,0.961538,-1.074661,3.210747,3.21074,-3.83484,-4.332577,-3.725485,-3.173072,-2.721714,-2.854443,1.0,17.106403,16.563604450000003,0.3718283285937337,15.819947792812536,17.307261107187472,16.487376701946012,0.021676831288989007,0.03160273269052747
2015-07-16,-0.222847,0.668518,-0.501393,1.527155,1.527159,-3.643458,-5.364909,-5.00279,-4.467972,-4.104739,-4.12628,1.0,17.367645,16.59166355,0.4103031281120013,15.771057293775996,17.412269806224003,16.571211777951152,0.09019246234979761,0.015156154611408628
2015-07-17,-0.773486,0.331492,-1.160227,0.835649,0.835646,-2.895025,-5.558009,-5.521176,-5.06077,-4.764637,-4.677712,1.0,17.512777,16.626495650000003,0.45724699843214767,15.712001653135708,17.540989646864297,16.66088465624152,0.15442244722821385,0.008321736333768431
2015-07-20,0.165557,0.607058,-0.220756,0.110503,0.110514,-1.788091,-5.01105,-5.364251,-4.903433,-4.730696,-4.611858,0.0,17.532131,16.67245475,0.500008875285237,15.672436999429525,17.672472500570475,16.743860498504233,0.20452919381696333,0.001104525768343823
2015-07-21,0.165935,0.497788,-0.331858,-0.220756,-0.22076,-0.519912,-4.032083,-4.71608,-4.524338,-4.384958,-4.216447,0.0,17.493427,16.70196525,0.5308134501804078,15.640338349639185,17.763592150360815,16.815247784360974,0.2383683007589532,-0.0022100442056327964
2015-07-22,-2.276423,0.162596,-2.276423,2.046466,2.04646,-1.680216,-4.76423,-6.110211,-6.227643,-6.107319,-5.931347,1.0,17.851423,16.739700050000003,0.5844670733198941,15.570765903360215,17.90863419663979,16.91393113823136,0.2907220591806414,0.020258014562021046
2015-07-23,1.15511,1.375138,-0.550055,-1.46342,-1.463424,0.033012,-2.414734,-4.363764,-4.645208,-4.534647,-4.426101,-1.0,17.590181,16.77308055,0.6137899667536428,15.545500616492713,18.000660483507286,16.97833588697123,0.3075870715146607,-0.014742376302151545
2015-07-24,1.564246,1.843575,-0.335196,-1.540154,-1.540143,1.374301,-0.21788,-2.543765,-3.005591,-2.925143,-2.854751,-1.0,17.319267,16.79872075,0.6258502088963341,15.547020332207333,18.05042116779267,17.010805516783492,0.29568376127476625,-0.015521267411427
2015-07-27,-0.056593,0.62253,-0.962083,-1.284916,-1.284927,2.1845,1.448791,-0.999805,-1.66949,-1.548379,-1.556303,-1.0,17.096727,16.81129885,0.6293508635773227,15.552597122845354,18.070000577154644,17.018988515185065,0.26523571181302685,-0.012932539542710354
2015-07-28,-0.503345,0.055928,-1.56599,1.188449,1.188461,0.760626,0.676735,-1.718867,-2.547539,-2.612974,-2.636091,1.0,17.299915,16.85919295,0.6282065570458789,15.602779835908242,18.115606064091757,17.045743418500773,0.25456650255596003,0.01181454651701226
2015-07-29,-1.156382,0.22027,-1.321586,1.566001,1.566008,-1.112346,-0.611243,-2.53305,-3.736244,-4.006617,-4.02534,1.0,17.570833,16.91434375,0.6403391494359226,15.633665451128156,18.195022048871845,17.095751950072128,0.26491808501773306,0.015538723236870916
2015-07-30,0.386111,0.882526,-0.441258,-0.165204,-0.165217,-1.003853,-0.347482,-1.765022,-3.325972,-3.706556,-3.726781,0.0,17.541803,16.95836755,0.6521856385306616,15.653996272938675,18.262738827061323,17.13823300244621,0.2676935062055321,-0.0016535361580053652
2015-07-31,0.838937,1.006711,-0.111846,-1.37893,-1.378923,0.357942,0.922821,0.048473,-1.736576,-2.246084,-2.287471,-1.0,17.299915,16.99948875,0.6461696606880336,15.707149428623934,18.291828071376067,17.153631287927524,0.24752143441585162,-0.01388518707886544
2015-08-03,0.787845,1.125487,-0.731576,-0.615207,-0.615205,1.091723,1.350585,0.94916,-0.894773,-1.559939,-1.570067,-1.0,17.193485,17.03964235,0.6311053136487007,15.7774317227026,18.301852977297404,17.157426879553473,0.22040620512860087,-0.006171055202137301
2015-08-04,-0.056169,0.730343,-0.505618,0.168818,0.168808,0.83147,1.022481,1.029972,-0.749991,-1.52134,-1.674148,0.0,17.222509,17.093341650000003,0.5960068279688742,15.901327994062255,18.285355305937752,17.163625176738854,0.1989656328365541,0.0016866580625659123
2015-08-05,0.335753,1.007264,-0.391729,0.39327,0.393276,0.111911,0.302174,0.705085,-0.685514,-1.716852,-2.022018,0.0,17.290241,17.1717139,0.5019324983249659,16.16784890335007,18.17557889664993,17.17568382657325,0.18530317154977638,0.003925047233648778
2015-08-06,0.561488,0.954526,-0.224587,-0.335769,-0.335773,0.089844,0.432348,0.991959,0.022467,-1.253222,-1.632035,0.0,17.232185,17.2360565,0.41062440663581434,16.41480768672837,18.05730531327163,17.18106489070913,0.16785599907096582,-0.0033633820942414296
2015-08-07,0.957746,1.802817,-0.84507,-0.336884,-0.33687,0.281679,0.687311,1.201866,0.656326,-0.757196,-1.228182,0.0,17.174135,17.2868533,0.3239628672050371,16.638927565589928,17.934779034410074,17.180404901117782,0.14764290383462253,-0.00337438325761093
2015-08-10,-0.94235,0.055421,-0.997783,1.633808,1.633806,-1.031054,-0.726177,-0.45456,-0.679061,-2.108662,-2.699571,1.0,17.454727,17.3361988,0.2618505397575865,16.812497720484824,17.859899879515172,17.206530815297043,0.15250730040062166,0.016206027277896884
2015-08-11,0.337262,1.011793,-0.393491,-1.385809,-1.385802,0.348498,0.618307,0.835655,0.902172,-0.485687,-1.163596,-1.0,17.212839,17.3681284,0.19426047433184584,16.979607451336307,17.756649348663693,17.207131594792564,0.1352845535460574,-0.013954941367050912
2015-08-12,0.570782,0.742009,-2.853881,-1.517712,-1.517716,1.495432,1.803645,2.035759,2.41152,1.337888,0.454707,-1.0,16.951597,17.3603881,0.20784679114092955,16.944694517718144,17.77608168228186,17.182794966717083,0.09940942648283624,-0.01529351117265557
2015-08-13,-0.340533,0.397276,-1.021566,0.570782,0.570766,0.703756,0.936439,1.244798,1.736663,1.021566,-0.039729,1.0,17.048351,17.3444234,0.2192118105035984,16.905999778992804,17.782847021007196,17.169990779410693,0.07788753004888704,0.005691435832473668
2015-08-14,-0.734469,0.0,-0.903955,0.454029,0.45405,0.192083,0.378516,0.711846,1.163823,0.79094,-0.365369,0.0,17.125759,17.325072499999997,0.22064553354565022,16.883781432908698,17.766363567091297,17.165778228990625,0.06631303534936706,0.004530220824264106
2015-08-17,-0.900388,0.225093,-1.181773,0.395475,0.395463,-0.506464,-0.01688,0.352655,0.666853,0.562744,-0.602142,0.0,17.193485,17.3081402,0.21688131244475775,16.874377575110486,17.741902824889515,17.168416969086756,0.061891638814422834,0.003946828660709821
2015-08-18,0.169576,1.187106,-0.226122,-0.450191,-0.450205,-0.169576,0.373104,0.734887,1.011878,1.144156,0.035807,0.0,17.116079,17.2892728,0.21632690913515903,16.85661898172968,17.721926618270317,17.163432400602304,0.05154742627206588,-0.004512218886425032
2015-08-19,0.515464,1.317308,-0.114536,-1.300181,-1.300169,1.076755,1.460492,1.794586,2.058998,2.426123,1.584579,-1.0,16.893541,17.2413787,0.18971768701754668,16.861943325964905,17.620814074035092,17.1377284576878,0.025103232100448736,-0.013086954581350806
2015-08-20,2.811017,2.870826,0.0,-4.238259,-4.238247,4.473681,5.299043,5.737636,6.139348,6.665065,6.128382,-1.0,16.177551,17.1707472,0.2896598158580509,16.591427568283898,17.750066831716104,17.046282985527057,-0.05301724176164768,-0.043306819055979676
2015-08-21,0.621124,3.478261,0.0,-3.708128,-3.708145,6.50932,8.329203,9.072472,9.667708,10.275782,10.091102,-1.0,15.577664,17.08366705,0.45643644108089354,16.170794167838213,17.996539932161784,16.906414510714956,-0.16147278975318713,-0.037786447085015794
2015-08-24,-1.76586,4.512753,-4.512753,-5.031056,-5.03105,8.907779,12.26946,13.769349,14.699149,15.377369,15.546106,-1.0,14.793944,16.968527899999998,0.6857907796780882,15.596946340643822,18.340109459356174,16.705226843027816,-0.3071239137949533,-0.0516201855458174
2015-08-25,6.159902,6.159902,-0.065531,-0.196207,-0.196209,5.93709,10.832244,12.883359,14.066188,14.865007,15.364788,0.0,14.764917,16.841777999999998,0.8385653074366565,15.164647385126685,18.51890861487331,16.52043542940612,-0.4200535988556524,-0.001964014062017507
2015-08-26,-1.556656,0.0,-4.483182,5.242457,5.242454,-1.083429,4.402252,6.508938,7.730397,8.547955,9.28187,1.0,15.538961,16.7401844,0.8681507713202565,15.003882857359487,18.476485942640515,16.426961674224586,-0.4419972370216634,0.05109658920930937
2015-08-27,-0.364976,0.060827,-2.12896,2.36614,2.366156,-3.710479,1.271273,3.49147,4.72626,5.615553,6.449697,1.0,15.906637,16.6584261,0.8656774034166658,14.927071293166668,18.38978090683333,16.377406943346053,-0.4248222613737056,0.02338596052633295
2015-08-28,0.244493,0.488998,-0.977995,-0.486618,-0.48664,-2.921756,0.947436,3.43114,4.773845,5.755506,6.615733,0.0,15.829229,16.5848918,0.8707668708864318,14.843358058227137,18.326425541772863,16.325199520170237,-0.4126998016908452,-0.004878275797494372
2015-08-31,-0.0612,0.244792,-0.979192,-0.122255,-0.122261,-1.517735,0.195852,2.864155,4.464522,5.55938,6.383125,0.0,15.809876,16.515711349999997,0.8748235623361877,14.766064225327622,18.26535847467237,16.276121089677833,-0.4000428455097911,-0.0012233596629017784
2015-09-01,2.37484,3.016682,-0.770218,-4.651163,-4.651162,3.697058,3.729152,6.936259,8.8479,10.118117,11.037671,-1.0,15.074533,16.40831255,0.914438312292749,14.579435925414504,18.2371891745855,16.161684128756136,-0.4442273744789418,-0.04762804436108846
2015-09-02,-0.189274,0.063091,-1.766562,1.732991,2.060541,1.403529,0.654503,4.098509,6.031192,7.32664,8.261546,1.0,15.38515,16.313057999999998,0.9169556707323624,14.479146658535273,18.14696934146472,16.08772849744603,-0.44900389860600853,0.02039599479045305
2015-09-03,0.188206,1.568388,-0.439147,0.567823,0.567814,0.269836,-0.369475,2.831775,4.863886,6.185705,7.19407,1.0,15.472509,16.225074199999998,0.9085051787848722,14.408063842430254,18.042084557569744,16.029136164355933,-0.4406605269265782,0.005662077825646868
2015-09-04,0.894569,1.341853,-0.958466,-1.819322,-1.819324,1.287619,1.22219,3.888211,6.154324,7.598062,8.713417,-1.0,15.191014,16.12591815,0.9076916120112226,14.310534925977555,17.941301374022444,15.949315005845845,-0.45155736647202005,-0.018360767484963854
2015-09-08,-1.237624,0.0,-1.608911,3.258786,3.258788,-2.066832,-1.403595,-0.031107,2.240382,3.81793,4.982712,1.0,15.686057,16.03748465,0.8561084652380007,14.325267719523998,17.749701580476,15.924242814812908,-0.41545821379141756,0.03206815977404853
2015-09-09,2.955981,3.522006,-0.440252,-1.608911,-1.608913,3e-06,0.641991,0.876885,3.335852,5.051967,6.296348,-1.0,15.433682,15.9485268,0.8191896570887282,14.310147485822544,17.586906114177456,15.87752273721168,-0.4025733139557133,-0.016219964635919612
2015-09-10,-1.059857,0.436409,-1.433921,0.880509,0.880516,-0.63592,-0.216779,-0.570501,1.990085,3.692984,4.940107,1.0,15.569578,15.879425849999999,0.7878122850292508,14.303801279941498,17.4550504200585,15.848194667001044,-0.37704987033565196,0.008766618113076555
2015-09-11,-0.311727,0.124676,-0.872824,0.0,0.0,-0.511229,-0.433264,-0.830826,1.515193,3.265841,4.517868,0.0,15.569578,15.805487200000002,0.740291441079932,14.324904317840138,17.286070082159867,15.821659746334278,-0.35275600572921384,0.0
2015-09-14,0.062657,0.689223,-0.37594,-0.498759,-0.498768,0.375947,-0.151899,-0.37062,1.496737,3.349134,4.652764,0.0,15.491922,15.72379535,0.6741205295414331,14.375554290917133,17.072036409082866,15.790256151445298,-0.3358971202885108,-0.005000155291490426
2015-09-15,-1.655414,0.490497,-1.839356,2.192976,2.192982,-1.594107,-2.280804,-2.071611,-1.1114,0.72126,2.120266,1.0,15.831657,15.65570395,0.5800748124064706,14.495554325187058,16.81585357481294,15.79419908940289,-0.29175933687726285,0.021692816300130445
2015-09-16,0.122474,0.367416,-1.469688,0.12263,0.122634,-1.187999,-1.910597,-1.734741,-1.631551,0.254252,1.706785,0.0,15.851072,15.592453600000002,0.471208425477321,14.650036749045361,16.534870450954646,15.799615557078804,-0.25230478478153096,0.001225589022348582
2015-09-17,2.71123,3.909206,-0.504414,-2.878138,-2.87814,1.513239,1.00252,1.114879,0.796781,2.820735,4.310402,-1.0,15.394856,15.51751935,0.35928465310664437,14.798950043786713,16.23608865621329,15.761067027833203,-0.25491112960930096,-0.029203704459153698
2015-09-18,0.771208,0.96401,-0.385604,-1.891551,-1.891541,2.853459,2.705644,2.709953,2.384645,4.288103,5.851757,-1.0,15.103656,15.4638246,0.3348685796517426,14.794087440696515,16.133561759303486,15.69845645375385,-0.2772777971568807,-0.019096593926403775
2015-09-21,-0.191083,0.318471,-0.828025,0.899743,0.899736,1.605093,1.821653,1.536115,1.360735,2.86307,4.484713,1.0,15.239549,15.44691885,0.3373446149300124,14.772229620139974,16.121608079860025,15.65475098196777,-0.2808012113647358,0.008957122924708375
2015-09-22,-0.513809,0.064226,-0.770713,-0.828025,-0.828023,1.502889,2.292866,2.076637,2.312707,3.171372,4.840693,-1.0,15.113362,15.462889750000002,0.31136448600318156,14.840160777993638,16.085618722006366,15.603190126542266,-0.2904279066972144,-0.008314703455400878
2015-09-23,-0.763359,0.826972,-0.890585,0.963391,0.963399,-0.241737,1.20228,1.183193,1.49832,1.700078,3.413471,1.0,15.258964,15.4875921,0.26991466971273165,14.947762760574538,16.027421439425463,15.570406685919194,-0.283045495271697,0.009587880454070252
2015-09-24,-0.064309,0.450161,-0.96463,-1.081425,-1.081443,0.450171,1.993576,2.160777,2.460552,2.335026,4.133814,-1.0,15.093947,15.4653414,0.28345987161032843,14.898421656779343,16.032261143220655,15.525029572974509,-0.2871997142941911,-0.010873331115922981
2015-09-25,-0.062933,0.818125,-0.503461,2.186495,2.186512,-1.283832,-0.283206,-0.046161,0.111712,-0.050093,1.554585,1.0,15.423978,15.44120845,0.26377438687154103,14.913659676256918,15.968757223743081,15.515405613643603,-0.26085425382128413,0.021629508991117746
2015-09-28,2.06852,2.262443,-0.581771,-2.643172,-2.643183,1.098906,2.107308,2.589961,2.559005,2.513955,3.843474,-1.0,15.016294,15.4005617,0.263469841788087,14.873622016423827,15.927501383576175,15.467871174248973,-0.2697623260567976,-0.02678743331047555
2015-09-29,0.977199,1.172638,-0.651466,-0.775695,-0.775691,1.602607,2.28013,3.040172,3.055371,3.343785,4.142144,-1.0,14.899814,15.355058600000001,0.26761226997512727,14.819834060049747,15.890283139950256,15.413770490987167,-0.28295922224067027,-0.007787148556128528
2015-09-30,-0.192555,0.12837,-1.668806,1.498371,1.498368,-0.07702,0.288836,1.382116,1.550065,1.912904,2.16546,1.0,15.123068,15.35748535,0.265143204375665,14.82719894124867,15.88777175875133,15.38608453946458,-0.27226462839908194,0.014872530568815807
2015-10-01,-0.192926,0.578778,-1.221865,-0.192555,-0.19256,0.115763,0.282967,1.367638,1.649523,1.991594,1.965149,0.0,15.093947,15.342925200000002,0.2714643164886135,14.799996567022774,15.88585383297723,15.35826191665843,-0.2631059850371624,-0.0019274576933295488
2015-10-02,-1.950585,0.0,-4.876463,-1.093248,-1.093246,0.559171,1.274388,2.201999,2.591032,2.856976,2.813409,-1.0,14.928933,15.3157464,0.28469637237771506,14.74635365524457,15.88513914475543,15.317373448405247,-0.2660955609212756,-0.010992660375562607
2015-10-05,-1.529637,0.637349,-1.593372,2.015605,2.015603,-1.147224,-0.732944,0.067991,0.576807,0.667325,0.705916,1.0,15.229841,15.317687750000001,0.2839324098404713,14.749822930319059,15.885552569680943,15.309037024747605,-0.24140133620459814,0.019955584779421456
2015-10-06,-0.063735,0.828553,-0.764818,0.0,0.0,-0.713829,-0.656463,-0.195447,0.42703,0.514983,0.80132,0.0,15.229841,15.294876950000003,0.27080281707756304,14.753271315844877,15.836482584155128,15.301494546200214,-0.2193029967689739,0.0
2015-10-07,0.190476,1.142857,-1.142857,0.382409,0.382414,-0.876194,-1.015873,-0.821162,-0.003173,0.187938,0.531378,0.0,15.288082,15.28759695,0.26882478253998554,14.749947384920029,15.82524651507997,15.300217160847813,-0.1948442978177667,0.003816843676156411
2015-10-08,-0.190476,0.190476,-1.52381,0.0,0.0,-0.622225,-0.888888,-0.867723,-0.095237,0.16254,0.476678,0.0,15.288082,15.27352215,0.26052512084748575,14.752471908305028,15.794572391694972,15.29906143124326,-0.17346105165579573,0.0
2015-10-09,1.091142,1.540436,-0.513479,-1.079365,-1.079364,0.718867,-0.006421,0.222508,0.84724,1.163029,1.400311,-1.0,15.123068,15.25119665,0.2528378156246817,14.745521018750637,15.756872281249365,15.282300152077235,-0.16789454196586284,-0.010852310386685906
2015-10-12,0.515464,0.64433,-0.579897,-0.385109,-0.385107,0.889172,0.412367,0.532644,1.095359,1.520616,1.623184,0.0,15.064828,15.229841949999999,0.2494495386705186,14.730942872658963,15.728741027341036,15.26158851854607,-0.166265914237675,-0.0038585048959158584
2015-10-13,-0.451031,0.451031,-0.773196,0.0,0.0,0.670101,0.521903,0.511166,0.840849,1.355668,1.458331,0.0,15.064828,15.191500499999998,0.20748155124604245,14.776537397507914,15.606463602492083,15.242849421541681,-0.16309515559891885,0.0
2015-10-14,0.831202,1.790281,-0.575448,0.773196,0.773192,-0.242965,-0.210998,-0.294117,-0.15345,0.511511,0.703327,1.0,15.181308,15.1580123,0.13775711285505143,14.882498074289897,15.433526525710102,15.236988333775805,-0.14946045688651743,0.007702178938391076
2015-10-15,-2.347134,0.555899,-2.903033,3.51663,3.516627,-3.088326,-3.205685,-3.417749,-3.443484,-2.865967,-2.647726,1.0,15.715178,15.174028400000001,0.17914589622392935,14.815736607552143,15.532320192447859,15.282530206749538,-0.09448682733251168,0.034562062679946555
2015-10-16,1.054591,1.054591,-0.558313,-0.432366,-0.432365,-1.997519,-2.326305,-2.903228,-2.850497,-2.424319,-2.18776,0.0,15.647231,15.201207149999998,0.20697908964781975,14.78724897070436,15.615165329295637,15.317263615630534,-0.05575982039039573,-0.0043330285189177465
2015-10-19,-0.867404,0.433705,-0.99132,0.124057,0.124067,-1.35068,-2.168524,-2.746798,-2.834571,-2.500618,-2.207764,0.0,15.666644,15.222561899999999,0.231699372418409,14.759163155163181,15.685960644836817,15.350537937951437,-0.02323409335152604,0.0012398978080511173
2015-10-20,-0.24692,0.555556,-0.61729,0.37176,0.371758,-0.876551,-2.216057,-2.757211,-3.000008,-2.888897,-2.561737,0.0,15.724886,15.253138099999997,0.25564306814843873,14.74185196370312,15.764424236296875,15.386190134337015,0.00715988758606656,0.0037106867252903928
2015-10-21,2.264151,2.452836,0.0,-1.851858,-1.851867,1.320762,-0.276723,-0.788255,-1.113202,-1.164773,-0.723264,-1.0,15.433682,15.261874,0.2588181669470506,14.7442376661059,15.779510333894102,15.390713169162062,0.007661292735621217,-0.01869228899613748
2015-10-22,-0.990099,0.247531,-0.990099,1.63522,1.635222,-0.346531,-1.627471,-2.132835,-2.515466,-2.680688,-2.295788,1.0,15.686057,15.2914795,0.2721214952001935,14.747236509599613,15.835722490400386,15.41884115305139,0.028099301981161062,0.01621996463591967
2015-10-23,-1.392246,0.181592,-1.634383,2.227723,2.22773,-2.033901,-3.202181,-3.805492,-4.449156,-4.56901,-4.32809,1.0,16.0355,15.322055599999999,0.3182406197355425,14.685574360528914,15.958536839471083,15.477570567046497,0.07166756219369574,0.022032785851346732
2015-10-26,0.060569,0.242271,-1.029679,-0.060533,-0.060522,-1.526358,-2.543924,-3.416124,-4.07633,-4.314973,-4.159108,0.0,16.025795,15.372530649999998,0.34603537410983354,14.680459901780331,16.064601398219665,15.529782417803974,0.10421132660871635,-0.0006054028882125566
2015-10-27,0.0,0.426823,-0.609762,-0.666263,-0.666245,-0.621975,-1.353685,-2.479703,-3.112834,-3.470761,-3.497996,-1.0,15.919024,15.423491149999998,0.3477993690994325,14.727892411801134,16.119089888198864,15.566853044679785,0.1200036397360531,-0.006684739556347094
2015-10-28,-4.80324,0.1736,-4.80324,5.36586,5.365825,-4.085643,-5.42824,-6.855711,-7.55498,-8.025466,-8.229169,1.0,16.773211,15.505998299999998,0.45269163608116103,14.600615027837677,16.41138157216232,15.681744278519806,0.19914924529466838,0.05226815837049317
2015-10-29,0.409596,2.047987,-0.702171,-1.099543,-1.099551,-1.930936,-3.850192,-5.297433,-6.076643,-6.642471,-6.968977,-1.0,16.588781,15.58074,0.501816190787272,14.577107618425456,16.584372381574546,15.768128728184587,0.2441760388771197,-0.011056406870826116
2015-10-30,2.383784,2.383784,-0.119195,-1.81392,-1.813931,0.190722,-1.680556,-3.071101,-3.924301,-4.705588,-5.007932,-1.0,16.287872,15.648686950000002,0.5009158894243328,14.646855171151337,16.650518728848667,15.817628087405103,0.2526666715827215,-0.01830584171285362
2015-11-02,-0.937861,0.468933,-1.113705,1.668641,1.668677,-0.808915,-2.754988,-4.060187,-5.099656,-5.896843,-6.301297,1.0,16.559664,15.7151781,0.5298184213535838,14.655541257292832,16.774814942707167,15.888298174318903,0.2781208975306111,0.016549077105134563
2015-11-03,-0.989523,0.465658,-1.105937,0.703406,0.703396,-0.59372,-2.863798,-4.08615,-5.328874,-6.128061,-6.643388,1.0,16.676144,15.78749325,0.5580396785761649,14.67141389284767,16.90357260715233,15.963331110098055,0.3041860500820235,0.007009336249376299
2015-11-04,1.704874,1.763663,-0.293951,-0.989523,-0.989527,0.082302,-1.240444,-2.590631,-4.012345,-4.853616,-5.457574,-1.0,16.511129,15.848645600000001,0.567367062022064,14.713911475955873,16.98337972404413,16.015502337707765,0.30797736846182744,-0.009944556753231863
2015-11-05,-1.617551,0.346632,-1.617551,1.763663,1.763653,-1.398024,-2.287678,-3.847472,-5.225288,-6.095885,-6.757159,1.0,16.802328,15.9243579,0.5892383040967912,14.745881291806418,17.10283450819358,16.09043811506893,0.3306676108566986,0.01748280984530723
2015-11-06,-0.612819,0.779939,-1.058501,3.697297,3.697303,-3.61003,-4.974931,-6.596102,-7.944291,-8.871312,-9.699167,1.0,17.423561,16.03938255,0.6463567871799225,14.746668975640155,17.332096124359843,16.21740219934808,0.39423362286570907,0.0363059225024012
2015-11-09,1.979644,2.262443,-0.678739,-1.504184,-1.504164,-1.436666,-2.862005,-4.589003,-5.927616,-7.029426,-7.903484,-1.0,17.161482,16.14421525,0.6499926127238608,14.844230024552276,17.44420047544772,16.30731456131493,0.41863677617343953,-0.015155916772996547
2015-11-10,-1.232499,0.504207,-1.624655,0.961538,0.961502,-1.624634,-2.974773,-4.8814,-6.17085,-7.430794,-8.313708,1.0,17.32649,16.257298350000003,0.6490583679141803,14.959181614171642,17.555415085828365,16.404378888808747,0.4461482976974622,0.00956909029687795
2015-11-11,1.352113,1.352113,-0.394366,-0.560224,-0.560212,-0.236617,-2.163377,-3.650697,-5.047881,-6.458585,-7.389666,-1.0,17.229425,16.359704200000003,0.6316975609749187,15.096309078050165,17.62309932194984,16.4829547089222,0.45487552057016245,-0.0056178663064907364
2015-11-12,1.208975,1.496822,-0.115147,-2.140839,-2.140826,2.014956,0.138155,-1.078499,-2.630984,-4.03916,-5.014405,-1.0,16.860573,16.41697395,0.6220362745099136,15.172901400980171,17.661046499019825,16.518918355691515,0.4271052305636438,-0.021640740196112073
2015-11-13,-0.406988,0.639523,-0.639541,-0.978699,-0.978709,2.151162,1.372091,0.16279,-1.354652,-2.713955,-3.72287,-1.0,16.695557,16.46939025,0.5974422828708205,15.27450568425836,17.664274815741642,16.535741083720893,0.38731691525296696,-0.009835301639834945
2015-11-16,-1.721176,0.172111,-2.409639,1.337203,1.337212,0.516345,0.246696,-0.807041,-2.286291,-3.559384,-4.660551,1.0,16.918812,16.53199865,0.5740433909121657,15.383911868175668,17.68008543182433,16.572224028128428,0.3695393814311778,0.013283502825592321
2015-11-17,0.459242,1.033295,-0.459242,-0.057372,-0.057374,0.080367,0.442017,-0.359743,-1.880025,-3.06774,-4.274782,0.0,16.909105,16.591209600000003,0.5468402112313319,15.49752917753734,17.684890022462668,16.604307930211434,0.3506254916114706,-0.0005739046992712868
2015-11-18,-2.298206,0.168167,-2.298206,2.411022,2.411015,-2.17488,-1.457396,-2.49626,-3.646296,-4.856498,-6.137888,1.0,17.316786,16.6853648,0.49688169986242975,15.69160140027514,17.679128199724857,16.672162984477012,0.36433274612182487,0.02382408584714385
2015-11-19,0.508762,0.90446,-0.395704,-0.840802,-0.840791,-0.983615,-0.40702,-1.443388,-2.396844,-3.710581,-4.976457,-1.0,17.171188,16.759621349999996,0.4482753176379497,15.863070714724097,17.656171985275897,16.719689176431583,0.3593054526912276,-0.008443457130668493
2015-11-20,0.90651,1.01983,-0.339943,-0.226122,-0.226123,-0.249293,-0.351278,-0.891411,-1.855527,-3.145613,-4.370165,0.0,17.13236,16.81446435,0.4213069718689721,15.971850406262057,17.657078293737946,16.758991159628575,0.34817465068502074,-0.0022637901235154833
2015-11-23,0.858626,1.488271,-0.057241,-1.019836,-1.019836,0.824274,0.555239,0.286207,-0.569546,-1.843158,-3.012782,-1.0,16.957638,16.8610565,0.3788885760355768,16.103279347928847,17.618833652071153,16.777909906330617,0.321548197253545,-0.01025072104375347
2015-11-24,-1.202055,0.572416,-1.259296,0.0,0.0,0.881514,0.337725,0.396872,-0.263308,-1.552374,-2.640716,0.0,16.957638,16.9129872,0.3074120593969878,16.298163081206024,17.527811318793976,16.795026867632462,0.29702264886986995,0.0
2015-11-25,0.40137,0.745407,-0.172024,-0.171712,-0.171722,0.596333,0.332572,0.733945,-0.045872,-1.029815,-2.129204,0.0,16.928518,16.92075255,0.30565194493780456,16.30944866012439,17.53205643987561,16.807740308810324,0.2720996391804391,-0.001718696400274603
2015-11-27,-0.114422,0.114416,-0.858124,0.229352,0.229353,0.125863,0.16591,0.568275,-0.163038,-0.954227,-2.107164,0.0,16.967344,16.9396807,0.2955671865375052,16.34854632692499,17.53081507307501,16.8229406603522,0.2525694448177198,0.0022909001093187062
2015-11-30,0.286862,0.860585,-0.057372,-0.286041,-0.286032,0.160638,0.585195,0.657867,0.309807,-0.461277,-1.575831,0.0,16.918812,16.9712277,0.252931853778445,16.46536399244311,17.47709140755689,16.83207126412818,0.2305182276410278,-0.002864416558979177
2015-12-01,-1.628293,0.0,-1.852886,2.180143,2.180129,-1.594598,-1.347543,-1.441124,-1.619862,-2.293079,-3.363264,1.0,17.287664,17.0076277,0.24276520856040848,16.522097282879184,17.493158117120817,16.875461048496927,0.24003873580583246,0.021567044622073508
2015-12-02,1.475584,1.532338,-0.397287,-1.066805,-0.788262,-0.58681,-0.422461,-0.726109,-0.699663,-1.229364,-2.318224,-1.0,17.151392,17.0313901,0.23161420745143618,16.568161685097127,17.49461851490287,16.901740186735314,0.23389163837590843,-0.007913847070250772
2015-12-03,2.196538,2.716769,-0.289012,-1.816129,-1.816138,1.146819,1.136268,0.955984,1.234744,0.613469,-0.233022,-1.0,16.839899,17.0478286,0.2025950620709063,16.642638475858185,17.453018724141813,16.89585054990338,0.20156166018009003,-0.018328325327419105
2015-12-04,-2.022461,0.168545,-2.359551,2.890174,2.890184,-1.279703,-1.614951,-1.700556,-1.457647,-2.042429,-2.719863,1.0,17.326603,17.07404235,0.20307528187304377,16.66789178625391,17.480192913746087,16.936874592769723,0.21276029652034723,0.02849205487680317
2015-12-07,1.425313,1.482315,-0.570125,-1.460663,-1.460667,0.364871,-0.191034,-0.095863,-0.099445,-0.406324,-1.075204,-1.0,17.073519,17.05654025,0.1857080829176062,16.685124084164787,17.427956415835215,16.949888345839273,0.19892050110008697,-0.01471439934581748
2015-12-08,1.163455,1.570669,-0.349052,-1.995439,-1.995447,1.745203,1.706798,1.864161,1.806518,1.662873,1.079827,-1.0,16.732826,17.03510745,0.19733129978220187,16.6404448504356,17.429770049564404,16.929215741473627,0.1586326670688294,-0.020156247857625143
2015-12-09,0.058485,1.637421,-1.345023,-0.523566,-0.523558,1.672513,2.054402,2.294595,2.137694,2.190507,1.757249,-1.0,16.64522,17.00104395,0.20310163234708453,16.59484068530583,17.40724721469417,16.902168527999947,0.11827183223443782,-0.00524933072287327
2015-12-10,-0.290703,1.220924,-1.39536,0.584801,0.584799,0.965114,1.349991,1.471207,1.39847,1.651665,1.159532,1.0,16.742561,16.97670075,0.20346458270560758,16.569771584588786,17.383629915411213,16.886967811047572,0.09306736240994695,0.005830952095879701
2015-12-11,1.434543,1.972499,-0.537962,-2.732564,-2.732557,2.522412,3.778277,3.959105,4.070382,4.380336,3.939263,-1.0,16.285061,16.94792515,0.2549383907255154,16.43804836854897,17.45780193145103,16.829643352852564,0.03576394744876765,-0.027705855718353864
2015-12-14,-0.238089,0.535714,-1.785708,0.418404,0.418396,1.214295,3.000008,3.208317,3.532093,3.683621,3.519513,0.0,16.353197,16.93080715,0.28275239763854826,16.365302354722903,17.496311945277096,16.784267509723747,-0.004104106409119623,0.004175228897443964
2015-12-15,-2.296211,0.401837,-2.468427,3.690482,3.690496,-2.124003,-0.861087,-0.465381,-0.141589,-0.054934,-0.086846,1.0,16.956711,16.9327021,0.2827947701209869,16.367112559758027,17.498291640241973,16.80069069927387,0.012850576253892854,0.03624027127376552
2015-12-16,-0.56338,0.16902,-2.929577,1.894374,1.894377,-3.211275,-2.630996,-2.1923,-1.89138,-1.924311,-1.828289,1.0,17.277935,16.951143599999998,0.2930162481409018,16.365111103718196,17.5371760962818,16.84614253743826,0.05161242077614858,0.018766569249409868
2015-12-17,2.890174,3.06359,0.0,-2.535217,-2.535234,-0.578022,-0.098254,0.316771,0.519007,0.534289,0.790411,-1.0,16.839899,16.927299249999997,0.28084663801758325,16.36560597396483,17.488992526035165,16.845547914825094,0.046450168811805526,-0.02567924274863251
2015-12-18,2.565638,3.042959,0.0,-3.121382,-3.121355,2.66108,2.499981,3.282025,3.495022,3.63948,3.938079,-1.0,16.314266,16.884453150000002,0.30592690261724503,16.272599344765514,17.49630695523449,16.794949637222704,-5.4514850418740934e-05,-0.031711071411929984
2015-12-21,0.058933,0.353577,-1.178545,1.252977,1.252959,1.591051,0.895703,1.84247,2.028564,2.314158,2.469295,1.0,16.518677,16.853769,0.31049520460422075,16.232778590791558,17.474759409208442,16.768637957487208,-0.02018289646782634,0.012451740380553068
2015-12-22,-0.17565,0.17565,-1.346604,0.648209,0.648224,0.538631,0.181485,0.92114,1.271641,1.584698,1.701934,1.0,16.625755,16.83717485,0.31350585223385885,16.21016314553228,17.46418655446772,16.75503005677414,-0.027181156749637836,0.006461318904474449
2015-12-23,-1.038062,0.0,-1.384083,1.522248,1.522235,-1.441752,-1.182238,-0.699733,-0.270179,0.054354,0.0886,1.0,16.878838,16.83323485,0.31240547571458677,16.208423898570828,17.458045801429172,16.766821289462317,-0.012165410169867386,0.015107648891159148
2015-12-24,0.289519,0.636937,-0.289525,-0.403691,-0.403683,-1.077014,-0.741177,-0.308829,0.099002,0.339474,0.411251,0.0,16.810701,16.827344,0.31162403945173744,16.204095921096524,17.450592078903476,16.771000309513525,-0.005697729400303331,-0.004045000016468862
2015-12-28,0.525394,0.583777,-0.875651,-0.81066,-0.810686,0.163478,0.303584,0.245206,0.829287,1.040391,1.19471,-1.0,16.674419,16.812697749999998,0.3115814584852322,16.189534833029533,17.435860666970463,16.761802089559858,-0.011437025328419281,-0.008139899303319624
2015-12-29,-0.173617,0.405087,-0.69445,0.875668,0.875677,-0.347219,-0.289348,-0.725307,-0.075231,0.089106,0.341011,1.0,16.820433,16.8077788,0.31059304723479875,16.186592705530405,17.428964894469598,16.767385985792252,-0.004155447775481491,0.008718648760393763
2015-12-30,0.879777,1.114375,-0.058639,-1.33103,-1.33103,0.961886,0.838723,0.559153,1.064529,1.352266,1.629872,-1.0,16.596548,16.773222999999998,0.2922993561256744,16.18862428774865,17.357821712251347,16.751115701431086,-0.016262924646820665,-0.013399675446060345
2015-12-31,1.069519,1.426025,0.0,-1.290317,-1.29031,1.675575,1.61022,1.766687,2.150921,2.536667,2.851185,-1.0,16.382401,16.73477345,0.2905079076247031,16.153757634750594,17.315789265249403,16.716000015580505,-0.04264645866685157,-0.012987073050762717
