date,c_open,c_high,c_low,n_close,n_adj_close,adj_sum_5,adj_sum_10,adj_sum_15,adj_sum_20,adj_sum_25,adj_sum_30,label,closing_price_for_label,melody_ma20,melody_std20,melody_lb20,melody_ub20,melody_ema20,melody_macd_12_26,melody_str_log_return
2013-06-03,0.578664,0.637174,-0.76297,-0.227087,-0.227087,-0.274061,-1.047797,-1.176948,-1.605953,-2.511015,-3.177677,0.0,170911.0,,,,,,,
2013-06-04,0.502208,0.618193,-0.28849,-0.620791,-0.620791,0.519635,-0.391404,-0.462683,-0.848248,-1.662997,-2.327387,-1.0,169850.0,,,,,,,-0.006227258569411064
2013-06-05,1.433692,1.433692,-0.477897,-1.442449,-1.442449,1.751613,0.959558,0.919753,0.683841,-0.023059,-0.750139,-1.0,167400.0,,,,,,,-0.014529536551217968
2013-06-06,-1.531696,0.0,-1.834857,1.479689,1.479689,-0.005533,-0.378509,-0.515,-0.678167,-1.24118,-2.002527,1.0,169877.0,,,,,,,0.014688487709393978
2013-06-07,-1.474263,0.205899,-1.474263,1.779523,1.779523,-1.568768,-1.777906,-2.038596,-2.218074,-2.689277,-3.486987,1.0,172900.0,,,,,,,0.01763874692447589
2013-06-10,0.506146,0.540853,-0.395662,-0.014459,-0.014459,-1.327317,-1.367173,-1.890422,-2.056573,-2.444495,-3.236693,0.0,172875.0,,,,,,,-0.00014460270432254096
2013-06-11,0.60241,0.73112,-0.088158,-1.576283,-1.576283,0.288216,0.31531,-0.281947,-0.406582,-0.760811,-1.48228,-1.0,170150.0,,,,,,,-0.01588838903800754
2013-06-12,0.962203,1.409616,-0.117616,-0.561269,-0.561269,1.066462,0.869293,0.281135,0.153432,-0.094164,-0.725356,-1.0,169195.0,,,,,,,-0.005628505038849275
2013-06-13,-2.018493,0.0,-2.381173,2.014835,2.014835,-0.613659,-1.099511,-1.506184,-1.7185,-1.920628,-2.43685,1.0,172604.0,,,,,,,0.01994805744375792
2013-06-14,0.666242,0.790615,-0.151233,-0.77924,-0.77924,-0.024758,-0.32518,-0.566082,-0.831139,-1.029855,-1.468166,-1.0,171259.0,,,,,,,-0.00782292284591533
2013-06-17,-0.248972,0.360141,-1.07695,0.847255,0.847255,-0.883794,-1.058422,-1.143227,-1.568467,-1.74716,-2.106711,1.0,172710.0,,,,,,,0.00843685684991994
2013-06-18,0.111832,0.421251,-0.165719,-0.074692,-0.074692,-0.527984,-0.826221,-0.907825,-1.396938,-1.553172,-1.886921,0.0,172581.0,,,,,,,-0.0007471958782692826
2013-06-19,1.022509,1.431396,0.0,-0.943905,-0.943905,0.625439,0.326583,0.096869,-0.405786,-0.575647,-0.829902,-1.0,170952.0,,,,,,,-0.00948387613339629
2013-06-20,1.05003,1.696843,-0.842764,-1.785296,-1.785296,1.894223,2.032519,1.745642,1.41352,1.206861,1.005063,-1.0,167900.0,,,,,,,-0.01801425126066724
2013-06-21,0.447681,0.894768,-0.758026,0.178678,0.178678,1.348751,1.571106,1.4413,1.268906,1.047681,0.866528,0.0,168200.0,,,,,,,0.0017851834553524546
2013-06-24,0.93728,1.109115,-1.136152,-1.046968,-1.046968,1.667518,2.259086,2.33547,2.352964,2.04565,1.906885,-1.0,166439.0,,,,,,,-0.010524871613268963
2013-06-25,-0.49372,0.062978,-1.06943,1.126539,1.126539,0.027924,1.010849,1.134625,1.210208,0.887817,0.79015,1.0,168314.0,,,,,,,0.011202406600586004
2013-06-26,0.203118,0.495985,-0.506613,0.621458,0.621458,-0.77787,0.396729,0.587152,0.583875,0.268753,0.169481,1.0,169360.0,,,,,,,0.006195344300445023
2013-06-27,0.548055,0.722866,0.0,-0.020076,-0.020076,-0.589514,0.223297,0.585655,0.519206,0.32966,0.197194,0.0,169326.0,,,,,,,-0.0002007759406306931
2013-06-28,0.411625,0.411625,-0.569988,-0.428759,-0.428759,-0.113998,0.497153,0.848754,0.871975,0.800119,0.65429,0.0,168600.0,170070.15,1975.5123858994402,166119.12522820113,174021.17477179886,169781.61000018052,,-0.004296805318223939
2013-07-01,-0.248788,0.624329,-0.366698,0.606168,0.606168,-0.340522,-0.29041,0.113271,0.226209,0.277723,0.052194,1.0,169622.0,170005.7,1967.647114810236,166070.40577037953,173940.9942296205,169766.40904778236,,0.006043386358659618
2013-07-02,0.593013,0.711497,-0.326424,-0.485196,-0.485196,0.202845,-0.028318,0.548029,0.683742,0.776095,0.532092,0.0,168799.0,169953.15,1985.9734528092645,165981.20309438146,173925.09690561853,169674.27485275548,,-0.004863773952722027
2013-07-03,-0.494745,0.019529,-0.861661,0.104858,0.104858,0.052433,-0.249976,0.434066,0.624911,0.660449,0.422585,0.0,168976.0,170031.95,1909.1163421579972,166213.717315684,173850.182684316,169607.77248582637,,0.0010480350304259355
2013-07-05,-1.336229,0.092334,-1.336229,1.908555,1.908555,-1.487448,-1.86834,-1.462477,-1.192124,-1.224708,-1.369078,1.0,172201.0,170148.15,1968.9764713517638,166210.19705729646,174086.10294270352,169854.7465347953,,0.018905706173579288
2013-07-08,0.231884,0.721739,-0.171014,0.173634,0.173634,-1.206029,-1.789159,-1.585314,-1.374986,-1.368093,-1.433372,0.0,172500.0,170128.15,1941.391505162158,166245.36698967568,174010.9330103243,170106.67543624336,,0.0017348372937166083
2013-07-09,-0.150224,0.056406,-0.599168,0.71942,0.71942,-1.437542,-2.070381,-2.248711,-2.054524,-2.007448,-1.989283,1.0,173741.0,170171.45,2014.1737361691726,166143.10252766166,174199.79747233837,170452.80158517256,270.2752027994429,0.007168448070744237
2013-07-10,0.634396,0.634396,-0.40613,-0.653847,-0.653847,-0.347846,-1.177254,-1.604434,-1.338779,-1.298665,-1.263019,-1.0,172605.0,170294.2,2086.3134850483857,166121.57302990323,174466.8269700968,170657.77286277516,402.481541937741,-0.006559937598627091
2013-07-11,-0.993487,0.202683,-1.317438,1.760667,1.760667,-1.312769,-2.529321,-3.128791,-2.862238,-2.818656,-2.852911,1.0,175644.0,170616.65,2384.53365792758,165847.58268414484,175385.71731585514,171132.65163774896,743.9026732633647,0.017453472346278552
2013-07-12,-0.174354,0.163528,-0.339591,-0.079137,-0.079137,-0.858095,-2.100054,-2.763188,-2.702658,-2.613418,-2.713199,0.0,175505.0,170761.7,2591.074052853071,165579.55189429387,175943.84810570616,171549.06576748713,991.8320191935054,-0.0007916867612327358
2013-07-15,-0.07619,0.166594,-0.340579,0.21196,0.21196,-0.683773,-1.893369,-2.677856,-2.777168,-2.751696,-2.832226,0.0,175877.0,170992.6,2832.260774493913,165328.07845101217,176657.12154898784,171961.24998010742,1204.4509424243588,0.0021173545541825637
2013-07-16,0.22235,0.644303,-0.120558,-0.01592,-0.01592,-0.428208,-1.523637,-2.305614,-2.672435,-2.668562,-2.723151,0.0,175849.0,171149.55,3013.607847833944,165122.3343043321,177176.76569566788,172331.51188676385,1355.0731649849913,-0.00015921484370870332
2013-07-17,0.062379,0.437221,-0.04083,0.279785,0.279785,-0.282294,-1.370697,-2.274722,-2.837372,-2.799689,-2.87186,0.0,176341.0,171337.55,3217.959773308486,164901.63045338303,177773.46954661695,172713.36789754825,1496.88746283183,0.0027939482668557754
2013-07-18,-0.409167,0.0,-0.409167,0.75819,0.75819,-0.803701,-1.623105,-2.697989,-3.379231,-3.340132,-3.409914,1.0,177678.0,171673.85,3513.4384159440756,164646.97316811184,178700.72683188817,173186.19000254365,1697.592255015712,0.007553302826008448
2013-07-19,-0.334876,0.14472,-0.599635,0.336001,0.336001,-0.82513,-1.611836,-2.689179,-3.411808,-3.536581,-3.576347,0.0,178275.0,172192.6,3688.4738450019163,164815.65230999616,179569.54769000385,173670.83857372997,1883.11775025932,0.0033543785824517564
2013-07-22,0.379861,0.379861,-0.205922,-0.029168,-0.029168,-0.532928,-1.262014,-2.300825,-3.102433,-3.352137,-3.448657,0.0,178223.0,172693.75,3796.770024431441,165100.2099511371,180287.2900488629,174104.37775718427,2002.8643035099376,-0.00029172674387394537
2013-07-23,0.788157,0.788157,-0.008463,-0.546506,-0.546506,0.171623,-0.521526,-1.477093,-2.265034,-2.718616,-2.835841,-1.0,177249.0,173234.25,3625.054553128542,165984.1408937429,180484.3591062571,174403.86558983338,1996.1601580110146,-0.005480051523113436
2013-07-24,1.856445,1.958403,-0.332797,-1.505227,-1.505227,1.500851,1.111919,0.249359,-0.591932,-1.186108,-1.266346,-1.0,174581.0,173547.6,3443.6860667482265,166660.22786650356,180434.97213349646,174420.73553365876,1755.3274496227968,-0.01516670632358795
2013-07-25,-0.70736,0.404124,-1.162214,0.492608,0.492608,0.748286,0.604705,0.00361,-0.905917,-1.56814,-1.63166,0.0,175441.0,173851.65,3320.752471401003,167210.14505719798,180493.154942802,174517.9035780722,1615.2411117161391,0.004913986723996344
2013-07-26,-0.452463,0.0,-1.386378,0.276446,0.276446,0.203495,0.351284,-0.130926,-0.991525,-1.657015,-1.839902,0.0,175926.0,174181.65,3171.9491147939602,167837.75177041208,180525.5482295879,174652.00799920817,1525.7690109435061,0.0027606480291122127
2013-07-29,0.627489,1.287642,-0.300851,-0.807726,-0.807726,0.593335,1.089826,0.758909,-0.016103,-0.711682,-0.978578,-1.0,174505.0,174476.9,2887.0878589442414,168702.7242821115,180251.07571788848,174638.00723737883,1324.9259802989254,-0.008110057549787811
2013-07-30,1.085466,1.183411,-0.043211,-0.538093,-0.538093,0.713158,1.505191,1.297297,0.638431,-0.010279,-0.426428,-1.0,173566.0,174674.1,2664.11017829694,169345.87964340614,180002.32035659387,174535.91131000943,1077.5654750326648,-0.0053954640170375875
2013-07-31,0.230017,0.781484,-0.001725,0.192434,0.192434,0.441403,1.169868,1.152386,0.591806,-0.073836,-0.59239,0.0,173900.0,174929.15,2289.950568875849,170349.2488622483,179509.0511377517,174475.34832810378,898.1284355786338,0.0019224908501619291
2013-08-01,-0.056915,1.083665,-0.398406,1.035078,1.035078,-0.55811,0.020831,0.118232,-0.247382,-0.953216,-1.520717,1.0,175700.0,175265.35,1814.0853074295233,171637.17938514095,178893.52061485907,174591.98182066533,890.8985222106276,0.010297573832814162
2013-08-02,-0.169972,0.093484,-0.730312,0.455322,0.455322,-0.943796,-0.533088,-0.297979,-0.577734,-1.239569,-1.804665,0.0,176500.0,175480.3,1681.7480598597958,172116.8038802804,178843.79611971957,174773.69783774484,938.8990342760517,0.004542881180299884
2013-08-05,0.688099,0.703328,-0.2837,0.453258,0.453258,-1.075465,-1.033954,-0.694341,-0.890976,-1.488911,-2.07665,0.0,177300.0,175720.3,1573.0355200593838,172574.22895988123,178866.37104011874,175014.29804367392,1029.6242327970685,0.004522336706810694
2013-08-06,0.025445,0.386758,-0.515677,-0.250987,-0.250987,-0.45461,-0.807215,-0.406548,-0.553561,-1.077448,-1.633937,0.0,176855.0,175876.0,1520.0318556218929,172835.9362887562,178916.0637112438,175189.60299189546,1053.4730438001861,-0.002513025280976991
2013-08-07,0.684932,0.684932,-0.222032,-0.935795,-0.935795,0.634132,0.165126,0.49083,0.459903,0.003151,-0.573725,-1.0,175200.0,176005.75,1324.2728640356272,173357.20427192876,178654.29572807124,175190.59318314353,928.1298268504906,-0.009402009296894123
2013-08-08,-0.155196,0.128575,-0.859808,0.771119,0.771119,-0.039535,-0.538485,-0.320701,-0.283148,-0.59047,-1.198785,1.0,176551.0,176051.1,1326.76051462122,173397.57897075758,178704.62102924244,175320.15573712985,927.1215534357761,0.007681607973876911
2013-08-09,0.628212,0.799543,-0.134209,-0.821859,-0.821859,0.628898,0.238549,0.384428,0.531611,0.299532,-0.270131,-1.0,175100.0,176030.85,1338.5723060115665,173353.70538797686,178707.99461202315,175299.18852406988,800.01682009449,-0.008252547184361856
2013-08-12,-0.710108,0.120627,-0.885359,0.370074,0.370074,0.081253,-0.060314,-0.079584,0.157271,0.003642,-0.502272,0.0,175748.0,176024.4,1339.6630134006668,173345.07397319865,178703.72602680133,175341.93247415847,743.0086464499473,0.0036939115333641413
2013-08-13,0.156495,0.410869,-0.539479,-0.013087,-0.013087,-0.034258,0.07563,-0.124323,0.166852,0.061892,-0.373481,0.0,175725.0,176018.2,1340.803945792487,173336.59210841503,178699.807891585,175378.41509566718,688.0420301022532,-0.0001308777632012808
2013-08-14,0.59798,0.615719,0.0,-0.551999,-0.551999,0.469686,0.680038,0.436688,0.677463,0.66651,0.293115,-1.0,174755.0,175938.9,1367.345753833459,173204.20849233307,178673.59150766692,175319.04222941317,559.7571650993486,-0.0055352800540831295
2013-08-15,0.700814,0.866324,-0.463544,-1.119281,-1.119281,1.172692,1.651804,1.471652,1.675907,1.740149,1.502131,-1.0,172799.0,175694.95,1471.9719131688578,172751.0061736623,178638.89382633773,175079.03820756427,296.8358929164242,-0.011255923691712634
2013-08-16,-0.619217,0.218343,-0.90803,0.186922,0.186922,0.755421,1.267026,1.174355,1.337381,1.495269,1.330488,0.0,173122.0,175437.3,1447.376359595494,172542.547280809,178332.05271919098,174892.65361636766,113.22707974840887,0.0018674789554336047
2013-08-19,0.652474,0.96326,-0.000583,-0.936334,-0.936334,1.212471,1.886053,2.013866,2.09923,2.352523,2.26883,-1.0,171501.0,175101.2,1543.716247446964,172013.76750510608,178188.63249489394,174569.63898623743,-161.22685740314773,-0.00940745077882173
2013-08-20,-0.823699,0.0,-0.949711,0.874047,0.874047,0.020462,0.780405,1.108131,1.091763,1.399792,1.36842,1.0,173000.0,174888.75,1524.837070675241,171839.0758586495,177938.4241413505,174420.14955897673,-254.83918015830568,0.008702497004993837
2013-08-21,1.014637,1.087237,-0.210773,-1.271676,-1.271676,0.845667,1.820902,2.289461,2.283197,2.576112,2.638876,-1.0,170800.0,174699.7,1778.316800265205,171143.0663994696,178256.33360053043,174075.37341050274,-500.77659336925717,-0.012798313143309509
2013-08-22,-0.380939,0.461076,-0.595798,0.823185,0.823185,-0.046572,0.737257,1.31904,1.354163,1.611512,1.734318,1.0,172206.0,174537.95,1852.9003573346201,170832.14928533076,178243.75071466927,173897.33784759772,-575.5962009462528,0.008198153237725374
2013-08-23,0.804926,0.804926,-0.092809,-0.5145,-0.5145,0.259981,1.03759,1.641451,1.7439,1.974621,2.179022,-1.0,171320.0,174307.65,1954.7420418050726,170398.16591638984,178217.13408361014,173651.87710020746,-698.3341134245566,-0.005158281845024773
2013-08-26,0.491228,0.795322,-0.116959,-0.186785,-0.186785,0.389006,0.949006,1.586043,1.831813,1.996491,2.275166,0.0,171000.0,174132.4,2088.649309204968,169955.10138159007,178309.69861840992,173399.3173763782,-812.0651375779416,-0.0018695962445104113
2013-08-27,1.583508,1.703018,-0.209143,-2.134503,-2.134503,1.903316,2.650314,3.423046,3.867105,3.984488,4.33656,-1.0,167350.0,173821.6,2581.6648117058735,168658.27037658825,178984.92962341176,172823.1919119612,-1183.0844284379855,-0.021576128845324255
2013-08-28,-0.940179,0.437761,-1.008393,0.737974,0.737974,0.89403,1.532343,2.403812,2.948572,3.080464,3.418869,1.0,168585.0,173555.85,2834.359136234901,167887.1317275302,179224.5682724698,172419.55458701254,-1361.7680958817364,0.0073526459810045255
2013-08-29,0.10116,1.430527,-0.128533,-0.317347,-0.317347,0.720619,1.572984,2.392582,3.048706,3.232705,3.557136,0.0,168050.0,173173.35,3038.6035794684212,167096.14284106315,179250.55715893686,172003.40653110656,-1528.92176016522,-0.0031785194672254596
2013-08-30,0.703981,0.703981,-0.40886,-0.595061,-0.595061,0.812332,1.81754,2.684266,3.38273,3.638144,3.953068,-1.0,167050.0,172700.85,3223.2119690409586,166254.4260619181,179147.27393808193,171531.65352814403,-1722.2310782202112,-0.005968385368349146
2013-09-03,0.202389,0.777413,-0.412517,0.564502,0.564502,-0.111552,1.037186,1.800115,2.525403,2.901335,3.166561,1.0,167993.0,172235.5,3195.996434686191,165843.5071306276,178627.4928693724,171194.63890641605,-1778.832611417456,0.005629143065747072
2013-09-04,-0.094497,0.248427,-0.629387,0.15834,0.15834,-0.161418,0.595689,1.343365,2.107881,2.612496,2.825366,0.0,168259.0,171805.7,3119.140250976821,165567.41949804637,178043.98050195366,170915.05424866214,-1781.6875720544194,0.0015821470533252681
2013-09-05,-0.024964,0.420827,-0.142653,-0.011292,-0.011292,-0.191155,0.454886,1.096648,1.912565,2.489515,2.711345,0.0,168240.0,171457.7,3108.7528909263183,165240.19421814737,177675.20578185265,170660.28717736097,-1765.135902216658,-0.00011292752739354116
2013-09-06,0.498314,0.715543,-0.833706,-0.401213,-0.401213,0.153015,0.58258,1.295656,2.054964,2.708179,2.96842,0.0,167565.0,171008.4,2980.6087756840743,165047.18244863185,176969.61755136814,170365.4979223742,-1785.898714711686,-0.004020195703523009
2013-09-09,-0.52108,0.071056,-0.9563,0.78477,0.78477,-0.410114,-0.345097,0.339452,1.076149,1.727949,2.027574,1.0,168880.0,170697.4,2852.985701073013,164991.42859785396,176403.37140214603,170224.02192976713,-1676.9134684931196,0.007817067849143811
2013-09-10,-0.37715,0.114377,-0.685675,0.952748,0.952748,-1.057194,-1.315569,-0.64708,-0.031996,0.608086,0.986163,1.0,170489.0,170434.45,2593.544992659308,165247.36001468138,175621.53998531864,170249.25793645595,-1444.0627659743477,0.009482374973219148
2013-09-11,-0.490253,0.012256,-0.719038,0.499152,0.499152,-1.188981,-1.572838,-1.205128,-0.656473,-0.020357,0.441286,0.0,171340.0,170215.2,2290.3886960400887,165634.42260791984,174795.97739208018,170353.13813298396,-1177.2872837619507,0.004979108022613566
2013-09-12,0.382353,0.638824,-0.2,-0.782071,-0.782071,-0.203059,-0.713765,-0.457765,-0.013265,0.645365,1.156529,-1.0,170000.0,169977.45,2025.8559328163524,165925.7381343673,174029.16186563272,170319.50592984262,-1061.7533614159329,-0.007851449485636106
2013-09-13,-0.091093,0.176898,-0.380242,0.091176,0.091176,0.010461,-0.680497,-0.628799,-0.18204,0.403326,0.955756,0.0,170155.0,169845.25,1915.2929657725385,166014.66406845493,173675.83593154507,170303.83869842906,-946.77090531672,0.0009113493009247092
2013-09-16,-0.608696,0.057971,-0.670145,1.378155,1.378155,-0.929391,-1.714725,-1.934068,-1.557014,-1.021867,-0.493952,1.0,172500.0,169814.15,1863.6390342555426,166086.87193148892,173541.42806851107,170512.99691762627,-658.8299963465251,0.013687450120227934
2013-09-17,-0.368727,0.325449,-0.402772,0.463188,0.463188,-1.061864,-1.861696,-2.297763,-1.959013,-1.534735,-1.029685,0.0,173299.0,169904.05,1988.479119300891,165927.09176139822,173881.00823860176,170778.330544519,-361.9893412120582,0.004621189893047471
2013-09-18,-1.017685,0.297706,-1.357104,0.984426,0.984426,-1.607497,-2.432902,-2.958582,-2.857461,-2.51106,-2.029713,1.0,175005.0,170004.3,2192.8198404411764,165618.66031911763,174389.93968088235,171180.87049266003,10.794526385725476,0.009796118579468062
2013-09-19,-0.071093,0.440779,-0.480591,0.468558,0.468558,-1.403782,-2.456533,-3.136642,-3.16761,-2.941379,-2.474771,0.0,175825.0,170255.55,2547.915525225482,165159.71894954902,175351.38105045096,171623.16854097813,368.1517499864276,0.004674637250152033
2013-09-20,0.685714,1.018857,0.0,-0.469217,-0.469217,-0.385257,-1.571829,-2.415238,-2.631286,-2.433509,-2.044552,0.0,175000.0,170395.25,2730.5371146005914,164934.1757707988,175856.3242292012,171944.77153707546,578.1250533775019,-0.004703208270567951
2013-09-23,0.928322,1.014757,-0.425841,-0.834857,-0.834857,0.573128,-0.474706,-1.344405,-1.747619,-1.602499,-1.249863,-1.0,173539.0,170506.2,2813.899983259931,164878.40003348014,176133.99996651988,172096.60281925875,619.498723517172,-0.008383615935035685
2013-09-24,0.782029,0.782029,-0.106667,-0.598713,-0.598713,1.086261,0.241333,-0.576,-1.112348,-0.986667,-0.717836,-1.0,172500.0,170581.2,2847.5430702349086,164886.1138595302,176276.28614046983,172135.02159837697,561.9709867489,-0.006005121517064003
2013-09-25,-0.471829,0.358774,-0.538162,0.503188,0.503188,0.391306,-0.143567,-0.877325,-1.433886,-1.473905,-1.260229,0.0,173368.0,170882.1,2805.7864438373995,165270.52711232522,176493.6728876748,172252.44811281728,579.7373355857271,0.005019266438615211
2013-09-26,-0.05818,0.565668,-0.56682,0.133819,0.133819,0.000806,-0.069643,-0.803955,-1.421169,-1.54106,-1.414363,0.0,173600.0,171132.85,2813.773590469151,165505.3028190617,176760.3971809383,172380.78638778708,605.5572688842658,0.0013372993162202842
2013-09-27,0.452935,0.452935,-0.254341,-0.800691,-0.800691,0.483944,0.85628,0.176529,-0.504704,-0.746252,-0.630025,-1.0,172210.0,171340.85,2726.286490621982,165888.27701875605,176793.42298124396,172364.52101752168,508.0024329343287,-0.008039139909441653
2013-09-30,0.11443,0.423097,-0.369697,-1.045235,-1.045235,1.1781,1.798955,1.294525,0.644827,0.280782,0.366547,-1.0,170410.0,171508.85,2545.4885845768463,166417.87283084632,176599.8271691537,172178.3761587101,282.19163630192634,-0.010507364197506757
2013-10-01,-0.344973,0.335618,-0.484131,0.362655,0.362655,0.640363,1.298325,0.949513,0.369881,-0.080922,-0.00534,0.0,171028.0,171660.6,2411.8150492065975,166836.96990158682,176484.2300984132,172068.81652454723,151.35763168905396,0.003619987669045926
2013-10-02,-0.815743,0.003499,-0.959184,0.275978,0.275978,0.145539,0.81516,0.677901,0.188134,-0.259125,-0.309699,0.0,171500.0,171822.65,2276.306918419073,167270.03616316186,176375.26383683813,172014.6435222094,84.77990577649325,0.002755980817647222
2013-10-03,0.650019,0.650019,-0.435307,-0.877551,-0.877551,0.608018,1.364746,1.569027,1.126739,0.657078,0.557095,-1.0,169995.0,171910.4,2161.8804290418307,167586.63914191633,176234.16085808366,171822.2965200942,-88.40526302420767,-0.008814241752973151
2013-10-04,-0.200887,0.441014,-0.385375,0.440013,0.440013,-0.004568,0.67136,1.147026,0.776781,0.279203,0.088008,0.0,170743.0,172069.3,1930.0415894074576,168209.21682118508,175929.3831788149,171719.50637532334,-163.4146657823294,0.004390477149921698
2013-10-07,0.09088,0.675696,-0.516361,-0.75435,-0.75435,0.642767,1.195539,1.796032,1.559736,1.098179,0.812074,-1.0,169455.0,172098.05,1883.760921108379,168330.52815778324,175865.57184221674,171503.83910148303,-323.06687972918735,-0.007572097155941339
2013-10-08,1.354418,1.451759,-0.042997,-1.182025,-1.182025,1.419511,2.104543,2.780896,2.683874,2.294556,1.947324,-1.0,167452.0,171946.2,2126.99589488144,167692.20821023712,176200.1917897629,171117.94966324655,-604.2523250752711,-0.01189066181427561
2013-10-09,-0.077287,0.187271,-1.007699,0.449681,0.449681,0.573705,1.340507,2.051267,2.131001,1.835332,1.507882,0.0,168205.0,171789.45,2283.7619812148864,167221.92603757023,176356.9739624298,170840.52588579452,-757.5998697187752,0.0044867305803496975
2013-10-10,-1.557237,0.0,-1.661014,2.544514,2.544514,-1.633185,-1.238774,-0.610101,-0.331217,-0.593141,-0.93554,1.0,172485.0,171913.7,2248.6101461734283,167416.47970765317,176410.92029234685,170997.14246809977,-527.6858392290014,0.02512680255566202
2013-10-11,-0.766107,0.019009,-1.157225,0.649332,0.649332,-1.938078,-1.79557,-1.304878,-0.87486,-1.095291,-1.467988,1.0,173605.0,172086.2,2238.903034970554,167608.3939300589,176564.00606994113,171245.50985209027,-252.1955208768777,0.006472327486064835
2013-10-14,-1.259472,0.0,-1.406429,0.342732,0.342732,-1.728243,-1.913433,-1.616686,-1.164638,-1.310953,-1.667719,0.0,174200.0,172171.2,2287.189371489157,167596.8212570217,176745.57874297834,171526.8898661769,13.982882628391962,0.0034214607635997957
2013-10-15,1.192415,1.192415,-0.070382,-1.30884,-1.30884,0.094812,-0.560726,-0.334419,0.106009,0.031154,-0.287498,-1.0,171920.0,172102.25,2272.1373632262585,167557.9752735475,176646.5247264525,171564.32892654103,40.48752488891478,-0.013174812084147391
2013-10-16,-1.287799,0.130381,-1.315248,1.717078,1.717078,-0.83238,-2.046525,-1.959528,-1.587676,-1.576673,-1.844683,1.0,174872.0,172095.6,2263.372295352396,167568.8554092952,176622.3445907048,171879.3452192514,296.2790534418309,0.017025025393446105
2013-10-17,-0.42502,0.328606,-0.676609,0.236745,0.236745,-0.747008,-1.976028,-2.126962,-1.835486,-1.688509,-1.942521,0.0,175286.0,172068.65,2219.4111422675633,167629.82771546487,176507.47228453512,172203.78853170367,526.3347632375371,0.002364647918418437
2013-10-18,0.342075,0.513113,-0.078677,0.065037,0.065037,-0.606842,-1.77423,-2.069327,-1.887885,-1.632794,-1.857355,0.0,175400.0,172088.65,2248.824377664761,167591.00124467048,176586.2987553295,172508.18962392237,709.6737408468325,0.0006501542919628561
2013-10-21,0.15989,0.15989,-0.239836,-0.159635,-0.159635,-0.342851,-1.293684,-1.73344,-1.685873,-1.415669,-1.581658,0.0,175120.0,172167.7,2328.8533455895176,167509.99330882097,176825.40669117906,172756.9334692631,822.8917575966334,-0.0015976267234751916
2013-10-22,-0.079482,0.124901,-0.323606,0.582458,0.582458,-0.440786,-1.372034,-2.109004,-2.151868,-1.922039,-2.044643,1.0,176140.0,172349.7,2492.6614839734034,167364.3770320532,177335.02296794683,173079.13028171426,983.5851694934827,0.005807680162705847
2013-10-23,0.683849,0.882016,-0.083047,-0.874305,-0.874305,0.406186,-0.135853,-1.127224,-1.253551,-1.066254,-1.118423,-1.0,174600.0,172411.3,2534.030367865275,167343.23926426945,177479.36073573053,173223.97501678907,975.426615629287,-0.008781489971811607
2013-10-24,0.119986,0.518224,-0.044566,0.241123,0.241123,0.134384,-0.231172,-1.173612,-1.450483,-1.322607,-1.260649,0.0,175021.0,172482.35,2588.450588672738,167305.44882265452,177659.2511773455,173395.12025328533,991.5026590048801,0.002408323318588208
2013-10-25,-0.235985,0.102602,-0.360817,0.236543,0.236543,-0.097928,-0.362299,-1.228527,-1.591131,-1.545552,-1.393337,0.0,175435.0,172643.6,2669.766289791199,167304.06742041762,177983.1325795824,173589.3945148772,1025.8243151081551,0.0023626372074146335
2013-10-28,-0.028506,0.206956,-0.205815,-0.01995,-0.01995,-0.046066,-0.274002,-0.982858,-1.429247,-1.483466,-1.318548,0.0,175400.0,172893.1,2683.175218399223,167526.74956320156,178259.45043679845,173761.83313250795,1038.232173136581,-0.00019952399342202979
2013-10-29,-0.449455,0.067617,-0.479002,0.336944,0.336944,-0.398657,-0.377576,-0.991907,-1.619259,-1.734952,-1.598945,0.0,175991.0,173141.25,2730.6831008684435,167679.88379826312,178602.61620173688,173974.13473893574,1083.2670228951902,0.0033637774289244303
2013-10-30,1.059998,1.218883,0.0,-0.938116,-0.938116,0.514741,0.535333,0.180299,-0.606143,-0.782081,-0.679802,-1.0,174340.0,173283.25,2714.6386184808116,167853.9727630384,178712.5272369616,174008.9790495133,974.5021100520098,-0.00942544178357699
2013-10-31,0.726037,0.87055,-0.13064,-0.772055,-0.772055,1.062465,1.18507,0.979379,0.253882,-0.024116,0.038421,-1.0,172994.0,173433.2,2604.018869686665,168225.16226062668,178641.23773937335,173912.3143781311,770.8087782226794,-0.007750503768013121
2013-11-01,0.056607,0.507157,-0.37488,0.073991,0.073991,0.720532,0.978674,0.886119,0.248466,-0.076963,-0.071703,0.0,173122.0,173552.15,2527.8871825884,168496.3756348232,178607.9243651768,173837.0463421186,612.6466660689621,0.0007396364561899006
2013-11-04,0.964617,1.069214,-0.188275,-0.596689,-0.596689,0.940327,1.40869,1.409929,0.926759,0.561872,0.500051,-1.0,172089.0,173683.85,2366.669106682697,168950.51178663463,178417.18821336539,173670.56573810734,399.3441945403465,-0.005984763424565
2013-11-05,-0.002329,0.495476,-0.162442,-0.194667,-0.194667,0.643828,1.351118,1.601282,1.24885,0.774922,0.681595,0.0,171754.0,173898.95,1924.691868025119,170049.56626394976,177748.33373605026,173488.0356678114,200.9522958265734,-0.0019485643505719773
2013-11-06,0.380327,0.380327,-0.236326,0.271318,0.271318,0.125305,0.938683,1.223706,1.091453,0.518964,0.386947,0.0,172220.0,174099.7,1450.5195475741136,171198.66090485177,177000.73909514825,173367.2703661151,80.40078206706676,0.0027095087715494725
2013-11-07,0.941025,1.119294,-0.14846,-0.656137,-0.656137,0.564031,1.375592,1.728759,1.718365,1.208463,1.001072,-1.0,171090.0,174029.95,1561.5422361444616,170906.86552771108,177153.03447228894,173150.38747410412,-105.10710799600929,-0.006582995431461979
2013-11-08,-1.381054,0.326211,-1.744216,1.233854,1.233854,-0.652537,0.011028,0.404232,0.466943,0.031686,-0.210873,1.0,173201.0,174009.75,1569.9192696306993,170869.9114607386,177149.5885392614,173155.20771466565,-80.85138530473341,0.012263035947165516
2013-11-11,0.239214,0.293974,-0.288209,0.163971,0.163971,-0.654235,-0.263077,0.177037,0.281869,-0.03915,-0.315147,0.0,173485.0,173974.0,1573.4957729108532,170827.00845417829,177120.99154582171,173186.6165037451,-38.27096000179881,0.001638370534301628
2013-11-12,1.079954,1.096892,-0.099877,-1.310776,-1.310776,0.60183,0.782426,1.315648,1.593093,1.376337,1.012415,-1.0,171211.0,173938.55,1629.2072491019137,170680.13550179615,177196.96449820383,172998.46255100748,-185.87580103226355,-0.013194426338026826
2013-11-13,-0.695324,0.063898,-0.704037,0.548446,0.548446,0.044961,0.105489,0.668138,0.95989,0.915039,0.474025,0.0,172150.0,173802.45,1660.5187355319333,170481.41252893614,177123.48747106388,172917.65659376868,-224.4963938506553,0.005469475804535476
2013-11-14,-0.47369,0.046157,-0.669859,0.67964,0.67964,-0.373067,-0.551465,-0.076852,0.221642,0.253081,-0.14028,1.0,173320.0,173704.15,1625.9039032585958,170452.3421934828,176955.9578065172,172955.97501340974,-158.86299627131666,0.006773407087175936
2013-11-15,-0.458979,0.082042,-0.742972,0.565428,0.565428,-0.807114,-1.043029,-0.682081,-0.373408,-0.294641,-0.633716,1.0,174300.0,173649.15,1583.5725192374925,170482.004961525,176816.295038475,173083.977393085,-27.453775988105917,0.0056383556542665796
2013-11-18,0.455095,0.526437,-0.172602,-0.281124,-0.281124,-0.490075,-0.665037,-0.463073,-0.130228,-0.02253,-0.270065,0.0,173810.0,173583.65,1546.1838344776402,170491.28233104473,176676.01766895526,173153.1224032674,36.72671028494369,-0.0028152039505867027
2013-11-19,-0.138122,0.316529,-0.311924,-0.028767,-0.028767,-0.168048,-0.521006,-0.520028,-0.169976,0.048596,-0.120358,0.0,173760.0,173464.65,1425.998423081729,170612.65315383652,176316.64684616346,173210.92026962287,82.60342505399603,-0.00028771182981796256
2013-11-20,0.664425,0.743854,-0.357143,-0.736648,-0.736648,0.611085,0.232317,0.146336,0.509421,0.735598,0.703483,-1.0,172480.0,173358.65,1415.9199083430258,170526.81018331394,176190.48981668605,173141.30881537308,15.497108419483993,-0.007393749024938265
2013-11-21,-0.97411,0.068148,-1.444271,1.241303,1.241303,-0.473483,-0.794406,-1.019427,-0.734362,-0.514738,-0.490453,1.0,174621.0,173338.65,1393.8563421786337,170550.93731564272,176126.36268435727,173282.23178533753,133.53635198593838,0.012336623366511215
2013-11-22,-0.001144,0.60509,-0.085788,0.131141,0.131141,-0.540921,-0.830026,-1.083176,-0.881098,-0.657615,-0.597045,0.0,174850.0,173309.4,1353.091174428322,170603.21765114335,176015.58234885664,173431.5430438768,242.7632652988541,0.0013105524222412472
2013-11-25,1.364022,1.468458,-0.107322,-0.880183,-0.880183,0.284691,0.040563,-0.15779,-0.061191,0.182793,0.268554,-1.0,173311.0,173204.95,1260.6902234386246,170683.56955312277,175726.33044687725,173420.06275398377,202.80414307620958,-0.008840795057246456
2013-11-26,-0.766415,0.229353,-0.766415,0.882229,0.882229,-0.468771,-0.626744,-0.913254,-0.968085,-0.723061,-0.552639,1.0,174840.0,173147.4,1148.0539781918626,170851.29204361627,175443.50795638372,173555.29487265198,291.15749013170716,0.008783601542975283
2013-11-27,0.214746,0.435218,-0.38597,-0.12297,-0.12297,-0.100558,-0.362663,-0.699442,-0.837996,-0.600258,-0.434913,0.0,174625.0,173161.65,1165.2755840753543,170831.0988318493,175492.2011681507,173657.171551447,339.91116671211785,-0.0012304524179878543
2013-11-29,0.32618,0.389127,-0.273534,0.071582,0.071582,-0.157253,-0.352103,-0.630844,-0.858684,-0.677562,-0.516357,0.0,174750.0,173249.45,1216.9861165579366,170815.47776688414,175683.42223311588,173761.2504513092,384.2063701103034,0.0007155635367936872
2013-12-02,0.902047,1.115994,-0.113334,-1.035765,-1.035765,0.666821,0.612178,0.399098,0.173673,0.304244,0.47743,-1.0,172940.0,173240.35,1218.6685692094386,170803.01286158114,175677.68713841887,173683.0361226131,270.14470473726396,-0.010411667581635468
2013-12-03,0.051705,0.179514,-0.590248,-0.467792,-0.467792,1.002841,0.987504,0.818524,0.6457,0.6997,0.891782,0.0,172131.0,173242.45,1216.6146072736476,170809.22078545272,175675.6792145473,173535.2231585547,113.16596742521506,-0.0046888987032051655
2013-12-04,-1.412104,0.0,-1.412104,0.795324,0.795324,0.051412,0.175677,0.11097,-0.098127,-0.1523,0.044976,1.0,173500.0,173329.75,1165.7681847289898,170998.213630542,175661.286369458,173531.86857202568,98.09526477416512,0.007921784557834922
2013-12-05,-0.199422,0.231214,-0.289595,-0.288184,-0.288184,0.152717,0.49526,0.433064,0.21315,0.105295,0.303295,0.0,173000.0,173368.75,1139.4380828885955,171089.87383422282,175647.62616577718,173481.21442230896,45.28379956583376,-0.0028860048891349867
2013-12-06,-0.54876,0.034297,-0.637361,1.121387,1.121387,-0.936207,-0.600949,-0.618955,-0.788127,-0.960329,-0.810564,1.0,174940.0,173561.25,1056.385688886473,171448.47862222706,175674.02137777294,173620.14638208906,158.1490755471459,0.011151463493929814
2013-12-09,-0.24189,0.250427,-0.398406,0.434435,0.434435,-1.050541,-0.982527,-0.995712,-1.146158,-1.33004,-1.234585,0.0,175700.0,173686.2,1154.74502084131,171376.7099583174,175995.69004168262,173818.22767903298,305.40079803336994,0.004334937201342733
2013-12-10,1.166772,1.245749,-0.045541,-1.269209,-1.269209,0.375857,0.299533,0.263946,0.1242,-0.029769,-0.002018,-1.0,173470.0,173685.45,1154.8874392633786,171375.67512147326,175995.22487852676,173785.06313817267,239.3968678099336,-0.012773321419733965
2013-12-11,1.089553,1.159471,-0.068753,-1.060702,-1.060702,1.23405,1.187788,1.256113,1.209812,1.039096,0.985337,-1.0,171630.0,173706.4,1110.5884831688395,171485.2230336623,175927.57696633769,173579.81902977527,38.17559065128444,-0.010663676824770468
2013-12-12,0.006414,0.61516,-0.233236,-0.075744,-0.075744,1.13586,1.082274,1.294772,1.26758,1.098892,1.006686,0.0,171500.0,173673.9,1166.6286063966804,171340.64278720663,176007.15721279336,173381.74102693953,-130.2818269590498,-0.0007577303425525012
2013-12-13,0.233781,0.701344,-0.058445,-0.233236,-0.233236,0.923437,1.10526,1.394389,1.439451,1.335476,1.205922,0.0,171100.0,173562.9,1300.0550555143227,170962.78988897134,176163.01011102865,173164.4323577072,-292.6882729277131,-0.0023350857078468243
2013-12-16,0.225548,0.466288,-0.344165,0.022794,0.022794,0.367421,0.976984,1.226722,1.323982,1.264189,1.144236,0.0,171139.0,173404.85,1394.4457218022499,170615.95855639552,176193.7414436045,172971.53403792556,-413.4832004196651,0.00022791090535454085
2013-12-17,0.387278,0.42894,-0.026405,-0.420126,-0.420126,0.43293,1.302605,1.540703,1.652007,1.619481,1.538317,0.0,170420.0,173235.35,1540.9442858537338,170153.46142829253,176317.23857170748,172728.53079621837,-560.767166968406,-0.004210113403692405
2013-12-18,-2.088379,0.011478,-2.15208,2.247389,2.247389,-1.473859,-0.880976,-0.713725,-0.568235,-0.544344,-0.645739,1.0,174250.0,173259.85,1553.5685330367983,170152.7129339264,176366.9870660736,172873.43262514996,-364.2430135012837,0.022225071240823437
2013-12-19,-0.383054,0.115088,-0.647585,0.228981,0.228981,-1.338341,-1.013003,-0.939637,-0.733299,-0.714324,-0.826362,0.0,174649.0,173368.3,1571.8623248939557,170224.57535021208,176512.0246497879,173042.5342798976,-174.2911210298189,0.0022871958586270463
2013-12-20,-0.660592,0.0,-0.888383,0.544521,0.544521,-1.360137,-1.511503,-1.44385,-1.243024,-1.200091,-1.277847,0.0,175600.0,173417.25,1627.1961313867394,170162.85773722653,176671.64226277347,173286.1024437169,52.381058211642085,0.005430435701756029
2013-12-23,-0.5958,0.0,-0.762942,0.169704,0.169704,-0.98614,-1.667103,-1.498709,-1.380544,-1.331135,-1.39399,0.0,175898.0,173469.65,1691.3714545800926,170086.9070908398,176852.39290916017,173534.85459193433,253.14836607078905,0.0016956003812103094
2013-12-24,-0.063633,0.030112,-0.258508,0.063673,0.063673,-0.413954,-1.585364,-1.414465,-1.366627,-1.343924,-1.408916,0.0,176010.0,173604.6,1783.2257701615758,170038.14845967686,177171.05154032315,173770.58272603582,416.49428116189665,0.0006365300236514843
2013-12-26,-0.508762,0.0,-0.729226,0.505653,0.505653,-0.615376,-1.782589,-1.782325,-1.804635,-1.769271,-1.797739,0.0,176900.0,173707.6,1913.1024238682112,169881.39515226358,177533.80484773644,174068.62246641336,610.7226273881388,0.005043789559861482
2013-12-27,-0.248363,0.090314,-0.27207,0.146976,0.146976,-0.47776,-1.607248,-1.769925,-1.877201,-1.807767,-1.847595,0.0,177160.0,173834.35,2055.7414919144894,169722.86701617102,177945.832983829,174363.039374374,776.676771840197,0.001468677889257896
2013-12-30,0.299883,0.347887,-0.233807,-0.051366,-0.051366,-0.260689,-1.219581,-1.639286,-1.761291,-1.702003,-1.726577,0.0,177069.0,173950.3,2172.2053576467642,169605.88928470647,178294.7107152935,174620.74991014792,890.5875485836586,-0.0005137919368649255
2013-12-31,-0.505902,0.028106,-0.62226,0.469309,0.469309,-0.501518,-1.300956,-2.016301,-2.080776,-2.092591,-2.118175,0.0,177900.0,174198.3,2328.319816610427,169541.66036677914,178854.93963322084,174933.0594425148,1035.9753360768373,0.004682107553657047
2014-01-02,0.669238,0.834846,-0.114564,-0.888139,-0.888139,0.42525,-0.081897,-1.030513,-1.084534,-1.146983,-1.193606,-1.0,176320.0,174407.75,2320.9671957362752,169765.81560852745,179049.68439147255,175065.14901941814,1012.0372740150779,-0.008921068707239771
2014-01-03,-0.022117,0.416251,-0.12703,0.009074,0.009074,0.352169,0.027334,-0.861575,-1.013094,-1.122017,-1.153877,0.0,176336.0,174549.55,2349.05220472555,169851.4455905489,179247.6544094511,175186.1824461402,983.0255470548291,9.073998463641396e-05
2014-01-06,1.272206,1.546705,0.0,-1.041194,-1.041194,1.103152,1.071232,0.296122,0.071375,-0.084539,-0.075282,-1.0,174500.0,174624.55,2320.749980297804,169983.0500394044,179266.04996059558,175120.83173698402,802.631452746311,-0.010466524306704268
2014-01-07,0.225609,0.737679,-0.111944,-0.174785,-0.174785,0.950199,1.167542,0.590182,0.225207,0.07766,0.091526,0.0,174195.0,174587.3,2321.3991039887214,169944.50179202255,179230.09820797743,175032.6572858427,627.8197668607754,-0.001749380276651056
2014-01-08,0.667113,0.667113,-0.17428,-0.522977,-0.522977,0.948154,1.548556,1.201534,0.682406,0.611736,0.58761,-1.0,173284.0,174466.5,2323.310013978399,169819.8799720432,179113.1200279568,174866.11849671483,411.0320384107472,-0.005243494353728233
2014-01-09,0.459631,0.489694,-0.205822,-0.184091,-0.184091,0.746394,1.559795,1.486274,0.853496,0.816581,0.766456,0.0,172965.0,174441.25,2337.4114984652533,169766.4270030695,179116.0729969305,174685.05959226578,211.05268377426546,-0.0018426051209133466
2014-01-10,0.61435,0.61435,-0.497856,-0.245714,-0.245714,0.554538,1.557262,1.670183,1.128289,1.042657,0.970229,0.0,172540.0,174486.75,2288.145396442899,169910.4592071142,179063.0407928858,174480.76820252617,18.065409528877353,-0.0024601682427565015
2014-01-13,1.174419,1.17793,-0.083678,-0.954561,-0.954561,1.101508,2.169311,2.503516,2.085164,1.967149,1.870547,-1.0,170893.0,174456.4,2333.4243957167323,169789.55120856653,179123.24879143346,174139.0759927618,-264.72593535884516,-0.009591463991267823
2014-01-14,-0.597388,0.033672,-1.003193,0.794064,0.794064,0.079187,1.084644,1.566328,1.314311,1.101376,1.019623,1.0,172250.0,174513.9,2259.356846072439,169995.18630785513,179032.61369214486,173959.16399345113,-375.01857382807066,0.007909280236602999
2014-01-15,-0.567184,0.037428,-0.927072,0.82148,0.82148,-0.692367,0.017159,0.653058,0.561541,0.230743,0.210443,1.0,173665.0,174640.2,2127.5241503978145,170385.15169920438,178895.24830079565,173931.14837502723,-344.27897634578403,0.008181246216455834
2014-01-16,0.652301,0.709602,-0.233833,-0.513633,-0.513633,-0.201883,0.328234,1.04781,1.14882,0.732082,0.740201,-1.0,172773.0,174757.85,1938.533609526219,170880.78278094757,178634.91721905244,173820.84852978654,-387.4285341434879,-0.005149561948571376
2014-01-17,0.40615,0.529736,-0.143893,-0.24483,-0.24483,0.021004,0.343197,1.119814,1.34195,0.99602,0.965206,0.0,172350.0,174662.85,2009.9707846789156,170642.9084306422,178682.79156935783,173680.76771742592,-450.56361749899224,-0.0024513011987778535
2014-01-21,0.26087,0.347826,-0.59942,0.087032,0.087032,0.120348,0.14,0.851787,1.191536,0.931386,0.867749,0.0,172500.0,174555.4,2067.3716697904792,170420.65666041904,178690.14333958094,173568.31364909964,-482.9279863103293,0.0008699435085400354
2014-01-22,0.118569,0.523439,-0.182192,0.228986,0.228986,-0.033778,-0.163972,0.460434,0.882125,0.742323,0.597877,0.0,172895.0,174420.15,2083.852385796352,170252.44522840728,178587.8547715927,173504.18853966158,-471.2712611760653,0.0022872373497127936
2014-01-23,1.186072,1.186072,-0.182021,-1.495127,-1.495127,1.089543,1.176737,1.688137,2.249281,2.251941,2.019279,-1.0,170310.0,174140.75,2243.756011573769,169653.23797685246,178628.26202314754,173199.98010731288,-662.9787128665776,-0.0150641679703827
2014-01-24,0.697923,0.890208,-0.051039,-1.062768,-1.062768,1.668249,1.998576,2.471058,3.124777,3.304736,3.016835,-1.0,168500.0,173765.25,2525.223697751161,168714.80260449767,178815.69739550233,172752.36295423546,-950.0090101982641,-0.010684556058328137
2014-01-27,-0.035075,0.45895,-0.343618,-0.172107,-0.172107,1.351287,1.917009,2.325664,3.04426,3.339207,3.126667,0.0,168210.0,173330.75,2699.09029265319,167932.56941469363,178728.93058530637,172319.756958594,-1187.1978869088925,-0.0017225509887255116
2014-01-28,-0.095738,0.300215,-0.367586,0.595684,0.595684,0.362504,1.214157,1.511398,2.199223,2.598752,2.470924,1.0,169212.0,172933.35,2690.7159148097667,167551.91817038046,178314.78182961955,172023.78010539457,-1279.5686833413492,0.005939167839402421
2014-01-29,-0.006519,0.089483,-0.443265,-0.274212,-0.274212,0.146965,1.284934,1.575327,2.233686,2.718444,2.706225,0.0,168748.0,172517.3,2660.7348826573425,167195.8302346853,177838.76976531468,171711.80104773797,-1374.3712311634154,-0.002745888812539789
2014-01-30,-0.733353,0.028747,-1.36697,1.008605,1.008605,-0.836609,0.084952,0.45022,0.994309,1.564916,1.667195,1.0,170450.0,172144.8,2373.49217731798,167397.81564536403,176891.78435463595,171591.629519382,-1297.2123016090482,0.010035520753358593
2014-01-31,-0.881359,0.067252,-1.104943,-0.550895,-0.550895,-0.168013,0.446933,0.870819,1.352921,1.974173,2.212501,-1.0,169511.0,171804.35,2226.8968325074698,167350.55633498507,176258.14366501494,171393.4743270599,-1296.8830855581036,-0.00552417711394825
2014-02-03,2.622455,2.622455,-0.456842,-2.504852,-2.504852,2.04048,2.598917,3.168931,3.621941,4.312492,4.657328,-1.0,165265.0,171250.8,2409.6430746832043,166431.51385063358,176070.0861493664,170809.81010543514,-1620.5581090445921,-0.02536757529941177
2014-02-04,0.535746,0.735968,-0.192335,-0.27108,-0.27108,1.784525,2.411644,3.203593,3.609852,4.296474,4.742957,0.0,164817.0,170766.65,2680.0399893914328,165406.57002121714,176126.72997878285,170239.0662858699,-1891.4196447215218,-0.002714478675521141
2014-02-05,0.655188,0.655188,-0.632028,-0.450196,-0.450196,1.67521,2.337224,3.338148,3.770014,4.451355,4.982498,0.0,164075.0,170260.65,2941.2989302974456,164378.0521394051,176143.24786059489,169652.01235388228,-2141.2693419644493,-0.004512127135244482
2014-02-06,-0.421687,0.096386,-0.698795,1.173244,1.173244,-0.04,0.890843,1.831968,2.347259,2.953349,3.566325,1.0,166000.0,169896.45,2997.6588141064362,163901.13237178713,175891.7676282129,169304.20165351254,-2159.0573458788276,0.011664147996756878
2014-02-07,-1.352583,0.092302,-1.352583,1.813253,1.813253,-1.879534,-0.875806,-0.130051,0.407491,0.946784,1.583792,1.0,169010.0,169698.7,2913.858919028264,163870.98216194348,175526.41783805654,169276.1824484161,-1908.275213949877,0.01797009641359351
2014-02-10,0.342952,0.593661,-0.662252,0.065085,0.065085,-1.487465,-0.886471,-0.322335,0.241071,0.710454,1.364376,0.0,169120.0,169527.7,2837.697270675748,163852.3054586485,175203.09454135151,169261.30792951933,-1681.2718317953113,0.0006506373517908633
2014-02-11,-0.961792,0.269771,-1.040964,0.824858,0.824858,-1.625077,-1.620913,-1.215416,-0.590095,-0.20695,0.405204,1.0,170515.0,169508.8,2829.3719146799235,163850.05617064013,175167.54382935984,169380.70717432702,-1372.9783348730707,0.00821474727152461
2014-02-12,0.446691,0.752322,-0.14106,-0.219922,-0.219922,-0.69531,-1.322264,-1.105638,-0.432996,-0.082332,0.490753,0.0,170140.0,169403.3,2760.274530587698,163882.75093882458,174923.8490611754,169453.02077677206,-1145.7058989952784,-0.0022016418457138013
2014-02-13,-1.42955,0.000581,-1.710583,1.223698,1.223698,-1.173253,-2.412293,-2.227164,-1.67856,-1.314908,-0.833982,1.0,172222.0,169331.15,2660.056039674944,164011.0379206501,174651.2620793499,169716.73308374613,-788.5015016666148,0.012162714705921507
2014-02-14,-0.263883,0.816587,-0.46513,0.117871,0.117871,-0.89349,-2.358185,-2.190518,-1.804408,-1.443619,-1.026031,0.0,172425.0,169313.75,2637.398895542945,164038.9522089141,174588.5477910859,169974.6632662465,-483.46100231606397,0.0011780170636951093
2014-02-18,0.41035,0.41035,-0.264667,-0.077135,-0.077135,-0.448773,-1.874956,-1.957065,-1.730289,-1.373296,-1.027867,0.0,172292.0,169310.85,2633.9142030347134,164043.02159393058,174578.67840606943,170195.36200279443,-249.5693176132918,-0.0007716475056318701
2014-02-19,1.187676,1.238241,0.0,-1.283867,-1.283867,0.794802,-0.289334,-0.64793,-0.523371,-0.109713,0.172703,-1.0,170080.0,169189.85,2533.3633827281888,164123.12323454363,174256.57676545638,170184.37514538542,-239.93259236056474,-0.012921797218085179
2014-02-20,0.091849,0.322649,-0.637644,-0.138758,-0.138758,0.900002,0.188879,-0.46686,-0.474965,-0.027578,0.226502,0.0,169844.0,169037.3,2386.0892492243097,164265.12150155136,173809.47849844862,170151.95846487253,-248.4743877624278,-0.0013885458980155013
2014-02-21,-0.070538,0.573125,-0.148719,0.162502,0.162502,0.489184,0.268516,-0.641273,-0.642017,-0.273125,0.001901,0.0,170120.0,169027.8,2381.1284940682713,164265.54301186345,173790.05698813652,170148.91480155135,-230.3179666355427,0.0016237016898103954
2014-02-24,0.129407,0.629978,-0.015294,-0.067012,-0.067012,0.27199,0.394339,-0.555235,-0.531099,-0.271355,0.010941,0.0,170006.0,169103.1,2387.36350725861,164328.3729854828,173877.8270145172,170135.30386807024,-222.56216128959204,-0.0006703398403466303
2014-02-25,-0.656041,0.304005,-0.820637,0.420573,0.420573,-0.332004,0.067654,-0.758665,-0.874146,-0.727198,-0.443433,0.0,170721.0,169228.65,2403.8927043882704,164420.86459122345,174036.43540877654,170191.08445206357,-156.91231765627163,0.00419691453571922
2014-02-26,0.191819,0.503892,-0.330844,-0.145266,-0.145266,-0.140902,0.210767,-0.393102,-0.692954,-0.63034,-0.306813,0.0,170473.0,169291.7,2419.9165514104175,164451.86689717916,174131.53310282086,170217.93355186706,-123.47255620386568,-0.0014537186684104367
2014-02-27,-1.120363,0.039597,-1.176265,0.73736,0.73736,-0.652187,-0.430152,-0.825016,-1.333023,-1.384825,-1.046624,1.0,171730.0,169440.8,2475.87312828606,164489.05374342788,174392.5462565721,170361.93988026067,4.40728603041498,0.007346549583376015
2014-02-28,-1.006286,0.005181,-1.254404,1.151808,1.151808,-1.370346,-1.478401,-1.658492,-2.362758,-2.429502,-2.172573,1.0,173708.0,169603.7,2647.0320042605235,164309.63599147898,174897.76400852104,170680.6122726168,262.3369939230033,0.011452252609837744
2014-03-03,-0.229226,0.284814,-0.997708,0.455938,0.455938,-1.302923,-1.806648,-1.895091,-2.662951,-2.734808,-2.583591,0.0,174500.0,169853.15,2864.0185657110046,164125.112868578,175581.187131422,171044.36348474852,524.6085657029762,0.004549013036873599
2014-03-04,-1.313564,0.0,-1.313564,1.999427,1.999427,-2.420936,-3.411391,-3.485983,-4.213547,-4.421667,-4.387575,1.0,177989.0,170489.35,3186.2812059961925,164116.78758800763,176861.91241199238,171705.75743858202,1002.438332018326,0.019797008987234552
2014-03-05,-0.652655,0.053175,-0.708628,0.37418,0.37418,-1.868741,-3.291484,-3.542022,-4.183342,-4.566544,-4.629164,0.0,178655.0,171181.25,3385.9084433638072,164409.4331132724,177953.0668867276,172367.59006347897,1418.5107890229847,0.003734821133472875
2014-03-06,-1.496363,0.021408,-1.74283,1.970278,1.970278,-2.618142,-4.483217,-4.965372,-5.537944,-6.115702,-6.302127,1.0,182175.0,172086.25,3782.2744045154463,164521.70119096912,179650.79880903088,173301.62910505242,2009.1258389380819,0.019511191793156697
2014-03-07,-0.311799,0.317241,-0.776506,0.87663,0.87663,-2.369131,-4.570392,-5.372237,-5.875297,-6.641599,-6.872193,1.0,183772.0,172974.85,4325.740025219887,164323.36994956023,181626.33005043978,174298.80728552362,2576.3584183423372,0.008728095260944698
2014-03-10,-1.28809,0.0,-1.501609,1.430033,1.430033,-2.468777,-5.03632,-6.206545,-6.735864,-7.595408,-7.865075,1.0,186400.0,173844.35,5155.081910370705,163534.1861792586,184154.5138207414,175451.30182975947,3201.052223649487,0.014199043434200205
2014-03-11,-0.094067,0.207909,-0.636555,0.376073,0.376073,-1.860172,-4.516651,-6.03029,-6.604775,-7.474786,-7.873715,0.0,187101.0,174743.4,5813.668054905707,163116.06389018858,186370.7361098114,176560.79689359188,3709.9256924952497,0.003753675749705625
2014-03-12,-0.666844,0.043675,-0.929427,0.346871,0.346871,-1.230573,-3.926498,-5.727688,-6.468628,-7.306035,-7.863045,0.0,187750.0,175605.15,6401.545884640466,162802.05823071906,188408.24176928092,177626.43528467836,4118.109456491249,0.0034627126430475533
2014-03-13,1.292059,1.669987,-0.267026,-1.065246,-1.065246,0.21782,-2.137281,-4.141768,-5.041373,-5.841227,-6.565886,-1.0,185750.0,176385.65,6647.051251851162,163091.54749629766,189679.75250370233,178400.10811470897,4231.43736894973,-0.01070960704637554
2014-03-14,1.068748,1.439682,-0.2404,-1.017497,-1.017497,1.257587,-0.579136,-2.658182,-3.748749,-4.48476,-5.362305,-1.0,183860.0,176967.55,6771.61370393072,163424.32259213855,190510.77740786143,178920.09781807,4121.236304705526,-0.010227085162259961
2014-03-17,-0.378276,0.399892,-0.378276,0.647232,0.647232,0.460524,-0.648365,-2.742178,-4.026587,-4.752272,-5.690984,1.0,185050.0,177598.8,6912.848438729231,163773.10312254154,191424.49687745844,179503.89802587286,4082.8595585916482,0.006451460396556314
2014-03-18,0.292113,0.292113,-0.54095,-0.102675,-0.102675,0.321324,-0.174565,-2.132316,-3.588013,-4.313794,-5.240723,0.0,184860.0,178227.2,6976.000834439758,164275.19833112048,192179.20166887954,180014.00297578974,3991.1072981480975,-0.0010272769955334735
2014-03-19,0.543892,0.886,-0.596106,-0.54095,-0.54095,0.443816,0.651474,-1.114616,-2.688894,-3.503035,-4.38009,-1.0,183860.0,178916.2,6807.442959151703,165301.31408169662,192531.0859183034,180380.2884066669,3793.9668399869115,-0.005424183401022942
2014-03-20,-1.362174,0.108288,-1.559987,1.457631,1.457631,-0.914549,-0.560577,-2.006004,-3.639434,-4.537729,-5.352418,1.0,186540.0,179751.0,6658.44934532127,166434.10130935747,193067.89869064253,180966.92760603197,3810.065149518923,0.014471094863108885
2014-03-21,0.039925,0.39819,-0.3391,0.702262,0.702262,-1.180729,-1.036944,-2.18749,-3.8395,-4.870673,-5.624736,1.0,187850.0,180637.5,6486.76385540495,167663.9722891901,193611.0277108099,181622.4583102194,3883.759663830133,0.006998078721260364
2014-03-24,0.800986,0.997212,-0.27879,-0.708012,-0.708012,-0.318465,-0.324845,-1.060405,-2.71113,-3.890071,-4.638859,-1.0,186520.0,181463.2,6101.869451241849,169259.46109751632,193666.9389024837,182088.89085210327,3791.141295682726,-0.007105300079857833
2014-03-25,0.5681,0.5681,-0.405173,0.035921,0.035921,-0.169144,-0.388184,-0.788729,-2.320901,-3.61813,-4.361058,0.0,186587.0,182256.5,5646.122903559897,170964.2541928802,193548.7458071198,182517.28219952201,3680.7178870693897,0.00035914630773575313
2014-03-26,1.436003,1.588815,-0.015173,-1.097075,-1.097075,1.011922,0.542809,0.524367,-0.856264,-2.235591,-3.046855,-1.0,184540.0,182959.85,4931.983953051367,173095.88209389726,192823.81790610275,182709.92199004375,3388.9648702120176,-0.011031376097446083
2014-03-27,-0.134989,0.288877,-0.599352,0.357646,0.357646,0.507235,0.154806,0.275018,-0.845923,-2.252333,-3.12131,0.0,185200.0,183633.35,4180.163334443978,175273.02333111205,191993.67666888796,182947.07227670625,3174.4123371161986,0.003570080061669226
2014-03-28,0.351609,0.693496,-1.160687,-0.027538,-0.027538,0.243156,0.252013,0.352221,-0.509644,-1.900718,-2.861893,0.0,185149.0,184205.4,3473.5189407252524,177258.3621185495,191152.4378814505,183156.7796789247,2966.071607914462,-0.0002754158932378707
2014-03-31,-0.717908,0.026688,-0.717908,1.188772,1.188772,-0.845903,-0.802989,-0.792919,-1.335522,-2.682893,-3.737532,1.0,187350.0,184847.9,2682.0940149929834,179483.71197001403,190212.08802998596,183556.1339952176,2944.6186536063906,0.011817618920855205
2014-04-01,0.153301,0.420377,-0.322627,-0.073125,-0.073125,-0.706468,-0.604712,-0.716332,-1.01697,-2.259309,-3.40142,0.0,187213.0,185309.1,2188.17417039822,180932.75165920355,189685.44834079646,183904.406948054,2883.32510075983,-0.000731519162914026
2014-04-02,-0.031592,0.278969,-0.251661,-0.242505,-0.242505,-0.227459,-0.207861,-0.510355,-0.559384,-1.672894,-2.868902,0.0,186759.0,185714.3,1547.7562741621762,182618.78745167563,188809.81254832435,184176.27295300123,2766.2281564981386,-0.0024279904540055884
2014-04-03,0.172315,0.395626,-0.199692,-0.252732,-0.252732,0.142039,0.031403,-0.239058,-0.197062,-1.111189,-2.328575,0.0,186287.0,185919.9,1307.2943895888325,183305.31122082233,188534.48877917766,184377.29457652493,2605.3091471022926,-0.0025305203748186046
2014-04-04,0.517892,1.169295,-0.006999,-0.286654,-0.286654,0.494958,0.20608,0.115673,0.143174,-0.567528,-1.767257,0.0,185753.0,186018.95,1207.2046211666877,183604.54075766663,188433.3592423334,184508.3141406654,2406.9445768109,-0.002870661040269108
2014-04-07,0.352463,0.775853,-0.047103,-0.566882,-0.566882,0.780942,0.678831,0.673813,0.668083,0.220249,-0.942032,-1.0,184700.0,185933.95,1238.4082939924874,183457.13341201504,188410.76658798498,184526.5699367925,2140.1011718611117,-0.005684947002494769
2014-04-08,0.032496,0.593046,-0.430568,-0.032485,-0.032485,0.534987,0.606098,0.698585,0.634153,0.396902,-0.658561,0.0,184640.0,185810.9,1238.6096152320147,183333.68076953597,188288.119230464,184537.37279995513,1901.8608839732478,-0.00032490388545956453
2014-04-09,-0.267352,0.120497,-0.590112,0.680784,0.680784,-0.237551,-0.001183,0.090731,-0.096155,-0.126134,-1.05372,1.0,185897.0,185718.25,1152.218586488902,183413.8128270222,188022.6871729778,184666.86110472132,1793.8052637309593,0.006784773569003931
2014-04-10,1.580135,1.953087,-0.000545,-1.342141,-1.342141,0.805008,1.261164,1.338299,1.198924,1.25931,0.504484,-1.0,183402.0,185600.85,1263.0976240546931,183074.65475189063,188127.04524810938,184546.3981423669,1489.6727377436182,-0.013512292000425712
2014-04-11,0.131868,0.534037,-0.281245,-0.350596,-0.350596,0.832025,1.486657,1.509128,1.52485,1.593399,1.023169,0.0,182759.0,185545.8,1363.0044059078466,182819.7911881843,188271.8088118157,184376.16974785578,1183.1224938761152,-0.0035121198650294523
2014-04-14,0.157195,0.266358,-0.778879,0.247867,0.247867,0.420278,1.009868,1.137771,1.223664,1.272602,0.931889,0.0,183212.0,185453.9,1456.9205411263176,182540.05891774734,188367.74108225264,184265.29643853617,965.6016761009523,0.0024756072549782003
2014-04-15,-0.937298,0.123896,-1.306292,1.325241,1.325241,-0.785391,-0.395981,-0.219026,-0.079239,-0.08343,-0.250826,1.0,185640.0,185492.9,1450.6119906323397,182591.6760187353,188394.12398126468,184396.22058724702,977.861984954041,0.01316536209471334
2014-04-16,-1.428798,0.044468,-1.428798,1.756087,1.756087,-2.179672,-2.001588,-1.787154,-1.670249,-1.78342,-1.791495,1.0,188900.0,185744.9,1583.6851727264584,182577.52965454708,188912.2703454529,184825.15195989015,1236.3808937711292,0.017408460134488744
2014-04-17,-0.922686,0.454786,-1.107853,0.920593,0.920593,-2.312748,-2.66724,-2.492844,-2.459701,-2.576766,-2.539354,1.0,190639.0,185949.85,1921.2531073831392,182107.34378523374,189792.35621476627,185378.85177323394,1563.558034368296,0.009163812780385553
2014-04-21,1.051815,1.051815,-0.043276,-0.606906,-0.606906,-1.006639,-1.876115,-1.745003,-1.821044,-1.863206,-1.843799,-1.0,189482.0,186031.45,2037.3537913309017,181956.74241733822,190106.1575826618,185769.6277948307,1709.7787794587493,-0.006087554084288801
2014-04-22,-0.640206,0.163066,-0.961095,0.65336,0.65336,-0.861892,-2.19741,-2.264996,-2.348233,-2.381313,-2.405446,1.0,190720.0,186241.45,2291.0261887124148,181659.39762257517,190823.50237742485,186241.09181437065,1903.612368581351,0.006512350673424243
2014-04-23,0.353774,0.566038,-0.366876,0.041946,0.041946,-0.362579,-1.915566,-2.180643,-2.278774,-2.297715,-2.381744,0.0,190800.0,186452.1,2507.889905666719,181436.32018866658,191467.87981133343,186675.27354633537,2040.1644698189048,0.0004193751372011637
2014-04-24,0.524934,0.699738,-0.28084,-0.157233,-0.157233,-0.03769,-1.519475,-1.895678,-1.968451,-2.00443,-2.179895,0.0,190500.0,186750.1,2620.305444227869,181509.48911154427,191990.71088845574,187039.53320858913,2099.9683728418895,-0.001573564447430552
2014-04-25,-0.108031,0.329862,-0.402756,0.097638,0.097638,-0.130267,-1.233546,-1.837576,-1.920225,-2.013048,-2.189026,0.0,190686.0,187024.4,2734.1668681986853,181556.0662636026,192492.73373639738,187386.81576015207,2137.7296259471623,0.0009759016058404021
2014-04-28,0.521944,0.521944,-1.044932,0.374438,0.374438,-0.302403,-1.150522,-2.007071,-2.122806,-2.304389,-2.422588,0.0,191400.0,187336.95,2862.7618331176864,181611.42633376463,193062.4736662354,187769.02378299471,2199.9103270872147,0.0037373828462577345
2014-04-29,-0.527149,0.287206,-0.527149,0.598224,0.598224,-0.705705,-1.253629,-2.318177,-2.569945,-2.760186,-2.873095,1.0,192545.0,187596.7,3090.6217582598115,181415.45648348038,193777.94351651965,188223.87866080474,2314.8962288113253,0.0059644136236827105
2014-04-30,-0.246281,0.265942,-0.400983,0.379132,0.379132,-0.824628,-1.231561,-2.389273,-2.781115,-2.989047,-3.094813,0.0,193275.0,187899.8,3338.337020606999,181223.125958786,194576.47404121398,188704.93783596618,2436.8379326828,0.0037841525640018568
2014-05-01,-0.09665,0.164356,-0.652257,0.107101,0.107101,-0.622487,-1.100412,-2.232352,-2.711389,-2.907971,-3.03272,0.0,193482.0,188235.95,3549.239970160756,181137.4700596785,195334.4299403215,189159.8961373027,2521.118892323604,0.0010704396805527666
2014-05-02,0.918052,1.183324,-0.237705,-0.634168,-0.634168,0.174976,-0.385166,-1.301397,-1.935268,-2.141531,-2.314773,-1.0,192255.0,188534.35,3626.7898561294537,181280.7702877411,195787.92971225892,189454.66793375008,2460.539941702329,-0.006361869037194091
2014-05-05,0.005269,0.626482,-0.311924,-1.282151,-1.282151,1.306391,0.924864,0.227479,-0.555245,-0.772728,-1.011961,-1.0,189790.0,188736.2,3575.8279806732266,181584.54403865355,195887.85596134647,189486.60432101198,2188.3992830480274,-0.012904418101068724
2014-05-06,0.921681,1.051901,-0.6004,-1.272459,-1.272459,2.060254,2.047125,1.667387,0.797839,0.506706,0.279066,-1.0,187375.0,188869.95,3465.229869719629,181939.49026056076,195800.40973943926,189285.49914758228,1757.5950714749924,-0.012806241326066531
2014-05-07,-1.475333,1.628818,-1.539024,2.228152,2.228152,-0.344349,-0.137927,-0.342852,-1.218768,-1.593359,-1.820238,1.0,191550.0,189215.45,3364.2965085386677,182486.85698292268,195944.04301707735,189501.16589543156,1733.0892638725345,0.02203691472389614
2014-05-08,0.6707,0.6707,-0.286691,-0.756983,-0.756983,0.059968,0.602735,0.459372,-0.354761,-0.772457,-0.973873,-1.0,190100.0,189425.6,3276.2172249806877,182873.16555003863,195978.0344499614,189558.19771491428,1578.4697363905143,-0.007598621652274487
2014-05-09,-0.724528,0.07963,-1.010567,0.411888,0.411888,-0.494229,0.200385,0.055811,-0.567547,-1.083177,-1.280837,0.0,190883.0,189799.65,2964.5304638423822,183870.58907231523,195728.71092768476,189684.36936111294,1501.8023603132751,0.00411042541235372
2014-05-12,0.620046,0.63051,-0.357376,0.12154,0.12154,-0.476362,0.063836,-0.008686,-0.469639,-1.091029,-1.296619,0.0,191115.0,190217.45,2467.1380494937725,185283.17390101246,195151.72609898756,189820.6198981498,1443.1278934685688,0.0012146661947165694
2014-05-13,-0.169946,0.0,-0.578649,0.372027,0.372027,-0.381179,-0.344531,-0.340864,-0.61402,-1.30904,-1.584683,0.0,191826.0,190648.15,1855.9957825203992,186936.1584349592,194360.1415650408,190011.6084792784,1437.4299163854448,0.003713370033529954
2014-05-14,-0.114931,0.250757,-0.114931,-0.21165,-0.21165,-0.183471,-0.23007,-0.107895,-0.252246,-0.95804,-1.302685,0.0,191420.0,190937.15,1438.0808217887486,188060.9883564225,193813.3116435775,190145.7410050614,1384.1972572304949,-0.002118744367223447
2014-05-15,0.786287,0.786287,-0.181126,-1.070421,-1.070421,0.819555,0.632357,0.933195,0.839463,0.186977,-0.1888,-1.0,189371.0,190960.7,1406.473870132332,188147.75225973534,193773.64774026469,190071.95614743652,1163.2634387218277,-0.01076191283941296
2014-05-16,0.09989,0.09989,-0.814889,0.443046,0.443046,0.304085,0.080963,0.471304,0.383392,-0.111771,-0.560311,0.0,190210.0,190939.25,1414.8844801261575,188109.48103974768,193769.01896025232,190085.103181014,1043.8393536939984,0.004420671036402116
2014-05-19,-0.210084,0.181723,-0.58666,0.09989,0.09989,0.128887,0.01313,0.336029,0.307327,-0.050924,-0.578186,0.0,190400.0,190985.15,1379.5716449973895,188226.00671000523,193744.29328999476,190115.09335425077,953.5345650973031,0.0009983973925153753
2014-05-20,0.712998,0.712998,-0.283297,-0.629727,-0.629727,0.485938,0.743442,0.854048,0.902849,0.709087,0.131166,-1.0,189201.0,190909.2,1435.6120865869402,188037.97582682612,193780.4241731739,190028.0368443221,776.2697356828721,-0.0063171803411925884
2014-05-21,-0.250559,0.205817,-0.275299,0.409089,0.409089,-0.075589,0.250086,0.327341,0.470036,0.390051,-0.183182,0.0,189975.0,190867.95,1450.6882749402973,187966.5734501194,193769.3265498806,190022.9857162914,690.2842455640493,0.004082542539776302
2014-05-22,-0.455035,0.106017,-0.455035,0.294776,0.294776,-0.247094,-0.021728,-0.070643,0.175663,0.12932,-0.395413,0.0,190535.0,190869.7,1450.2420886824714,187969.21582263507,193770.18417736495,190071.7489814065,659.722573869105,0.002943420169283152
2014-05-23,0.287059,0.41797,-0.272863,-0.173197,-0.173197,-0.074551,0.116085,0.030879,0.336821,0.293914,-0.10338,0.0,190205.0,190845.65,1457.419358605729,187930.81128278855,193760.48871721144,190084.43955460587,601.9352518987434,-0.0017334668415976396
2014-05-27,-0.083638,0.182436,-0.183481,0.575695,0.575695,-0.552431,-0.447308,-0.489075,-0.24012,-0.242154,-0.526363,1.0,191300.0,190840.65,1455.5878275393902,187929.4743449212,193751.82565507878,190200.20721607195,637.151050903165,0.005740438562673032
2014-05-28,-0.039717,0.232028,-0.186041,0.029273,0.029273,-0.356299,-0.501003,-0.379502,-0.300383,-0.258053,-0.41361,0.0,191356.0,190781.2,1405.741482558624,187969.71703488275,193592.68296511727,190310.28271930318,661.9480324490869,0.000292691087555285
2014-05-29,-0.642226,0.0,-0.863235,0.493321,0.493321,-0.60364,-0.943682,-0.842538,-0.815159,-0.716485,-0.787034,0.0,192300.0,190732.45,1329.54794355344,188073.35411289314,193391.54588710688,190499.77960317908,749.1371429770952,0.004921085060971554
2014-05-30,-0.182292,0.520833,-0.182292,-0.156006,-0.156006,-0.295729,-0.651979,-0.621632,-0.698776,-0.530104,-0.578194,0.0,192000.0,190658.35,1203.5714080216417,188251.20718395672,193065.4928160433,190642.65773620966,784.9789003084006,-0.0015612805669524645
2014-06-02,0.287878,0.403655,-0.314475,-0.13125,-0.13125,-0.003755,-0.441204,-0.460952,-0.581492,-0.377224,-0.428253,0.0,191748.0,190633.0,1173.1265467687263,188286.74690646253,192979.25309353747,190747.92842799923,784.0118566185702,-0.0013133620825298252
2014-06-03,0.30617,0.638073,-0.218993,-0.69414,-0.69414,0.602467,0.255597,0.21038,0.129899,0.298482,0.284113,-1.0,190417.0,190664.35,1157.6892263183195,188348.97154736336,192979.72845263666,190716.41143485642,668.1429550767643,-0.006965605859433251
2014-06-04,-0.021492,0.309804,-0.232222,0.183282,0.183282,0.356562,0.15422,-0.009995,0.035593,0.077687,0.101451,0.0,190766.0,190833.9,860.8504913268487,189112.19901734628,192555.6009826537,190721.13415534628,597.5887677710562,0.0018311419843947258
2014-06-05,-0.770432,0.108798,-0.770432,0.699286,0.699286,-0.361166,-0.430661,-0.680757,-0.644768,-0.641749,-0.571126,1.0,192100.0,190861.4,893.1108494863905,189075.17830102722,192647.62169897277,190852.45471197998,641.9170966025267,0.006968523704297631
2014-06-06,-0.266985,0.006739,-0.391405,0.413847,0.413847,-0.679022,-0.718681,-0.968299,-0.981804,-1.063418,-0.939527,0.0,192895.0,191001.15,981.9553679946082,189037.23926401077,192965.06073598922,191046.98283464857,732.7507776345883,0.0041299296353501285
2014-06-09,0.460095,0.500737,-0.247503,-0.507012,-0.507012,-0.155275,-0.123543,-0.404341,-0.450273,-0.566286,-0.413338,-1.0,191917.0,191052.85,1002.4143105505684,189048.02137889888,193057.67862110113,191129.8416123011,717.549236817722,-0.005083012513725755
2014-06-10,-0.380123,0.059281,-0.471124,0.202692,0.202692,-0.160785,-0.273262,-0.53973,-0.620677,-0.715089,-0.59908,0.0,192306.0,191112.4,1040.9371486141604,189030.52570277167,193194.27429722832,191241.85669684384,728.4933374675747,0.0020248664598997777
2014-06-11,-0.217824,0.15648,-0.291645,0.02652,0.02652,-0.021834,-0.247664,-0.45672,-0.633224,-0.637814,-0.628692,0.0,192357.0,191138.95,1066.5527092345224,189005.84458153095,193272.05541846907,191348.06082095395,732.8342329913285,0.00026516717385784903
2014-06-12,0.876146,0.926944,-0.274941,-0.731452,-0.731452,0.594396,0.416654,0.310797,0.086646,0.08176,0.062931,-1.0,190950.0,191115.45,1065.2112948275267,188985.02741034495,193245.87258965507,191310.1502665774,615.6445160028816,-0.007341406858367745
2014-06-13,0.754538,0.921275,-0.498628,-0.748887,-0.748887,0.997256,1.043478,1.031976,0.845768,0.824673,0.748259,-1.0,189520.0,191122.9,1052.8175680408742,189017.26486391824,193228.53513608174,191139.65976499862,402.7392446757585,-0.007517053820995211
2014-06-16,-0.1321,0.126816,-0.279524,-0.142465,-0.142465,0.859498,1.055641,1.142475,0.96428,0.934003,0.839066,0.0,189250.0,191074.9,1116.582186381249,188841.7356272375,193308.06437276248,190959.69216833208,209.8050378561893,-0.0014256675329718178
2014-06-17,0.063495,0.293666,-0.262977,-0.137384,-0.137384,0.647336,1.11916,1.200134,1.065877,1.027885,0.963684,0.0,188990.0,191004.4,1202.63466911818,188599.13066176363,193409.66933823636,190772.10243801476,35.51407766583725,-0.0013747887106120996
2014-06-18,-0.883703,0.149469,-1.287531,0.891582,0.891582,-0.418513,0.220795,0.282016,0.211407,0.110953,0.129155,1.0,190675.0,191078.1,1129.2263723437216,188819.64725531256,193336.55274468745,190762.85458677527,32.97256666011526,0.0088763044433562
2014-06-19,0.267204,0.289253,-0.310776,-0.096499,-0.096499,-0.370516,0.233134,0.31557,0.321747,0.188145,0.207341,0.0,190491.0,191103.9,1108.399410243498,188887.101179513,193320.69882048698,190736.96367374907,15.927535910217557,-0.0009654586940721864
2014-06-20,0.640945,0.713911,-0.373228,0.004725,0.004725,-0.272336,0.102677,0.258338,0.316089,0.207118,0.209606,0.0,190500.0,191102.15,1109.3720971777486,188883.4058056445,193320.8941943555,190714.39570482058,3.1096054262889083,4.7245210525603114e-05
2014-06-23,0.165877,0.295419,-0.222749,-0.314961,-0.314961,0.111216,0.312744,0.510233,0.625013,0.517199,0.50897,0.0,189900.0,191086.9,1124.3491169733109,188838.20176605336,193335.59823394663,190636.8342091234,-54.831617664254736,-0.0031545767485154324
2014-06-24,-0.148288,0.435923,-0.287636,0.142707,0.142707,0.092759,0.057527,0.358379,0.451935,0.369141,0.349194,0.0,190171.0,191030.45,1141.3008955604546,188747.8482088791,193313.05179112093,190592.46904634975,-77.98406746267574,0.0014260495850819605
2014-06-25,-0.346166,0.169412,-0.486206,0.257137,0.257137,-0.16553,-0.288104,0.097276,0.176046,0.142327,0.071436,0.0,190660.0,190995.65,1141.4629705577277,188712.72405888455,193278.57594111544,190598.90056574502,-56.22619687783299,0.002568069662109806
2014-06-26,0.14325,0.14325,-0.70523,-0.044057,-0.044057,-0.112606,-0.263779,0.088084,0.17497,0.199081,0.100782,0.0,190576.0,190909.45,1102.1984000870677,188705.05319982587,193113.84680017416,190596.71955948358,-45.23953249506303,-0.0004406719268869354
2014-06-27,-0.083439,0.262386,-0.267109,-0.00892,-0.00892,-0.097503,-0.200358,0.015288,0.146096,0.208523,0.130493,0.0,190559.0,190837.4,1073.8929869242247,188689.61402615154,192985.18597384845,190593.12722048513,-37.47232213825919,-8.920723634025744e-05
2014-06-30,0.157978,0.370721,-0.053186,-0.345825,-0.345825,0.249184,0.1802,0.291557,0.444971,0.549847,0.472529,0.0,189900.0,190745.0,1070.918150096988,188603.16369980603,192886.83630019397,190527.11510424846,-83.52966647822177,-0.0034642400839646967
2014-07-01,-0.209974,0.475066,-0.209974,0.315956,0.315956,-0.032021,-0.056063,-0.087524,0.130787,0.216357,0.15783,0.0,190500.0,190749.15,1069.7403656946988,188609.6692686106,192888.6307313894,190524.53271336763,-70.79932752542663,0.003154576748515567
2014-07-02,-0.365015,0.0047,-0.60888,0.524409,0.524409,-0.465903,-0.534415,-0.638611,-0.37243,-0.303459,-0.324667,0.0,191499.0,190785.8,1082.8245520503015,188620.1508958994,192951.44910410058,190617.33912161834,19.67372239512042,0.005230392108195908
2014-07-03,-0.857438,0.02531,-1.394628,1.097134,1.097134,-1.233678,-1.453254,-1.625654,-1.414876,-1.358533,-1.343957,1.0,193600.0,190860.8,1221.6850141017587,188417.42997179646,193304.17002820352,190901.4020624166,257.9341037016129,0.01091158816752508
2014-07-07,0.172539,0.309326,-0.345596,-0.309917,-0.309917,-0.673679,-1.017358,-1.19962,-1.105674,-1.03115,-0.99468,0.0,193000.0,190866.05,1231.0762717389644,188403.89745652207,193328.2025434779,191101.26853266265,393.8026747684926,-0.0031039859375911073
2014-07-08,0.08316,0.600312,-0.054574,-0.310881,-0.310881,-0.104054,-0.578742,-0.782363,-0.784719,-0.70896,-0.647904,0.0,192400.0,190890.2,1257.2373472678175,188375.72530546438,193404.67469453564,191224.95724383765,447.9013823021378,-0.00311365067327947
2014-07-09,-0.219126,0.108268,-0.278699,0.33264,0.33264,-0.172089,-0.759739,-0.971439,-1.094644,-0.983796,-0.947248,0.0,193040.0,190926.9,1310.3330593068245,188306.23388138635,193547.56611861364,191397.81845871024,536.2362513692351,0.0033208830851701784
2014-07-10,-0.305974,0.267532,-0.364156,-0.279735,-0.279735,0.211948,-0.385766,-0.630442,-0.813481,-0.670005,-0.649576,0.0,192500.0,190934.05,1318.9093769980689,188296.23124600385,193571.86875399612,191502.78812930928,556.2566046113207,-0.002801267588937362
2014-07-11,-0.352514,0.054951,-0.495075,0.207792,0.207792,-0.068429,-0.471851,-0.75324,-0.968611,-0.859388,-0.845222,0.0,192900.0,191031.55,1390.2952535709237,188250.95949285815,193812.14050714183,191635.85592651792,597.5117918566975,0.0020757661838445253
2014-07-14,0.063605,0.248216,-0.180991,0.248834,0.248834,-0.277174,-0.573017,-0.9003,-1.114619,-1.095439,-1.067553,0.0,193380.0,191224.55,1436.570311722632,188351.40937655471,194097.69062344526,191801.96488589718,661.3155791075551,0.002485245143718193
2014-07-15,0.365191,0.50525,-0.40254,-0.312338,-0.312338,0.074283,-0.112307,-0.490345,-0.713341,-0.76773,-0.739805,0.0,192776.0,191400.85,1397.318231280979,188606.21353743805,194195.48646256197,191894.73013485936,655.585605254455,-0.003128271955200635
2014-07-16,0.558645,0.558645,-0.116102,-0.365191,-0.365191,0.340289,0.335655,-0.05963,-0.269196,-0.408888,-0.347266,0.0,192072.0,191554.95,1282.6940183587585,188989.5619632825,194120.33803671753,191911.61297915847,587.4657043124898,-0.0036585913673461323
2014-07-17,1.111105,1.206463,-0.060587,-1.177163,-1.177163,1.252193,1.441908,1.101025,0.896023,0.723773,0.823012,-1.0,189811.0,191511.75,1327.6512650449476,188856.4474699101,194167.0525300899,191711.554600191,347.0359733259247,-0.011841461493509195
2014-07-18,-0.845252,0.07481,-1.003704,1.409823,1.409823,-0.198351,-0.026184,-0.238319,-0.45481,-0.644573,-0.571952,1.0,192487.0,191611.55,1321.8902126148807,188967.76957477024,194255.33042522974,191785.40654302997,368.180361033621,0.013999778740541214
2014-07-21,-0.606123,0.014506,-0.764648,0.282097,0.282097,-0.51536,-0.305859,-0.433611,-0.6693,-0.851329,-0.849315,0.0,193030.0,191738.05,1330.945310077586,189076.15937984482,194399.94062015516,191903.9392532176,423.86692848513485,0.0028169982598972433
2014-07-22,0.340532,0.420473,-0.15625,-0.202041,-0.202041,-0.328073,-0.09157,-0.137216,-0.397088,-0.580212,-0.636074,0.0,192640.0,191875.05,1271.480673320686,189332.08865335863,194418.01134664135,191974.04027672068,431.5545020897407,-0.0020224551193276066
2014-07-23,0.193543,0.323613,-0.033818,-0.22581,-0.22581,-0.088655,0.091101,0.147932,-0.118753,-0.288296,-0.412945,0.0,192205.0,191976.75,1207.756113188337,189561.23777362332,194392.26222637668,191996.03644084252,397.9586751179595,-0.002260651354478983
2014-07-24,-0.125233,0.282684,-0.17356,0.122786,0.122786,0.062149,-0.034712,0.057749,-0.194969,-0.37387,-0.533618,0.0,192441.0,192065.8,1170.6480706256584,189724.50385874868,194407.0961412513,192038.41392266704,385.9282274891448,0.0012271024766339284
2014-07-25,0.633812,0.633812,-0.01778,-0.632402,-0.632402,0.566874,0.513848,0.611708,0.45716,0.275509,0.104188,-1.0,191224.0,192098.2,1135.6901263788056,189826.8197472424,194369.58025275762,191960.85069193685,275.0219995465013,-0.00634409749011226
2014-07-28,-0.758126,0.052965,-1.339703,0.709116,0.709116,-0.187974,-0.235435,-0.111261,-0.19771,-0.387351,-0.547703,1.0,192580.0,192199.25,1080.0784998257627,190039.09300034848,194359.40699965152,192019.81729270477,293.16644204672775,0.00706613605963872
2014-07-29,0.602643,0.936398,-0.039235,-0.738394,-0.738394,0.39946,0.422059,0.588484,0.577611,0.379979,0.225381,-1.0,191158.0,192262.15,970.1693978490044,190321.81120430198,194202.488795698,191937.7394553043,190.60534779995214,-0.007411340596753129
2014-07-30,-0.269148,0.434497,-0.643139,0.291905,0.291905,0.056229,0.111206,0.249675,0.316588,0.120053,-0.018934,0.0,191716.0,192322.95,888.5979183650437,190545.7541632699,194100.1458367301,191916.62141194197,152.59189392795088,0.002914799098745041
2014-07-31,1.426187,1.822734,0.0,-1.873605,-1.873605,1.507729,1.933034,2.008746,2.14231,1.977802,1.844882,-1.0,188124.0,192154.2,1285.2457311619764,189583.70853767605,194724.69146232397,191555.4193727094,-165.470976130513,-0.0189137904397355
2014-08-01,-1.123738,0.575341,-2.258042,0.613957,0.613957,0.682802,1.141542,1.258742,1.404884,1.328114,1.20207,1.0,189279.0,191938.15,1388.45162813857,189161.24674372285,194715.05325627714,191338.61752768946,-320.6430711776484,0.006120797163366096
2014-08-04,-1.121433,0.360258,-1.730784,2.655339,2.655339,-1.743959,-1.409022,-1.328736,-1.184529,-1.215779,-1.350403,1.0,194305.0,192003.4,1469.290247560151,189064.8195048797,194941.98049512028,191621.1301441,-37.628124890616164,0.026206972416491378
2014-08-05,1.039486,1.039486,-0.59273,-0.929467,-0.929467,-0.682809,-0.491379,-0.412608,-0.254884,-0.234993,-0.379881,-1.0,192499.0,192008.35,1470.8626282046378,189066.62474359074,194950.07525640927,191704.73679704286,40.46766635865788,-0.009338130545100718
2014-08-06,-0.780072,0.392359,-0.934435,0.623899,0.623899,-1.093753,-1.031182,-0.974049,-0.856298,-0.787486,-0.936827,1.0,193700.0,192041.35,1502.2947105561009,189036.7605788878,195045.9394211122,191894.76186399115,196.99892541312147,0.006219611503799066
2014-08-07,0.344844,0.411854,-0.475255,0.155395,0.155395,-0.641337,-1.104324,-0.983706,-0.971438,-0.88983,-1.033122,0.0,194001.0,192116.4,1562.69195536575,188991.0160892685,195241.7839107315,192095.35597218247,341.40377025163616,0.0015527432762680725
2014-08-08,-1.22444,0.070317,-1.367113,1.160819,1.160819,-1.070761,-1.9829,-1.991987,-2.022364,-1.973045,-2.072342,1.0,196253.0,192284.05,1811.271971643009,188661.50605671396,195906.59394328602,192491.32207006984,630.2975515894941,0.011541329480664003
2014-08-11,-0.15202,0.541414,-0.757576,0.890177,0.890177,-1.570404,-2.57399,-2.689394,-2.770177,-2.736949,-2.811111,1.0,198000.0,192515.05,2209.2767922406683,188096.49641551866,196933.60358448132,193015.9580633965,988.81777854549,0.008862387524652751
2014-08-12,-0.835329,0.11876,-0.835329,0.788889,0.788889,-1.632976,-2.915435,-3.219818,-3.361186,-3.354687,-3.410436,1.0,199562.0,192854.35,2714.736534177181,187424.87693164565,198283.82306835437,193639.3906287873,1383.0451041828783,0.007857934296587649
2014-08-13,0.175844,0.195382,-0.405292,0.023552,0.023552,-1.06408,-2.542871,-2.995323,-3.195147,-3.245806,-3.281064,0.0,199609.0,193231.2,3096.6790462987524,187037.8419074025,199424.55809259752,194207.9248546171,1679.9007569850073,0.0002354880500697971
2014-08-14,-1.602169,0.113877,-1.602169,1.623674,1.623674,-1.772344,-3.37402,-4.203106,-4.420434,-4.587587,-4.639849,1.0,202850.0,193883.15,3660.038614621775,186563.07277075644,201203.22722924355,195030.97963036783,2151.877114513918,0.016106336611263494
2014-08-15,1.055027,1.057512,-0.748409,-0.800099,-0.800099,-0.48572,-2.000924,-3.099054,-3.432367,-3.652512,-3.744378,-1.0,201227.0,194320.15,3991.3412107363624,186337.46757852726,202302.83242147273,195621.07680842804,2367.6662594210065,-0.00803316559917903
2014-08-18,-0.009386,0.287028,-0.157594,0.592366,0.592366,-0.635118,-2.177167,-3.345635,-3.769113,-4.041261,-4.156099,1.0,202419.0,194789.6,4366.1648038905805,186057.27039221884,203521.92960778117,196268.49806476824,2604.8381962066924,0.005906182471976962
2014-08-19,0.101185,0.190523,-0.325271,0.089418,0.089418,-0.423988,-1.765992,-3.055479,-3.609279,-3.933031,-4.073906,0.0,202600.0,195287.6,4665.810669111634,185955.97866177675,204619.22133822326,196871.49824907604,2775.410645868338,0.000893785289328804
2014-08-20,-0.011858,0.104749,-0.245568,-0.10464,-0.10464,-0.045062,-1.233818,-2.602394,-3.25674,-3.628516,-3.819462,0.0,202388.0,195796.75,4863.151337785655,186070.44732442868,205523.05267557132,197396.87936821167,2860.5097372457385,-0.0010469446964567189
2014-08-21,-1.150327,0.004874,-1.208819,1.369152,1.369152,-1.170019,-2.023942,-3.36435,-4.253457,-4.630925,-4.912856,1.0,205159.0,196432.65,5219.688781556962,185993.27243688607,206872.02756311392,198136.1289521915,3115.632846020162,0.013598641146570195
2014-08-22,0.524733,0.622998,-0.037832,-0.793043,-0.793043,-0.153489,-0.883104,-2.125006,-3.185715,-3.651495,-3.978621,-1.0,203532.0,197048.05,5298.233374635455,186451.58325072908,207644.5167492709,198650.02143293517,3150.220662341715,-0.007962047586994111
2014-08-25,0.010265,0.2053,-0.169128,0.514415,0.514415,-0.453321,-1.06878,-2.291112,-3.387933,-3.91878,-4.287569,0.0,204579.0,197648.0,5443.0409360553795,186761.91812788925,208534.08187211075,199214.68605836993,3224.9407957863586,0.005130968275863176
2014-08-26,0.14811,0.254183,-0.10705,-0.000978,-0.000978,-0.259071,-0.822673,-1.896564,-3.059019,-3.684442,-4.094351,0.0,204577.0,198318.95,5427.971710694599,187463.0065786108,209174.89342138922,199725.38262423946,3246.5712046585395,-9.776222272270667e-06
2014-08-27,-0.080101,0.343849,-0.361921,0.080165,0.080165,-0.109113,-0.651457,-1.615635,-2.818585,-3.516677,-3.964912,0.0,204741.0,198970.2,5375.166617735355,188219.8667645293,209720.53323547074,200203.06046954996,3239.6027648329036,0.0008013329918343953
2014-08-28,0.127426,0.29406,-0.071064,-0.342384,-0.342384,0.124387,-0.251813,-0.949618,-2.094687,-2.957812,-3.402519,0.0,204040.0,199766.0,4836.0095119835505,190093.9809760329,209438.0190239671,200568.48328197378,3141.3043830341194,-0.0034297126684017035
2014-08-29,-0.888867,0.0,-0.888867,0.901784,0.901784,-0.542355,-0.917282,-1.52312,-2.566519,-3.540354,-4.048993,1.0,205880.0,200596.05,4340.609579734104,191914.8308405318,209277.26915946818,201074.3420170239,3175.2722675731347,0.00897742172982793
2014-09-02,0.125278,0.222502,-0.536906,0.417719,0.417719,-0.747025,-1.120441,-1.65093,-2.671084,-3.667641,-4.227081,0.0,206740.0,201217.8,4282.25401296725,192653.29197406548,209782.3080259345,201613.92849159308,3234.3038321826316,0.0041684903557850095
2014-09-03,0.630698,0.630698,-0.091553,-0.146077,-0.146077,-0.421531,-0.789874,-1.285002,-2.191094,-3.230646,-3.864179,0.0,206438.0,201914.75,3906.3680651624936,194102.01386967502,209727.48613032498,202073.3638733461,3219.6043020939687,-0.0014618399516942151
2014-09-04,0.20791,0.799729,-0.275602,0.185043,0.185043,-0.40441,-0.758824,-1.23489,-2.054564,-3.117261,-3.806192,0.0,206820.0,202570.75,3538.5631766662145,195493.62364666758,209647.87635333242,202525.42445683695,3201.869863396656,0.0018487245681845317
2014-09-05,-0.066763,0.382196,-0.285438,-0.058021,-0.058021,-0.089211,-0.626657,-1.053378,-1.690518,-2.701538,-3.5204,0.0,206700.0,203205.7,3021.449793166584,197162.80041366685,209248.59958633318,202923.00307999534,3141.9141651193495,-0.0005803830691064062
2014-09-08,0.108591,0.550676,-0.035714,0.241896,0.241896,-0.202896,-0.689431,-1.099968,-1.663586,-2.590367,-3.496203,0.0,207200.0,203753.05,2666.325807764796,198420.3983844704,209085.70161552957,203330.3361199958,3099.0210776927124,0.0024160436976054327
2014-09-09,1.068654,1.069141,-0.05504,-0.914575,-0.914575,0.578456,0.262585,-0.09339,-0.578018,-1.476944,-2.398854,-1.0,205305.0,204118.3,2313.7959947363074,199490.70801052736,208745.8919894726,203518.39934666286,2878.930811729515,-0.009187832053988692
2014-09-10,-0.241838,0.07497,-0.556227,0.703831,0.703831,-0.094317,-0.333059,-0.657832,-1.099057,-1.889819,-2.829617,1.0,206750.0,204477.7,2118.8625821652054,200239.9748356696,208715.42516433043,203826.17083745686,2788.957745100459,0.00701365557246138
2014-09-11,-0.408509,0.038675,-0.627991,0.048368,0.048368,-0.139715,-0.279285,-0.56205,-0.971839,-1.682959,-2.632713,0.0,206850.0,204839.75,1843.965374573515,201151.81925085298,208527.68074914702,204114.15456722287,2694.660239962599,0.0004835590036197494
2014-09-12,0.711941,0.711941,-0.210567,-0.587382,-0.587382,0.346731,0.387483,0.040914,-0.319012,-0.875746,-1.773563,-1.0,205635.0,204979.0,1790.1700007466848,201398.65999850663,208559.34000149337,204258.99698939212,2493.1489725188003,-0.005891140351447257
2014-09-15,-0.60789,0.02221,-0.728115,0.71729,0.71729,-0.376611,-0.26807,-0.556387,-0.886896,-1.372005,-2.186133,1.0,207110.0,205273.15,1616.0809735753585,202040.98805284928,208505.3119471507,204530.52108564047,2424.52163794011,0.007147300532086172
2014-09-16,-0.406749,0.322511,-0.587258,0.3066,0.3066,-0.44622,-0.524537,-0.758751,-1.061662,-1.485841,-2.269465,0.0,207745.0,205539.45,1558.8152206402133,202421.81955871958,208657.08044128044,204836.6619346271,2393.779177652643,0.0030613129691855184
2014-09-17,-0.185646,0.582297,-0.42823,0.604106,0.604106,-0.828708,-0.999282,-1.213589,-1.502656,-1.896766,-2.593142,1.0,209000.0,205859.45,1580.3935710663823,202698.66285786725,209020.23714213277,205233.17032180546,2442.5276298188255,0.006022885907565922
2014-09-18,-0.76671,0.082518,-1.103855,1.471292,1.471292,-1.773901,-2.186962,-2.415403,-2.70244,-3.084098,-3.716688,1.0,212075.0,206343.8,1910.434384331551,202522.9312313369,210164.66876866308,205884.77314830018,2698.184934167599,0.01460573372898737
2014-09-19,0.566038,0.760377,-0.544811,-0.035365,-0.035365,-1.138679,-1.902358,-2.130566,-2.506675,-2.87717,-3.399623,0.0,212000.0,206685.85,2266.3942443994006,202153.0615112012,211218.6384887988,206467.17570560492,2861.754788752354,-0.00035371102178602274
2014-09-22,1.043083,1.043083,-0.046912,-1.462264,-1.462264,0.499761,-0.365247,-0.581841,-0.931427,-1.28898,-1.764305,-1.0,208900.0,206954.25,2189.799723477335,202574.65055304533,211333.84944695467,206698.8732574521,2710.001771247509,-0.01473060610949232
2014-09-23,0.199093,0.554103,-0.125693,-0.217808,-0.217808,0.786299,0.002878,-0.310298,-0.622442,-0.957874,-1.382843,0.0,208445.0,207147.55,2139.1397551584305,202869.27048968314,211425.82951031683,206865.17104245667,2523.9274495984428,-0.0021804510909186753
2014-09-24,-0.762449,0.081487,-0.762449,0.674039,0.674039,0.192518,-0.518942,-0.869351,-1.162163,-1.482792,-1.879692,1.0,209850.0,207411.2,2130.5761662033938,203150.04766759323,211672.3523324068,207149.4404669846,2461.459790761146,0.0067177723079984665
2014-09-25,1.893204,1.893204,-0.245631,-1.834644,-1.834644,1.475243,1.299029,0.956796,0.715607,0.428563,0.057524,-1.0,206000.0,207474.15,2065.123986973394,203343.9020260532,211604.3979739468,207039.9699463194,2077.3445618628466,-0.018516820990018792
2014-09-26,-1.22662,0.137893,-1.22662,1.035437,1.035437,0.063709,0.38091,-0.031935,-0.218226,-0.543499,-0.883281,1.0,208133.0,207678.8,1903.3636320428543,203872.0727359143,211485.5272640857,207144.06804666994,1922.8799858101702,0.010301129644827845
2014-09-29,-0.106598,0.335229,-0.396004,-0.390135,-0.390135,0.303298,0.784243,0.363494,0.207335,-0.08086,-0.397098,0.0,207321.0,207750.85,1858.4314913088976,204033.9870173822,211467.7129826178,207160.91870889184,1715.1726400616753,-0.003908981663220112
2014-09-30,0.266312,0.536974,-0.093282,-0.203067,-0.203067,0.358047,0.948478,0.619107,0.415104,0.167327,-0.122233,0.0,206900.0,207758.85,1854.1905958620725,204050.46880827585,211467.23119172416,207136.069308045,1499.3087920813996,-0.002032732019691496
2014-10-01,1.198409,1.198409,-0.222108,-0.9884,-0.9884,0.872227,1.753875,1.561885,1.378878,1.172693,0.911507,-1.0,204855.0,207679.7,1945.0996213140343,203789.50075737195,211569.89924262807,206918.8246120407,1149.964651446353,-0.009933172952999784
2014-10-02,-0.606061,0.606061,-0.606061,0.680969,0.680969,0.214206,0.783224,0.855564,0.67937,0.517663,0.291394,1.0,206250.0,207651.2,1962.4575248488838,203726.28495030224,211576.11504969778,206855.1270299416,974.4390181687777,0.006786613416292928
2014-10-03,-0.622754,0.320958,-0.742515,1.212121,1.212121,-0.92685,-0.579449,-0.252806,-0.477269,-0.59589,-0.852359,1.0,208750.0,207753.7,1963.696918943338,203826.30616211332,211681.0938378867,207035.59112232813,1025.2444163910113,0.012048338516174574
2014-10-06,0.810221,0.850493,-0.281899,-0.079042,-0.079042,-0.727281,-0.515905,-0.126759,-0.365343,-0.465383,-0.693179,0.0,208585.0,207822.95,1967.5602170933912,203887.82956581324,211758.07043418678,207183.1538725826,1040.2031253526802,-0.0007907317076079462
2014-10-07,1.446095,1.446095,0.0,-1.701944,-1.701944,0.809618,1.040261,1.514343,1.353159,1.224708,1.033645,-1.0,205035.0,207809.45,1986.5802267621311,203836.28954647575,211782.61045352428,206978.5677894795,756.8778617146309,-0.01716593575063088
2014-10-08,-2.357704,0.107168,-2.357704,2.397152,2.397152,-1.065015,-1.320362,-0.831976,-0.943344,-1.078085,-1.246281,1.0,209950.0,207969.45,2025.2490288705692,203918.95194225886,212019.94805774116,207261.5613333386,918.3537621496071,0.023688710857476244
2014-10-09,2.016031,2.17537,-0.048579,-1.952846,-1.952846,0.86665,0.637795,0.941592,1.005319,0.873335,0.738596,-1.0,205850.0,207919.45,2066.2696994938633,203786.9106010123,212051.98939898773,207127.12692063968,707.3351227508392,-0.019721658914288585
2014-10-10,0.7068,1.969291,0.0,-0.340053,-0.340053,0.859859,0.835779,1.063417,1.338143,1.187307,1.100366,0.0,205150.0,207895.2,2097.107270803521,203700.98545839297,212089.41454160705,206938.829118674,478.10587395975017,-0.0034063293277186175
2014-10-13,0.003416,1.506493,-0.101018,-0.115525,-0.115525,0.618116,0.834891,1.050592,1.401741,1.259696,1.201567,0.0,204913.0,207785.35,2195.6291095802057,203394.0917808396,212176.6082191604,206745.89301213363,274.15582577348687,-0.001155920072715636
2014-10-14,-0.473244,1.146463,-0.497512,0.542669,0.542669,0.171144,0.248174,0.426874,0.812693,0.727135,0.643773,0.0,206025.0,207699.35,2230.6977967712705,203237.95440645746,212160.74559354255,206677.23653478757,199.94817177252844,0.005412021833967803
2014-10-15,0.399411,0.660451,-2.845927,-1.079966,-1.079966,0.661237,1.290873,1.325384,1.785746,1.76893,1.699411,-1.0,203800.0,207439.35,2369.82655983052,202699.69688033898,212179.00311966104,206403.21400766497,-37.96321722274297,-0.010858399860822838
2014-10-16,-1.287129,0.665842,-1.388614,-0.883219,-0.883219,1.17703,1.983069,2.096271,2.443366,2.579743,2.526106,-1.0,202000.0,206935.6,2403.1500905871058,202129.2998188258,211741.90018117422,205983.86029264925,-367.51814344726154,-0.0088714233874197
2014-10-17,-0.734775,0.453517,-0.94207,1.735149,1.735149,-0.514051,0.085789,0.26971,0.538113,0.827659,0.758084,1.0,205505.0,206610.85,2102.838864986907,202405.1722700262,210816.5277299738,205938.2545504922,-341.92706691724015,0.017202667139336256
2014-10-20,-0.265727,0.173427,-0.558659,0.167879,0.167879,-0.58975,-0.214817,0.05402,0.295531,0.63419,0.567355,0.0,205850.0,206458.35,2037.674817167969,202383.00036566408,210533.69963433594,205929.8493552072,-290.4591059102968,0.0016773836753726074
2014-10-21,-0.691211,0.033601,-0.988816,1.204761,1.204761,-1.551865,-1.244516,-1.091281,-0.901166,-0.552546,-0.581417,1.0,208330.0,206452.6,2031.9278996725957,202388.74420065482,210516.4557993452,206158.43513090175,-48.99037172074895,0.01197561272437664
2014-10-22,1.103983,1.198402,-0.067788,-0.866414,-0.866414,-0.427551,-0.547246,-0.172925,-0.115555,0.268674,0.283856,-1.0,206525.0,206286.35,1868.8023543082152,202548.7452913836,210023.95470861642,206193.34607081587,-3.2357751708186697,-0.008701890491721502
2014-10-23,0.428141,0.487725,-0.22248,0.766977,0.766977,-0.59834,-1.195671,-0.873196,-0.825145,-0.570739,-0.459279,1.0,208109.0,206391.8,1910.8235369776817,202570.15292604463,210213.44707395535,206375.78930216673,159.00769249841687,0.007640510454083924
2014-10-24,-0.79904,0.0,-0.820068,0.548751,0.548751,-0.782792,-1.538917,-1.398225,-1.339683,-1.16593,-0.944926,0.0,209251.0,206447.7,1979.5591774019551,202488.5816451961,210406.81835480392,206649.61889243656,375.40918206836795,0.005472507428033447
2014-10-27,-0.37042,0.089857,-0.584069,-0.013859,-0.013859,-0.446703,-1.319316,-1.364261,-1.280578,-1.146075,-0.897547,0.0,209222.0,206542.75,2067.388815185008,202407.97236962998,210677.52763037002,206894.60756934737,538.3629510240862,-0.00013859914520851206
2014-10-28,-0.508145,0.004749,-0.613098,0.644292,0.644292,-0.871254,-1.735195,-1.820456,-1.825402,-1.738538,-1.487249,1.0,210570.0,206726.25,2255.117032205091,202216.01593558982,211236.48406441018,207244.64494369522,767.4308560347126,0.00642225022496206
2014-10-29,0.536737,0.620229,-0.572519,-0.460654,-0.460654,-0.119084,-1.003721,-1.377226,-1.257872,-1.288569,-1.021803,0.0,209600.0,206963.5,2297.099028636443,202369.30194272712,211557.69805727288,207468.9644728671,860.7754442221194,-0.004617186963552687
2014-10-30,0.105248,0.374587,-2.071473,-0.271947,-0.271947,0.241401,-0.397455,-1.006873,-0.922116,-0.961412,-0.800459,0.0,209030.0,207102.5,2335.4424239924024,202431.6151520152,211773.3848479848,207617.63452307024,878.6291763436457,-0.0027231701131958425
2014-10-31,0.489524,1.095238,-0.430952,0.464048,0.464048,-0.150286,-0.643476,-1.310159,-1.35,-1.383314,-1.290413,0.0,210000.0,207165.0,2397.747407791939,202369.50518441614,211960.49481558386,207844.52647325402,959.9831923779566,0.004629748383777491
2014-11-03,-0.125533,0.099479,-0.994789,0.52381,0.52381,-0.492658,-0.912506,-1.629023,-1.804477,-1.82558,-1.77003,0.0,211100.0,207290.75,2537.9874304973237,202214.77513900536,212366.72486099464,208154.57157103936,1100.5314021783415,0.005224424136806271
2014-11-04,-0.516432,0.117371,-0.657277,0.900047,0.900047,-1.152113,-1.577136,-2.2882,-2.493427,-2.586761,-2.574977,1.0,213000.0,207689.0,2778.879838691955,202131.2403226161,213246.7596773839,208616.0409452261,1349.672804133821,0.008960210855150077
2014-11-05,0.300717,0.300717,-0.635054,0.542254,0.542254,-1.259835,-1.751675,-2.492836,-2.921132,-2.938432,-3.03341,0.0,214155.0,207899.25,3099.5264812368637,201700.19703752626,214098.30296247374,209143.56085520456,1621.62492470711,0.005407886199868011
2014-11-06,0.009777,0.062849,-0.651769,0.301184,0.301184,-1.019088,-1.735196,-2.388361,-3.004306,-3.07067,-3.18802,0.0,214800.0,208346.75,3417.83267544831,201511.08464910337,215182.41535089663,209682.26934518508,1867.6657607721572,0.003007310725416467
2014-11-07,0.119086,0.444248,-0.299577,0.079143,0.079143,-0.634972,-1.546867,-2.172024,-2.852607,-3.031586,-3.158565,0.0,214970.0,208837.75,3633.011174956944,201571.7276500861,216103.7723499139,210185.86274088174,2052.7101108428033,0.0007911208733346747
2014-11-10,-0.736092,0.0,-0.775172,1.176908,1.176908,-1.202299,-2.311494,-2.952889,-3.693287,-3.995586,-4.129042,1.0,217500.0,209467.1,3990.026499053781,201487.04700189244,217447.15299810757,210882.44724175014,2376.118531999644,0.011700367020694524
2014-11-11,0.482167,0.482167,-0.063491,-0.068046,-0.068046,-0.734569,-1.932947,-2.610083,-3.367142,-3.703541,-3.903468,0.0,217352.0,210033.45,4269.811205920455,201493.8275881591,218573.07241184093,211498.59512348822,2590.616656472994,-0.0006806913879414019
2014-11-12,-0.103622,0.203117,-0.484179,0.344602,0.344602,-0.713614,-1.879955,-2.590696,-3.371145,-3.884751,-4.031038,0.0,218101.0,210748.5,4367.330878235952,202013.8382435281,219483.1617564719,212127.3955879179,2788.8973334082402,0.0034400991090027793
2014-11-13,-0.293662,0.030096,-0.424077,0.549745,0.549745,-0.846056,-1.948108,-2.783067,-3.505016,-4.164925,-4.35738,0.0,219300.0,211613.5,4255.1850785394245,203103.12984292116,220123.87015707884,212810.50077002097,3008.1098599710676,0.005482397174042443
2014-11-14,0.599937,0.822849,-0.172918,-0.582307,-0.582307,0.014769,-1.005811,-1.945422,-2.652748,-3.367425,-3.655409,-1.0,218023.0,212239.4,4229.957712864801,203779.4845742704,220699.31542572958,213306.9292681142,3043.7081658539537,-0.005840093612815044
2014-11-17,0.002288,0.002288,-0.659833,0.237131,0.237131,-0.126659,-0.899561,-1.893139,-2.592706,-3.346609,-3.731491,0.0,218540.0,212873.9,4172.463779287529,204528.97244142494,221218.82755857505,213805.31695686525,3078.1546087439347,0.0023685023315717616
2014-11-18,-0.149862,0.339017,-0.27094,0.150087,0.150087,-0.1378,-0.779968,-1.787409,-2.497944,-3.256739,-3.665086,0.0,218868.0,213400.8,4233.384618282202,204934.03076343558,221867.5692365644,214287.4772466876,3096.2291197404556,0.00149974422726155
2014-11-19,0.116681,0.116681,-0.442931,-0.148034,-0.148034,0.050791,-0.432041,-1.368969,-2.078414,-2.843455,-3.391186,0.0,218544.0,214001.75,4055.2916940309715,205891.16661193807,222112.33338806193,214692.8603660507,3049.2592452249955,-0.0014814411093249512
2014-11-20,-0.206186,0.16449,-0.435281,-0.134527,-0.134527,0.089347,-0.13984,-0.954471,-1.714181,-2.414754,-3.071661,0.0,218250.0,214508.8,3911.1416774446893,206686.51664511062,222331.08335488936,215031.63556928397,2954.2571014282876,-0.0013461725408243264
2014-11-21,0.165958,0.197331,-0.243254,0.77205,0.77205,-0.503603,-0.679155,-1.412144,-2.224294,-2.899948,-3.590182,1.0,219935.0,215043.0,3884.756633980466,207273.48673203908,222812.51326796092,215498.62265792358,2980.574429206579,0.007690853431902314
2014-11-24,-0.215786,0.035286,-0.722454,0.507877,0.507877,-0.779093,-1.020348,-1.610179,-2.450781,-3.11552,-3.833985,0.0,221052.0,215634.5,3852.285329924282,207929.92934015143,223339.07065984857,216027.51573812132,3056.332171150192,0.005065919806466716
2014-11-25,-0.184914,0.124028,-0.281881,0.304453,0.304453,-0.82255,-1.123554,-1.646484,-2.495321,-3.167942,-3.889849,0.0,221725.0,216192.25,3887.8032746813947,208416.6434506372,223967.8565493628,216570.13328687166,3134.543140808033,0.003039907304435541
2014-11-26,-0.050357,0.017985,-0.20053,0.309392,0.309392,-0.780717,-1.234741,-1.702374,-2.508059,-3.180904,-3.907361,0.0,222411.0,216832.8,3798.8521618194186,209235.09567636115,224430.50432363883,217126.4063071696,3214.8218989067827,0.003089146322439168
2014-11-28,-0.161388,0.450541,-0.177527,0.29405,0.29405,-0.639903,-1.355524,-1.743558,-2.4793,-3.196575,-3.874312,0.0,223065.0,217534.55,3571.096285676211,210392.35742864758,224676.7425713524,217691.9866588677,3293.253154979524,0.0029361872238014303
2014-12-01,0.258398,0.964386,-0.0737,-0.242082,-0.242082,-0.166004,-0.91383,-1.278778,-1.961218,-2.723056,-3.386091,0.0,222525.0,218160.8,3265.3944002930225,211630.01119941394,224691.58880058603,218152.27364373746,3274.095271219063,-0.0024237539637613696
2014-12-02,-0.533333,0.0,-0.88,1.112235,1.112235,-0.913244,-1.716667,-2.142489,-2.730756,-3.512604,-4.165141,1.0,225000.0,218855.8,3161.0497190501414,212533.7005618997,225177.89943810028,218804.4380586196,3419.2098036436073,0.011060947359424976
2014-12-03,0.630332,0.630332,-0.060138,-0.228889,-0.228889,-0.440029,-1.240974,-1.706157,-2.251799,-3.043304,-3.7054,0.0,224485.0,219430.05,3083.527618865582,213262.99476226882,225597.10523773116,219345.44395779868,3452.855550658336,-0.002291512399108519
2014-12-04,-0.117665,0.0,-0.577226,0.325189,0.325189,-0.513731,-1.26488,-1.814178,-2.323091,-3.080239,-3.740899,0.0,225215.0,219983.05,3079.4567442106754,213824.13651157863,226141.96348842134,219904.44929515116,3498.1010156908596,0.0032466117020808942
2014-12-05,0.004432,0.151126,-0.274331,0.188709,0.188709,-0.472877,-1.123338,-1.811795,-2.266863,-2.968339,-3.663225,0.0,225640.0,220525.05,3073.141877193312,214378.76624561337,226671.3337543866,220450.6922194225,3527.5884767198586,0.0018853073643829608
2014-12-08,-0.665057,0.690957,-0.72432,0.957277,0.957277,-0.953468,-1.715628,-2.456687,-2.911962,-3.575838,-4.305268,1.0,227800.0,221166.55,3189.420760394084,214787.7084792118,227545.39152078817,221150.62629376323,3682.7984421788424,0.009527242141306371
2014-12-09,0.428697,0.512572,-0.862276,-1.082529,-1.082529,0.160118,-0.449999,-1.188192,-1.675624,-2.267922,-3.019666,-1.0,225334.0,221558.25,3196.471440673796,215165.30711865242,227951.19288134758,221549.04283721434,3565.714529735822,-0.01088430506272235
2014-12-10,0.782473,1.415605,-0.154706,-0.747335,-0.747335,0.839615,0.385647,-0.301632,-0.794478,-1.34156,-2.094493,-1.0,223650.0,221873.15,3067.922342990787,215737.30531401842,228008.99468598157,221749.13399557487,3299.011013950163,-0.007501416071502303
2014-12-11,-0.275801,0.905694,-0.275801,0.514196,0.514196,0.286833,-0.021619,-0.626127,-1.15298,-1.656851,-2.369958,0.0,224800.0,222208.1,2999.335959840177,216209.42808031966,228206.77191968035,222039.69266266297,3144.1975925915467,0.005128788140678841
2014-12-12,2.283105,2.625571,0.0,-2.580071,-2.580071,2.336438,2.440594,2.028524,1.458037,1.024384,0.367428,-1.0,219000.0,222193.1,3015.352539394442,216162.39492121112,228223.8050787889,221750.19812336174,2524.395651725499,-0.026139388203035133
2014-12-15,1.391317,1.572992,-0.865008,0.033333,0.033333,1.505617,2.248885,1.968294,1.448193,1.065636,0.472034,0.0,219073.0,222245.6,2947.2987882735624,216351.00242345288,228140.19757654713,221495.22687351776,2015.8511607139371,0.0003332777901203345
2014-12-16,-0.112149,2.069029,-1.354939,-0.279815,-0.279815,1.161128,2.236428,2.175318,1.731026,1.366804,0.866261,0.0,218460.0,222241.6,2952.6420710933435,216336.31585781332,228146.8841421867,221206.15764746847,1545.545919485914,-0.0028020761912240905
2014-12-17,-1.705566,0.0,-1.962747,1.986634,1.986634,-0.885727,0.1693,0.217175,-0.162388,-0.509946,-0.95193,1.0,222800.0,222438.2,2845.1381540761427,216747.92369184774,228128.47630815228,221357.95215723338,1505.6709194412979,0.01967157663773178
2014-12-18,-1.133886,0.0,-1.744876,2.917415,2.917415,-3.302835,-2.492063,-2.423405,-2.757959,-3.134845,-3.539497,1.0,229300.0,222976.0,3077.390726606013,216821.21854678798,229130.78145321202,222114.33766606828,1975.7896981022204,0.028756681810729715
2014-12-19,0.116725,0.267239,-0.698595,-0.616659,-0.616659,-1.922979,-1.788482,-1.67692,-1.943165,-2.383104,-2.749562,-1.0,227886.0,223457.8,3052.753193946064,217352.29361210787,229563.3063878921,222664.01979310942,2208.802533826849,-0.006185685951100299
2014-12-22,-0.0303,0.42157,-0.406201,-0.072843,-0.072843,-1.092043,-1.720402,-1.453159,-1.700751,-2.141613,-2.492037,0.0,227720.0,223847.05,3076.161799777593,217694.7264004448,229999.37359955517,223145.5417175752,2352.9487437669013,-0.0007286998298773501
2014-12-23,0.092255,0.601854,-0.043931,-0.039522,-0.039522,-0.247243,-1.580679,-1.33717,-1.517397,-1.943189,-2.305144,0.0,227630.0,224175.95,3113.024920435575,217949.90015912885,230401.99984087117,223572.63298256806,2431.890090657049,-0.0003953003235838853
2014-12-24,0.611439,0.885151,0.0,-0.48983,-0.48983,0.571794,-0.969737,-0.791765,-0.926892,-1.325475,-1.68941,0.0,226515.0,224415.45,3098.7633607262037,218217.9232785476,230612.97672145243,223852.85841279966,2377.079008127621,-0.004910335863435052
2014-12-26,0.353642,0.693157,0.0,-0.006622,-0.006622,0.331214,-0.888124,-0.747373,-0.830066,-1.178437,-1.559294,0.0,226500.0,224619.9,3094.4422658746957,218431.0154682506,230808.78453174938,224104.96713539018,2305.8500516372733,-6.622297277344248e-05
2014-12-29,-0.729735,0.081082,-0.729735,0.735099,0.735099,-0.376482,-1.209695,-1.397877,-1.441983,-1.725751,-2.148138,1.0,228165.0,224874.9,3168.8068965082057,218537.28620698358,231212.5137930164,224491.6369320197,2356.58690849939,0.007324106508727154
2014-12-30,-0.396048,0.013143,-0.746972,0.039445,0.039445,-0.368886,-0.846378,-1.423466,-1.355326,-1.618698,-2.037297,0.0,228255.0,225161.4,3204.000844337557,218753.39831132488,231569.4016886751,224850.05246230352,2376.6618030951067,0.0003943736083716012
2014-12-31,0.964602,1.269912,-0.264159,-0.98793,-0.98793,0.480973,0.476593,-0.420236,-0.348938,-0.549487,-0.949808,-1.0,226000.0,225211.4,3209.148163739336,218793.10367252133,231629.69632747865,224959.57127541746,2185.419491988083,-0.009928425767901688
2015-01-02,1.623435,1.730769,-0.386852,-1.061947,-1.061947,1.298748,1.590832,0.647108,0.700872,0.551503,0.183885,-1.0,223600.0,225167.15,3225.7500029556545,218715.6499940887,231618.6500059113,224830.0882968063,1819.2277155710326,-0.010676257991341755
2015-01-05,1.183365,1.183365,-0.443479,-1.171735,-1.171735,2.000181,2.418816,1.725164,1.798986,1.717766,1.408438,-1.0,220980.0,224955.4,3358.7041110006517,218237.9917779987,231672.8082220013,224463.41322092,1302.590537858894,-0.011786541595915133
2015-01-06,0.299388,1.097755,-0.537083,-0.239841,-0.239841,1.545475,2.327739,2.013578,1.926015,1.914865,1.685507,0.0,220450.0,224695.9,3500.5271768376647,217694.84564632465,231696.95435367533,224081.1833903562,840.6942813851347,-0.0024012878810822777
2015-01-07,-0.438518,0.025058,-1.557186,1.374461,1.374461,-0.258636,0.750626,0.761918,0.447423,0.55017,0.359704,1.0,223480.0,224479.9,3431.5101463058777,217616.87970738823,231342.92029261176,224023.9278293699,710.9385900580382,0.013651012787001442
2015-01-08,-0.24528,0.118669,-1.182283,1.431895,1.431895,-1.60667,-0.713561,-0.418769,-0.940886,-0.839633,-0.974296,1.0,226680.0,224547.2,3462.2045243472676,217622.79095130548,231471.60904869455,224276.8870837156,856.4469391315652,0.014217406710470382
2015-01-09,1.257372,1.257372,-0.314677,-0.884507,-0.884507,-0.632914,0.090575,0.525529,-0.034071,0.048657,-0.046823,-1.0,224675.0,224598.45,3455.805009041444,217686.83998191712,231510.0600180829,224314.80259955223,800.7461079027853,-0.00888441775698141
2015-01-12,1.380696,1.380696,-0.153311,-1.001892,-1.001892,0.502554,0.920269,1.336786,0.924203,1.010988,0.964929,-1.0,222424.0,224479.65,3489.190213319775,217501.26957336045,231458.03042663954,224134.72616149965,568.4135921776178,-0.010069443321206182
2015-01-13,0.829148,1.533632,-0.53722,0.258965,0.258965,0.471659,0.427982,0.928969,0.753206,0.702726,0.703169,0.0,223000.0,224679.65,3266.072150472928,218147.50569905413,231211.79430094585,224026.6570032616,425.85776256758254,0.0025863012368877373
2015-01-14,-0.393459,0.315038,-0.946015,-0.503139,-0.503139,0.835324,0.648419,1.263818,1.325909,1.105202,1.202688,-1.0,221878.0,224819.9,3066.7884436139857,218686.32311277202,230953.47688722797,223822.02300295097,219.8113688552403,-0.00504409019508755
2015-01-15,0.44919,0.672656,-0.302921,-0.165857,-0.165857,0.536048,0.612929,1.247859,1.56309,1.204117,1.3183,0.0,221510.0,224972.4,2797.9374057160935,219376.52518856782,230568.27481143217,223601.83033600324,26.51791088853497,-0.0016599460720613803
2015-01-16,-1.173893,0.07334,-1.569662,0.950296,0.950296,-0.505154,-0.33352,0.208304,0.625249,0.250806,0.351572,1.0,223615.0,225013.15,2770.4324434415853,219472.2851131168,230554.01488688317,223603.0845897172,42.69519697283977,0.009458087916650102
2015-01-20,0.612659,1.259904,-0.192242,-0.437806,-0.437806,-0.0486,0.179126,0.533247,0.918068,0.652761,0.754236,0.0,222636.0,224679.95,2624.6196411129577,219430.71071777408,229929.18928222594,223510.98129545845,-23.213712185854092,-0.004387672276878929
2015-01-21,0.517893,0.72659,-0.40517,-0.781994,-0.781994,0.548586,0.988841,1.106197,1.555219,1.480378,1.476735,-1.0,220895.0,224330.4,2640.6470777942623,219049.10584441148,229611.6941555885,223261.8402197005,-213.4703935815487,-0.007850675339161808
2015-01-22,-1.075962,0.132939,-1.731765,1.819869,1.819869,-0.978503,-0.752373,-0.799917,-0.322277,-0.229527,-0.379758,1.0,224915.0,224190.15,2523.0129289132506,219144.1241421735,229236.17585782649,223419.28400830046,-39.415424377832096,0.01803507755706173
2015-01-23,0.468825,0.468825,-0.031732,-0.517529,-0.517529,-0.26306,-0.36697,-0.350866,0.109586,0.384088,0.114905,-1.0,223751.0,223996.2,2390.26802284648,219215.66395430706,228776.73604569296,223450.87600750994,4.546906757605029,-0.005188726631920318
2015-01-26,-0.126682,0.148539,-0.781501,0.193519,0.193519,-0.404935,-0.581308,-0.525967,-0.135759,0.214895,-0.070522,0.0,224184.0,223879.65,2316.6841157341855,219246.28176853163,228513.01823146836,223520.69734012804,73.47982252741349,0.0019333168199365857
2015-01-27,0.20315,0.741724,-0.027538,-1.192324,-1.192324,0.695315,0.577172,0.69038,0.956702,1.283548,1.085845,-1.0,221511.0,223630.2,2288.107045708629,219053.98590858275,228206.41409141727,223329.29759344918,-86.58105340824113,-0.011994893587004871
2015-01-28,2.551114,2.73531,0.0,-1.964237,-1.964237,2.368852,2.323402,2.606803,2.726078,3.115288,3.08295,-1.0,217160.0,223079.95,2457.1787304036184,218165.5925391928,227994.30746080723,222741.74544169212,-558.0865140027308,-0.01983784061440204
2015-01-29,-0.90819,0.173638,-1.662742,1.306871,1.306871,0.601278,0.917963,1.177647,1.213238,1.644688,1.767183,1.0,219998.0,222667.1,2224.5660700438066,218217.9678599124,227116.2321400876,222480.43635200715,-694.7465014884074,0.01298404636469764
2015-01-30,1.869224,1.869224,0.0,-1.878653,-1.878653,1.796771,2.588655,2.780812,2.916337,3.372793,3.675569,-1.0,215865.0,222160.35,2555.1765882926165,217049.99682341478,227270.70317658523,221850.39479467314,-1123.5969589032466,-0.018965243111701464
2015-02-02,-1.862335,0.0,-2.248523,1.961874,1.961874,-0.53303,0.45502,0.664607,0.856588,1.267188,1.63983,1.0,220100.0,221985.35,2571.192336045222,216842.96532790957,227127.73467209045,221683.6905285138,-1108.9516254373302,0.019428776242169283
2015-02-03,-0.17238,0.230441,-1.466359,0.946388,0.946388,-1.405058,-0.50715,-0.286371,-0.061886,0.240072,0.580167,1.0,222183.0,222045.5,2560.484606679551,216924.53078664088,227166.46921335912,221731.24381151248,-918.67449379951,0.009419378095488882
2015-02-04,0.440218,0.781353,-0.095916,-0.520292,-0.520292,-0.539482,0.019183,0.175635,0.473856,0.635162,1.002773,-1.0,221027.0,222074.35,2544.76369029896,216984.82261940208,227163.87738059793,221664.1729723208,-851.3442682280147,-0.005216500626835099
2015-02-05,-1.053171,0.134931,-1.22907,1.598447,1.598447,-1.697987,-1.570226,-1.320805,-1.082851,-1.013947,-0.633209,1.0,224560.0,222128.35,2587.265438641788,216953.81912271644,227302.88087728358,221939.96602257597,-507.05598017934244,0.01585806605255729
2015-02-06,0.053362,1.142832,-0.22412,0.142501,0.142501,-1.036108,-1.660085,-1.361319,-1.263629,-1.174724,-0.815368,0.0,224880.0,222038.35,2448.167591333049,217142.0148173339,226934.68518266611,222219.9692585211,-206.00896270328667,0.0014239945446494263
2015-02-09,0.243304,0.243304,-0.353125,-0.39132,-0.39132,-0.299107,-1.281964,-0.962351,-0.890804,-0.779339,-0.46314,0.0,224000.0,222004.6,2414.3249334339484,217175.9501331321,226833.2498668679,222389.4959958048,-37.99766453594202,-0.003920874743236551
2015-02-10,0.048858,0.302034,-0.777738,0.508929,0.508929,-0.541263,-1.620636,-1.389683,-1.332327,-1.207835,-0.987282,0.0,225140.0,222140.4,2513.503916215843,217113.3921675683,227167.4078324317,222651.44875810912,185.0083116866881,0.005076379071618059
2015-02-11,0.314627,0.422027,-0.469712,-0.331794,-0.331794,0.089842,-0.970797,-0.957487,-0.972824,-0.808671,-0.713703,0.0,224393.0,222210.05,2557.4926963914313,217095.06460721712,227325.03539278285,222817.31078114634,298.0299932094349,-0.003323452060569085
2015-02-12,0.240577,0.481155,-0.196026,0.029858,0.029858,0.051056,-0.801568,-1.000564,-0.944868,-0.820814,-0.799697,0.0,224460.0,222339.15,2604.583920198892,217129.98215960222,227548.31784039777,222973.75737341814,388.5281198360026,0.00029853872202084247
2015-02-13,0.599852,0.732853,-0.235897,-0.848704,-0.848704,0.698524,0.348139,-0.188987,-0.07351,-0.046011,-0.002172,-1.0,222555.0,222391.4,2597.5473330352634,217196.30533392946,227586.49466607053,222933.8757188069,303.0377276506915,-0.008523255517243169
2015-02-17,-0.15674,0.31348,-0.364532,0.334749,0.334749,0.299866,0.15665,-0.54838,-0.41395,-0.40412,-0.340275,0.0,223300.0,222375.65,2590.6835772356712,217194.28284552865,227557.01715447134,222968.74469796813,292.034853686142,0.0033418967752455266
2015-02-18,0.29623,0.359066,-0.18851,-0.223914,-0.223914,0.314901,0.409111,-0.286625,-0.186782,-0.17386,-0.089393,0.0,222800.0,222383.85,2591.8103056582877,217200.22938868342,227567.4706113166,222952.67377435212,240.20029597956454,-0.0022416507929832632
2015-02-19,0.341317,0.480823,-0.34538,-0.585727,-0.585727,0.644258,1.021829,0.431342,0.41484,0.387115,0.514985,-1.0,221495.0,222413.85,2577.10070213361,217259.64859573278,227568.05140426723,222813.8477006043,92.74928585646558,-0.005874492186151928
2015-02-20,-1.066338,0.0,-1.416405,0.724621,0.724621,-0.201703,0.229628,-0.198476,-0.348229,-0.313169,-0.213805,1.0,223100.0,222323.1,2515.612845702593,217291.87430859482,227354.3256914052,222841.10030054676,104.20220629154937,0.00722008557150989
2015-02-23,0.81448,0.81448,-0.319457,-0.941282,-0.941282,0.605882,1.006471,0.904766,0.536448,0.624851,0.648718,-1.0,221000.0,222185.55,2508.6287610000372,217168.2924779999,227202.80752200008,222665.7574147804,-55.53356494923355,-0.009457399920734019
2015-02-24,-0.986997,0.270809,-1.094425,1.088235,1.088235,-0.46776,-0.107518,-0.082869,-0.563282,-0.462156,-0.453735,1.0,223405.0,222146.6,2481.87175545325,217182.8564890935,227110.3435109065,222736.1614705156,11.802039519650862,0.01082356624558122
2015-02-25,0.500325,0.500325,-0.078526,-0.24619,-0.24619,-0.217182,0.036481,0.183827,-0.287721,-0.212569,-0.201611,0.0,222855.0,222213.8,2481.9515581155806,217249.89688376882,227177.70311623116,222747.47942570457,20.548714935197495,-0.002464932005908031
2015-02-26,0.313161,0.526434,-0.112486,-0.271477,-0.271477,0.122385,0.212373,0.493228,0.098223,0.083456,0.058808,0.0,222250.0,222468.3,2178.925353179171,218110.44929364164,226826.15070635834,222700.1004327803,-21.09475834251498,-0.0027184613634119548
2015-02-27,0.483769,0.483769,-0.144679,-0.48144,-0.48144,0.433131,0.548874,0.877506,0.609187,0.500081,0.532342,0.0,221180.0,222527.4,2123.7265757180608,218279.94684856388,226774.8531514361,222555.3289629917,-138.8371404450445,-0.004826024746800058
2015-03-02,0.696572,0.696572,-0.619427,-0.368478,-0.368478,0.746943,0.821365,1.114,1.083384,0.81031,0.886832,0.0,220365.0,222752.4,1538.4540565777463,219675.4918868445,225829.30811315548,222346.72620461154,-294.5175008907099,-0.0036915871567138143
2015-03-03,0.721461,0.721461,-0.485845,-0.619427,-0.619427,0.972603,1.253425,1.592024,1.688311,1.343963,1.445403,-1.0,219000.0,222697.4,1653.6205381527375,219390.15892369451,226004.64107630547,222027.99037560093,-522.0218573550519,-0.00621353267399921
2015-03-04,0.408066,0.408066,-0.511001,-0.63379,-0.63379,1.134772,1.660846,2.009387,2.231885,1.918699,2.015499,-1.0,217612.0,222468.85,2006.656561361035,218455.53687727795,226482.16312272206,221607.41986363893,-805.0406909683661,-0.006358069296432924
2015-03-05,-0.8041,0.146697,-0.911162,0.867599,0.867599,0.014305,0.695535,0.983356,1.317768,1.084702,1.116841,1.0,219500.0,222392.5,2091.6537526662496,218209.1924946675,226575.8075053325,221406.71320995904,-866.9951538737514,0.008638571995158103
2015-03-06,0.303458,1.161733,-0.075865,-0.313895,-0.313895,0.1127,0.816595,1.129224,1.505432,1.381302,1.342254,0.0,218811.0,222105.05,2171.609019644385,217761.83196071122,226448.26803928876,221159.5024280582,-960.6176515474799,-0.0031438890080715065
2015-03-09,-0.725624,0.156463,-0.726077,0.771899,0.771899,-0.641905,0.021678,0.292457,0.628594,0.688816,0.516841,1.0,220500.0,221886.05,2096.594317983563,217692.86136403287,226079.2386359671,221096.69267300502,-888.2863588241162,0.007689351379746196
2015-03-10,1.034959,1.034959,-0.229991,-1.405896,-1.405896,0.627691,1.171711,1.541644,1.911707,2.074903,1.846136,-1.0,217400.0,221556.05,2259.439927688434,217037.17014462312,226074.92985537686,220744.62670414738,-1068.7870684131922,-0.01415872019979166
2015-03-11,0.112644,0.627586,-0.328736,0.045998,0.045998,0.571126,0.878989,1.332506,1.689218,1.941848,1.737839,0.0,217500.0,221174.05,2267.443157180228,216639.16368563953,225708.93631436044,220435.61463708573,-1190.0478856876725,0.0004598758416297593
2015-03-12,-0.408826,0.0,-0.990004,1.102529,1.102529,-0.489409,-0.328061,0.179053,0.478085,0.80963,0.669886,1.0,219898.0,220949.3,2151.3898102808794,216646.52037943824,225252.07962056174,220384.41324307755,-1080.1975529461924,0.010964951947415176
2015-03-13,1.097099,1.097099,-0.314575,-1.264223,-1.264223,0.628783,0.761061,1.278076,1.595538,1.963301,1.914658,-1.0,217118.0,220582.2,2147.209709561043,216287.78058087794,224876.6194191221,220073.32626754636,-1203.5889155795157,-0.01272281792796796
2015-03-16,-0.524824,0.18132,-0.524824,1.09802,1.09802,-0.555075,-0.372616,0.132603,0.42257,0.757879,0.862999,1.0,219502.0,220429.55,2107.7367875948526,216214.07642481028,224645.0235751897,220018.91424206574,-1096.3703089181217,0.010920359542841644
2015-03-17,0.354071,0.354071,-0.622141,-0.41093,-0.41093,-0.03495,0.020174,0.399238,0.729437,1.074822,1.256313,0.0,218600.0,220194.55,2031.486400978294,216131.5771980434,224257.52280195657,219883.77955234522,-1071.8272944806376,-0.004117768348589418
2015-03-18,-0.603098,0.385527,-1.139741,0.502745,0.502745,-0.334822,-0.385163,-0.198757,0.154985,0.470152,0.712111,0.0,219699.0,220039.5,1938.368725444381,216162.76254911124,223916.23745088876,219866.18149974092,-952.7143652834056,0.005014851976410997
2015-03-19,0.778899,0.778899,-0.135321,-0.773331,-0.773331,0.267798,0.322385,0.449083,0.85539,1.135872,1.450734,-1.0,218000.0,219864.75,1957.6909297198251,215949.36814056034,223780.13185943966,219688.44992833704,-984.0678895273595,-0.007763364929760243
2015-03-20,0.412277,0.577187,0.0,0.137615,0.137615,0.238296,0.161109,0.223087,0.606848,0.884013,1.215728,0.0,218300.0,219624.75,1830.27351637083,215964.20296725834,223285.29703274166,219556.21660182875,-973.4865436840046,0.0013752007668091596
2015-03-23,0.23051,0.618808,-0.167851,0.158497,0.158497,0.001372,-0.082188,0.012074,0.39381,0.652854,0.960518,0.0,218646.0,219507.05,1812.7863831804036,215881.4772336392,223132.6227663608,219469.5293064165,-926.5013121123193,0.0015837200584002868
2015-03-24,0.539158,0.578328,-0.002765,-0.750528,-0.750528,0.610585,0.655192,0.70708,1.00553,1.297961,1.616537,-1.0,217005.0,219187.05,1645.6631194212823,215895.72376115742,222478.37623884255,219234.81222961494,-1010.0370843896235,-0.007533588864635228
2015-03-25,0.322581,0.487558,-0.282949,-0.002304,-0.002304,0.364147,0.63447,0.690599,0.872949,1.193382,1.49384,0.0,217000.0,218894.3,1470.2526492489385,215953.7947015021,221834.80529849787,219021.9729696516,-1064.373805297626,-2.3041209203668727e-05
2015-03-26,-0.139197,0.240474,-0.358861,-0.35023,-0.35023,0.554107,0.818997,0.943982,1.088513,1.451831,1.724874,0.0,216240.0,218593.8,1358.206929429378,215877.38614114124,221310.21385885874,218757.0231630181,-1155.4424748945166,-0.0035084515722673877
2015-03-27,-0.069124,0.175115,-0.571889,0.351461,0.351461,0.08212,0.460461,0.534808,0.638157,0.984074,1.254009,0.0,217000.0,218384.8,1257.1467945908614,215870.50641081826,220899.09358918172,218589.68762368304,-1152.9983559189423,0.0035084515722673517
2015-03-30,-0.773782,0.13655,-0.773782,1.24424,1.24424,-1.051889,-0.765134,-0.724989,-0.613769,-0.280637,-0.033667,1.0,219700.0,218351.55,1209.9236807129998,215931.702638574,220771.39736142597,218695.43165952276,-922.5592501013889,0.012365625850104887
2015-03-31,0.873563,0.873563,0.0,-1.001365,-1.001365,-0.005517,0.188046,0.282238,0.357034,0.619421,0.888598,-1.0,217500.0,218276.55,1214.09574212451,215848.35851575097,220704.741484249,218581.5810252825,-907.0008708984533,-0.010064128861825698
2015-04-01,0.739713,0.776699,-0.074896,-0.551724,-0.551724,0.484512,0.586731,0.801603,0.883472,1.056422,1.348143,-1.0,216300.0,218210.95,1285.2523190706456,215640.44536185873,220781.4546381413,218364.28759430323,-980.2015610283706,-0.005532517569725667
2015-04-02,-0.159815,0.163048,-0.369515,0.092464,0.092464,0.415704,0.424527,0.603849,0.720993,0.856831,1.177614,0.0,216500.0,218060.95,1301.8468045910433,215457.25639081793,220664.6436091821,218186.73639484576,-1010.4277249645675,0.0009242144835313797
2015-04-06,-0.386083,0.520633,-0.463299,-0.103926,-0.103926,0.453127,0.435372,0.682526,0.767148,0.871039,1.177683,0.0,216275.0,217934.15,1347.6446226434327,215238.86075471313,220629.43924528686,218004.66626200333,-1040.543064516125,-0.001039801376106498
2015-04-07,0.417633,0.687239,-0.018561,-0.35834,-0.35834,0.424594,0.65058,0.920804,1.013527,1.143499,1.456473,0.0,215500.0,217684.15,1309.8468080347507,215064.4563839305,220303.8436160695,217766.126618003,-1114.1030249680043,-0.0035898365226355693
2015-04-08,0.545553,0.830432,-0.022343,-0.311833,-0.311833,0.489973,0.864087,1.119438,1.269644,1.382203,1.640754,0.0,214828.0,217555.55,1457.1848661728186,214641.18026765436,220469.91973234562,217486.30503533606,-1212.6459794534894,-0.003123201586908765
2015-04-09,-0.322471,0.054287,-0.474659,0.323515,0.323515,0.093818,0.470298,0.664183,0.897213,1.016504,1.199594,0.0,215523.0,217456.7,1526.5563964595485,214403.5872070809,220509.8127929191,217299.3236033993,-1220.5910750822222,0.0032299244301066217
2015-04-10,-0.051577,0.296918,-0.258351,-0.144764,-0.144764,0.119139,0.56814,0.723724,0.934594,1.083235,1.237282,0.0,215211.0,217222.35,1491.412939214314,214239.5241215714,220205.17587842862,217100.4356411708,-1237.794884192117,-0.0014486901640747417
2015-04-13,-0.106506,0.097245,-0.291271,0.343384,0.343384,-0.253577,0.175365,0.306491,0.562144,0.684325,0.81011,0.0,215950.0,217163.95,1518.3389980997795,214127.27200380046,220200.62799619956,216990.87034201168,-1178.216160455544,0.0034279571837844795
2015-04-14,0.317135,0.457047,-0.3731,-0.708497,-0.708497,0.357429,0.643923,0.890837,1.161202,1.289339,1.437024,-1.0,214420.0,216909.85,1531.651337091414,213846.54732581717,219973.15267418284,216746.02554753437,-1240.1619904572726,-0.007110190978616384
2015-04-15,-0.193315,0.382439,-0.193315,0.118925,0.118925,0.223966,0.39278,0.698637,0.949622,1.118249,1.249377,0.0,214675.0,216713.6,1554.9721067030534,213603.6557865939,219823.5442134061,216548.7850191978,-1254.220267632918,0.001188548130454777
2015-04-16,-0.07931,0.334033,-0.396548,-0.151392,-0.151392,0.26648,0.454024,0.768898,0.97791,1.212783,1.352165,0.0,214350.0,216446.15,1472.2740832836992,213501.6018334326,219390.6981665674,216339.37692213134,-1276.8674048203102,-0.0015150635145623063
2015-04-17,0.003756,0.170437,-0.479853,-0.638209,-0.638209,0.701186,0.93407,1.314164,1.508696,1.732992,1.901147,-1.0,212982.0,216195.25,1614.263686636472,212966.72262672705,219423.77737327295,216019.62673907122,-1389.1878980033507,-0.006402537947735773
2015-04-20,-0.046707,0.360579,-0.238206,0.524927,0.524927,0.002522,0.305418,0.694816,0.880546,1.145371,1.295687,0.0,214100.0,215985.25,1599.1642183846172,212786.92156323078,219183.57843676922,215836.80514487394,-1372.1718980982841,0.005235540499386691
2015-04-21,0.618441,0.665292,-0.153673,-0.308267,-0.308267,0.219921,0.519069,0.810657,1.070535,1.344528,1.498657,0.0,213440.0,215724.95,1566.638757774679,212591.67248445065,218858.22751554937,215608.5379882193,-1395.8525603025628,-0.003087432868378258
2015-04-22,-0.413895,0.051679,-0.665304,0.632028,0.632028,-0.398903,-0.114065,0.093363,0.384168,0.637053,0.820666,1.0,214789.0,215614.15,1549.613271787086,212514.92345642584,218713.37654357415,215530.48675124603,-1290.8860983794439,0.006300388167846581
2015-04-23,-0.298035,0.388842,-0.344603,-0.022813,-0.022813,-0.339853,-0.127736,0.067772,0.354452,0.567645,0.800829,0.0,214740.0,215501.15,1525.4490719280313,212450.25185614394,218552.04814385605,215455.20229874642,-1197.8452966062468,-0.0002281568891160804
2015-04-24,0.058278,0.191151,-0.218192,-0.11642,-0.11642,-0.083081,-0.044944,0.121933,0.430626,0.619404,0.834274,0.0,214490.0,215413.65,1531.0179370855549,212351.6141258289,218475.6858741711,215363.2782702944,-1131.2424428340455,-0.0011648767712859795
2015-04-27,0.936096,1.004304,-0.071971,-0.888153,-0.888153,0.669756,0.692476,0.903419,1.226756,1.413533,1.666784,-1.0,212585.0,215192.9,1606.6710566273723,211979.55788674526,218406.24211325473,215098.68033979015,-1218.1348799887346,-0.008921208848904976
2015-04-28,-1.231699,0.0,-1.37346,1.206576,1.206576,-0.371462,-0.474041,-0.310388,-0.085801,0.139493,0.387296,1.0,215150.0,214965.4,1207.4159183950183,212550.56816320994,217380.23183679004,215103.5679264768,-1067.715736676997,0.011993550898810278
2015-04-29,-0.093284,0.279851,-0.419776,-0.348594,-0.348594,-0.059235,-0.138713,0.025031,0.191418,0.441194,0.673165,0.0,214400.0,214810.4,1054.1694360935292,212702.06112781292,216918.73887218707,215036.5614572885,-997.5273396473203,-0.003492030087961666
2015-04-30,0.281162,0.611996,-0.278351,-0.466418,-0.466418,0.283505,0.284724,0.427429,0.592971,0.844386,1.046532,0.0,213400.0,214665.4,1037.8117362960438,212589.7765274079,216741.0234725921,214880.69846135628,-1010.9406771351642,-0.004675090328993903
2015-05-01,-0.525487,0.060241,-0.996293,1.124649,1.124649,-0.71038,-0.7,-0.67127,-0.541983,-0.285301,-0.11123,1.0,215800.0,214630.4,983.0422917465173,212664.31541650696,216596.48458349303,214968.25098884615,-818.4760193022084,0.011183713956381354
2015-05-04,-0.679466,0.369374,-0.892426,1.617238,1.617238,-1.679055,-2.043686,-2.150546,-2.056113,-1.830489,-1.685911,1.0,219290.0,214781.15,1393.8534724372353,211993.44305512554,217568.85694487445,215379.84613276555,-379.95270026722574,0.016043001924910233
2015-05-05,0.550459,1.03211,0.0,-0.588262,-0.588262,-0.83578,-1.254862,-1.462049,-1.419197,-1.280771,-1.114021,-1.0,218000.0,214906.15,1563.4892245413355,211779.17155091732,218033.12844908267,215629.3845963117,-134.9563369177049,-0.005899991959855576
2015-05-06,1.098698,1.14717,-0.36931,-0.633028,-0.633028,0.000923,-0.54127,-0.774444,-0.749815,-0.668119,-0.489982,-1.0,216620.0,214995.75,1609.4471713486253,211776.85565730275,218214.64434269725,215723.72892047247,-51.55512532568537,-0.006350396381497943
2015-05-07,-0.960132,0.128018,-1.108723,0.96944,0.96944,-0.472751,-1.314237,-1.593941,-1.629663,-1.577579,-1.419197,1.0,218720.0,215155.6,1810.7440866566508,211534.1118266867,218777.0881733133,216009.08807090364,181.8965945862874,0.009647706568048267
2015-05-08,-1.157574,0.0,-1.229361,1.901975,1.901975,-1.695083,-2.779747,-3.134602,-3.293678,-3.300108,-3.159877,1.0,222880.0,215539.05,2502.837305201691,210533.3753895966,220544.72461040338,216663.46063557948,694.5793199351465,0.0188411370558561
2015-05-11,1.571396,1.576406,0.0,-1.494078,-1.494078,-0.180369,-0.98793,-1.499916,-1.74491,-1.773755,-1.65235,-1.0,219550.0,215719.05,2658.5565627539004,210401.93687449218,221036.1631255078,216938.36914647667,822.6973603659135,-0.015053513023769172
2015-05-12,0.541322,0.541322,-0.390266,-0.797085,-0.797085,0.603306,-0.070707,-0.575023,-0.877847,-0.942277,-0.891215,-1.0,217800.0,215888.05,2678.983889756021,210530.08222048794,221246.01777951204,217020.4292277646,774.0981343744206,-0.008002786508866374
2015-05-13,0.041436,0.308932,-0.184162,-0.275482,-0.275482,0.934622,0.334254,-0.226366,-0.545902,-0.624954,-0.622038,0.0,217200.0,216014.3,2678.3054363756996,210657.6891272486,221370.91087275138,217037.53120607274,679.3369386902486,-0.0027586224390797514
2015-05-14,-0.604278,0.0,-0.765723,0.953039,0.953039,0.031924,-0.345236,-1.030541,-1.3726,-1.494742,-1.515058,1.0,219270.0,216260.3,2742.573207772807,210775.15358445438,221745.4464155456,217250.14728168485,762.4803102916339,0.009485259100629742
2015-05-15,0.575832,0.575832,-0.370472,-0.287317,-0.287317,-0.067691,0.071808,-0.618825,-0.959019,-1.148171,-1.198652,0.0,218640.0,216543.2,2677.6612065075064,211187.877586985,221898.52241301502,217382.51420723868,768.6754839361238,-0.002877305540597497
2015-05-18,-0.166572,0.11911,-0.447233,0.221826,0.221826,-0.327667,-0.157216,-0.639817,-1.063571,-1.309006,-1.37398,0.0,219125.0,216794.45,2672.0921721207214,211450.26565575856,222138.63434424147,217548.46523512073,803.4588765756926,0.002215801621585995
2015-05-19,-0.635209,0.11343,-0.975499,0.58186,0.58186,-0.66833,-0.625907,-1.055808,-1.478017,-1.771397,-1.870417,1.0,220400.0,217142.45,2665.4419101358626,211811.56617972828,222473.33382027174,217820.03997463305,923.2639975716593,0.005801734037360836
2015-05-20,0.170367,0.21592,-0.323424,-0.396552,-0.396552,-0.06095,-0.097893,-0.506212,-0.97788,-1.291929,-1.408398,0.0,219526.0,217379.3,2655.7549843377783,212067.79003132443,222690.80996867554,217982.51235800135,936.8860838497058,-0.003973400753245139
2015-05-21,0.486989,0.486989,0.0,-0.567587,-0.567587,0.41882,0.452217,0.210769,-0.331547,-0.65646,-0.803509,-1.0,218280.0,217556.3,2587.6877729971793,212380.92445400564,222731.67554599434,218010.84451438216,837.4858826846757,-0.005692034207483083
2015-05-22,0.359447,0.576037,-0.018433,-0.586403,-0.586403,0.86,0.773779,0.83874,0.314194,0.003594,-0.190906,-1.0,217000.0,217681.8,2490.177558664633,212701.4448826707,222662.15511732927,217914.5736082505,647.955971427873,-0.005881288777571652
2015-05-26,0.600371,0.834492,-0.01159,-0.599078,-0.599078,1.150301,1.202643,1.335528,0.990983,0.635976,0.406769,-1.0,215700.0,217837.55,2239.404302250949,213358.7413954981,222316.35860450187,217703.66183603616,388.3760583756666,-0.006008800145348862
2015-05-27,-0.616262,0.213852,-0.685247,0.806676,0.806676,0.068617,0.376242,0.50745,0.23549,-0.095751,-0.350411,1.0,217440.0,217952.05,2151.5797984132546,213648.8904031735,222255.2095968265,217678.5511849851,319.3789634387358,0.008034397007722967
2015-05-28,0.13788,0.13788,-0.574501,0.064386,0.064386,-0.174648,0.32912,0.472194,0.244071,-0.108723,-0.370025,0.0,217580.0,218111.05,1986.4323872057578,214138.18522558847,222083.9147744115,217669.16535784365,272.8498552865931,0.0006436485901031235
2015-05-29,1.061453,1.061453,0.0,-1.277691,-1.277691,0.793296,1.419507,1.650869,1.574046,1.185214,0.926397,-1.0,214800.0,218181.05,1830.20589796338,214520.63820407324,221841.46179592673,217395.9115142395,11.519643996027298,-0.012859236358226996
2015-06-01,-0.064995,0.473538,-0.111421,0.27933,0.27933,0.363974,0.986583,1.136212,1.281825,0.92026,0.682683,0.0,215400.0,218161.05,1859.5452040168461,214441.9595919663,221880.14040803368,217205.82470335954,-145.4942781717691,0.0027894020875785922
2015-06-02,0.130342,0.158272,-0.46504,-0.269266,-0.269266,0.553021,1.05884,1.262483,1.451238,1.234354,0.965692,0.0,214820.0,217937.55,1981.3512262018571,213974.84754759626,221900.2524524037,216978.60330303956,-313.1206356744806,-0.0026962965523872574
2015-06-03,0.420783,0.615098,-0.162628,-0.102411,-0.102411,0.391426,0.892171,1.266884,1.476025,1.327884,1.087217,0.0,214600.0,217767.55,2116.9322509839267,213533.68549803214,222001.41450196784,216752.06965513102,-458.43335866747657,-0.0010246379733028642
2015-06-04,0.858951,0.858951,-0.10584,-0.938956,-0.938956,0.873063,1.521979,2.082022,2.342969,2.254176,2.010819,-1.0,212585.0,217565.8,2404.7598982879426,212756.2802034241,222375.31979657587,216355.20587845187,-727.798787124455,-0.00943392181079967
2015-06-05,0.50104,0.709019,-0.085082,-0.48216,-0.48216,1.055493,1.696209,2.333648,2.669597,2.714804,2.454954,0.0,211560.0,217207.8,2734.2728197135852,211739.2543605728,222676.34563942716,215898.5196043136,-1012.3124557204428,-0.004833262188019265
2015-06-08,0.666667,0.666667,0.0,-0.737379,-0.737379,1.291905,2.118333,2.819556,3.125619,3.367352,3.144778,-1.0,210000.0,216563.8,2842.649960862774,210878.50007827443,222249.09992172554,215336.7558324742,-1348.1301452959597,-0.007401115480310473
2015-06-09,-0.143062,0.570815,-0.219361,-0.142857,-0.142857,0.948498,1.978302,2.667016,3.038293,3.332303,3.246479,0.0,209700.0,216071.3,3136.1705797447394,209798.95884051052,222343.64115948946,214799.92194366714,-1619.8034901736828,-0.0014295928095944335
2015-06-10,-0.614948,0.473037,-0.614948,0.810682,0.810682,-0.166036,0.872517,1.557584,2.058325,2.376462,2.35708,1.0,211400.0,215751.3,3273.98350797919,209203.3329840416,222299.26701595838,214476.11985379408,-1678.5811422553961,0.008074135528262963
2015-06-11,-0.075493,0.377465,-0.245352,0.25544,0.25544,-0.481268,0.349391,1.060206,1.6742,2.027291,2.057595,0.0,211940.0,215488.3,3361.5808326932042,208765.13833461358,222211.4616653864,214234.58462962322,-1662.425956367806,0.002551142310552659
2015-06-12,0.612071,0.612071,-0.35111,-0.556761,-0.556761,0.0,0.719539,1.388151,2.041564,2.447447,2.58724,-1.0,210760.0,215062.8,3396.1189087101925,208270.5621825796,221855.03781742038,213903.67180775435,-1724.9547884345811,-0.0055831704056049135
2015-06-15,0.28667,0.477783,-0.35786,-0.692731,-0.692731,0.630674,1.130674,1.850135,2.530244,2.902551,3.199331,-1.0,209300.0,214595.8,3518.302320871024,207559.19535825794,221632.40464174203,213465.22687368252,-1870.754246168537,-0.006951415889131007
2015-06-16,-0.195461,0.114416,-0.533944,0.21978,0.21978,0.415713,0.667668,1.437993,2.082165,2.490198,2.821574,0.0,209760.0,214127.55,3506.9609046631913,207113.6281906736,221141.47180932638,213112.34812380798,-1926.970297143358,0.002195390563435656
2015-06-17,-0.071378,0.499643,-0.423507,0.185927,0.185927,0.110397,0.269094,1.018479,1.648846,2.154385,2.506242,0.0,210150.0,213615.05,3283.939153788269,207047.17169242346,220182.9283075765,212830.21973106437,-1917.9433251476148,0.0018575414357359069
2015-06-18,-1.473955,0.163513,-1.473955,1.855817,1.855817,-1.516468,-1.489372,-0.932025,-0.331114,0.234263,0.598552,1.0,214050.0,213341.25,2979.326961703108,207382.5960765938,219299.9039234062,212946.38928048682,-1577.9028960894793,0.018388071139829407
2015-06-19,0.631951,1.225259,-0.141376,-0.864284,-0.864284,-0.522149,-0.600377,-0.150016,0.394557,0.974854,1.37317,-1.0,212200.0,213037.25,2750.256196199031,207536.73760760194,218537.76239239806,212875.30458710712,-1441.086002712429,-0.00868040641107232
2015-06-22,0.517452,0.762066,-0.272838,0.179076,0.179076,-0.391382,-0.656694,-0.416941,0.111135,0.680327,1.030451,0.0,212580.0,212816.25,2587.8577174535426,207640.5345650929,217991.9654349071,212847.18034071598,-1287.1572571581928,0.0017891619255528443
2015-06-23,0.4521,0.660689,-0.108542,-0.31988,-0.31988,0.13025,-0.234073,-0.18924,0.342732,0.867032,1.234324,0.0,211900.0,212626.25,2503.099591663088,207620.0508166738,217632.4491833262,212756.97268921923,-1206.1343681096332,-0.0032039228311822165
2015-06-24,0.589074,0.798575,-0.052257,-0.660689,-0.660689,0.829454,0.386698,0.344735,0.845249,1.349758,1.792019,-1.0,210500.0,212279.25,2270.9285574743303,207737.39288505135,216821.10711494865,212542.0229092936,-1240.5906873096246,-0.006628812151817248
2015-06-25,0.429389,0.725191,0.0,-0.427553,-0.427553,0.837786,0.706107,0.680662,1.087906,1.595515,2.108238,0.0,209600.0,211880.25,1971.9296420391288,207936.39071592173,215824.10928407827,212261.83025126564,-1325.2434651750373,-0.004284700675548958
2015-06-26,0.047642,0.266794,-0.416865,0.14313,0.14313,0.474512,0.521201,0.48404,0.826703,1.290615,1.813498,0.0,209900.0,211635.25,1892.8893780047388,207849.47124399053,215421.02875600947,212036.8940368594,-1352.5327530733193,0.0014302743797001047
2015-06-29,1.765854,1.765854,0.0,-2.334445,-2.334445,2.136585,2.714146,2.723252,2.983049,3.477561,4.025301,-1.0,205000.0,211115.25,2206.721475639264,206701.80704872147,215528.69295127853,211366.7136523966,-1749.3829615056457,-0.023621247688179116
2015-06-30,0.87381,1.030022,-0.024408,-0.073171,-0.073171,1.523066,2.54967,2.640631,2.815109,3.341469,3.869189,0.0,204850.0,210616.75,2439.5956713088212,205737.55865738235,215495.94134261765,210746.07425693027,-2052.335313280142,-0.0007319751455280968
2015-07-01,0.181717,0.627529,-0.438543,0.739566,0.739566,0.377002,1.613403,1.724453,1.860781,2.368134,2.879946,1.0,206365.0,210205.0,2426.8373397653554,205351.3253204693,215058.6746795307,210328.8290896036,-2145.448006969207,0.007368441591880855
2015-07-02,0.474449,0.536608,0.0,-0.214184,-0.214184,0.235331,1.436848,1.748,1.917659,2.361426,2.880575,0.0,205923.0,209871.9,2537.6456328435665,204796.60873431287,214947.1912656871,209909.22631916517,-2229.2092569310917,-0.0021441330784990956
2015-07-06,-0.301703,0.379562,-0.418491,-0.205417,-0.205417,0.013431,1.319611,1.786796,1.98,2.391105,2.885045,0.0,205500.0,209568.9,2683.094342848752,204202.7113143025,214935.0886856975,209489.3000030542,-2303.173663517402,-0.0020562785699725374
2015-07-07,-1.107374,0.0,-1.830411,1.289538,1.289538,-0.957194,-0.183137,0.454096,0.637233,0.94822,1.433469,1.0,208150.0,209476.4,2699.2904993711645,204077.81900125765,214874.98099874234,209361.74762181094,-2123.479980204458,0.012812939704695098
2015-07-08,-0.04171,0.414189,-0.313309,-0.94355,-0.94355,0.115818,0.490528,1.2954,1.510626,1.742291,2.245852,-1.0,206186.0,209300.7,2796.58193815908,203707.53612368184,214893.86387631818,209059.29546735276,-2115.1674935040064,-0.0094802996104442
2015-07-09,0.028882,0.365842,-0.211803,0.753688,0.753688,-0.500722,-0.39405,0.460319,0.663185,0.849119,1.325359,1.0,207740.0,209117.7,2771.6182257788023,203574.4635484424,214660.93645155762,208933.64827998582,-1960.5845766474667,0.007508623769125049
2015-07-10,-0.095329,0.333651,-0.49571,0.991624,0.991624,-1.108103,-1.362536,-0.661138,-0.376215,-0.194204,0.206848,1.0,209800.0,209010.7,2697.236989762478,203616.22602047506,214405.17397952496,209016.1579676062,-1652.7992762424983,0.00986739816253144
2015-07-13,-0.321179,0.245607,-0.321179,0.915157,0.915157,-1.417344,-2.171075,-1.577114,-1.25699,-1.096278,-0.750378,1.0,211720.0,209058.7,2738.2364301433126,203582.2271397134,214535.17286028664,209273.6667325961,-1239.6592343156226,0.009109951027589986
2015-07-14,-0.031639,0.357941,-0.161498,0.022199,0.022199,-1.097621,-1.873238,-1.624553,-1.220658,-1.084853,-0.829591,0.0,211767.0,209182.05,2804.443794652328,203573.16241069534,214790.93758930464,209511.1270437774,-898.0975577710196,0.0002219666728517538
2015-07-15,-0.608045,0.091674,-0.832554,0.960017,0.960017,-1.325819,-2.387699,-2.500748,-2.065458,-1.948718,-1.788494,1.0,213800.0,209384.05,2987.7693752144164,203408.51124957117,215359.5887504288,209919.59113484624,-458.0808874552313,0.009554384928306436
2015-07-16,-0.669136,0.0,-0.696921,1.005613,1.005613,-1.547858,-2.915675,-3.303203,-2.906205,-2.840639,-2.74545,1.0,215950.0,209674.05,3328.12236419396,203017.80527161207,216330.2947283879,210493.9157886704,63.39178458659444,0.01000590081576532
2015-07-17,-0.064827,0.018985,-0.213002,0.004631,0.004631,-0.981941,-2.455408,-3.111348,-2.86648,-2.77068,-2.697861,0.0,215960.0,209769.55,3484.049330047704,202801.45133990457,216737.6486600954,211014.49523736845,472.0283021738869,4.6305943376036256e-05
2015-07-20,-0.295639,0.286401,-0.295639,0.240785,0.240785,-0.780026,-2.182511,-3.141445,-3.000947,-2.89854,-2.85583,0.0,216480.0,209983.55,3761.582302491375,202460.38539501725,217506.71460498273,211535.0195004762,828.2873595180572,0.002404959072391642
2015-07-21,0.539398,0.546349,-0.431426,-0.315965,-0.315965,-0.092124,-1.518147,-2.500911,-2.618978,-2.470352,-2.458387,0.0,215796.0,210144.35,3942.791000173333,202258.76799965333,218029.9320003467,211940.8271670975,1043.4044288388395,-0.003164647451417782
2015-07-22,0.055715,0.195004,-0.325007,-0.192775,-0.192775,0.247562,-0.901059,-1.986659,-2.350102,-2.177602,-2.182081,0.0,215380.0,210318.35,4098.077986914993,202122.19402617,218514.50597383,212268.36743689774,1166.867609317036,-0.0019296070703253053
2015-07-23,0.554983,0.67441,-0.157831,-0.86359,-0.86359,0.893218,0.232906,-0.909454,-1.428742,-1.262327,-1.296881,-1.0,213520.0,210469.35,4160.289505044637,202148.77098991073,218789.92901008928,212387.57053814558,1101.9243164231593,-0.008673404804466205
2015-07-24,0.598023,0.659334,-0.097627,-0.69689,-0.69689,1.230758,1.041588,-0.021978,-0.679638,-0.607474,-0.602755,-1.0,212032.0,210590.95,4169.075001218435,202252.79999756315,218929.10000243687,212353.7066773698,919.7844223732536,-0.0069932984188380625
2015-07-27,0.510144,0.605054,-0.009491,-0.616416,-0.616416,1.312421,1.62107,0.763428,-0.044038,-0.019001,0.013193,-1.0,210725.0,210632.2,4165.958960809972,202300.28207838006,218964.11792161997,212198.59175571555,662.3382441589492,-0.006183240793884784
2015-07-28,-1.575612,0.115765,-1.575612,2.071895,2.071895,-0.809611,-0.287134,-1.066773,-1.838408,-2.001757,-1.927169,1.0,215091.0,211136.75,4057.5911557027184,203021.56768859457,219251.93231140543,212474.05920755214,801.372284086101,0.02050722851059522
2015-07-29,0.359742,0.534714,-0.149309,-0.358453,-0.358453,-0.551698,0.095838,-0.457851,-1.264348,-1.60405,-1.503437,0.0,214320.0,211610.25,3831.6046092431807,203947.04078151364,219273.45921848636,212649.8630925472,839.6653662616736,-0.003590969157787717
2015-07-30,-0.169969,0.0,-0.691052,0.198302,0.198302,-0.634427,-0.158374,-0.437387,-1.264639,-1.719714,-1.627046,0.0,214745.0,212029.25,3683.1442070593016,204662.9615858814,219395.5384141186,212849.39994087603,894.001366641256,0.0019810524698828523
2015-07-31,0.560748,0.747664,0.0,-0.346923,-0.346923,-0.104579,0.097617,0.040062,-0.732196,-1.295327,-1.285358,0.0,214000.0,212433.1,3411.136126524203,205610.8277469516,219255.3722530484,212958.98089888782,866.9540579170862,-0.0034752626843846464
2015-08-03,0.421546,0.444965,-0.9274,-0.233645,-0.233645,0.389321,0.192459,0.32993,-0.312365,-0.996721,-1.03388,0.0,213500.0,212833.1,2999.5749154969258,206833.95016900616,218832.24983099385,213010.5065275652,795.9972883136361,-0.002339182353172266
2015-08-04,-0.487976,0.226477,-0.487976,0.30445,0.30445,-0.003269,-0.188513,0.099588,-0.474854,-1.126313,-1.30983,0.0,214150.0,213133.1,2799.946839719859,207533.20632056028,218732.99367943974,213119.02971541614,783.1850353387126,0.003039871392700766
2015-08-05,-0.177044,0.371281,-0.177044,0.490777,0.490777,-0.409756,-0.684291,-0.345878,-0.75146,-1.416796,-1.740683,0.0,215201.0,213583.85,2304.5132440711113,208974.82351185777,218192.87648814224,213317.31259966223,848.0622156536556,0.004895771055601574
2015-08-06,-0.171574,0.014375,-0.499884,0.208642,0.208642,-0.533179,-0.792302,-0.56264,-0.774704,-1.449831,-1.865662,0.0,215650.0,213979.35,1890.3471214217313,210198.65575715655,217760.04424284346,213539.4733044563,925.0450524741027,0.0020842479768705667
2015-08-07,-0.342518,0.019493,-0.790391,-0.086715,-0.086715,-0.311051,-0.546962,-0.491716,-0.557172,-1.187192,-1.689787,0.0,215463.0,214262.5,1638.7672677620726,210984.96546447586,217540.03453552414,213722.66632307952,959.9000379890203,-0.0008675220266052577
2015-08-10,-1.068277,0.0,-1.5281,-0.075651,-0.075651,-0.06837,-0.259173,-0.452918,-0.398746,-0.930311,-1.531754,0.0,215300.0,214441.5,1538.91426182771,211363.67147634458,217519.32852365542,213872.8885780243,963.2661942985724,-0.0007567966969295414
2015-08-11,-0.51049,0.132867,-0.801865,-0.371575,-0.371575,0.33697,0.085268,-0.121927,0.036434,-0.442406,-1.016876,0.0,214500.0,214578.15,1404.3895948788725,211769.37081024225,217386.92918975774,213932.61347535532,891.1084399052197,-0.0037226660022456385
2015-08-12,-0.070423,0.0,-0.941784,-0.699301,-0.699301,0.836901,0.728122,0.506948,0.722136,0.386667,-0.192269,-1.0,213000.0,214538.15,1438.6933499730544,211660.7633000539,217415.5366999461,213843.7931443691,704.7613851536589,-0.007017572658646535
2015-08-13,-0.208739,0.408565,-0.598072,0.086854,0.086854,0.518142,0.567535,0.409253,0.569881,0.401717,-0.172245,0.0,213185.0,214399.9,1428.697710280941,211542.5045794381,217257.2954205619,213781.05094014347,565.4893464149209,0.0008681676343360514
2015-08-14,-0.271987,0.120104,-0.280866,0.373385,0.373385,0.005701,0.19254,0.096457,0.149523,0.106383,-0.418075,0.0,213981.0,214300.95,1382.7529548708778,211535.44409025824,217066.45590974178,213800.09370774886,513.4273292103317,0.0037268926897357593
2015-08-17,0.187529,0.187529,-0.496953,-0.318253,-0.318253,0.137459,0.503047,0.496515,0.394726,0.455621,0.021753,0.0,213300.0,214141.95,1299.3142108107343,211543.32157837856,216740.57842162147,213752.46573558231,412.462189472164,-0.0031876005561920872
2015-08-18,0.565771,0.641207,-0.216879,-0.562588,-0.562588,0.477699,0.975012,0.971083,0.875601,1.03025,0.649725,-1.0,212100.0,213957.15,1314.4298053344758,211328.29038933103,216586.00961066896,213595.08804647924,232.9315279739094,-0.005641763906668126
2015-08-19,0.474699,0.84971,-0.408241,-0.678925,-0.678925,0.942372,1.449682,1.54546,1.453124,1.661236,1.408526,-1.0,210660.0,213721.15,1461.066023038668,210799.01795392265,216643.28204607734,213315.55585157644,-25.252682920428924,-0.006812402162240878
2015-08-20,0.816888,0.816888,-0.058693,-1.328207,-1.328207,1.788975,2.44061,2.691593,2.682669,2.874041,2.775527,-1.0,207862.0,213438.25,1963.4568569085689,209511.33628618286,217365.16371381714,212796.16957999772,-450.4482591719134,-0.01337106143354222
2015-08-21,2.133333,2.133333,-0.207407,-2.579596,-2.579596,3.350321,4.512988,5.032165,5.166247,5.332168,5.376757,-1.0,202500.0,212961.65,3131.9484144932344,206697.75317101352,219225.54682898647,211815.58200095032,-1206.1832746490254,-0.02613451142825986
2015-08-24,-1.318844,2.762685,-3.060126,-3.207407,-3.207407,5.01028,6.991811,7.917553,8.275631,8.404704,8.601362,-1.0,196005.0,212225.65,4910.056128684923,202405.53774263014,222045.76225736985,210309.8122865741,-2302.6573377761233,-0.03259971743737465
2015-08-25,3.599382,3.963955,-0.61792,-0.920895,-0.920895,4.142842,6.940937,8.235736,8.74413,8.967456,9.309234,-1.0,194200.0,211181.1,6295.1798845578605,198590.7402308843,223771.45976911573,208775.54444975752,-3279.465708171716,-0.009251613251994638
2015-08-26,-1.135162,0.044888,-2.892768,3.244078,3.244078,-0.142943,2.957257,4.346002,4.982594,5.246683,5.653466,1.0,200500.0,210490.1,6679.269144544026,197131.56171091195,223848.63828908806,207987.39735930445,-3504.834480325837,0.03192569088939924
2015-08-27,-0.897824,0.409876,-1.722455,2.214464,2.214464,-2.59149,0.324388,1.736964,2.468942,2.799063,3.18542,1.0,204940.0,209999.85,6710.293054036275,196579.26389192746,223420.43610807255,207697.1690393707,-3287.276287793269,0.02190300662494801
2015-08-28,-0.167524,0.0,-0.91505,0.197131,0.197131,-2.506136,-0.293605,1.208281,2.056573,2.466534,2.810081,0.0,205344.0,209567.05,6717.855418094082,196131.33916381182,223002.76083618816,207473.05770228777,-3047.134954181791,0.001969368196533047
2015-08-31,0.873447,0.873447,-0.452276,-1.369896,-1.369896,-0.507577,0.559519,2.193672,3.203263,3.727884,4.008456,-1.0,202531.0,209018.6,6826.7430887645905,195365.11382247083,222672.08617752919,207002.38554016512,-3048.663710421475,-0.013793660318288159
2015-09-01,0.934169,0.934169,-0.766109,-2.166088,-2.166088,2.093326,2.081617,3.905981,5.084333,5.682352,6.014296,-1.0,198144.0,208218.3,7125.196433856962,193967.90713228605,222468.69286771392,206158.7297744351,-3365.0789614876267,-0.02189892216266412
2015-09-02,0.220706,0.220706,-0.672151,0.613695,0.613695,1.35624,0.892155,2.816078,4.046072,4.73758,5.099803,1.0,199360.0,207426.25,7188.311329951656,193049.6273400967,221802.8726599033,205511.23170067937,-3477.631321023975,0.006118196511935721
2015-09-03,0.28047,1.159442,-0.182806,0.15299,0.15299,0.673027,0.327499,2.207598,3.48684,4.275481,4.707952,0.0,199665.0,206627.0,7114.090917253107,192398.81816549378,220855.18183450622,204954.4477291861,-3501.851758597739,0.0015287265680038497
2015-09-04,0.660556,0.660556,-0.763864,-1.584654,-1.584654,1.393988,1.637651,3.260272,4.670663,5.598282,6.130469,-1.0,196501.0,205678.9,7138.032346448387,191402.83530710323,219954.96469289676,204149.3574692636,-3733.3196027527447,-0.015973441812201308
2015-09-08,-0.762213,0.249252,-1.11665,2.085994,2.085994,-0.870389,-0.21012,0.728215,2.165454,3.18329,3.793586,1.0,200600.0,204943.9,6846.065984428882,191251.76803114224,218636.03196885774,203811.32342457183,-3545.1383455778123,0.020645355172944295
2015-09-09,2.730159,2.95873,-0.037587,-1.856929,-1.856929,0.876292,1.813841,2.118502,3.65087,4.784599,5.449007,-1.0,196875.0,204062.65,6683.679409576478,190695.29118084704,217430.00881915295,203150.72119366023,-3654.4534478416317,-0.018743865947937657
2015-09-10,-0.373914,0.68104,-0.424511,0.388063,0.388063,0.312185,1.275507,1.284531,2.861581,4.024105,4.760042,0.0,197639.0,203294.6,6482.1571977883195,190330.28560442338,216258.91439557663,202625.79536569258,-3637.507121149829,0.0038731246803380714
2015-09-11,-0.241518,0.0,-0.89649,0.349121,0.349121,-0.171533,0.589828,0.611711,2.129189,3.312859,4.11967,0.0,198329.0,202551.8,6130.815225262692,190290.1695494746,214813.43045052537,202216.57675943614,-3527.734276919451,0.003485133639101509
2015-09-14,0.369943,0.464074,-0.302635,-0.368579,-0.368579,0.308809,0.569945,0.818531,2.092455,3.333414,4.228164,0.0,197598.0,201732.65,5594.378750843751,190543.8924983125,212921.4075016875,201776.7123061565,-3459.8412020732358,-0.003692604094281866
2015-09-15,-0.856476,0.347708,-1.005996,0.863875,0.863875,-0.680264,-0.453275,0.065427,0.866963,2.127373,3.098066,1.0,199305.0,201032.9,4904.033226254501,191224.833547491,210840.966452509,201541.3111341416,-3231.049292127398,0.008601650906325623
2015-09-16,0.102801,0.54359,-0.007522,0.055192,0.055192,-0.480305,-0.44445,0.184573,0.493268,1.768453,2.794892,0.0,199415.0,200398.65,4161.431513250159,192075.78697349966,208721.51302650032,201338.8053118424,-3006.200367900514,0.000551765664078758
2015-09-17,0.663806,1.63049,0.0,-0.659429,-0.659429,0.226855,0.152802,0.768837,0.843337,2.14314,3.1895,-1.0,198100.0,199770.65,3411.5403262113823,192947.56934757723,206593.73065242276,201030.3476630955,-2900.6782720771735,-0.006616126670954483
2015-09-18,2.575442,2.748699,0.0,-2.978294,-2.978294,2.665765,2.838814,3.420257,3.531504,4.841915,5.950434,-1.0,192200.0,198987.55,3250.2099118443034,192487.1301763114,205487.9698236886,200189.3621713721,-3255.603373388527,-0.030235457168313152
2015-09-21,-0.92477,0.141101,-1.026281,2.508845,2.508845,0.094609,0.348337,0.607513,0.85861,1.931662,3.045362,1.0,197022.0,198713.65,3168.4221754017194,192376.80564919655,205050.49435080343,199887.70863124143,-3111.916733408638,0.024778901093497223
2015-09-22,-0.197558,0.0,-0.837317,-0.830364,-0.830364,0.531563,0.921714,1.206125,1.687275,2.418413,3.568441,-1.0,195386.0,198682.7,3199.147865159771,192284.40426968047,205080.99573031956,199458.9744758851,-3094.385414525168,-0.008338308489580509
2015-09-23,0.466374,0.466374,-0.451463,-0.464209,-0.464209,0.492804,1.269186,1.55249,2.168692,2.533641,3.708301,0.0,194479.0,198696.65,3179.1176908229877,192338.41461835403,205054.88538164596,198984.69119246746,-3117.739675633289,-0.0046529010623672035
2015-09-24,-0.154799,0.330753,-0.619195,-0.349138,-0.349138,0.401135,1.425903,1.717028,2.353793,2.544892,3.741417,0.0,193800.0,198361.65,3328.5812257348216,191704.48754853036,205018.81245146962,198490.9110788991,-3154.6726189443725,-0.003497488621075734
2015-09-25,0.560066,0.89405,-0.262049,0.423117,0.423117,0.226801,0.807985,1.115644,1.657409,1.840674,2.986349,0.0,194620.0,197845.65,3042.7631361363465,191760.1237277273,203931.17627227269,198122.25288090872,-3082.2448951117985,0.004222239937177158
2015-09-28,0.05018,0.468172,-0.069838,-0.675676,-0.675676,0.524042,1.271669,1.693283,2.037557,2.343199,3.330402,-1.0,193305.0,197243.7,2646.299463898692,191951.10107220264,202536.29892779738,197663.46689225076,-3095.2745143869834,-0.006779686985378804
2015-09-29,-0.041834,0.061977,-0.837203,0.163472,0.163472,0.177667,0.812825,1.287016,1.640938,2.126918,2.822972,0.0,193621.0,196798.2,2452.218385569562,191893.7632288609,201702.63677113914,197278.47004536973,-3045.0011447092984,0.0016333876258310123
2015-09-30,-0.276583,0.274022,-1.080721,0.83617,0.83617,-0.575087,-0.23699,0.391279,0.723725,1.301352,1.682476,1.0,195240.0,196653.0,2454.311716143473,191744.37656771304,201561.62343228696,197084.3300410488,-2841.7613121161703,0.008326930984651608
2015-10-01,0.286606,2.049157,-0.581897,0.255583,0.255583,-0.630431,-0.611937,0.070638,0.374453,0.94581,1.169159,0.0,195739.0,196471.95,2376.432963276378,191719.08407344724,201224.81592655278,196956.2033704727,-2610.336812937894,0.002552568147857143
2015-10-02,-0.639386,0.0,-1.68798,-0.122101,-0.122101,-0.418926,-0.321637,0.096505,0.390639,0.876072,1.082063,0.0,195500.0,196263.7,2261.613259786331,191740.47348042735,200786.92651957268,196817.51733518956,-2418.339421126555,-0.0012217597413834288
2015-10-05,-1.138693,0.120366,-1.319997,1.565729,1.565729,-1.42465,-1.780763,-1.414242,-1.105101,-0.815669,-0.542335,1.0,198561.0,196366.7,2319.1660502043114,191728.3678995914,201005.03210040863,196983.56330326674,-1996.1723543669214,0.015535978279274401
2015-10-06,0.737088,1.031924,-0.055917,-0.927171,-0.927171,-0.187068,-0.793768,-0.579233,-0.278213,-0.005612,0.400552,-1.0,196720.0,196172.7,2098.161653999775,191976.37669200046,200369.02330799957,196958.46203628895,-1789.526676941401,-0.009314959796757822
2015-10-07,-0.502513,0.556281,-0.623116,1.159008,1.159008,-0.952764,-1.703216,-1.732228,-1.367362,-1.13407,-0.669363,1.0,199000.0,196278.95,2187.5001708268887,191903.94965834625,200653.95034165378,197152.89422330906,-1425.3509846343077,0.011523426816555242
2015-10-08,-0.65598,0.261196,-1.054751,0.81206,0.81206,-1.264406,-2.155262,-2.440184,-2.08767,-1.905411,-1.467563,1.0,200616.0,196427.8,2377.9150885639833,191671.96982287202,201183.63017712795,197482.71382108916,-994.8731518052809,0.008087808340472253
2015-10-09,0.65164,0.974205,-0.616078,-0.481517,-0.481517,-0.370949,-1.429902,-1.719376,-1.580841,-1.431084,-1.079138,0.0,199650.0,196493.85,2450.7343963755307,191592.38120724895,201395.31879275106,197689.12202860447,-723.3264377448359,-0.004826799555734316
2015-10-12,-0.0155,0.5075,-0.28,0.175307,0.175307,-0.4014,-1.26765,-1.7921,-1.693025,-1.5336,-1.341317,0.0,200000.0,196613.95,2563.9334804367327,191486.08303912653,201741.8169608735,197909.20564492786,-474.4128989482706,0.0017515330388062744
2015-10-13,0.48948,0.716091,-0.346463,-0.711,-0.711,0.498948,-0.311011,-0.98168,-1.007362,-0.86922,-0.701185,-1.0,198578.0,196577.6,2528.6844801198836,191520.23103976023,201634.96896023978,197972.90034541092,-387.4246517549909,-0.007135396501011258
2015-10-14,0.978166,0.978166,-0.113256,-0.845512,-0.845512,1.142515,0.623314,-0.055392,-0.227122,-0.023423,0.12448,-1.0,196899.0,196451.8,2441.166731406422,191569.46653718714,201334.13346281284,197870.62412203845,-448.79369282285916,-0.00849106313500477
2015-10-15,-1.036913,0.121198,-1.553125,1.828349,1.828349,-0.68519,-0.94599,-1.627174,-1.958738,-1.761465,-1.654339,1.0,200499.0,196571.75,2581.330845554226,191409.08830889154,201734.41169110846,198120.94563422527,-204.58090513732168,0.018118352290993546
2015-10-16,0.68639,0.791145,-0.483367,-0.014963,-0.014963,-0.58862,-0.683298,-1.417942,-1.737825,-1.704064,-1.626253,0.0,200469.0,196985.2,2505.35900568511,191974.4819886298,201995.91801137023,198344.56985953715,-13.307856037397869,-0.00014963787661845967
2015-10-19,-0.236678,0.009965,-0.459404,0.112736,0.112736,-0.631306,-0.688806,-1.283473,-1.75697,-1.753028,-1.667373,0.0,200695.0,197168.85,2639.241981985111,191890.3660360298,202447.33396397022,198568.42034910506,154.73009247152368,0.0011267213603859912
2015-10-20,-0.540004,0.00546,-0.883462,0.391141,0.391141,-0.730395,-0.839488,-1.408047,-1.98851,-2.092635,-2.035934,0.0,201480.0,197473.55,2771.0627350491163,191931.42452990176,203015.6754700982,198845.7136491903,347.2415325571492,0.003903778190668246
2015-10-21,1.110555,1.550775,-0.087544,-0.784197,-0.784197,0.354477,-0.010705,-0.47337,-1.078239,-1.309075,-1.211189,-1.0,199900.0,197744.6,2727.520107504433,192289.55978499114,203199.64021500887,198946.12187307692,368.0725294042204,-0.007872879371095423
2015-10-22,-2.456072,0.232987,-2.572566,3.061531,3.061531,-2.090671,-2.718668,-3.097207,-3.720221,-4.087001,-4.010193,1.0,206020.0,198355.6,3135.5676796527587,192084.4646406945,204626.73535930552,199619.82455183152,868.4036804450734,0.03015600994919296
2015-10-23,0.202339,0.202339,-0.650099,0.27376,0.27376,-1.765964,-2.648608,-3.004073,-3.69351,-4.070344,-4.139059,0.0,206584.0,198953.8,3504.8755755374077,191944.04884892516,205963.55115107482,200283.07935641898,1295.4961357568973,0.002733857894140405
2015-10-26,0.662187,0.764437,-0.146071,-0.582814,-0.582814,-0.733859,-1.815951,-2.214107,-2.834964,-3.345194,-3.45079,-1.0,205380.0,199557.55,3520.584034607811,192516.38193078438,206598.7180692156,200768.50037009336,1519.3036590267147,-0.005845187579538814
2015-10-27,0.883018,0.883018,-0.285321,-1.022495,-1.022495,0.468713,-0.570346,-0.988784,-1.593615,-2.191362,-2.3882,-1.0,203280.0,200040.5,3320.153143265433,193400.19371346914,206680.80628653086,201007.69081103685,1509.8160643347073,-0.010277582758240296
2015-10-28,-1.720305,0.242582,-1.768629,1.800472,1.800472,-0.627815,-1.843674,-2.484134,-3.051368,-3.680371,-3.99338,1.0,206940.0,200625.5,3457.7047528516828,193710.09049429663,207540.90950570337,201572.67263855715,1777.142694540904,0.01784455716489595
2015-10-29,-0.056572,0.463695,-0.414376,-0.059438,-0.059438,-0.491642,-1.479811,-2.226252,-2.725888,-3.371328,-3.795787,0.0,206817.0,201179.4,3520.462042043908,194138.4759159122,208220.3240840878,202072.13238726597,1956.522331374319,-0.0005945518921651966
2015-10-30,0.930614,1.089464,-0.195996,-1.073896,-1.073896,0.39424,-0.208606,-1.003702,-1.447633,-2.127334,-2.54948,-1.0,204596.0,201634.2,3330.561176043254,194973.0776479135,208295.3223520865,202312.5007313359,1897.5915929232724,-0.010797041300354651
2015-11-02,-1.22506,0.016848,-1.504248,1.539131,1.539131,-0.899853,-1.381886,-2.255746,-2.720451,-3.332855,-3.854581,1.0,207745.0,202093.4,3512.684854097882,195068.03029180423,209118.76970819576,202829.88161406582,2080.99809022891,0.015274063072960411
2015-11-03,0.307686,0.510875,-0.023705,-0.501095,-0.501095,-0.069471,-0.632499,-1.501406,-1.989028,-2.592848,-3.18786,-1.0,206704.0,202592.6,3416.988015011889,195758.62396997624,209426.57603002377,203198.84526986908,2117.9348264059226,-0.005023547839299569
2015-11-04,0.28333,0.409955,-0.170289,-0.28253,-0.28253,0.134097,-0.049195,-0.92409,-1.538618,-2.105725,-2.725306,0.0,206120.0,202948.6,3393.8131853182613,196160.9736293635,209736.22637063652,203477.0504822625,2076.1509607166518,-0.0028292947579218694
2015-11-05,0.662452,1.12656,-0.070349,-0.69183,-0.69183,0.624249,0.582333,-0.097251,-0.753075,-1.248752,-1.870239,-1.0,204694.0,203152.5,3368.704928416079,196415.09014316785,209889.90985683215,203592.95043633273,1905.9994880459271,-0.00694234240946401
2015-11-06,1.102905,1.201379,-0.163959,-0.778723,-0.778723,1.266667,1.200197,0.773182,0.110783,-0.324037,-0.960906,-1.0,203100.0,203325.0,3266.7012977036875,196791.5974045926,209858.4025954074,203546.0027757296,1623.8124426424038,-0.007817712464220508
2015-11-09,1.114428,1.211443,-0.437811,-1.033973,-1.033973,1.653532,2.039602,1.836153,1.181592,0.765891,0.201443,-1.0,201000.0,203375.0,3220.4560808088886,196934.08783838223,209815.91216161777,203303.5263208982,1216.6993735354918,-0.010393560527263195
2015-11-10,-0.150679,0.030235,-0.621549,0.375124,0.375124,0.782934,1.58262,1.464622,0.882163,0.489111,-0.038661,0.0,201754.0,203533.8,3044.99151498221,197443.81697003558,209623.7830299644,203155.95238557455,944.0187709755555,0.003744225412407355
2015-11-11,-0.175434,0.234242,-0.484297,0.297888,0.297888,0.111487,1.054335,1.24415,0.717353,0.256974,-0.218346,0.0,202355.0,203806.6,2636.266247235585,198534.06750552883,209079.13249447118,203079.671205996,767.565093517158,0.0029744472065903766
2015-11-12,1.31313,1.31313,-0.065707,-1.474636,-1.474636,1.075884,2.193348,2.537146,2.196508,1.732549,1.335818,-1.0,199371.0,203750.2,2721.4431659068277,198307.31366818637,209193.08633181365,202726.4644244726,382.53084373046295,-0.014856170036147932
2015-11-13,0.846708,1.230886,-0.032857,-0.775439,-0.775439,1.332491,2.649716,3.043296,2.928346,2.490686,2.166932,-1.0,197825.0,203618.0,2944.31646968903,197729.36706062194,209506.63293937806,202259.65828880854,-46.82112796828733,-0.007784609146668576
2015-11-16,-0.951451,0.03003,-1.261261,0.998357,0.998357,0.210711,1.237387,1.838539,1.888514,1.473574,1.177694,1.0,199800.0,203573.25,2997.4035584323874,197578.44288313523,209568.05711686477,202025.4051184458,-225.12456872407347,0.00993406471919611
2015-11-17,0.17746,0.379915,-0.462396,0.122623,0.122623,-0.082881,0.780524,1.606005,1.727861,1.37863,1.109184,0.0,200045.0,203501.5,3066.525764306537,197368.44847138692,209634.55152861308,201836.79510716526,-342.7113149717916,0.0012254750248796877
2015-11-18,-2.046211,0.066086,-2.046211,2.117024,2.117024,-1.965831,-1.398864,-0.587233,-0.273889,-0.578559,-0.90079,1.0,204280.0,203720.5,2949.969357556811,197820.56128488638,209620.43871511362,202069.48128743525,-93.09738322885823,0.020949260540110246
2015-11-19,-0.376279,0.193752,-0.669104,0.303995,0.303995,-1.723174,-1.687595,-0.950866,-0.603438,-0.793944,-1.131424,0.0,204901.0,203664.55,2914.4588461303274,197835.63230773935,209493.46769226063,202339.14973625093,153.06848788860952,0.0030353338829795327
2015-11-20,0.439883,0.717986,-0.298631,-0.1469,-0.1469,-0.916325,-1.469648,-0.805018,-0.505694,-0.567234,-0.905327,0.0,204600.0,203565.35,2842.7414728703034,197879.8670542594,209250.8329457406,202554.46880898892,320.17772038359544,-0.001470082144896459
2015-11-23,0.501033,0.662973,0.0,-0.401271,-0.401271,-0.126608,-0.936308,-0.535122,-0.144127,-0.106095,-0.444272,0.0,203779.0,203485.3,2811.320482020767,197862.65903595847,209107.9409640415,202671.09082718045,381.9621307954949,-0.0040207802363472715
2015-11-24,-0.01967,0.194237,-1.036094,-0.205615,-0.205615,0.405193,-0.653226,-0.439811,0.063582,0.136703,-0.160766,0.0,203360.0,203489.3,2811.0699049515315,197867.16019009694,209111.43980990304,202736.70122459184,392.5913739296666,-0.0020582658400349458
2015-11-25,0.585807,0.751415,0.0,-0.528619,-0.528619,0.741528,-0.128729,-0.037109,0.480288,0.716019,0.458561,-1.0,202285.0,203256.55,2700.874351117485,197854.80129776502,208658.29870223496,202693.68206034502,310.690166995686,-0.005300213322472703
2015-11-27,0.704777,0.722136,0.0,-0.326767,-0.326767,0.746736,0.310429,0.189098,0.680921,0.958993,0.806501,0.0,201624.0,202996.9,2587.82346872062,197821.25306255877,208172.54693744122,202591.8075784074,190.25258131243754,-0.0032730173880154167
2015-11-30,0.343166,0.599424,-0.281089,-0.130937,-0.130937,0.557012,0.617501,0.262846,0.732569,0.987584,0.953417,0.0,201360.0,202835.1,2583.7397599925825,197667.62048001483,208002.5795199852,202474.49257094006,72.6646998647193,-0.0013102259035952886
2015-12-01,-1.510161,0.0,-1.510161,1.780393,1.780393,-1.088194,-0.891507,-1.362675,-1.097807,-0.787431,-0.743386,1.0,204945.0,202695.1,2370.776819170023,197953.54636165997,207436.65363834004,202709.77899275528,265.6922605553991,0.017647299631500534
2015-12-02,0.891933,1.027448,-0.121717,-0.983191,-0.983191,-0.148426,0.234761,-0.344618,-0.208742,0.190805,0.266003,-1.0,202930.0,202506.4,2177.188152785553,198152.02369442888,206860.7763055711,202730.75242201667,253.1561071300821,-0.009880558469683465
2015-12-03,2.011559,2.066891,-0.131287,-2.034692,-2.034692,1.574942,2.040986,1.605995,1.679795,2.107957,2.330052,-1.0,198801.0,202140.45,2152.798826374721,197834.85234725056,206446.04765274946,202356.49028658652,-88.92955275732675,-0.020556767597968546
2015-12-04,-2.298289,0.100244,-2.298289,2.866686,2.866686,-0.974474,-0.822298,-1.058354,-1.158557,-0.782905,-0.546455,1.0,204500.0,202130.75,2141.092806931314,197848.56438613738,206412.93561386262,202560.63406881638,98.68914166427567,0.0282636510919475
2015-12-07,0.478133,0.478133,-0.707617,-0.488998,-0.488998,-0.277543,-0.388993,-0.386241,-0.663022,-0.316894,-0.108256,0.0,203500.0,202150.75,2152.461134192392,197845.82773161522,206455.67226838478,202650.09749083384,164.78710291581228,-0.0049019706002067795
2015-12-08,0.949502,1.04695,-0.102446,-1.668305,-1.668305,0.930611,1.117413,1.313977,0.999975,1.221619,1.498647,-1.0,200105.0,202106.0,2186.676232862721,197732.64753427455,206479.35246572545,202407.7072536116,-56.13087163542514,-0.01682377609889758
2015-12-09,1.06243,1.760599,-0.409795,-1.221859,-1.221859,1.645857,2.079834,2.486762,2.145755,2.290681,2.659381,-1.0,197660.0,201901.3,2402.3505616481,197096.5988767038,206706.00112329618,201955.5446580295,-423.6178218207788,-0.012293845835714226
2015-12-10,0.220248,0.668844,-0.25569,-0.078417,-0.078417,1.59439,1.917926,2.338506,2.103137,2.196481,2.580711,0.0,197505.0,201658.8,2591.4836352130988,196475.8327295738,206841.76727042618,201531.6832620267,-719.0720668740105,-0.0007844824716210958
2015-12-11,-0.003576,0.306502,-0.642123,-0.885041,-0.885041,1.608321,2.528288,2.940925,2.922552,2.926424,3.30837,-1.0,195757.0,201478.1,2870.394487834008,195737.31102433198,207218.88897566803,200981.71342754798,-1081.8003549712885,-0.0088898063470453
2015-12-14,-1.221975,0.086851,-1.398707,1.166242,1.166242,-0.114421,1.178701,1.533394,1.741492,1.637689,2.007086,1.0,198040.0,201488.85,2856.361382027005,195776.12723594598,207201.57276405403,200701.550243972,-1171.5413173840207,0.011594936363850806
2015-12-15,-1.402885,0.434697,-1.50168,2.221773,2.221773,-2.054732,-1.144141,-0.717513,-0.404638,-0.542936,-0.297372,1.0,202440.0,201620.85,2835.129241925208,195950.59151614958,207291.10848385043,200867.11688740322,-877.5031390192744,0.021974515852654964
2015-12-16,-0.16683,0.147203,-1.894504,0.671804,0.671804,-2.10579,-1.761138,-1.365653,-0.977134,-1.166477,-1.010206,1.0,203800.0,201808.6,2849.5760423352367,196109.44791532954,207507.75208467047,201146.43908860293,-528.6412825908046,0.006695574442747172
2015-12-17,1.293532,1.492537,-0.039801,-1.373896,-1.373896,-0.394328,-0.283234,-0.034262,0.320697,0.183343,0.283847,-1.0,201000.0,201644.6,2793.6929417224674,196057.21411655506,207231.98588344496,201132.49250873597,-472.6538875816914,-0.013834212729548635
2015-12-18,2.280711,2.403451,0.0,-3.124378,-3.124378,2.711586,2.430516,2.953403,3.294757,3.318858,3.347405,-1.0,194720.0,201135.55,3081.8056135116835,194971.93877297663,207299.16122702335,200521.7789364754,-924.3714112915914,-0.031742278819858756
2015-12-21,-0.204775,0.355181,-1.169201,1.068714,1.068714,1.499586,1.007007,1.710323,2.00436,2.205538,2.147906,1.0,196801.0,200745.6,3113.6176353152096,194518.36472936958,206972.83527063043,200167.41903776344,-1101.7413069470203,0.010630436666839304
2015-12-22,-0.942508,0.120192,-1.502404,1.462899,1.462899,-0.240284,-0.470603,0.068076,0.431015,0.729527,0.653095,1.0,199680.0,200540.65,3037.412147743817,194465.82570451236,206615.47429548763,200120.99817702407,-998.4870507574233,0.01452301927500645
2015-12-23,0.0,1.8,-0.07,0.160256,0.160256,-0.7799,-0.51285,-0.1897,0.186325,0.56746,0.462817,0.0,200000.0,200372.65,2965.3318492732615,194441.98630145346,206303.31369854652,200109.47454111703,-880.6840061557887,0.0016012813669738276
2015-12-24,-0.050712,0.242124,-0.453422,0.5685,0.5685,-1.327155,-0.894664,-0.676488,-0.408552,-0.063539,-0.125271,1.0,201137.0,200315.25,2937.3450216674228,194440.55995666515,206189.94004333485,200207.3341086297,-687.6510338194203,0.005668901372480274
2015-12-28,0.162101,0.162101,-0.538334,-0.626936,-0.626936,-0.188717,-0.063339,-0.204093,0.176034,0.466389,0.513252,-1.0,199876.0,200227.85,2922.3211624177134,194383.20767516457,206072.49232483545,200175.7784792364,-629.1704881562328,-0.006289093651959905
2015-12-29,0.224944,0.874781,-0.284929,0.087054,0.087054,0.049288,-0.049788,-0.405865,0.056161,0.288028,0.462901,0.0,200050.0,200162.35,2910.2660445393376,194341.81791092132,205982.8820890787,200163.79957645197,-562.3020208912494,0.0008701610346870868
2015-12-30,0.219411,0.534284,-0.170431,0.015496,0.015496,0.07387,-0.183176,-0.422096,-0.080892,0.19856,0.452017,0.0,200081.0,199919.15,2684.000083829862,194551.14983234028,205287.1501676597,200155.91390250417,-501.0312613999704,0.0001549492544293867
2015-12-31,0.717897,1.112235,0.0,-1.140038,-1.140038,1.00546,0.66456,0.73094,0.941684,1.241598,1.572582,-1.0,197800.0,199662.65,2625.6127760960453,194411.4244478079,204913.8755521921,199931.54114988472,-629.2774610988563,-0.011465865369061613
