date,c_open,c_high,c_low,n_close,n_adj_close,adj_sum_5,adj_sum_10,adj_sum_15,adj_sum_20,adj_sum_25,adj_sum_30,label,closing_price_for_label,melody_ma20,melody_std20,melody_lb20,melody_ub20,melody_ema20,melody_macd_12_26,melody_str_log_return
2013-06-03,-0.953307,0.0,-1.440792,0.424282,0.424301,1.395279,2.432007,3.450678,3.744437,3.684096,3.767258,0.0,81.628426,,,,,,,
2013-06-04,0.075815,0.346583,-0.324925,0.02167,0.021674,0.623826,2.068646,3.052076,3.534044,3.525163,3.583143,0.0,81.646118,,,,,,,0.00021671473869483467
2013-06-05,0.618576,1.016236,-0.574392,-1.949532,-1.949545,1.908758,3.538049,4.514891,5.272836,5.358664,5.388635,-1.0,80.05439,,,,,,,-0.019687995225814495
2013-06-06,-0.970867,0.043151,-1.208193,2.396993,2.396985,-0.800421,0.837115,1.70443,2.535067,2.79785,2.792888,1.0,81.973282,,,,,,,0.023687086238497815
2013-06-07,-1.376976,0.995651,-1.419345,1.844668,1.844682,-2.069702,-1.115362,-0.300829,0.579904,0.900316,0.86748,1.0,83.485428,,,,,,,0.018278736755169653
2013-06-10,0.51216,0.533504,-0.128044,-0.730858,-0.730869,-1.047796,-0.588989,0.244701,1.158772,1.537347,1.595535,-1.0,82.875259,,,,,,,-0.007335527967560527
2013-06-11,-0.797763,0.506685,-0.927124,-1.024327,-1.024329,0.068998,0.113195,1.086676,1.94804,2.457096,2.549234,-1.0,82.026344,,,,,,,-0.010296109728351694
2013-06-12,1.899009,1.996115,-0.248169,-0.086246,-0.086239,0.619334,0.082,0.963886,1.722591,2.388431,2.532008,0.0,81.955605,,,,,,,-0.0008627657473196692
2013-06-13,-1.629674,0.139386,-1.629674,0.636596,0.636589,0.10508,-0.650789,0.182273,0.838433,1.547772,1.825532,1.0,82.477325,,,,,,,0.006345708864010873
2013-06-14,0.373412,0.896188,-0.096025,0.493198,0.493207,-0.531321,-0.945272,-0.442414,0.184031,0.94142,1.271731,0.0,82.884109,,,,,,,0.004919947906922336
2013-06-17,0.105629,0.411957,-0.411956,1.002875,1.002864,-1.318256,-1.679508,-1.497123,-0.900489,-0.148719,0.212326,1.0,83.715324,,,,,,,0.009978688190219572
2013-06-18,-0.064072,0.715505,-0.181544,-1.087989,-1.087969,-0.044863,-0.458149,-0.566722,0.091295,0.782987,1.237708,-1.0,82.804527,,,,,,,-0.010939309365468006
2013-06-19,2.539226,2.680906,-0.043593,-2.007686,-2.00771,1.802537,1.715354,1.324479,1.932768,2.5545,3.146261,-1.0,81.142052,,,,,,,-0.02028138672829527
2013-06-20,1.223137,2.046175,-0.137176,-4.664341,-4.664335,5.459536,6.09511,5.769704,6.474624,7.101968,7.800643,-1.0,77.357315,,,,,,,-0.04776620439804979
2013-06-21,2.017426,2.051812,-0.343874,-0.274354,-0.274336,4.261796,5.565097,5.703033,6.288389,6.961933,7.752549,0.0,77.145096,,,,,,,-0.002747130379255934
2013-06-24,-2.446909,0.91182,-3.11634,-0.687757,-0.687768,3.130196,5.478993,5.998771,6.506809,7.253462,8.109803,-1.0,76.614517,,,,,,,-0.006901436542339856
2013-06-25,-0.506207,0.517723,-0.954903,0.323175,0.323172,1.251728,4.46733,5.242373,5.653477,6.514039,7.354276,0.0,76.862114,,,,,,,0.0032265135504361566
2013-06-26,-0.417272,0.78945,-0.462384,2.013346,2.013347,-1.443552,1.953312,3.025453,3.280706,4.099246,4.866361,1.0,78.409615,,,,,,,0.019933470830588395
2013-06-27,-0.5331,0.955132,-0.599735,1.545058,1.545054,-2.374497,0.043317,1.260924,1.478236,2.282988,2.984972,1.0,79.621086,,,,,,,0.015332397125370684
2013-06-28,-0.310214,0.46532,-1.506758,0.244337,0.244345,-1.943281,-0.584983,0.707579,1.138928,1.797024,2.495377,0.0,79.815636,80.7246784,2.3359700950780136,76.05273820984398,85.39661859015602,80.14049231645262,,0.002440467843534168
2013-07-01,-0.352539,0.154244,-1.090667,0.565029,0.56501,-1.58421,-1.57319,-0.074897,0.485862,1.011805,1.713873,1.0,80.266602,80.6565872,2.3280748252835237,76.00043754943296,85.31273685056705,80.15250276250475,,0.005634194006709402
2013-07-02,0.223735,0.660034,-0.469849,-1.520324,-1.520307,0.487746,-0.529145,1.216391,1.872692,2.284817,3.057014,-1.0,79.046303,80.52659645,2.3424526906324075,75.84169106873519,85.21150183126481,80.04715040417096,,-0.015319824424998928
2013-07-03,-1.372052,0.045736,-1.600733,-2.159078,-2.15908,2.428537,1.174251,3.052062,3.945233,4.253374,5.020962,-1.0,77.33963,80.39085845,2.4475539634746966,75.4957505230506,85.28596637694939,79.78929131805945,,-0.021827292596023867
2013-07-05,0.500002,0.522726,-1.227275,0.617426,0.617418,1.336368,0.612506,2.020461,3.040349,3.331827,4.101144,1.0,77.817139,80.1830513,2.482318302696988,75.21841469460603,85.14768790539398,79.60146728776809,,0.006155200455278277
2013-07-08,-0.144998,0.245364,-0.423829,1.886368,1.886379,-0.673667,-0.980379,-0.171025,0.867715,1.317861,1.952925,1.0,79.285065,79.97303315,2.3630345568656232,75.24696403626876,84.69910226373125,79.57133373655208,,0.018688072915753615
2013-07-09,0.655414,0.733174,-0.566535,0.401509,0.401508,-1.237502,-1.000889,-0.914611,0.258832,0.810933,1.338222,0.0,79.603401,79.80944025,2.2626623154940204,75.28411561901196,84.33476488098803,79.57438776164236,-0.7161192830909187,0.004007042599854988
2013-07-10,-0.30786,0.263887,-0.703682,1.033104,1.033097,-1.904337,-1.570088,-2.124971,-0.865853,-0.280586,0.124618,1.0,80.425781,79.7294121,2.2077649797771386,75.31388214044573,84.14494205955428,79.65547283196213,-0.56015008210953,0.010277965920470368
2013-07-11,0.538039,0.591847,-0.516521,2.177024,2.177039,-2.817184,-3.208878,-4.126414,-2.964607,-2.301958,-2.038821,1.0,82.176682,79.74046595000002,2.2200171798305823,75.30043159033885,84.18050030966118,79.89558799082289,-0.29189549920833713,0.02153680386440129
2013-07-12,0.065456,0.480028,-0.69824,-1.366616,-1.366625,-0.672052,-1.691038,-2.494005,-1.707948,-0.993677,-0.773879,-1.0,81.053635,79.66928145,2.149341638852794,75.37059817229441,83.96796472770559,80.00587818217309,-0.16798588013520543,-0.013760491818392933
2013-07-15,0.435116,0.554772,-0.228434,0.294563,0.294553,-0.469915,-1.798101,-2.440256,-2.094521,-1.392356,-1.064931,0.0,81.292381,79.58969505,2.0512688781811175,75.48715729363776,83.69223280636224,80.12840226006136,-0.049946060290054106,0.002941201490393355
2013-07-16,0.010894,0.043568,-1.132775,-0.130536,-0.130528,0.050105,-1.556474,-1.937334,-2.122316,-1.346693,-0.953779,0.0,81.186272,79.46324245,1.851810134699675,75.75962218060064,83.16686271939935,80.22915175910313,0.034639930304180666,-0.0013061286898398783
2013-07-17,0.936224,1.134485,-0.341445,-1.110987,-1.110988,1.138893,-0.296289,-0.551457,-1.179646,-0.325146,0.102434,-1.0,80.284302,79.33723119999999,1.691265399239008,75.95470040152198,82.719761998478,80.23440416299808,0.028564225723556547,-0.011172058898959968
2013-07-18,-0.446182,0.200781,-0.501958,-1.255644,-1.255646,1.693252,1.21584,0.78602,-0.040713,0.80714,1.34263,-1.0,79.276215,79.24393935,1.63706206411653,75.96981522176695,82.51806347823306,80.14314805223636,-0.05693865650597729,-0.012635963233905973
2013-07-19,-0.178914,0.436095,-0.715642,-0.245401,-0.245398,1.444703,1.624735,0.988482,0.314212,0.883373,1.470052,0.0,79.081673,79.33015725,1.5767685181765547,76.17662021364688,82.48369428635311,80.0420551901186,-0.13879824051481648,-0.002456992832182865
2013-07-22,0.32504,0.650081,-0.01121,-0.234819,-0.23481,1.075983,1.814606,1.148461,0.661276,0.918618,1.514972,0.0,78.895981,79.41770149999999,1.495581504122484,76.42653849175503,82.40886450824496,79.93290526725016,-0.21616453293752613,-0.002350865211859958
2013-07-23,0.259714,0.508135,-0.451664,-0.739748,-0.73976,1.095309,2.408543,1.735929,1.519879,1.394767,2.077317,-1.0,78.31234,79.50259265000001,1.371099582388023,76.76039348522397,82.24479181477605,79.77856571798824,-0.32087399243749815,-0.007425099100747231
2013-07-24,0.022384,0.257468,-0.548535,0.869472,0.869477,-0.102992,1.34445,0.854506,0.779689,0.327769,1.069439,1.0,78.993248,79.60914935000001,1.2307162034819505,77.1477169430361,82.07058175696392,79.70377355437031,-0.34493718728862177,0.008657190902331406
2013-07-25,-1.012147,0.056234,-1.225816,-0.458977,-0.458981,0.193437,1.360778,1.429004,1.258438,0.662622,1.394516,0.0,78.630684,79.6202028,1.2203246614157566,77.17955347716848,82.06085212283152,79.6015745491922,-0.38878169394077133,-0.0046003755245153585
2013-07-26,-1.410503,0.067163,-1.432888,0.461093,0.461097,-0.288819,0.634721,1.062723,0.753942,0.283439,0.782115,0.0,78.993248,79.5888109,1.2283496806138499,77.13211153877229,82.0455102612277,79.54363868736436,-0.38977975819597077,0.00460037552451543
2013-07-29,-0.202726,0.52934,-0.236512,-0.604501,-0.604502,0.220744,0.893117,1.612042,1.283926,0.963169,1.209594,-1.0,78.515732,79.5238157,1.2499174077681103,77.02398088446378,82.02365051553622,79.44574281237728,-0.4242122272483897,-0.006063368107217386
2013-07-30,0.844728,0.955875,-0.355673,1.328978,1.328987,-0.780267,-0.634665,0.275638,-0.088928,-0.21297,-0.291959,1.0,79.559196,79.4884454,1.237741494019013,77.01296241196198,81.96392838803803,79.45654787786515,-0.3631156120928978,0.01320233600127021
2013-07-31,0.156726,1.180647,-0.553755,6.379902,6.379882,-5.397545,-6.079814,-5.4066,-5.750695,-5.830102,-6.199621,1.0,84.634979,79.7678792,1.6833195483722956,76.4012401032554,83.13451829674459,79.94973179425894,0.09379594236901312,0.06184629616271538
2013-08-01,-0.561571,0.153149,-0.827042,2.329958,2.329961,-5.709614,-7.371856,-7.219382,-7.361646,-7.595667,-8.125039,1.0,86.606941,80.23124475,2.181500555570043,75.86824363885992,84.59424586114008,80.58375171861523,0.6080136908235829,0.02303231795528287
2013-08-02,0.39735,0.448287,-0.387168,0.214417,0.214417,-4.114108,-6.681606,-6.977072,-7.042787,-7.462859,-7.959242,0.0,86.792641,80.68001985,2.550706622165561,75.57860660566887,85.78143309433112,81.17507450731854,1.0187755884352896,0.0021418744941784627
2013-08-05,-0.305315,0.234069,-0.783639,0.112073,0.112086,-2.293922,-5.866077,-6.651747,-6.709248,-7.240797,-7.688453,0.0,86.889923,81.06026274999999,2.877693575853468,75.30487559829305,86.81564990170693,81.71934579233583,1.3367479972372251,0.0011202277066031138
2013-08-06,0.579151,0.741723,-0.233688,0.162829,0.162827,-0.735626,-5.017273,-6.355755,-6.43416,-7.080675,-7.439546,0.0,87.031403,81.43166285000001,3.146548610901978,75.13856562819605,87.72476007180397,82.22525600258956,1.5819242377830562,0.00162694287654472
2013-08-07,0.201983,0.282777,-0.484747,0.609631,0.60964,-0.668559,-4.614227,-6.369091,-6.593624,-7.254703,-7.593087,1.0,87.561981,81.78847284999999,3.419274544915796,74.9499237601684,88.62702193983158,82.73351552615247,1.7983115688342508,0.00607788933545854
2013-08-08,-1.277102,0.039601,-1.554302,2.0097,2.009685,-2.017619,-5.296503,-7.463945,-8.033856,-8.545291,-9.006368,1.0,89.321701,82.1457238,3.8126077899997117,74.52050822000058,89.77093937999942,83.360961761757,2.0877287476483417,0.019897573792972953
2013-08-09,0.543698,1.026979,-0.221508,-1.673104,-1.673087,-0.114788,-2.67923,-5.225544,-6.083379,-6.533237,-7.146609,-1.0,87.827271,82.48440559999999,4.006421151711075,74.47156329657784,90.49724790342214,83.78632454635157,2.171474528797276,-0.016872414619380025
2013-08-12,-0.829753,0.039989,-0.829753,0.71486,0.714855,-0.469861,-2.246331,-5.177786,-6.345102,-6.781971,-7.480096,1.0,88.455109,82.84254200000001,4.209262601231181,74.42401679753765,91.26106720246237,84.23097068479427,2.2624251148393455,0.007123124326419306
2013-08-13,-0.319297,0.169625,-1.05767,0.189945,0.189935,-0.299335,-1.408898,-4.581917,-6.103071,-6.551585,-7.341181,0.0,88.623116,83.21438420000001,4.3802572280806595,74.4538697438387,91.97489865616133,84.64927023862339,2.321302341911178,0.00189754613150933
2013-08-14,1.12178,1.374433,-0.18191,-1.267216,-1.267217,0.966153,0.183939,-2.709106,-4.485592,-5.028796,-5.829875,-1.0,87.500069,83.57517255,4.423173200883008,74.72882614823399,92.42151895176602,84.92077488256402,2.2513898407063664,-0.012753144581634287
2013-08-15,-0.907422,0.254894,-1.192902,-0.879227,-0.87922,1.264272,1.086864,-1.223496,-3.20861,-3.976351,-4.633638,-1.0,86.730751,83.94789935,4.3554134260457955,75.23707249790841,92.65872620209159,85.09315356041508,2.1095881279025264,-0.008831078218968285
2013-08-16,0.798942,0.932095,-0.040972,-0.458814,-0.458825,1.384829,1.499551,-0.201431,-2.342508,-3.289144,-3.865264,0.0,86.332809,84.31045615000001,4.228982598864788,75.85249095227043,92.76842134772959,85.21121598323268,1.9427043685501815,-0.00459880406180629
2013-08-19,0.711262,0.783419,-0.01031,-0.635046,-0.63504,1.410161,2.01938,1.001271,-1.316875,-2.461603,-2.998317,-1.0,85.784561,84.65488515,4.041139754851134,76.57260564029772,92.73716465970227,85.26582027054386,1.7460810201282584,-0.006370651076391502
2013-08-20,0.22798,0.73575,-0.352327,-0.525721,-0.525731,1.175137,2.359597,1.986193,-0.383927,-1.751699,-2.26182,-1.0,85.333565,85.0059464,3.756070505339201,77.4938053893216,92.5180874106784,85.27227214953969,1.5361561400811325,-0.005271177926002768
2013-08-21,-0.218203,0.893599,-0.249374,-0.269432,-0.269427,0.885291,2.347264,2.298428,0.244189,-1.25976,-1.814553,0.0,85.103653,85.31146665,3.4795901093120394,78.35228643137592,92.27064686862408,85.25621318291687,1.335838468932181,-0.002697910024034543
2013-08-22,-0.663281,0.196914,-0.829097,0.259767,0.259774,0.294327,1.613639,1.93319,0.376724,-1.232044,-1.945969,0.0,85.32473,85.64616894999999,3.1049214394250613,79.43632607114986,91.85601182885011,85.26273859406764,1.1813069662493092,0.0025943697887603544
2013-08-23,-1.078475,0.030811,-1.191458,0.901651,0.901644,-0.657353,0.504317,0.968233,-0.107842,-1.78882,-2.627015,1.0,86.094055,86.0012093,2.681205321053813,80.63879865789238,91.36361994210762,85.34191158510882,1.1081437437342316,0.008976031014497395
2013-08-26,-0.206501,0.247804,-0.371709,-0.523832,-0.523824,-0.167274,0.705211,1.402856,0.834279,-0.956531,-1.944932,-1.0,85.643074,86.3575764,2.0280184493131994,82.3015395013736,90.4136132986264,85.37059371986035,1.0022180196129113,-0.0052520039115992725
2013-08-27,0.50612,1.075501,-0.210878,-2.075376,-2.07539,1.598492,2.27226,3.300311,3.228083,1.407439,0.239717,-1.0,83.865646,86.5728989,1.3994130961444957,83.77407270771101,89.37172509228898,85.22726536558794,0.7660173637388255,-0.020972291546310036
2013-08-28,-0.851067,0.351066,-1.042556,-0.885698,-0.885699,2.029793,2.659582,3.867386,4.059586,2.512352,1.249302,-1.0,83.122849,86.4972924,1.5430961217183663,83.41110015656328,89.58348464343673,85.02684475934147,0.5129758656751875,-0.00889644402335
2013-08-29,-0.478975,0.39383,-0.840865,-0.053195,-0.05318,1.543368,2.274609,3.421677,3.902608,2.781054,1.455739,0.0,83.078644,86.32087755,1.721297816026797,82.87828191794641,89.7634731820536,84.84130182988038,0.3053517761304647,-0.0005319446924869889
2013-08-30,0.449919,0.460633,-0.632026,-0.638637,-0.638647,1.336907,2.473491,3.660067,4.313346,3.613935,2.247822,-1.0,82.548065,86.10864875,1.9112573674968318,82.28613401500634,89.93116348499366,84.62289832227272,0.09687814727199395,-0.0064069475047750495
2013-09-03,-0.042169,0.432311,-0.622096,1.596141,1.596138,-0.679034,0.634761,1.666677,2.494214,2.241262,0.838971,1.0,83.865646,85.9574349,1.965070630651949,82.0272936386961,89.8875761613039,84.55077905348483,0.03754625973591885,0.015835336220612114
2013-09-04,-2.010049,0.157036,-2.041454,0.716998,0.717011,-1.243725,-0.18426,0.614876,1.61275,1.745812,0.363973,1.0,84.466972,85.82921335,1.9749457813255664,81.87932178734887,89.77910491265114,84.54279742934342,0.038602310700682096,0.007144528077764443
2013-09-05,-0.116119,0.337802,-0.686162,-0.827046,-0.827051,-0.266024,0.488752,1.156968,2.233715,2.552939,1.39097,-1.0,83.768387,85.63953365,1.9819283497652922,81.67567695046942,89.60339034953059,84.46904405512024,-0.01673778966255668,-0.008304901173518604
2013-09-06,-0.469873,0.918873,-1.11726,1.097851,1.097854,-0.968991,-0.677668,-0.102331,0.849953,1.348649,0.528351,1.0,84.688042,85.4078507,1.7904160038303467,81.82701869233931,88.98868270766069,84.48990100225164,0.013458117912264811,0.010918718176462642
2013-09-09,-0.627228,0.073175,-0.909474,-0.114851,-0.114845,-0.372164,-0.741182,-0.124762,0.774605,1.361059,0.864508,0.0,84.590782,85.24602624999999,1.7044286508167794,81.83716894836643,88.65488355163355,84.49950871632292,0.029203878913463654,-0.0011491101887885556
2013-09-10,-0.560167,0.207465,-0.705395,0.773571,0.773557,-0.813273,-1.549792,-0.933609,-0.187239,0.505813,0.353393,1.0,85.24514,85.0855278,1.5283816196228996,82.0287645607542,88.14229103924579,84.57052121953026,0.09340699218891757,0.007705804876157525
2013-09-11,-2.140301,0.0,-2.252949,1.29668,1.296677,-1.64669,-2.522269,-2.123225,-1.596514,-0.812282,-0.669049,1.0,86.350494,84.97189669999999,1.3220881769590016,82.32772034608199,87.61607305391799,84.74004243671786,0.23082049698091112,0.01288341973871481
2013-09-12,-0.609508,0.103305,-0.826449,-0.870455,-0.870452,-0.355369,-1.377064,-1.225206,-0.84349,-0.033055,0.240706,-1.0,85.598854,84.87683595,1.1927658074974516,82.4913043350051,87.2623675649949,84.8218340141733,0.27589033125406104,-0.008742630272012698
2013-09-13,-0.43725,0.061019,-0.671137,1.590902,1.59091,-1.393124,-2.475086,-2.646601,-2.383059,-1.707137,-1.315502,1.0,86.960655,84.88833115,1.2125174591739525,82.4632962316521,87.3133660683479,85.0255312509187,0.41669110361901573,0.015783879775688087
2013-09-16,0.150484,0.260837,-0.451442,1.362624,1.362639,-1.912135,-3.1511,-3.800178,-3.592514,-3.014062,-2.590974,1.0,88.145615,84.97897144999999,1.3820816056316068,82.21480823873678,87.7431346612632,85.32268208416454,0.6167832061428982,0.013534387870007271
2013-09-17,-0.672292,0.070238,-0.672292,-0.02006,-0.020072,-1.238216,-2.648009,-3.592892,-3.440206,-3.009441,-2.524591,0.0,88.127922,85.09613949999999,1.5438364675522351,82.00846656489553,88.18381243510446,85.58984779043459,0.7651102470816511,-0.00020074482376131886
2013-09-18,-2.372352,0.117156,-2.880013,2.779446,2.779449,-2.975693,-4.606077,-5.706018,-5.761992,-5.54604,-5.030109,1.0,90.577393,85.3583309,1.9721491375076456,81.41403262498471,89.30262917501528,86.06485209610747,1.0680010826082338,0.0274152384964361
2013-09-19,1.199184,1.247926,-0.555718,0.136679,0.136672,-1.983031,-3.97192,-5.277697,-5.582043,-5.533784,-5.044361,0.0,90.701187,85.6382076,2.30346082094988,81.03128595810024,90.24512924189976,86.50640780124009,1.3030130696150053,0.0013657876098050335
2013-09-20,1.173429,1.183375,-0.159105,-1.959639,-1.959635,0.417665,-1.576174,-2.946171,-3.492446,-3.546942,-3.1613,-1.0,88.923775,85.81815985,2.4155388633639436,80.98708212327212,90.64923757672788,86.73663324874104,1.330502266619007,-0.019790902049793335
2013-09-23,1.627318,1.677547,-0.130593,-1.004371,-1.004375,1.410347,-0.186843,-1.546294,-2.403319,-2.491215,-2.171108,-1.0,88.030647,85.91498945000001,2.4654794968077436,80.98403045638452,90.8459484436155,86.85987265362286,1.2656302897233473,-0.010094526873062821
2013-09-24,-0.27243,0.191708,-0.716375,-0.441991,-0.441995,1.749576,0.529719,-0.821978,-1.856017,-1.973564,-1.767732,0.0,87.641556,86.01491355,2.494210046433028,81.02649345713395,91.00333364286605,86.93431868661116,1.169342931303973,-0.004429746193250039
2013-09-25,-0.623369,0.432335,-0.623369,0.353141,0.353136,0.794298,0.357944,-0.906887,-1.969125,-2.19947,-2.138876,0.0,87.95105,86.21918375,2.4761529841586234,81.26687778168275,91.17148971831725,87.03115024026724,1.105267252413526,0.003525140694100649
2013-09-26,0.009981,0.249476,-0.598741,0.754072,0.754082,-0.431096,-0.052887,-1.28397,-2.392976,-2.772979,-2.829394,1.0,88.614273,86.49375495,2.418532778057299,81.6566893938854,91.33082050611459,87.18192383643226,1.0953765495516166,0.007512529731005753
2013-09-27,-0.16063,0.391526,-0.16063,-0.598741,-0.598742,-0.022089,0.67664,-0.432353,-1.520933,-2.062044,-2.192888,-1.0,88.083702,86.74400785,2.302734458192993,82.13853893361402,91.34947676638599,87.26780747105776,1.0328197475993903,-0.006005417940844406
2013-09-30,0.816537,0.977824,-0.443543,-0.411609,-0.411604,0.320561,1.044354,0.217068,-0.819055,-1.583068,-1.735891,0.0,87.721146,87.00266189999999,2.087052289538983,82.82855732092203,91.17676647907795,87.31098256905227,0.9431161364106231,-0.00412453374410606
2013-10-01,-0.993011,0.020262,-1.286862,-0.514108,-0.514117,0.753876,1.468236,0.889657,-0.111458,-0.999899,-1.171345,-1.0,87.270157,87.17288745,1.9522066871854842,83.26847407562903,91.07730082437098,87.30709441961872,0.8261114366312796,-0.005154427571681673
2013-10-02,-0.386254,0.0,-1.087618,-0.31412,-0.314119,0.851804,1.376301,1.257037,0.348654,-0.544009,-0.796228,0.0,86.996025,87.2993401,1.8467696475364055,83.60580080492718,90.9928793950728,87.2774687606074,0.7031586326829995,-0.0031461322325469863
2013-10-03,0.3666,0.417519,-0.458245,-0.182964,-0.182965,0.627295,1.117113,1.537685,0.709273,-0.190626,-0.547857,0.0,86.836853,87.45276340000001,1.655550390811108,84.1416626183778,90.76386418162222,87.23550535483527,0.586117403006341,-0.001831322662507601
2013-10-04,-0.252627,0.070736,-0.565882,0.773933,0.773932,-0.276878,0.178863,0.799655,0.097014,-0.754644,-1.228439,1.0,87.508911,87.59380685,1.5224235850046628,84.54895967999069,90.63865402000933,87.2615439877081,0.5413504976698391,0.0077095228851282145
2013-10-07,-0.307003,0.266068,-0.419569,-1.25303,-1.253029,0.685631,1.262791,1.945015,1.472577,0.683587,0.037182,-1.0,86.412399,87.6848877,1.3812532391956274,84.92238122160875,90.44739417839126,87.1806730364978,0.4126364322618201,-0.012609455719910201
2013-10-08,0.289375,0.434062,-0.227368,-0.982398,-0.98239,1.285646,2.024589,2.756642,2.497927,1.761879,1.026587,-1.0,85.563492,87.7008053,1.353207363062949,84.9943905738741,90.4072200261259,87.02665579492658,0.2393705926143781,-0.009872475612724092
2013-10-09,-0.093902,0.678216,-0.208678,-0.950812,-0.950827,1.727891,2.626265,3.284655,3.387432,2.752102,2.031177,-1.0,84.749931,87.62077715000001,1.4787701435768639,84.66323686284628,90.57831743715374,86.80982486207643,0.035993680154263075,-0.009553764744657427
2013-10-10,-1.364944,0.174465,-1.395731,1.669455,1.669467,-0.098527,0.65681,1.237681,1.722596,1.176106,0.47345,1.0,86.164803,87.64907459999999,1.4430255897461925,84.76302342050761,90.53512577949238,86.74839420854534,-0.01089010801426582,0.01655684431884335
2013-10-11,-0.467439,0.0,-0.680831,0.995486,0.995493,-1.195011,-0.457283,0.094151,0.723493,0.286139,-0.365828,1.0,87.022568,87.65217025,1.4415366711984003,84.7690969076032,90.5352435923968,86.77450599820767,0.020927381118823973,0.009905710894695592
2013-10-14,-0.769459,0.050626,-1.083325,0.365809,0.365809,-1.342515,-0.863627,-0.323315,0.310314,0.046569,-0.546053,0.0,87.340904,87.6119347,1.4382656310035755,84.73540343799286,90.48846596200715,86.82844866504503,0.07101144945819726,0.0036514110443097475
2013-10-15,0.428263,0.642395,-0.224332,-0.708714,-0.708711,-0.37117,-0.21924,0.317451,0.945234,0.828787,0.273605,-1.0,86.721909,87.54163405,1.4460583759470762,84.64951729810585,90.43375080189415,86.81830203027884,0.0600633383342597,-0.007112347533356076
2013-10-16,0.0,0.323689,-0.515884,0.805548,0.805537,-0.556336,-0.968034,-0.524647,-0.041978,0.072023,-0.415064,1.0,87.420486,87.3837887,1.2572139847060573,84.86936073058789,89.89821666941211,86.875652884538,0.1065282160766543,0.008023097962851826
2013-10-17,-0.435646,0.059404,-1.138616,2.164676,2.164687,-1.958418,-2.789116,-2.580206,-2.237632,-1.881988,-2.31816,1.0,89.312866,87.31437265,1.0918595690513209,85.13065351189735,89.49809178810264,87.1077684193439,0.292677414124654,0.02141590486401764
2013-10-18,-0.360268,0.165537,-0.642645,1.683165,1.683154,-2.745854,-4.034073,-3.992205,-3.751699,-3.336313,-3.710153,1.0,90.816139,87.40899085,1.3006906793261277,84.80760949134773,90.01037220865226,87.46094656988258,0.5551046614371984,0.0166914584514088
2013-10-21,-0.409235,0.048722,-0.506671,-0.06816,-0.068156,-1.927308,-3.490204,-3.703918,-3.536002,-3.15541,-3.418102,0.0,90.754242,87.54517059999999,1.4969702564280174,84.55123008714396,90.53911111285602,87.77459375370329,0.749446423161416,-0.0006817962495515238
2013-10-22,-0.800464,0.839036,-0.810111,1.032841,1.032841,-1.845889,-3.808469,-4.366865,-4.301285,-3.989972,-4.171089,1.0,91.691589,87.74767225,1.7612919310528126,84.22508838789437,91.27025611210561,88.14764092001725,0.9679419068694415,0.010275436191636334
2013-10-23,0.388124,0.436643,-0.252275,-0.607584,-0.607578,-0.43082,-2.519893,-3.47953,-3.54163,-3.378619,-3.410315,-1.0,91.134491,87.9068443,1.9175546374920067,84.07173502501598,91.74195357498402,88.43210283239655,1.0836562840552801,-0.006094313505466488
2013-10-24,0.242295,0.319831,-0.407054,0.116439,0.116432,-0.124055,-2.07695,-3.270012,-3.509885,-3.467338,-3.316533,0.0,91.240601,88.0381607,2.0536475687831044,83.9308655624338,92.14545583756622,88.69957884835878,1.1704309524025405,0.0011636458774028648
2013-10-25,-0.620763,0.02865,-0.840414,1.482845,1.482846,-1.199503,-2.906121,-4.31732,-4.676249,-4.719321,-4.52647,1.0,92.593559,88.26365355,2.2926029512809487,83.6784476474381,92.8488594525619,89.07043410089605,1.3330068327041857,0.014719597579767414
2013-10-28,-0.095895,0.421943,-0.632908,-0.410658,-0.410656,-0.475643,-1.977369,-3.503389,-4.039607,-4.144997,-3.985746,0.0,92.213318,88.48826215,2.4512198028320826,83.58582254433583,93.39070175566417,89.3697563770012,1.4148575214567245,-0.004115015011726268
2013-10-29,-0.287517,0.153349,-0.383356,0.057535,0.057526,-0.408273,-1.432808,-3.074555,-3.824029,-3.999609,-3.891437,0.0,92.266365,88.73807255,2.572151139292233,83.59377027141554,93.88237482858446,89.64562386490584,1.4670934910325713,0.000575098575619938
2013-10-30,-0.387449,0.09686,-0.900814,-1.054244,-1.054257,0.687733,0.041669,-1.563973,-2.56391,-2.83028,-2.841257,-1.0,91.29364,88.9529533,2.598339437070801,83.75627442585841,94.1496321741416,89.80257778253386,1.4137037977825173,-0.010598540846891035
2013-10-31,0.35669,1.021882,-0.539868,0.474627,0.474652,0.318121,-0.167754,-1.624739,-2.757649,-3.153581,-3.262968,0.0,91.726967,89.19745900000001,2.618734121227958,83.95999075754409,94.43492724245593,89.98585294610207,1.3903310774551585,0.004735289832212325
2013-11-01,-0.116985,0.136478,-0.926111,-1.108648,-1.108649,1.027481,0.939746,-0.250868,-1.491039,-1.952045,-2.112831,-1.0,90.710037,89.3575153,2.607902333398621,84.14171063320276,94.57331996679724,90.05482285599712,1.2750522671992144,-0.011148402026654824
2013-11-04,0.0,0.195367,-0.400512,-0.204717,-0.204717,0.861571,1.121414,0.188198,-1.061842,-1.627048,-1.820204,0.0,90.524338,89.56311225,2.524243504248731,84.51462524150254,94.61159925849746,90.0995385839974,1.1553900054066588,-0.0020492697920801105
2013-11-05,-0.948656,0.352079,-1.066011,-0.117225,-0.117217,0.571139,1.099254,0.578309,-0.677274,-1.372336,-1.602621,0.0,90.418228,89.80584905,2.3465555700833955,85.11273790983321,94.4989601901668,90.12988995695002,1.0400060680431693,-0.0011728584877448577
2013-11-06,-0.11561,0.510596,-0.250484,1.515895,1.515877,-0.822727,-0.339111,-0.606291,-1.776971,-2.636221,-2.932561,1.0,91.788857,90.15779535,2.058523066182099,86.0407492176358,94.2748414823642,90.28788681819287,1.0470915522393796,0.015045022576381859
2013-11-07,1.378904,1.566044,-0.236381,-2.186902,-1.411867,0.324839,1.005496,0.904048,-0.131191,-1.080281,-1.47327,-1.0,90.49292,90.3742012,1.8316589812986077,86.71088323740278,94.03751916259722,90.30741378788879,0.9373306005157502,-0.014219291215217141
2013-11-08,-2.451366,0.097275,-2.480548,1.250866,1.250855,-0.714888,-0.348052,-0.28368,-1.113824,-2.12265,-2.561643,1.0,91.624855,90.60431555,1.670426283290683,87.26346298341863,93.94516811658136,90.43288437951843,0.9309505317805247,0.01243096206665082
2013-11-11,-1.169143,0.143749,-1.360803,1.507777,1.507796,-1.655935,-1.743013,-1.603433,-2.278104,-3.292927,-3.81957,1.0,93.006371,90.8875889,1.5649330743055652,87.75772275138887,94.01745504861113,90.67797834337382,1.025549184118674,0.01496541851516763
2013-11-12,-0.105922,0.442947,-0.664414,-0.479157,-0.479167,-0.719497,-1.23813,-1.067081,-1.492194,-2.524923,-3.165961,0.0,92.560715,91.1795292,1.2622697633942508,88.6549896732115,93.7040687267885,90.85728659638585,1.0524268612027612,-0.004803188608527144
2013-11-13,-0.963763,0.096375,-1.329997,-0.08666,-0.086654,-0.483814,-1.024137,-0.884246,-1.133187,-2.106018,-2.884296,0.0,92.480507,91.43253025,0.9334463868857666,89.56563747622846,93.29942302377154,91.01187901577767,1.0550930428361482,-0.0008669203992109798
2013-11-14,-0.477509,0.267404,-0.649413,0.915571,0.915555,-0.779284,-1.750628,-1.634419,-1.815086,-2.687179,-3.533563,1.0,93.327217,91.6332478,0.8839573589664655,89.86533308206708,93.40116251793293,91.23238739522742,1.112701896904042,0.009113893035482375
2013-11-15,0.162491,0.353656,-0.047795,-0.085948,-0.085943,-0.346011,-1.394047,-1.50309,-1.600285,-2.336465,-3.245464,0.0,93.247009,91.7547913,0.9315333598199349,89.89172458036012,93.61785801963987,91.42425611949147,1.1387583165081878,-0.0008597972684732155
2013-11-18,0.352948,0.620052,-0.162165,0.200725,0.200727,-0.454069,-1.280147,-1.613293,-1.653991,-2.271251,-3.18878,0.0,93.434181,91.88878825,0.9719075334846431,89.94497318303071,93.8326033169693,91.61567753668277,1.161126687234983,0.0020052589413982634
2013-11-19,-0.200975,0.545507,-0.43066,-0.324338,-0.324343,-0.00765,-0.667615,-1.231241,-1.256689,-1.677966,-2.602899,0.0,93.131134,91.96076550000001,1.0091268176323414,89.94251186473532,93.97901913526469,91.76000672366536,1.1412448615966184,-0.003248698897015358
2013-11-20,0.367005,1.187943,-0.453932,-0.909175,-0.909167,0.867292,0.297468,-0.253455,-0.288406,-0.565029,-1.437124,-1.0,92.284416,92.01826175,0.9921880516989555,90.03388564660209,94.0026378533979,91.80995046426865,1.0451178373888155,-0.009133256469991368
2013-11-21,0.028971,0.154511,-0.579436,0.00966,0.009681,0.633489,0.482836,-0.222198,-0.241026,-0.44548,-1.225322,0.0,92.29335,92.0708992,0.9765624120809097,90.11777437583818,94.02402402416182,91.85598851529069,0.9586071507600451,9.680472573262388e-05
2013-11-22,-0.561147,0.474068,-0.715942,-0.183488,-0.183515,0.574697,0.721755,0.063567,-0.083103,-0.20566,-0.859138,0.0,92.123978,92.04742015,0.9689502601375496,90.1095196297249,93.98532067027509,91.88151132335824,0.8663926680650036,-0.0018368344174384296
2013-11-25,0.605464,1.474611,-0.214846,-0.928792,-0.92878,1.042964,1.475579,1.055996,0.801836,0.75243,0.213735,-1.0,91.268349,92.0001717,0.9833671736322404,90.03343735273552,93.96690604726447,91.82311491160984,0.7160161284257072,-0.009331199645927985
2013-11-26,-0.48676,0.418615,-0.652257,0.312499,0.312495,0.38357,1.049453,0.823856,0.448888,0.432534,0.077461,0.0,91.553558,91.96453135,0.9861250374031068,89.99228127519379,93.93678142480621,91.79744282478985,0.6127917383558952,0.0031200771948293226
2013-11-27,-0.107087,0.515965,-0.282322,0.0,0.0,0.223913,0.948207,0.806723,0.463083,0.450843,0.22794,0.0,91.553558,91.97752725000001,0.9785014111557322,90.02052442768854,93.93453007231147,91.7742156986194,0.5249345468384519,0.0
2013-11-29,0.33297,0.499463,-0.20566,-0.593847,-0.593861,0.540604,1.296653,1.446818,1.023861,1.040804,0.888865,-1.0,91.009857,91.94167175,1.0010449318821444,89.93958188623571,93.94376161376428,91.70141963208422,0.40674624525824754,-0.005956315041948075
2013-12-02,-0.695532,0.284092,-0.734718,-0.029379,-0.029374,0.319362,1.077592,1.429603,1.068552,0.999691,0.924626,0.0,90.983124,91.95532610000001,0.985096547858063,89.98513300428388,93.92551919571613,91.63301052426668,0.30738074122523074,-0.0002937805628038647
2013-12-03,-0.609392,0.009831,-0.648708,-0.333076,-0.333064,0.524863,1.111655,1.597533,1.414888,1.269576,1.259167,0.0,90.680092,91.9631138,0.97373861902601,90.01563656194799,93.91059103805202,91.54225637909843,0.2018538677950943,-0.00333619857382365
2013-12-04,-1.083742,0.11823,-1.231527,-0.235893,-0.23589,0.522158,1.056151,1.683407,1.657332,1.42943,1.453441,0.0,90.466187,91.96551174999999,0.9697849401231471,90.0259418697537,93.90508163024629,91.43977358108906,0.09981214225528845,-0.002361683613960768
2013-12-05,0.0695,0.506356,-0.387211,-0.768472,-0.768487,0.903498,1.558784,2.269664,2.332214,2.147092,2.188505,-1.0,89.770966,91.8646172,1.0870143492844435,89.69058850143111,94.03864589856889,91.28083952574725,-0.03673176399107092,-0.007714552037595479
2013-12-06,-1.364118,0.068206,-1.373863,1.896342,1.896347,-0.873035,-0.420926,0.231256,0.481346,0.234987,0.295202,1.0,91.473335,91.91363795,1.0431201068351794,89.82739773632963,93.99987816367036,91.29917242805703,-0.007490496645715439,0.018785904501225442
2013-12-09,-0.575662,0.243926,-0.604932,-0.136411,-0.136418,-0.657617,-0.369783,0.229626,0.603484,0.399872,0.386779,0.0,91.348549,91.89982265,1.0489594911478142,89.80190366770438,93.99774163229563,91.30387495871827,0.00555025123620112,-0.00136511031008194
2013-12-10,-0.088172,0.30371,-0.293919,-0.409794,-0.409789,-0.184187,0.007838,0.461777,0.905753,0.832772,0.754444,0.0,90.974213,91.79821475,1.0344544693435025,89.729305811313,93.867123688687,91.27247858169747,-0.014157450579801889,-0.004106306002500025
2013-12-11,0.83818,0.986096,-0.07889,-0.646611,-0.646603,0.447675,0.529523,0.913116,1.442156,1.487576,1.340818,-1.0,90.385971,91.68947755,1.0639641648753202,89.56154922024936,93.81740587975065,91.18804928820248,-0.07636190698173095,-0.006487025430462236
2013-12-12,0.31863,0.756748,-0.358459,-0.966378,-0.966391,1.370113,1.282491,1.691402,2.266262,2.37619,2.263396,-1.0,89.512489,91.54107665000001,1.1512343524803508,89.2386079450393,93.84354535496071,91.02847211789748,-0.19390684681820858,-0.00971090985693572
2013-12-13,-0.099788,0.259457,-0.748428,-0.219059,-0.219048,1.109665,1.315234,1.692442,2.266238,2.548246,2.39793,0.0,89.316414,91.3405365,1.1728500975122111,88.99483630497558,93.68623669502442,90.865418963812,-0.29943200655540636,-0.0021928790624237567
2013-12-16,-0.235061,0.186095,-0.254654,1.886038,1.886036,-0.838393,-0.558277,-0.272282,0.249755,0.622527,0.513074,1.0,91.000954,91.22823375,1.08493051927308,89.05837271145384,93.39809478854616,90.87832706249658,-0.2443168239386324,0.01868471159561981
2013-12-17,0.403985,0.601044,-0.384274,-0.597453,-0.597443,-0.356693,0.01477,0.267339,0.687743,1.114582,1.114721,-1.0,90.457275,91.07938845,0.9638051249612805,89.15177820007743,93.00699869992256,90.83822686606833,-0.2417215803050965,-0.005992350194045383
2013-12-18,-1.267044,0.029015,-2.176226,1.872107,1.872084,-1.804807,-1.640382,-1.532053,-1.215773,-0.761378,-0.680777,1.0,92.150711,91.0303673,0.8747780711152573,89.28081115776948,92.77992344223051,90.96322535501419,-0.10184469620128311,0.018547759982685
2013-12-19,0.474896,0.48459,-0.193833,-0.203113,-0.203106,-1.07191,-1.201782,-1.30193,-1.032173,-0.581893,-0.472311,0.0,91.963547,91.01432385000001,0.8532456660226088,89.3078325179548,92.72081518204523,91.05849408310807,-0.00602438305782016,-0.0020331294980097956
2013-12-20,0.183801,0.532064,-0.077394,0.184147,0.184148,-0.642354,-1.311794,-1.402085,-1.222793,-0.816485,-0.595918,0.0,92.132896,91.00630115,0.8412566931995245,89.32378776360095,92.68881453639905,91.16081807519302,0.08262648773046521,0.0018397862012780204
2013-12-23,0.434109,0.443757,-0.048238,0.280547,0.280548,-0.619336,-1.475017,-1.57631,-1.484665,-1.131008,-0.846359,0.0,92.391373,91.01967090000001,0.8618276521299975,89.29601559574002,92.74332620426,91.2780137823175,0.1717599336445801,0.002801552017625055
2013-12-24,0.125298,0.240964,-0.212049,0.086818,0.086821,-0.269883,-1.398555,-1.532532,-1.505062,-1.258411,-0.951648,0.0,92.471588,91.07983285,0.9201265473846683,89.23957975523066,92.92008594476934,91.39168751733487,0.24603536923376623,0.0008678320914093396
2013-12-26,-0.837615,0.066628,-1.085094,1.262649,1.262653,-1.19551,-2.280605,-2.534429,-2.621839,-2.467926,-2.1483,1.0,93.639183,91.1841141,1.0807986932519966,89.022516713496,93.345711486504,91.60573470616012,0.3945660339348649,0.012547477101436394
2013-12-27,0.037723,0.5281,-0.367785,0.932803,0.932792,-1.569214,-2.654654,-3.100713,-3.365236,-3.274986,-2.980947,1.0,94.512642,91.33206829999999,1.311872722710529,88.70832285457894,93.95581374542104,91.88258301985915,0.5761173748381765,0.00928468564926521
2013-12-30,0.446091,0.939633,-0.522023,-0.641267,-0.64126,-0.55619,-1.537588,-2.302585,-2.587323,-2.582008,-2.334222,-1.0,93.90657,91.47690395,1.4290939776560438,88.6187159946879,94.33509190531208,92.07534368463448,0.6634453897927699,-0.006433251512340407
2013-12-31,-0.112721,0.347551,-0.591769,1.044038,1.044033,-1.057671,-2.145404,-3.063432,-3.388124,-3.472099,-3.285738,1.0,94.886986,91.67209705,1.6128875114206864,88.44632202715863,94.89787207284138,92.34311914324073,0.8025139668678065,0.01038621056941478
2014-01-02,0.115881,0.482859,-0.637377,-2.733417,-2.733395,1.684191,0.803454,-0.244026,-0.58573,-0.71504,-0.609068,-1.0,92.29335,91.75275995,1.6009613477922209,88.55083725441555,94.95468264558444,92.33837922483686,0.6954256330449198,-0.02771447114449114
2014-01-03,-0.395215,0.645851,-0.472333,0.183481,0.183457,1.243501,0.6526,-0.276969,-0.659818,-0.857523,-0.815173,0.0,92.462669,91.85258404999999,1.5786048368925811,88.69537437621483,95.00979372378515,92.35021634628096,0.6171063671375805,0.0018328934377206654
2014-01-06,0.614391,0.770432,-0.273063,-1.156735,-1.15672,1.745653,1.768081,1.02723,0.591464,0.295677,0.313037,-1.0,91.393135,91.93369249999999,1.5060275299850392,88.92163744002991,94.94574755997007,92.25906574187326,0.46339361616017527,-0.011634618450268813
2014-01-07,-0.679562,0.11485,-0.708274,1.891947,1.89194,-0.312023,-0.015318,-0.576193,-1.187794,-1.475888,-1.519916,1.0,93.122238,92.01613765,1.52451936900535,88.96709891198931,95.0651763880107,92.34127262359962,0.47561670167748105,0.01874265096942108
2014-01-08,-0.838651,0.076243,-1.02926,0.430702,0.430683,-1.031146,-0.323057,-0.822757,-1.495269,-1.789752,-1.89236,0.0,93.5233,92.12487519999999,1.5517123558562975,89.0214504882874,95.22829991171258,92.45384665944728,0.5117666096847415,0.004297585911492116
2014-01-09,0.600398,0.895838,-0.438387,0.0,0.0,-0.76812,-0.210603,-0.6042,-1.358988,-1.668147,-1.811989,0.0,93.5233,92.25232955,1.5569046495343504,89.1385202509313,95.3661388490687,92.55569935854753,0.5342570890672391,0.0
2014-01-10,0.019015,0.085555,-0.865015,0.257312,0.25732,-0.745242,-0.453415,-0.744606,-1.432027,-1.779841,-1.985418,0.0,93.763954,92.4212287,1.5267141436216967,89.36780041275661,95.47465698724339,92.67077122916204,0.5649869052322458,0.0025698933302417074
2014-01-13,1.004583,1.541014,-0.165803,-2.538021,-2.538017,1.837507,1.796549,1.797849,1.2372,0.848533,0.560812,-1.0,91.384209,92.5148147,1.3902998896161616,89.73421492076768,95.29541447923232,92.54824149305138,0.3927871668403782,-0.025707800959747406
2014-01-14,-0.223456,0.369181,-0.446905,0.390131,0.390118,1.140585,1.164881,1.373762,0.975919,0.468292,0.196586,0.0,91.740715,92.63602975,1.1876855737352168,90.26065860252957,95.01140089747044,92.47133420799886,0.28183585993116367,0.003893587422173983
2014-01-15,-1.105615,0.494619,-1.318981,0.174877,0.174891,0.61099,0.663367,1.161217,0.848606,0.316941,0.054955,0.0,91.901161,92.68104009999999,1.138498183399194,90.4040437332016,94.95803646679838,92.41703199771327,0.2044955042623542,0.0017473796752613166
2014-01-16,0.096671,0.251331,-0.724988,0.329741,0.329728,-0.005792,0.322872,0.809423,0.611903,0.040614,-0.218771,0.0,92.204185,92.7683856,1.0197280080459665,90.72892958390807,94.80784161609193,92.39676085507391,0.16574363011427806,0.0032918574090600684
2014-01-17,0.571599,0.689856,-0.177392,-1.913964,-1.913955,1.210206,2.056764,2.540653,2.480537,1.995074,1.727277,-1.0,90.439438,92.68282194999999,1.139092696322942,90.40463655735411,94.96100734264587,92.21034915459067,-0.007283879604173649,-0.019325086662075566
2014-01-21,0.790361,0.84819,-1.050599,2.246969,2.246973,-0.778802,-0.069404,0.140077,0.255901,-0.118364,-0.410926,1.0,92.471588,92.708224,1.1278173912137608,90.45258921757248,94.96385878242752,92.23522904462965,0.019345095740092688,0.022221007253435805
2014-01-22,0.511779,0.724218,-0.01931,-0.183134,-0.183137,-0.475087,0.025103,0.207933,0.449017,0.194286,-0.198273,0.0,92.302238,92.7166911,1.1238996438510966,90.46889181229781,94.9644903877022,92.24161084990301,0.026478394420180962,-0.0018330523438869436
2014-01-23,1.552435,1.591491,-0.312439,-1.100811,-1.100804,0.497943,0.893372,1.060335,1.506537,1.322003,0.9103,-1.0,91.286171,92.661431,1.1670777743623357,90.32727545127533,94.99558654872466,92.15061657848368,-0.04928836466997666,-0.01106907979584098
2014-01-24,2.172358,2.24375,-0.040797,-4.26674,-4.266739,3.875566,4.688412,5.190537,5.739918,5.697491,5.27111,-1.0,87.391228,92.40741299999999,1.6595471244459832,89.08831875110802,95.72650724889196,91.69734147577094,-0.418795798547805,-0.04360439694784701
2014-01-27,0.997654,1.048558,-0.081443,0.18358,0.183578,3.025548,3.787022,4.623833,5.198505,5.293691,4.9703,0.0,87.551659,92.1030368,1.953889894273938,88.19525701145213,96.01081658854787,91.30251457331656,-0.690725408582594,0.0018340962324800546
2014-01-28,0.111584,0.284032,-0.41591,0.356306,0.356304,1.610874,3.017848,3.984574,4.446637,4.733207,4.53506,0.0,87.863609,91.77058515,2.083672081481505,87.603240987037,95.937929312963,90.97499975681022,-0.8710192579422369,0.003556706692731583
2014-01-29,0.930523,1.344082,-0.072373,-1.886793,-1.886804,2.150548,4.356914,5.449411,6.008588,6.472298,6.425083,-1.0,86.205795,91.3855464,2.361215775978246,86.6631148480435,96.10797795195649,90.52078977997114,-1.1345962480907872,-0.019048311628782146
2014-01-30,-0.082818,0.424479,-0.714353,-0.134414,-0.134407,1.080865,3.822347,5.015705,5.640341,6.322813,6.378168,0.0,86.089928,90.9456935,2.4904611955793854,85.96477110884123,95.92661589115878,90.09880294378343,-1.3374155167474413,-0.0013449784527341392
2014-01-31,-1.647722,0.521431,-1.793723,-0.72471,-0.7247,1.368229,3.791839,5.153814,6.012089,6.771085,6.960051,-1.0,85.466034,90.6043277,2.750362850442642,85.10360199911472,96.10505340088528,89.65758685389929,-1.5308476216294622,-0.007273390480537779
2014-02-03,1.272404,1.601105,-0.233275,-1.647722,-1.647729,2.235183,4.771502,6.14569,7.288199,8.103914,8.431062,-1.0,84.057785,90.18408350000001,3.074488451722897,84.03510659655421,96.33306040344581,89.12427239162317,-1.777290386176574,-0.016614554851138483
2014-02-04,-0.488011,0.509226,-0.572885,-0.053012,-0.053015,1.372797,3.820285,5.617086,6.905896,7.661362,8.173138,0.0,84.013222,89.81508785,3.3520745805979324,83.11093868880414,96.51923701119586,88.63750568765906,-1.953673185908059,-0.0005302877853796608
2014-02-05,-0.265477,0.276099,-0.339811,-0.095485,-0.09548,0.928108,2.922376,5.097872,6.460653,7.288944,7.950868,0.0,83.933006,89.35562625,3.501362301958083,82.35290164608384,96.35835085391616,88.1894580983582,-2.0759997533796337,-0.000955258204428036
2014-02-06,-0.966034,0.135042,-1.069907,2.230009,2.230017,-1.339986,0.038428,2.331629,3.688575,4.525182,5.340181,1.0,85.804726,88.96969755,3.4427023526602047,82.0842928446796,95.85510225532042,87.96234075565742,-1.9988705426707156,0.022055153548102908
2014-02-07,0.041056,0.143721,-0.503035,1.184177,1.184154,-2.18252,-1.198021,0.720674,2.089115,3.049796,3.890437,1.0,86.820786,88.63457185,3.299347073942289,82.03587770211543,95.23326599788457,87.85362125511861,-1.8346093030250188,0.01177197648194932
2014-02-10,0.389541,0.461299,-0.379296,0.143721,0.143719,-1.658628,-1.409524,0.30823,1.550497,2.648088,3.48472,0.0,86.945564,88.29365235,3.0868634680676243,82.11992541386475,94.46737928613526,87.76713961177398,-1.675053570504602,0.0014361586284888693
2014-02-11,-0.923971,0.160694,-1.074621,2.07073,2.07073,-2.587116,-3.310224,-2.006616,-0.658319,0.446331,1.168705,1.0,88.745972,88.1617405,3.0030759079985785,82.15558868400284,94.16789231599715,87.86036174398599,-1.3873342977834255,0.020495819737558787
2014-02-12,0.230742,0.391252,-0.150483,0.110475,0.110495,-1.589095,-3.119992,-2.37427,-0.930986,0.142848,0.867101,0.0,88.844032,88.01690635,2.889069763545522,82.23876682290896,93.79504587709104,87.95404462551113,-1.1382806875570424,0.0011043415480291713
2014-02-13,-1.037407,0.029924,-1.206982,0.57183,0.571827,-1.354621,-3.30574,-3.073652,-1.636912,-0.613272,0.087112,1.0,89.352066,87.8894516,2.762131906536359,82.36518778692728,93.41371541307272,88.08718951831959,-0.8896544266952731,0.005701980931788281
2014-02-14,-1.299085,0.186991,-1.407343,1.356609,1.356601,-1.848243,-4.037002,-4.137385,-3.043988,-2.074203,-1.316141,1.0,90.564217,87.8074532,2.649340052808865,82.50877309438226,93.10613330561773,88.32309689752725,-0.5880274539210006,0.013474815293562138
2014-02-18,0.94227,1.100972,-0.267801,-0.777484,-0.777478,-0.430472,-2.639359,-3.214972,-2.316505,-1.48066,-0.639425,-1.0,89.8601,87.77848630000001,2.622075161164646,82.53433597767072,93.0226366223293,88.4694781453818,-0.4011777350360859,-0.007805162699846175
2014-02-19,-0.009869,0.65114,-0.266382,0.535609,0.53561,-0.607736,-2.457581,-3.547755,-2.954817,-2.051701,-1.207581,0.0,90.3414,87.67197689999999,2.4596397135232464,82.7526974729535,92.59125632704648,88.64775641725019,-0.21181937710589693,0.005341810634077525
2014-02-20,0.078952,0.345404,-0.434228,-0.029596,-0.029591,-0.252647,-1.722106,-3.215904,-3.036128,-2.085867,-1.281961,0.0,90.314667,87.57259834999999,2.2975237708287137,82.97755080834257,92.16764589165741,88.80650980608351,-0.06318034024199903,-0.0002959546351147423
2014-02-21,0.019705,0.344895,-0.206943,0.148032,0.148018,-0.157662,-1.353959,-3.037705,-3.225755,-2.294833,-1.541188,0.0,90.448349,87.53070725,2.232981447608369,83.06474435478327,91.99667014521674,88.96287544359936,0.06465884066551553,0.0014790860136044029
2014-02-24,-1.008241,0.106641,-1.066407,1.645643,1.645651,-1.475521,-2.394574,-4.138313,-4.545325,-3.88832,-3.192764,1.0,91.936813,87.7579865,2.4397919780964346,82.87840254380713,92.63757045619288,89.246107591828,0.2828187591467213,0.01632256736986722
2014-02-25,0.127244,0.430658,-0.636196,-0.950077,-0.950081,-0.266216,-1.006161,-2.705943,-3.436914,-2.939017,-2.36305,-1.0,91.063339,87.9335705,2.548119041280304,82.8373324174394,93.0298085825606,89.41917724974914,0.38083992879272444,-0.009546228500748934
2014-02-26,-0.790361,0.963855,-0.84819,1.546444,1.54645,-1.324338,-2.110844,-3.577834,-4.658316,-4.417158,-3.810765,1.0,92.471588,88.16396945,2.7423802283280816,82.67920899334383,93.64872990665616,89.70988303548731,0.565636036876711,0.015346143214045036
2014-02-27,0.028848,0.173094,-0.615444,0.231323,0.23132,-1.040483,-1.922296,-3.170815,-4.528798,-4.62121,-3.998779,0.0,92.685493,88.48795435,2.8782555091745667,82.73144333165087,94.24446536834913,89.993274460679,0.7210369644424901,0.0023105256791286152
2014-02-28,-0.076476,0.869894,-0.334575,0.596214,0.596215,-1.028584,-2.086799,-3.213206,-4.711309,-5.102763,-4.519964,1.0,93.238098,88.84536284999999,3.0057949149905308,82.83377302001892,94.85695267998105,90.30230527394767,0.878655332598683,0.005944448730642769
2014-03-03,0.166469,0.891105,-0.2644,-2.380268,-2.380258,1.18291,0.350557,-0.545776,-2.082856,-2.629467,-2.23529,-1.0,91.018791,89.1230007,2.932786794702017,83.25742711059597,94.98857428940404,90.37054200976218,0.8150936058538178,-0.024090435283806957
2014-03-04,0.472242,0.501154,-0.25058,1.605953,1.60595,-0.109874,-0.952203,-1.718717,-3.175123,-3.955289,-3.706959,1.0,92.480507,89.54413679999999,2.7672222007004494,84.00969239859909,95.0785812014009,90.57149105645149,0.8726098415283161,0.015931907470187183
2014-03-05,-0.444443,0.164249,-0.560388,-0.25058,-0.250577,0.092749,-0.496625,-1.218686,-2.485516,-3.523873,-3.473116,0.0,92.248772,89.9559143,2.500796444746024,84.95432141050796,94.95750718949205,90.7312320986942,0.8892421647316695,-0.0025089159965565985
2014-03-06,-0.899437,0.306191,-0.928142,0.975847,0.97584,-0.775042,-1.153958,-1.865213,-2.933215,-4.158074,-4.37566,1.0,93.148972,90.41671260000001,2.1582054670574102,86.10030166588518,94.73312353411484,90.96149304167571,0.9639501995521584,0.009711089844281741
2014-03-07,0.154758,0.754424,-0.55131,-1.071671,-1.071682,0.063851,0.10157,-0.599659,-1.537372,-2.856745,-3.308497,-1.0,92.150711,90.73401185,1.8948950768662043,86.94422169626759,94.52380200373241,91.07475189484944,0.9318635920804326,-0.010774661256179499
2014-03-10,-0.367966,0.106517,-0.774664,-0.116067,-0.11605,0.402826,0.229493,-0.377008,-1.13925,-2.458026,-3.027666,0.0,92.04377,90.99516105000001,1.674264511886259,87.6466320262275,94.34369007377252,91.16703933343521,0.887574078054655,-0.0011611749867354903
2014-03-11,0.223152,0.76647,-0.077619,-0.193664,-0.193679,0.46377,0.511312,-0.038153,-0.679627,-1.928779,-2.682959,0.0,91.865501,91.24115789999999,1.3842732810599032,88.47261133788018,94.0097044621198,91.23355949215566,0.8285386231563621,-0.0019386630686395409
2014-03-12,-0.890763,0.215342,-0.978857,-0.882891,-0.882883,1.096313,1.250976,0.90446,0.331829,-0.745893,-1.6993,-1.0,91.054436,91.3565811,1.2555246315235813,88.84553183695283,93.86763036304717,91.21650011195035,0.7081433964051911,-0.008868036241582783
2014-03-13,1.716947,2.927746,-0.357285,-1.370401,-1.370392,1.756638,2.337228,2.268747,1.779466,0.894788,-0.199826,-1.0,89.806633,91.40471115,1.169651455178187,89.06540823964362,93.74401406035638,91.08222705366936,0.5062068011282861,-0.013798688747192197
2014-03-14,0.430862,0.951901,-0.100206,-0.952758,-0.952755,2.016021,2.839668,3.140267,2.735958,2.006798,0.867386,-1.0,88.950996,91.38465765000001,1.2094567957228741,88.96574405855426,93.80357124144575,90.87925266760561,0.27396968743695993,-0.009573225371861654
2014-03-17,-0.507313,0.437682,-0.566995,0.731459,0.731445,0.730136,1.934751,2.217584,1.936242,1.390234,0.288805,1.0,89.601624,91.336528,1.2618425530770108,88.81284289384598,93.86021310615402,90.75757374688128,0.1407973198732293,0.007287833465619233
2014-03-18,-1.128559,0.147204,-1.128559,1.36278,1.362784,-0.853777,0.381744,0.825644,0.618741,0.197837,-0.811257,1.0,90.822701,91.38465805,1.2202358369733504,88.9441863760533,93.8251297239467,90.76377634241639,0.13226331884897036,0.013535820556289074
2014-03-19,0.409716,1.18917,-0.479668,-1.79588,-1.795879,0.541623,1.874686,2.424302,2.394322,2.050162,1.196159,-1.0,89.191635,91.32716980000001,1.296663719340554,88.73384236131889,93.92049723868112,90.6140485955196,-0.006043665644114071,-0.018122008211294213
2014-03-20,-0.865408,0.19895,-1.12404,0.459677,0.459672,0.035816,1.012637,1.72619,1.886008,1.617033,0.943999,0.0,89.601624,91.29151765,1.3351980750341883,88.62112149993163,93.96191380006837,90.51762720547012,-0.08162928978377693,0.004586187655005117
2014-03-21,-0.863257,0.304098,-0.931925,1.402569,1.402556,-0.927986,-0.526767,0.144544,0.499327,0.277824,-0.266812,1.0,90.858337,91.31201705,1.3246773527147004,88.66266234457059,93.9613717554294,90.5500757573301,-0.03966793787286349,0.013928112463571504
2014-03-24,-0.236451,0.472909,-0.492611,-0.431628,-0.431606,-0.307397,-0.269957,0.537925,0.853688,0.70817,0.299828,0.0,90.466187,91.23848575,1.3289796865871142,88.58052637682577,93.89644512317422,90.5420863518701,-0.03762279961932791,-0.004325400698664623
2014-03-25,-0.456666,0.330358,-0.757869,1.399013,1.399011,-1.484652,-1.660514,-0.903617,-0.501363,-0.599692,-0.910096,1.0,91.731819,91.27190974999999,1.3327437305653234,88.60642228886934,93.93739721113064,90.65539422312057,0.06537036339548763,0.01389315267909869
2014-03-26,0.261954,1.154557,0.0,0.145746,0.145731,-1.045885,-1.715329,-1.075635,-0.67914,-0.677976,-0.941099,0.0,91.865501,91.2416054,1.310738377119785,88.62012864576043,93.86308215423956,90.77064248758528,0.1559821422430474,0.0014562524510120293
2014-03-27,-0.019182,0.249402,-0.335729,1.144853,1.144856,-1.452276,-2.49304,-2.211985,-1.790881,-1.690162,-1.916221,1.0,92.917229,91.2531922,1.3251193539212336,88.60295349215754,93.90343090784246,90.97507929829145,0.3090952323117335,0.011383524394196256
2014-03-28,-0.047251,0.519802,-0.34968,1.496401,1.496406,-2.173706,-3.36263,-3.501242,-3.182116,-2.975898,-3.187157,1.0,94.307648,91.3066697,1.4270974790545037,88.452474741891,94.160864658109,91.29246679369226,0.5364497931084458,0.014853203108112252
2014-03-31,0.759729,0.826206,-0.541311,-0.481991,-0.481997,-0.978157,-2.441594,-2.905346,-2.5622,-2.424308,-2.601453,0.0,93.853088,91.44838455,1.5337475109266585,88.38088952814668,94.51587957185332,91.53633548000728,0.6722020012185794,-0.004831623153221851
2014-04-01,-0.647335,0.084439,-0.72239,1.225065,1.225069,-1.487944,-3.182284,-3.860269,-3.608682,-3.439341,-3.599769,1.0,95.002853,91.57450185,1.7159638209482897,88.14257420810343,95.00642949189658,91.86648000572087,0.8626192924590725,0.012176256667816332
2014-04-02,-0.140267,0.30858,-0.289887,0.328367,0.328375,-1.086601,-2.856753,-3.876948,-3.763334,-3.636065,-3.741358,0.0,95.314819,91.7278042,1.9058276941826484,87.9161488116347,95.53945958836529,92.19489324327127,1.026862386251949,0.0032783742690031077
2014-04-03,-0.028018,0.186791,-0.364248,0.121562,0.121563,-0.679936,-2.363883,-3.600767,-3.760632,-3.638001,-3.679532,0.0,95.430687,91.84188995,2.0576265932286697,87.72663676354266,95.95714313645733,92.50306407724544,1.1530837687249829,0.001214896399724464
2014-04-04,0.150055,0.778394,-0.375123,-0.410949,-0.410952,-0.116291,-1.52115,-2.775957,-3.211575,-3.16459,-3.121075,0.0,95.038513,91.98628005,2.1782268888802996,87.6298262722394,96.34273382776061,92.74453540322206,1.2075500738679494,-0.00411798394911382
2014-04-07,1.248817,1.324504,-0.387886,-0.872175,-0.872176,0.838223,-0.257334,-1.594452,-2.245034,-2.177106,-2.18827,-1.0,94.20961,92.09457205,2.2343505242171227,87.62587100156576,96.56327309843424,92.8840663172009,1.170338534320507,-0.008760016084086495
2014-04-08,-0.348756,0.301638,-0.678662,0.368968,0.368959,0.373279,-0.325189,-1.692895,-2.462052,-2.448856,-2.424663,0.0,94.557205,92.22915725,2.2999307428430074,87.62929576431398,96.82901873568602,93.04341285841987,1.1555753790132997,0.0036828019042439
2014-04-09,0.037186,0.08367,-1.069073,1.395046,1.395044,-0.890578,-1.278233,-2.580641,-3.552565,-3.639672,-3.648781,1.0,95.87632,92.47025145,2.419909142051732,87.63043316589655,97.31006973410346,93.31321353857037,1.2360684011627825,0.01385403225131108
2014-04-10,2.151051,2.188948,0.0,-1.89644,-1.896433,0.733438,0.751443,-0.381569,-1.462145,-1.738275,-1.73758,-1.0,94.05809,92.6828243,2.3595926113863017,87.96363907722738,97.4020095227726,93.38415415394462,1.140002496565785,-0.019146457396442815
2014-04-11,0.085231,0.435606,-0.085223,0.066331,0.066327,0.471592,0.664776,-0.216538,-1.252839,-1.719694,-1.771461,0.0,94.120476,92.9412983,2.207522930902877,88.52625243819425,97.35634416180575,93.45428004404513,1.0567223662226581,0.0006630510967500975
2014-04-14,-0.55438,0.101629,-1.01636,2.490535,2.49054,-1.502364,-1.510677,-2.226746,-3.296689,-3.924611,-3.970254,1.0,96.464584,93.2844463,2.194431937216518,88.89558242556696,97.67331017443304,93.74097565889798,1.1664263510965895,0.024600314580770458
2014-04-15,-0.046201,0.027718,-1.265825,0.0,0.0,-1.106907,-1.359147,-1.899665,-3.004257,-3.733905,-3.832584,0.0,96.464584,93.56654045,2.223755035425729,89.11903037914854,98.01405052085147,94.00036692947911,1.2390841586064028,0.0
2014-04-16,0.073423,0.266154,-0.412993,0.674486,0.674481,-1.514313,-1.834615,-2.196522,-3.246143,-4.129219,-4.309836,1.0,97.115219,93.96271965000001,2.1060165101389656,89.75068662972208,98.17475267027794,94.29701950762396,1.3337916812012054,0.0067221625392800645
2014-04-17,-0.57692,0.192314,-0.760068,0.220262,0.220267,-1.058607,-1.855312,-2.10928,-3.061814,-4.030769,-4.376984,0.0,97.329132,94.34909504999999,1.9681498542360594,90.41279534152787,98.28539475847211,94.58579212594549,1.4098571113686234,0.0022002499450121857
2014-04-21,0.275452,0.431543,-0.257099,-0.265561,-0.265569,-0.187308,-1.384629,-1.658861,-2.483701,-3.440638,-3.953416,0.0,97.070656,94.659711,1.8763138554496577,90.90708328910068,98.41233871089932,94.8224458282364,1.4327666180653864,-0.0026592225740181543
2014-04-22,0.054683,0.063799,-0.483047,0.743731,0.743734,-0.652569,-1.746263,-2.116295,-2.829019,-3.818446,-4.46652,1.0,97.792603,95.0260318,1.723461482838483,91.57910883432304,98.47295476567696,95.10531793983293,1.4919790507415769,0.007409814522566683
2014-04-23,0.544277,0.590405,-0.2214,-1.203061,-1.203063,0.588562,-0.336714,-0.813035,-1.392988,-2.407379,-3.139297,-1.0,96.616096,95.27024564999999,1.5714513618664934,92.127342926267,98.41314837373298,95.24920156461076,1.4275155373027957,-0.01210358763672527
2014-04-24,-0.229064,0.238229,-0.742163,0.682654,0.682654,-0.06047,-0.868605,-1.351165,-1.783485,-2.736665,-3.582856,1.0,97.27565,95.54075309999999,1.4120832526655764,92.71658659466884,98.36491960533114,95.44219665369545,1.413355946576658,0.006803348338334395
2014-04-25,0.247484,0.540792,-0.751603,-0.036651,-0.036643,-0.042167,-0.505044,-1.190959,-1.525209,-2.386804,-3.2927,0.0,97.240005,95.7568919,1.3170114061724147,93.12286908765518,98.39091471234482,95.61341649620064,1.3833121538815334,-0.00036650006806901523
2014-04-28,-0.027224,0.508211,-0.453762,0.999087,0.999071,-0.798614,-1.072684,-1.952982,-2.300563,-3.0529,-3.935013,1.0,98.211502,95.9520846,1.3787610932787466,93.19456241344251,98.7096067865575,95.8608532108482,1.4215076649735892,0.009941135943917219
2014-04-29,-0.054003,0.252024,-0.333029,0.825843,0.825851,-1.362735,-1.62466,-2.432041,-2.83978,-3.501347,-4.404737,1.0,99.022583,96.21055935000001,1.4474051312295633,93.31574908754088,99.10536961245914,96.16197033362457,1.4999350236357571,0.008224598421309764
2014-04-30,2.268003,2.2869,-0.122848,-4.752474,-3.006405,1.575812,1.380947,0.695477,0.226072,-0.330629,-1.260411,-1.0,96.045563,96.26269485,1.4201363467669232,93.42242215646615,99.10296754353385,96.15088392089841,1.3068046063638263,-0.03052524177502476
2014-05-01,-0.009375,0.50614,-0.543632,0.822153,0.822145,0.656552,0.525327,-0.059621,-0.512709,-0.938089,-1.802462,1.0,96.835197,96.33871374999998,1.4073616646304883,93.52399042073901,99.15343707926095,96.21605659509856,1.203589987630977,0.008187840108725824
2014-05-02,-0.235272,0.545825,-0.376436,-0.403037,-0.403045,0.899003,0.840447,0.5098,-0.057528,-0.390901,-1.168563,0.0,96.444908,96.3894248,1.3910995778526345,93.60722564429473,99.17162395570527,96.23785196699393,1.0778735428957589,-0.004038589801825769
2014-05-05,-0.810202,0.055881,-1.117524,1.054014,1.054019,-0.307316,-0.171247,-0.31001,-0.975651,-1.300412,-1.973563,1.0,97.461456,96.51057195000001,1.372641675898687,93.76528859820264,99.25585530179738,96.35438568442308,1.048186441830893,0.010485033001918186
2014-05-06,0.460265,0.760847,-0.037574,-0.856769,-0.856763,0.058236,0.570753,0.562646,0.005145,-0.332675,-0.91394,-1.0,96.626442,96.63141355,1.2612797253331487,94.10885409933371,99.1539730006663,96.38029580971613,0.9463713690099098,-0.00860454629588442
2014-05-07,-1.892543,0.129246,-1.892543,1.747136,1.747135,-1.198304,-0.983416,-1.038699,-1.520985,-1.909354,-2.392191,1.0,98.314636,96.81928509999999,1.2150522338023833,94.38918063239522,99.24938956760475,96.56451868498127,0.9904876125945066,0.017320476749249504
2014-05-08,0.485303,1.089647,-0.366268,0.821639,0.821632,-1.54198,-1.604026,-1.710172,-2.159785,-2.555078,-2.943594,1.0,99.122421,96.98159015,1.2965354623082679,94.38851922538346,99.57466107461654,96.80812842926876,1.078202702438901,0.008182754742594544
2014-05-09,0.816513,0.834866,-0.412841,-0.192289,-0.192284,-0.849543,-1.243453,-1.412813,-1.724973,-2.225788,-2.553959,0.0,98.931824,97.22527685,1.1699746889509754,94.88532747209806,99.56522622790195,97.01038515029079,1.1194338218048472,-0.0019246955180195757
2014-05-12,-0.163681,0.163682,-0.345553,0.889909,0.889915,-1.253075,-1.954176,-2.0993,-2.3067,-2.896913,-3.229665,1.0,99.812233,97.50986470000001,1.062289572956786,95.38528555408644,99.63444384591358,97.27722780264403,1.2092123817433702,0.008859784511948191
2014-05-13,-0.281977,0.218299,-0.864111,-0.027279,-0.02728,-0.593055,-1.851015,-1.939472,-2.113663,-2.646919,-3.005102,0.0,99.785004,97.67588570000001,1.1464616330081134,95.38296243398378,99.96880896601624,97.51606363096366,1.2635993972878907,-0.0002728394498659346
2014-05-14,0.357339,0.61389,-0.027486,-0.727672,-0.727684,0.28588,-0.82737,-1.056271,-1.26519,-1.751525,-2.157626,-1.0,99.058884,97.80560069999999,1.1489588904769068,95.50768291904618,100.1035184809538,97.66299890420521,1.2338862112069364,-0.007303450308957066
2014-05-15,0.876874,0.886106,-0.193833,-0.733006,-0.732988,0.865788,0.05722,-0.253999,-0.474221,-0.926133,-1.332853,-1.0,98.332794,97.86647945,1.1426931610972737,95.58109312780545,100.15186577219455,97.72678891332852,1.1386235587365832,-0.007356878286269836
2014-05-16,-0.198467,0.04511,-0.893096,2.316782,2.31677,-1.084344,-1.794314,-2.289194,-2.5647,-2.908951,-3.395358,1.0,100.610939,98.0305698,1.2878788891296955,95.45481202174061,100.60632757825938,98.0014698739639,1.2327441750776416,0.02290340641778384
2014-05-19,0.172385,0.263111,-0.444564,-0.568333,-0.568328,-0.473602,-0.975326,-1.608908,-1.859417,-2.117348,-2.676566,-1.0,100.039139,98.17899394999999,1.341372623568978,95.49624870286203,100.86173919713795,98.19553360025306,1.2468233568254448,-0.005699489913685271
2014-05-20,-0.32665,0.19962,-0.408309,-0.009075,-0.009083,-0.415566,-0.626071,-1.532825,-1.738663,-1.96588,-2.473769,0.0,100.030052,98.2908664,1.39949499964872,95.49187640070255,101.08985639929745,98.3702496383242,1.2429203527039334,-9.083857400371529e-05
2014-05-21,-0.96614,0.027087,-1.020313,0.489975,0.489981,-0.610384,-0.891197,-1.716179,-2.023583,-2.282502,-2.751561,0.0,100.52018,98.48607059999999,1.4256305800974183,95.63480943980515,101.33733176019483,98.57500491086475,1.2647966389026948,0.00488784252120741
2014-05-22,0.081444,0.289593,-0.42534,-0.225734,-0.225732,0.005427,-0.550228,-1.263955,-1.651479,-1.934673,-2.384743,0.0,100.293274,98.6369518,1.4502557276684387,95.73644034466312,101.53746325533689,98.73864958602049,1.2494217789284647,-0.0022598694663913525
2014-05-23,-0.754204,0.136296,-0.872337,-0.407237,-0.407238,0.268965,-0.048163,-0.630627,-1.116935,-1.431335,-1.791142,0.0,99.884842,98.76919365,1.4366921673077282,95.89580931538455,101.64257798461546,98.84781076830426,1.1905560535477662,-0.004080691485464532
2014-05-27,-0.270346,0.306386,-0.405519,0.835982,0.835985,-0.427147,-0.786704,-1.238778,-1.812207,-2.103597,-2.386939,1.0,100.719864,98.89461175,1.493796014577786,95.90701972084442,101.88220377915557,99.02610155227529,1.1974800344768823,0.008325097046829294
2014-05-28,-0.682252,0.509413,-0.682252,-0.937191,-0.9372,0.463938,0.15101,-0.093994,-0.845533,-1.097921,-1.352828,-1.0,99.775917,98.93227845,1.5066353386074371,95.91900777278512,101.94554912721487,99.09751254729669,1.113957694356074,-0.009416197885590288
2014-05-29,-0.236301,0.209037,-0.436241,0.090966,0.090971,0.241754,0.140872,-0.081189,-0.744342,-1.057614,-1.328932,0.0,99.866684,99.1233345,1.356058339550871,96.41121782089826,101.83545117910174,99.17076697136366,1.043065961277307,0.0009092949681013417
2014-05-30,0.036391,0.200146,-0.218339,-0.099974,-0.099971,0.236536,0.384825,0.061863,-0.49809,-0.858721,-1.141597,0.0,99.766846,99.26991695,1.2500062257489046,96.76990449850219,101.7699294014978,99.22753640266237,0.9676729286796757,-0.0010002128232004328
2014-06-02,-0.10032,0.227998,-0.40128,-0.24563,-0.245645,0.410406,0.522582,0.347784,-0.098485,-0.522876,-0.824719,0.0,99.521774,99.42376025,1.0587280578914584,97.30630413421709,101.54121636578292,99.25555903098024,0.8780267985399064,-0.002459469321795585
2014-06-03,-0.045494,0.200157,-0.300247,0.23712,0.237142,-0.02003,0.256561,0.106742,-0.219738,-0.696219,-0.969561,0.0,99.757782,99.53857654999999,0.954062610098096,97.63045132980379,101.44670177019619,99.3033897899345,0.8166120720937329,0.002368613369855391
2014-06-04,0.581025,0.590105,-0.399458,0.218359,0.218348,-0.197912,0.032683,-0.098654,-0.269632,-0.874444,-1.112536,0.0,99.975601,99.7060345,0.6666528035044373,98.37272889299112,101.03934010700888,99.36740990517883,0.7765648753385364,0.002181098453136606
2014-06-05,-0.235488,0.253598,-0.489087,0.236044,0.236051,-0.364104,-0.233682,-0.257231,-0.409844,-0.94159,-1.225814,0.0,100.211594,99.8008824,0.5886546386078262,98.62357312278435,100.97819167721566,99.44780839039989,0.7551647767373026,0.00235772432218838
2014-06-06,-0.360063,0.072015,-0.639121,0.615879,0.615861,-0.76333,-0.791234,-0.702718,-0.934811,-1.389489,-1.712939,1.0,100.828758,99.88619925,0.6084670326857381,98.66926518462853,101.10313331537148,99.57932740083798,0.7790249071581457,0.006139722026811938
2014-06-09,-0.802459,0.108191,-0.91065,-0.162024,-0.162017,-0.375076,-0.552699,-0.537971,-0.687942,-1.06176,-1.440013,0.0,100.665398,99.97287795000001,0.5885068125956021,98.7958643248088,101.14989157519122,99.68276269599627,0.7758093978621474,-0.0016214865883497553
2014-06-10,-1.613042,0.140267,-1.73578,2.849153,2.84916,-2.405542,-3.035857,-3.068292,-3.259402,-3.567985,-3.999007,1.0,103.533516,100.1589421,0.9878313372390817,98.18327942552185,102.13460477447816,100.0495011059014,0.9932447293497404,0.02809326039369033
2014-06-11,0.088557,0.221396,-0.602196,-1.008155,-1.008161,-0.921001,-1.783557,-1.921116,-2.142217,-2.357059,-2.908541,-1.0,102.489731,100.29417844999999,1.1113617548401025,98.07145494031978,102.5169019596802,100.2819039529584,1.0690161175027129,-0.010132778178309142
2014-06-12,-0.071525,0.643779,-0.277179,-0.956431,-0.956428,0.291488,-0.673279,-0.909031,-1.076532,-1.288263,-1.791542,-1.0,101.509491,100.41670880000001,1.1030611123707663,98.21058657525847,102.62283102474154,100.3988170050576,1.0380028618675397,-0.00961030669425918
2014-06-13,0.063006,0.333036,-0.153014,-0.661658,-0.661658,0.961297,0.094512,-0.213017,-0.293425,-0.562732,-1.005096,-1.0,100.837845,100.54196135,0.9904550606062215,98.56105122878755,102.52287147121244,100.44062919505211,0.948297036377113,-0.006638569895995803
2014-06-16,-0.098585,0.313674,-0.546694,0.432047,0.432049,0.647065,-0.163114,-0.550877,-0.689641,-0.898011,-1.272033,0.0,101.273514,100.5750901,1.0038736656865521,98.56734276862689,102.58283743137311,100.5199515574281,0.9019621128575182,0.004311184457373999
2014-06-17,-0.276512,0.231917,-0.588711,0.474995,0.474992,-0.178398,-0.438855,-0.95323,-1.074836,-1.290159,-1.59813,0.0,101.754555,100.6608609,1.0286487217553104,98.60356345648938,102.71815834351062,100.63753283767305,0.89375469285946,0.00473867384463783
2014-06-18,-1.288272,0.105881,-1.358864,1.088218,1.088222,-1.180627,-1.230041,-1.819469,-2.00212,-2.233127,-2.455368,1.0,102.86187,100.8024518,1.1274051994995722,98.54764140100086,103.05726219899914,100.84937447218039,0.9654719598939181,0.010823430326591842
2014-06-19,0.069719,0.156863,-0.479305,1.252976,1.252974,-1.896296,-2.074076,-2.760203,-3.040522,-3.247406,-3.475671,1.0,104.150703,100.98397795,1.3498904645594851,98.28419702088102,103.68375887911897,101.1637867129251,1.1134710613038976,0.012451897332112308
2014-06-20,-0.834984,0.413191,-0.860807,1.237471,1.23747,-2.222602,-2.833777,-3.590139,-3.981662,-4.160451,-4.455823,1.0,105.439537,101.2412911,1.6650053645890472,97.9112803708219,104.5713018291781,101.57100102597985,1.3195486129920084,0.012298762057461176
2014-06-23,-0.121223,0.129882,-0.519525,-0.585349,-0.585347,-0.969781,-1.865097,-2.685369,-3.180794,-3.435448,-3.705947,-1.0,104.82235,101.4881665,1.8127863670686661,97.86259376586267,105.11373923413734,101.88065330921987,1.416733502628091,-0.005870667113319637
2014-06-24,-0.338924,0.373686,-0.382379,-0.363666,-0.363673,-0.093851,-1.420001,-2.031223,-2.649252,-2.914394,-3.206737,0.0,104.441139,101.67423025000001,1.917715984033563,97.83879828193288,105.50966221806713,102.12450908929416,1.4463204047346636,-0.0036433629536375997
2014-06-25,-0.658124,0.086594,-0.865951,0.356307,0.356329,-0.07622,-1.548337,-2.071372,-2.754607,-3.076567,-3.390503,0.0,104.813293,101.92609904999999,1.9848958771309984,97.956307295738,105.89589080426198,102.38058374745663,1.4827062408041058,0.0035569558915939125
2014-06-26,0.157743,0.262907,-0.850059,-1.186354,-1.186366,1.011303,-0.167386,-0.679467,-1.408294,-1.795114,-2.085418,-1.0,103.569824,102.11125605,1.9551739764840235,98.20090809703194,106.02160400296805,102.49384472388932,1.395122616746761,-0.011934592180719659
2014-06-27,-0.853142,0.017408,-1.183948,0.666026,0.666013,0.116661,-0.499688,-1.117199,-1.845123,-2.292672,-2.543739,1.0,104.259613,102.3358944,1.9295667856357361,98.47676082872853,106.19502797127147,102.66201313113797,1.3656300381634168,0.006638054193350425
2014-06-30,-0.0609,0.469811,-0.330611,0.060938,0.060942,-0.040017,-0.267963,-0.943679,-1.674784,-2.182006,-2.484482,0.0,104.323151,102.57596325,1.8583890270039383,98.85918519599213,106.29274130400788,102.82021673769626,1.3320291399780189,0.0006092354013034825
2014-07-01,-0.087122,0.47918,-0.296216,-0.139206,-0.139208,0.048797,0.103684,-0.764355,-1.325573,-1.91287,-2.216117,0.0,104.177925,102.79697039999999,1.7661411760593364,99.26468804788132,106.32925275211866,102.9495222864871,1.2789388506307375,-0.001393048192089472
2014-07-02,0.052477,0.349865,-0.227414,-0.392052,-0.392045,0.241402,0.585146,-0.291557,-0.754399,-1.372871,-1.711131,0.0,103.769501,102.98666539999999,1.6468765498401168,99.69291230031976,106.28041849968022,103.02761549729784,1.1901882609639927,-0.003928151774072563
2014-07-03,-0.42369,0.164284,-0.726333,1.154553,1.154561,-0.636414,-0.485094,-1.209983,-1.660625,-2.304204,-2.691752,1.0,104.967583,103.22446485,1.5664893154395274,100.09148621912095,106.35744348087906,103.21237430707902,1.2026644170830707,0.01147946626219171
2014-07-07,-0.139006,0.225893,-0.321455,-0.475576,-0.475582,-0.121634,-0.10252,-0.506227,-1.016509,-1.657343,-2.093543,0.0,104.468376,103.40644575000002,1.482697566688192,100.44105061662363,106.37184088337641,103.33199351592863,1.1589108252437939,-0.004767165560227245
2014-07-08,0.761491,0.857771,-0.140047,-0.738487,-0.738493,0.500661,0.532171,0.389793,-0.133913,-0.764635,-1.242593,-1.0,103.696884,103.55802005000001,1.335368383076203,100.88728328384761,106.22875681615241,103.36674499060209,1.0498804632586598,-0.00741233702799868
2014-07-09,-0.087144,0.374728,-0.392154,0.437637,0.43764,0.057519,0.066233,0.105738,-0.539433,-1.028322,-1.563108,0.0,104.150703,103.5888794,1.3418877569535994,100.9051038860928,106.27265491390719,103.44140765816378,0.9886954507260555,0.004366850996164219
2014-07-10,-0.185119,0.528913,-0.238015,-1.14161,-1.14161,1.056065,1.041959,1.268217,0.632051,0.230605,-0.323227,-1.0,102.961708,103.61247825000001,1.3255916442401383,100.96129496151973,106.26366153848029,103.3957219764339,0.8346426864828516,-0.011481765447316605
2014-07-11,-0.097294,0.212281,-0.389169,-0.334982,-0.334995,0.937567,1.28871,1.508948,1.02425,0.661256,0.101141,0.0,102.616791,103.66784325,1.254344093644501,101.15915506271101,106.176531437289,103.3215380739164,0.6769197323152696,-0.003355577799449172
2014-07-14,0.255981,0.511962,-0.035308,0.203434,0.203447,0.413095,0.943595,1.133374,0.915791,0.534556,-0.002943,0.0,102.825562,103.76722910000001,1.0857255557423802,101.59577798851525,105.93868021148477,103.27430225735294,0.562287529109156,0.002032405381023833
2014-07-15,0.310667,0.541446,-0.46157,-0.556092,-0.556088,0.69234,1.305691,1.531445,1.528042,1.158878,0.645298,-1.0,102.253761,103.81624145,0.9846486454875534,101.8469441590249,105.78553874097511,103.17710785189077,0.42045438381538247,-0.005576403055895995
2014-07-16,0.008874,0.319405,-0.372636,0.044377,0.044372,0.28569,1.077103,1.346822,1.509629,1.065746,0.683467,0.0,102.299133,103.84347035,0.9306863601154098,101.98209762976919,105.70484307023082,103.09349119932973,0.3081594650374626,0.00044362120581008805
2014-07-17,0.712419,1.388765,-0.108217,-1.614764,-1.614761,1.471726,2.425827,2.73424,3.06565,2.651275,2.358192,-1.0,100.647247,103.7327392,1.1576846589444556,101.41736988211109,106.0481085178889,102.86051556129833,0.08489294502584244,-0.016279398347262337
2014-07-18,-0.807815,0.168659,-0.914336,1.587161,1.587162,-0.18642,0.559249,1.042753,1.36218,1.07625,0.825265,1.0,102.244682,103.63743815000001,1.1991755130591102,101.23908712388179,106.03578917611823,102.80186474593658,0.03643230461759117,0.0157469842893136
2014-07-21,-0.384471,0.241421,-0.545416,-0.719047,-0.719051,0.277188,0.99607,1.593948,1.902723,1.834769,1.577854,-1.0,101.509491,103.44093585,1.2102794814510582,101.02037688709788,105.86149481290212,102.67878153203786,-0.06059833165234352,-0.007216482290943307
2014-07-22,-0.07977,0.230457,-0.336818,0.876255,0.876261,-0.565506,-0.007982,0.58618,0.899216,0.994146,0.751931,1.0,102.398979,103.3197673,1.1857594660333732,100.94824836793325,105.69128623206674,102.65213367184377,-0.0649725984546734,0.008724440353113426
2014-07-23,0.496239,0.496239,-0.478511,0.026589,0.026591,-0.567127,-0.202928,0.445426,0.774033,0.993528,0.689111,0.0,102.426208,103.21902075,1.170974877270733,100.87707099545854,105.56097050454146,102.63061694119199,-0.06548718813222365,0.00026587550641805137
2014-07-24,-0.256615,0.194674,-0.566321,0.141785,0.141778,-0.332713,-0.382268,0.225348,0.522077,0.839217,0.549213,0.0,102.571426,103.10692739999999,1.1163577447642703,100.87421191047144,105.33964288952853,102.62497970869751,-0.05355972206042736,0.0014167775642798795
2014-07-25,0.757579,1.04618,-0.279579,-1.884793,-1.884792,1.262629,1.33478,1.863879,2.307451,2.636727,2.451902,-1.0,100.638168,102.96034459999998,1.2381991813089406,100.4839462373821,105.43674296261787,102.43575954596442,-0.19782448542798647,-0.019027805634443264
2014-07-28,0.245921,0.346113,-0.510063,-0.983041,-0.983046,1.89453,2.022046,2.552754,3.091814,3.423266,3.429277,-1.0,99.648849,102.7298064,1.4019639333840694,99.92587853323187,105.53373426676814,102.1703394939678,-0.38751805803302375,-0.009879093123225088
2014-07-29,0.647279,0.811378,-0.009118,-0.091082,-0.091079,1.416719,1.844287,2.369099,2.946484,3.306043,3.466131,0.0,99.55809,102.49155335,1.5171008038304863,99.45735174233903,105.52575495766098,101.92155382787563,-0.5389622524326114,-0.0009112032616463226
2014-07-30,0.720278,0.7841,-0.619985,-0.009118,-0.009119,0.847922,1.577318,2.070266,2.723379,3.118893,3.401716,0.0,99.549011,102.26010765,1.5972619010328355,99.06558384793432,105.45463145206567,101.69559736807794,-0.6521973420341851,-9.119714928000626e-05
2014-07-31,1.842932,1.870714,-0.138916,-1.549961,-1.549959,1.503979,2.907017,3.340121,4.04658,4.464527,4.864478,-1.0,98.006042,101.97193469999999,1.8155990647801676,98.34073657043966,105.60313282956032,101.34421114254671,-0.8565676903883173,-0.015620965923353426
2014-08-01,-0.429745,0.523166,-0.625932,-0.870533,-0.870537,1.67788,3.286624,3.872699,4.558111,5.117715,5.545282,-1.0,97.152863,101.5811987,1.9712092227215907,97.63878025455682,105.52361714544318,100.94503512897084,-1.0749853172710147,-0.00874348455018442
2014-08-04,-0.728044,0.285686,-0.995302,1.373319,1.373329,0.064504,1.580493,2.171836,2.837979,3.459213,3.880127,1.0,98.487091,101.28213445,1.9638384993641742,97.35445745127166,105.20981144872835,100.710945211926,-1.1274255512415579,0.01363983847077301
2014-08-05,0.250461,0.649348,-0.176254,-0.654317,-0.654323,0.372913,1.783858,2.544217,3.216139,3.875694,4.326529,-1.0,97.842667,100.98942360000001,2.020446791343361,96.94853001731329,105.03031718268673,100.43777585840924,-1.2070700929422316,-0.0065647339546492725
2014-08-06,-1.575676,0.185371,-1.659098,0.083484,0.083481,-0.04263,1.239231,2.160849,2.812129,3.533605,4.017678,0.0,97.924347,100.6781058,1.9871234322297042,96.7038589355406,104.6523526644594,100.19840168141789,-1.2491980946399792,0.000834461363747867
2014-08-07,1.217338,1.423351,-0.299654,-1.019555,-1.019552,0.764117,1.699598,2.957207,3.559791,4.317634,4.817867,-1.0,96.925957,100.37631825,2.078293812699655,96.21973062460069,104.53290587539931,99.8867402831876,-1.3476121347776484,-0.01024785403914405
2014-08-08,-1.290861,0.065007,-1.70877,0.83341,0.833404,0.050155,0.561857,1.798546,2.454039,3.159369,3.752484,1.0,97.733742,100.13216580000001,2.088037116313578,95.95609156737285,104.30824003262717,99.68169282764593,-1.3449210592755207,0.008299505659888759
2014-08-11,-0.230478,0.193601,-0.276577,0.733656,0.73366,-0.685904,-0.292244,0.850008,1.485668,2.16355,2.800163,1.0,98.450775,99.91342645,2.019038787072248,95.87534887585551,103.9515040241445,99.56446255834632,-1.270286717394626,0.007309814288645882
2014-08-12,-0.572328,0.101542,-0.74772,-0.129067,-0.129059,-0.459714,-0.288937,0.704016,1.416961,2.076981,2.729617,0.0,98.323715,99.71692415,1.9699263739991737,95.77707140200165,103.65677689799834,99.44629612421811,-1.2074721564635098,-0.001291427742072205
2014-08-13,-0.092523,0.499631,-0.333088,-0.230776,-0.23079,-0.194295,-0.206321,0.642741,1.437369,2.066255,2.760618,0.0,98.096794,99.5068072,1.902984151895565,95.70083889620886,103.31277550379113,99.31777211238781,-1.1626000627828574,-0.002310564228864576
2014-08-14,-0.283446,0.0,-0.438881,1.193561,1.193554,-0.899689,-1.256274,-0.766194,0.17145,0.713555,1.397411,1.0,99.267632,99.43782645,1.884382628571907,95.66906119285619,103.20659170714382,99.31299686358898,-1.0207946781295618,0.011864871082463977
2014-08-15,0.545056,0.717661,-0.917516,0.649172,0.649193,-1.102843,-1.617014,-1.454707,-0.591395,-0.044338,0.574727,1.0,99.912071,99.32119589999999,1.7702434568990009,95.78070898620199,102.861682813798,99.37005154324717,-0.8466523661860208,0.006470953003952455
2014-08-18,-0.36124,0.180617,-0.866979,0.590481,0.59047,-1.275174,-1.994039,-1.976578,-1.22505,-0.723559,-0.147203,1.0,100.502022,99.27082245,1.7182678116981338,95.83428682660373,102.70735807339626,99.47785825341411,-0.6535060036526517,0.0058873375138411895
2014-08-19,-0.116967,0.242941,-0.143959,0.370266,0.370272,-1.133708,-2.055068,-2.251215,-1.665017,-1.144502,-0.608841,0.0,100.874153,99.19458115,1.6020626822020094,95.99045578559598,102.39870651440403,99.6108387054699,-0.4650474802586615,0.0036958833247794317
2014-08-20,-0.036243,0.498319,-0.135908,-0.692816,-0.692819,-0.028996,-1.147054,-1.527591,-1.09133,-0.53964,-0.047719,-1.0,100.175278,99.08203465,1.4332611294213977,96.2155123911572,101.94855690884279,99.66459482875848,-0.36784581685587625,-0.0069522983626460555
2014-08-21,-0.440883,0.368908,-0.674825,0.69765,0.697652,-0.403094,-1.440527,-2.020275,-1.860716,-1.219723,-0.809189,1.0,100.874153,98.997171,1.2549336581798638,96.48730368364026,101.50703831635973,99.7797908450672,-0.23174798009465292,0.006952298362645986
2014-08-22,0.426731,0.88978,-0.045399,-0.899766,-0.899758,0.512069,-0.322326,-0.943051,-1.003277,-0.414026,0.003019,-1.0,99.96653,98.96358910000001,1.2171265141813377,96.52933607163733,101.39784212836268,99.79757552648937,-0.19488059254560142,-0.00903830006095735
2014-08-25,-0.823633,0.420771,-1.092206,1.416377,1.416383,-0.718002,-1.425257,-2.136091,-2.300369,-1.809859,-1.441073,1.0,101.382439,99.05026860000001,1.3254101465051655,96.39944830698968,101.70108889301034,99.94851490491895,-0.05082502004937339,0.014064460790874598
2014-08-26,0.116058,0.58923,-0.080354,0.277534,0.277519,-0.837423,-1.369522,-2.156357,-2.467192,-2.110527,-1.73318,0.0,101.663795,99.15555385,1.4460193466086884,96.26351515678263,102.04759254321738,100.11187491397429,0.08506258826018609,0.002771350884319855
2014-08-27,0.285919,0.348463,-0.098284,-0.080354,-0.080343,-0.480703,-0.947112,-1.83763,-2.288696,-2.065054,-1.677694,0.0,101.582115,99.25720905,1.5433248789311327,96.17055929213774,102.34385880786226,100.25189777931007,0.18404208094419516,-0.0008037554546337721
2014-08-28,-0.476275,0.107839,-0.494245,-0.571836,-0.571855,0.116836,-0.205776,-1.004065,-1.578442,-1.563974,-1.100518,-1.0,101.001213,99.4069676,1.5607481384406963,96.28547132311861,102.52846387688139,100.3232611336615,0.21315301018728405,-0.005734959513974448
2014-08-29,-0.483093,0.053674,-1.341922,0.449317,0.449328,-0.037573,-0.50009,-1.202363,-1.806676,-1.97209,-1.568857,0.0,101.45504,99.62207645,1.5298939925816295,96.56228846483674,102.68186443516325,100.43104959712231,0.269734347797268,0.004483218012845009
2014-09-02,0.044919,0.287511,-0.35939,-0.429411,-0.429421,0.321657,-0.019761,-0.606764,-1.257858,-1.495055,-1.160523,0.0,101.019371,99.74869045,1.5357932106216188,96.67710402875676,102.82027687124324,100.48708020692018,0.2762363376877346,-0.004303454152258473
2014-09-03,0.293563,0.338046,-0.409222,0.997305,0.997318,-0.597819,-0.894055,-1.346271,-2.027853,-2.370972,-2.14869,1.0,102.026855,99.95789985000002,1.5474306683558616,96.8630385132883,103.05276118671173,100.63372542530874,0.3585515908761323,0.009923772414045934
2014-09-04,-0.282137,0.687709,-0.379122,0.898491,0.898484,-1.218478,-1.507665,-1.910888,-2.656495,-3.108443,-3.003288,1.0,102.94355,100.20886,1.6061631542066201,96.99653369158676,103.42118630841324,100.85370871813649,0.4920842070109046,0.008944716793625013
2014-09-05,-0.097303,0.097303,-0.663423,-0.326217,-0.326213,-0.582047,-1.016367,-1.372847,-2.06104,-2.611946,-2.684657,0.0,102.607735,100.49294890000002,1.4934675401621154,97.50601381967579,103.47988398032425,101.02075884021873,0.5643073198571216,-0.0032674599798449737
2014-09-08,0.206373,0.538363,-0.269175,-1.415308,-1.415317,0.786012,0.522218,0.125029,-0.485859,-1.055531,-1.270516,-1.0,101.15551,100.66403729999999,1.3498304037481297,97.96437649250373,103.36369810749625,101.03359228400743,0.49861451858440375,-0.014254284074292127
2014-09-09,0.224255,0.313957,-0.376754,0.026923,0.026926,0.791175,0.475423,0.142928,-0.377645,-0.9756,-1.24656,0.0,101.182747,100.8006359,1.2484969163507087,98.30364206729858,103.29762973270142,101.04779749505434,0.4436363350393009,0.00026922244530870273
2014-09-10,-0.635573,0.0,-0.859367,0.206311,0.206315,0.458329,0.241699,-0.02924,-0.431473,-1.039476,-1.389608,0.0,101.391502,100.95402525,1.108806048295836,98.73641315340834,103.17163734659167,101.08053125743011,0.4121593953952498,0.0020610228094297086
2014-09-11,-0.490592,0.080275,-0.633306,0.358072,0.35807,-0.133798,-0.09901,-0.282458,-0.606992,-1.241994,-1.669193,0.0,101.754555,101.13691329999999,0.8934758527651366,99.34996159446972,102.92386500553026,101.14472399481772,0.4117624951568075,0.003574308966486976
2014-09-12,0.099145,0.234342,-0.378547,-1.034702,-1.034703,0.531773,0.915733,0.748692,0.503386,-0.059481,-0.551895,-1.0,100.701698,101.2086166,0.7867339349695214,99.63514873006096,102.78208446993904,101.10253104293032,0.32277049075169373,-0.01040092835688577
2014-09-15,-0.594146,0.410661,-0.646569,3.154574,3.154576,-2.018348,-1.937088,-2.081255,-2.379201,-2.879158,-3.377309,1.0,103.87841,101.40693355,0.9296357367235676,99.54766207655287,103.26620502344714,101.36690046741315,0.50278203726333,0.031058419006367338
2014-09-16,-1.362919,0.366939,-1.485232,0.008739,0.00874,-1.506205,-1.669579,-1.929058,-2.224793,-2.678315,-3.212476,0.0,103.887489,101.5762069,1.0558471416399173,99.46451261672017,103.68790118327983,101.6069565181357,0.6388112655870941,8.739644041170484e-05
2014-09-17,0.829944,0.997702,-0.097122,-1.048399,-1.048401,-0.188948,-0.552712,-0.816411,-1.095267,-1.473071,-2.026312,-1.0,102.798332,101.67241585000001,1.0759827181163801,99.52045041376725,103.82438128623276,101.72042084974183,0.6512226522728213,-0.010539349786877516
2014-09-18,-0.462034,0.331268,-0.99381,1.280237,1.280231,-0.997292,-1.697317,-1.907993,-2.156298,-2.487307,-3.066565,1.0,104.114388,101.86937135000001,1.145770580597342,99.57783018880532,104.1609125111947,101.94841772119499,0.7585098566303117,0.012721052118342163
2014-09-19,-0.182911,0.252591,-0.548731,0.087175,0.087179,-0.411112,-1.629646,-1.788458,-2.081694,-2.382713,-2.918149,0.0,104.205154,102.0359214,1.2323203805198917,99.57128063896022,104.5005621610398,102.16334498584308,0.8411633887436665,0.0008714113411754594
2014-09-22,-0.322971,0.183309,-0.593576,-0.217751,-0.217742,-0.174587,-1.143511,-1.412365,-1.675108,-2.013271,-2.506114,0.0,103.978256,102.2365077,1.2039243406385725,99.82865901872286,104.64435638127715,102.33619365385802,0.8782343966530846,-0.002179790309341827
2014-09-23,-0.587718,0.078944,-0.63158,-0.488825,-0.488831,0.235086,-0.436843,-0.770176,-1.091228,-1.417192,-1.865496,0.0,103.469978,102.34088464999999,1.2164090210748815,99.90806660785023,104.77370269214975,102.44417311539536,0.8567238712641227,-0.004900297363848347
2014-09-24,-1.014965,0.227493,-1.119957,0.254387,0.254387,0.160991,-0.463735,-0.912301,-1.242454,-1.557091,-1.940678,0.0,103.733192,102.4443545,1.2434949979803533,99.95736450403929,104.93134449596072,102.56693681869103,0.851104788737004,0.0025406381725117445
2014-09-25,0.915311,0.986404,-0.382121,-1.539944,-1.539953,1.340095,1.130373,0.584741,0.329254,0.059372,-0.275176,-1.0,102.13575,102.47203625,1.2293723384942101,100.01329157301159,104.93078092698842,102.52587140738713,0.7095719031247256,-0.01551933036904809
2014-09-26,0.026786,0.285662,-0.544539,-0.453214,-0.453204,1.303338,1.686305,0.981371,0.81905,0.546332,0.257694,0.0,101.672867,102.50561894999998,1.1957944967140142,100.11402995657195,104.89720794342801,102.44463289239788,0.5536728855866357,-0.00454233783336096
2014-09-29,-0.433646,0.243922,-0.614328,-1.187284,-1.187276,1.821292,2.568423,2.148933,1.981197,1.774314,1.480702,-1.0,100.465729,102.45615339999999,1.2602644491544919,99.93562450169101,104.97668229830897,102.25616585502665,0.3289242093321434,-0.011943808596335075
2014-09-30,-0.351826,0.820933,-0.739737,0.144544,0.144537,1.105999,2.094722,1.963614,1.813712,1.596753,1.337845,0.0,100.610939,102.43573180000001,1.2877805230693218,99.86017075386137,105.01129284613866,102.09947758311935,0.16067434378423684,0.0014443249601018141
2014-10-01,1.345705,1.484917,-0.417631,-2.79657,-2.796575,2.80093,4.520652,4.652129,4.526684,4.361581,4.148496,-1.0,97.797279,102.224253,1.6537484267343123,98.91675614653138,105.53174985346863,101.68974438472704,-0.19742790806992616,-0.02836423476084926
2014-10-02,0.336638,0.448846,-0.701328,-0.751738,-0.751726,2.534124,4.585738,5.122487,5.015417,4.965764,4.830424,-1.0,97.062111,101.93018105,2.004777831739088,97.92062538652182,105.93973671347818,101.24901739570542,-0.5343883400574185,-0.007545661393945873
2014-10-03,-1.172634,0.186138,-1.275007,0.476898,0.476894,1.196838,3.404374,4.406389,4.256396,4.324987,4.218396,0.0,97.524994,101.676044,2.224486099431203,97.2270718011376,106.12501619886241,100.89434850087633,-0.7553736432948313,0.004757600696136979
2014-10-06,-0.212134,0.073789,-0.913114,0.902746,0.902745,-0.127282,1.912931,3.101518,3.183913,3.267662,3.233106,1.0,98.405396,101.5385383,2.3403379880601207,96.85786232387976,106.21921427612024,100.65730540555478,-0.8496705316626674,0.008986946083034684
2014-10-07,1.461656,1.556567,-0.075932,-2.822355,-2.822357,1.731208,4.052771,5.520121,5.89028,6.041381,6.030751,-1.0,95.628044,101.26080315,2.688484950175226,95.88383324964956,106.63777305035045,100.17832812883528,-1.1354221503934383,-0.028629515633277067
2014-10-08,-0.656973,0.103239,-1.173158,1.129463,1.129474,0.369771,2.16423,3.921776,4.465495,4.637057,4.675725,1.0,96.708138,101.02663495,2.8740587299411113,95.27851749011778,106.77475240988223,99.84783383085097,-1.260200995263503,0.011231431785618714
2014-10-09,1.485436,1.971052,-0.228526,-1.435951,-1.435958,1.466389,2.937538,4.820669,5.649875,5.841553,5.981716,-1.0,95.31945,100.7048797,3.136505109329297,94.43186948134141,106.9778899186586,99.41655918029375,-1.4543794635205103,-0.014463673929280933
2014-10-10,-0.094107,0.734048,-0.583477,1.180732,1.180722,0.058354,1.194247,3.061051,4.196315,4.350841,4.587494,1.0,96.444908,100.49204019999999,3.277972394977917,93.93609541004416,107.04798498995582,99.13354478217053,-1.5001593407757667,0.011738061588065576
2014-10-13,0.207489,1.028015,-0.188623,-0.216453,-0.21645,-0.175417,0.974258,2.748283,4.02528,4.372728,4.633598,0.0,96.236153,100.10992734999999,3.3077407479440306,93.49444585411193,106.72540884588805,98.8576027076781,-1.5355837535452679,-0.0021668458809164953
2014-10-14,0.689782,1.247283,-0.236228,-0.188623,-0.188618,0.102049,0.690728,2.42779,3.814132,4.356416,4.65904,0.0,96.054634,99.7182846,3.3006345444078486,93.1170155111843,106.3195536888157,98.59065330694685,-1.5603185412872307,-0.0018879641271354651
2014-10-15,0.075803,0.208453,-2.406671,-0.274025,-0.274025,0.185709,0.758006,2.156527,3.733653,4.40932,4.729641,0.0,95.79142,99.367939,3.328254737299139,92.71142952540173,106.02444847459829,98.3240596586662,-1.582913368819689,-0.0027440143768431226
2014-10-16,-1.463646,1.136255,-1.5792,-1.601291,-1.601289,1.590753,2.100143,3.261755,4.89889,5.790271,6.126782,-1.0,94.257523,98.87509575,3.318195423742541,92.23870490251491,105.51148659748509,97.93677045307895,-1.7049391240793739,-0.01614247660794727
2014-10-17,-1.17426,0.535463,-1.484259,2.50361,2.503609,-0.854861,-0.487552,0.390795,1.944105,3.037293,3.328008,1.0,96.617363,98.4957062,3.1035387623758464,92.2886286752483,104.7027837247517,97.81111260040477,-1.592864497868817,0.02472782349643591
2014-10-20,-0.681737,0.093386,-0.812479,0.591832,0.591835,-1.242067,-1.198175,-0.424611,0.995043,2.155763,2.584041,1.0,97.189178,98.15625229999999,2.8316927127113596,92.49286687457727,103.81963772542271,97.75188073369955,-1.4412895685258604,0.005900901551573713
2014-10-21,-0.9794,0.461979,-1.01636,1.073964,1.073965,-1.847922,-1.982821,-1.644037,-0.344645,0.840053,1.393935,1.0,98.232956,97.8944012,2.541757281018068,92.81088663796388,102.97791576203613,97.79769742572816,-1.2228449877753746,0.010682392054366963
2014-10-22,0.018697,0.775775,-0.392558,-1.145713,-1.145718,-0.439289,-0.805681,-0.55145,0.469205,1.774372,2.422034,-1.0,97.107483,97.56311575,2.1408659425599805,93.28138386488003,101.84484763511996,97.73196271851596,-1.127544715246941,-0.01152332266422774
2014-10-23,0.464037,0.621808,-0.092806,0.710349,0.710343,-0.417626,-1.251967,-1.202778,-0.461247,0.798149,1.564738,1.0,97.797279,97.34619219999999,1.8536956629895196,93.63880087402094,101.05358352597904,97.73818331675254,-0.9850032855993476,0.00707831735834149
2014-10-24,-0.367818,0.128735,-0.71724,0.928074,0.928074,-0.910339,-1.931029,-2.031565,-1.52689,-0.351627,0.563376,1.0,98.70491,97.19779435000001,1.588993812815061,94.01980672436989,100.37578197563013,97.83025252468087,-0.7896968061250078,0.009237937341462247
2014-10-27,-0.962964,0.620369,-0.990741,-0.689655,-0.689641,-0.051859,-1.067599,-1.377167,-0.9676,0.097399,1.062646,-1.0,98.0242,97.0757179,1.4082206322895885,94.25927663542082,99.89215916457918,97.8487237128065,-0.6819811677206218,-0.006920304947581951
2014-10-28,-0.426537,0.009071,-0.580814,2.02778,2.027774,-1.682552,-2.638173,-3.045046,-2.965789,-2.030315,-1.075117,1.0,100.011909,97.0457664,1.3334583003703426,94.37884979925931,99.7126830007407,98.05474135920588,-0.4312530274582542,0.020074881935719227
2014-10-29,0.84607,1.328238,-0.400287,-0.245035,-0.245034,-0.907934,-2.000546,-2.6025,-2.62873,-1.948691,-0.933408,0.0,99.766846,97.14424475,1.4587242629472252,94.22679622410554,100.06169327589446,98.21779894404342,-0.24944822209647555,-0.002453345180947915
2014-10-30,-0.909008,0.709026,-1.008999,0.081881,0.081879,-0.57813,-1.520772,-2.379785,-2.568859,-2.120536,-1.156867,0.0,99.848534,97.2835659,1.5786049765692955,94.12635594686141,100.44077585313859,98.37310704461072,-0.09764942334184923,0.0008184540145153929
2014-10-31,-2.387818,0.117136,-2.856375,0.881739,0.881745,-1.045237,-1.973335,-2.949488,-3.261406,-3.013523,-2.135829,1.0,100.728943,97.44376335,1.7568954548015157,93.92997244039697,100.95755425960303,98.59747237369541,0.09262613036437983,0.008778798770332769
2014-11-03,0.264713,0.693743,-0.091288,-1.28852,-1.288527,0.52944,-0.468279,-1.468431,-1.947057,-1.789138,-1.010803,-1.0,99.431023,97.49504470000001,1.80085972405518,93.89332525188965,101.09676414811037,98.67685814762919,0.1371090726656803,-0.012969008917007986
2014-11-04,0.804385,1.042047,-0.886656,-0.136925,-0.136926,0.522855,-0.224861,-1.115781,-1.627969,-1.707494,-1.015234,0.0,99.294876,97.6783863,1.78738617477274,94.10361395045452,101.25315864954548,98.73571699071212,0.15953715483718156,-0.001370199073052914
2014-11-05,-0.518653,0.436756,-0.855326,0.457038,0.457035,0.06188,-0.414008,-1.301177,-1.923107,-2.076428,-1.598722,0.0,99.748688,97.8304138,1.8293334645776658,94.17174687084467,101.48908072915533,98.8321904201681,0.21149245391926286,0.0045599342899879
2014-11-06,0.61751,1.133643,-0.082946,-1.273887,-0.135297,0.150302,-0.096739,-0.808995,-1.574686,-1.8413,-1.549801,0.0,99.613731,98.04512785,1.7701619927864487,94.5048038644271,101.5854518355729,98.90662285634257,0.23902220158848309,-0.0013538862669475928
2014-11-07,-0.258444,0.110765,-0.692265,-0.147469,-0.147474,0.044439,0.12741,-0.471515,-1.277414,-1.618239,-1.478327,0.0,99.466827,98.19622380000001,1.755291568463421,94.68564066307317,101.70680693692685,98.95997563192898,0.24614835487247433,-0.0014758249438280439
2014-11-10,-0.219136,0.191751,-0.666541,1.089165,1.089174,-0.810869,-0.700185,-1.321032,-2.126568,-2.59292,-2.537038,1.0,100.550194,98.41192585,1.7667792878873683,94.87836727422527,101.94548442577474,99.1114250003167,0.33534885268902315,0.010832854014671966
2014-11-11,-0.208337,0.108691,-0.552537,0.803511,0.803509,-1.19439,-1.35889,-1.902054,-2.6451,-3.143224,-3.289347,1.0,101.358124,98.67710035,1.7921698162317399,95.09276071753652,102.26143998246349,99.32539633361988,0.46586389966564923,0.008002981949146575
2014-11-12,0.475796,0.969894,-0.311103,-1.005436,-1.005442,-0.073198,-0.300013,-0.69101,-1.429699,-2.014749,-2.222663,-1.0,100.339027,98.9044807,1.6924972672031384,95.51948616559372,102.28947523440627,99.42193258756083,0.48151480086197296,-0.01010530557531766
2014-11-13,-0.703977,0.577616,-0.875452,1.381647,1.381646,-1.019855,-1.474242,-1.786979,-2.405973,-3.098218,-3.402383,1.0,101.725357,99.2778724,1.414233900702846,96.44940459859431,102.1063402014057,99.64130634112647,0.5988799821313222,0.013721881364386984
2014-11-14,-0.776377,0.072223,-0.938877,-0.027081,-0.027075,-0.554301,-1.352289,-1.564185,-2.129761,-2.865367,-3.239451,0.0,101.697815,99.531895,1.3666777867984479,96.79853942640311,102.2652505735969,99.83716430863824,0.6818108337568276,-0.00027078527876158554
2014-11-17,-0.397401,0.677384,-0.442556,-0.045135,-0.04514,-0.292629,-1.089261,-1.281814,-1.866052,-2.608391,-3.089295,0.0,101.651909,99.75503155,1.3278136621177936,97.09940422576442,102.41065887423558,100.00999713638697,0.7353532065829853,-0.00045149803871714976
2014-11-18,-0.179424,0.403693,-0.394727,0.677384,0.677393,-0.771515,-1.457171,-1.794337,-2.325652,-3.017992,-3.522714,1.0,102.340492,99.96040835,1.3959149511090936,97.16857844778181,102.75223825221818,100.23194902815963,0.8238519635655024,0.006751090843885732
2014-11-19,0.213908,0.276297,-0.276291,0.654881,0.654884,-0.8984,-1.781646,-2.223349,-2.67461,-3.368648,-3.946472,1.0,103.010704,100.2555694,1.3849893036801924,97.48559079263961,103.02554800736038,100.4965923588111,0.9372641752917872,0.006527494290394787
2014-11-20,-0.044317,0.319064,-0.283613,0.561502,0.561502,-1.091915,-1.9463,-2.52857,-2.938485,-3.547875,-4.216698,1.0,103.589111,100.54516100000001,1.4480068709354552,97.64914725812909,103.44117474187092,100.79111794368625,1.0615795528517822,0.005599312963553543
2014-11-21,0.15715,0.375415,-0.323034,1.515553,1.515544,-1.910246,-2.868865,-3.702888,-4.080659,-4.662921,-5.370444,1.0,105.15905,100.867868,1.7115152700333514,97.4448374599333,104.2908985400667,101.20711147285897,1.2721171671469307,0.015041747843963685
2014-11-24,0.875901,0.927933,-0.346886,0.672252,0.67225,-1.769137,-3.015345,-3.940696,-4.350807,-4.971704,-5.699135,1.0,105.865982,101.25995710000001,1.9122379350905094,97.43548122981899,105.08443297018103,101.65081342782477,1.4789646636215252,0.006700007461851434
2014-11-25,-0.278067,0.225925,-0.312827,-0.199459,-0.199459,-0.945427,-2.414841,-3.347411,-3.892601,-4.500797,-5.207789,0.0,105.654823,101.5421028,2.1230752618992703,97.29595227620146,105.78825332379853,102.03214767279384,1.607325777228425,-0.001996579675893294
2014-11-26,0.555845,0.70349,-0.225814,0.052135,0.052137,-0.486362,-1.957615,-3.021827,-3.661579,-4.225051,-4.944427,0.0,105.709908,101.8392559,2.272195633818036,97.29486463236393,106.38364716763607,102.38241056109918,1.693970743419257,0.0005212317209831693
2014-11-28,-0.376096,0.410294,-0.512864,1.606739,1.606735,-1.34883,-2.978881,-4.071568,-4.833084,-5.381639,-6.03944,1.0,107.408386,102.21724850000001,2.536981787821116,97.14328492435777,107.29121207564225,102.86107488861354,1.8780415888004427,0.015939635488573828
2014-12-01,0.680155,0.723199,-0.370212,-0.718007,-0.718002,-0.358162,-1.814035,-2.929547,-3.867817,-4.399821,-5.046717,-1.0,106.637192,102.51266095000001,2.6937034984389903,97.12525395312203,107.900067946878,103.22070508969796,1.939334705964626,-0.007205917022338533
2014-12-02,0.922539,1.000871,-0.339426,-1.076195,-1.0762,0.654483,-0.382068,-1.561355,-2.534824,-3.076705,-3.751431,-1.0,105.489563,102.81558794999998,2.669465649529891,97.4766566509402,108.15451924905976,103.43678679544101,1.8737069464098965,-0.010820324828494
2014-12-03,0.288337,0.445611,-0.768892,-0.391649,-0.39164,0.940145,0.269985,-0.938404,-1.8765,-2.502829,-3.155906,0.0,105.076424,103.10466535,2.5796729940937175,97.94531936181257,108.26401133818744,103.59294271968473,1.7679794430959817,-0.003924086088429945
2014-12-04,-0.157701,0.39425,-0.718415,-0.270859,-0.270865,1.039075,0.712284,-0.386074,-1.36937,-2.046218,-2.648446,0.0,104.791809,103.35682140000002,2.4788766409899066,98.3990681180202,108.31457468197983,103.70712046066714,1.6422922602364025,-0.0027123225884827236
2014-12-05,-0.318968,0.043106,-0.948274,1.629579,1.629579,-0.751724,-0.629311,-1.684482,-2.627586,-3.367056,-3.937058,1.0,106.499474,103.70110855,2.408828339476912,98.88345187104618,108.51876522895382,103.97305889298455,1.6613278034633794,0.016164435734678406
2014-12-08,0.199857,0.947164,-0.590893,-0.793102,-0.793103,-0.144247,0.212026,-0.648823,-1.556308,-2.40804,-2.949824,-1.0,105.654823,104.01050835000001,2.2268684714655906,99.55677140706882,108.4642452929312,104.1332269031765,1.5899296130746734,-0.007962652416490166
2014-12-09,-0.404786,0.123196,-0.791976,-1.251306,-1.251308,0.899335,1.334921,0.78142,-0.127591,-0.983463,-1.518487,-1.0,104.332756,104.19963645,2.072814003612441,100.05400844277511,108.34526445722489,104.15222967430255,1.4104079697436447,-0.012592025443249284
2014-12-10,0.767665,0.855908,-0.185299,-0.272789,-0.272788,0.977675,1.45769,1.166506,0.274862,-0.529886,-1.1198,0.0,104.048149,104.3341377,1.9631009800130568,100.40793573997388,108.26033966002612,104.14231722913087,1.2309803919800686,-0.0027316051532668317
2014-12-11,0.496937,1.29559,-0.115364,-0.564722,-0.564717,1.29381,1.816483,1.770043,0.995204,0.178539,-0.439229,-1.0,103.460571,104.4902149,1.7401837640973734,101.00984737180525,107.97058242819475,104.0773890168327,1.029502644251025,-0.0056631795558262634
2014-12-12,2.202483,2.646604,-0.271914,-2.094241,-2.094244,2.432701,3.390736,3.795884,3.134233,2.387745,1.737979,-1.0,101.293854,104.46863975,1.7785198632813497,100.9116000234373,108.02567947656269,103.812290443801,0.6870739627624403,-0.021164845460698224
2014-12-15,1.684985,2.243594,-0.311352,-1.024205,-1.024201,2.415751,3.824176,4.543956,4.12958,3.478755,2.775052,-1.0,100.256401,104.39656905,1.9202676205135008,100.556033808973,108.237104291027,103.47363430629613,0.328199697063269,-0.010294823618221332
2014-12-16,-1.074082,1.937025,-1.19343,-0.24725,-0.247245,1.804824,3.533455,4.412612,4.305511,3.713571,3.049036,0.0,100.008522,104.3143997,2.072982710401129,100.16843427919774,108.46036512080225,103.1436236104584,0.02351640972558755,-0.00247551216532161
2014-12-17,-1.460582,0.417308,-1.542233,1.19343,1.193425,0.041729,1.929597,2.887896,3.019137,2.484255,1.896544,1.0,101.202049,104.25747755,2.144435905256069,99.96860573948787,108.54634936051214,102.9587117427957,-0.12025342975236697,0.011863601326896348
2014-12-18,-2.093511,0.01745,-2.128404,4.000722,4.000722,-3.466503,-1.947838,-1.099094,-0.837406,-1.27146,-1.848978,1.0,105.250862,104.36948545,2.1343673371819114,100.10075077563617,108.63822012436383,103.17701176729135,0.09145902569655107,0.039227658868735804
2014-12-19,-0.700093,0.63884,-0.787603,-0.322751,-0.322758,-2.464331,-1.781738,-0.937538,-0.453306,-0.830307,-1.362847,0.0,104.911156,104.4355877,2.129393133512758,100.17680143297449,108.69437396702551,103.34216836088265,0.22918928537082195,-0.0032328039013800945
2014-12-22,-0.279427,0.358019,-0.419137,0.21878,0.218793,-1.748169,-2.045062,-1.248695,-0.671504,-0.915828,-1.398305,0.0,105.140694,104.43466989999999,2.1290688299622045,100.17653224007557,108.6928075599244,103.51345651698907,0.35279648841623157,0.0021855374410373273
2014-12-23,-0.580487,0.4332,-0.675792,0.78589,0.785878,-1.389702,-2.654647,-1.988674,-1.441253,-1.525554,-1.996761,1.0,105.966972,104.43971939999999,2.1327586906789966,100.17420201864199,108.70523678135798,103.7471246582282,0.5115331803929166,0.007828064561381336
2014-12-24,-0.09523,0.225084,-0.519434,0.07798,0.077981,-0.552334,-2.54177,-2.003867,-1.499437,-1.462384,-1.925663,0.0,106.049606,104.45945855,2.1463800424501907,100.16669846509961,108.75221863490037,103.96640859553979,0.6366619825924147,0.0007795051213798899
2014-12-26,0.398924,0.511668,-0.225475,-0.173149,-0.173149,-0.263635,-2.145517,-1.766249,-1.321217,-1.183588,-1.58153,0.0,105.865982,104.46726225,2.151443394067561,100.16437546186488,108.77014903813513,104.14732034834552,0.7127938933459319,-0.0017329923455740724
2014-12-29,0.148043,0.583469,-0.156753,-0.416266,-0.416256,0.250798,-1.344604,-1.423562,-1.002795,-0.700871,-1.053159,0.0,105.425308,104.36810834999999,2.0521680154391366,100.26377231912171,108.47244438087826,104.2690334580269,0.7291649129580122,-0.004171252293012961
2014-12-30,0.796462,1.061944,-0.477877,-1.593662,-1.593669,1.60531,0.589382,0.050148,0.461062,0.852743,0.615044,-1.0,103.745178,104.22350765000002,1.9846462242037857,100.25421520159244,108.19280009840759,104.21914246202434,0.5996541743297854,-0.016065040214257496
2014-12-31,1.33547,1.406697,-0.080126,-0.60177,-0.601769,1.668447,1.500177,0.577516,0.954415,1.356836,1.271663,-1.0,103.120872,104.1050731,1.975773884947812,100.15352533010437,108.05662086989562,104.11454527516489,0.4415497930759642,-0.006035866159528997
2015-01-02,0.501168,0.662256,-0.680146,-0.516384,-0.516385,1.521392,2.162164,1.004716,1.357171,1.763381,1.805384,-1.0,102.588371,103.98067045,1.989674778331831,100.00132089333634,107.96002000666367,103.9691953441968,0.27016822037766985,-0.005177231529815763
2015-01-05,0.878902,1.498754,-0.296049,-3.266513,-3.266516,3.613663,5.00602,4.13175,4.499961,4.938855,5.116423,-1.0,99.237305,103.70294525,2.2421354137438625,99.21867442251228,108.18721607748772,103.51853912093996,-0.13450543595719466,-0.03321058116662886
2015-01-06,-0.528511,0.63978,-1.186832,-0.222035,-0.222038,2.549843,4.644421,4.210177,4.354668,4.833388,5.196423,0.0,99.01696,103.32881955,2.371483401889975,98.58585274622006,108.07178635377996,103.08981729989807,-0.46760199934256264,-0.0022228534728217257
2015-01-07,-0.895628,0.484371,-1.169804,1.455726,1.45574,0.424047,2.676835,2.72832,2.598697,3.08316,3.531036,1.0,100.458389,103.06899785,2.387838376798216,98.29332109640357,107.84467460359643,102.83920508086017,-0.6082605034268909,0.014452453366505958
2015-01-08,-1.142807,0.788448,-1.328845,3.162127,3.162118,-2.554925,-0.695426,-0.187216,-0.579816,-0.148118,0.285853,1.0,103.635002,103.03411014999999,2.373456320092974,98.28719750981404,107.78102279018594,102.91499526363539,-0.4581262658470848,0.03113152794737706
2015-01-09,1.178887,1.312853,-0.428689,-0.806162,-0.806168,-1.721888,-0.204515,0.72758,0.167461,0.574802,1.008311,-1.0,102.79953,102.9716792,2.361772346882771,98.24813450623445,107.69522389376554,102.90399857186058,-0.401926253317626,-0.008094348881189851
2015-01-12,0.149831,0.343733,-0.890183,1.330712,1.330719,-2.065929,-1.678125,-0.664553,-1.114049,-0.769963,-0.367531,1.0,104.167503,103.0070258,2.3747287432619033,98.25756831347618,107.7564832865238,103.02433232692148,-0.24418849702455248,0.013219428249938332
2015-01-13,0.913163,1.352183,-0.614626,0.378988,0.378989,-1.375012,-2.131884,-1.061844,-1.33111,-1.21872,-0.834431,0.0,104.562286,103.17044739999999,2.363061570838144,98.4443242583237,107.89657054167627,103.17080410530991,-0.08632934896559163,0.0037827228459992655
2015-01-14,0.220206,0.739896,-0.766313,-0.316094,-0.316099,-0.338235,-1.77486,-0.806246,-0.827531,-0.960095,-0.596902,0.0,104.231766,103.36921565,2.2704241914007897,98.82836726719842,107.91006403280159,103.27184809528039,0.011967013177056174,-0.0031659932159458335
2015-01-15,0.157563,0.700283,-0.42892,0.625384,0.62539,-0.71954,-2.217265,-1.491598,-1.211486,-1.554623,-1.233953,1.0,104.883621,103.6129706,2.149082134687531,99.31480633062493,107.91113486937506,103.42535027668225,0.1408432853608872,0.006234425124919919
2015-01-16,-0.871724,0.068365,-1.854547,2.424723,2.424729,-2.208367,-4.081713,-3.738152,-3.260415,-3.759346,-3.499141,1.0,107.426765,103.9242064,2.230738097240479,99.46273020551905,108.38568259448095,103.8064373931887,0.44308155803641114,0.02395799556248663
2015-01-20,1.276345,1.293474,-0.848037,-0.230753,-0.230756,-1.420251,-3.1189,-3.433845,-2.946723,-3.397981,-3.201705,0.0,107.178871,104.02060685,2.330514087779089,99.35957867444182,108.68163502555817,104.12762154621835,0.6550535430894655,-0.0023102292640080997
2015-01-21,-0.195332,0.696391,-0.857751,0.865172,0.865168,-1.610189,-3.109129,-4.096816,-3.631423,-3.974523,-3.982449,1.0,108.106148,104.18035645,2.498239299557039,99.18387785088592,109.17683504911409,104.5065288275309,0.8876342773265975,0.008614465963867241
2015-01-22,-1.336693,0.142922,-2.068095,1.019106,1.019105,-1.691462,-3.285411,-4.730837,-4.4174,-4.615382,-4.842648,1.0,109.207863,104.3837149,2.734855649763262,98.91400360047348,109.85342619952652,104.95427493919462,1.1476262568306055,0.010139469919604271
2015-01-23,0.44196,1.067377,-0.283519,0.81547,0.815469,-1.539355,-3.480651,-5.07894,-5.002916,-5.020344,-5.437789,1.0,110.098419,104.59028725,3.0035677930891382,98.58315166382172,110.59742283617828,105.44419342117608,1.4092868190422365,0.008121617739469693
2015-01-26,0.404723,0.421246,-1.048977,0.958974,0.958976,-1.803916,-3.645824,-5.466811,-5.675643,-5.564385,-6.122904,1.0,111.154236,104.84551875,3.332929167474515,98.17966041505096,111.51137708494903,105.98800700011168,1.6824560023243578,0.009544066392772494
2015-01-27,-0.57918,0.504716,-0.736389,-0.173453,-0.173448,-0.951519,-2.86613,-4.598163,-5.28215,-5.194445,-5.734463,0.0,110.961441,105.1002917,3.5991584869906195,97.90197472601876,112.29860867398124,106.46166738105342,1.861924496322331,-0.0017359877611710579
2015-01-28,1.479019,1.695057,-0.224342,-0.421978,-0.421976,-0.099713,-1.917743,-3.501458,-4.651438,-4.590615,-5.057476,0.0,110.49321,105.35368679999999,3.7962491539342573,97.76118849213148,112.9461851078685,106.84562382095308,1.943963441804243,-0.004228691478107048
2015-01-29,-0.874708,0.0,-1.725119,2.592441,2.592434,-1.891957,-3.591154,-5.181286,-6.636836,-6.711591,-7.071354,1.0,113.357674,105.8343116,4.171804807632775,97.49070198473446,114.17792121526556,107.4658190761004,2.2145897900672367,0.025594005364428355
2015-01-30,0.016381,0.204801,-1.196034,-1.133879,-1.13388,-0.414514,-1.844021,-3.591927,-5.166707,-5.423772,-5.646759,-1.0,112.072334,106.2818847,4.34207618972375,97.59773232055251,114.9660370794475,107.90453478313846,2.298847244802431,-0.011403574354062689
2015-02-02,-1.355518,0.089287,-1.810062,0.925696,0.925699,-0.982141,-2.241883,-3.868506,-5.571429,-6.041559,-6.161256,1.0,113.109787,106.8079555,4.505330665731064,97.79729416853787,115.81861683146214,108.40027308950623,2.4214230142410855,0.009214411302523803
2015-02-03,-1.274397,0.015928,-1.465555,1.907472,1.907473,-2.088415,-3.369977,-5.02589,-6.643573,-7.474,-7.628042,1.0,115.267326,107.60945655,4.513489753500091,98.58247704299983,116.63643605700018,109.05427812860087,2.6619749701917073,0.018895091215232505
2015-02-04,-0.121302,0.994659,-0.582243,-1.505376,-1.505382,-0.056605,-1.415169,-3.047602,-4.57747,-5.774219,-5.963124,-1.0,113.532112,108.33521415,4.216337735414678,99.90253867917065,116.76788962082935,109.48073849730555,2.6816840756208933,-0.015168282618297122
2015-02-05,0.128832,0.241562,-0.644177,0.428593,0.428591,-0.367175,-1.413958,-2.889116,-4.390043,-5.815923,-6.104889,0.0,114.0187,109.01322970000001,3.9658815262528275,101.08146664749435,116.94499275250567,109.91292530708597,2.7053813169045213,0.004276748014102748
2015-02-06,0.428722,0.626599,-0.29681,-2.335132,-2.335129,1.88639,1.056149,-0.179732,-1.757356,-3.268199,-3.698572,-1.0,111.356216,109.39929040000001,3.7865378135292223,101.82621477294157,116.97236602705846,110.05038156355397,2.4807250892275334,-0.023628253906208138
2015-02-09,-1.528363,0.647894,-1.536671,-0.742025,-0.742021,2.181243,1.755129,0.753661,-0.673229,-2.257664,-2.843537,-1.0,110.52993,109.78581039999999,3.457661652895121,102.87048709420975,116.70113370579023,110.09605284321549,2.210527451141843,-0.007447872113282179
2015-02-10,-0.344458,0.188636,-1.164601,1.279177,1.279183,0.296884,0.55769,-0.235115,-1.580422,-3.038144,-3.889671,1.0,111.94381,110.17462574999999,3.2218096803939265,103.73100638921214,116.61824511078784,110.2720297152902,2.0864310970730884,0.012710704964321421
2015-02-11,0.181468,0.536166,-0.305207,-0.574097,-0.574108,0.47513,1.210922,0.532322,-0.709394,-2.036789,-3.158734,-1.0,111.301132,110.51156805000001,2.944407288297361,104.62275347340528,116.40038262659473,110.37003945669113,1.9141598555995643,-0.0057576200351906704
2015-02-12,-0.04897,0.383612,-0.326472,1.064088,1.064088,-0.855365,0.067749,-0.331913,-1.387931,-2.640543,-3.919355,1.0,112.485474,110.92425345,2.572888581802174,105.77847628639564,116.07003061360435,110.57150941319674,1.8518531466889954,0.010584664368198729
2015-02-13,0.090372,0.188955,-0.985872,-0.652951,-0.652951,-0.133091,0.696682,0.421735,-0.432548,-1.710153,-3.030451,-1.0,111.750999,111.26762235000001,2.147355548866412,106.97291125226718,115.56233344773284,110.68384175479704,1.72334301125548,-0.006550920256734352
2015-02-17,0.262317,0.786949,-0.33609,0.221818,0.221821,-0.09181,0.374622,0.249749,-0.448806,-1.599146,-2.964996,0.0,111.998886,111.49622839999999,1.9513683192830635,107.59349176143387,115.39896503856612,110.80908406386399,1.6227936571550714,0.002215751766021391
2015-02-18,-0.582587,0.04923,-0.919015,-0.098365,-0.098372,-0.00328,0.171498,0.403714,-0.140309,-1.22622,-2.492542,0.0,111.88871,111.73172035,1.6662953827552631,108.39912958448947,115.06431111551053,110.91190558159123,1.5167333295019887,-0.0009842082443338612
2015-02-19,0.301453,0.87991,-0.162944,0.713871,0.713881,-0.466029,-0.613493,-0.178155,-0.64486,-1.637934,-2.779317,1.0,112.687462,111.96078605,1.4413719905439777,109.07804206891204,114.84353003108795,111.08100619286826,1.4800710291526826,0.007113447175004413
2015-02-20,-1.788459,0.258962,-1.950308,0.676228,0.676228,-0.964638,-1.331232,-0.843249,-1.125275,-1.97362,-3.050635,1.0,113.449486,112.1728672,1.3221112507049613,109.52864469859007,114.81708970140993,111.30657569830937,1.4952683376636031,0.006739516837626206
2015-02-23,-0.790291,0.279401,-0.830202,1.375736,1.375731,-1.741834,-2.352514,-2.018569,-2.253527,-2.951699,-4.03661,1.0,115.010246,112.41845855,1.3717577260749934,109.67494309785,115.16197400214999,111.65930620323229,1.6146400370648877,0.013663539461288218
2015-02-24,0.725039,0.733008,-0.382442,0.19159,0.191593,-1.368818,-2.131307,-2.083236,-2.263567,-2.866387,-3.860518,0.0,115.230598,112.62227665,1.4731223409095229,109.67603196818095,115.56852133181906,111.99942923149588,1.7073423538372197,0.001914100586573614
2015-02-25,1.141111,1.141111,-0.683065,-0.852522,-0.852517,-0.107688,-1.088082,-1.300768,-1.279338,-1.783678,-2.739747,-1.0,114.248238,112.7866165,1.461378633955858,109.86385923208827,115.70937376791171,112.21360149516295,1.68215058089433,-0.008561713297301552
2015-02-26,-0.854966,0.674569,-1.019685,2.450977,2.450966,-1.752288,-2.963365,-3.461704,-3.361042,-3.827745,-4.710952,1.0,117.048424,113.1143772,1.6436748139682256,109.82702757206356,116.40172682793646,112.6740607813379,1.8666202906297258,0.024214122178878555
2015-02-27,-0.189488,1.105317,-0.536871,-0.651027,-0.65102,-0.620563,-2.000637,-2.699094,-2.601852,-2.954055,-3.740991,-1.0,116.286415,113.26081425,1.7904046185867875,109.68000501282643,116.84162348717356,113.01809451644857,1.9290887721531362,-0.006531486787194771
2015-03-02,0.615292,0.844048,-0.244536,0.086841,0.08684,-0.47014,-1.687306,-2.495331,-2.500984,-2.822117,-3.495041,0.0,116.387398,113.47656744999999,1.8964992269941783,109.68356899601163,117.26956590398835,113.33898056250108,1.9641030209574808,0.0008680221038934258
2015-03-03,0.633565,0.974106,-0.300941,-0.394415,-0.394412,0.044349,-0.959057,-1.798792,-1.993349,-2.272591,-2.868457,0.0,115.928352,113.61749569999999,1.9710667855645068,109.67536212887097,117.55962927112901,113.5855873660724,1.932533842431468,-0.003951919725077416
2015-03-04,0.110829,0.284991,-0.50665,0.0396,0.039593,0.302409,-0.645974,-1.605971,-2.001659,-2.138375,-2.654102,0.0,115.974251,113.65284195,2.008198322763534,109.63644530447293,117.66923859552706,113.81307914073219,1.889438436550023,0.00039584722211450697
2015-03-05,-0.10964,0.156627,-0.501213,1.084549,1.084555,-0.742426,-1.324305,-2.324384,-2.895298,-2.958419,-3.439062,1.0,117.232056,113.83783915,2.161092167622039,109.51565481475592,118.16002348524407,114.13869598447198,1.9344798885055923,0.010787162774239398
2015-03-06,1.314102,1.370191,-0.168275,-2.263293,-2.263293,1.258009,1.059291,0.05929,-0.6222,-0.668595,-1.046746,-1.0,114.578751,113.86584169999999,2.167178916283209,109.53148386743356,118.20019953256642,114.18060598595083,1.7360637623909412,-0.02289298686249585
2015-03-09,0.685316,0.878823,-0.266066,-0.61699,-0.616997,1.444817,1.586719,0.804649,0.105222,0.011293,-0.32196,-1.0,113.871803,113.99162104999998,2.0853124230617275,109.82099620387652,118.16224589612344,114.15119617776504,1.5044306178579347,-0.0061890876974987135
2015-03-10,1.002588,1.044365,-0.225586,-3.499151,-3.499154,4.023733,4.784032,4.331752,3.705829,3.520434,3.253968,-1.0,109.887253,113.95948720000001,2.145545086079894,109.66839702784023,118.2505773721598,113.74510635131122,0.9879513095445134,-0.03561841312138638
2015-03-11,-0.428227,0.856461,-0.667049,1.453754,1.453759,1.727746,3.034672,2.812597,2.199211,1.901344,1.79006,1.0,111.484749,113.93653414999999,2.170553511088617,109.59542712782275,118.27764117217723,113.52983422261491,0.6994791527799435,0.014432933854454376
2015-03-12,-0.317253,0.0,-1.1714,1.23528,1.235282,-0.28797,1.406491,1.568372,1.021312,0.634182,0.617967,1.0,112.8619,114.01457254999998,2.0976483395524252,109.81927587089513,118.20986922910484,113.46622143950873,0.575355130781702,0.012277146140280722
2015-03-13,0.256812,0.613038,-0.57162,-1.805907,-1.805911,0.868198,2.778564,3.278385,2.804246,2.369651,2.39224,-1.0,110.823715,113.9314846,2.1921846823874547,109.54711523522509,118.31585396477492,113.21455415955552,0.30895995536107534,-0.018224161708981463
2015-03-16,-0.621368,0.253458,-0.629545,1.32549,1.325496,-0.732568,1.069412,1.766004,1.483525,1.063854,1.05933,1.0,112.292679,113.95856859999999,2.1670291989611457,109.6245102020777,118.29262699792228,113.12675652531213,0.21390718880233806,0.013167882460732958
2015-03-17,0.371898,0.504133,-0.512399,-1.071047,-1.071046,0.558673,1.728095,2.61928,2.541318,2.178178,2.092834,-1.0,111.089973,113.91312295,2.219192291606299,109.4747383667874,118.3515075332126,112.93277714194907,0.04105560031553068,-0.010768227620450571
2015-03-18,-1.612906,0.415441,-2.101663,1.454547,1.454537,-0.666337,-0.020361,1.056808,1.10745,0.74031,0.553387,1.0,112.705818,113.95397834999999,2.187252882779955,109.57947258444008,118.32848411555989,112.91116198557296,0.034062012751050474,0.014440602945793161
2015-03-19,-0.452857,0.238782,-0.452857,-1.067127,-1.067119,0.161383,0.544256,1.815287,2.144916,1.83417,1.57733,-1.0,111.503113,113.89476090000001,2.238772824829174,109.41721525034166,118.37230654965836,112.77706208218505,-0.06774774403309891,-0.010728533700267133
2015-03-20,-0.268621,0.512825,-0.773298,1.152739,1.152732,-0.63166,-0.760273,0.448248,0.951573,0.684417,0.3834,1.0,112.788445,113.86170884999999,2.250541313089353,109.36062622382128,118.36279147617869,112.778146169596,-0.044207562094371156,0.011461386080622893
2015-03-23,0.186488,0.616228,-0.227032,0.390724,0.390728,-0.852999,-1.203279,-0.128655,0.480011,0.344764,0.047837,0.0,113.229141,113.77265360000001,2.2379052186480237,109.29684316270396,118.24846403729606,112.8210980582059,0.009894626741896673,0.003899666094888638
2015-03-24,0.907308,1.005398,-0.03269,-0.802729,-0.802726,0.168382,-0.187184,0.465369,1.163561,1.16822,0.910577,-1.0,112.320221,113.62713475000001,2.2327304437596687,109.16167386248067,118.09259563751935,112.77339548123392,-0.020336816497405152,-0.008059654100302488
2015-03-25,1.550959,1.674053,-0.147711,-0.392345,-0.392351,0.415231,0.241261,0.617102,1.45618,1.566389,1.306145,0.0,111.879532,113.50869945,2.26069885764579,108.98730173470841,118.03009716529158,112.6882656258783,-0.07894533964503125,-0.003931222596419347
2015-03-26,0.033029,0.487157,-0.561474,-0.61546,-0.615462,0.980928,0.711752,0.877992,1.821074,2.141527,1.930204,-1.0,111.190956,113.21582604999999,2.1549357716140123,108.90595450677196,117.52569759322802,112.54566470912799,-0.17889317584734954,-0.006173637698048284
2015-03-27,-0.913915,0.318237,-1.28111,1.189003,1.189006,-0.254591,-0.321503,-0.429759,0.456955,0.908036,0.733305,1.0,112.513023,113.02715644999998,2.0337249553181875,108.95970653936361,117.09460636063635,112.54255597492532,-0.14969718226403472,0.01181992737111278
2015-03-30,-0.089034,0.331846,-0.2671,0.815993,0.815994,-1.026307,-1.027926,-1.26157,-0.486444,0.035612,-0.032647,1.0,113.431122,112.87934264999998,1.8781246691654165,109.12309331166915,116.63559198833082,112.62718131064672,-0.05187821085529265,0.008126823140305522
2015-03-31,0.270687,0.836679,-0.041016,-1.327397,-1.327399,0.234599,0.378147,0.188117,0.673447,1.263227,1.309983,-1.0,111.925438,112.67919695,1.744645993739585,109.18990496252084,116.16848893747917,112.56034861439464,-0.0947597550694752,-0.013362880630913926
2015-04-01,0.113369,0.242937,-0.753097,1.296033,1.296041,-0.783872,-0.847035,-0.982539,-0.729212,-0.063166,0.057492,1.0,113.376038,112.54928629999999,1.574846257205261,109.39959378558947,115.69897881441051,112.63803331778561,-0.011559144353284978,0.012877146396747429
2015-04-02,-0.668201,0.10341,-0.803438,1.797717,1.797707,-1.804147,-2.259163,-2.583719,-2.561048,-1.884649,-1.630731,1.0,115.414207,112.45839385000002,1.322614709930078,109.81316443013986,115.10362326986018,112.90243081132984,0.2163472275109939,0.01781739356407407
2015-04-06,-0.671093,0.66319,-0.939525,0.755712,0.75572,-1.891684,-2.691463,-3.001216,-3.218465,-2.620565,-2.287231,1.0,116.286415,112.54377705000002,1.5087274074877899,109.52632223502444,115.5612318649756,113.2247150197746,0.4620187014501198,0.0075287853125815055
2015-04-07,0.189482,0.765824,-0.102641,0.0,0.0,-1.400604,-2.428554,-2.772257,-3.114644,-2.624039,-2.25065,0.0,116.286415,112.66450765000002,1.704499892040751,109.25550786591852,116.07350743408152,113.51630549408178,0.6492311815853498,0.0
2015-04-08,0.64521,0.884181,-0.533693,-0.884259,-0.88426,0.057351,-1.303172,-1.663749,-2.017288,-1.77856,-1.377784,-1.0,115.258141,112.93305204999999,1.6665840643163496,109.5998839213673,116.26622017863268,113.68219458988351,0.7064814246361806,-0.008881925601533213
2015-04-09,-0.023824,0.047653,-0.913279,0.30269,0.302685,0.141365,-1.278585,-1.793198,-2.134684,-2.08767,-1.63622,0.0,115.60701,113.13916510000001,1.7316764622963718,109.67581217540727,116.60251802459275,113.86551034322794,0.7711145389964003,0.003022277412081853
2015-04-10,-0.703491,0.223844,-0.943314,-0.65915,-0.659143,0.706693,-0.30538,-0.947585,-1.398994,-1.521146,-1.047513,-1.0,114.844994,113.2383198,1.7712871805124917,109.69574543897501,116.78089416102499,113.95879450101576,0.7521777876946061,-0.006613253640759334
2015-04-13,0.352735,0.657367,-0.056117,-0.279797,-0.279799,0.681418,0.149912,-0.568649,-0.960799,-1.246754,-0.821175,0.0,114.523659,113.42331700000003,1.6975060418437913,110.02830491631244,116.81832908368762,114.01259111996664,0.7031359137380093,-0.00280191042692678
2015-04-14,-0.159691,0.119771,-0.471092,0.400834,0.400837,0.052696,-0.114982,-0.863944,-1.239224,-1.602367,-1.257855,0.0,114.982712,113.55781865000002,1.709733206053449,110.13835223789312,116.97728506210692,114.10498358473173,0.6933194607664461,0.004000356157254717
2015-04-15,0.601926,0.698237,-0.473512,-0.511019,-0.511027,0.415734,0.61397,-0.23381,-0.587475,-0.939321,-0.79534,-1.0,114.395119,113.72307595,1.6157966147021419,110.49148272059571,116.95466917940428,114.132615529043,0.6308539154381094,-0.00512337467615693
2015-04-16,-0.634074,0.313032,-0.874866,-0.008027,-0.00803,0.210297,0.710339,-0.079719,-0.506051,-0.829913,-0.833659,0.0,114.385933,113.8070817,1.6037554891863328,110.59957072162733,117.01459267837267,114.15674100246747,0.5739916686374187,-8.030385317873344e-05
2015-04-17,0.137417,0.299089,-0.695175,-0.706314,-0.706306,0.700021,1.265054,0.771157,0.293022,-0.099266,-0.235499,-1.0,113.578018,113.91082695,1.511317629768589,110.88819169046282,116.93346220953718,114.10162452604199,0.4584511998489802,-0.007088124056677049
2015-04-20,0.473085,0.848288,-0.391513,-0.897261,-0.897265,1.262644,1.850738,1.686246,1.190869,0.866888,0.607942,-1.0,112.558922,113.89935080000001,1.5211285681276911,110.85709366374462,116.9416079362554,113.95470047594276,0.28140811803639565,-0.00901314839585753
2015-04-21,-0.510539,0.33225,-0.58347,0.652532,0.652537,0.307935,0.926251,1.018904,0.537678,0.248293,-0.061323,1.0,113.293411,113.9025643,1.5197054013035551,110.86315349739289,116.9419751026071,113.89172052585297,0.19808393578395567,0.006504175357222682
2015-04-22,0.188228,0.286438,-0.76111,-0.980551,-0.980558,0.906785,1.651528,2.034539,1.527132,1.279976,0.996538,-1.0,112.182503,113.8956784,1.527544260235662,110.84058987952866,116.95076692047132,113.72893790434316,0.04192464842623167,-0.009853974816650084
2015-04-23,-1.363264,0.220406,-1.45306,0.253702,0.253706,0.310204,1.115101,1.722448,1.296326,1.015183,0.770067,0.0,112.467117,113.92505765000001,1.49196296753331,110.94113171493339,116.90898358506664,113.6087644848819,-0.05819589464235264,0.0025338493987018063
2015-04-24,-0.872941,0.137405,-1.107342,0.995919,0.995917,-0.677335,0.007275,0.612136,0.402927,0.092468,-0.202338,1.0,113.587196,114.04486965000001,1.3503382965693322,111.34419305686134,116.74554624313868,113.60671034346458,-0.046623683147458905,0.009909903081933851
2015-04-27,0.376484,0.704906,-0.096119,0.905266,0.905274,-1.20955,-0.881932,-0.387699,-0.406122,-0.741752,-0.9874,1.0,114.615471,114.14999205000001,1.3059151691302295,111.53816171173955,116.76182238826047,113.70278278694414,0.0450018236721661,0.009012006501906054
2015-04-28,-0.144684,0.313479,-0.522468,-0.344434,-0.344441,-0.705733,-0.606064,-0.163976,-0.027331,-0.36396,-0.588915,0.0,114.220688,114.18947035000001,1.2949279027982907,111.59961454440342,116.77932615559659,113.75210709294947,0.08478268714995352,-0.003450358486891936
2015-04-29,1.395619,1.529328,-0.543207,-3.818021,-2.107396,1.365853,1.302776,1.779883,2.119843,1.762844,1.572743,-1.0,111.813606,114.18387875,1.305417674708977,111.57304340058205,116.79471409941796,113.56748794124,-0.0770340914603338,-0.0212991839025202
2015-04-30,-0.099969,0.458176,-0.308233,0.317564,0.317564,0.991759,0.784422,1.253335,1.742755,1.451016,1.235243,0.0,112.168686,114.12351115000001,1.3710100196014903,111.38149111079703,116.865531189203,113.43426870874096,-0.17461026739191254,0.003170610446842289
2015-05-01,-1.145069,0.024713,-1.227446,1.124623,1.124623,-0.159075,-0.349453,0.044126,0.523801,0.401727,0.166019,1.0,113.430161,114.02430884999998,1.3442218983857814,111.33586505322842,116.71275264677155,113.43387749838467,-0.1484384933509375,0.0111834627211442
2015-05-04,1.682595,1.741782,-0.033816,-2.57023,-2.570234,1.732652,2.094397,2.441495,2.91453,2.978036,2.739858,-1.0,110.51474,113.7357251,1.448521122307306,110.83868285538539,116.6327673446146,113.15586440330043,-0.3588111319985785,-0.026038420220711487
2015-05-05,1.629696,1.706485,-0.162112,-0.90471,-0.904705,1.802049,2.681461,3.0439,3.544944,3.77515,3.564785,-1.0,109.514908,113.39714975,1.6039862853261755,110.18917717934765,116.60512232065234,112.80910665060514,-0.5993026621983262,-0.009088219618586814
2015-05-06,0.600601,0.817488,-0.358692,2.286689,2.286689,-0.437103,0.371366,0.598882,1.085554,1.458533,1.240565,1.0,112.019173,113.23520134999998,1.5693386785603802,110.09652399287923,116.37387870712074,112.73387487435704,-0.581121864922352,0.022609358035951137
2015-05-07,-0.50965,0.660039,-0.777007,-0.158488,-0.158487,-0.337543,0.474769,0.606911,1.077681,1.564709,1.400144,0.0,111.841637,113.04693269999999,1.4938698862950803,110.05919292740982,116.03467247259015,112.648899838704,-0.5744175950916457,-0.0015861287844038648
2015-05-08,-0.522065,0.391552,-0.619948,2.422921,2.422925,-2.499391,-1.817891,-1.716401,-1.326233,-0.868039,-0.900799,1.0,114.551476,113.03225679999998,1.476618041489745,110.0790207170205,115.98549288297947,112.83009756835123,-0.34644939969615507,0.023940378659676576
2015-05-11,-0.206271,1.320137,-0.280525,-1.13386,-1.133865,-0.897688,-0.812209,-0.548383,-0.250689,0.161723,0.257508,-1.0,113.252617,112.96870469999999,1.4358404228131016,110.09702385437379,115.84038554562619,112.87033751422256,-0.2675063816547407,-0.011403421755534894
2015-05-12,0.712688,0.720977,-0.356344,-0.437293,-0.437294,0.112706,-0.506337,-0.143269,0.088746,0.476457,0.677936,0.0,112.75737,112.85743759999998,1.3555334214369807,110.14637075712602,115.56850444287394,112.85957870334421,-0.24211481616184471,-0.004382530163732375
2015-05-13,0.97674,1.249898,-0.28971,0.116019,0.11602,0.150651,-0.526446,-0.217314,-0.093987,0.276045,0.589693,0.0,112.888191,112.7820912,1.3065600950963705,110.16897100980725,115.39521139019274,112.8623036839781,-0.20902613304161832,0.0011595265962925352
2015-05-14,-0.554152,0.081492,-0.684538,1.572718,1.572719,-0.907832,-1.849076,-1.634611,-1.628791,-1.309507,-0.930375,1.0,114.663605,112.7959748,1.3258327459225603,110.14430930815487,115.44764029184512,113.0338561902659,-0.03909141967915275,0.015604799070942033
2015-05-15,-0.308997,0.292725,-0.707434,0.220034,0.220031,-1.061963,-1.935275,-1.773487,-1.786552,-1.523713,-1.162335,0.0,114.915901,112.86286894999998,1.3990939909313973,110.06468096813718,115.66105693186277,113.21309855309771,0.11461997591456452,0.002197897416548687
2015-05-18,-0.204884,0.557286,-0.467137,-0.78062,-0.780613,-0.149158,-0.856419,-1.03557,-0.949831,-0.766655,-0.451017,-1.0,114.018852,112.93586545000001,1.4203253740822315,110.09521470183554,115.77651619816447,113.28983697661222,0.1621834570673144,-0.007836762040277286
2015-05-19,-0.226176,0.339255,-0.50081,1.458782,1.458781,-1.079164,-1.748793,-2.374264,-2.270735,-2.169254,-1.89975,1.0,115.682137,113.05530174999998,1.546779799383494,109.961742151233,116.14886134876697,113.51767507407772,0.3302837519070181,0.014482428470952928
2015-05-20,0.081036,0.510532,-0.194488,-0.323103,-0.32311,-0.338732,-1.145054,-1.855751,-1.818396,-1.820449,-1.5803,0.0,115.308357,113.21159445,1.610556611007213,109.99048122798558,116.43270767201443,113.68821620987984,0.4284051367311861,-0.0032363264805315376
2015-05-21,-0.330889,0.338954,-0.347027,0.413292,0.413287,-0.555237,-1.211358,-2.051485,-2.079224,-2.176213,-1.980261,0.0,115.784912,113.3774842,1.6983163133620354,109.98085157327593,116.77411682672407,113.88790152322463,0.5384145392375359,0.004124357906154012
2015-05-22,1.158804,1.158804,-0.179534,-1.105644,-1.105629,0.484733,-0.110992,-0.893865,-0.944414,-1.050179,-0.894315,-1.0,114.504761,113.42336244999998,1.7165750075245247,109.99021243495093,116.85651246504904,113.94665004482228,0.5163481561386476,-0.01111786012440965
2015-05-26,1.665834,1.799103,-0.016656,-2.023831,-2.023844,2.233891,1.857412,1.252715,0.993511,0.98053,1.083445,-1.0,112.187363,113.30195704999998,1.713687188109652,109.87458267378068,116.72933142621929,113.77909889769634,0.30831171176046723,-0.020446045403927627
2015-05-27,-1.279322,0.451038,-1.344923,1.565887,1.565902,0.352623,0.391167,-0.049214,-0.575702,-0.553504,-0.505402,1.0,113.944107,113.288128,1.7069859084678924,109.87415618306422,116.70209981693579,113.79481395505859,0.28194579423612254,0.015537681177690874
2015-05-28,0.089885,0.163429,-0.84164,0.360829,0.360813,-0.174856,0.158533,-0.272365,-0.82202,-0.835031,-0.864263,0.0,114.355232,113.41520929999999,1.6859125223074733,110.04338425538504,116.78703434461494,113.84818710219587,0.2908719751587938,0.003601634995695867
2015-05-29,1.202724,1.277372,-0.530856,-1.48717,-1.487167,0.776382,1.492208,1.281248,0.696754,0.668637,0.581078,-1.0,112.654579,113.43950394999999,1.670434124790896,110.0986357004182,116.78037219958178,113.73451014008198,0.15888601462631868,-0.014983359608322097
2015-06-01,0.796376,0.938891,-0.184425,-1.053415,-1.053417,1.304386,2.263396,2.175096,1.680782,1.664335,1.588794,-1.0,111.467857,113.34138875000001,1.727660811242536,109.88606712751493,116.79671037248508,113.51863841245512,-0.040999738094285476,-0.010590042763830836
2015-06-02,-1.122953,0.344261,-1.385248,2.271774,2.271772,-0.627865,-0.009831,-0.050814,-0.424994,-0.615534,-0.625666,1.0,114.000153,113.5156594,1.5984869109902315,110.31868557801954,116.71263322198047,113.56449694460225,0.004868367188365141,0.022463519185688254
2015-06-03,0.430648,0.633784,-0.260015,0.877049,0.877058,-1.308205,-0.938494,-0.789797,-1.052249,-1.452508,-1.440193,1.0,115.0,113.789914,1.3226964330750324,111.14452113384993,116.43530686615006,113.7012115213068,0.12050931158714207,0.008732337864392103
2015-06-04,-0.205288,1.198882,-0.369516,-1.048185,-1.048192,-0.361305,-0.022167,0.314233,0.07391,-0.338966,-0.348931,-1.0,113.794579,113.8786843,1.255469842376515,111.36774461524698,116.38962398475303,113.71010366213473,0.11357892544275217,-0.010537244009525938
2015-06-05,-3.951806,0.514055,-4.706828,2.233537,2.23354,-1.905222,-2.159036,-1.781525,-1.919276,-2.373011,-2.415191,1.0,116.336227,114.10341380000003,1.2737795693319662,111.5558546613361,116.65097293866395,113.96021064669333,0.3096073360083267,0.02208962279674371
2015-06-08,-0.041459,1.03657,-0.547306,-3.140565,-3.140561,1.491,0.851644,1.270973,1.177958,0.765901,0.72213,-1.0,112.682617,114.00997085000002,1.3072881844616984,111.39539448107662,116.62454721892341,113.83853506129395,0.16820649145418543,-0.031909339349870856
2015-06-09,-0.091491,0.615485,-0.706983,-0.298526,-0.298533,1.500457,1.167761,1.474951,1.440573,1.13283,0.95639,0.0,112.346222,113.9646511,1.349940414560178,111.26477027087964,116.66453192912036,113.69641000783739,0.028670542114596742,-0.002989796792961049
2015-06-10,-1.22539,0.776078,-1.437793,1.813192,1.813195,-0.415002,-0.595545,-0.407922,-0.294913,-0.498001,-0.836808,1.0,114.383278,114.04594650000001,1.3220794091955588,111.4017876816089,116.69010531839113,113.76182600709097,0.08152096879024384,0.017969525925320425
2015-06-11,0.707659,1.342113,-0.268424,0.43297,0.432965,-0.655601,-0.978524,-0.862207,-0.638113,-0.827392,-1.175366,0.0,114.878517,114.14546280000002,1.3051455107529946,111.53517177849403,116.755753821506,113.86817753022517,0.16150522936186462,0.004320299161071608
2015-06-12,-0.958858,0.385184,-1.204716,-0.748337,-0.748325,-0.313066,-0.112281,-0.218001,0.08277,-0.003281,-0.376171,-1.0,114.018852,114.11322514999999,1.2996247416737456,111.5139756666525,116.71247463334748,113.88252747972754,0.1537531801873655,-0.007511392950329995
2015-06-15,-0.008308,0.838872,-0.282395,-1.327647,-1.327656,0.996679,1.323921,1.006091,1.32226,1.269436,0.936878,-1.0,112.505074,113.99268380000001,1.332641266810444,111.32740126637913,116.65796633362089,113.7513414340392,0.025170245020021298,-0.013365480294075641
2015-06-16,-1.095463,0.238854,-1.317854,0.838872,0.838877,0.350873,0.432414,0.239953,0.454241,0.433897,0.183396,1.0,113.448853,113.96418385,1.338135867451709,111.28791211509657,116.64045558490342,113.72253301174976,-0.0005709975757071106,0.008353778144423821
2015-06-17,-0.922344,0.41176,-0.922344,0.01647,0.016469,0.172939,0.280819,0.195446,0.340112,0.442394,0.283016,0.0,113.467537,113.85345384999998,1.2788073556715527,111.29583913865687,116.41106856134309,113.6982476772974,-0.019241669152691543,0.00016467739542492488
2015-06-18,-0.489042,0.635748,-1.018828,1.037636,1.037639,-0.896571,-0.674875,-0.816698,-0.719297,-0.527839,-0.670529,1.0,114.64492,113.82028199999999,1.24729781324398,111.32568637351203,116.31487762648796,113.78840694612622,0.06027188068475198,0.010322921166971007
2015-06-19,0.557331,0.688465,-0.073768,-0.554242,-0.554238,-0.345879,-0.32539,-0.184693,-0.243841,0.003598,-0.053556,-1.0,114.009514,113.73151209999999,1.1602567926641936,111.4109985146716,116.05202568532837,113.80946476078087,0.07119430428177509,-0.0055577985038656776
2015-06-22,0.072009,1.2882,-0.152026,2.434227,2.434223,-1.981117,-2.342778,-2.253165,-2.516808,-2.308854,-2.364916,1.0,116.78476,113.84551205,1.338542211336217,111.16842762732756,116.52259647267243,114.09282621213508,0.30032757286312517,0.024050681376311386
2015-06-23,0.015855,0.221922,-0.618213,0.952148,0.952139,-2.151056,-2.793048,-2.954735,-3.194095,-3.098668,-3.154466,1.0,117.896713,114.13097955,1.5572436305551818,111.01649228888964,117.24546681111038,114.45510114431269,0.5651282069611767,0.009476345166847254
2015-06-24,0.269652,0.999288,-0.071374,-0.063408,-0.063405,-1.349822,-2.43952,-2.73349,-2.968112,-2.964543,-2.949738,0.0,117.82196,114.32487219999999,1.7608561749905967,110.8031598500188,117.84658454998117,114.77575436866387,0.7601896814601048,-0.0006342560948149459
2015-06-25,0.470116,0.820716,-0.828686,-0.467917,-0.467909,-0.43825,-1.776894,-2.078621,-2.387653,-2.441438,-2.368927,0.0,117.27066,114.47064359999999,1.880137634030549,110.7103683319389,118.23091886806108,115.01336442879112,0.8603741451676967,-0.0046900750059227355
2015-06-26,0.460533,0.786087,-0.460538,0.350599,0.350597,-0.161986,-1.8088,-2.344505,-2.51509,-2.717805,-2.624533,0.0,117.681808,114.72200505,1.9589641131636066,110.80407682367279,118.63993327632723,115.2675019117634,0.9618595438540609,0.003499843378328997
2015-06-29,0.771443,1.222813,-0.213379,-3.247581,-3.247577,2.675415,1.60607,1.002322,0.862121,0.524903,0.613044,-1.0,113.860001,114.84161225,1.8177591951812788,111.20609385963743,118.47713064036256,115.13345420588118,0.7255360409005931,-0.0330148075676749
2015-06-30,1.848019,1.848019,-0.770697,-0.968404,-0.968409,2.767881,2.53833,2.014311,1.793322,1.528136,1.559627,-1.0,112.75737,114.77947309999999,1.8685697872926572,111.04233352541468,118.5166126745853,114.90716047198772,0.44415491418889985,-0.00973129020545946
2015-07-01,0.334532,0.628267,-0.693537,1.566255,1.566255,0.607053,1.049284,0.449306,0.202759,-0.017297,-0.040251,1.0,114.523438,114.755645,1.8686481778842399,111.01834864423152,118.49294135576848,114.87061547465555,0.35952093839838994,0.01554115863614066
2015-07-02,-0.049194,0.139388,-0.623157,-0.489555,-0.489561,0.521488,1.486559,0.889916,0.703106,0.460812,0.412163,0.0,113.962776,114.76405485000001,1.864469066866748,111.03511671626651,118.4929929837335,114.7841545723074,0.24438998940698298,-0.004907631978951435
2015-07-06,-0.388487,0.7854,-0.633392,-2.910786,-2.910781,2.263319,4.225146,3.711395,3.465076,3.400047,3.267738,-1.0,110.645569,114.47952194999998,2.038054724337862,110.40341250132425,118.5556313986757,114.39000356542098,-0.11321789358522949,-0.02953984824968065
2015-07-07,-1.691796,0.075374,-2.889451,0.836076,0.836081,1.005019,2.893627,2.795639,2.557364,2.546392,2.323834,1.0,111.570656,114.4239239,2.103762106084945,110.21639968783012,118.63144811216989,114.12149427347613,-0.31830866352402154,0.00832605579687224
2015-07-08,0.708087,0.809238,-0.261314,-0.644895,-0.644894,1.316697,2.925901,3.306637,3.155607,3.09837,2.947818,-1.0,110.851143,114.34916995,2.2055747561494354,109.93802043770113,118.76031946229888,113.81003224743078,-0.5327619144615454,-0.006469829064018879
2015-07-09,0.872089,1.262455,-0.041532,1.492038,1.492029,-0.531559,0.940202,1.7309,1.555651,1.494022,1.391751,1.0,112.505074,114.25525975000001,2.2437021109947026,109.7678555280106,118.74266397198942,113.68575050958023,-0.5627719667406694,0.014810075609068609
2015-07-10,-0.292238,0.268538,-1.003084,5.157806,5.157807,-4.675772,-3.923068,-3.052416,-3.280544,-3.331488,-3.469972,1.0,118.307869,114.42672735,2.4181000966534505,109.5905271566931,119.26292754330689,114.12595227057258,-0.11696973457486592,0.05029196325136424
2015-07-13,0.142106,0.378963,-0.45792,0.039494,0.039492,-3.410704,-3.904151,-2.845938,-3.135558,-3.301435,-3.347543,0.0,118.354591,114.64351430000002,2.569238801764175,109.50503669647168,119.78199190352836,114.52867976861329,0.2373656180858177,0.0003948408261031712
2015-07-14,0.070835,0.29122,-0.598191,0.30791,0.307917,-2.502956,-3.789851,-3.035555,-3.171196,-3.394888,-3.440645,0.0,118.719025,114.95421185000001,2.6707477130350132,109.61271642392998,120.29570727607003,114.9277602668406,0.5413454229557573,0.0030744398571788062
2015-07-15,0.345969,0.684072,-0.180848,0.10232,0.102315,-1.258058,-3.376314,-3.081719,-3.043321,-3.27504,-3.403572,0.0,118.840492,115.2237938,2.7806526417622583,109.66248851647548,120.78509908352451,115.30040138428436,0.7830267353415223,0.0010226238217636856
2015-07-16,0.404893,0.412687,-0.358166,0.982853,0.982855,-0.968616,-3.859684,-3.903547,-3.714469,-4.028959,-4.204619,1.0,120.008522,115.55084305,2.94313219234264,109.66457866531472,121.43710743468527,115.74879382387631,1.0566309916512608,0.009780566321116303
2015-07-17,-0.178985,0.007778,-0.708174,0.05451,0.054508,-0.728404,-3.40311,-3.800257,-3.540853,-3.908168,-4.082488,0.0,120.073936,115.82229385000001,3.101294105572154,109.6197056388557,122.02488206114431,116.16071212636427,1.2641701327298307,0.0005449294560180695
2015-07-20,0.194537,0.568057,-0.070031,0.007778,0.007784,-0.448214,-2.624698,-3.674421,-3.295463,-3.71364,-3.98594,0.0,120.083282,116.12598224999999,3.209917147642515,109.70614795471496,122.54581654528502,116.53429020956767,1.4131110765067234,7.783234734756851e-05
2015-07-21,0.124923,0.234238,-0.63247,-0.342376,-0.342379,0.053089,-1.613186,-3.019708,-2.842592,-3.143286,-3.461393,0.0,119.672142,116.27035135000001,3.304639528934953,109.6610722921301,122.87963040786993,116.83313323722788,1.4809013763147476,-0.003429665082415761
2015-07-22,-0.580527,0.384403,-0.588374,-0.468498,-0.468498,0.569543,-0.45658,-2.20758,-2.334276,-2.497216,-2.817658,0.0,119.111481,116.33108975,3.3469969911345947,109.63709576773081,123.0250837322692,117.05011873844427,1.472411971590958,-0.004695983947944751
2015-07-23,1.057229,1.06518,-0.22258,-1.310111,-1.310112,1.486486,1.294116,-0.73768,-1.049286,-1.063912,-1.437733,-1.0,117.550987,116.31754110000001,3.3411877197574564,109.6351656604851,122.99991653951493,117.09782047764006,1.3244972531140036,-0.01318769832227274
2015-07-24,1.189809,1.326475,-0.096472,-1.12083,-1.120827,1.976043,2.263846,0.517726,0.027734,0.112226,-0.281642,-1.0,116.233444,116.26568030000001,3.3336562670315883,109.59836776593684,122.93299283406319,117.015498908341,1.088412522078059,-0.01127155425700946
2015-07-27,0.283773,0.470246,-0.437809,-0.844122,-0.844125,2.005843,2.865254,1.639915,0.773881,1.007625,0.602944,-1.0,115.252289,116.14420435,3.323587425812027,109.49702949837594,122.79137920162405,116.84757415516566,0.8127735160290541,-0.008477074269977543
2015-07-28,-0.218097,0.347334,-0.72698,0.372959,0.372963,0.93699,2.220511,1.499186,0.478185,0.594178,0.320673,0.0,115.682137,116.23531114999999,3.282395999674956,109.67051915065008,122.8001031493499,116.73658014038797,0.6218445225031672,0.003722688763756784
2015-07-29,-0.447675,0.43169,-0.495639,1.041998,1.041998,-0.484451,0.99928,0.796758,-0.381327,-0.477737,-0.615824,1.0,116.887543,116.4418198,3.1804068075422163,110.08100618491557,122.80263341508444,116.75095755558911,0.5613274760369649,0.010366070021940024
2015-07-30,-0.742285,0.500415,-0.909094,-4.149008,-4.149012,2.839032,4.659715,5.132052,3.819848,3.623685,3.64359,-1.0,112.037865,116.31754114999998,3.305422078794901,109.70669699241019,122.92838530758978,116.30209159791396,0.1206480410445181,-0.042375407120640175
2015-07-31,-1.279804,0.26767,-1.39691,-0.291909,-0.291916,2.330411,4.217488,5.04615,4.023008,3.727985,3.859478,0.0,111.710808,116.20494274999999,3.4260149527334764,109.35291284453304,123.05697265546694,115.86482649335072,-0.25207854809251273,-0.0029234339452976774
2015-08-03,1.356635,1.697878,-0.690805,0.501881,0.501886,1.288391,3.00125,4.160356,3.575947,3.017229,3.289222,0.0,112.271469,116.28623775000001,3.304282646728607,109.6776724565428,122.89480304345723,115.52260197017446,-0.496503020515064,0.0050063083428023855
2015-08-04,1.019812,1.061611,-0.158819,-0.432796,-0.432797,1.031518,2.743465,4.199621,4.035782,3.390794,3.589127,0.0,111.785561,116.296983,3.2884523886750534,109.72007822264989,122.8738877773501,115.16669330634832,-0.7211074132049191,-0.004337366801407066
2015-08-05,-0.804864,0.041061,-0.936267,1.780494,1.780499,-1.282856,0.477165,2.080044,2.344362,1.617933,1.65626,1.0,113.775902,116.44322095,3.092737064747768,110.25774682050447,122.62869507949553,115.034236991458,-0.7300881264154384,0.01764833968715932
2015-08-06,0.779389,0.861435,-0.500451,0.106765,0.106767,-1.061617,0.049222,1.613474,2.29633,1.487568,1.432983,0.0,113.897377,116.51283609999999,3.0140969068816337,110.48464228623672,122.54102991376325,114.92596461131915,-0.7191138917351907,0.0010670994159747496
2015-08-07,-0.14923,0.182385,-0.721276,-1.04192,-1.041922,0.157516,0.790081,2.247828,3.1251,2.511686,2.366105,-1.0,112.710655,116.23297540000002,3.097357285225237,110.03826082954954,122.42768997045049,114.71498274357447,-0.7969880965670768,-0.010473881603757755
2015-08-10,-0.270598,0.041003,-0.615006,1.102631,1.102624,-0.639599,-0.423116,0.774096,1.807306,1.509807,1.140639,1.0,113.95343,116.01291735,3.095033240732302,109.8228508685354,122.20298383146459,114.64245391085309,-0.7497794183405802,0.010965896548701592
2015-08-11,0.611827,0.661433,-0.636624,-0.820008,-0.820006,0.400171,0.164536,1.214833,2.396864,2.400336,1.952052,-1.0,113.019005,115.72791634999999,3.0951691188348804,109.53757811233022,121.91825458766975,114.48783972886709,-0.7787890930253383,-0.008233865748730737
2015-08-12,-0.343841,0.159344,-1.232809,-1.413807,-1.413806,1.417312,1.110369,2.206199,3.532376,3.889303,3.374152,-1.0,111.421135,115.3569485,3.1466712663807077,109.06360596723859,121.65029103276142,114.19577261183213,-0.9201077943535552,-0.014238959189583289
2015-08-13,0.134502,0.437125,-0.226965,-0.23482,-0.234816,1.163414,1.269333,2.063439,3.378027,4.085407,3.516588,0.0,111.1595,114.9144974,3.0796055752326574,108.75528624953469,121.07370855046531,113.90660379165764,-1.0412131837776428,-0.0023509243784964047
2015-08-14,0.034096,0.366519,-0.656322,-1.378614,-1.378609,2.014994,2.49488,3.088413,4.346654,5.223656,4.831794,-1.0,109.627045,114.39215284999997,3.0441999131901953,108.30375302361958,120.48055267638037,113.49902676388074,-1.2464777688389148,-0.013882001820971141
2015-08-17,-1.464542,0.077078,-1.824259,-0.477325,-0.477332,1.615278,2.696128,3.207148,4.343954,5.389174,5.287484,0.0,109.10376,113.84317675000003,2.9524883518144613,107.93820004637111,119.74815345362894,113.08042992922543,-1.4348362583446033,-0.004784748982498909
2015-08-18,-1.419534,0.521636,-1.505047,0.154162,0.15417,0.77304,2.308014,2.657195,3.707449,4.881128,5.055291,0.0,109.271965,113.3231679,2.782818703367838,107.75753049326433,118.88880530673568,112.71771898358492,-1.552641100454835,0.0015405103590607132
2015-08-19,0.689716,0.689716,-0.357957,-2.052335,-2.052338,2.063907,3.821369,4.194164,5.316043,6.637328,7.137532,-1.0,107.029335,112.71906059999999,2.771531689495574,107.17599722100884,118.26212397899114,112.1759681280054,-1.8061436850089336,-0.0207369106331737
2015-08-20,1.159157,1.159157,-0.035667,-2.086606,-2.086602,3.024516,5.165395,5.953921,6.951841,8.329192,9.175499,-1.0,104.796059,112.0813142,3.054232631818283,105.97284893636343,118.18977946363655,111.47311963962393,-2.1623270582634717,-0.02108678954770755
2015-08-21,2.734951,2.771663,-0.036712,-2.844407,-2.844415,4.506246,7.174194,8.40798,9.375002,10.783409,11.831867,-1.0,101.815224,111.3604032,3.663450883468047,104.0335014330639,118.68730496693608,110.55332005489784,-2.6545336092946457,-0.028856525149215204
2015-08-24,-2.726596,5.248464,-4.541222,-1.376652,-1.376646,4.234133,7.321791,9.133937,10.162847,11.546245,12.797315,-1.0,100.413589,110.61846819999998,4.283832459625314,102.05080328074935,119.18613311925061,109.58763138300282,-3.121725766264433,-0.013862094364399896
2015-08-25,3.2966,3.371953,-0.113022,-1.200448,-1.200456,3.471798,7.233689,9.614775,10.671099,12.076487,13.512297,-1.0,99.208168,109.79476975,4.81039344330271,100.17398286339458,119.41555663660542,108.59911106081206,-3.5483432252434426,-0.012077197093551406
2015-08-26,0.36051,0.536145,-1.848771,1.893192,1.893195,0.373453,4.218897,6.741234,7.833241,9.280829,10.817773,1.0,101.086372,109.0047112,4.881235419848825,99.24224036030235,118.76718203969766,107.88361210263949,-3.692322474013409,0.018754970099138568
2015-08-27,-1.287163,0.090644,-2.157359,1.978185,1.97819,-1.90537,1.414066,3.971473,5.307283,6.599705,8.120916,1.0,103.086052,108.55712055,4.997507179677777,98.56210619064444,118.55213490935554,107.42670161667382,-3.603530347277456,0.01958877603095176
2015-08-28,-0.673398,0.0637,-1.2649,-0.389776,-0.389781,-1.352259,1.134775,3.727365,5.279827,6.489036,7.979496,0.0,102.684242,108.10579225000001,5.104164942531738,97.89746236493653,118.31412213506349,106.97503879603822,-3.524951212686304,-0.0039054277748432746
2015-08-31,-0.156098,0.440726,-0.670282,-0.891796,-0.891803,-0.198327,1.324034,3.86252,5.711141,6.917275,8.351242,-1.0,101.768501,107.58064385,5.192556799538378,97.19553025092324,117.96575744907676,106.47917805355839,-3.496266543560054,-0.008958032162282694
2015-09-01,0.443105,0.839068,-0.622227,-2.607661,-2.607654,2.454982,3.012162,5.70818,7.902328,9.111341,10.56095,-1.0,99.114731,106.94710235,5.420492945699563,96.10611645860087,117.78808824139912,105.77780214369568,-3.6456460587054806,-0.02642255768440078
2015-09-02,-0.230926,0.073891,-1.071498,2.064676,2.064672,0.397193,0.348238,2.893654,5.096067,6.282285,7.732929,1.0,101.161125,106.3163635,5.317011086622573,95.68234132675485,116.95038567324514,105.33811860620085,-3.557890361925331,0.020436464616945177
2015-09-03,0.556385,1.122039,-0.306003,-0.38796,-0.387951,0.328261,0.33939,2.606948,4.853948,6.248885,7.597364,0.0,100.768669,105.6599281,5.139263365711602,95.3814013685768,115.9384548314232,104.90293292941982,-3.4798971708648168,-0.0038870588274069156
2015-09-04,-0.28329,0.519353,-0.424934,-1.798956,-1.798962,1.412652,1.888573,3.767705,6.079791,7.679696,8.986464,-1.0,98.955879,104.97218930000001,5.065883630912914,94.84042203817418,115.10395656182584,104.33654684090364,-3.523744475066806,-0.018153399779942375
2015-09-08,-0.018533,0.268669,-0.991291,1.926346,1.926348,-0.683716,0.007407,1.261809,3.425974,5.19214,6.451111,1.0,100.862114,104.31762350000001,4.6750247340005116,94.96757403199899,113.66767296800103,104.0056484751033,-3.365876813400945,0.019080292046091258
2015-09-09,2.31353,2.424581,-0.129558,0.111169,0.111171,-0.42569,0.071256,0.601517,2.714695,4.647047,5.847367,0.0,100.974243,103.71538539999999,4.25175881615459,95.2118677676908,112.21890303230917,103.71694319176012,-3.1948889894359382,0.0011110883410904674
2015-09-10,-1.331726,0.80459,-1.507442,0.064778,0.064776,-0.514193,0.001851,0.14119,2.13447,4.075096,5.25602,0.0,101.03965,103.19631115,3.8788483713927415,95.43861440721452,110.95400789278548,103.46196288778297,-3.0192975263358903,0.0006475495453725101
2015-09-11,-0.669457,0.21385,-1.078572,-0.536386,-0.536385,-0.031616,0.283585,0.396091,2.154808,4.103017,5.440875,-1.0,100.497688,102.66322055,3.433965848814397,95.79528885237121,109.5311522476288,103.1796509937084,-2.890551354091272,-0.005378291802184982
2015-09-14,0.657891,0.958643,-0.131579,-1.069271,-1.06927,1.142855,1.03947,1.320798,2.745768,4.693605,6.168542,-1.0,99.423096,102.1530231,3.0851753761889515,95.9826723476221,108.3233738523779,102.82188385145047,-2.8424635284968645,-0.01075028146214956
2015-09-15,-1.88819,0.175863,-2.3047,1.541352,1.54134,-0.373927,-0.574778,-0.181406,0.78259,2.589421,4.183336,1.0,100.955544,101.7456123,2.6222667622717712,96.50107877545646,106.99014582454355,102.64413719893138,-2.650148570797583,0.015295820730029724
2015-09-16,-0.961622,1.25617,-2.278435,6.840058,6.840066,-5.475178,-6.129253,-6.037134,-5.735075,-4.169797,-2.607927,1.0,107.86097,101.67506255,2.420324532039373,96.83441348592126,106.51571161407875,103.14097841808078,-1.918413141593902,0.06616282148062985
2015-09-17,-1.027786,1.585227,-1.315212,-0.537124,-0.53713,-3.801055,-5.051815,-5.144722,-5.214257,-3.806627,-2.283763,-1.0,107.281616,101.6876766,2.4501715493234832,96.78733350135303,106.58801969864697,103.53532485445403,-1.36947016838198,-0.005385780762392875
2015-09-18,-2.282866,1.574386,-2.352841,-0.418079,-0.418074,-2.211144,-4.08554,-4.512666,-4.720981,-3.564766,-2.093936,0.0,106.833099,101.7895286,2.6224669556182483,96.5445946887635,107.0344625112365,103.84939858260127,-0.9595592786189826,-0.004189508003033104
2015-09-21,0.697089,0.968676,-0.380226,-3.384941,-3.38493,1.950018,-0.312336,-1.132844,-1.314961,-0.434551,1.029628,-1.0,103.216873,101.85961105,2.641846906990736,96.57591723601853,107.14330486398147,103.78915805092495,-0.9159427435782419,-0.03443545649734507
2015-09-22,-0.018614,0.214009,-1.070067,-2.70686,-2.706868,4.680375,2.417419,1.528489,1.431097,1.989766,3.391335,-1.0,100.422928,101.860078,2.641578680456252,96.57692063908749,107.14323536091251,103.46856471274162,-1.0942109540896041,-0.02744179002530081
2015-09-23,0.695604,1.196439,-0.463736,0.325671,0.325672,2.928955,2.062697,1.307118,1.178354,1.32035,2.649788,0.0,100.749977,101.93716845,2.581937862681891,96.77329272463622,107.10104417536378,103.20965159724243,-1.1953207605689897,0.0032514248190994776
2015-09-24,0.074865,0.439829,-1.272694,-0.890372,-0.890363,2.365706,2.860744,2.129882,2.025539,1.943095,3.185781,-1.0,99.852936,101.87549665,2.6178110733191167,96.63987450336177,107.11111879663824,102.88996439750505,-1.3324747826190162,-0.008943509003233924
2015-09-25,-1.388005,0.136976,-1.5615,2.479881,2.479866,-0.991683,0.550639,-0.239851,-0.480316,-0.620212,0.401188,1.0,102.329155,101.8376518,2.604828295037506,96.62799520992499,107.04730839007502,102.83655397869505,-1.2272136000927247,0.02449616393091136
2015-09-28,3.357923,3.357923,-0.122971,-3.460872,-3.460864,1.66099,4.090992,3.325134,2.89018,2.8199,3.634758,-1.0,98.787682,101.6428238,2.68273152538334,96.27736074923332,107.00828685076668,102.45094712358123,-1.41326933913804,-0.03522170659885336
2015-09-29,1.550164,2.27229,-0.645098,-1.759364,-1.759367,2.786445,5.552667,4.913667,4.489699,4.522628,5.076708,-1.0,97.049644,101.40688094999999,2.8719335652009694,95.66301381959805,107.15074808040193,101.93653730228779,-1.6815807775451788,-0.017750279471719494
2015-09-30,0.103461,0.206923,-0.818287,2.368572,2.368565,0.126042,2.253582,2.377109,2.083812,2.109866,2.312525,1.0,99.348328,101.4185608,2.8625807838049644,95.69339923239006,107.14372236760993,101.69004117826039,-1.689262174843705,0.02340949806913864
2015-10-01,-0.534358,0.0,-1.246838,0.329193,0.329202,-0.238119,1.154965,1.94994,1.674324,1.718198,1.730885,0.0,99.675385,101.3442738,2.88877158051638,95.56673063896724,107.12181696103275,101.4981691612832,-1.6499394955209823,0.0032866163480890507
2015-10-02,-3.3715,0.118136,-3.680483,3.159279,3.159279,-3.197022,-2.33279,-1.02145,-1.339515,-1.407127,-1.448566,1.0,102.824409,101.4470608,2.9037471219887374,95.63956655602253,107.25455504397748,101.62447771735148,-1.349124205504367,0.03110401065724526
2015-10-05,-0.252844,0.117397,-0.75853,0.63613,0.636124,-2.902291,-2.924864,-1.385824,-1.744621,-1.999633,-2.017934,1.0,103.4785,101.67319185,2.8754976964899788,95.92219645702004,107.42418724297995,101.8010512680799,-1.0458898762263402,0.006341095187567576
2015-10-06,0.045624,1.094895,-0.364964,-1.029438,-1.029437,-0.844889,-1.7208,-0.265204,-0.646894,-0.955105,-0.933694,-1.0,102.413254,101.75074885000001,2.873387840804564,96.00397316839089,107.49752453160913,101.85935629016753,-0.8813710384589086,-0.01034772383471776
2015-10-07,0.729991,1.126532,-0.567769,1.240877,1.240875,-1.223862,-2.64239,-1.756184,-1.733953,-1.992785,-2.00402,1.0,103.684074,101.88624039999999,2.898624188964007,96.08899202207198,107.683488777928,102.0331389291992,-0.6410544443282049,0.01233238799010534
2015-10-08,-1.084112,0.189719,-1.102178,-0.243328,-0.243324,-0.256576,-2.058907,-1.76469,-1.378627,-1.665915,-1.689404,0.0,103.431786,102.00584719999999,2.911179013753713,96.18348917249257,107.82820522750741,102.16634341213262,-0.46559228716792234,-0.002436202855534066
2015-10-09,-0.411154,0.178767,-0.616728,1.07507,1.075075,-0.988563,-2.888813,-2.95555,-2.234093,-2.567395,-2.688597,1.0,104.543755,102.20815055,2.9412868708191913,96.32557680836162,108.09072429163838,102.39276356335807,-0.23411196133389467,0.010693368947123782
2015-10-12,0.457442,0.97767,-0.080721,-0.348587,-0.348595,-0.507666,-2.03157,-2.554485,-1.663823,-2.026007,-2.300351,0.0,104.179321,102.4459618,2.896187157340722,96.65358748531857,108.23833611468145,102.5629118906573,-0.07915644723219373,-0.0034920371749929363
2015-10-13,-0.685231,0.456818,-0.843362,2.098847,2.098852,-1.809721,-3.169645,-4.185193,-3.430998,-3.833089,-4.164694,1.0,106.365891,102.71647914999998,3.000447404690791,96.7155843406184,108.71737395938156,102.92510037726137,0.21757674982448805,0.02077129747461183
2015-10-14,-0.043319,0.571772,-0.450486,1.405603,1.4056,-2.396256,-3.722603,-5.073782,-4.769557,-4.910682,-5.222789,1.0,107.86097,102.71647915000001,3.000447404690791,96.71558434061843,108.71737395938159,103.39518319847458,0.5668460780048008,0.01395813080323127
2015-10-15,0.182196,0.581293,-0.789523,-0.147274,-0.147267,-1.459315,-2.835336,-4.447923,-4.609585,-4.522999,-4.880567,0.0,107.702126,102.73750465,3.0353909533914343,96.66672274321714,108.80828655678287,103.8053682271913,0.8213590379409084,-0.0014737590218160083
2015-10-16,-0.130322,0.477849,-0.408341,-0.13882,-0.138828,-0.76281,-2.26064,-3.991309,-4.443523,-4.127885,-4.538079,0.0,107.552605,102.77347995,3.090254464188458,96.59297102162307,108.95398887837692,104.16224791983974,0.9994759605353778,-0.0013892472732510192
2015-10-19,0.060277,0.292779,-0.258327,0.894873,0.894884,-0.843885,-2.6634,-4.245248,-5.046936,-4.643078,-5.091139,1.0,108.515076,103.03839009999999,3.346715282564193,96.3449595348716,109.73182066512837,104.5768029750931,1.2044145299693838,0.008909035923878384
2015-10-20,-0.198221,0.379214,-0.586056,-0.086109,-0.08612,-0.379208,-2.025334,-3.463469,-4.596222,-4.28544,-4.776922,0.0,108.421623,103.43832485,3.492466771438079,96.45339130712384,110.42325839287616,104.94297631079851,1.3437984743411135,-0.0008615693537482992
2015-10-21,1.489534,1.559631,-0.026285,-1.637509,-1.637508,1.051437,-0.116529,-1.400154,-2.73153,-2.737576,-3.014395,-1.0,106.64621,103.7331365,3.502436697920476,96.72826310415905,110.73800989584095,105.10518904310341,1.296060089169771,-0.01651063579967363
2015-10-22,-0.230235,0.179079,-0.869785,2.751249,2.751258,-1.311508,-2.2299,-3.437655,-4.892134,-5.257956,-5.351472,1.0,109.580322,104.21950580000001,3.6090289849314052,97.0014478301372,111.43756376986282,105.53139218185545,1.4779485214239116,0.027140907115090908
2015-10-23,0.244247,0.320052,-0.968585,1.244995,1.244984,-1.913584,-2.855216,-4.137117,-5.673376,-6.27474,-6.201465,1.0,110.94458,104.65027705,3.875826794778537,96.89862346044292,112.40193063955708,106.04693387882159,1.71244068320226,0.012372982753275306
2015-10-26,0.356232,0.703987,-0.296861,-0.699066,-0.699057,-0.922822,-1.627656,-3.057399,-4.492797,-5.362517,-5.216009,-1.0,110.169014,105.21934365,3.8046255394802757,97.61009257103944,112.82859472896055,106.43951293798143,1.8147761070091946,-0.007015119844576402
2015-10-27,0.511901,0.674005,-0.145037,-0.585244,-0.585246,-0.138214,-0.760175,-2.053865,-3.361064,-4.472999,-4.397238,-1.0,109.524254,105.84307415,3.3953203122701625,99.05243352545968,112.63371477454034,106.73329780103082,1.8228383780031123,-0.0058696550606238615
2015-10-28,0.0,0.707485,-1.061233,1.296821,1.296814,-0.641789,-1.752714,-2.871499,-4.075632,-5.328391,-5.528509,1.0,110.94458,106.42288675,3.2130964062202674,99.99669393755947,112.84907956244054,107.13437229617074,1.9216842441322228,0.012884774905200319
2015-10-29,-0.399186,0.1274,-1.044671,-0.833829,-0.833821,0.273483,-0.715986,-1.655627,-2.798966,-4.162734,-4.651211,-1.0,110.019501,106.94009255,2.885650516859949,101.16879151628011,112.7113935837199,107.40914645844019,1.903432575211923,-0.008373165453619626
2015-10-30,0.99723,1.114558,-0.14246,1.350437,1.350427,-0.962033,-1.6844,-2.549788,-3.704849,-5.110531,-5.782001,1.0,111.505234,107.37413380000001,2.88687071925702,101.60039236148597,113.14787523851405,107.79925003382684,1.9859613066822135,0.013413899604448448
2015-11-02,0.368018,0.51857,-0.451657,0.192739,0.192751,-0.874878,-1.586655,-2.287278,-3.521248,-4.830048,-5.70955,0.0,111.720161,107.78621685,2.8897474790592987,102.0067218918814,113.5657118081186,108.17267012584334,2.0451337053363403,0.0019256506762125255
2015-11-03,0.488175,0.513425,-0.597593,-0.6273,-0.627307,0.020203,-0.731417,-1.391013,-2.524616,-3.725947,-4.796171,-1.0,111.019333,108.21652079999998,2.6807623604024897,102.854996079195,113.57804552080496,108.44378087576303,2.012280972597125,-0.006292824861226684
2015-11-04,0.167698,0.176085,-0.737888,0.378759,0.378765,-0.268326,-0.675839,-1.549002,-2.544446,-3.655213,-4.835659,0.0,111.439835,108.60430885000001,2.5482949803297483,103.50771888934051,113.70089881065951,108.7291193637856,1.9971539942675918,0.0037804915356136983
2015-11-05,-0.712924,0.082903,-1.210312,1.148746,1.148745,-0.921826,-1.525324,-2.370333,-3.239243,-4.286496,-5.535936,1.0,112.719994,109.06871925,2.397945063857591,104.27282912228482,113.86460937771518,109.10920266247268,2.0646637292599195,0.011421965508101078
2015-11-06,-0.470744,0.016816,-1.429049,-1.384397,0.084131,-0.772945,-1.442323,-2.141436,-2.954004,-4.01273,-5.305524,0.0,112.814827,109.48227285,2.287151299458467,104.90797025108307,114.05657544891693,109.46211926604671,2.1015920660287293,0.0008409611000949624
2015-11-09,0.0,0.313296,-0.474172,-0.722933,-0.722925,-0.000545,-0.56122,-1.221447,-1.898218,-3.009445,-4.222764,-1.0,111.99926,109.8732698,1.980782859022373,105.91170408195525,113.83483551804476,109.7037517168994,2.0415152806934316,-0.007255511330867501
2015-11-10,-1.512463,0.498525,-1.596957,0.211685,0.211683,0.005086,-0.529629,-1.203514,-1.843922,-2.864238,-3.974047,0.0,112.236343,110.1667924,1.8652756608043906,106.43624107839122,113.89734372160879,109.94495088671852,1.9900940468188395,0.0021145891657784886
2015-11-11,-1.58678,1.011267,-1.923864,2.77144,2.771436,-2.014303,-2.830386,-3.364886,-4.166399,-5.079253,-6.101245,1.0,115.346901,110.54108894999999,2.1128748505246624,106.31533924895066,114.76683865104931,110.45942232607865,2.1752633017966474,0.027337264902857084
2015-11-12,0.313452,0.618659,-0.445435,-0.328861,-0.328857,-1.300013,-2.079394,-2.733654,-3.534226,-4.364712,-5.348057,0.0,114.967575,110.90436140000001,2.220897082930409,106.4625672341392,115.34615556586083,110.88877019978544,2.265289979607786,-0.0032939861147482778
2015-11-13,-0.158158,0.591026,-0.332968,-0.907371,-0.907371,-0.201448,-0.970407,-1.668632,-2.371259,-3.159636,-4.156572,-1.0,113.924393,111.22295079999999,2.171243022479108,106.88046475504177,115.56543684495821,111.1778771331392,2.2267916333959192,-0.009115123015255971
2015-11-16,-0.098049,0.106216,-0.931448,1.881297,1.881298,-1.343249,-2.424482,-3.145574,-3.848678,-4.538146,-5.564831,1.0,116.06765,111.60057950000001,2.3267108554821903,106.94715778903563,116.25400121096439,111.64356978712595,2.34222463698039,0.018638201703496043
2015-11-17,-0.152112,0.472337,-0.408296,2.058996,2.058992,-2.283246,-3.765105,-4.596814,-5.364881,-6.055743,-7.01854,1.0,118.457474,112.10237205000001,2.662936716700552,106.77649861659891,117.42824548340111,112.29251304549491,2.596612812016886,0.020380816195375375
2015-11-18,-0.301489,0.0,-1.142497,0.904649,0.904643,-2.45953,-3.951122,-4.973338,-5.674414,-6.507514,-7.410275,1.0,119.529091,112.74651610000001,2.8267651782774035,107.0929857434452,118.40004645655482,112.98171094592396,2.8518138743729082,0.009005754107650647
2015-11-19,0.472873,0.528976,-0.536987,-1.00762,-1.007614,-0.899252,-2.499797,-3.538158,-4.344794,-5.196783,-6.048283,-1.0,118.324699,113.18373494999999,2.983194675973591,107.2173455980528,119.15012430194717,113.49056695107406,2.9231815685336358,-0.010127249127602997
2015-11-20,0.405247,0.866114,-0.27016,0.865594,0.865591,-0.84068,-2.789031,-3.92782,-4.81358,-5.614994,-6.441044,1.0,119.348907,113.60395129999999,3.2326741001695636,107.13860309966087,120.06929950033911,114.04850409859081,3.0274870204426634,0.008618662856109127
2015-11-23,1.067276,1.185865,-0.150206,0.508542,0.508544,-0.694126,-2.617597,-3.956211,-4.887261,-5.711055,-6.476027,0.0,119.955849,114.09329304999999,3.4206198121847935,107.2520534256304,120.93453267436958,114.61110837491549,3.1231235651526674,0.005072555276967109
2015-11-24,-0.508091,0.187601,-0.805126,1.138432,1.138432,-1.339798,-2.964904,-4.471191,-5.471671,-6.347077,-7.117842,1.0,121.321465,114.6831536,3.6035348188318173,107.47608396233636,121.89022323766363,115.25018995825687,3.2713993586986447,0.011320008169237837
2015-11-25,0.108409,0.286508,-0.642714,0.945829,0.945827,-1.78411,-3.292549,-4.765886,-5.886866,-6.70778,-7.590518,1.0,122.468956,115.2593724,3.8846867038878385,107.48999899222433,123.02874580777568,115.93769148604193,3.4418266914346844,0.009413819209966081
2015-11-27,0.681435,0.727895,-0.061949,0.0,0.0,-1.107325,-2.680036,-4.235195,-5.378596,-6.28682,-7.188598,0.0,122.468956,115.88184515,3.996692197218915,107.88846075556218,123.87522954443783,116.55971667784746,3.536129283277063,0.0
2015-11-30,0.980845,1.105401,-0.16348,-0.526554,-0.526555,-0.17749,-1.516429,-3.235251,-4.45421,-5.433536,-6.306813,-1.0,121.824089,116.3977879,4.067386463694836,108.26301497261032,124.53256082738967,117.06108547043341,3.5182729289281838,-0.0052794666982983905
2015-12-01,-0.015541,0.513143,-0.645307,0.124543,0.124551,0.029543,-1.154566,-2.810347,-4.152668,-5.163987,-6.055511,0.0,121.975822,116.91057095,4.09302591794055,108.72451911411889,125.0966227858811,117.52915561610642,3.476292686302372,0.0012447340031292043
2015-12-02,0.547991,0.908091,-0.367936,-0.684184,-0.684186,0.688898,-0.252077,-1.650751,-3.074602,-4.127077,-5.058333,-1.0,121.141281,117.41666835000001,3.9495095865559375,109.51764917688813,125.31568752311189,117.87316755742962,3.33721324052658,-0.00686536872632808
2015-12-03,1.395346,1.56878,-0.236496,-0.696728,-0.696728,1.034292,0.511626,-0.686376,-2.026411,-3.143432,-4.013948,-1.0,120.297256,117.85953939999999,3.7348039227666443,110.3899315544667,125.32914724553328,118.10403312338872,3.122887313032436,-0.006991662960814412
2015-12-04,-0.907174,0.649092,-1.102686,0.804103,0.804099,0.029718,-0.047706,-1.132401,-2.45562,-3.545115,-4.458436,1.0,121.264565,118.28676795000001,3.6023036067439156,111.08216073651218,125.49137516348785,118.40503615925645,2.9965439303742585,0.008008833236728337
2015-12-07,0.83786,0.853379,-0.558573,0.805499,0.805504,-0.701317,-0.609774,-1.468839,-2.849495,-3.964546,-4.913832,1.0,122.241356,118.7580944,3.4626495078006623,111.83279538439868,125.68339341560133,118.77039995361298,2.9413289504526148,0.008022771973963757
2015-12-08,-0.233127,0.132121,-1.010255,-0.170676,-0.17068,-0.522221,-0.269656,-0.974506,-2.272299,-3.462327,-4.427204,0.0,122.032715,119.25976714999999,3.1440560237495796,112.97165510250083,125.54787919749914,119.08109662469745,2.847906206064394,-0.001708253764983553
2015-12-09,1.206724,1.798254,-0.220837,-1.468754,-1.468753,0.810787,1.127059,0.600465,-0.48269,-1.716538,-2.705477,-1.0,120.240356,119.65996779999998,2.6778480541951644,114.30427169160964,125.01566390839031,119.19150227948816,2.5992767715031135,-0.01479645833812543
2015-12-10,0.989472,1.060711,-0.110821,-0.362804,-0.362801,1.095538,1.272852,0.982078,0.065695,-1.079401,-2.104706,0.0,119.804123,119.8828289,2.47802370245176,114.92678149509649,124.83887630490352,119.24984711001309,2.3400610290804025,-0.003634605403548431
2015-12-11,1.223491,1.525288,-0.603586,-2.952588,-2.952595,3.311587,3.820561,3.936384,3.165992,2.052208,1.052794,-1.0,116.266792,119.94778975,2.3564361097616553,115.2349175304767,124.6606619695233,118.96574662334518,1.8281241593294908,-0.029970619434178798
2015-12-14,0.545601,0.57003,-0.936483,0.163136,0.163138,2.149836,3.190554,3.60152,3.106677,2.011075,1.029927,0.0,116.456467,120.07439345,2.06589457936658,115.94260429126685,124.20618260873316,118.72676761159802,1.4213314646889899,0.0016300480047686955
2015-12-15,0.171456,1.061394,-0.155129,-0.260586,-0.260577,1.404304,2.958842,3.653921,3.379726,2.420631,1.421088,0.0,116.153008,120.07866134999999,2.0572515431237224,115.96415826375255,124.19316443624743,118.48164764858869,1.062214174418628,-0.0026091729251950116
2015-12-16,-0.383666,0.191829,-1.446725,2.147288,2.147282,-0.995924,0.584285,1.324699,1.214529,0.483732,-0.496629,1.0,118.647141,120.0881447,2.0498086911007793,115.98852731779844,124.18776208220156,118.49740892015167,0.9677116458658475,0.021245530083188267
2015-12-17,1.602693,1.666802,-0.072124,-0.255775,-0.255773,-0.988864,0.677134,1.352135,1.423988,0.842692,-0.047017,0.0,118.343674,120.02887385,2.08368315151969,115.86150754696061,124.19624015303938,118.48276749918485,0.8584349565909974,-0.0025610036056747942
2015-12-18,0.604839,0.669356,-0.83871,-0.633064,-0.633071,-0.132253,1.006455,1.721509,2.039116,1.574519,0.72796,-1.0,117.594475,119.99236264999999,2.1211764180038006,115.75000981399239,124.23471548600759,118.39816821354819,0.7032714199045245,-0.00635082983651826
2015-12-21,1.599227,1.809228,-0.61384,-0.153227,-0.153225,0.184157,0.750346,1.627227,2.113321,1.849287,1.013113,0.0,117.414291,119.89563185,2.194894552499608,115.50584274500079,124.28542095499921,118.3044656217817,0.559316404894858,-0.0015334239515719212
2015-12-22,0.008034,0.200803,-0.939757,0.557307,0.557307,-0.046586,-0.143773,0.843375,1.467471,1.352611,0.624632,1.0,118.068649,119.80127185,2.2324148344962103,115.33644218100758,124.26610151899243,118.28200689589772,0.49235665917623805,0.005557597372072942
2015-12-23,-1.311085,0.023837,-1.342864,1.084336,1.084334,-1.001189,-1.289626,-0.338494,0.296389,0.295276,-0.256121,1.0,119.348907,119.70264395000001,2.2051249083052427,115.29239413338952,124.1128937666105,118.38361642962175,0.5364132611439629,0.010784968315214522
2015-12-24,-0.119286,0.246519,-0.286283,-0.079458,-0.079459,-0.769781,-1.257254,-0.317558,0.241355,0.365808,-0.067591,0.0,119.254074,119.54189985000001,2.1078911972783354,115.32611745544334,123.75768224455668,118.46651715061016,0.5572525446099235,-0.0007949020971661828
2015-12-28,0.055633,0.286078,-0.445007,0.071567,0.07157,-0.548314,-1.070403,-0.496394,0.038545,0.328039,-0.016949,0.0,119.339424,119.38542324999999,1.9921496050528795,115.40112403989423,123.36972246010575,118.54965113626633,0.5740377092102023,0.0007154428293815085
2015-12-29,-0.745739,0.313998,-0.784991,1.231725,1.231725,-1.196327,-1.913806,-1.786115,-1.220659,-0.844334,-1.043513,1.0,120.809357,119.33468665000001,1.9389844542400756,115.45671774151985,123.21265555848017,118.76486121852669,0.6979063514558987,0.012242005573937925
2015-12-30,0.420207,0.602555,0.0,-0.98909,-0.989092,0.049158,-0.644569,-0.939766,-0.332588,0.134787,0.043875,-1.0,119.614441,119.21661760000002,1.8390130950261354,115.53859140994776,122.89464379005229,118.845773578667,0.691680149779927,-0.009940162735522243
2015-12-31,-0.167999,0.679998,-0.456,-0.895899,-0.895893,0.817595,0.244796,-0.139736,0.458797,0.946237,0.950663,-1.0,118.542824,119.08669474999999,1.7869333298748176,115.51282809025035,122.66056140974963,118.81692123784158,0.5934345598653721,-0.008999299116727923
