date,c_open,c_high,c_low,n_close,n_adj_close,adj_sum_5,adj_sum_10,adj_sum_15,adj_sum_20,adj_sum_25,adj_sum_30,label,closing_price_for_label,melody_ma20,melody_std20,melody_lb20,melody_ub20,melody_ema20,melody_macd_12_26,melody_str_log_return
2013-06-03,0.19246,0.519632,-2.598149,-0.057709,-0.057712,0.573524,-0.577364,-1.333076,-2.69053,-4.228666,-5.261812,0.0,50.754322,,,,,,,
2013-06-04,1.288306,2.713252,-0.448956,-1.404925,-1.404921,1.788012,0.767128,0.373474,-0.937933,-2.518855,-3.515607,-1.0,50.041264,,,,,,,-0.014148831785494542
2013-06-05,2.158709,2.898263,-0.539678,-2.342379,-2.342375,3.329999,2.858283,2.772997,1.630014,0.089539,-0.962841,-1.0,48.86911,,,,,,,-0.023702445537370373
2013-06-06,-1.908324,0.059018,-2.360812,1.599047,1.599033,0.743659,1.205985,1.088598,0.181979,-1.094629,-2.277584,1.0,49.650543,,,,,,,0.01586382745278612
2013-06-07,-0.639531,0.406983,-1.453488,1.514846,1.514829,-0.910832,-0.096873,-0.291966,-1.022264,-2.178272,-3.445107,1.0,50.402664,,,,,,,0.01503470383602142
2013-06-10,0.134797,0.365875,-1.386484,0.639539,0.639563,-1.552095,-0.460238,-0.863987,-1.345085,-2.417875,-3.736469,1.0,50.725021,,,,,,,0.006375268885545008
2013-06-11,1.501501,1.801796,-0.260262,-3.812823,-3.81283,1.837836,3.117118,2.845516,2.668669,1.648048,0.288945,-1.0,48.790962,,,,,,,-0.03887420892031561
2013-06-12,1.800168,2.042884,-0.566341,-1.021025,-1.021027,2.649678,3.606399,3.607076,3.662022,2.804214,1.511603,-1.0,48.292793,,,,,,,-0.010262754513915083
2013-06-13,-2.008355,0.0,-2.96282,1.71926,1.719257,0.69994,1.262681,1.761789,1.805534,1.146157,0.089487,1.0,49.12307,,,,,,,0.01704644561123853
2013-06-14,2.031694,2.295809,-0.060955,-2.12766,-2.12764,1.92197,2.901245,3.796547,3.877475,3.395353,2.446823,-1.0,48.077908,,,,,,,-0.021506003420822057
2013-06-17,0.911669,2.086706,-0.628043,0.284437,0.284432,0.591565,2.082649,3.345482,3.371143,3.151531,2.317657,0.0,48.214657,,,,,,,0.0028402835033400366
2013-06-18,-0.9798,0.479908,-1.039784,1.31685,1.31684,-0.691855,0.511903,1.764987,1.868635,1.898027,1.156441,1.0,48.849567,,,,,,,0.013082452612159274
2013-06-19,0.928736,1.554613,-0.242275,-0.959806,-0.959796,0.306882,1.385012,2.381043,2.64082,2.840293,2.232311,-1.0,48.380711,,,,,,,-0.009644313351190916
2013-06-20,2.087683,2.317319,-0.751568,-3.290929,-3.290929,2.722333,4.22337,5.117595,5.810011,6.052598,5.614462,-1.0,46.788536,,,,,,,-0.03346298557761725
2013-06-21,2.901645,3.136337,-2.901645,-2.150319,-2.150337,3.976972,5.504601,6.699394,7.744841,8.064021,7.812402,-1.0,45.782425,,,,,,,-0.0217379318006152
2013-06-24,0.726235,1.298416,-0.836263,-3.050992,-3.050972,5.52376,7.39656,9.100637,10.576577,10.935731,10.962432,-1.0,44.385616,,,,,,,-0.030984830864543674
2013-06-25,-1.787234,0.723404,-1.872343,3.433101,3.433094,0.740425,3.204253,4.879429,6.396805,6.862126,7.143259,1.0,45.909416,,,,,,,0.033754784653482944
2013-06-26,0.399072,0.441082,-1.176228,1.297874,1.297878,-1.356863,1.497579,3.196798,4.543155,5.152692,5.596855,1.0,46.505264,,,,,,,0.012895272847225797
2013-06-27,-0.289975,0.849213,-0.973484,1.407263,1.40726,-2.568351,-0.327255,1.412592,2.5756,3.468103,3.920187,1.0,47.159714,,,,,,,0.013974500702110766
2013-06-28,0.312691,0.875543,-0.625397,-0.642084,-0.64208,-1.480095,0.056279,1.56347,2.819462,3.923278,4.408302,-1.0,46.856911,48.1780237,1.7585195726817944,44.66098455463641,51.69506284536359,47.86767022777132,,-0.00644150004351695
2013-07-01,0.518135,1.968914,-3.212433,0.583696,0.583705,-0.887055,-0.754416,0.465617,1.838328,3.132007,3.581332,1.0,47.130417,47.996828449999995,1.6632081104939622,44.67041222901207,51.32324467098792,47.79745563465025,,0.005820077618241203
2013-07-02,0.249217,2.097607,-0.789205,-0.20725,-0.207261,-0.203531,-0.934582,0.425056,1.730004,3.043814,3.557626,0.0,47.032734,47.84640195,1.6035513532849364,44.63929924343013,51.05350465656987,47.724625002778794,,-0.0020747613902768404
2013-07-03,-0.419545,0.20978,-1.090824,-0.996893,-0.996897,0.826526,-0.327241,1.188736,2.506823,3.694573,4.321383,-1.0,46.563866,47.73113975,1.6090111563243443,44.51311743735131,50.94916206264868,47.614076526323664,,-0.010018994751609632
2013-07-05,-0.576961,0.103035,-1.56604,1.804072,1.804064,-0.857188,-1.963722,-0.846199,0.453338,1.46632,2.303054,1.0,47.403908,47.618808,1.5451115521521093,44.528584895695786,50.709031104304216,47.5940604761976,,0.017879839937615476
2013-07-08,-1.211636,0.504847,-1.45396,2.039977,2.039986,-2.213246,-3.388527,-2.788097,-1.764942,-0.761712,0.189823,1.0,48.370941,47.51722185,1.413645518114157,44.68993081377168,50.344512886228316,47.66804909751211,,0.020194568292987887
2013-07-09,-0.418241,0.079667,-1.613219,1.393374,1.393376,-2.77634,-3.766179,-4.011151,-3.286196,-2.264887,-1.207593,1.0,49.04493,47.4332173,1.2538836696487035,44.92544996070259,49.94098463929741,47.79918061203477,-0.4671284058738081,0.013837575901767022
2013-07-10,0.564173,1.229097,-0.221642,-1.155144,-1.155145,-1.043729,-2.111626,-2.940426,-2.188194,-1.251665,-0.198135,-1.0,48.47839,47.417588699999996,1.2379161421073779,44.94175641578524,49.89342098421475,47.86386722041241,-0.360697723644094,-0.011618685115929579
2013-07-11,1.159069,1.199037,-0.979221,0.826113,0.826121,-0.907284,-2.428065,-3.66774,-2.929664,-2.059962,-1.165077,1.0,48.87888,47.44689304999999,1.2663354906153637,44.91422206876926,49.97956403123072,47.96053510418266,-0.24125342590122045,0.008227269705219618
2013-07-12,-1.298955,0.059042,-1.731944,1.538769,1.538775,-1.511524,-3.408789,-4.745797,-4.34955,-3.545773,-2.824262,1.0,49.631016,47.472290349999994,1.306188294581013,44.85991376083797,50.08466693916202,48.11962852283193,-0.08492293136306017,0.015270559534958664
2013-07-15,0.44393,0.675543,-1.544109,1.968116,1.968106,-2.528468,-4.531945,-5.94866,-5.945766,-5.391241,-4.71145,1.0,50.607807,47.598785299999996,1.4789950683885313,44.64079516322293,50.55677543677706,48.35659790160984,0.11644665759262551,0.01948989205088696
2013-07-16,0.327991,1.157627,-0.617411,0.038605,0.038609,-1.940963,-3.878071,-5.16304,-5.743786,-5.435471,-4.756586,0.0,50.627346,47.71941975,1.6232347559607783,44.47295023807845,50.965889261921554,48.57285962526605,0.27444649329758875,0.0003860121640279413
2013-07-17,0.386177,1.158521,-0.019313,-0.077177,-0.077172,-1.031091,-3.100995,-4.473202,-5.499141,-5.220324,-4.646985,0.0,50.588276,47.8063552,1.729996627824054,44.34636194435189,51.26634845564811,48.764804041907375,0.3919912478436771,-0.0007720152515686534
2013-07-18,-1.005882,0.018983,-1.214652,1.737783,1.737786,-1.715697,-3.803386,-5.462145,-6.813446,-6.592532,-6.107432,1.0,51.467392,47.96068925,1.9120367233802902,44.13661580323942,51.78476269676058,49.02219337124953,0.5497464914584924,0.01722859224532931
2013-07-19,0.534867,0.573074,-0.382036,-0.645286,-0.6453,-0.489005,-2.448893,-4.329824,-5.783184,-5.828456,-5.400824,-1.0,51.135273,48.1780261,2.0160035611975378,44.146018977604925,52.21003322239507,49.22343905017814,0.6405851639036158,-0.006473909034746006
2013-07-22,-1.169809,0.0,-1.584906,1.241647,1.24166,-1.260381,-2.988685,-4.870448,-6.360385,-6.698122,-6.472966,1.0,51.770199,48.4774148,2.0849494056196547,44.30751598876069,52.647313611239305,49.46598761682784,0.7551043156608586,0.012340141778715648
2013-07-23,0.548406,0.794247,-0.416038,-0.226413,-0.226435,-0.63917,-2.263602,-4.070842,-5.444392,-6.220112,-6.200824,0.0,51.652973,48.84078265,1.9640706256665081,44.912641398666985,52.76892390133302,49.67427193903471,0.8268707585970461,-0.0022669204189816133
2013-07-24,1.513702,1.877752,-0.153282,-1.304845,-1.304831,0.827745,-0.480931,-2.286517,-3.697068,-4.813183,-4.817654,-1.0,50.978989,49.0942613,1.8916420389626702,45.31097722207466,52.87754537792534,49.79853070674569,0.81990989470264,-0.013134186967561912
2013-07-25,-1.291303,0.075961,-2.392704,0.900558,0.900542,-0.083545,-0.871614,-2.526889,-4.077085,-5.424978,-5.463338,1.0,51.438076,49.3409019,1.8575848933637016,45.6257321132726,53.0560716867274,49.954677877531815,0.8417348486918925,0.008965108985552299
2013-07-26,0.40222,0.478835,-0.746981,-0.85454,-0.854542,0.72401,0.250926,-1.216864,-2.873954,-4.279625,-4.525937,-1.0,50.998516,49.532842,1.8182567547062014,45.8963284905876,53.169355509412405,50.05409103205259,0.8141771363052115,-0.008582142168730014
2013-07-29,0.503491,0.600314,-0.658404,-1.091745,-1.09173,1.309056,1.324556,0.147175,-1.446552,-2.8536,-3.315904,-1.0,50.44175,49.71208395,1.714305880671099,46.283472188657804,53.1406957113422,50.091010933761865,0.7388935823121727,-0.010977329080125355
2013-07-30,0.077252,0.424876,-0.560056,0.271108,0.271111,0.610267,1.04094,0.078537,-1.372154,-2.626498,-3.421529,0.0,50.578503,49.884488250000004,1.6112966546081597,46.66189494078368,53.107081559216326,50.13743874959407,0.6823993724052357,0.002707438943671032
2013-07-31,-0.824703,1.572689,-0.824703,0.695249,0.69524,-0.103567,0.410438,-0.291515,-1.670496,-2.904481,-3.952173,1.0,50.930145,50.0793588,1.4784534306454535,47.12245193870909,53.03626566129091,50.212934582966064,0.6584121096872053,0.006928343812124522
2013-08-01,-0.037838,0.643208,-0.227013,1.380901,1.400357,-1.403659,-0.942177,-1.31164,-2.53666,-3.847421,-5.068024,1.0,51.643349,50.33333295,1.2634119369606518,47.8065090760787,52.8601568239213,50.34916452744549,0.6890091647122532,0.013906428765429687
2013-08-02,-0.301887,0.094338,-0.943396,0.264849,0.264847,-1.362203,-1.079299,-1.295627,-2.37153,-3.74448,-4.997452,0.0,51.780125,50.552143799999996,1.0974155683467097,48.35731266330658,52.74697493669341,50.485446477212584,0.7160401660599476,0.002644971677106363
2013-08-05,0.113488,0.453947,-0.22697,-0.245285,-0.245289,-0.650623,-0.858728,-0.918006,-1.813756,-3.136379,-4.384994,0.0,51.653114,50.71625245,0.9946687999373844,48.72691485012523,52.705590049874765,50.596652907954244,0.7189263675026183,-0.0024559042154433048
2013-08-06,2.156177,2.350425,-0.155396,-2.629088,-2.629086,1.919191,1.54818,1.713242,0.961629,-0.2693,-1.411664,-1.0,50.295109,50.7787614,0.9206362247126629,48.937488950574675,52.620033849425326,50.56793444053003,0.6046638601713425,-0.026642648367123038
2013-08-07,-0.95146,0.271843,-1.359225,0.03885,0.038855,1.634948,1.376702,1.637482,1.104894,-0.047124,-1.15811,0.0,50.314651,50.87057445000001,0.7559917595364959,49.358590930927015,52.382557969073,50.5438122080986,0.5098101024597028,0.0003884712625447284
2013-08-08,0.598689,0.656624,-1.371184,0.543687,0.543691,0.668208,0.660509,0.972015,0.727114,-0.269415,-1.423566,0.0,50.588207,50.956040800000004,0.5993743195711814,49.75729216085764,52.15478943914237,50.548040283517786,0.45150680963764955,0.0054221788289169365
2013-08-09,0.779425,1.325019,-0.155881,-0.888372,-0.888375,0.91582,1.391299,1.744569,1.680606,0.842693,-0.341933,-1.0,50.138794,50.9814297,0.5489248635621574,49.88357997287569,52.07927942712431,50.509064446992284,0.36483160518005775,-0.008923446100550481
2013-08-12,0.19646,0.432214,-0.491159,-0.81839,-0.818406,0.974469,2.084501,2.310405,2.431218,1.784,0.672886,-1.0,49.728455,50.9374621,0.612017384117887,49.71342733176422,52.16149686823577,50.434720690135876,0.2600324608878708,-0.008217735310206722
2013-08-13,-1.410081,0.73402,-1.989565,1.70923,1.709249,-0.610396,0.368933,0.449421,0.705001,0.194773,-0.791707,1.0,50.578438,50.9350167,0.6134178193173894,49.70818106136522,52.16185233863478,50.44840805298008,0.2427664479992515,0.01694805451541806
2013-08-14,0.697812,1.647604,-0.01938,-0.347692,-0.347715,-0.228711,0.614477,0.723676,1.037968,0.697086,-0.222679,0.0,50.402569,50.92573135,0.6203095189106582,49.68511231217868,52.16635038782132,50.44404242888673,0.21244293991843932,-0.0034832129930106493
2013-08-15,0.314587,0.471878,-1.042074,-1.415001,-1.414999,0.841534,1.665367,1.934753,2.309261,2.207645,1.419103,-1.0,49.689373,50.8368304,0.6644353446590056,49.50795971068199,52.165701089318006,50.37216914994514,0.12937107529764802,-0.014251058698931776
2013-08-16,0.675275,1.449859,-0.258187,-1.002759,-1.002744,1.477653,2.16882,2.722302,3.147939,3.207136,2.567484,-1.0,49.191116,50.73962255,0.7545766605486615,49.23046922890268,52.24877587109732,50.25968789756941,0.023064969679673197,-0.010078049213566209
2013-08-19,1.479828,1.621729,-0.060821,-2.025811,-2.025815,2.939382,3.563752,4.535449,4.909777,5.140863,4.676078,-1.0,48.194595,50.56084235,0.9059500105000039,48.748942328999995,52.37274237100001,50.06301238351518,-0.13998069107150002,-0.020466160248729208
2013-08-20,-1.302079,0.661062,-2.303682,1.196019,1.196018,0.98157,2.027249,3.052891,3.374409,3.745973,3.420208,1.0,48.771011,50.41674425,0.9511661724672881,48.51441190506542,52.31907659493458,49.93996463270421,-0.22014589318627031,0.011889221624760974
2013-08-21,1.301869,1.586654,-0.264445,-1.522432,-1.522429,1.554105,3.128558,4.243287,4.665382,5.136662,4.987826,-1.0,48.028507,50.26922015,1.0795202508289,48.1101796483422,52.4282606516578,49.757921048637144,-0.3396756909321894,-0.015341369009151885
2013-08-22,-0.500902,0.721298,-1.262274,1.525631,1.525625,-0.352632,1.204169,2.28278,2.818092,3.334782,3.402132,1.0,48.761242,50.13537845,1.0928335346983498,47.9497113806033,52.3210455193967,49.66299923448123,-0.37100164995327134,0.015141045531898443
2013-08-23,0.561908,1.003412,-0.280961,-0.160285,-0.160297,-0.401355,1.067639,2.02289,2.745364,3.299209,3.503244,0.0,48.683079,50.019606599999996,1.118916825700226,47.781772948599546,52.257440251400446,49.56967349786397,-0.39755206628085915,-0.0016042600730665443
2013-08-26,0.403228,1.49194,0.0,-0.461577,-0.461567,0.169359,1.2742,2.056461,3.017154,3.50484,3.835342,0.0,48.458374,49.9204378,1.1664177178356305,47.58760236432874,52.253273235671266,49.46383545044835,-0.4317483518220655,-0.00462635453441028
2013-08-27,1.243777,2.280261,-0.165842,-2.741928,-2.74192,2.29684,3.397585,4.485897,5.555549,6.038969,6.515311,-1.0,47.129684,49.74799685,1.3100947112641192,47.12780742747176,52.36818627252824,49.24153531231041,-0.5596124689632234,-0.027802125325048176
2013-08-28,-0.538195,1.283376,-1.386881,0.145106,0.145104,1.796724,2.568822,3.894291,5.007243,5.564895,6.121546,0.0,47.198071,49.56139315,1.3958367358918318,46.76971967821634,52.35306662178366,49.04691966351894,-0.6479581850258,0.0014499870580351266
2013-08-29,-0.144417,0.887149,-0.412628,0.331194,0.331196,0.86651,1.737152,3.096068,4.207754,4.871476,5.481717,0.0,47.354389,49.346945149999996,1.3885890592655195,46.569767031468956,52.12412326853104,48.88572626699333,-0.6973209633081439,0.0033064849379201996
2013-08-30,0.786255,0.786255,-1.096634,-0.288836,-0.288835,0.537963,1.613897,2.982266,4.026477,4.854963,5.5107,0.0,47.217613,49.11881955,1.3418031342346464,46.43521328153071,51.80242581846929,48.72685833680349,-0.73895973303582,-0.0028925282847211994
2013-09-03,0.0,0.951997,-2.045773,2.151866,2.151867,-1.673078,-0.518535,0.606304,1.480655,2.46304,3.043676,1.0,48.233673,48.9478475,1.2136175715136803,46.52061235697264,51.37508264302736,48.679888304726965,-0.6821082878590872,0.02129040733522304
2013-09-04,-0.584671,0.705651,-0.96774,0.465868,0.465859,-1.580635,-1.044347,-0.151875,0.820574,1.812913,2.346115,0.0,48.458374,48.85601075,1.1751881276642528,46.5056344946715,51.20638700532851,48.65879170427678,-0.6118683773888947,0.004647774278591062
2013-09-05,-0.020062,0.681909,-0.481352,0.5242,0.524205,-1.472123,-1.419979,-0.903867,0.130363,1.099879,1.657309,0.0,48.712395,48.775897949999994,1.1240178979402051,46.52786215411958,51.023933745880406,48.66389678005994,-0.5296004660246254,0.005228353778961458
2013-09-06,1.950425,1.950425,-0.670463,-1.283594,-1.283581,0.113763,-0.278356,0.162521,1.172272,2.118637,2.746847,-1.0,48.087132,48.650844199999995,1.0483589706698417,46.55412625866031,50.74756214133968,48.608966801006616,-0.5089887466819718,-0.012918899825541686
2013-09-09,-1.19784,0.05989,-1.457375,1.767572,1.767564,-0.922342,-1.958478,-1.61177,-0.707732,0.112593,0.821861,1.0,48.937103,48.59075965,0.9914853431137394,46.60778896377252,50.573730336227484,48.64021786757741,-0.41923556774761295,0.017521245997137083
2013-09-10,-0.685062,0.861223,-1.07653,1.996406,1.996403,-2.188295,-3.585828,-3.30789,-2.632611,-1.9863,-1.186791,1.0,49.914085,48.60004115,1.0034922409233518,46.5930566681533,50.6070256318467,48.76153854685575,-0.26620262621502633,0.019767366127527636
2013-09-11,0.61108,0.768774,-0.926477,-0.704639,-0.704641,-1.048685,-2.4108,-2.515276,-2.044156,-1.349891,-0.553912,-1.0,49.56237,48.54923775,0.9203357477943416,46.70856625441132,50.38990924558868,48.83780820905997,-0.17132841132522003,-0.007071351016586489
2013-09-12,0.795866,0.994827,-0.576994,-0.926477,-0.926467,0.035813,-1.11023,-1.457759,-1.260452,-0.52607,0.252017,-1.0,49.103191,48.48426884999999,0.8233739384006331,46.83752097319873,50.131016726801256,48.86308276057807,-0.13167396477251714,-0.009307853935378235
2013-09-13,-0.39612,0.257471,-0.534761,0.457628,0.457634,0.083171,-1.160641,-1.830083,-1.746899,-1.081421,-0.361146,0.0,49.327904,48.466195400000004,0.7991396514667065,46.86791609706659,50.06447470293342,48.907351450046825,-0.0811792848264119,0.004565902480130577
2013-09-16,0.372547,0.882355,-0.5098,1.010097,1.010075,-0.560775,-1.625482,-2.658816,-2.66568,-2.095681,-1.488229,1.0,49.826153,48.49794725,0.8409790868638645,46.815989076272274,50.17990542372773,48.99485635956618,-0.0009464468649227342,0.010050081839027303
2013-09-17,-0.097654,0.156246,-0.644535,0.392159,0.392164,-0.906247,-1.652342,-2.830727,-2.863281,-2.454688,-1.981771,0.0,50.021553,48.58929515,0.9032145453431726,46.782866059313655,50.39572424068634,49.09263699198845,0.07751228882416683,0.003913965723887485
2013-09-18,-2.279255,0.861906,-2.355869,1.972652,1.97266,-2.256272,-3.05497,-4.203538,-4.523083,-4.307991,-3.831326,1.0,51.008308,48.70116,1.0530272503217486,46.59510549935651,50.8072145006435,49.275081849894306,0.2168149758874165,0.0195345488695521
2013-09-19,1.53994,1.790183,-0.096244,-0.497985,-0.497989,-1.116457,-2.167468,-3.256978,-3.776711,-3.80135,-3.321145,0.0,50.754292,48.83744925,1.1346192304999863,46.56821078900003,51.10668771099997,49.41595900704723,0.303221047223154,-0.004992335643519943
2013-09-20,1.60125,1.73794,-0.175747,-1.42445,-1.424451,0.593635,-0.365159,-1.502307,-2.259322,-2.383908,-1.961204,-1.0,50.031322,48.90095325,1.1652586025181217,46.570436044963756,51.231470455036245,49.47456500637607,0.3097897806375016,-0.014346936477991684
2013-09-23,0.766595,1.210405,-0.564856,-3.202498,-3.202484,3.344754,2.826295,1.923194,0.948141,0.782718,1.164668,-1.0,48.429077,48.888253150000004,1.1691359103337824,46.54998132933244,51.22652497066757,49.37499472005454,0.18359144037083297,-0.03254885149784584
2013-09-24,0.959969,1.062094,-0.061272,-1.230585,-1.230604,3.71733,3.672395,3.137264,2.140532,2.008177,2.293035,-1.0,47.833107,48.856989799999994,1.189420162427645,46.478149475144704,51.23583012485528,49.22814827052554,0.035084120328619406,-0.01238238298561457
2013-09-25,-0.446604,0.568419,-1.197726,0.612743,0.612751,1.887944,2.742594,2.463124,1.622008,1.333334,1.500203,1.0,48.126205,48.90681585,1.1327770841474885,46.641261681705025,51.17237001829498,49.12320129238025,-0.0582865505913972,0.006108816442463329
2013-09-26,0.69487,1.144496,-0.878806,-0.669911,-0.669912,1.34069,3.163703,3.027454,2.370733,1.997954,2.003539,-1.0,47.803802,48.9371024,1.0920521390506348,46.75299812189873,51.121206678101274,48.997544216915465,-0.1564947337841005,-0.006721655172271538
2013-09-27,-0.265905,0.634081,-0.409082,-0.081751,-0.081761,0.474544,2.920852,3.066759,2.497454,1.997964,1.952692,0.0,47.764717,48.9576188,1.064253308289819,46.829112183420364,51.086125416579634,48.88013210101875,-0.23477294302300322,-0.00081794721919066
2013-09-30,-0.494739,0.721507,-1.401765,-0.777257,-0.777239,0.824564,3.213764,3.656972,3.318897,2.688099,2.624881,-1.0,47.393471,48.966411699999995,1.0497483115468471,46.8669150769063,51.06590832309369,48.73854532949316,-0.32304161472843873,-0.007802752266443804
2013-10-01,0.514403,1.028807,-0.37037,0.185529,0.185513,0.489719,2.487664,3.123467,3.048364,2.415648,2.384782,0.0,47.481392,48.92879765,1.0900878768554212,46.74862189628916,51.10897340371084,48.618816440969994,-0.3815029545007462,0.0018534103215166499
2013-10-02,-0.595362,0.698009,-1.12913,0.22634,0.226343,0.036954,1.537674,2.614115,2.724291,2.222956,2.070762,0.0,47.588863,48.885322099999996,1.1265659041836016,46.632190291632796,51.1384539083672,48.52072563706809,-0.41438520127961453,0.0022608763546225746
2013-10-03,0.847105,1.198343,-0.764469,-0.636413,-0.636409,0.458669,1.454538,3.015145,3.231399,2.885118,2.672169,-1.0,47.286003,48.8140025,1.1818819089583696,46.45023868208326,51.17776631791674,48.40313300496637,-0.4595850789407834,-0.006384431230459987
2013-10-04,-1.404147,0.10175,-1.546598,1.528919,1.528913,-0.952377,-0.494501,1.280699,1.668707,1.390319,1.073808,1.0,48.008965,48.810094150000005,1.1845383563668226,46.44101743726636,51.17917086273365,48.36559319496957,-0.43208846937114487,0.015173432258432757
2013-10-07,0.91324,1.017015,-0.041511,-1.9536,-1.953604,0.884188,1.199672,2.908544,3.496271,3.398098,2.973579,-1.0,47.07106,48.716792,1.2459089672620454,46.224974065475905,51.20860993452409,48.24230431925818,-0.4804400890032383,-0.019729389490653445
2013-10-08,1.153772,1.636256,-0.104886,-1.058535,-1.058512,1.573306,2.011735,3.515826,4.244797,4.361642,3.940273,-1.0,46.572807,48.549728099999996,1.299766136010779,45.95019582797844,51.14926037202155,48.083304574566924,-0.5525939894101128,-0.01064154477818361
2013-10-09,0.062563,0.896767,-0.729933,0.587378,0.587332,0.663215,1.142882,2.319109,3.346222,3.614628,3.313202,1.0,46.846344,48.4139268,1.3299323700840637,45.754062059831874,51.07379154016812,47.96549880556055,-0.5810068402769275,0.005856139320536072
2013-10-10,-0.953929,0.202961,-1.420743,2.752865,2.752913,-1.680554,-1.497887,-0.784808,0.476948,0.790729,0.610227,1.0,48.135983,48.3655664,1.3211055004635224,45.72335539907296,51.00777740092704,47.981735395507165,-0.4937692751124416,0.02715701539853611
2013-10-11,0.264114,0.284437,-1.056481,-0.10148,-0.101485,-1.548162,-1.330772,-0.953554,0.450008,0.893121,0.763228,0.0,48.087132,48.3035278,1.3025386432225936,45.69845051355481,50.908605086445185,47.991773167363625,-0.42369070097943506,-0.001015369419229836
2013-10-14,-1.552411,0.604847,-2.116934,0.772038,0.772019,-1.729827,-1.866925,-1.708323,-0.460674,0.080657,0.076625,1.0,48.458374,48.23513885,1.2533655807467545,45.728407688506486,50.74187001149351,48.036211341900426,-0.33434270471022387,0.007690546046580092
2013-10-15,1.698727,2.312732,-0.429797,-1.491929,-1.491907,0.245584,-0.327482,-0.233336,0.807392,1.413819,1.557495,-1.0,47.73542,48.1208322,1.1842097856032865,45.75241262879343,50.489251771206575,48.00756454743372,-0.31820208421770246,-0.015031481392551104
2013-10-16,-2.773407,0.118021,-3.08812,4.052392,4.052366,-2.521622,-3.790312,-3.911609,-3.253334,-2.527133,-2.316406,1.0,49.669834,48.0539085,1.0416843131864775,45.97053987362705,50.13727712637295,48.1658759238686,-0.1476178364333336,0.03972410706933661
2013-10-17,-1.44757,0.195622,-1.623627,0.550745,0.550765,-2.331772,-3.785218,-4.152328,-3.864443,-2.993746,-2.769306,1.0,49.943398,48.0133638,0.9420649220005212,46.129233955998956,49.897493644001045,48.33516374064302,0.00953581452517227,0.0054925371307846796
2013-10-18,0.430102,0.430102,-0.664714,0.058691,0.058674,-1.634405,-3.448676,-3.913974,-3.926682,-2.999019,-2.700549,0.0,49.972702,48.010432800000004,0.9355245952440714,46.13938360951186,49.88148199048815,48.49111976534368,0.13489086511061288,0.0005865721508386944
2013-10-21,0.313541,1.058203,-0.058787,-0.23461,-0.234586,-0.842651,-2.663151,-3.358821,-3.557725,-2.76858,-2.410359,0.0,49.855473,48.0817526,1.0197032384036429,46.042346123192715,50.12115907680729,48.62105816864428,0.222214692605057,-0.002348616588177683
2013-10-22,1.103235,1.241137,-0.354602,-0.529102,-0.529111,0.433411,-1.536644,-2.561073,-2.867418,-2.286054,-1.912925,-1.0,49.591682,48.169681350000005,1.0716325973623106,46.026416155275385,50.312946544724625,48.7134985335353,0.26705527890293723,-0.005305161695049383
2013-10-23,0.557884,0.677426,-0.537958,-1.12293,-1.122938,1.31501,0.027902,-1.257882,-1.671643,-1.337314,-0.834823,-1.0,49.034798,48.215111,1.08881373434761,46.03748353130478,50.39273846869522,48.744098482722414,0.25471963251064267,-0.01129290872516726
2013-10-24,0.239278,0.319041,-0.757731,-0.079691,-0.079686,1.008969,0.283147,-0.946499,-1.471591,-1.4022,-0.76305,0.0,48.995724,48.2747071,1.0976994908865574,46.07930811822688,50.47010608177312,48.768062817701235,0.23903515020885635,-0.0007971803326576053
2013-10-25,-0.059932,0.399515,-0.219736,-0.179464,-0.179471,0.7551,0.631246,-0.645888,-1.177584,-1.316817,-0.613261,0.0,48.907791,48.3318608,1.0995050007647438,46.132850798470514,50.53087080152949,48.78137026363446,0.21700809256262943,-0.0017963200533695225
2013-10-28,-0.27917,0.358923,-0.378869,0.179786,0.179793,0.223325,0.560315,-0.562318,-1.191432,-1.447663,-0.848128,0.0,48.995724,48.41197345,1.0858198911711734,46.24033366765765,50.583613232342344,48.80178490519308,0.20429199791031039,0.0017963200533695216
2013-10-29,0.09956,0.477893,-0.298688,0.139579,0.139584,-0.131428,0.690953,-0.362412,-1.167869,-1.484676,-1.051382,0.0,49.064114,48.49110955,1.0720159783913903,46.347077593217215,50.63514150678278,48.82676862850803,0.19745674428914128,0.0013948628201595928
2013-10-30,1.222692,1.222692,-0.601321,-0.657113,-0.657122,0.408907,1.166574,0.555897,-0.395865,-0.782517,-0.551876,-1.0,48.741703,48.548751550000006,1.0517515000056485,46.44524854998871,50.6522545500113,48.81866714007869,0.16413187328351597,-0.006592903729554783
2013-10-31,1.968026,1.968026,-0.020498,-2.224895,-2.205286,2.115558,2.970291,2.75783,1.890168,1.443357,1.474788,-1.0,47.666809,48.56779185,1.030929096495259,46.50593365700948,50.62965004299052,48.708966364833095,0.05040566525023138,-0.022299660485945113
2013-11-01,0.266715,0.574473,-0.266723,-0.081995,-0.082005,1.661835,2.562444,2.777859,1.933768,1.515108,1.389848,0.0,47.62772,48.5487296,1.0452313137440303,46.45826697251194,50.63919222748806,48.605990520563275,-0.04238869905220355,-0.0008203829244454227
2013-11-04,0.43183,1.048731,-0.102815,-0.225689,-0.22569,1.270798,2.30302,2.87873,2.211604,1.755406,1.555441,0.0,47.520229,48.57118805,1.0162334968763849,46.53872105624723,50.603655043752774,48.50258466146201,-0.12318255485551077,-0.002259450610532924
2013-11-05,0.248034,0.496069,-0.310048,-0.514086,-0.514091,1.037624,2.341831,3.345558,2.814143,2.26384,2.040941,-1.0,47.275932,48.6063443,0.9536997778480155,46.69894474430397,50.513743855696035,48.38576059846563,-0.20456687430419862,-0.00515416527934699
2013-11-06,0.287945,0.411355,-0.473056,0.496069,0.496075,0.020571,1.515801,2.532413,2.376517,1.752438,1.494039,0.0,47.510456,48.639549900000006,0.8991996421300479,46.84115061573991,50.4379491842601,48.30239825575462,-0.24728980407960677,0.004948484345142195
2013-11-07,1.199591,1.613243,0.0,-0.555329,-0.555322,0.401238,1.712482,2.724453,2.854091,2.317312,2.021495,-1.0,47.24662,48.595081750000006,0.9461769526273198,46.70272784474537,50.48743565525464,48.20184794568275,-0.29899081397110905,-0.0055686961426315625
2013-11-08,-2.943528,0.460551,-2.943528,3.288523,3.288538,-2.314793,-1.547895,-0.706283,-0.34754,-0.875437,-1.155963,1.0,48.800343,48.6307423,0.9394413632209899,46.75185957355802,50.50962502644198,48.258847474665345,-0.2121462853793119,0.03235622453341406
2013-11-11,-0.757419,0.259121,-1.614505,0.460551,0.460534,-2.148691,-1.993232,-1.274388,-0.746571,-1.170415,-1.498149,0.0,49.025085,48.65907785,0.9425103291351368,46.77405719172973,50.544098508270274,48.33182247707817,-0.12375994206232832,0.004594764367262839
2013-11-12,0.969305,0.989495,-0.3433,-1.295591,-1.295586,-0.403881,-0.846129,-0.14409,0.623849,0.277019,-0.142638,-1.0,48.389923,48.691803,0.9198418196557229,46.852119360688555,50.531486639311446,48.337355860213584,-0.10376920650557508,-0.013040516324085708
2013-11-13,-1.42029,0.0,-1.940392,0.949116,0.949111,-0.792159,-1.756356,-1.108252,-0.406201,-0.501769,-0.995483,1.0,48.849197,48.65077115,0.891793771019371,46.86718360796125,50.43435869203874,48.386102635431335,-0.050287152077856945,0.00944635071184074
2013-11-14,-0.398329,0.159335,-1.314479,0.440082,0.440091,-0.485961,-1.902018,-1.532258,-0.932183,-0.862062,-1.308478,0.0,49.064178,48.60681015,0.8451719267766604,46.91646629644668,50.297154003553324,48.45068124158073,0.009337296856429589,0.004391255953719396
2013-11-15,-0.416673,0.753962,-0.714288,0.378417,0.378406,-0.678572,-1.942463,-1.85716,-1.379036,-1.141359,-1.59654,0.0,49.24984,48.57066705,0.7978159825739569,46.97503508485208,50.166299015147914,48.526791599525424,0.07075584463279228,0.003776922650193916
2013-11-18,0.019685,1.201026,-0.433158,0.773808,0.773816,-1.197089,-2.270139,-2.525448,-2.15894,-1.805965,-2.180227,1.0,49.630943,48.55944055,0.7801698389286961,46.999100872142606,50.11978022785739,48.6319488757611,0.14847083397742722,0.00770837114145713
2013-11-19,-0.801251,0.527655,-1.094385,0.748173,0.74816,-1.285898,-2.450644,-3.124217,-2.844456,-2.353819,-2.678021,1.0,50.002262,48.57996955,0.8134532336238386,46.95306308275232,50.20687601724768,48.76245488759337,0.23728755971494309,0.007453754381534727
2013-11-20,0.551505,1.024229,-0.295452,-0.781704,-0.781703,-0.200901,-1.258611,-2.244103,-2.020894,-1.589214,-1.725478,-1.0,49.611393,48.6087993,0.8401992065528184,46.928400886894366,50.28919771310564,48.843306136394006,0.27298874871481615,-0.007847739469771497
2013-11-21,-1.681807,0.463949,-1.83646,1.89088,1.890878,-1.465296,-2.437649,-3.678067,-3.685491,-3.36755,-3.390093,1.0,50.549484,48.686487299999996,0.9433589845700492,46.799769330859895,50.5732052691401,49.00579926626124,0.37268225293163937,0.01873223276417114
2013-11-22,-0.896777,0.248046,-1.087579,1.314518,1.314526,-1.976725,-3.232209,-4.460983,-4.709992,-4.524379,-4.440063,1.0,51.21397,48.80179625,1.0998054300115545,46.602185389976896,51.00140711002311,49.21610124090303,0.4995500382532967,0.013059608691496548
2013-11-25,-1.501218,0.731843,-1.519987,1.679071,1.679067,-2.657163,-4.244698,-5.455683,-5.987997,-5.930601,-5.786648,1.0,52.073887,48.9557044,1.3214243357087314,46.31285572858254,51.59855307141746,49.48827131319798,0.6618523653485653,0.01665126750820207
2013-11-26,0.169779,0.848898,-0.09432,-0.525433,-0.525425,-1.448787,-3.080553,-4.374019,-5.227318,-5.26318,-5.027441,-1.0,51.800278,49.0925126,1.4668727903400811,46.15876701931984,52.02625818068016,49.70846242622674,0.7596434721571299,-0.0052680978525433105
2013-11-27,-0.150797,0.395851,-0.282746,0.075459,0.075453,-0.663524,-2.576813,-3.88941,-4.999999,-5.118204,-4.959543,0.0,51.839363,49.2473956,1.5865378517970248,46.074319896405946,52.42047130359405,49.91140533801467,0.8307214222532195,0.0007542481134784876
2013-11-29,0.359038,1.266066,-0.113373,-0.245054,-0.245051,0.030236,-1.825396,-3.077599,-4.375472,-4.674992,-4.612049,0.0,51.71233,49.44967165,1.631664960717655,46.18634172856469,52.713001571435306,50.08292197248946,0.8668086774880024,-0.0024535197840881667
2013-12-02,0.646142,1.501332,-0.171038,-0.566892,-0.566882,0.680341,-0.843796,-2.18549,-3.461621,-3.936164,-3.974459,-1.0,51.419182,49.63924475,1.6290937799827006,46.3810571900346,52.8974323099654,50.21018483225237,0.8618189808487244,-0.005684950871510174
2013-12-03,0.652216,1.208511,-0.767314,-0.931201,-0.931211,1.18166,0.345286,-1.015413,-2.218496,-2.8805,-3.000863,-1.0,50.940361,49.81025135,1.5735109073925422,46.66322953521492,52.957273164785086,50.2797254196569,0.8098918284293575,-0.00935573720933566
2013-12-04,-1.729443,0.518832,-1.902387,-0.172645,-0.172649,0.98386,0.686011,-0.521393,-1.697732,-2.571868,-2.750465,0.0,50.852413,49.9890754,1.4701693503911415,47.04873669921771,52.92941410078228,50.334267093975285,0.7529628306258118,-0.001727981632248607
2013-12-05,1.077164,1.449271,-0.215433,-1.883167,-1.883171,2.142583,2.675289,1.527619,0.427933,-0.609475,-0.826487,-1.0,49.894775,50.10829135,1.3503927311489072,47.407505887702186,52.80907681229782,50.29241070407288,0.623386791541833,-0.01901128680647755
2013-12-06,0.485531,0.971062,-0.563218,0.842148,0.842158,0.734119,1.771212,0.845465,-0.105852,-1.228984,-1.567311,1.0,50.314968,50.26170875,1.1704804319110147,47.92074788617797,52.60266961382202,50.2945590179707,0.5482826493359596,0.00838631953563021
2013-12-09,-0.326237,0.671652,-0.364619,1.204115,1.204115,-0.660145,0.50278,-0.135615,-1.086168,-2.145466,-2.606677,1.0,50.920818,50.3677325,1.1263466519104202,48.11503919617916,52.620425803820844,50.35420273054491,0.5315220518887855,0.011969230583090988
2013-12-10,0.405874,1.681482,-0.096643,-0.710035,-0.710051,-0.100493,0.921929,0.70095,-0.227086,-1.205247,-1.807107,-1.0,50.559254,50.44444095,1.081440882750619,48.28155918449876,52.60732271550124,50.37373142287397,0.4834905860610803,-0.0071258429920284415
2013-12-11,1.794518,1.853684,-0.35496,-1.990729,-1.990696,1.404048,2.518226,2.685844,1.916765,0.985194,0.220189,-1.0,49.552773,50.50258345,0.9927948321164184,48.51699378576717,52.488173114232836,50.29554490640979,0.3600601488905255,-0.02010777209976764
2013-12-12,0.176783,0.451776,-1.25712,0.394402,0.394373,0.94678,1.695159,2.300802,1.606767,0.768425,-0.106061,0.0,49.748196,50.547533400000006,0.932517636532473,48.68249812693506,52.41256867306495,50.243416439132666,0.27484144000885635,0.003935978757465362
2013-12-13,0.019617,0.431623,-0.568964,0.117857,0.117858,0.623902,1.192866,2.08097,1.561709,0.855412,-0.080433,0.0,49.806828,50.5846659,0.8838587200212077,48.81694845995758,52.352383340042415,50.201836587786694,0.2096197456997615,0.001177881425227904
2013-12-16,0.962666,1.39489,-0.157175,-0.137334,-0.137319,0.286826,0.994096,2.023566,1.750481,1.069538,0.198418,0.0,49.738434,50.6090956,0.8511704184183219,48.90675476316336,52.311436436836644,50.15770300799749,0.1506753670165608,-0.0013741289015236737
2013-12-17,0.611562,0.710199,-0.276189,-0.41258,-0.412582,0.288026,1.128427,2.104293,2.16216,1.529295,0.748995,0.0,49.533222,50.60420955,0.8573390463403598,48.88953145731928,52.31888764268072,50.09822862628344,0.08640658751244956,-0.004134358195976915
2013-12-18,-2.213237,0.211703,-3.137023,2.505425,2.505407,-1.682052,-1.358723,-0.52603,-0.258838,-0.764419,-1.483819,1.0,50.774231,50.642808,0.8461163351914118,48.95057532961718,52.335040670382824,50.16260980473264,0.13406673362731425,0.0247453661347725
2013-12-19,-0.289131,0.481881,-0.828836,-0.153961,-0.153934,-1.156529,-1.048587,-0.523015,0.001913,-0.465704,-1.122476,0.0,50.696072,50.69704195,0.8105403631527501,49.0759612236945,52.3181226763055,50.21341572809144,0.1636445719380717,-0.0015405298525116892
2013-12-20,-0.344762,0.440529,-0.59375,0.636079,0.636073,-1.306264,-1.536108,-1.242421,-0.584183,-0.941586,-1.500993,1.0,51.018536,50.72049455,0.8128288002673788,49.09483694946524,52.346152150534756,50.29009384922559,0.2106768205070466,0.0063405854218093055
2013-12-23,0.152646,0.438846,-0.362524,0.38307,0.383065,-1.106659,-1.854608,-1.645996,-0.963556,-1.16619,-1.719774,0.0,51.21397,50.72049455,0.8128288002673788,49.09483694946524,52.346152150534756,50.37808205406125,0.26071474949405626,0.0038233287183347966
2013-12-24,-0.133509,0.076294,-0.667553,0.038161,0.03816,-0.48064,-1.76044,-1.645367,-1.083348,-1.078771,-1.613579,0.0,51.233513,50.67847585,0.7591313559335147,49.16021313813297,52.19673856186703,50.459551667960184,0.2985061326093046,0.0003815223110371541
2013-12-26,0.515761,0.649477,-0.286527,-0.152588,-0.152586,-0.179555,-1.297038,-1.455585,-0.995222,-0.837438,-1.283029,0.0,51.155338,50.64622885,0.7217481687157309,49.20273251256854,52.08972518743146,50.525817032916365,0.3184768044789763,-0.0015270220229482343
2013-12-27,0.191357,0.28703,-0.133944,-0.17192,-0.171908,0.137765,-0.868742,-1.132806,-0.900315,-0.552631,-0.968245,0.0,51.067398,50.6076306,0.6736196731406421,49.260391253718716,51.954869946281285,50.577396172638615,0.32347882028024344,-0.0017205569941736764
2013-12-30,0.635597,1.001543,-0.173336,-0.650593,-0.650609,0.681824,-0.036587,-0.430143,-0.347644,0.113257,-0.209933,-1.0,50.735149,50.55877155,0.6227976717767474,49.31317620644651,51.8043668935535,50.59242025143494,0.297207216474618,-0.006527345129306572
2013-12-31,-0.287856,0.019186,-0.575705,0.365953,0.365957,0.199575,-0.168877,-0.793197,-0.759934,-0.274807,-0.464406,0.0,50.920818,50.53385335,0.5959519150111569,49.34194951997769,51.72575718002231,50.62369622748875,0.2880482765531269,0.003652893419589585
2014-01-02,-0.459156,0.248712,-0.880044,0.307041,0.30703,-0.168348,-0.172174,-1.029261,-1.050306,-0.658112,-0.674693,0.0,51.07716,50.5406933,0.6016211853776724,49.33745092924465,51.74393567075535,50.6668832534422,0.2900615939758495,0.0030655925834132745
2014-01-03,-1.891391,0.131084,-2.0412,2.161856,2.161868,-1.887646,-2.014986,-2.787772,-3.01686,-2.731092,-2.637335,1.0,52.181381,50.60714170000001,0.7027536861114512,49.20163432777711,52.01264907222291,50.81112113406675,0.37641943988852233,0.021388314878963543
2014-01-06,-0.353098,0.892027,-0.70619,0.767788,0.767782,-2.059096,-2.402897,-3.169173,-3.500276,-3.41572,-3.190855,1.0,52.58202,50.741503949999995,0.8083448268745475,49.124814296250904,52.358193603749086,50.97977816891754,0.4717488469153821,0.007648490775773017
2014-01-07,0.756737,0.99668,-0.738282,0.687603,0.687613,-1.893693,-2.705801,-3.435467,-3.911043,-3.982287,-3.701249,1.0,52.943581,50.8729346,0.9385525228795475,48.995829554240906,52.750039645759095,51.16680700997301,0.5699035464730002,0.006852600912484644
2014-01-08,-0.948732,0.34665,-1.112936,1.162793,1.162776,-2.036118,-3.386236,-4.069809,-4.769195,-4.9261,-4.662158,1.0,53.559196,51.0048535,1.1145542297839772,48.77574504043205,53.23396195956796,51.394653580451774,0.6894196381893849,0.011560672382335631
2014-01-09,-0.362321,0.144924,-0.797107,0.711549,0.711564,-1.666671,-3.567035,-4.202905,-5.128629,-5.375368,-5.220417,1.0,53.940304,51.173906,1.2865524568412838,48.60080108631743,53.74701091368257,51.6370964775516,0.8056027455091908,0.007090444079521237
2014-01-10,0.566517,0.676168,-0.767548,-0.869565,-0.869569,-0.321639,-2.288014,-3.026317,-3.93001,-4.349418,-4.284847,-1.0,53.471256,51.36983015,1.3244889109155875,48.720852328168824,54.01880797183117,51.811778336832404,0.8500318040018087,-0.008733715095306332
2014-01-13,1.377509,1.749812,-0.521225,-1.827485,-1.827487,1.500372,-0.197321,-0.992803,-1.88012,-2.370813,-2.46153,-1.0,52.494076,51.50712415,1.2893977621906862,48.92832862561863,54.08591967438137,51.87675906665789,0.7972022423763505,-0.018443913356484397
2014-01-14,0.333642,0.834107,-0.593142,0.428146,0.428151,0.982386,-0.24653,-1.199882,-2.022249,-2.60464,-2.813722,0.0,52.71883,51.65272424999999,1.2511388807702082,49.15044648845957,54.15500201154041,51.956956298404755,0.7646557283692061,0.004272372096109847
2014-01-15,-0.854704,0.327325,-1.145665,1.927713,1.92771,-0.861976,-1.609388,-2.755657,-3.503369,-4.237139,-4.508097,1.0,53.735096,51.85255735,1.2484668717516183,49.35562360649676,54.34949109350323,52.12630293665192,0.8115119498351788,0.019093647604850068
2014-01-16,1.825101,1.825101,-0.475285,-4.346252,-4.346254,2.654,2.923961,1.684416,1.062743,0.179473,-0.139412,-1.0,51.399632,51.94587785,1.130122761377161,49.68563232724568,54.20612337275433,52.057096180780306,0.6526698447178134,-0.044435331934187236
2014-01-17,0.726998,1.243539,-0.267838,-0.627373,-0.627382,2.364655,3.357577,2.316189,1.730449,0.931328,0.505718,-1.0,51.07716,51.9610243,1.1155290867120948,49.72996612657581,54.192082473424186,51.963768925467896,0.4950588068655435,-0.0062935823440599835
2014-01-21,1.25362,2.21794,-0.5593,-0.803524,-0.803514,2.472519,3.816783,3.092256,2.551595,1.821411,1.370624,-1.0,50.666748,51.9595581,1.1172970567478626,49.72496398650428,54.19415221349573,51.840243123042384,0.3331932608916546,-0.008067593118319788
2014-01-22,0.211938,0.443158,-0.751453,0.09644,0.096446,1.583804,3.277447,2.990356,2.422919,1.794981,1.299283,0.0,50.715614,51.944412,1.1326723824111833,49.679067235177634,54.209756764822366,51.73313558751454,0.20647659369397076,0.0009639941863696312
2014-01-23,1.833598,1.833598,-0.335177,-2.273605,-2.273611,2.263404,4.873817,5.203732,4.639194,4.149052,3.564667,-1.0,49.562538,51.86184039999999,1.2434968657113352,49.37484666857732,54.34883413142266,51.52641200775125,0.012860873311808518,-0.02299856552293163
2014-01-24,1.459552,1.70281,-0.506791,-2.740534,-2.740546,3.819183,6.638971,7.770805,7.273473,6.973453,6.32003,-1.0,48.204254,51.710377449999996,1.4850788937587176,48.74021966248256,54.68053523751743,51.21001600701304,-0.24733205716780304,-0.027787991679951555
2014-01-27,0.594134,1.741444,-0.921942,-1.054127,-1.054117,3.507477,6.564228,8.292016,8.053677,7.854948,7.322952,-1.0,47.696125,51.5374168,1.733745159828878,48.06992648034225,55.00490711965776,50.87535972063084,-0.48890282541059804,-0.01059711672639692
2014-01-28,-0.624994,0.5242,-0.624994,1.618515,1.618515,0.951618,4.036295,6.001349,6.064521,5.953231,5.525543,1.0,48.468094,51.4074516,1.863409142566344,47.680633314867315,55.13426988513269,50.646096318666,-0.6110145575049799,0.016055568094219843
2014-01-29,1.74708,2.662227,-0.790351,-3.064508,-3.064503,2.554067,6.104399,8.506646,9.018293,8.959225,8.661249,-1.0,46.982788,51.21983355,2.107570633802656,47.004692282394686,55.43497481760531,50.297209812126376,-0.8182089623367048,-0.03112440391951479
2014-01-30,0.331263,0.828162,-1.076605,0.457564,0.47845,1.068029,4.216433,7.092991,8.105891,8.100922,7.965131,0.0,47.207577,51.0341715,2.290881351203546,46.45240879759291,55.61593420240709,50.002959068114336,-0.9532845562950456,0.004773087497188788
2014-01-31,0.168665,1.623447,-0.29517,-1.80124,-1.801226,2.125033,5.040319,7.966838,9.57976,9.663025,9.71713,-1.0,46.357262,50.7981766,2.5180649686874705,45.76204666262505,55.83430653737494,49.65574982353202,-1.1160807674442168,-0.018176452175632532
2014-02-03,3.236944,3.280106,-0.323697,-2.298124,-2.29813,3.465552,6.233738,9.302474,11.396717,11.724669,11.8944,-1.0,45.291912,50.453703149999996,2.776829210505597,44.9000447289888,56.00736157101119,49.24014622129087,-1.3158939725617316,-0.023249483691463194
2014-02-04,0.470289,1.539121,-0.213764,0.949502,0.94949,1.291162,4.153055,7.286984,9.598771,10.206185,10.479332,1.0,45.721954,50.110699849999996,2.920089408782041,44.270521032435916,55.950878667564076,48.905080295453644,-1.423141492553384,0.0094501029191254
2014-02-05,-0.63749,0.658729,-1.59371,0.598551,0.598561,0.259239,2.507163,5.674157,8.191375,9.138286,9.457966,1.0,45.995628,49.7633022,2.9780461550138875,43.80720988997222,55.719394510027776,48.62798960064853,-1.469117646477855,0.005967772072867402
2014-02-06,-1.761654,0.041451,-2.031088,2.528685,2.528679,-2.234193,-0.530718,2.138219,4.844424,6.127491,6.47175,1.0,47.15871,49.4432779,2.8913045576992795,43.66066878460144,55.225887015398555,48.48805821011058,-1.3956152981682237,0.024972373111567053
2014-02-07,-0.506688,0.101336,-1.661938,2.259067,2.259074,-3.619785,-2.724053,-0.557187,1.93556,3.546304,3.911592,1.0,48.22406,49.1574657,2.6995387045733596,43.75838829085328,54.55654310914672,48.46291552343338,-1.2371383552114708,0.02233934503158971
2014-02-10,0.46634,0.831306,-0.993508,-0.040535,-0.040548,-2.372256,-2.57913,-0.914136,1.430618,3.258307,3.749694,0.0,48.204506,48.8941282,2.5065712352642406,43.88098572947152,53.907270670528476,48.4383050926302,-1.100436928619004,-0.0004055644728352264
2014-02-11,-0.845747,0.402741,-1.409587,0.689376,0.68939,-1.880794,-3.231981,-1.885098,0.328498,2.217957,2.865561,1.0,48.536823,48.69626555,2.3593056301149495,43.9776542897701,53.4148768102299,48.44768775047495,-0.9542844613044679,0.006870244817906194
2014-02-12,-0.360288,0.38031,-0.62049,0.604106,0.604104,-1.309049,-3.434749,-2.731689,-0.672148,1.267194,2.117826,1.0,48.830036,48.50182585,2.16236799913182,44.17708985173636,52.826561848263644,48.48410186947733,-0.8055122950460216,0.006022868342842076
2014-02-13,-1.584438,0.140391,-1.624553,-0.200156,-0.200172,-0.465294,-2.928189,-2.650174,-0.986217,1.074111,2.17295,0.0,48.732292,48.25168565,1.7808257649932466,44.69003412001351,51.81333717998649,48.5077390247652,-0.6875705203985589,-0.0020037248947730175
2014-02-14,0.100969,0.605816,-0.222132,-0.681911,-0.681901,0.290791,-1.83966,-1.954827,-0.616287,1.310191,2.690074,-1.0,48.399986,48.101703349999994,1.6208834606161056,44.85993642876778,51.343470271232206,48.49747683193042,-0.6138391753568371,-0.006842365963867786
2014-02-18,0.324018,1.073307,-0.040502,-0.282712,-0.282705,0.599426,-0.945735,-1.598538,-0.626055,1.16577,2.710591,0.0,48.263157,47.96100320000001,1.4634996812965466,45.034003837406914,50.8880025625931,48.475160657460854,-0.5599922676989948,-0.002831049915034845
2014-02-19,1.701596,2.324138,0.0,-2.409887,-2.4099,2.47355,1.792913,0.637764,1.449268,3.205879,4.858972,-1.0,47.100063,47.78266895,1.327421244303458,45.127826461393084,50.43751143860692,48.344198975797916,-0.6042052686200776,-0.024394135950215747
2014-02-20,0.727195,0.85186,-0.498654,-0.124503,-0.124507,1.840853,2.142123,0.771531,1.185209,2.851779,4.571468,0.0,47.04142,47.59895925,1.1413564021721925,45.316246445655615,49.881672054344385,48.22012478762669,-0.6366376281038839,-0.0012458483915144722
2014-02-21,-0.082878,0.49731,-0.331538,0.270096,0.270102,0.903445,1.86905,0.494552,0.658864,2.017858,3.838155,0.0,47.16848,47.47925635,1.0461530906051246,45.38695016878975,49.57156253121025,48.11996814118605,-0.6446566262395876,0.0026973826962847646
2014-02-24,-1.327068,1.020825,-1.367903,1.491923,1.49192,-0.800324,0.298085,-0.771738,-0.855491,0.223469,1.889224,1.0,47.872196,47.46265345,1.0366331214419426,45.389387207116116,49.53591969288388,48.096370794406425,-0.5874559139386193,0.014809003689101792
2014-02-25,1.115696,1.363634,-0.206618,-1.184153,-1.184142,-0.016541,1.309908,0.701093,0.291283,1.105543,2.675718,-1.0,47.305321,47.44311325,1.0356834633221843,45.37174632335564,49.51448017664437,48.02103271874867,-0.5811666844841454,-0.011912092709548468
2014-02-26,0.227649,0.600168,-1.324503,-0.165293,-0.165288,0.202804,1.200321,1.080289,0.325944,0.98161,2.473964,0.0,47.227131,47.3810651,1.0078436549557759,45.36537779008845,49.39675240991155,47.9454230312488,-0.5758536222678501,-0.0016542471114743228
2014-02-27,-1.232284,0.0,-1.499281,0.765726,0.765717,-0.328607,0.170467,0.535362,-0.372763,-0.048571,1.335932,1.0,47.588757,47.41136355,1.0043426543437535,45.40267824131249,49.4200488586875,47.91145483779654,-0.5362808741238254,0.0076279990854203365
2014-02-28,-0.740286,1.357187,-1.069299,-0.123224,-0.123231,-0.05346,0.041131,0.711499,-0.215911,-0.096291,1.025802,0.0,47.530113,47.42749035000001,1.0034873449940374,45.42051566001193,49.43446503998808,47.875136567530205,-0.5038432751605697,-0.001233067790449349
2014-03-03,0.399072,1.344253,-0.126028,-2.097471,-2.097445,1.512272,1.783218,2.626878,1.940748,1.900382,2.841559,-1.0,46.533195,47.43628700000001,0.9943413056566355,45.447604388686734,49.42496961131328,47.747332608717805,-0.5522136204154577,-0.02119753919254164
2014-03-04,-1.023961,0.266224,-1.413072,2.562489,2.562461,-0.847832,-0.872411,-0.004091,-0.351214,-0.643068,0.038039,1.0,47.72559,47.5579709,0.8576218853183707,45.84272712936326,49.27321467063674,47.74526188407801,-0.48869775278991057,0.025301803152474312
2014-03-05,-0.768913,1.011736,-0.930795,1.208265,1.208283,-1.586404,-1.806965,-1.230276,-1.27378,-1.842982,-1.319446,1.0,48.30225,47.6869857,0.7548052246002928,46.177375250799415,49.19659614920059,47.79830837130868,-0.38736403595747504,0.012010411395616491
2014-03-06,0.382223,0.965601,-0.060348,0.586809,0.586811,-1.750155,-2.061966,-1.840014,-1.58319,-2.283653,-2.041265,1.0,48.585693,47.81648895,0.6663510107532954,46.48378692849341,49.14919097150659,47.87329738356499,-0.28094628019464807,0.005850961426836415
2014-03-07,1.189037,1.592102,-0.503829,-0.18105,-0.18107,-1.1729,-1.610225,-1.694198,-1.266615,-1.999989,-1.936756,0.0,48.497719,47.8834394,0.664046752474342,46.55534589505132,49.21153290494868,47.93276610893975,-0.20138674755773422,-0.0018123389416875198
2014-03-10,-0.827113,0.080696,-0.988497,-0.100764,-0.100753,-0.282431,-1.39197,-1.588328,-1.143839,-1.728466,-1.821026,0.0,48.448856,47.8946792,0.6719708082746749,46.55073758345065,49.23862081654935,47.98191752713596,-0.1406566778557945,-0.0010080398227095908
2014-03-11,2.787526,2.870122,-0.061941,-2.299778,-2.299761,1.899634,0.935355,0.597408,1.091248,0.757364,0.464549,-1.0,47.334648,47.851186299999995,0.6789760180347457,46.4932342639305,49.209138336069486,47.92027281026587,-0.1803559032704456,-0.023266182891574064
2014-03-12,0.291786,0.33347,-0.458529,-0.929176,-0.929209,2.255122,1.811188,1.511756,1.864333,1.802433,1.295,-1.0,46.89481,47.76908565,0.6908769345993466,46.387331780801304,49.1508395191987,47.822609685478646,-0.24449073909935493,-0.009335534847284646
2014-03-13,1.774764,2.049434,-0.549339,-1.354727,-1.354717,2.653707,2.922039,2.793156,2.985422,3.223326,2.633989,-1.0,46.259518,47.64055975,0.7215374134739755,46.19748492305205,49.08363457694795,47.673743810671155,-0.3426311747020705,-0.01363977096781939
2014-03-14,1.045218,2.005117,-0.19198,-0.950773,-0.950766,2.470134,3.536688,3.583615,3.656139,4.097266,3.518199,-1.0,45.819698,47.49493005,0.7810656202061634,45.93279880958767,49.05706129041233,47.497168019178666,-0.4507025567303842,-0.009553151384890542
2014-03-17,-0.544729,0.146656,-0.879948,1.813138,1.813126,-0.125698,1.718006,1.564366,1.622679,2.108536,1.695659,1.0,46.650467,47.4074541,0.772288373053185,45.86287735389363,48.952030846106375,47.41652982687594,-0.4639654850234436,0.017968851966024012
2014-03-18,-0.810135,0.0,-1.329454,0.858996,0.858997,-1.096796,0.708361,0.663354,0.628386,1.14085,0.954172,1.0,47.051193,47.346855899999994,0.7488028682099521,45.84925016358009,48.8444616364199,47.38173584336394,-0.43710256576561335,0.008553283752821723
2014-03-19,-1.471185,1.185127,-1.879851,1.66182,1.661828,-2.321211,-1.035961,-0.897696,-0.939925,-0.57131,-0.548969,1.0,47.833103,47.3835079,0.7540093220852456,45.87548925582951,48.89152654417049,47.424723191615,-0.34870030633835114,0.016481709474780504
2014-03-20,-1.851852,0.477893,-2.409405,2.615452,2.615438,-3.659891,-3.456782,-3.220486,-3.25666,-3.084816,-2.87401,1.0,49.084148,47.4856443,0.8388145404563835,45.80801521908723,49.16327338091276,47.582763649556426,-0.17566702266925915,0.025818200159975453
2014-03-21,1.837057,1.837057,-0.439299,-0.278771,-0.278764,-2.112624,-3.095048,-2.75692,-2.804511,-2.796324,-2.480696,0.0,48.947319,47.57458625,0.8957876028322079,45.78301104433559,49.36616145566442,47.71272130197963,-0.04901286569012342,-0.0027915340460052344
2014-03-24,0.299704,1.198807,-0.539461,-0.05991,-0.059893,-1.126885,-2.941069,-2.373636,-2.639369,-2.695713,-2.374967,0.0,48.918003,47.6268766,0.9433363117761356,45.74020397644773,49.513549223552275,47.827510035124426,0.04843755206492517,-0.0005991090669863947
2014-03-25,-0.178926,0.516903,-0.497018,0.499501,0.499487,-0.759441,-3.051689,-2.664012,-2.934389,-3.106159,-2.795224,0.0,49.162342,47.719727649999996,0.999726651750273,45.72027434649945,49.71918095350054,47.954636888922096,0.14372702976971397,0.004982435685137232
2014-03-26,0.737638,0.837325,-0.956938,-0.278328,-0.278321,0.003982,-2.346498,-2.293998,-2.480068,-2.678633,-2.490701,0.0,49.025513,47.80964675,1.0333983084939156,45.74285013301217,49.87644336698783,48.05662508997713,0.20583097919915616,-0.0027870878444661664
2014-03-27,-0.042152,1.580611,-0.716544,-5.402709,-5.402716,4.547946,3.256057,2.968737,2.958904,2.822339,2.902001,-1.0,46.376804,47.74904909999999,1.0814496551735708,45.58614978965285,49.91194841034714,47.89664212902693,0.040849241809709724,-0.05554141563607168
2014-03-28,0.994711,1.058201,-0.465611,-0.421498,-0.421471,3.792573,3.771402,3.070169,3.248653,3.172039,3.153414,0.0,46.181339,47.6816104,1.1364755341203985,45.408659331759196,49.9545614682408,47.73327992626246,-0.10446812214852486,-0.004223621698516657
2014-03-31,-0.147057,0.630261,-0.273103,0.740737,0.740697,2.00002,2.98111,2.036432,2.488463,2.297498,2.260522,1.0,46.523403,47.681120799999995,1.136998306014686,45.40712418797062,49.95511741202937,47.618053552332704,-0.18984308112264614,0.007379677565766937
2014-04-01,-0.16736,0.941425,-0.313801,0.42017,0.420178,0.527206,2.479087,1.521624,1.951891,1.819255,1.722462,0.0,46.718884,47.630785499999995,1.1570331185436227,45.31671926291275,49.94485173708724,47.53241835687245,-0.23897491415226568,0.004192974940576245
2014-04-02,-0.186567,0.248754,-1.057218,0.920508,0.920529,-1.185753,1.399236,0.631545,0.89965,0.883895,0.798074,1.0,47.148945,47.57312025,1.1505281895093495,45.272063870981306,49.8741766290187,47.495897084789355,-0.24043829428484287,0.009163182183094871
2014-04-03,0.5453,0.671141,-0.65017,-1.160866,-1.160876,0.071309,2.057465,1.862412,1.871849,1.984057,1.9505,-1.0,46.601604,47.4739158,1.1441452101030432,45.18562537979391,49.76220622020609,47.410726314809416,-0.2825073095535515,-0.011676672291383148
2014-04-04,1.316067,1.44343,-0.551906,-1.195468,-1.195465,1.222662,2.66185,3.127423,2.83803,3.088933,3.10266,-1.0,46.044498,47.35125475,1.1600010110049483,45.03125272799011,49.6712567720099,47.280609332446616,-0.3566894120056361,-0.012026684404292722
2014-04-07,1.22449,1.331899,-0.558535,-1.188712,-1.188711,1.989259,3.145004,4.199065,3.750801,4.238019,4.16899,-1.0,45.497162,47.20367005,1.2000822584358364,44.80350553312833,49.60383456687167,47.11075720554694,-0.454406587294244,-0.011958326350574902
2014-04-08,-0.150212,0.536481,-1.030041,0.107409,0.107405,1.364816,2.240349,3.866956,3.443135,3.934767,3.928472,0.0,45.546028,47.11423905,1.255187446277472,44.60386415744506,49.624613942554944,46.96173537644723,-0.52188906266516,0.0010734686403780984
2014-04-09,-0.80577,0.063611,-1.78117,1.201721,1.201732,-0.296869,0.390153,2.381952,2.127851,2.508894,2.612371,1.0,46.093369,47.074167,1.2751950552085356,44.52377688958293,49.62455711041707,46.879033816785594,-0.5251499643071611,0.01194568115172634
2014-04-10,2.184733,2.249621,-0.237943,-1.97201,-1.972028,1.081558,2.145802,3.866185,4.063385,4.26996,4.499249,-1.0,45.184395,47.020410850000005,1.332708300955224,44.354994248089554,49.685827451910455,46.71763964375839,-0.5942309332368509,-0.01991731631217681
2014-04-11,0.043785,1.619961,-1.094571,-1.189704,-1.189694,1.672503,3.031959,4.474605,5.184978,5.180381,5.542174,-1.0,44.646839,46.9617679,1.4117825417857102,44.138202816428574,49.78533298357142,46.52042053482902,-0.6844642971192343,-0.01196827412151327
2014-04-14,-0.566386,0.27271,-1.447447,4.356388,4.356378,-2.101942,-1.254446,-0.219554,0.787717,0.630175,1.140489,1.0,46.591824,46.958835750000006,1.412523819068129,44.13378811186375,49.78388338813626,46.527220864845305,-0.5922042910770102,0.042641565350928334
2014-04-15,-0.724492,0.310491,-1.386881,1.34257,1.342575,-2.690955,-2.457046,-1.816048,-0.529912,-0.712898,-0.235287,1.0,47.217354,46.9671438,1.4135838850115183,44.139976029976964,49.79431157002304,46.59294783009813,-0.46327221464988355,0.013336419414611767
2014-04-16,0.788711,0.91324,-1.245326,-0.269097,-0.269088,-2.00499,-2.206316,-1.825107,-0.340398,-0.428402,-0.051898,0.0,47.090298,46.930003549999995,1.3993205542396303,44.131362441520736,49.728644658479254,46.64031451294593,-0.36711312098589843,-0.00269450196623455
2014-04-17,-0.062219,0.456238,-0.476978,0.083024,0.083017,-1.26089,-2.175448,-1.800084,-0.630446,-0.437167,-0.237803,0.0,47.129391,46.83226570000001,1.3061035977717093,44.22005850445659,49.44447289554343,46.686893225998695,-0.284472644514274,0.0008298266032980077
2014-04-21,0.710702,0.794316,-0.146321,-0.788057,-0.78805,0.426415,-1.245826,-0.937856,-0.075257,0.433938,0.430593,-1.0,46.757988,46.72279915,1.2075341066912524,44.307730936617496,49.137867363382504,46.69366415685596,-0.24611156870871298,-0.007911711697362687
2014-04-22,-0.249892,1.103705,-0.354023,0.376254,0.376265,0.19574,-1.309887,-1.250883,-0.6612,0.081614,-0.053469,0.0,46.933922,46.6235951,1.0938454091112022,44.435904281777596,48.81128591822241,46.71654585620301,-0.19921728346265866,0.003755590141939857
2014-04-23,-0.82645,0.206607,-1.012401,0.791341,0.791323,-0.553716,-1.712811,-1.943527,-1.637399,-0.682649,-0.840226,1.0,47.305321,46.530744049999996,0.9341628910248025,44.66241826795039,48.3990698320496,46.77261967942177,-0.13057919350107738,0.007882086294608296
2014-04-24,0.248291,0.517277,-0.662123,-0.144628,-0.144637,-0.3476,-1.328362,-1.789083,-1.684248,-0.589277,-0.672456,0.0,47.2369,46.4413134,0.7502761990036656,44.94076100199267,47.94186579800733,46.81683685281018,-0.0807729156850101,-0.0014474170634358133
2014-04-25,0.774867,1.403137,-0.146597,-1.200087,-1.200085,0.665979,0.18849,-0.586379,-0.458631,0.411316,0.563357,-1.0,46.670017,46.45597405,0.7518124871840868,44.95234907563183,47.959599024368174,46.802854009685404,-0.08605184998085491,-0.012073442600629668
2014-04-28,0.718816,1.416495,-0.528541,-0.94241,-0.942402,1.395351,1.484145,0.386189,0.493658,1.131502,1.549682,-1.0,46.230198,46.458417,0.7509520047668468,44.9565129904663,47.96032100953369,46.74831534209632,-0.12429239565445727,-0.009468703297231035
2014-04-29,-1.162795,0.083059,-1.578069,1.818184,1.818175,-0.357139,-0.22632,-1.183548,-1.242725,-0.831388,-0.233937,1.0,47.070744,46.48578405,0.7633165661155594,44.95915091776888,48.01241718223112,46.77902283332524,-0.08578439701521745,0.01801844061002743
2014-04-30,0.459196,0.876648,-0.146107,-0.519103,-0.519114,-0.041734,0.21083,-0.485615,-0.715907,-0.513445,0.270663,-1.0,46.826393,46.4911595,0.7654201592279609,44.96031918154408,48.021999818455924,46.78353427777046,-0.07412910010964424,-0.00520466458082242
2014-05-01,0.104696,0.795647,-0.355942,-0.313091,-0.292263,0.016793,0.418732,-0.108794,-0.474085,-0.421959,0.482933,0.0,46.689537,46.468189100000004,0.7514061017736711,44.96537689645266,47.97100130354735,46.77458215607803,-0.07506996891456907,-0.002926904489986716
2014-05-02,0.209516,1.005655,-0.502824,-0.06281,-0.062806,0.075448,0.381289,0.164843,-0.405256,-0.335083,0.37292,0.0,46.660213,46.47111955,0.7520677936181767,44.96698396276364,47.97525513723635,46.763689855499166,-0.07729085508464095,-0.0006282609426280759
2014-05-05,0.042393,0.275543,-0.805428,-1.152315,-1.152324,1.1954,1.413717,1.545824,0.764237,0.821669,1.338874,-1.0,46.122536,46.47502145,0.7499373098603338,44.975146830279336,47.974896069720664,46.702627583546864,-0.12104167068700633,-0.011590150641124158
2014-05-06,1.402064,1.488348,-0.064709,-1.738022,-1.738016,2.213107,2.851572,3.154974,2.527068,2.498829,2.866749,-1.0,45.320919,46.466209299999996,0.7629549095830177,44.94029948083396,47.992119119166034,46.571036289875735,-0.21788663823089394,-0.01753296690243153
2014-05-07,-0.342612,0.278375,-0.813707,0.733391,0.733396,0.955024,1.740892,2.175551,1.792361,1.659216,1.861611,1.0,45.653301,46.47157295,0.756495193973412,44.95858256205318,47.984563337946824,46.483632928935194,-0.26476448302189937,0.007307201511932808
2014-05-08,-0.933386,0.742476,-0.933386,0.94218,0.942184,-0.250323,0.540955,1.076198,0.841164,0.617854,0.698038,1.0,46.083439,46.47107645,0.756759691979545,44.957557066040906,47.98459583395909,46.445519221417555,-0.2641618772824117,0.009377729190174176
2014-05-09,0.106403,0.510743,-0.595878,-0.318195,-0.318208,-0.24686,0.702291,1.225779,1.244968,0.881161,0.987561,0.0,45.936798,46.50869659999999,0.7064596010848518,45.09577739783029,47.9216158021697,46.39706958128255,-0.2723772160644913,-0.0031871494556273334
2014-05-12,-0.105773,0.27502,-0.486564,0.595867,0.59588,-0.799665,0.101524,0.547188,0.814436,0.297963,0.391467,1.0,46.210526,46.58688095,0.5611433030060645,45.46459434398787,47.70916755601213,46.37930352592231,-0.2538738693431668,0.0059411124113260974
2014-05-13,-0.147617,0.147625,-0.400671,0.317322,0.317322,-0.666384,-0.369047,0.146194,0.470231,0.054909,0.061957,0.0,46.357162,46.57514784999999,0.5634829364247892,45.44818197715041,47.702113722849575,46.377194809167804,-0.22478633707611095,0.0031681923967720664
2014-05-14,0.806454,0.827672,-0.297112,-0.632642,-0.632655,0.144322,0.099753,0.604139,0.984705,0.736911,0.651637,-1.0,46.063881,46.517474199999995,0.5532291534313403,45.41101589313732,47.62393250686267,46.34735539877087,-0.22283092761245626,-0.006346649527530788
2014-05-15,0.709368,0.902835,-0.795353,-1.273343,-1.273336,1.169389,1.124248,1.64375,2.109827,1.98199,1.827277,-1.0,45.477333,46.43682595,0.5821408417688031,45.27254426646239,47.60110763353761,46.26449612269745,-0.2655496817065952,-0.012815124502279316
2014-05-16,0.0,0.516798,-0.581398,-0.171971,-0.171974,1.106808,1.020676,1.632226,2.09517,2.176593,1.914405,0.0,45.399124,46.3503126,0.6020298570773254,45.14625288584535,47.554372314154655,46.1820797300596,-0.30223147842756504,-0.0017212162949620021
2014-05-19,-1.432547,0.042765,-1.4753,0.710596,0.710589,0.179608,0.220236,0.840994,1.261489,1.549698,1.171791,1.0,45.721725,46.29849945,0.6096414009066268,45.07921664818675,47.51778225181325,46.13823642243487,-0.3017919917738823,0.0070807581666934944
2014-05-20,0.150376,0.859295,-0.365194,-0.470389,-0.470369,0.279259,0.734686,1.088425,1.583224,1.93423,1.650617,0.0,45.506664,46.22713655,0.614858923022547,44.99741870395491,47.45685439604509,46.07808666791726,-0.3151643028939475,-0.0047147911027345365
2014-05-21,-0.042681,0.512278,-0.341513,0.644466,0.64444,-0.478106,0.121683,0.29173,0.768429,1.157738,1.018213,1.0,45.799927,46.15186685,0.566136218767927,45.019594412464144,47.28413928753585,46.05159527097276,-0.2986553694080243,0.006423720461483746
2014-05-22,-0.763683,0.02122,-0.784894,0.618999,0.619023,-0.827332,-0.49428,-0.412961,0.023338,0.448007,0.396016,1.0,46.083439,46.0941938,0.5052647021714004,45.0836643956572,47.1047232043428,46.05462800707059,-0.25970119793720414,0.006171147446858452
2014-05-23,-0.126879,0.232609,-0.422924,0.318205,0.318199,-0.782412,-0.746463,-0.790869,-0.341508,0.051584,0.152967,0.0,46.230076,46.07219675,0.4881635929627254,45.095869564074555,47.04852393592545,46.07133733973053,-0.21452445165166267,0.003176937273660624
2014-05-27,0.105106,1.639685,-0.336346,0.592089,0.592073,-1.03005,-1.267595,-1.320147,-0.89867,-0.559173,-0.303417,1.0,46.503792,46.08587645,0.49658505167374306,45.09270634665251,47.07904655334749,46.112523497851434,-0.15484994727807333,0.005903275702593428
2014-05-28,0.338123,1.204563,-0.021131,-0.525541,-0.525525,-0.181748,-0.767123,-0.66357,-0.462811,-0.092151,0.199327,-1.0,46.259403,46.0453094,0.4420390086959058,45.161231382608186,46.929387417391816,46.12651202186559,-0.12582716525000137,-0.0052691062532687965
2014-05-29,0.148052,0.465315,-0.148054,-0.084533,-0.084549,0.084615,-0.649311,-0.49773,-0.444148,-0.101508,0.21221,0.0,46.220291,46.0150043,0.40488661228843587,45.20523107542313,46.824777524576874,46.13544335311648,-0.10477463613684534,-0.0008458506000664591
2014-05-30,-0.798825,0.063061,-0.882905,0.613369,0.613369,-0.344749,-1.034257,-1.044065,-1.071042,-0.773577,-0.440753,1.0,46.503792,46.00571705,0.3904736799168592,45.22476969016628,46.78666440983372,46.17052417662919,-0.06447101206087069,0.006114956853335208
2014-06-02,-0.335008,0.418763,-0.690951,0.399407,0.399419,-0.544392,-1.151591,-1.33026,-1.46147,-1.166658,-0.868232,0.0,46.689537,46.007183250000004,0.3931067874235802,45.220969675152844,46.793396824847164,46.21995396933117,-0.01734212126561374,0.003986234807822455
2014-06-03,-1.411083,0.145256,-1.514837,0.900337,0.900356,-1.174535,-1.738967,-2.083437,-2.235957,-1.973875,-1.727906,1.0,47.109909,46.0565519,0.46396906264689514,45.12861377470621,46.984490025293795,46.30471159129963,0.053313803104074964,0.008963268597411925
2014-06-04,0.334169,0.668337,-0.125315,-0.643283,-0.643317,-0.300744,-0.824969,-1.385397,-1.444222,-1.361725,-1.100662,-1.0,46.806843,46.1308481,0.4589152539162525,45.213017592167496,47.04867860783251,46.352533630223476,0.08388723897087402,-0.006453950877236082
2014-06-05,-1.274939,0.349574,-1.521699,1.566416,1.566438,-1.283167,-1.988493,-2.699303,-2.76579,-2.822956,-2.609507,1.0,47.540043,46.2251852,0.5419870973412148,45.14121100531757,47.309159394682425,46.46562976067838,0.1653736945477604,0.015542956249594451
2014-06-06,-0.470057,0.551811,-0.63356,0.616901,0.61689,-1.332511,-2.223582,-2.967502,-3.179027,-3.32311,-3.165055,1.0,47.833313,46.312678899999995,0.6486475949042932,45.01538371019141,47.60997408980858,46.59588530728044,0.2507265165006132,0.006149955011256434
2014-06-09,-1.189996,0.020165,-1.270676,1.328432,1.32844,-1.891896,-3.043575,-3.817408,-4.187179,-4.441313,-4.31088,1.0,48.46875,46.4392765,0.800688763893561,44.83789897221288,48.04065402778712,46.774253373253735,0.3654312343668096,0.01319693893244458
2014-06-10,0.324346,0.344614,-0.689236,-0.504236,-0.504234,-0.932503,-2.195427,-2.983994,-3.492812,-3.782695,-3.688099,-1.0,48.224354,46.5399679,0.8918445452502352,44.75627880949953,48.323656990500474,46.91235819484862,0.4316391673461055,-0.0050550972164720735
2014-06-11,0.450723,0.942428,-0.348293,-1.054127,-1.054138,0.504002,-0.848184,-1.641738,-2.322267,-2.556849,-2.616946,-1.0,47.716003,46.60790995,0.9282032808533777,44.751503388293244,48.464316511706755,46.98889579533923,0.43804029811511924,-0.010597328868650169
2014-06-12,0.725086,0.911537,-0.35219,-1.106333,-1.106323,1.479178,0.466125,-0.345284,-1.110425,-1.336652,-1.501972,-1.0,47.18811,46.6641214,0.9275643072759048,44.80899278544819,48.51925001455181,47.0078685767355,0.395952394323146,-0.011124880213683538
2014-06-13,1.155703,2.26938,-0.987605,-1.408742,-1.408762,2.366059,1.905879,1.14171,0.415017,0.110963,-0.106449,-1.0,46.523342,46.71642185,0.8856689630531767,44.94508392389365,48.48775977610636,46.96172318847498,0.30543533700096503,-0.014187788939129321
2014-06-16,-0.356839,0.293871,-1.259442,0.105062,0.105076,1.444166,1.773723,1.084524,0.43556,0.060456,-0.217601,0.0,46.572227,46.775076999999996,0.8309946711755022,45.11308765764899,48.437066342351,46.92462831338212,0.2349363281360013,0.0010502111973365732
2014-06-17,-0.648673,0.544043,-0.920701,0.314866,0.314859,0.481273,1.370583,0.797939,0.227039,-0.210082,-0.488242,0.0,46.718864,46.824933949999995,0.7935392366884768,45.23785547662304,48.41201242337695,46.905031712107636,0.18872226332002384,0.003143646819648774
2014-06-18,-0.33382,0.146046,-1.084916,0.292946,0.292952,-0.179431,1.084916,0.588357,0.078238,-0.459003,-0.669726,0.0,46.855728,46.89238715,0.7304108365108121,45.43156547697837,48.353208823021625,46.900336120478336,0.16128190754316307,0.002925240595134822
2014-06-19,0.820017,0.862069,-0.462576,-0.771957,-0.77194,0.298551,1.646323,1.41013,0.931436,0.352378,0.163284,-1.0,46.49403,46.927092300000005,0.6912090894962969,45.54467412100741,48.3095104789926,46.8616402994804,0.10909168113629875,-0.007749346496789635
2014-06-20,0.908323,1.013942,-0.570342,-0.462576,-0.462606,0.659075,1.782861,1.849049,1.421644,0.888057,0.642881,0.0,46.278946,46.936867649999996,0.6799404652302886,45.57698671953942,48.29674858046057,46.80614560429179,0.04980099456527398,-0.004636789604667479
2014-06-23,-1.935081,0.249686,-1.997509,1.520915,1.520927,-0.674158,-0.058262,0.364822,-0.017688,-0.488558,-0.790679,1.0,46.982815,46.9745046,0.6592774198936237,45.655949760212756,48.29305943978725,46.82297126102591,0.05892973876671448,0.015094768900664978
2014-06-24,0.083658,1.401378,-0.209165,-0.520183,-0.520175,-0.146419,0.146404,0.836636,0.530215,0.118795,-0.234269,-1.0,46.738422,46.9862361,0.6525133469749778,45.681209406050044,48.291262793949954,46.81491895045202,0.045914586915799305,-0.005215329241765625
2014-06-25,-0.31368,0.522794,-0.543703,0.020914,0.020895,-0.213287,-0.081545,0.807206,0.561492,0.20411,-0.227229,0.0,46.748188,47.01067535,0.6327107385759021,45.745253872848195,48.276096827151804,46.808563621837536,0.03597334159766774,0.00020892831680429305
2014-06-26,1.016301,1.079826,-0.423462,-1.233793,-1.233774,0.893491,0.946424,1.868861,1.8124,1.48803,1.026882,-1.0,46.171421,47.00823185,0.6360095880152823,45.73621267396943,48.28025102603057,46.74788337213872,-0.018235239111383805,-0.012414482018778733
2014-06-27,0.169712,0.42427,-0.466697,-0.190559,-0.190555,1.001266,1.043692,1.810203,1.961171,1.68179,1.263603,0.0,46.083439,46.9872142,0.6600479705777637,45.66711825884447,48.307310141155526,46.684602955744566,-0.06751704748329956,-0.0019073689272006685
2014-06-30,0.127393,0.424631,-0.191083,-0.084856,-0.084863,0.679409,1.014864,1.545649,1.977709,1.752017,1.396321,0.0,46.044331,46.9549539,0.6904310484317701,45.57409180313646,48.33581599686354,46.62362467424508,-0.10847845236177989,-0.0008489948763345096
2014-07-01,-0.084284,0.927103,-0.505685,0.764333,0.764342,-0.231781,0.179091,0.512703,1.127256,0.970914,0.675647,1.0,46.396267,46.919271800000004,0.7003706291048098,45.51853054179038,48.320013058209625,46.60197156241221,-0.11125983279520568,0.0076143536065899345
2014-07-02,-0.978957,0.4999,-1.062275,1.158869,1.158882,-1.295575,-0.951901,-0.749862,-0.017723,-0.128326,-0.376331,1.0,46.933945,46.9256269,0.6998732466423839,45.52588040671523,48.325373393284764,46.63358808027771,-0.06927936637928411,0.011522184231842609
2014-07-03,0.290214,0.974289,-0.352409,0.479075,0.479043,-1.34742,-1.283162,-1.227193,-0.534822,-0.524872,-0.755248,0.0,47.158779,46.9065637,0.6873370931148428,45.53188951377032,48.28123788622968,46.68360626310841,-0.017663703331145086,0.0047789971073991695
2014-07-07,0.145892,0.270948,-0.812839,-0.538976,-0.538981,-0.462678,-0.614825,-0.637752,-0.094818,0.048367,-0.159082,-1.0,46.904602,46.86012815,0.6518890642223063,45.55635002155539,48.163906278444614,46.7046534761457,0.0027009865593470295,-0.005404390442962626
2014-07-08,0.590475,0.653737,-0.358494,-1.167157,-1.167135,0.847742,0.423869,0.504706,0.857228,1.201176,1.029096,-1.0,46.357162,46.754548750000005,0.538838819112147,45.67687111177571,47.8322263882243,46.67155904984611,-0.025044979897501207,-0.011739994274063498
2014-07-09,0.189954,0.612066,-0.379907,-0.084346,-0.084371,0.899126,0.417911,0.531884,0.73661,1.218249,1.10104,0.0,46.31805,46.659233549999996,0.42084514750956126,45.817543254980876,47.500923845019116,46.63789152128934,-0.04961790541329947,-0.0008440660987558976
2014-07-10,-0.405124,0.319823,-0.746275,-1.013084,-1.013078,1.458422,1.249474,1.414363,1.563971,2.170581,2.105904,-1.0,45.848812,46.565873999999994,0.3791127753467801,45.807648449306434,47.32409955069355,46.56274109069035,-0.1057368424366274,-0.010182446144162067
2014-07-11,-0.382979,0.021272,-0.914894,0.213215,0.21322,0.714892,0.985111,1.119153,1.21277,1.814472,1.868799,0.0,45.946571,46.50379705,0.3734681726648336,45.75686070467034,47.25073339532967,46.504058224910324,-0.1407012535809855,0.002129933636377484
2014-07-14,0.516316,0.846766,-0.144568,3.021272,3.021292,-2.057013,-1.712112,-1.697655,-1.669774,-1.213558,-1.060178,1.0,47.334751,46.5443675,0.41721345524832176,45.709940589503354,47.378794410496646,46.583171822537906,-0.055753584208837026,0.029765497763668065
2014-07-15,-0.953542,0.344893,-0.953542,1.796784,1.796773,-3.026989,-3.002641,-3.266386,-3.237983,-2.980731,-2.703054,1.0,48.185249,46.6250186,0.555778175375108,45.513462249249784,47.73657495075021,46.735750601343824,0.07928222038995614,0.017808217684308576
2014-07-16,-0.662381,0.100359,-0.843031,1.075267,1.075267,-3.079086,-3.560821,-4.026497,-4.063631,-3.973508,-3.629067,1.0,48.703369,46.72424385,0.7248491184403076,45.274545613119386,48.173942086880615,46.92314282978727,0.22550751207973008,0.01069526946740432
2014-07-17,0.650671,1.626678,-0.040667,-1.284625,-1.284626,-0.890605,-2.067917,-2.593195,-2.688085,-2.69378,-2.286839,-1.0,48.077713,46.7853431,0.7854816469717422,45.21437980605651,48.356306393943484,47.03310189361705,0.2875917205309193,-0.012929483800688613
2014-07-18,-0.141241,0.504439,-0.504439,0.772674,0.772672,-0.617431,-2.552464,-3.026635,-3.232447,-3.335757,-2.973502,1.0,48.449196,46.8831014,0.8649629253718378,45.153175549256325,48.61302725074368,47.16796799898685,0.36258976737408943,0.007697021231954443
2014-07-21,-0.385001,0.243167,-0.567372,-0.423735,-0.423735,0.182376,-1.860179,-2.31543,-2.617017,-2.781759,-2.532249,0.0,48.2439,46.9813491,0.9034662273242657,45.17441664535147,48.788281554648535,47.27043771336906,0.4008399548737387,-0.004246348849610653
2014-07-22,0.0,0.463718,-0.443542,0.506586,0.506578,-0.197571,-1.915313,-2.471763,-2.95261,-3.113699,-3.022167,0.0,48.488293,47.056623,0.964264863778987,45.12809327244203,48.985152727557974,47.38642393114344,0.4457358116911436,0.005052992440718062
2014-07-23,-1.135909,0.817059,-1.634115,1.169359,1.169365,-1.207653,-2.491031,-3.237677,-3.838181,-4.043043,-4.086621,1.0,49.055298,47.1724668,1.0585835119110973,45.055299776177804,49.2896338238222,47.54536431865359,0.5210621859875033,0.011625805047937846
2014-07-24,0.259535,0.758636,-0.259535,-0.179354,-0.179353,-0.666803,-1.678978,-2.786985,-3.43881,-3.698143,-3.829108,0.0,48.967316,47.2834232,1.1259294798591626,45.031564240281675,49.53528215971833,47.68078828830563,0.5671220383736753,-0.0017951372655082283
2014-07-25,-0.079946,0.3398,-0.179892,-0.119786,-0.119784,-0.359788,-0.955427,-2.431876,-3.043174,-3.38517,-3.59651,0.0,48.908661,47.4202852,1.1497563025900779,45.12077259481985,49.71979780518016,47.79772854656224,0.592066856757441,-0.0011985577834219346
2014-07-28,0.503018,0.76459,-0.321932,-0.6596,-0.659599,0.442649,-0.040247,-1.553326,-2.141857,-2.553728,-2.814895,-1.0,48.58606,47.54541625,1.1326626542877447,45.28009094142451,49.810741558575494,47.87280773260393,0.5791287645309637,-0.00661783887518687
2014-07-29,0.62728,0.910565,0.0,-0.563386,-0.563396,0.9389,0.552417,-0.725743,-1.352681,-1.891532,-2.144196,-1.0,48.312328,47.6588161,1.087083865085734,45.484648369828534,49.83298383017147,47.91466680568927,0.5405561536466266,-0.005649892300705754
2014-07-30,-0.660004,0.54,-0.739998,1.173618,1.173632,-0.304007,-0.578009,-1.528008,-2.243008,-2.854408,-3.132007,1.0,48.879337,47.7829696,1.0770484637252618,45.62887267254948,49.937066527450526,48.00654015752839,0.5494067502056552,0.011667984755499003
2014-07-31,1.328974,2.065013,0.0,-2.18,-2.160445,1.419007,1.564185,0.921653,0.0086,-0.619361,-0.925574,-1.0,47.823326,47.82743865,1.0583470331881175,45.710744583623764,49.94413271637623,47.989091190144734,0.46583973896038344,-0.02184123884154801
2014-08-01,1.018715,1.933474,-0.415792,-1.656107,-1.656119,2.328572,2.973058,2.774944,1.679201,1.127351,0.780927,-1.0,47.031315,47.821065450000006,1.0629592554326843,45.69514693913464,49.946983960865374,47.897874410130946,0.33187792970598906,-0.0166998556579199
2014-08-04,0.227557,0.330989,-0.579228,0.498965,0.498987,1.261933,2.254894,2.254959,1.212584,0.725321,0.35015,0.0,47.265995,47.8391351,1.0495470927912558,45.74004091441749,49.93822928558251,47.837695418689904,0.24186092325646769,0.004977458731708815
2014-08-05,0.772602,1.252877,-0.501142,-0.930908,-0.930914,1.578618,2.860748,3.02229,2.213701,1.738569,1.281939,-1.0,46.825989,47.86257645,1.0195113306401697,45.82355378871966,49.90159911128034,47.741342426433725,0.13347833503241446,-0.009352745870758801
2014-08-06,-0.810135,0.810137,-0.810135,0.52203,0.522037,0.282501,1.904887,2.255994,1.7628,1.267505,0.779467,0.0,47.070438,47.90019585,0.972308178805294,45.95557949238942,49.84481220761059,47.67744676677337,0.06654228630949177,0.005206791356705521
2014-08-07,0.91552,1.186017,-0.353729,-0.166178,-0.166185,0.09571,1.654215,2.272214,2.053855,1.441037,0.964536,0.0,46.992214,47.95736595,0.8739856565747656,46.20939463685047,49.70533726314954,47.61218650327115,0.0071011052723406465,-0.001663232247223122
2014-08-08,-0.804954,0.103197,-1.382873,0.811486,0.811488,-0.565532,0.5119,1.297597,1.382976,0.642616,0.236402,1.0,47.37355,48.0287149,0.7507504634583932,46.527213973083214,49.53021582691678,47.58945921724532,-0.009130579076114032,0.008082127661505102
2014-08-11,0.330647,0.433972,-0.330645,-0.123843,-0.123845,-0.421571,0.36787,1.292307,1.50659,0.802096,0.447449,0.0,47.31488,48.02772135,0.7517297084373791,46.524261933125246,49.531180766874755,47.56330881560291,-0.026423886425170906,-0.0012392223106487937
2014-08-12,-0.474814,0.49546,-0.80512,0.103327,0.103329,-0.297273,0.063997,1.029469,1.315093,0.783057,0.436623,0.0,47.36377,47.986647399999995,0.7649949633022998,46.456657473395396,49.516637326604595,47.544305118878825,-0.035771590058487845,0.0010327566847531022
2014-08-13,-0.266669,0.287177,-0.451284,0.639969,0.639966,-0.681024,-0.826666,0.192843,0.562112,0.255369,-0.113196,1.0,47.666882,47.93482305,0.7488227032711527,46.437177643457694,49.4324684565423,47.555979107557036,-0.018507761394459976,0.006379268615974434
2014-08-14,-0.610623,0.04071,-0.79381,0.779489,0.779491,-1.013639,-1.548955,-0.711018,-0.219786,-0.337745,-0.809142,1.0,48.038441,47.93285945,0.7484797014089722,46.43590004718206,49.429818852817945,47.60192785921827,0.024868979141679404,0.007764685497859192
2014-08-15,1.169951,1.559932,-0.82102,-0.834521,-0.834513,-0.069795,-0.593193,-0.053352,0.534711,0.642936,0.059085,-1.0,47.637554,47.89227735,0.7409765655833292,46.410324218833345,49.374230481166656,47.605320825007006,0.02659060800456814,-0.008380144801889162
2014-08-18,-0.929103,0.141394,-1.090683,1.621504,1.621498,-1.211872,-1.943038,-1.672372,-1.052291,-0.874103,-1.433827,1.0,48.409996,47.90058215,0.7460384448480148,46.40850526030397,49.39265903969603,47.68195655595872,0.08925574049823126,0.016084921563961966
2014-08-19,-0.342056,1.106638,-0.362175,0.383767,0.383755,-1.082487,-1.953714,-2.009382,-1.419498,-1.219259,-1.657081,0.0,48.595772,47.9059561,0.7508662071654272,46.404223685669145,49.40768851433085,47.76898659824837,0.15215493273117175,0.0038302099132696363
2014-08-20,-0.341361,0.240962,-0.682731,0.201203,0.201223,-0.859444,-1.817276,-2.231601,-1.654611,-1.418436,-1.691956,0.0,48.693558,47.8878691,0.7256571728841057,46.43655475423179,49.339183445768214,47.857041017462805,0.20750155989109942,0.002010210840778006
2014-08-21,-2.153904,0.293716,-2.486785,2.550203,2.5502,-2.565111,-3.669478,-4.380921,-4.003318,-3.721141,-3.863874,1.0,49.935341,47.93627035,0.8266950774316146,46.28288019513677,49.58966050486323,48.05497434913301,0.34755922436237086,0.02518224647123115
2014-08-22,0.019633,1.452971,-0.392696,-0.274134,-0.274143,-1.42941,-2.917727,-3.747624,-3.650088,-3.348098,-3.341769,0.0,49.798447,47.98075965,0.9022673956921137,46.176224858615775,49.78529444138423,48.2210193635013,0.44240990479585207,-0.002745189743924747
2014-08-25,-0.677904,0.697271,-0.677904,1.374437,1.374444,-1.94461,-3.606435,-4.627805,-4.76854,-4.481107,-4.444402,1.0,50.482899,48.0756016,1.0558622197986294,45.96387716040274,50.18732603959726,48.43643647173927,0.5662815671890797,0.013650846463224202
2014-08-26,-1.170153,0.498749,-1.285252,0.968429,0.968415,-1.952801,-3.823126,-5.000312,-5.421056,-5.202363,-5.178674,1.0,50.971783,48.20857435,1.2388502263912051,45.73087389721759,50.68627480278241,48.67789804585934,0.6958779571873137,0.009637559833080489
2014-08-27,0.501346,0.790588,-0.34709,-0.517936,-0.517926,-0.6479,-2.722716,-4.027512,-4.748364,-4.578471,-4.55325,-1.0,50.707787,48.29999685,1.3531489133503058,45.593699023299386,51.00629467670061,48.87122080339654,0.7684238472749598,-0.005192716554671861
2014-08-28,0.252969,0.447558,-0.214049,-0.90629,-0.906293,0.385292,-1.393263,-2.717775,-3.635918,-3.603797,-3.536326,-1.0,50.248226,48.42124185,1.415396585180857,45.590448679638286,51.25203502036172,49.00236415545401,0.7798446916766864,-0.00910424571361466
2014-08-29,-0.232339,0.3485,-0.367866,0.505941,0.505942,0.158758,-1.322365,-2.794453,-3.77735,-3.962816,-3.886397,0.0,50.502453,48.59479875,1.448423927934882,45.69795089413024,51.49164660586977,49.14522975969649,0.800185744223036,0.005046666525633341
2014-09-02,-0.34642,0.038493,-1.00077,0.600188,0.600193,-0.311781,-1.43957,-2.916347,-4.003081,-4.36104,-4.291753,1.0,50.805565,48.77177725,1.4930725269187566,45.78563219616249,51.75792230383751,49.30335692543969,0.8311834150872954,0.0059839864696206325
2014-09-03,0.01915,0.574381,-0.363774,0.519632,0.519612,-0.788805,-1.46466,-2.934441,-4.083845,-4.639465,-4.618014,0.0,51.069557,48.98395565,1.503493339898997,45.976968970202,51.990942329797996,49.471566456350196,0.8670563547662695,0.005182670424746751
2014-09-04,-0.419289,0.781399,-0.476463,0.459508,0.459516,-1.0101,-1.406514,-2.905783,-4.109963,-4.886598,-4.908187,0.0,51.30423,49.19564525,1.5178798539017488,46.1598855421965,52.2314049578035,49.6461058414597,0.9040013034632892,0.004584638664337711
2014-09-05,0.019124,0.363294,-1.108983,-0.323998,-0.323993,-0.340345,-0.850859,-2.186103,-3.392923,-4.318162,-4.457603,0.0,51.138008,49.40293495,1.4838341010852152,46.43526674782957,52.37060315217043,49.788191761320675,0.9093848922890047,-0.0032451877101122508
2014-09-08,0.211337,1.383287,-0.26897,-0.478011,-0.478018,0.292031,-0.159455,-1.289777,-2.583084,-3.555034,-3.868696,0.0,50.893559,49.5789354,1.4385215869531076,46.70189222609378,52.455978573906215,49.89346483167109,0.8837392380380606,-0.004791643897994971
2014-09-09,0.741321,1.014438,-0.273116,-1.517773,-1.517776,1.564578,1.307071,0.459109,-0.801782,-1.840799,-2.285063,-1.0,50.121109,49.719246850000005,1.3395168426814281,47.04021316463715,52.39828053536286,49.915145228654794,0.7919554435333254,-0.01529411663112445
2014-09-10,-1.138337,0.308702,-1.254104,1.111986,1.111999,0.293255,0.135047,-0.371736,-1.565703,-2.616252,-3.204071,1.0,50.678455,49.884981100000005,1.2336137396923306,47.41775362061534,52.352208579384666,49.98784139735434,0.7554805795363606,0.011058612911147445
2014-09-11,-1.187055,0.057434,-1.359372,0.77175,0.771732,-0.566716,-0.56097,-0.824546,-1.986393,-3.048809,-3.802399,1.0,51.069557,50.05511485,1.1429095120983936,47.76929582580321,52.34093387419679,50.09086193093964,0.7494929615383228,0.0076876966637465785
2014-09-12,-0.343643,0.91638,-0.553648,0.287193,0.287206,-0.82093,-0.656744,-0.941839,-1.956855,-2.996565,-3.857071,0.0,51.216232,50.2140044,1.066102166053634,48.08180006789273,52.34620873210727,50.19804003275491,0.7479611473058014,0.00286794679825799
2014-09-15,0.114697,0.401451,-0.745561,-0.133639,-0.133651,-0.588792,-0.397624,-0.633395,-1.482499,-2.571582,-3.460131,0.0,51.147781,50.38951575,0.8947995993308814,48.59991655133824,52.17911494866176,50.28849155344492,0.7327767555588878,-0.0013374038042626565
2014-09-16,-0.458369,0.095491,-0.859437,0.095584,0.095586,-0.263556,-0.416346,-0.63534,-1.304424,-2.361337,-3.296401,0.0,51.196671,50.5288495,0.7799252128611072,48.96899907427778,52.08869992572222,50.37498483406922,0.7164294770613466,0.0009554011529390763
2014-09-17,-0.133611,1.259782,-0.324486,0.057292,0.057291,-0.106886,-0.442825,-0.659149,-1.104207,-2.115659,-3.065458,0.0,51.226002,50.660361,0.6472903403735492,49.365780319252906,51.9549416807471,50.45603408796738,0.697797136619549,0.0005727442946505761
2014-09-18,-1.78904,0.447264,-2.199031,2.424129,2.424126,-1.938124,-2.577332,-2.786673,-3.085155,-4.066332,-5.01676,1.0,52.467785,50.84907235,0.5914717999536359,49.66612875009273,52.03201594990727,50.64762941292287,0.774306657508518,0.023952107513739534
2014-09-19,0.934929,1.215409,-0.411372,-0.335445,-0.33545,-1.196704,-2.028787,-2.198941,-2.533644,-3.418085,-4.359246,0.0,52.291782,50.9668944,0.6331127927102296,49.700668814579544,52.23311998542046,50.80421537359688,0.8113858814812573,-0.003360135415545212
2014-09-22,0.754144,1.319761,-0.150833,-0.822736,-0.822711,-0.101828,-1.029428,-1.212936,-1.526219,-2.291112,-3.277411,-1.0,51.861572,51.07005065,0.5999192402081792,49.87021216958364,52.26988913041636,50.904916004682896,0.7968712463433079,-0.008261134762604887
2014-09-23,-0.170326,0.775927,-0.170326,-0.377076,-0.377096,0.45799,-0.355785,-0.727978,-1.038977,-1.66918,-2.630572,0.0,51.666004,51.1292059,0.5973002975623962,49.93460530487521,52.32380649512479,50.97740057566548,0.760817361305385,-0.0037780896681567826
2014-09-24,-0.675922,0.112659,-1.44573,0.794849,0.794865,-0.007517,-0.873083,-1.381906,-1.713297,-2.177246,-3.096759,1.0,52.076679,51.1844507,0.6320588251742648,49.92033304965147,52.44856835034853,51.082093758935436,0.7566601310186343,0.007917226223554343
2014-09-25,2.44419,2.521172,0.0,-2.440854,-2.440851,1.839868,1.555031,1.020005,0.755379,0.436482,-0.466391,-1.0,50.805565,51.1893396,0.6285462288837365,49.93224714223253,52.44643205776747,51.05575768665587,0.6433807268792364,-0.024711332757318773
2014-09-26,-0.952562,0.190509,-1.009722,1.020021,1.02002,0.434361,0.550566,0.024117,-0.157187,-0.469435,-1.258029,1.0,51.323792,51.2431179,0.5885252489230279,50.06606740215395,52.420168397846055,51.08128476411722,0.5886371284579965,0.010148530510986352
2014-09-29,-0.576367,0.422672,-1.402496,-0.838261,-0.838272,0.902984,1.350627,0.869679,0.725267,0.458026,-0.210049,-1.0,50.893559,51.262673199999995,0.5687861562408567,50.12510088751828,52.40024551248171,51.063406119915584,0.5047181481740282,-0.008418053030009148
2014-09-30,0.501741,1.292941,-0.366652,-0.441881,-0.441879,0.957164,1.696255,1.389424,1.158818,0.918564,0.38145,0.0,50.668671,51.25582849999999,0.575362121570751,50.10510425685849,52.406552743141496,51.025812298971246,0.4152781021034144,-0.004428582703398595
2014-10-01,1.135033,1.46771,-0.410957,-1.389429,-1.389433,1.534257,2.87672,2.722772,2.473588,2.25989,1.887159,-1.0,49.964664,51.20058385,0.6432302982482078,49.91412325350358,52.48704444649642,50.924750556212075,0.28431137538593987,-0.013991755022401568
2014-10-02,-0.60488,0.526829,-1.15122,0.293546,0.293559,0.959993,2.105357,2.294624,2.054623,1.912966,1.683243,0.0,50.11134,51.140939350000004,0.6869352006463244,49.767068948707355,52.51480975129265,50.84728288419188,0.19016275046044484,0.0029312941996752053
2014-10-03,-1.165904,0.210245,-1.299696,2.087805,2.087803,-1.169731,-0.204515,0.194946,-0.030589,-0.100161,-0.316648,1.0,51.157566,51.14191725,0.686944729055376,49.768027791889246,52.51580670811075,50.876833657125985,0.1976921098440556,0.020663069563904676
2014-10-06,0.554707,0.745981,-0.286913,-0.076455,-0.076454,-1.006124,-0.273531,0.267783,0.067897,0.024477,-0.154303,0.0,51.118454,51.153161999999995,0.6845016616207028,49.78415867675859,52.5221653232414,50.89984511835208,0.19821823346546807,-0.0007648323019728292
2014-10-07,1.404334,1.560367,0.0,-1.931903,-1.931905,0.72947,1.384823,2.101288,2.040174,1.94109,1.789215,-1.0,50.130894,51.153651249999996,0.6837282336445912,49.786194782710815,52.521107717289176,50.826611678509025,0.11759182623477926,-0.01950810229650349
2014-10-08,-2.531408,0.114193,-2.588506,2.477084,2.477073,-1.157206,-1.202887,-0.347668,-0.358772,-0.499427,-0.64522,1.0,51.372673,51.18836215,0.6759112278817268,49.83653969423655,52.54018460576346,50.878617518651026,0.15214220431631986,0.024468912637733174
2014-10-09,2.62026,2.62026,-0.254206,-2.66464,-2.664633,1.505673,1.341417,2.051884,2.262416,2.120452,2.027766,-1.0,50.00378,51.1350733,0.725932791847143,49.683207716305716,52.58693888369429,50.79529965973188,0.06827833296349439,-0.027007774816073183
2014-10-10,1.636398,2.354819,0.0,-2.014075,-2.014068,2.710029,2.949501,3.701181,4.137884,4.044688,4.039766,-1.0,48.99667,51.0240952,0.8685271596084768,49.287040880783046,52.76114951921695,50.62400159690027,-0.07854433926978999,-0.02034626595298686
2014-10-13,0.480956,1.943882,-0.080162,-0.419076,-0.419069,2.188363,2.951887,3.718085,4.334649,4.310199,4.3607,0.0,48.79134,50.906273150000004,1.0006499469227939,48.90497325615441,52.907573043845595,50.44946239719548,-0.20906085638395666,-0.004199498522629556
2014-10-14,-0.621719,0.310861,-2.00117,3.14629,3.146292,-0.850991,-0.256474,0.376904,1.065651,1.144726,1.145631,1.0,50.326458,50.8627625,1.0062618988605845,48.85023870227883,52.875286297721175,50.437747692700675,-0.1864753714291396,0.030978104695243983
2014-10-15,2.455721,2.516103,-3.160223,-3.477756,-3.477781,1.570066,3.051545,3.513164,4.434391,4.615951,4.618903,-1.0,48.576214,50.7302731,1.1235280302201376,48.483217039559726,52.97732916044027,50.26045876958632,-0.30627571943970366,-0.03539695555905641
2014-10-16,-1.547739,0.924621,-2.030147,0.140902,0.140906,0.868353,2.605034,3.071364,3.894479,4.269351,4.289451,0.0,48.644661,50.539116899999996,1.1374950741865022,48.26412675162699,52.814107048373,50.10657326772096,-0.3911859098247419,0.0014080723159295087
2014-10-17,0.83883,1.298185,-0.659073,0.643216,0.643222,0.207713,1.499903,2.090408,2.889955,3.418413,3.474467,1.0,48.957554,50.3724055,1.1111316722454363,48.15014215550913,52.59466884449087,49.99714286127134,-0.4282929033192886,0.00641161825863321
2014-10-20,-0.989511,0.178112,-1.128043,0.918712,0.918712,-0.455173,0.229571,0.960489,1.70493,2.336038,2.432218,1.0,49.407333,50.24969355,1.0728771421386873,48.10393926572263,52.39544783427738,49.94097049353122,-0.4166046970449955,0.009145176667360531
2014-10-21,-0.448603,0.429105,-1.014238,1.464479,1.464481,-1.969968,-1.217086,-0.568234,0.083869,0.773938,0.95442,1.0,50.130894,50.17293805,1.0198191735237316,48.133299702952534,52.212576397047464,49.959058446528246,-0.344979672789691,0.014538610275845455
2014-10-22,1.124258,2.169621,-0.03945,-1.111759,-1.11176,-0.465488,-0.469429,0.49704,0.956605,1.773565,2.015116,-1.0,49.573559,50.04778205,0.9228769930351381,48.202028063929724,51.89353603607028,49.922344213525555,-0.3293915805920662,-0.011179857835641517
2014-10-23,-0.311223,0.953126,-0.622447,1.400392,1.400378,-1.194309,-1.791466,-0.870115,-0.491137,0.192971,0.553081,1.0,50.267776,50.0208926,0.9073396169571166,48.20621336608577,51.83557183391424,49.95524247890407,-0.25804580373532104,0.013906628714438676
2014-10-24,-0.694981,0.135135,-0.830116,0.758605,0.758625,-1.270276,-2.204637,-1.683401,-1.306955,-0.691124,-0.24132,1.0,50.64912,49.987159,0.8680408107586783,48.25107737848264,51.723240621517355,50.02132605234178,-0.16878681840613297,0.007557620779784314
2014-10-27,-0.21322,0.116305,-0.814115,-0.405403,-0.405411,-0.457453,-1.478969,-1.372358,-0.949796,-0.399302,0.118239,0.0,50.443783,49.9646702,0.8489383998660761,48.26679340026785,51.66254699973215,50.06156004735685,-0.11331122798120674,-0.004062348123171833
2014-10-28,-1.525553,0.152557,-1.525553,1.647604,1.6476,-1.62471,-2.89092,-2.822267,-2.49618,-2.044235,-1.499487,1.0,51.274895,49.9949814,0.8854356124411565,48.22411017511769,51.765852624882314,50.177115757132384,-0.002256617500350444,0.016341747890418142
2014-10-29,-0.322891,0.18993,-1.063631,0.400463,0.400471,-1.276362,-2.714158,-3.195954,-2.737897,-2.481298,-1.875918,0.0,51.480236,50.07076,0.9455196958487684,48.17972060830246,51.96179939169754,50.3012224469293,0.10115817552595985,0.003996710847224666
2014-10-30,-0.997183,0.470367,-1.523992,0.949668,0.968838,-1.565228,-3.006178,-3.871493,-3.491513,-3.32673,-2.848804,1.0,51.978996,50.16414279999999,1.0374932684144365,48.08915626317112,52.23912933682887,50.4610104043646,0.2208154843012693,0.009641746883602167
2014-10-31,-0.242849,0.691207,-1.008775,0.714952,0.714966,-1.613964,-3.046584,-4.126786,-4.062668,-3.934546,-3.534724,1.0,52.350628,50.2237959,1.127972363109288,47.967851173781426,52.47974062621857,50.6409739849013,0.34169352981695766,0.007124219518548562
2014-11-03,-0.093516,0.523656,-0.841595,-0.112083,-0.1121,-0.796688,-2.386142,-3.572902,-3.842796,-3.719768,-3.399032,0.0,52.291943,50.28247035,1.2048602643703978,47.8727498212592,52.692190878740796,50.798209129196415,0.42782318337121694,-0.0011216277580255
2014-11-04,0.169205,0.244409,-1.052826,-0.523662,-0.523666,0.011293,-1.509481,-2.848485,-3.155203,-3.10916,-2.867939,-1.0,52.018108,50.37683105000001,1.2647750102528894,47.847281029494226,52.90638107050579,50.914389974034854,0.4685838158325737,-0.005250416933731238
2014-11-05,-0.796001,0.166607,-1.40689,1.560446,1.560453,-1.014438,-2.406396,-3.804426,-4.505291,-4.38093,-4.312831,1.0,52.829826,50.4496887,1.3632928209364217,47.72310305812716,53.17627434187285,51.0968124526982,0.5599312308284254,0.015484028855213163
2014-11-06,-0.037046,0.574175,-0.333397,-0.055531,-0.05552,-0.64828,-1.872505,-3.226268,-4.187405,-4.124092,-4.133734,0.0,52.800495,50.58952445,1.4554643670002552,47.67859571599949,53.500453184000506,51.25906793339362,0.6227789408014814,-0.0005553519193384713
2014-11-07,0.204653,0.483717,-0.390696,-0.44453,-0.444537,-0.122793,-1.069723,-2.336537,-3.420091,-3.588826,-3.626913,0.0,52.565777,50.7679798,1.468630162899137,47.83071947420173,53.70524012579827,51.38351641592755,0.6461974606857694,-0.00445528505087577
2014-11-10,-0.5938,0.0,-0.649467,0.260463,0.260476,-0.226397,-0.898128,-2.173416,-3.299927,-3.719061,-3.762865,0.0,52.702698,50.9635477,1.4518900584813872,48.05976758303723,53.86732781696277,51.509152757267785,0.6681037032083808,0.0026013690653999204
2014-11-11,0.167257,0.520348,-0.092925,-0.148447,-0.148448,0.152381,-0.494343,-1.712084,-2.937824,-3.386385,-3.495907,0.0,52.624462,51.0784479,1.4892672518870722,48.09991339622586,54.05698240377414,51.615372685147044,0.6714119478832714,-0.0014855810104170903
2014-11-12,-0.149753,0.374393,-0.655182,-0.724778,-0.724804,0.658951,0.378154,-0.65384,-1.878239,-2.614374,-2.645965,-1.0,52.243038,51.2617891,1.3872205778705406,48.48734794425892,54.03623025574108,51.67515033418066,0.6359254735073776,-0.00727443072436906
2014-11-13,0.074852,0.261982,-0.860777,0.037441,0.037465,0.415414,0.394828,-0.436583,-1.568855,-2.477963,-2.545216,0.0,52.262611,51.4426866,1.2578395131349323,48.92700757373014,53.95836562626987,51.73109896902059,0.602437045167207,0.0003745826262245805
2014-11-14,-0.131135,0.412134,-0.224809,-0.112272,-0.112289,0.389666,0.479585,-0.126104,-1.147272,-2.122585,-2.36885,0.0,52.203926,51.60500520000001,1.1224432795815344,49.36011864083694,53.84989175916308,51.776130114828156,0.5646528686024865,-0.0011235177858557619
2014-11-17,-0.952024,0.130668,-0.970694,0.355937,0.355946,-0.085871,0.141868,-0.232714,-1.213249,-2.194999,-2.634245,0.0,52.389744,51.75412575,1.0073156751486576,49.739494399702686,53.768757100297314,51.83456953246357,0.5434381790591587,0.0035531441911044377
2014-11-18,-0.464598,0.669015,-0.557523,0.448014,0.448023,-0.531513,-0.189566,-0.506733,-1.416942,-2.456562,-2.910573,0.0,52.624462,51.87880414999999,0.9484259071004925,49.98195233579901,53.77565596420098,51.909797386514654,0.539347898886362,0.004470221692895827
2014-11-19,0.316813,0.316813,-0.521802,-0.27876,-0.278777,-0.163988,0.022371,-0.10187,-0.864639,-1.886486,-2.568959,0.0,52.477757,52.02401404999999,0.7851782679813201,50.45365751403735,53.59437058596263,51.96388877827516,0.5182938856582666,-0.002791665041391371
2014-11-20,-0.504484,0.093423,-0.766067,-0.260902,-0.260899,0.127058,0.196192,0.205534,-0.407283,-1.347369,-2.165261,0.0,52.340843,52.12766739999999,0.6694350129089031,50.78879737418219,53.4665374258178,51.999789180344195,0.484970178591702,-0.0026124004301845516
2014-11-21,0.76407,1.28587,-0.093177,0.261584,0.261582,-0.029811,-0.081991,-0.039751,-0.49289,-1.336433,-2.199396,0.0,52.477757,52.21909925,0.575096611734951,51.0689060265301,53.3692924734699,52.04530992507332,0.46425704993737327,0.0026124004301844982
2014-11-24,-0.845594,0.165441,-1.176478,1.379057,1.37907,-1.084568,-1.347436,-1.285549,-1.587323,-2.393299,-3.253472,1.0,53.201462,52.3569832,0.4423046851420019,51.472373829716,53.241592570284006,52.15541964649491,0.5004695895963778,0.013696473542018552
2014-11-25,0.128842,0.349711,-0.496965,-0.128676,-0.128679,-0.765698,-1.124617,-1.018474,-1.285669,-2.041531,-2.952749,0.0,53.133003,52.449888599999994,0.3957470514504158,51.65839449709916,53.24138270290083,52.24852282301921,0.5176767635218482,-0.0012876165683158246
2014-11-26,0.591169,0.64659,-0.240164,-0.368123,-0.368116,-0.225392,-0.628127,-0.639212,-0.783311,-1.425422,-2.319569,0.0,52.937412,52.5227474,0.33771551808977013,51.84731636382046,53.19817843617954,52.314131316064994,0.5096560164432589,-0.0036879505314598173
2014-11-28,0.055585,0.389103,-0.259402,-0.295585,-0.295592,0.23717,-0.235318,-0.347109,-0.413196,-0.94272,-1.768755,0.0,52.780933,52.56284425,0.3167119497738164,51.92942035045237,53.19626814954763,52.358588619296896,0.4850812542997147,-0.002960302003854465
2014-12-01,0.843488,1.049676,-0.562322,-1.148792,-1.148782,1.285848,0.918458,0.761006,0.727265,0.325409,-0.421647,-1.0,52.174595,52.5540426,0.32525092224216307,51.90354075551568,53.20454444448433,52.34106541745909,0.41193068846874326,-0.01155431747452212
2014-12-02,-1.563655,0.202355,-1.563655,1.893164,1.893142,-0.610731,-0.811248,-1.053462,-1.062353,-1.334058,-2.036338,1.0,53.162334,52.59756215,0.34590980633973756,51.90574253732053,53.289381762679476,52.419281472939176,0.4287186190744592,0.01875444747826078
2014-12-03,-1.340333,0.126789,-1.630136,1.563646,1.563663,-1.822135,-2.084771,-2.407781,-2.402648,-2.651698,-3.306109,1.0,53.993614,52.69633745,0.440781647008574,51.81477415598285,53.57790074401715,52.56921790408783,0.5032988083629917,0.01551564223872409
2014-12-04,-0.380571,0.453063,-0.888005,-0.054336,-0.054343,-1.388182,-1.756068,-2.142078,-2.244471,-2.414642,-2.982322,0.0,53.964272,52.75305975,0.5240013655169533,51.705057018966095,53.8010624810339,52.70208019893661,0.5536543092772135,-0.0005435823506677716
2014-12-05,-0.998577,0.731098,-1.105569,1.631029,1.631035,-2.218265,-2.876253,-3.398722,-3.626968,-3.771762,-4.261158,1.0,54.844448,52.85525739999999,0.7026168644579608,51.45002367108407,54.260491128915916,52.90611522760931,0.6570106440757968,0.016178762123608376
2014-12-08,-0.691856,1.02892,-1.099874,0.517113,0.517099,-1.649804,-2.895143,-3.542061,-3.890356,-4.065272,-4.482856,0.0,55.128048,52.983370949999994,0.8624706030622936,51.2584297438754,54.708312156124585,53.117727872598905,0.7531238904954805,0.005157664670663742
2014-12-09,-0.734107,0.51925,-2.07699,-0.922478,-0.922472,-0.200531,-1.731415,-2.371821,-2.820047,-3.001605,-3.338696,-1.0,54.619507,53.0792114,0.9332374694665401,51.21273646106692,54.94568633893308,53.26075445616091,0.779276309878469,-0.009267534748420635
2014-12-10,1.909302,2.66201,-0.22031,-2.470899,-2.470894,2.056173,0.783915,0.18236,-0.297415,-0.450159,-0.764951,-1.0,53.269917,53.11148415,0.9278286001857312,51.25582694962854,54.96714135037146,53.26162707938368,0.6832258542967296,-0.025019327179571525
2014-12-11,0.256841,1.320862,-0.165107,0.073429,0.073428,1.735463,0.779677,0.212809,-0.270589,-0.487246,-0.723412,0.0,53.309032,53.16478384999999,0.9056681625453644,51.353447524909264,54.97612017509072,53.26614183372809,0.6033068836352911,0.0007340098982618533
2014-12-12,1.086139,1.779019,-0.318356,-2.036316,-2.036323,2.84644,2.767792,2.280902,1.798692,1.537082,1.355808,-1.0,52.223488,53.1628277,0.9077591579445358,51.34730938411093,54.97834601588907,53.16684146861113,0.447220910796446,-0.020573417353697214
2014-12-15,2.443646,2.443646,-0.511462,-1.142324,-1.14231,2.678527,3.849203,3.3529,2.919104,2.637611,2.480257,-1.0,51.626934,53.1339781,0.9481099782654825,51.23775814346904,55.03019805653096,53.020183614457686,0.2722464430646241,-0.011488842322784862
2014-12-16,1.934731,3.263635,-0.097712,-3.068769,-3.068778,4.100065,6.513588,6.204163,5.942942,5.674425,5.574887,-1.0,50.042618,53.016621799999996,1.1654344330293942,50.68575293394121,55.34749066605878,52.736605936890285,0.005671478966299048,-0.031168510673582103
2014-12-17,-2.36416,0.057195,-2.554814,2.501472,2.501468,0.789326,3.387991,3.373376,3.22784,2.991805,2.951386,1.0,51.294418,52.950119599999994,1.2253948172350086,50.499329965529974,55.400909234470014,52.599254704805496,-0.10338949266589736,0.024706932964559898
2014-12-18,-1.293893,0.0,-1.79297,3.145847,3.145863,-2.436234,0.035114,0.216877,0.120143,-0.099081,-0.183616,1.0,52.90807,52.97163525,1.220432192279805,50.53077086544039,55.41249963455961,52.62866568530021,-0.05893351895704768,0.030973943874052858
2014-12-19,-0.037023,0.870213,-0.481389,-0.166359,-0.166366,-2.047766,-0.181448,0.388818,0.332348,0.109611,-0.016044,0.0,52.820049,52.995595550000004,1.2120716843511778,50.57145218129765,55.41973891870236,52.64689266765257,-0.03045335130529736,-0.0016650446667947315
2014-12-22,0.148262,0.574501,-0.815417,-0.092574,-0.092586,-1.523342,-0.535571,0.557213,0.453126,0.245379,0.089585,0.0,52.771145,53.01026495,1.2072403295318257,50.59578429093635,55.42474560906365,52.658726223114236,-0.011693956691466667,-0.0009262894308532516
2014-12-23,-0.73502,0.808532,-0.900401,0.852481,0.852487,-1.161333,-1.639096,-0.285427,-0.394148,-0.539499,-0.72399,1.0,53.221012,53.01124245,1.207411192086609,50.59642006582678,55.42606483417322,52.71227724948431,0.03902366537568014,0.008488735659881957
2014-12-24,0.25669,0.660068,-0.403375,0.220513,0.220499,-0.612385,-1.842672,-0.586712,-0.594044,-0.704789,-0.897797,0.0,53.338364,53.0215105,1.209372785865862,50.60276492826827,55.440256071731724,52.771904559057226,0.08767639303083996,0.0022025663409000035
2014-12-26,0.367446,0.624656,-0.036744,-0.201689,-0.201662,-0.290296,-1.659023,-0.477689,-0.365617,-0.447557,-0.635688,0.0,53.230801,53.03617995,1.210078167746724,50.61602361450655,55.45633628549344,52.81560898200416,0.11621494155803447,-0.0020186521406300967
2014-12-29,-1.078021,0.639507,-1.279008,0.551167,0.551147,-0.573723,-1.955045,-1.187642,-0.842308,-0.904796,-1.101763,1.0,53.524181,53.07334235,1.2132355047325594,50.64687134053488,55.499813359465115,52.88309203133709,0.16065334918979346,0.005496338120824042
2014-12-30,-0.601754,0.200585,-1.075857,0.200987,0.201004,-0.452236,-1.77791,-1.571855,-0.90537,-1.017513,-1.21141,0.0,53.631767,53.14620095,1.2001050653050525,50.745990819389895,55.546411080610106,52.95439440930499,0.20222131700168688,0.0020080273313517953
2014-12-31,1.552393,1.774162,-0.018486,-1.331143,-1.331166,0.776206,0.090566,-0.458314,0.408439,0.296446,0.154637,-1.0,52.917839,53.13397619999999,1.201176861562296,50.7316224768754,55.53632992312458,52.95091294175214,0.1755327753500069,-0.01340105723894336
2015-01-02,0.184303,0.792483,-0.866194,0.277208,0.277234,0.394391,0.147429,-0.759316,0.043302,0.013999,-0.094613,0.0,53.064545,53.08752274999999,1.1840247216103945,50.7194733067792,55.45557219322078,52.96173504253765,0.16432561849641303,0.0027684995971299143
2015-01-05,2.588013,2.683159,-0.418643,-3.151491,-3.1515,2.945764,3.111319,2.221375,3.048524,3.148239,3.08595,-1.0,51.392216,52.95891995000001,1.222830590585676,50.513258768828656,55.40458113117136,52.81225703848644,0.020267263485806097,-0.03202228148287047
2015-01-06,3.905323,4.082838,-0.33531,-3.520453,-3.520453,5.112424,6.220901,5.596313,6.278101,6.654039,6.662061,-1.0,49.582977,52.69584640000001,1.3546916396515865,49.98646312069683,55.40522967930318,52.50470655863059,-0.23715669287276597,-0.03583915212707171
2015-01-07,0.664452,0.742625,-1.074847,0.927016,0.927014,2.71253,4.700022,4.41535,4.793828,5.50401,5.520167,1.0,50.042618,52.4415749,1.3514034758758122,49.73876794824837,55.144381851751625,52.2702219339991,-0.399472969873095,0.009227433198463282
2015-01-08,-0.327299,0.269548,-0.847129,1.50479,1.504797,0.354252,2.670383,2.966236,2.863876,3.753556,3.797967,1.0,50.795658,52.25038245,1.2964343588297251,49.65751373234055,54.843251167659446,52.129787273618234,-0.46201987669815736,0.0149358761148666
2015-01-09,2.737296,2.875154,-0.019691,-2.233346,-2.233358,1.2761,4.275313,5.099126,4.850341,5.774721,5.936072,-1.0,49.661209,52.069947049999996,1.394487807733092,49.28097143453381,54.85892266546618,51.89468458089269,-0.5962560358722371,-0.022586753157103522
2015-01-12,0.87336,1.052003,-0.694724,-0.787708,-0.787693,1.218728,4.299314,5.441299,5.272913,6.233413,6.529034,-1.0,49.270031,51.867997,1.4944784443558219,48.87904011128836,54.856953888711644,51.64471757318862,-0.7258369578932715,-0.00790811959161956
2015-01-13,1.279488,2.419032,-0.81967,-0.714571,-0.714572,1.675324,4.10835,5.66839,5.692714,6.513385,7.032512,-1.0,48.917961,51.70272065,1.6297539966941148,48.44321265661178,54.96222864338823,51.38502647098018,-0.8471741821787759,-0.007171376085825379
2015-01-14,-0.183486,0.101935,-2.60958,-1.939226,-1.939228,2.821611,4.986745,7.090719,7.401626,8.022829,8.856944,-1.0,47.96933,51.519840450000004,1.8314420904564863,47.85695626908703,55.18272463091298,51.05972204517255,-1.008258820212383,-0.0195827813022812
2015-01-15,1.75736,2.138476,-0.677535,-3.710498,-3.710504,4.789333,7.575697,10.202556,11.123227,11.455432,12.548522,-1.0,46.189426,51.327180850000005,2.166955177635668,46.99327049472867,55.66109120527134,50.59588432658469,-1.264961248071053,-0.03781095092062204
2015-01-16,-1.911363,0.168028,-2.121409,0.804575,0.804574,2.621303,5.320313,8.352589,9.727999,9.989498,11.118113,1.0,46.561054,51.09051265,2.4150063212719353,46.26050000745613,55.92052529254387,50.21161477167186,-1.4220203325976897,0.008013543190940971
2015-01-20,1.523491,1.56581,-0.232747,-0.735146,-0.735149,2.06095,4.980968,8.143613,9.816979,10.190446,11.382434,-1.0,46.218761,50.7560472,2.605722061538187,45.54460307692362,55.96749132307637,49.831342983893585,-1.5561723864849668,-0.00737864271431102
2015-01-21,-0.775038,1.026389,-1.235861,1.015667,1.015676,0.07959,3.305397,6.080149,8.056128,8.608286,9.680202,1.0,46.688194,50.449454450000005,2.7087898416378287,45.03187476672435,55.86703413327566,49.531995461618,-1.6060954670350043,0.010105529665366805
2015-01-22,-2.642731,0.363123,-3.308453,3.833259,3.833271,-3.405298,-0.83116,1.455167,3.624152,4.338898,5.173812,1.0,48.477879,50.23479115,2.685130221430917,44.864530707138165,55.605051592861834,49.43160341765439,-1.4841390148501574,0.03761626322894033
2015-01-23,1.789393,2.344712,-0.020564,-1.916484,-1.916505,-0.946103,0.423704,2.684777,5.052457,6.167841,6.733178,-1.0,47.548798,49.951180449999995,2.652475561359454,44.64622932728109,55.2561315727189,49.252288615973015,-1.4457905464449325,-0.01935108078615949
2015-01-26,-0.838615,0.286357,-0.981794,0.555327,0.555339,-0.969525,-0.517489,1.385421,3.894455,5.29024,5.763274,1.0,47.812855,49.674905,2.5675071497040527,44.5398907005919,54.80991929940811,49.11519970016606,-1.3782048285041455,0.005538026377951642
2015-01-27,-0.55889,0.70379,-1.117783,-1.186333,-1.186323,0.654099,0.248382,2.017511,4.508367,6.074915,6.60524,-1.0,47.24564,49.37564695,2.478492652903758,44.41866164419248,54.33263225580751,48.93714639538834,-1.354794937484968,-0.011934161845927249
2015-01-28,2.674587,2.971762,0.0,-2.483958,-2.483965,2.950539,2.184243,4.108109,6.361699,8.191032,8.875671,-1.0,46.072075,49.00304165,2.38020509346874,44.24263146306252,53.76345183693748,48.664282452970404,-1.41463231702852,-0.02515335646003268
2015-01-29,-1.154975,0.335993,-1.658961,1.082568,1.104027,1.011782,0.770313,2.475809,4.443397,6.478031,7.325672,1.0,46.580723,48.65048945,2.1715725281393947,44.30734439372121,52.993634506278795,48.46584821935417,-1.4048163800096134,0.010979767929028642
2015-01-30,0.298187,1.66134,-0.106494,-1.406968,-1.406977,1.746278,2.150859,3.231206,5.172572,7.362094,8.55843,-1.0,45.925343,48.30086465,2.004865379795999,44.291133890408005,52.310595409592,48.22389534132044,-1.4333975532283034,-0.014169686246596213
2015-02-02,-1.08969,0.104776,-1.718355,1.640043,1.640053,-0.381499,0.527733,1.139491,2.791479,5.059014,6.477121,1.0,46.678543,47.98156455,1.6900707648353095,44.601423020329385,51.36170607967062,48.07671892786135,-1.3793708649725502,0.01626749464825891
2015-02-03,-0.859251,0.695581,-1.084294,2.430847,2.430851,-2.50819,-1.524476,-1.463838,-0.022198,2.112564,3.595055,1.0,47.813229,47.802615200000005,1.4872401278448533,44.8281349443103,50.77709545568971,48.05162464901741,-1.230806674857945,0.02401776410881945
2015-02-04,0.351236,1.239665,-0.206618,-0.981995,-0.982006,-1.00413,-0.409392,-0.708289,0.732835,2.603081,4.23688,-1.0,47.3437,47.69065135,1.4293166881843442,44.83201797363132,50.54928472636869,47.9842032538729,-1.1378392475617929,-0.00986859949176821
2015-02-05,0.412033,0.94767,-0.65925,0.289254,0.289232,-0.910568,-0.906641,-1.06326,0.172532,1.788975,3.564848,0.0,47.480633,47.5625521,1.3178960492298308,44.92676000154034,50.19834419845966,47.936244182075484,-1.0411112603917445,0.0028881425442565064
2015-02-06,0.529107,1.648356,-0.162796,1.23609,1.236127,-1.22915,-2.008682,-2.010827,-1.334387,0.142475,1.94291,1.0,48.067554,47.426146900000006,1.0865221077408902,45.253102684518225,49.59919111548179,47.94874987902068,-0.9066428002398084,0.012285494902082722
2015-02-09,-0.711234,0.60963,-1.564723,0.14245,0.142445,-0.764076,-2.080931,-1.932082,-1.633156,-0.40952,1.437651,0.0,48.136024,47.34988765,0.9685091354518806,45.412869379096236,49.28690592090376,47.96658550959014,-0.7854959120838458,0.0014234400213483521
2015-02-10,1.23507,1.356554,-0.506175,0.365779,0.36578,-0.91922,-2.217051,-2.000624,-2.090791,-1.027493,0.728595,0.0,48.312096,47.30199090000001,0.8889734296742893,45.524044040651425,49.07993775934859,47.99949127058155,-0.6675831089749451,0.0036511275823178585
2015-02-11,-1.066824,0.402579,-1.147341,0.587165,0.587149,-0.98228,-2.26851,-2.310976,-2.69546,-1.686477,-0.197436,1.0,48.59576,47.28588085,0.8606145252535744,45.56465179949285,49.007109900507146,48.056278768621404,-0.5449650312232421,0.005854320214639869
2015-02-12,-1.866772,0.393006,-2.200823,2.435586,2.435599,-2.413048,-3.949697,-4.459417,-4.827253,-4.04522,-2.828395,1.0,49.779358,47.37638225,1.0171944219626952,45.34199340607461,49.41077109392539,48.22038155256222,-0.34826823490811165,0.024064115808381466
2015-02-13,-0.3711,0.566408,-0.761719,0.609161,0.60914,-2.199207,-3.701159,-4.700589,-5.014805,-4.683132,-3.605428,1.0,50.082584,47.57104015,1.1428458053429378,45.28534853931413,49.856731760685875,48.39773416660391,-0.16600322087308683,0.006072922794228869
2015-02-17,-1.431608,0.212807,-1.528336,0.957027,0.957031,-2.166755,-3.845994,-5.241523,-5.519588,-5.515443,-4.684199,1.0,50.56189,47.77108195,1.2965665291984634,45.17794889160307,50.36421500839693,48.60384424597497,0.01692401486230466,0.009524807564221301
2015-02-18,-0.23337,0.486192,-0.64177,-0.522347,-0.522336,-0.86348,-2.84714,-4.339423,-4.618004,-4.937591,-4.256246,-1.0,50.297787,47.97503325,1.358854508895557,45.25732423220889,50.69274226779112,48.76517212731069,0.13898216234887428,-0.005237050355068224
2015-02-19,0.312989,0.8216,-0.156491,-0.583429,-0.583425,0.281684,-1.744918,-3.253784,-3.72667,-4.292816,-3.666286,-1.0,50.004337,48.140840399999995,1.3953966458392824,45.350047108321434,50.931633691678556,48.883187829471574,0.2096188059654267,-0.005851338447533411
2015-02-20,-1.409811,0.251064,-2.742368,1.29108,1.291072,-0.652762,-2.371567,-3.951327,-4.739367,-5.301019,-4.854203,1.0,50.649929,48.249442900000005,1.5033566777435403,45.242729544512926,51.256156255487085,49.051448893331425,0.3140723038876132,0.012828087250359905
2015-02-23,0.409195,0.428685,-1.110678,-0.888372,-0.888347,0.284468,-1.071728,-2.522753,-3.621475,-4.132657,-4.040956,-1.0,50.199982,48.3820021,1.554345443289904,45.27331121342019,51.49069298657981,49.16083299872844,0.35643671047751013,-0.008923160784927442
2015-02-24,-0.924863,0.770707,-0.982665,1.130168,1.130154,-0.755305,-1.65897,-3.075155,-4.407548,-4.872582,-5.040695,1.0,50.767319,48.5297253,1.6356741858049968,45.25837692839001,51.80107367161,49.313831665516204,0.4308238927291157,0.011238152657439052
2015-02-25,-0.844688,0.038397,-1.036669,0.366085,0.366078,-0.860045,-1.499329,-3.017854,-4.392397,-4.847885,-5.276942,0.0,50.953167,48.71510165,1.6916214207692808,45.33185880846144,52.09834449153856,49.46995884022895,0.4990202561145054,0.0036540959270148906
2015-02-26,-0.725054,0.152646,-0.954016,0.614321,0.614319,-0.97309,-1.579849,-3.099916,-4.469564,-5.07166,-5.70261,1.0,51.266182,48.974807,1.6629643996581482,45.648878200683704,52.30073579931629,49.64102771258809,0.571733472372415,0.006124397806259164
2015-02-27,-0.190763,0.858453,-0.476917,0.019077,0.019079,-0.747798,-1.306751,-2.624948,-4.029947,-4.871491,-5.50564,0.0,51.275963,49.209569,1.6384360016808879,45.93269699663823,52.486441003361776,49.79673583519875,0.6229672859947328,0.00019077034188547955
2015-03-02,-2.000381,0.056082,-2.692097,2.041213,2.04121,-1.921854,-2.85287,-4.030661,-5.338381,-6.409469,-7.005156,1.0,52.322613,49.5294325,1.5871793493770745,46.35507380124585,52.703791198754146,50.037295565179825,0.7395018432658418,0.020206563697919646
2015-03-03,0.390841,0.502513,-0.558347,0.448678,0.448693,-1.678774,-2.907137,-3.898516,-5.201946,-6.466434,-7.04025,0.0,52.557381,49.82337439999999,1.5757453010296114,46.671883797940765,52.97486500205922,50.27730370182936,0.8411044070165374,0.004476895605336997
2015-03-04,-0.354012,0.354021,-0.801185,-0.111673,-0.111697,-0.980049,-2.379338,-3.259411,-4.649697,-5.961602,-6.537566,0.0,52.498676,50.057646749999996,1.60910853487186,46.83942968025627,53.27586381974372,50.488862968321804,0.9064392999036386,-0.0011175939357840141
2015-03-05,0.280056,0.317399,-0.765495,-0.204951,-0.204937,-0.347279,-1.723303,-2.577799,-3.972185,-5.286038,-5.982793,0.0,52.391087,50.3100161,1.5559902232991383,47.198035653401725,53.42199654659827,50.670027161814964,0.9387152154145824,-0.0020514687926710216
2015-03-06,1.300413,1.79042,-0.245008,-0.933532,-0.933523,0.833009,-0.555984,-1.387122,-2.641361,-3.983427,-4.87694,-1.0,51.902004,50.53108465,1.442815168456701,47.645454313086596,53.4167149869134,50.78735828926116,0.9142898362232685,-0.009379079296128355
2015-03-09,-0.1322,0.415481,-0.339945,-0.207312,-0.207331,0.838534,-0.041542,-0.961908,-2.079314,-3.330683,-4.406077,0.0,51.794395,50.7174267,1.3452665394519117,48.02689362109617,53.40795977890382,50.88326654742676,0.8761496919996077,-0.0020754633654650047
2015-03-10,1.639664,2.088618,0.0,-3.248349,-3.248344,3.248097,3.183683,2.303341,1.405428,0.188954,-1.043673,-1.0,50.111935,50.816222249999996,1.2116293567887688,48.39296353642246,53.239480963577535,50.809806400052786,0.7020698674141173,-0.03302273550470074
2015-03-11,-1.35678,0.821701,-1.547873,2.147183,2.147185,0.56564,1.060574,0.268805,-0.445255,-1.653358,-2.867065,1.0,51.187931,50.960013999999994,1.0599619168417274,48.84009016631654,53.079937833683445,50.845818266714424,0.6435161829962723,0.02124457832927157
2015-03-12,-0.147933,1.18343,-1.164943,3.344162,3.344161,-2.496302,-1.90089,-2.610948,-3.259988,-4.415683,-5.580007,1.0,52.899738,51.175212900000005,0.9892444465714458,49.19672400685711,53.1537017931429,51.04142966988448,0.7268616760250737,0.03289460450870796
2015-03-13,0.672396,1.307436,-0.522979,-0.998523,-0.998525,-1.333582,-0.702277,-1.409535,-2.036794,-3.078071,-4.259119,-1.0,52.371521,51.30482105,0.9662805423434496,49.3722599653131,53.237382134686904,51.16810503465739,0.7417405588707098,-0.010035434895894679
2015-03-16,0.093133,0.651894,-0.540132,0.280161,0.280162,-1.333578,-0.942443,-1.390695,-2.078595,-3.009868,-4.108148,0.0,52.518246,51.42660415,0.9575785766218355,49.511446996756334,53.34176130324367,51.29668988849954,0.7566494778082244,0.0027977008606179746
2015-03-17,-1.170136,0.278607,-1.263001,0.279384,0.279364,-0.638913,-1.197976,-1.425191,-2.151725,-2.936087,-3.996389,0.0,52.664963,51.5317578,0.9729724980073186,49.58581280398536,53.47770279601464,51.42700161340435,0.7714113889095984,0.002789743658688988
2015-03-18,-0.558457,0.409527,-1.023833,-0.222881,-0.222871,0.100524,-0.967974,-1.002722,-1.71909,-2.396865,-3.481625,0.0,52.547588,51.64424785,0.9526412311013784,49.73896538779724,53.549530312202755,51.53372412641346,0.7648227279330726,-0.0022311986084906647
2015-03-19,2.271858,2.367312,-0.343643,-2.494415,-2.494404,2.012209,1.340202,1.526024,0.915423,0.30622,-0.759199,-1.0,51.236839,51.70587295,0.8779072695547057,49.95005841089059,53.46168748910941,51.50544935246933,0.6463835692998003,-0.025260412086137947
2015-03-20,-1.019254,0.358622,-1.075878,1.145473,1.145479,0.645516,0.177417,0.446703,-0.114199,-0.671958,-1.603755,1.0,51.823746,51.7645638,0.8421053321321682,50.08035313573566,53.44877446426433,51.53576331890082,0.5930419541962451,0.011389676173135682
2015-03-23,1.048016,1.086126,0.0,-0.943752,-0.943749,1.143281,1.042291,1.275397,0.947971,0.371942,-0.454151,-1.0,51.33466,51.8212977,0.7659260915932217,50.28944551681356,53.35314988318645,51.51661062186265,0.5054763702353853,-0.009482303645478043
2015-03-24,0.78937,0.962649,0.0,-1.028965,-1.028977,1.463232,2.229499,2.098579,2.001352,1.434738,0.756005,-1.0,50.806438,51.82325364999999,0.7631377530924355,50.29697814381512,53.349529156184865,51.44897513406621,0.3889730737391588,-0.01034307872936579
2015-03-25,1.167768,1.420786,-0.058394,-1.078163,-1.078168,1.65824,3.15882,2.914239,3.043991,2.537181,1.983267,-1.0,50.258659,51.78852825,0.81859937974637,50.15132949050726,53.42572700949274,51.33561169272657,0.24956535057271623,-0.010840228336009537
2015-03-26,0.0,0.527447,-1.406521,-0.369798,-0.369799,1.570629,2.977152,2.987573,3.307297,2.923239,2.460127,0.0,50.072803,51.728859299999996,0.8982923508002408,49.932274598399516,53.525444001600476,51.215344198181185,0.12267260620500764,-0.0037048441013691866
2015-03-27,0.960788,0.960788,-0.549018,-0.371164,-0.371156,1.172547,2.862742,3.101959,3.552941,3.245491,2.849019,0.0,49.886955,51.659408899999995,0.9846902540826028,49.69002839183479,53.628789408165204,51.08883094121155,0.0070317539943616225,-0.003718460665791733
2015-03-30,-0.600304,0.697136,-0.639036,1.2549,1.254889,-0.406655,1.190946,1.655058,2.090445,1.990717,1.602775,1.0,50.512981,51.5689273,1.0035044354159584,49.56191842916808,53.575936170831916,51.03398808966759,-0.03371079123044041,0.012470807019828065
2015-03-31,-0.504662,0.485248,-0.698758,-0.232376,-0.232372,-0.337733,0.976324,1.929352,2.113747,2.198763,1.828423,0.0,50.395603,51.4608384,1.007847807953931,49.44514278409214,53.47653401590786,50.973189509699246,-0.07461090738969745,-0.0023264235466803384
2015-04-01,-0.484308,0.542431,-1.181714,0.194097,0.194104,-0.437819,0.373886,1.64019,1.717358,1.964355,1.644067,0.0,50.493423,51.360575749999995,0.9988709565366523,49.36283383692669,53.3583176630733,50.92749746115646,-0.09800158634763534,0.001939160967875264
2015-04-02,-0.34709,0.694177,-0.520634,0.46494,0.464948,-0.640197,-0.19091,0.88442,1.082711,1.450047,1.221227,0.0,50.728191,51.27743095000001,0.9775591636087102,49.32231262278259,53.23254927721743,50.90851589342728,-0.09648285805146628,0.004638701393740074
2015-04-06,-0.891126,0.658659,-1.239828,-0.462788,-0.462796,0.061991,0.009686,1.105513,1.413212,1.859745,1.681521,0.0,50.493423,51.2070019,0.980928357219534,49.245145185560936,53.16885861443907,50.868983236910395,-0.11292138308379407,-0.004638701393740147
2015-04-07,0.601712,0.795807,-0.252331,-0.193721,-0.193728,0.209633,0.017472,1.020966,1.471278,1.904509,1.891828,0.0,50.395603,51.137062300000004,0.9866929071126384,49.16367648577473,53.11044811422528,50.82389940482369,-0.13231702083751173,-0.001939160967875269
2015-04-08,-0.423976,0.635965,-0.501056,0.718166,0.718164,-0.362297,-0.705332,0.050114,0.811339,1.036046,1.164652,1.0,50.757526,51.16934185,0.9616328602634191,49.24607612947317,53.09260757052684,50.81757812817382,-0.11713379661791379,0.007155973285677824
2015-04-09,-0.767314,0.153459,-0.844048,0.462521,0.462521,-0.625356,-1.018605,-0.613846,0.32803,0.452719,0.701457,0.0,50.99229,51.1595598,0.9624285464079196,49.234702707184155,53.08441689281584,50.834217354062034,-0.08517563751004786,0.004614542331724338
2015-04-10,-0.667553,0.476826,-0.858287,0.575482,0.575487,-0.976542,-1.348465,-1.17617,-0.403395,-0.208276,0.12652,1.0,51.285744,51.0788601,0.8722794966381002,49.3343011067238,52.8234190932762,50.87721989177041,-0.03575709533140525,0.005738373994561371
2015-04-13,-0.341815,0.550705,-0.474744,0.43868,0.438685,-1.014059,-1.464114,-1.648314,-0.921957,-0.674519,-0.29561,0.0,51.510727,51.0358204,0.8251011863387369,49.38561802732252,52.686022772677475,50.937553902077994,0.021315985809479798,0.004377258422228893
2015-04-14,0.379291,0.512042,-0.663757,0.132928,0.132932,-0.686524,-1.388211,-1.747274,-1.144517,-0.823067,-0.476016,0.0,51.579201,50.988868149999995,0.7604927048189527,49.467882740362086,52.509853559637904,50.99866314949914,0.07125075894483501,0.0013284325908124134
2015-04-15,-0.526215,0.319493,-0.864497,0.910296,0.910289,-1.08626,-1.960156,-2.474472,-2.095469,-1.568877,-1.406375,1.0,52.048721,50.958056049999996,0.6990083327152818,49.560039384569436,52.35607271543056,51.098668659070654,0.147016056883416,0.009061712399625855
2015-04-16,-0.074047,0.814511,-0.407258,1.522272,1.522268,-1.869674,-2.985927,-3.611006,-3.535724,-2.919656,-2.863133,1.0,52.841042,50.97272875,0.7362193194473674,49.500290111105265,52.44516738889474,51.264608977254404,0.26790603040357297,0.015107977136197888
2015-04-17,0.82909,1.940829,-0.226115,-1.758608,-1.758597,0.128128,-1.0213,-1.649401,-1.74393,-1.257969,-1.155085,-1.0,51.911781,51.00647585,0.7639112103658615,49.47865342926828,52.534298270731725,51.326244407992085,0.28543825432502956,-0.01774244073664319
2015-04-20,0.187966,0.695487,-0.206769,0.244961,0.24496,0.086462,-0.966173,-1.614042,-1.963353,-1.52482,-1.387852,0.0,52.038944,51.017235750000005,0.7774245904487339,49.462386569102534,52.572084930897475,51.394120559611885,0.30606552657886965,0.0024466027231981533
2015-04-21,1.657771,1.867376,-0.438262,-1.353385,-1.353379,1.364321,0.575447,-0.157531,-0.618343,-0.266018,-0.064798,-1.0,51.33466,51.01723575,0.7774245904487339,49.46238656910253,52.57208493089747,51.38845764917266,0.26255636920989645,-0.013626203787995205
2015-04-22,-1.092275,0.527313,-1.412429,1.181399,1.181377,0.139374,-0.370984,-1.124908,-1.66948,-1.48624,-1.114237,1.0,51.941116,51.073969649999995,0.8022381586144162,49.469493332771165,52.678445967228825,51.441091777822884,0.2738541590865182,0.011744534766746443
2015-04-23,-0.394594,0.338221,-0.751599,0.225994,0.226006,-0.387073,-0.390833,-1.147442,-1.718344,-1.745964,-1.281478,0.0,52.058506,51.163962000000005,0.8069025607026439,49.55015687859472,52.77776712140529,51.49989313231594,0.28894930318829637,0.002257509163927896
2015-04-24,0.49149,0.604913,-0.094526,-0.601276,-0.601275,0.151226,0.300563,-0.418406,-0.962199,-1.112293,-0.758671,-1.0,51.745491,51.2475964,0.7738623862498464,49.69987162750031,52.79532117249969,51.52328340542871,0.27251325593825015,-0.0060309035834645
2015-04-27,0.151519,1.117424,-0.037879,-0.189042,-0.189048,0.189401,0.517053,-0.080802,-0.604161,-0.938631,-0.617419,0.0,51.647667,51.335632,0.7083005232109365,49.91903095357812,52.75223304642187,51.53512946205455,0.2487268228399202,-0.0018922727786269773
2015-04-28,-0.660132,0.150883,-1.452282,0.416669,0.416689,-0.022647,0.154645,-0.306817,-0.886473,-1.308956,-1.071938,0.0,51.862877,51.403126799999995,0.689859812384482,50.02340717523103,52.78284642476896,51.56634351328745,0.24442398411228083,0.0041582297180726355
2015-04-29,-2.064725,0.427835,-2.139131,1.395696,1.395663,-1.153254,-1.121631,-1.447152,-2.042391,-2.531975,-2.438596,1.0,52.586708,51.51268205,0.6953960570667407,50.12188993586652,52.903474164133485,51.66352108345055,0.29600885993407644,0.013860133335898795
2015-04-30,0.806452,1.219057,-0.750191,-0.818449,-0.818431,-0.300077,-0.436984,-0.485122,-1.074644,-1.582147,-1.658541,-1.0,52.156322,51.59582700000001,0.6659010345118187,50.26402493097637,52.927629069023645,51.710454504074306,0.29871825426815235,-0.00821798686146205
2015-05-01,-0.223212,0.148813,-0.837048,0.825203,0.825185,-0.796117,-1.123493,-1.134653,-1.707571,-2.19641,-2.377833,1.0,52.586708,51.68875285,0.6681241699601811,50.35250451007964,53.02500118992036,51.79390721797199,0.33176958881173135,0.008217986861461987
2015-05-04,-0.590733,0.166144,-0.79379,0.762649,0.76266,-1.041164,-1.692813,-1.697119,-2.216164,-2.702596,-3.043498,1.0,52.987766,51.813469999999995,0.6660544701410965,50.481361059717806,53.145578940282185,51.90760805435561,0.38587688979245627,0.007597668528090633
2015-05-05,1.199633,1.780695,-0.187438,-1.513753,-1.513748,0.603554,-0.018745,-0.108715,-0.541704,-1.078911,-1.498905,-1.0,52.185665,51.9029731,0.5802408200977912,50.74249145980441,53.06345474019558,51.93408966822651,0.35988592742929626,-0.015253216401812798
2015-05-06,1.400986,2.044684,-0.889818,-0.993436,-0.993438,1.257094,0.931463,0.844377,0.544301,0.012117,-0.455005,-1.0,51.667233,51.94845845,0.5180456579859807,50.91236713402804,52.984549765971956,51.90867474744304,0.2940649748378874,-0.00998405083485619
2015-05-07,-1.350593,0.243853,-1.68824,0.927681,1.023326,0.246588,-0.064598,-0.259529,-0.358869,-0.870493,-1.339636,1.0,52.195957,52.0086418,0.46868300849219047,51.07127578301562,52.94600781698438,51.93603496197227,0.2813220977382045,0.01018125030035897
2015-05-08,-0.87005,0.166607,-1.332842,1.331831,1.33182,-0.955862,-1.161464,-1.446993,-1.516706,-2.009792,-2.458727,1.0,52.891113,52.088910250000005,0.4757777673846465,51.137354715230714,53.040465784769296,52.026994775117764,0.3235864521730605,0.013230288750282588
2015-05-11,-0.09265,0.352046,-0.314994,-0.092556,-0.092569,-0.919206,-0.843838,-1.254344,-1.299475,-1.741207,-2.181934,0.0,52.842152,52.15548149999999,0.4837010729585572,51.18807935408288,53.122883645917106,52.10462879653512,0.34910623468272917,-0.0009261229850321946
2015-05-12,-0.130264,0.446591,-0.949017,-0.426161,-0.426141,-0.331233,-0.276167,-0.669277,-0.778456,-1.151823,-1.630017,0.0,52.61697,52.20736995,0.47419694041765,51.2589760691647,53.1557638308353,52.153423196865106,0.34715871118252295,-0.0042705142609799985
2015-05-13,-0.885609,0.295203,-1.328415,0.855971,0.855963,-0.649445,-1.031949,-1.370811,-1.524573,-1.816641,-2.297061,1.0,53.067352,52.2583015,0.5096392536834612,51.23902299263308,53.27758000736692,52.2404640352589,0.37760455788540526,0.008523207945630606
2015-05-14,-0.311352,0.238099,-0.494498,0.738002,0.737998,-0.904755,-1.513305,-1.918711,-2.188199,-2.351357,-2.827912,1.0,53.458988,52.289198799999994,0.5627881683846762,51.163622463230645,53.41477513676934,52.356513936662815,0.4283965738733002,0.00735288125880019
2015-05-15,0.645277,0.682152,-0.387174,-0.659333,-0.659328,-0.165934,-0.761764,-1.096887,-1.426534,-1.566118,-2.033697,-1.0,53.106518,52.34893565,0.583639965668048,51.181655718663905,53.5162155813361,52.42794289507588,0.4351916111985972,-0.006615110246468749
2015-05-18,-0.877993,0.420713,-0.914578,0.792765,0.792756,-0.695068,-1.441456,-1.64065,-2.062786,-2.18961,-2.615279,1.0,53.527523,52.4233646,0.6347090724983697,51.15394645500326,53.69278274499674,52.53266480983056,0.4691403542745576,0.007896299972802048
2015-05-19,-0.975964,0.072288,-1.048259,1.207251,1.207269,-1.304911,-2.250147,-2.52957,-2.969012,-3.164786,-3.544479,1.0,54.173744,52.5653188,0.69319196731509,51.17893486536982,53.95170273463018,52.688958066037166,0.5419424366927643,0.012000392811369264
2015-05-20,0.692296,0.746948,-0.255054,-0.795234,-0.795243,-0.262342,-1.08034,-1.604803,-2.023562,-2.26244,-2.586108,-1.0,53.742931,52.65540955,0.7241910717920365,51.20702740641593,54.10379169358407,52.789336440700296,0.5584382740666527,-0.007984220948469394
2015-05-21,-0.273525,0.474103,-0.4194,-0.091089,-0.091095,-0.083875,-0.711155,-1.324173,-1.781934,-2.109785,-2.329567,0.0,53.693974,52.73718295,0.745272325736053,51.24663829852789,54.227727601472104,52.87549239872884,0.5610929925326147,-0.0009113628764448968
2015-05-22,-0.345647,0.654904,-0.527562,0.237055,0.237062,-0.054579,-0.773153,-1.404622,-1.821381,-2.199384,-2.403526,0.0,53.821262,52.8409715,0.7444361748960826,51.352099150207835,54.32984384979217,52.965565694088,0.5669327065155443,0.0023678143527580903
2015-05-26,0.940262,1.106191,-0.424049,-1.327995,-1.327996,1.132004,0.612091,-0.062751,-0.362675,-0.802706,-0.989843,-1.0,53.106518,52.91391405,0.6909050568225368,51.53210393635493,54.295724163645076,52.978989723222476,0.5080305940347642,-0.013368923312015033
2015-05-27,-0.965918,0.200476,-1.221064,1.161499,1.161507,-0.196835,-0.337167,-1.019385,-1.333528,-1.763809,-1.993612,1.0,53.723354,53.006937900000004,0.6667711503610734,51.67339559927786,54.34048020072215,53.04988155910605,0.5052989834696504,0.011548134309443148
2015-05-28,0.494961,0.494961,-0.604946,-0.583197,-0.58321,0.263985,0.311647,-0.221197,-0.677644,-1.077514,-1.333716,-1.0,53.410034,53.0481042,0.6648740119668921,51.718356176066216,54.37785222393378,53.08418179157214,0.47240625173379414,-0.005849173617033918
2015-05-29,0.702657,0.758136,-0.388319,-0.861589,-0.861574,0.85428,1.087265,0.740864,0.260462,-0.150481,-0.469394,-1.0,52.949867,53.08778145,0.6317053341994917,51.82437078160102,54.351192118398984,53.07138990666051,0.4045435673056019,-0.00865307069571299
2015-06-01,0.422404,1.101925,-0.018369,0.68417,0.684162,-0.022039,0.438931,0.108964,-0.352785,-0.711427,-1.058161,1.0,53.31213,53.12405255,0.6221747415550873,51.879703066889824,54.36840203311018,53.0943175345976,0.37566308728573006,0.00681832477612216
2015-06-02,-0.584793,0.548244,-1.078216,0.495868,0.495863,-0.339908,-0.047512,-0.293615,-0.789519,-1.057328,-1.450696,0.0,53.576485,53.1534885,0.6292735312961094,51.89494143740778,54.41203556259222,53.14023824558831,0.36984301789937746,0.004946374110828426
2015-06-03,-1.060579,0.701059,-1.114512,1.663012,1.663019,-1.696929,-1.628622,-1.69813,-2.202954,-2.484569,-2.871057,1.0,54.467472,53.26757884999999,0.6510419389217537,51.965494972156485,54.5696627278435,53.26664146029419,0.43214428527019066,0.016493420322574552
2015-06-04,0.216879,1.210913,-0.307251,-0.539276,-0.539272,-0.881985,-1.015732,-1.028988,-1.441362,-1.838663,-2.207052,-1.0,54.173744,53.3929044,0.5619119189391136,52.26908056212177,54.516728237878226,53.35303217836141,0.45259980488812346,-0.005407316422049957
2015-06-05,-0.391184,0.604552,-0.711241,1.644677,1.644671,-1.717639,-2.368422,-2.435992,-2.775609,-3.215701,-3.60742,1.0,55.064724,53.536342749999996,0.6048036471204405,52.32673545575911,54.74595004424088,53.516050447088894,0.5345437042481791,0.01631293031795797
2015-06-08,1.078163,1.5274,0.0,-1.049075,-1.049076,-0.244384,-1.211141,-1.232706,-1.598386,-2.050087,-2.417747,-1.0,54.487053,53.61613975,0.6202774805564368,52.37558478888713,54.85669471111287,53.60852688069948,0.5465710817610585,-0.010546179531693945
2015-06-09,-0.767857,0.642859,-1.392855,0.628927,0.628931,-0.410713,-1.514286,-1.691668,-2.032145,-2.527896,-2.834185,1.0,54.829739,53.71551910000001,0.648333081352528,52.41885293729495,55.01218526270507,53.72483279682334,0.5771022854334262,0.0062696154224243196
2015-06-10,-1.315328,0.333215,-1.473167,1.821429,1.821428,-1.704663,-2.898982,-3.25266,-3.49702,-4.010525,-4.335561,1.0,55.828423,53.87609175,0.7514288547094388,52.373234040581124,55.37894945941888,53.9251747209354,0.6741131796447206,0.018050383224018772
2015-06-11,-0.017476,0.506906,-0.489423,0.333215,0.333205,-1.373876,-2.756499,-3.303608,-3.554439,-4.018869,-4.449282,0.0,56.014446,54.023446449999994,0.8648848999518508,52.293676650096295,55.753216249903694,54.12415293798917,0.7572761061106092,0.003326509292943296
2015-06-12,-0.175106,0.245139,-0.770448,-0.174791,-0.174783,-0.896517,-2.055682,-2.869316,-3.165821,-3.584663,-4.057826,0.0,55.916542,54.14632415000001,0.9507811400615227,52.24476186987697,56.04788643012306,54.29485665818068,0.8059923122464454,-0.001749364080798725
2015-06-15,-0.052962,0.51191,-0.953223,-0.805461,-0.805461,0.26125,-0.872023,-1.882908,-2.166817,-2.616067,-3.105728,-1.0,55.466156,54.26430605,0.9613060046728444,52.34169404065431,56.18691805934569,54.406408976449185,0.7990469545210033,-0.008087224727152297
2015-06-16,-0.963729,0.105136,-1.244084,0.741391,0.741391,-0.10163,-1.189765,-2.274398,-2.676536,-3.115472,-3.646429,1.0,55.877377,54.38179875000001,1.0089372572866717,52.363924235426666,56.39967326457335,54.54650116916831,0.8173034411518287,0.007386560470051346
2015-06-17,0.937388,1.078884,-0.282985,-0.928682,-0.928678,0.66501,-0.102586,-1.161424,-1.657239,-2.009203,-2.552181,-1.0,55.358456,54.441034349999995,1.0306239518526366,52.37978644629472,56.50228225370527,54.62383020067609,0.7808975495816526,-0.009330172668832869
2015-06-18,-0.176177,0.211422,-1.374204,0.3891,0.389095,0.116285,-0.237839,-1.284936,-1.873673,-2.208593,-2.695556,0.0,55.573853,54.53258045,1.046544311192965,52.43949182761407,56.625669072385925,54.71430856251646,0.7606579644530953,0.003883400113783984
2015-06-19,0.497951,1.03148,-0.106708,-0.933753,-0.933757,0.746938,0.700699,-0.099584,-0.825176,-1.1709,-1.605307,-1.0,55.054928,54.60062815,1.033308974682288,52.53401020063542,56.667246099364576,54.74674850894346,0.6947365463101676,-0.009381443079276262
2015-06-22,-0.158033,0.456537,-0.333631,1.280457,1.280467,-0.421428,-0.344167,-1.069949,-1.905184,-2.230032,-2.677793,1.0,55.759888,54.69755944999999,1.04718619396237,52.60318706207525,56.791931837924736,54.84323798428218,0.6914076113399545,0.012723380060356507
2015-06-23,-0.191671,0.435616,-0.470465,0.772604,0.7726,-1.073356,-0.866003,-1.518264,-2.382816,-2.790031,-3.225299,1.0,56.190689,54.85176799999999,1.0274597441540572,52.79684851169188,56.90668748830811,54.97156665244578,0.7152860741258067,0.007696309175321533
2015-06-24,0.0,0.582425,-0.282386,-1.271997,-1.271997,0.243557,0.347688,-0.128249,-0.967171,-1.443699,-1.806683,-1.0,55.475945,54.93939755,1.0005392494090926,52.938319051181814,56.94047604881819,55.01960268554618,0.6688262478283846,-0.012801563643366948
2015-06-25,1.423746,1.548322,-0.017795,-0.829511,-0.829518,0.879167,1.005526,0.809168,0.007129,-0.526775,-0.867287,-1.0,55.015762,55.01968395,0.933540446596774,53.152603056806456,56.886764843193546,55.01923690597035,0.5880943924918967,-0.00832977737995688
2015-06-26,0.230744,0.550234,-0.425989,0.266953,0.266953,0.649633,0.599936,0.552604,-0.058565,-0.685118,-1.028273,0.0,55.162628,55.13032199999999,0.796371137227679,53.53757972554463,56.72306427445535,55.03289320063984,0.5298568147497278,0.0026659690159958325
2015-06-29,0.291545,1.348393,-0.05467,-2.591408,-2.591401,2.572882,2.953715,3.134109,2.639395,1.950437,1.643585,-1.0,53.733143,55.151372650000006,0.7499949890304659,53.651382671939075,56.65136262806094,54.90910746724557,0.3641578371483192,-0.0262556957954015
2015-06-30,0.506875,0.796521,-0.778423,0.655978,0.655971,1.125996,1.951487,2.370266,2.017565,1.358441,1.015573,1.0,54.085617,55.176829250000004,0.7007499897124702,53.775329270575064,56.578329229424945,54.830679803698374,0.25830433803441366,0.006538291771598508
2015-07-01,0.592669,0.592669,-0.790226,0.796521,0.796524,-0.025144,0.991381,1.400865,1.215881,0.615666,0.238271,1.0,54.516422,55.17927675,0.6982229562538902,53.78283083749222,56.57572266250778,54.800750489060434,0.20679325652882596,0.007933686395909911
2015-07-02,0.108364,0.866894,-0.541808,-0.556755,-0.55675,0.238394,1.30576,1.747035,1.786166,1.238218,0.828368,-1.0,54.212902,55.18123465,0.6953037206416879,53.79062720871662,56.57184209128338,54.744764918673724,0.13986653162810825,-0.005583052984031199
2015-07-06,-0.526509,0.308638,-1.053017,-0.523744,-0.523755,0.308646,1.630361,2.037043,2.216782,1.843871,1.373767,-1.0,53.928959,55.1244464,0.7495830237392568,53.625280352521486,56.62361244747851,54.66706911689528,0.0631864191659659,-0.005251318035090732
2015-07-07,0.862387,1.009172,-2.69725,-1.053017,-1.053021,1.236705,2.262395,2.85995,3.199095,2.93139,2.423867,-1.0,53.361076,55.06814754999999,0.8371453087440082,53.39385693251197,56.74243816748801,54.542688820048106,-0.04291187315241274,-0.010586040041308134
2015-07-08,1.912883,1.912883,-0.056816,-3.119268,-3.119259,3.57197,4.685607,5.632579,6.218754,6.100006,5.630688,-1.0,51.696606,54.91149089999999,1.1270609369872504,52.65736902602549,57.16561277397449,54.27163331337685,-0.25832652527476085,-0.031689434931191245
2015-07-09,0.242042,0.81922,-0.204805,1.723485,1.723485,1.083597,2.362689,3.491593,4.11097,4.15938,3.769013,1.0,52.587589,54.7494492,1.217626381033902,52.314196437932196,57.184701962067805,54.11124814067429,-0.353079229640997,0.017088009942197658
2015-07-10,-0.018332,0.421554,-0.476543,1.582577,1.582581,-0.788131,0.469203,1.610455,2.246148,2.480203,2.15298,1.0,53.41983,54.6197184,1.2139698855111345,52.19177862897773,57.04765817102226,54.045398793943406,-0.3569023885644995,0.01570188401542866
2015-07-13,-0.900252,0.270072,-0.900252,1.796188,1.796193,-2.373074,-1.447614,-0.265283,0.300677,0.621527,0.438116,1.0,54.379353,54.542858949999996,1.1755986459436136,52.19166165811277,56.89405624188722,54.07720395642499,-0.2792873320109521,0.017802516028982425
2015-07-14,-0.96584,0.375602,-1.198351,0.666185,0.666183,-2.514759,-1.915584,-1.049311,-0.429266,-0.025759,-0.139513,1.0,54.741619,54.506632100000004,1.1566601596216493,52.19331178075671,56.8199524192433,54.14048157962261,-0.18639634089907275,0.006639737976446211
2015-07-15,-0.354235,0.584488,-0.903291,0.983722,0.983716,-2.167902,-2.654975,-2.123035,-1.453238,-0.967053,-1.009559,1.0,55.280121,54.4767693,1.126730237488199,52.2233088250236,56.7302297749764,54.2490186672776,-0.06853689953336328,0.00978908896028439
2015-07-16,-1.177672,0.10241,-1.501964,3.772584,3.772595,-4.058717,-5.697226,-5.461692,-4.860906,-4.460154,-4.4399,1.0,57.365616,54.577127299999994,1.2873377013535363,52.00245189729292,57.151802702707066,54.54583746087021,0.19094843942306028,0.03703173113473687
2015-07-17,-0.37447,0.238296,-0.697872,0.273084,0.27308,-2.893617,-5.378727,-5.428657,-4.950642,-4.615493,-4.506102,0.0,57.52227,54.67454815,1.4322987734339236,51.80995060313215,57.53914569686785,54.82930722650162,0.40456948345531885,0.0027270777196767796
2015-07-20,0.186918,0.764658,-0.373827,0.170209,0.170209,-1.933727,-4.898895,-5.305013,-4.88955,-4.659303,-4.520532,0.0,57.620178,54.802810650000005,1.5758228720263476,51.65116490594731,57.9544563940527,55.09510444302528,0.5751362446377968,0.0017006416885860056
2015-07-21,-0.507613,0.355335,-0.507613,0.424809,0.424799,-1.269026,-4.522833,-5.229546,-5.109975,-4.896776,-4.729827,0.0,57.864948,54.90806365000001,1.7078805112312658,51.49230262753748,58.32382467246254,55.35889906749906,0.7217427242578296,0.004238993799495142
2015-07-22,-2.021878,0.314881,-2.171032,2.098142,2.098154,-2.011936,-5.235337,-6.61364,-6.815551,-6.634411,-6.447911,1.0,59.079044,55.0524814,1.9297542866979063,51.19297282660418,58.91198997339581,55.713198584880104,0.9252313253930851,0.020764463427132052
2015-07-23,0.701523,1.803912,-0.233838,-0.778921,-0.778926,-0.815099,-3.4625,-5.413952,-5.815935,-5.678971,-5.554812,-1.0,58.618862,55.20962725,2.0875688874058964,51.0344894751882,59.38476502481179,55.98992843393914,1.0374060946541306,-0.007819754158633561
2015-07-24,1.703577,1.822826,-0.630322,-1.954231,-1.95424,1.144808,-0.833042,-3.150477,-3.724867,-3.666775,-3.587728,-1.0,57.473309,55.33250459999999,2.14703746689665,51.038429666206696,59.62657953379329,56.131202773563984,1.022086872911018,-0.019735873195920208
2015-07-27,-0.103514,0.638376,-0.914422,-1.260651,-1.260637,2.129049,0.850583,-1.582705,-2.355939,-2.317464,-2.307917,-1.0,56.748779,55.41181215,2.169608370772906,51.07259540845419,59.751028891545815,56.190019557034084,0.9406396550449259,-0.012686508017271553
2015-07-28,0.13706,0.222719,-1.010793,0.707384,0.707379,1.161557,0.563647,-1.83199,-2.742847,-2.906287,-2.895893,1.0,57.150208,55.582665399999996,2.164997660427246,51.2526700791455,59.91266072085449,56.281466075411785,0.8981310181977591,0.007048889067703533
2015-07-29,-0.610993,0.390367,-0.831633,0.942263,0.942277,-0.264775,0.042422,-2.055904,-3.338435,-3.708768,-3.697679,1.0,57.688721,55.7628206,2.183698948790927,51.395422702418145,60.13021849758185,56.415490353943994,0.8975497213152508,0.009378648023639479
2015-07-30,-0.254757,0.288719,-0.985058,-0.067884,0.016974,-0.600721,0.083139,-1.481994,-3.079088,-3.571028,-3.578834,0.0,57.698513,55.92192515000001,2.203936565626236,51.514052018747535,60.32979828125248,56.53768298690171,0.8876469306373238,0.00016972414857435714
2015-07-31,0.564492,0.650019,-0.153951,-0.713319,-0.713308,0.048332,0.761091,-0.32418,-2.114474,-2.719668,-2.786434,-1.0,57.286945,56.07562730000001,2.1855918548789206,51.704443590242164,60.44681100975785,56.60904127386345,0.8369410640875259,-0.007158640140461033
2015-08-03,0.308008,0.393564,-0.838463,-0.034211,-0.034226,0.263688,0.733976,0.046146,-1.789487,-2.539352,-2.624373,0.0,57.267338,56.24254625,2.14002181802744,51.96250261394512,60.522589886054874,56.671736200162165,0.786112364493377,-0.0003423180640302394
2015-08-04,-0.171031,0.684108,-0.30785,0.051338,0.051343,0.263384,0.583113,0.292102,-1.49644,-2.340584,-2.584935,0.0,57.296741,56.43932950000001,2.0397130483260186,52.35990340334797,60.51875559665204,56.73126046681339,0.7396763022530237,0.0005133022654612217
2015-08-05,0.340478,0.868229,-0.238345,0.461777,0.461778,-0.241747,-0.142893,0.09531,-1.439785,-2.54795,-2.953336,0.0,57.561325,56.73256545,1.7182282540582428,53.29610894188352,60.16902195811649,56.81031423187878,0.7159718283923127,0.00460715519974301
2015-08-06,1.239246,1.480208,-0.344227,-1.089554,-1.089549,0.58864,0.661182,1.14739,0.027625,-1.304604,-1.798943,-1.0,56.934166,56.9498943,1.4143816718138489,54.1211309563723,59.778657643627696,56.82210963836651,0.6392109462690527,-0.010955283340029043
2015-08-07,0.466241,1.208774,-0.811606,-0.327019,-0.327016,0.72871,0.863625,1.388282,0.649045,-0.802104,-1.375006,0.0,56.747982,57.11630190000001,1.1478726223505649,54.82055665529888,59.41204714470114,56.81504986328399,0.5569339138788152,-0.0032755216142578694
2015-08-10,-0.817167,0.170238,-0.902286,1.433262,1.433254,-0.592442,-0.420419,-0.051153,-0.49673,-1.951356,-2.629673,1.0,57.561325,57.2754005,0.9524353431178519,55.3705298137643,59.18027118623571,56.88612368582837,0.5510070889134866,0.014230804954286861
2015-08-11,0.641914,1.058295,-0.693957,-1.872664,-1.872658,1.016655,1.3619,1.693204,1.556371,0.140915,-0.609157,-1.0,56.483398,57.36248945,0.7708866439845768,55.82071616203084,58.904262737969155,56.84776885860662,0.4540958033832325,-0.018904146947389233
2015-08-12,0.052713,0.579866,-2.811455,-1.26648,-1.266485,1.669305,2.317696,2.601848,2.902812,1.71748,0.766321,-1.0,55.768044,57.38688559999999,0.7065540031648084,55.97377759367038,58.79999360632961,56.74493791969171,0.31592800072125726,-0.012745737098075334
2015-08-13,-0.523291,0.470951,-1.447762,0.738011,0.737998,0.655862,1.29776,1.560737,2.0434,1.228059,0.126799,1.0,56.179611,57.32758535000001,0.7564418716769313,55.814701606646146,58.84046909335387,56.69109726067345,0.23690810973855747,0.00735288031310634
2015-08-14,-0.711929,0.225735,-0.711929,0.453511,0.453517,0.090299,0.689362,0.979493,1.486322,0.984714,-0.194029,0.0,56.434395,57.2731916,0.7804383075824888,55.71231498483502,58.834068215164976,56.6666494263236,0.1926227807949843,0.0045249155726171325
2015-08-17,-1.055911,0.138477,-1.350178,0.312554,0.312559,-0.557384,0.259652,0.648605,1.080953,0.827729,-0.3471,0.0,56.610786,57.222722,0.7894046088682215,55.643912782263556,58.80153121773644,56.661329100007066,0.16980224352243312,0.0031207193724487187
2015-08-18,0.208513,0.642917,-0.260638,-0.380822,-0.380816,-0.20852,0.483056,0.944105,1.337049,1.33045,0.213182,0.0,56.395203,57.149234750000005,0.7948637432249899,55.559507263550024,58.738962236449986,56.635983757149255,0.132790332627728,-0.003815430729592038
2015-08-19,0.315789,0.912281,-0.771928,-0.955689,-0.955697,0.785965,1.147372,1.699418,2.026378,2.349463,1.428392,-1.0,55.856236,56.988094350000004,0.7045982988256541,55.578897752348695,58.397290947651314,56.561722065992186,0.05928459807913811,-0.009602926191155079
2015-08-20,1.265131,1.771189,0.0,-2.929821,-2.92982,3.105003,3.699619,4.341224,4.700113,5.206542,4.590095,-1.0,54.219749,56.768138699999994,0.8419726080271852,55.084193483945626,58.45208391605436,56.33867701208816,-0.12952694435157497,-0.02973596073242231
2015-08-21,1.492545,2.705226,-0.037306,-3.126701,-3.126687,4.944022,6.242528,7.104468,7.60832,8.221585,7.909028,-1.0,52.524467,56.520696599999994,1.2514490983408553,54.01779840331828,59.02359479668171,55.97541891569881,-0.41121629589299147,-0.03176611564092753
2015-08-24,-2.403653,4.350415,-6.436238,-6.082086,-6.082108,8.788252,11.454123,12.967831,13.82505,14.557765,14.555995,-1.0,49.329872,56.149751249999994,2.0347028732014154,52.080345503597165,60.21915699640282,55.34250968563226,-0.8820663428739479,-0.06274927865842754
2015-08-25,5.653568,5.753807,0.0,-0.913784,-0.913775,6.716118,10.92622,12.861534,14.028669,14.878866,15.212636,-1.0,48.879108,55.73619625,2.5864127226081637,50.56337080478367,60.909021695216325,54.72694762033395,-1.2768722960029208,-0.009179754548038667
2015-08-26,-1.664114,0.191282,-3.882936,4.811544,4.81154,0.011482,4.948359,6.856676,8.163741,8.992407,9.660158,1.0,51.230946,55.413307499999995,2.728995078971374,49.95531734205725,60.87129765794274,54.39399508506405,-1.3840309396680368,0.04699369759902524
2015-08-27,-0.467814,0.336826,-2.039673,2.218822,2.218819,-2.866761,1.942372,3.955847,5.306895,6.149072,6.961681,1.0,52.367668,55.14676525,2.7542668242677624,49.638231601464476,60.65529889853553,54.20101155315319,-1.3615360315461942,0.02194561446591296
2015-08-28,-0.356605,0.525529,-0.863362,-0.299401,-0.299398,-2.695195,1.439569,3.688693,5.137017,6.064667,6.943786,0.0,52.21088,54.892962,2.7804246181835808,49.332112763632836,60.45381123636716,54.011475214757645,-1.3409030404929396,-0.002998475700227036
2015-08-31,-0.654448,0.336574,-1.42109,0.375377,0.375378,-1.884818,0.258042,2.645227,4.280108,5.336613,6.212252,0.0,52.406868,54.649938500000005,2.774377631934964,49.101183236130076,60.19869376386993,53.85865548001882,-1.293822274961272,0.003746749151498635
2015-09-01,2.866123,2.866123,-1.276007,-4.749441,-4.749448,3.423642,3.95957,6.886544,8.740688,10.009437,10.9776,-1.0,49.917831,54.280993,2.8920136485554155,48.49696570288917,60.065020297110834,53.48333886287417,-1.4407468800295007,-0.04865937784255099
2015-09-02,0.115944,0.541061,-1.468595,1.590108,1.590123,1.599991,1.317867,4.548785,6.36328,7.737193,8.690538,1.0,50.711586,53.93850605,2.8886826173170554,48.16114081536589,59.71587128463411,53.2193623997433,-1.4761204950541256,0.01577613160233254
2015-09-03,0.328245,1.776401,-0.386177,0.077297,0.077292,0.884336,0.556088,3.754904,5.671942,7.106389,8.089814,0.0,50.750782,53.62933685,2.882078491631255,47.86517986673749,59.39349383326251,52.984259504529646,-1.483886233377639,0.0007726214698601205
2015-09-04,1.067407,1.403437,-0.929039,-2.317052,-2.317052,2.213875,2.34631,5.293535,7.45503,9.024709,10.12264,-1.0,49.57486,53.27068075000001,2.9196368123158725,47.43140712536827,59.109954374631755,52.65955478981254,-1.5668658604587193,-0.023443176272338575
2015-09-08,-0.484027,0.445303,-1.219752,2.09528,2.095284,-0.592456,0.499507,2.342683,4.563399,6.261367,7.458558,1.0,50.613594,52.9232942,2.7928313949836445,47.337631410032714,58.50895698996729,52.46470138125896,-1.5311603960868183,0.02073634594046912
2015-09-09,2.987423,3.419807,-0.294813,-1.490805,-1.490807,0.888364,2.216976,3.017553,5.48152,7.272795,8.59735,-1.0,49.859043,52.59207645,2.7407205084847135,47.11063543303057,58.07351746696943,52.21654344018668,-1.5459290106548451,-0.015020312169576461
2015-09-10,-0.998627,0.841982,-1.527313,0.373426,0.373429,0.246719,1.599759,1.860187,4.517323,6.272954,7.68422,0.0,50.045231,52.3059358,2.6899574604622107,46.92602087907558,57.68585072092442,52.00975177921652,-1.5250298339129245,0.003727332337337353
2015-09-11,-0.176125,0.097855,-0.919759,0.058739,0.058731,-0.082183,1.082198,1.248538,3.846386,5.66263,7.113511,0.0,50.074623,52.000686400000006,2.5710064072385475,46.85867358552291,57.142699214477105,51.82545380024352,-1.488931916705873,0.0005871363105336258
2015-09-14,0.196159,0.392311,-0.588466,-0.23483,-0.234826,0.306003,0.868967,1.144237,3.442525,5.367594,6.876552,0.0,49.957035,51.6768184,2.3842943835562505,46.9082296328875,56.445407167112506,51.64750915260129,-1.4530624269658006,-0.0023510167983383525
2015-09-15,-1.576923,0.557694,-1.80769,2.000785,2.000789,-1.526927,-1.394235,-0.626929,0.858648,2.782302,4.367302,1.0,50.95657,51.394107600000005,2.0848898493284063,47.224327901343194,55.563887298656816,51.58170542378212,-1.3286654486570129,0.01981036528807253
2015-09-16,-0.6275,0.228178,-1.5212,1.134615,1.134619,-1.981372,-2.186734,-1.398247,-0.744447,1.245094,2.823722,1.0,51.534733,51.151084100000006,1.723157442557717,47.70476921488457,54.59739898511544,51.57723185961239,-1.1699406770628684,0.011282306224010257
2015-09-17,1.858662,2.613742,-0.522751,-1.787408,-1.787414,0.027101,-0.425948,0.314934,0.54404,2.680341,4.237489,-1.0,50.613594,50.888952,1.3217280617178344,48.245495876564334,53.53240812343567,51.485456825363585,-1.1057321787818424,-0.018035811192038953
2015-09-18,0.815271,1.093655,-0.357924,-2.633109,-2.633115,2.410027,1.968586,2.610196,2.761981,4.897197,6.538743,-1.0,49.28088,50.64200855,1.1112913745901856,48.41942580081963,52.86459129918037,51.27549712770991,-1.1491388062963424,-0.026684020129622458
2015-09-21,0.216922,0.769077,-0.690195,0.835152,0.835154,1.455341,1.147708,1.422472,1.625914,3.485706,5.18307,1.0,49.692451,50.50040775,1.03673058620548,48.42694657758904,52.57386892241096,51.12473082983277,-1.1372193742202796,0.008316854009150719
2015-09-22,-0.853513,0.138944,-1.032156,-0.650755,-0.650745,1.47677,1.558149,1.676582,2.295542,3.576805,5.318898,-1.0,49.36908,50.50236815,1.0344352013903404,48.43349774721932,52.571238552780684,50.95752598889632,-1.1407170000955063,-0.006528712919154646
2015-09-23,0.558665,1.057468,-0.339182,-0.516082,-0.516096,1.017567,1.933369,2.094982,2.850167,3.521157,5.365131,-1.0,49.114288,50.51412715,1.0161872765199595,48.48175259696008,52.54650170303992,50.78197951376334,-1.1507829690849718,-0.005174326866560969
2015-09-24,1.078769,1.261956,-0.77346,-1.975255,-1.975244,2.027268,3.592503,3.796723,4.602068,4.966407,6.960436,-1.0,48.144161,50.3597879,1.1296621116832217,48.10046367663356,52.61911212336644,50.530758702928736,-1.2229441246284622,-0.01995012641575823
2015-09-25,-0.751733,0.336305,-1.345203,2.890287,2.890284,-0.735905,0.573691,0.717442,1.377843,1.639563,3.508736,1.0,49.535664,50.2181877,1.0385510812426118,48.141085537514776,52.29528986248523,50.435987778840286,-1.1545408690043786,0.02849303098215953
2015-09-28,3.263312,3.406082,-0.163161,-3.006924,-3.006922,1.656129,3.293902,3.627711,4.087292,4.4177,6.135696,-1.0,48.046165,50.00995195,1.0354962215979395,47.938959506804125,52.08094439319588,50.20838560942693,-1.206611846860099,-0.030530575462531552
2015-09-29,0.102039,0.918369,-1.081631,-0.061185,-0.061197,1.155109,2.744908,3.330622,3.693886,4.372253,5.60409,0.0,48.016762,49.79044665,0.9634571567619397,47.86353233647612,51.71736096352388,49.99965955138627,-1.236003173136119,-0.0006121612538042069
2015-09-30,0.403145,0.463614,-1.431161,1.2449,1.244913,-0.2943,0.880865,1.889398,2.284816,3.067116,3.772081,1.0,48.614529,49.72528155,0.9978495273968608,47.72958249520627,51.72098060479372,49.86774235601615,-1.1972599424619332,0.012372278564714685
2015-10-01,-0.942075,0.220487,-1.342951,0.564398,0.564397,-0.549209,-0.038085,1.159885,1.524353,2.297052,2.714637,1.0,48.888908,49.63414765,0.9861938103441792,47.661760029311644,51.60653527068836,49.774520036395565,-1.131373788031027,0.005628103638201869
2015-10-02,-2.746598,0.0,-4.350445,-0.02004,-0.020045,-0.797915,-0.10024,1.017109,1.353249,2.032077,2.371023,0.0,48.879108,49.54056394999999,0.9631920840026136,47.614179781994764,51.46694811800522,49.68924269959599,-1.0676421993682794,-0.00020047456077702547
2015-10-05,-1.485532,0.351837,-1.602815,2.566157,2.566158,-2.447224,-2.511726,-1.486836,-1.126855,-0.686473,-0.349231,1.0,50.133423,49.5684921,0.9722937293326835,47.62390464133463,51.51307955866537,49.73154558534875,-0.9054838640984002,0.025337845485535207
2015-10-06,-0.019589,0.861729,-0.450448,-0.195463,-0.195462,-1.449275,-2.187624,-1.416635,-0.990992,-0.681552,-0.107066,0.0,50.035431,49.539583949999994,0.9478737190518537,47.64383651189629,51.4353313881037,49.76048705341077,-0.7759348565325652,-0.00195653693431983
2015-10-07,0.311769,1.032732,-0.837882,0.509203,0.509199,-1.282148,-2.449333,-2.081056,-1.449723,-1.155101,-0.519612,0.0,50.290211,49.56114235,0.9603431061610014,47.640456137677994,51.481828562322,49.810936953085935,-0.6452694533794698,0.005079071364673596
2015-10-08,-1.084225,0.367857,-1.742501,0.643028,0.643034,-1.23137,-2.58471,-2.706685,-2.023238,-1.79439,-1.195875,1.0,50.613594,49.5895605,0.9835510202432358,47.622458459513524,51.55666254048647,49.887380481363465,-0.5097458417537766,0.00640975049809334
2015-10-09,0.856362,1.245619,-0.875829,-0.522751,-0.522759,-0.128451,-1.911246,-2.053973,-1.481116,-1.310233,-0.810299,-1.0,50.349007,49.6032797,0.9925456003707652,47.61818849925847,51.58837090074153,49.9313449117098,-0.41886395980482405,-0.005241299314591305
2015-10-12,0.15601,0.409522,-0.780027,-0.194632,-0.194625,0.113105,-1.2812,-1.78887,-1.259748,-1.063961,-0.746879,0.0,50.251015,49.617978699999995,1.0002074943167358,47.61756371136652,51.61839368863347,49.96178968202315,-0.35070385332283394,-0.0019481512835526184
2015-10-13,-0.70299,0.976372,-0.742037,-0.136505,-0.136515,0.308541,-0.714694,-1.546564,-1.201903,-0.963083,-0.758956,0.0,50.182415,49.57927095,0.9598432293096687,47.65958449138066,51.49895740861934,49.98280161706857,-0.2987778000583319,-0.0013660792162189517
2015-10-14,0.690061,0.985804,-0.670347,-0.95684,-0.956837,1.04101,0.46333,-0.516559,-0.43178,-0.018924,0.185335,-1.0,49.702251,49.48764685,0.8438032391584714,47.80004037168305,51.17525332831694,49.956082510681085,-0.29299380049145896,-0.009614442696498615
2015-10-15,-2.15216,0.396449,-3.492547,4.43612,4.436123,-2.752505,-3.22258,-4.259015,-4.536531,-4.122333,-3.993455,1.0,51.907104,49.552322350000004,0.9741509591207109,47.604020431758585,51.500624268241424,50.14189408109241,-0.10923750680811395,0.04340543559009137
2015-10-16,1.233633,1.271592,-0.227745,-0.528605,-0.528596,-1.738477,-2.174992,-3.479476,-3.801485,-3.492128,-3.426334,-1.0,51.632725,49.669914600000006,1.0762573362672498,47.517399927465505,51.82242927253451,50.28387797813123,0.01408818775072973,-0.005299982526935986
2015-10-19,-0.945895,0.605371,-1.002647,0.322646,0.32264,-1.456682,-2.167995,-3.306852,-3.907494,-3.660237,-3.593772,0.0,51.799313,49.775257700000004,1.176975461573073,47.42130677685386,52.12920862314615,50.428205123071116,0.12383940499482549,0.0032212097386252014
2015-10-20,0.037852,0.681304,-0.454205,-0.037838,-0.037833,-0.802427,-1.794102,-2.785774,-3.638348,-3.560187,-3.482216,0.0,51.779716,49.8957895,1.2540978716527378,47.38759375669452,52.40398524330548,50.55692044468339,0.2068522571946687,-0.00037839706402014307
2015-10-21,2.277554,2.605673,-0.038603,-1.949279,-1.949277,1.590421,0.252838,-0.570041,-1.559554,-1.703156,-1.50358,-1.0,50.770386,49.9785944,1.2544554149956113,47.469683570008776,52.48750522999122,50.57725049757069,0.18901717265386964,-0.0196852577196979
2015-10-22,-0.628448,0.685586,-0.685576,1.351085,1.351085,0.060942,-0.919829,-1.562881,-2.549995,-2.948014,-2.725199,1.0,51.456337,50.14420320000001,1.2176241139827833,47.70895497203444,52.57945142796557,50.660973021611575,0.22760951185804856,0.013420390974372157
2015-10-23,-1.193138,0.055927,-1.28635,2.151973,2.151966,-1.692762,-2.585756,-3.169276,-4.314876,-4.742729,-4.616579,1.0,52.56366,50.295603,1.3217726223049584,47.65205775539008,52.93914824460992,50.842181305267616,0.34358529315068864,0.021291383635287525
2015-10-26,0.225944,0.903783,-0.67784,-0.988065,-0.988067,-0.617584,-1.269065,-1.958201,-2.9759,-3.611374,-3.531037,-1.0,52.044296,50.495509549999994,1.2647712036522352,47.965967142695526,53.02505195730446,50.95666841905165,0.3891032609081648,-0.009929804334915837
2015-10-27,0.190074,0.570232,-0.703286,-0.941442,-0.941435,0.239494,-0.064633,-0.830015,-1.71071,-2.525764,-2.575564,-1.0,51.554333,50.6723881,1.1412014676786773,48.389985164642646,52.95479103535735,51.01358885533244,0.3812458936422658,-0.00945894087345151
2015-10-28,-3.416771,0.420243,-3.690848,4.02965,4.029646,-2.576283,-3.202996,-4.256046,-5.050249,-5.964555,-6.219017,1.0,53.63179,50.923251150000006,1.2141513202313716,48.49494850953726,53.35155379046275,51.26294134530078,0.5364682196460038,0.03950572803235899
2015-10-29,1.565412,2.609022,-0.074545,-1.955052,-1.865412,-0.277882,-1.225405,-2.180495,-2.889844,-3.836036,-4.30857,-1.0,52.631336,51.11037255,1.17176921061724,48.766834128765524,53.45391097123448,51.393264645748324,0.5721592588837368,-0.018830305474116838
2015-10-30,1.090845,1.222498,-0.451379,-0.913161,-0.913156,0.482768,-0.215798,-1.048696,-1.681235,-2.749239,-3.243273,-1.0,52.15073,51.273953649999996,1.0676202060313011,49.138713237937395,53.409194062062596,51.4654042032961,0.5552630502080689,-0.00917350437377901
2015-11-02,-0.705928,0.408688,-0.910277,1.241309,1.241313,-0.463709,-1.250078,-1.940321,-2.634371,-3.581618,-4.233531,1.0,52.798084,51.4071867,1.0839398757397571,49.23930694852048,53.575066451479515,51.592326088696474,0.5873382707589485,0.012336722743743223
2015-11-03,-1.107827,0.424666,-1.181684,0.613037,0.613041,-0.480064,-1.599132,-2.168923,-2.93713,-3.784701,-4.581565,1.0,53.121758,51.56150305,1.0979731986689314,49.365556652662136,53.75744944733786,51.73798627072538,0.6315952638314712,0.006111697325066129
2015-11-04,1.003152,1.244655,-0.315813,-0.609302,-0.609306,-0.185775,-0.611846,-1.178276,-2.104598,-2.877914,-3.76404,-1.0,52.798084,51.6868967,1.0883071203337498,49.5102824593325,53.863510940667496,51.838947959227724,0.6332517311808061,-0.006111697325066041
2015-11-05,-0.683293,0.461681,-0.738692,0.594464,0.594457,-0.594641,-0.887454,-1.611024,-2.447908,-3.133803,-4.02096,1.0,53.111946,51.8118143,1.1019249678587972,49.60796436428241,54.015664235717594,51.9601858678727,0.6523704137914734,0.0059269725219489675
2015-11-06,-0.178985,1.056023,-0.680145,3.176356,3.176368,-2.688384,-3.530802,-4.254813,-5.045102,-5.683792,-6.655594,1.0,54.798977,52.034312799999995,1.2325360720741292,49.569240655851736,54.499384944148254,52.230546928075306,0.7944929894688713,0.03126965119955521
2015-11-09,0.37695,0.861605,-1.148805,-0.286379,-0.286387,-1.733974,-2.778323,-3.632994,-4.370583,-5.08286,-5.985131,0.0,54.64204,52.253864050000004,1.2879970841932966,49.67786988161341,54.8298582183866,52.46021293492528,0.884269343752095,-0.0028679760454157475
2015-11-10,-0.483871,0.663081,-1.43369,0.161551,0.161553,-1.304658,-2.354837,-3.429016,-4.109344,-4.892826,-5.727883,0.0,54.730316,52.4812591,1.304396133880006,49.87246683223999,55.09005136776001,52.67641322683716,0.9515717598571669,0.0016142290867111702
2015-11-11,2.222217,2.258647,-0.218585,-1.612898,-1.612898,0.703092,-0.71403,-1.464915,-2.152459,-3.069443,-3.858502,-1.0,53.847572,52.68852515,1.1610402962028599,50.36644455759428,55.010605742405716,52.787952157614576,0.9230391256391215,-0.016260464559897776
2015-11-12,1.982793,1.982793,-0.018702,-2.622956,-2.622965,3.15751,1.922943,1.313693,0.533534,-0.319546,-1.04338,-1.0,52.435169,52.7149284,1.1482688230914786,50.41839075381704,55.01146604618295,52.75435376165128,0.7774952085094355,-0.026579784058687043
2015-11-13,0.0,0.771119,-0.94038,-0.542464,-0.542458,2.704536,2.478849,1.813488,1.131525,0.362322,-0.294541,-1.0,52.15073,52.740828650000005,1.128241381605709,50.48434588678859,54.99731141321142,52.69686578435116,0.6319144391513092,-0.005439350887957918
2015-11-16,-1.359657,0.0,-2.235048,0.977997,0.978005,0.957342,1.460231,0.905434,0.233826,-0.426681,-1.100245,1.0,52.660767,52.783901349999994,1.106642544082244,50.570616261835504,54.99718643816448,52.69342780488915,0.5513408399202859,0.009732539665656351
2015-11-17,0.747798,1.364739,-0.486076,-0.372503,-0.372505,0.471108,1.714332,1.398385,0.673869,0.11962,-0.576123,0.0,52.464603,52.8181457,1.0843044434616587,50.649536813076686,54.98675458692332,52.67163496632828,0.46628187938406285,-0.0037320054650700402
2015-11-18,-2.055296,0.09094,-2.218992,2.785564,2.785562,-2.222629,-0.833032,-1.313207,-1.761874,-2.280391,-3.04584,1.0,53.926037,52.97592825,0.9966998988262463,50.98252845234751,54.969328047652496,52.791101826677966,0.5109081196547223,0.027474708871078224
2015-11-19,-0.326916,0.435884,-0.581182,0.145509,0.14551,-1.783512,-0.811846,-1.287085,-1.668691,-2.267027,-2.977415,0.0,54.004505,53.103336649999996,0.9541862786754477,51.1949640926491,55.01170920735089,52.906664033661016,0.546308939016015,0.0014540465075232236
2015-11-20,1.132418,1.132418,-0.365299,-0.563024,-0.563023,-0.650228,-0.454798,-0.535771,-1.006083,-1.559633,-2.220029,-1.0,53.700447,53.160176,0.9542049124296023,51.251766175140794,55.068585824859206,52.98226241140759,0.5435635417746738,-0.005646143507930429
2015-11-23,0.718495,1.031689,-0.239493,-0.858449,-0.858457,0.427421,0.143705,0.380748,-0.036661,-0.599047,-1.186256,-1.0,53.239452,53.2199338,0.9173563246103648,51.38522115077927,55.054646449220726,53.0067566579402,0.4984436032890116,-0.008621625041355763
2015-11-24,-0.682907,0.609077,-0.867481,-0.184228,-0.18423,0.867484,0.029536,0.568481,0.297163,-0.313089,-0.818273,0.0,53.141369,53.2992856,0.8301972542817977,51.6388910914364,54.959680108563596,53.01957688099352,0.44958867024995186,-0.0018439983235865104
2015-11-25,0.388312,0.462278,-0.591723,-0.184566,-0.184557,0.721147,0.062862,0.785249,0.427137,0.04263,-0.424931,0.0,53.043293,53.26986075,0.8282187207498115,51.61342330850037,54.926298191499626,53.021835558994134,0.3983647692051093,-0.0018472729684760574
2015-11-27,-0.276698,0.295149,-0.903889,0.240379,0.240373,0.166024,-0.038734,0.550947,0.237045,-0.068292,-0.584487,0.0,53.170795,53.2968337,0.8150081725271574,51.666817354945685,54.926850045054316,53.036022172423266,0.363863413466774,0.002400850275988343
2015-11-30,0.462193,0.684043,-0.221851,-0.22136,-0.221358,0.144203,0.353117,0.554631,0.544464,0.190308,-0.274692,0.0,53.053097,53.341952049999996,0.7720672414837371,51.797817567032524,54.88608653296747,53.03764834647819,0.3232968308972275,-0.0022160372012380186
2015-12-01,-0.874634,0.054663,-1.147961,1.460531,1.460529,-1.078718,-0.874635,-0.993683,-0.807215,-1.119392,-1.584617,1.0,53.827953,53.3934455,0.7682187750965451,51.857007949806906,54.92988305019309,53.11291545633741,0.3496414761102997,0.014499662483541217
2015-12-02,1.570009,1.625417,-0.203177,-1.3484,-1.34839,0.258585,0.60029,0.155148,0.546725,0.34872,-0.156444,-1.0,53.102142,53.39246469999999,0.7685963294038749,51.855272041192244,54.92965735880774,53.11188941287671,0.30839789642127613,-0.013575638310045076
2015-12-03,1.700617,2.037003,-0.29901,-1.163652,-1.163657,1.225941,1.51,1.161155,1.700618,1.442723,1.127919,-1.0,52.484215,53.376771250000004,0.7844129366149413,51.80794537677012,54.94559712322989,53.05211089736464,0.22327672263163123,-0.011704808695722158
2015-12-04,-2.595752,0.435654,-2.849882,2.952723,2.952714,-1.357773,-1.395892,-1.542923,-1.130871,-1.362855,-1.613449,1.0,54.033924,53.422870149999994,0.795049968625589,51.83277021274882,55.01297008725117,53.145616907139434,0.27766539020234404,0.02909961381589574
2015-12-07,0.680143,0.882351,-0.900739,-1.252492,-1.252496,0.007358,-0.209554,-0.143375,-0.011942,-0.021317,-0.31596,-1.0,53.357151,53.350778850000005,0.7260814233362329,51.89861600332754,54.80294169667247,53.165763011221394,0.2631257264448976,-0.012604063409533978
2015-12-08,0.842856,1.161264,-0.39333,-1.856623,-1.856597,1.341061,1.511504,1.708171,1.662282,1.837034,1.590292,-1.0,52.366524,53.23700305,0.6905068326161357,51.855989384767724,54.61801671523227,53.08964501015269,0.1697112921455286,-0.018740475917610445
2015-12-09,0.454456,1.893581,-0.94679,-1.086342,-1.086354,1.950383,2.366971,2.739375,2.495734,2.853242,2.721701,-1.0,51.797638,53.090369149999994,0.6677122055686371,51.75494473886272,54.42579356113727,52.96659672347148,0.04920809385234293,-0.010922982440180662
2015-12-10,0.455835,1.120608,-0.911688,-0.302971,-0.302966,1.933514,2.406446,2.756556,2.593529,3.07615,2.905337,0.0,51.640709,52.980025999999995,0.7165560314982077,51.54691393700358,54.41313806299641,52.84032170218848,-0.05828257254661651,-0.0030342542190821514
2015-12-11,1.623944,2.152217,-0.860894,-2.924978,-2.924993,3.447475,4.885547,5.337512,5.454906,5.944047,5.839697,-1.0,50.130222,52.86477864999999,0.9546140866333922,50.95555047673321,54.774006823266774,52.58221696864672,-0.262329407217635,-0.029686235799572643
2015-12-14,0.07828,1.232881,-1.174164,-0.019572,-0.019563,2.176132,4.320942,4.881933,5.272997,5.591391,5.725377,0.0,50.120415,52.763262899999994,1.1269434780692233,50.50937594386155,55.01714985613844,52.347759638299415,-0.41998797674942523,-0.0001956496302618909
2015-12-15,-1.275708,0.533128,-1.275708,2.778869,2.778876,-0.91775,1.051022,1.82279,2.315301,2.493518,2.783693,1.0,51.513199,52.7058845,1.161132368838544,50.383619762322915,55.02814923767709,52.26827767274709,-0.4276181839125144,0.027409655973550304
2015-12-16,-1.595549,0.204074,-2.968466,2.627574,2.627563,-3.050091,-1.580705,-0.8188,-0.266235,-0.271615,0.136053,1.0,52.866741,52.7259914,1.1602157577052863,50.40555988458942,55.046422915410574,52.32527418010451,-0.3207482643518347,0.025936360489781516
2015-12-17,2.214228,2.57381,-0.246028,-1.966608,-1.966605,-1.033308,0.266844,1.014383,1.531983,1.573049,2.082386,-1.0,51.827061,52.621042599999996,1.1407198303024848,50.33960293939503,54.90248226060496,52.27782530580884,-0.3163004554156643,-0.019862000601993883
2015-12-18,2.44093,2.870535,-0.097635,-3.084786,-3.084788,2.155833,2.70065,3.839098,4.387818,4.630349,5.140275,-1.0,50.228306,52.43223265,1.2100854509637085,50.01206174807258,54.852403551927424,52.082632990969906,-0.43674715262617525,-0.0313336936549797
2015-12-21,-0.154474,0.231703,-1.370919,1.132595,1.132592,1.278242,1.046539,2.380128,2.933,3.352001,3.700201,1.0,50.797188,52.2870697,1.2240009224054897,49.83906785518902,54.735071544810985,51.96020965849658,-0.4807561472768498,0.01126226639398089
2015-12-22,-0.038446,0.230731,-1.192077,0.424787,0.424783,0.653729,0.353789,1.579195,2.27938,2.785629,3.024429,0.0,51.012966,52.175745400000004,1.2340313290514826,49.70768274189704,54.64380805810297,51.869995976735005,-0.49254436647863997,0.004238836984507537
2015-12-23,-0.627023,0.018997,-1.045029,1.192084,1.192097,-1.014639,-0.862633,0.191265,0.927221,1.509398,1.609974,1.0,51.62109,52.09973145,1.2181410419701617,49.66344936605968,54.53601353394032,51.84629064561739,-0.44765579330079674,0.011850474207975019
2015-12-24,-0.436348,0.493269,-0.493261,0.152001,0.151994,-1.21419,-1.001705,-0.061971,0.644093,1.18308,1.317273,0.0,51.699551,52.03254435,1.2002858920472677,49.631972565905464,54.43311613409454,51.83231544127287,-0.40112619558824036,0.001518786843032767
2015-12-28,0.362732,0.362732,-0.801837,-0.626063,-0.626067,-0.145093,-0.135545,0.222735,1.103478,1.615887,1.886856,-1.0,51.375877,51.94279845,1.1775878370479178,49.587622775904165,54.29797412409583,51.788845113532595,-0.38592029201755906,-0.006280353526826225
2015-12-29,-0.415255,0.453003,-0.452997,1.145473,1.145475,-0.826726,-0.911662,-1.090973,-0.146278,0.331448,0.72103,1.0,51.964375,51.88836235,1.1483623594404753,49.59163763111905,54.185087068880954,51.80556224557711,-0.3226631733565739,0.01138964441166206
2015-12-30,1.032507,1.223709,-0.0956,-1.283505,-1.283506,0.573618,0.334612,0.056093,0.90536,1.484518,1.942007,-1.0,51.297409,51.76183515,1.0593696583725245,49.643095833254954,53.88057446674505,51.75716669837929,-0.32263094450985363,-0.012918143563371873
2015-12-31,0.618357,1.236713,0.0,-1.051623,-1.051616,1.30241,0.985503,0.982928,1.746857,2.375263,2.913362,-1.0,50.757957,51.644625899999994,1.032615639266696,49.579394621466605,53.70985717853338,51.66200386996221,-0.3619621960457877,-0.010571850269344388
