date,c_open,c_high,c_low,n_close,n_adj_close,adj_sum_5,adj_sum_10,adj_sum_15,adj_sum_20,adj_sum_25,adj_sum_30,label,closing_price_for_label,melody_ma20,melody_std20,melody_lb20,melody_ub20,melody_ema20,melody_macd_12_26,melody_str_log_return
2013-06-03,2.671852,3.168171,-3.159897,-2.232108,-2.232108,2.038216,1.997684,3.173685,2.849699,1.937299,1.751179,-1.0,60.445,,,,,,,
2013-06-04,2.674707,3.116249,-0.857599,-2.580862,-2.580862,3.583259,4.245567,5.233935,5.427957,4.614082,4.190092,-1.0,58.884998,,,,,,,-0.026147505324951057
2013-06-05,4.304815,5.303036,-0.37433,-4.729558,-4.729558,6.784317,8.413551,9.390379,10.239755,9.598222,8.95247,-1.0,56.099998,,,,,,,-0.0484505784509781
2013-06-06,-3.071994,0.08654,-3.513325,2.994654,2.994654,2.123573,4.57944,5.398064,6.723782,6.373488,5.706129,1.0,57.779999,,,,,,,0.02950690085303625
2013-06-07,-2.890129,0.141183,-2.898435,4.196959,4.196959,-2.528033,0.098825,0.98275,2.329538,2.127063,1.516482,1.0,60.205002,,,,,,,0.041112760832951664
2013-06-10,2.613937,2.690315,-0.101843,-2.142681,-2.142681,-0.913182,1.887463,2.793288,4.161503,4.233895,3.668278,-1.0,58.915001,,,,,,,-0.021659694425104178
2013-06-11,-1.886314,0.96,-2.298951,0.780784,0.780784,-1.515789,0.606316,1.751579,2.895158,3.343158,2.872983,1.0,59.375,,,,,,,0.007777518215895491
2013-06-12,3.970878,4.521206,-0.093134,-0.538947,-0.538947,0.018627,0.729828,1.998702,2.942173,3.782576,3.431547,-1.0,59.055,,,,,,,-0.0054040492909947216
2013-06-13,-1.064359,0.22451,-2.644271,1.820339,1.820339,-0.98786,-1.427742,-0.00111,0.712206,1.844669,1.682187,1.0,60.130001,,,,,,,0.018039688618300374
2013-06-14,0.695377,1.633711,-0.745642,-0.74838,-0.74838,-0.417225,-1.043901,0.513852,1.299012,2.500336,2.451687,-1.0,59.68,,,,,,,-0.007511945786605385
2013-06-17,2.31946,3.033135,-0.297364,-1.390754,-1.390754,0.965169,0.080717,1.655058,2.421414,3.614278,3.785051,-1.0,58.849998,,,,,,,-0.0140051561739272
2013-06-18,-1.630073,0.174649,-2.095805,2.158031,2.158031,-0.919826,-1.828009,-0.733532,0.138059,1.112111,1.565482,1.0,60.119999,,,,,,,0.021350748529795408
2013-06-19,2.660621,2.865941,-0.051329,-2.786093,-2.786093,1.71101,1.386774,1.757778,2.725211,3.55548,4.339978,-1.0,58.445,,,,,,,-0.028256407191640093
2013-06-20,2.0703,2.466739,-0.387633,-2.891606,-2.891606,3.550345,4.225177,4.139428,5.346663,6.071005,7.175871,-1.0,56.755001,,,,,,,-0.02934236523283809
2013-06-21,0.289755,1.67706,-1.914128,0.33477,0.33477,2.24427,3.304943,3.220651,4.567126,5.380279,6.560131,0.0,56.945,,,,,,,0.0033421138994189463
2013-06-24,-0.424782,1.628315,-2.185842,-0.781456,-0.781456,2.217699,3.69115,3.568141,4.966814,5.788672,6.972862,-1.0,56.5,,,,,,,-0.007845251573919155
2013-06-25,-0.130949,0.392838,-1.265828,1.371685,1.371685,-0.158885,1.921428,1.979336,3.108246,4.057962,5.085694,1.0,57.275002,,,,,,,0.013623625106412632
2013-06-26,-1.947004,0.634894,-2.649622,3.125267,3.125267,-2.974687,-1.165663,-0.776544,-0.226444,0.722595,1.561276,1.0,59.064999,,,,,,,0.030774252211174958
2013-06-27,0.861483,1.266892,-0.650341,0.228565,0.228565,-2.369933,-1.548144,-0.842907,-0.713684,0.322633,1.013512,0.0,59.200001,,,,,,,0.0022830433118688686
2013-06-28,0.410323,2.128567,-0.230812,-1.199323,-1.199323,-0.656525,-0.556508,0.165267,0.206442,1.3127,2.054479,-1.0,58.490002,58.61075005,1.3116777351831959,55.98739457963361,61.23410552036639,58.70706833521544,,-0.01206572513303863
2013-07-01,0.327979,1.547385,-0.639141,1.649855,1.649855,-1.274915,-2.068794,-1.399941,-1.503241,-0.455137,0.229863,1.0,59.455002,58.56125015,1.256326198265877,56.04859775346824,61.073902546531755,58.778300112813966,,0.01636392387961515
2013-07-02,-1.047732,0.723429,-1.105939,1.135311,1.135311,-1.433561,-3.166473,-2.423084,-2.505406,-1.716615,-0.974557,1.0,60.130001,58.6235003,1.3031827384892465,56.01713482302151,61.2298657769785,58.90703353064121,,0.011289144153682729
2013-07-03,-1.190773,0.876538,-1.554615,0.557125,0.557125,-1.516578,-3.36889,-2.808236,-2.68461,-2.332589,-1.594035,1.0,60.465,58.8417504,1.2212550686642631,56.399240262671476,61.28426053732853,59.05541128962776,,0.005555783555127997
2013-07-05,-0.710323,0.236767,-1.208364,1.281737,1.281737,-2.09667,-3.859407,-3.917377,-3.633657,-3.636188,-2.865505,1.0,61.240002,59.01475055000001,1.3051220667961139,56.404506416407784,61.624994683592234,59.26346754775845,,0.012735918210636835
2013-07-08,0.869278,2.247005,-0.524847,-0.44089,-0.44089,-0.849598,-2.773495,-3.350829,-3.14417,-3.265542,-2.481823,0.0,60.970001,59.053000499999996,1.352202359700708,56.34859578059858,61.75740521940141,59.42599454321003,,-0.004418647126642022
2013-07-09,-1.179304,0.184513,-2.486962,2.222404,2.222404,-2.084236,-3.952667,-5.080359,-4.976334,-5.247975,-4.546598,1.0,62.325001,59.2235005,1.5363338387901706,56.15083282241966,62.29616817758034,59.70209039623765,0.43582684793504,0.02198068913331375
2013-07-10,-0.327793,0.159894,-1.503043,0.344966,0.344966,-1.650144,-3.440998,-5.148705,-5.049969,-5.339943,-4.86169,0.0,62.540001,59.38175055000001,1.7063576709274029,55.9690352081452,62.79446589185481,59.97236759659597,0.6010787975531429,0.003443722564914301
2013-07-11,-1.348942,1.067301,-2.408835,7.866962,7.866962,-6.749182,-9.238805,-11.175509,-11.35191,-11.570114,-11.508052,1.0,67.459999,59.8020005,2.48088062898328,54.84023924203344,64.76376175796656,60.685475349301115,1.1161782703587448,0.07572844679044319
2013-07-12,0.11148,1.337695,-1.412005,-0.266825,-0.266825,-4.704219,-7.795033,-9.894964,-10.583381,-10.768726,-11.023334,0.0,67.279999,60.1595004,2.992951007020073,54.17359838595985,66.14540241404015,61.313525220796244,1.4926672787351194,-0.0026718140084703622
2013-07-15,0.185268,0.444636,-1.052318,0.282405,0.282405,-3.045799,-6.723729,-9.10874,-10.257893,-10.5893,-10.995011,0.0,67.470001,60.549000449999994,3.405696864218657,53.73760672156268,67.3603941784373,61.89985624738708,1.7857837009247604,0.0028200686593013967
2013-07-16,0.236943,0.333207,-1.703076,0.081519,0.081519,-1.584601,-5.604593,-8.094288,-9.688636,-10.152094,-10.718008,0.0,67.525002,60.98275065,3.7161939716846604,53.55036270663068,68.41513859336932,62.435584414302596,1.9994700522023976,0.0008148598366025727
2013-07-17,-0.46117,0.871096,-1.163894,1.155125,1.155125,-1.020423,-5.485688,-8.067246,-10.120781,-10.655149,-11.277846,1.0,68.305,61.392000700000004,4.05172567610668,53.28854934778664,69.49545205221337,62.99457637484521,2.2063242128649136,0.011485041042112027
2013-07-18,-0.015036,0.66892,-2.127021,-2.605956,-2.605956,1.34686,-2.045849,-4.859829,-7.108607,-7.81541,-8.381563,-1.0,66.525002,61.7960008,4.1441887387040115,53.50762332259198,70.08437827740802,63.33080738676471,2.2012520001319587,-0.026405123411812417
2013-07-19,-2.12672,0.412095,-2.928837,2.134533,2.134533,-0.575464,-3.106188,-5.990138,-8.226506,-9.281918,-9.79763,1.0,67.945,62.35550075000001,4.182981900605195,53.98953694878962,70.7214645512104,63.77025430231093,2.2854687451402356,0.02112070744482246
2013-07-22,0.086902,0.427286,-1.180479,1.611599,1.611599,-1.697567,-3.474074,-6.462437,-8.806127,-10.178448,-10.80171,1.0,69.040001,62.9602508,4.233599854311009,54.49305109137798,71.42745050862202,64.27213494018608,2.412755804675051,0.015987506887068736
2013-07-23,2.531831,2.731716,-0.014809,-2.172654,-2.172654,0.49008,-0.558188,-3.587011,-5.963503,-7.668937,-8.395026,-1.0,67.540001,63.51225085,4.063244601841718,55.38576164631657,71.63874005368343,64.58336027921598,2.3653282210664273,-0.021966031496066917
2013-07-24,-0.426503,0.352964,-1.24274,0.673678,0.673678,-0.273552,-0.421358,-3.461042,-5.804474,-7.823519,-8.585438,1.0,67.995003,64.0482509,3.900978620423508,56.24629365915298,71.85020814084702,64.90827863357636,2.3375110063181808,0.0067141874183501
2013-07-25,-1.158898,0.099538,-3.441163,3.426714,3.426714,-2.496974,-3.313184,-5.724844,-8.124773,-10.201773,-11.079981,1.0,70.324997,64.6112508,3.956077364072676,56.69909607185464,72.52340552814535,65.42415657323575,2.4749470573693344,0.033693094535024344
2013-07-26,-3.64041,0.145889,-3.953037,2.339145,2.339145,-3.607059,-4.871474,-6.88574,-9.337571,-11.408643,-12.564032,1.0,71.970001,65.24975079999999,4.065751365841743,57.118248068316504,73.38125353168347,66.04757032816568,2.685645740587546,0.023122067697554427
2013-07-29,-0.462641,0.792086,-0.729012,-0.889258,-0.889258,-2.1001,-3.476799,-5.082015,-7.624073,-9.807095,-11.235106,-1.0,71.330002,65.8917508,3.9544000810824693,57.98295063783506,73.80055096216493,66.55065905881656,2.769063355751811,-0.008932355085751449
2013-07-30,-1.135031,0.584719,-1.293245,1.899616,1.899616,-2.509456,-4.566276,-5.90126,-8.436056,-10.597782,-12.255391,1.0,72.684998,66.5532506,3.927454999722373,58.698340600555255,74.40816059944474,67.13488181511974,2.9109536085927488,0.018817984033654356
2013-07-31,0.163425,1.443549,-0.83753,1.024974,1.024974,-2.018249,-4.836578,-5.867265,-8.459416,-10.624812,-12.541422,1.0,73.43,67.21825055000001,3.9085614592808753,59.40112763143826,75.03537346856176,67.73441688034643,3.048378284082446,0.0101975631012252
2013-08-01,-0.409975,0.759462,-1.075336,1.314173,1.314173,-2.195037,-5.013102,-6.466828,-8.710595,-10.959872,-12.961216,1.0,74.394997,67.91475039999999,3.8828723546937374,60.14900569061251,75.68049510938746,68.36875784412295,3.198287653379708,0.013056123490850098
2013-08-02,1.031551,1.119779,-1.201224,-0.967799,-0.967799,-0.776387,-3.307095,-4.974101,-6.974554,-9.303837,-11.3451,-1.0,73.675003,68.53650044999999,3.751168506037447,61.034163437925095,76.03883746207488,68.87411452563505,3.22185487259118,-0.009725125611235971
2013-08-05,0.040862,0.987534,-0.565281,-0.352904,-0.352904,0.143021,-2.368727,-4.09771,-5.797522,-8.169448,-10.283321,0.0,73.415001,69.15875045,3.4500800180846833,62.25859041383063,76.05891048616937,69.306579904146,3.1828620229979805,-0.0035352813070378005
2013-08-06,3.097219,3.337093,-0.522087,-3.466591,-3.466591,3.227032,1.607164,-0.339122,-1.811771,-4.227462,-6.385639,-1.0,70.870003,69.58600055000001,3.0671038222955795,63.45179290540885,75.72020819459117,69.45547734184639,2.913020354251188,-0.035281032882903074
2013-08-07,-0.567822,1.023488,-2.257275,0.642012,0.642012,1.978273,1.425872,-0.6926,-1.822288,-4.210581,-6.326202,1.0,71.324997,70.02525035,2.5981226272321125,64.82900509553576,75.22149560446422,69.63352683309911,2.704704945925357,0.006399599885381921
2013-08-08,1.401413,1.619721,-0.133804,-0.455657,-0.455657,1.488734,1.985212,0.18216,-1.123591,-3.178591,-5.337088,0.0,71.0,70.2022504,2.5339549343194157,65.13434053136116,75.27016026863883,69.76366713470873,2.484746333180894,-0.004566977997258872
2013-08-09,-0.253398,1.506298,-0.464563,0.049301,0.049301,0.695428,1.803331,0.422791,-0.908008,-2.674742,-4.828375,0.0,71.035004,70.39000065,2.443536552235221,65.50292754552956,75.27707375447045,69.88474683616504,2.2868902310798944,0.0004928925929929212
2013-08-12,0.433146,0.880498,-0.830787,-0.872813,-0.872813,0.729958,2.569764,1.437193,0.173613,-1.281262,-3.42588,-1.0,70.415001,70.53725065,2.3450633766722775,65.84712389665545,75.22737740334456,69.93524723272074,2.056354410561113,-0.008766446782775269
2013-08-13,2.455506,2.579006,-0.661088,-2.258047,-2.258047,2.462772,4.378501,3.905078,2.582279,1.377121,-0.741005,-1.0,68.824997,70.6022504,2.274119770188623,66.05401085962276,75.15048994037724,69.82950911531877,1.7254630137380076,-0.022839315411675394
2013-08-14,0.778856,1.666905,-0.109192,-0.196142,-0.196142,1.896926,3.893578,4.176733,2.811906,1.934486,-0.13054,0.0,68.690002,70.6215005,2.255201205518788,66.11109808896242,75.13190291103757,69.72098462814556,1.4357853892898333,-0.001963350097748141
2013-08-15,1.580408,1.894989,-0.569241,-2.817011,-2.817011,3.578763,5.760623,6.839942,5.809308,4.846983,3.078426,-1.0,66.754997,70.63300025,2.233696741657122,66.16560676668576,75.10039373331423,69.43850961594123,1.0381083856419622,-0.02857450144050619
2013-08-16,0.286807,1.479349,-0.732132,-0.763979,-0.763979,2.930028,5.453238,7.086317,6.49558,5.591663,4.123829,-1.0,66.245003,70.5480004,2.3695802045722236,65.80883999085556,75.28716080914445,69.13436612870873,0.6740245065942929,-0.0076691202950812856
2013-08-19,-0.249171,2.499243,-0.249171,-0.037742,-0.037742,1.701901,4.406523,6.612301,6.322862,5.556025,4.427413,0.0,66.220001,70.4070004,2.5416860668721704,65.32362826625567,75.49037253374433,68.85680754502219,0.37909795170972416,-0.0003774883862441922
2013-08-20,-2.040669,0.81774,-2.335345,2.491697,2.491697,-1.052014,1.426252,3.547465,3.762336,3.010163,2.16099,1.0,67.870003,70.4235005,2.523097703118098,65.37730509376381,75.4696959062362,68.76282615978198,0.2753340246439109,0.024611607697539215
2013-08-21,-1.839074,1.599183,-2.057136,1.348167,1.348167,-2.34063,-0.292219,1.719847,2.43948,1.667801,1.104645,1.0,68.785004,70.46300054999999,2.489031559336858,65.48493743132627,75.4410636686737,68.76493833504084,0.26389132367046386,0.01339160114735348
2013-08-22,0.036257,0.790368,-0.913647,0.247144,0.247144,-1.943295,-0.834603,0.943126,2.087592,1.558116,0.927656,0.0,68.955002,70.3945008,2.5117770423191668,65.37094671536167,75.41805488463834,68.78303963646552,0.2654800300454667,0.002468390865553098
2013-08-23,0.253122,0.810006,-0.824474,0.26104,0.26104,-1.362551,-1.367615,0.242519,1.616763,1.36255,0.75432,0.0,69.135002,70.25275085000001,2.4981438338411452,65.25646318231772,75.24903851768231,68.81655986156403,0.2780583039284892,0.0026069968387645234
2013-08-26,-1.735618,1.282231,-2.479456,2.090113,2.090113,-2.1465,-3.36356,-2.077549,-0.516791,-0.625391,-1.161568,1.0,70.580002,70.21525084999999,2.4867250493646225,65.24180075127074,75.18870094872923,68.98450673189126,0.400014976584103,0.02068570281427481
2013-08-27,1.752332,2.168506,-0.26285,-2.975346,-2.975346,1.032418,-0.450498,0.692657,2.226925,2.476924,1.915885,-1.0,68.480003,70.0050011,2.4443227769466924,65.11635554610662,74.89364665389338,68.93645875742543,0.32348521326203183,-0.03020507094186595
2013-08-28,-1.660684,0.517615,-2.580886,1.5625,1.5625,-0.301942,-1.858377,-1.026602,0.375267,0.989788,0.407618,1.0,69.550003,69.81100124999999,2.308374341279904,65.19425256744019,74.42774993255979,68.99489154243253,0.3451956811634176,0.01550418586198989
2013-08-29,-2.812452,0.29457,-3.212233,2.501794,2.501794,-2.080234,-3.617616,-3.415158,-2.292397,-1.420957,-1.820265,1.0,71.290001,69.65575145,2.076632181233916,65.50248708753216,73.80901581246783,69.2134733955342,0.4970747123549444,0.024710117652863163
2013-08-30,2.157454,2.157454,-0.50007,-1.823542,-1.823542,-0.01714,-1.292322,-1.720717,-0.740816,0.296904,0.100733,-1.0,69.989998,69.4715012,1.8526509846575399,65.76619923068493,73.17680316931508,69.28742811976903,0.5066996432046551,-0.018403733030812698
2013-09-03,-0.867065,1.202715,-1.111808,2.164594,2.164594,-1.876787,-2.644564,-3.701367,-2.977409,-1.818329,-1.905223,1.0,71.504997,69.376001,1.6798418860450313,66.01631722790994,72.73568477209007,69.4986251559815,0.6293208096173402,0.021414989243852628
2013-09-04,-1.848437,0.095843,-2.683654,2.13972,2.13972,-2.685019,-3.976863,-5.334432,-4.861714,-3.855963,-3.709413,1.0,73.035004,69.48425105,1.843015349503721,65.79822035099255,73.17028174900744,69.83542314112613,0.8402716173809495,0.02117149770124442
2013-09-05,0.439591,1.490486,-0.39838,-0.328618,-0.328618,-1.472626,-3.109413,-4.646377,-4.447073,-3.573868,-3.172146,0.0,72.794998,69.55775109999999,1.9466849089388238,65.66438128212235,73.45112091787763,70.11728741339984,0.9768249440631678,-0.003291589020159782
2013-09-06,-0.489897,0.966182,-2.517519,0.947871,0.947871,-1.800369,-3.402735,-4.931164,-5.175206,-4.528815,-3.937992,1.0,73.485001,69.68200114999999,2.1155627464367814,65.45087565712643,73.91312664287355,70.43802204069509,1.1277222348362699,0.009434073315992587
2013-09-09,-0.949689,0.168384,-0.949689,1.020616,1.020616,-1.648819,-3.691655,-5.174109,-5.917694,-5.463191,-4.806807,1.0,74.235001,69.842001,2.3330993710660017,65.17580225786799,74.508199742132,70.79963908443841,1.2929241323384275,0.010154433175826736
2013-09-10,1.042079,1.519426,-0.618528,0.181858,0.181858,-1.05688,-3.356867,-4.615662,-5.822579,-5.583437,-4.843353,0.0,74.370003,70.0397511,2.542440517351146,64.95487006529771,75.1246321347023,71.13967374306333,1.4183910305827112,0.0018169245113604095
2013-09-11,-0.10029,0.0,-1.778553,0.551292,0.551292,-1.132654,-3.044261,-4.522597,-5.940757,-5.891947,-5.271683,1.0,74.779999,70.33750119999999,2.7341629344481637,64.86917533110366,75.80582706889632,71.4863713865811,1.533233540254642,0.005497781122353721
2013-09-12,-0.427693,0.862064,-1.095964,0.053492,0.053492,-0.644212,-2.39174,-4.035907,-5.581394,-5.755412,-5.260402,0.0,74.82,70.6440011,2.8794826855758764,64.88503572884824,76.40296647115176,71.80385982595432,1.6089280815616434,0.0005347727435917929
2013-09-13,0.073588,0.180629,-1.271069,-0.106926,-0.106926,-0.202031,-1.82566,-3.417176,-4.946143,-5.454371,-5.143605,0.0,74.739998,71.04325115,2.8654182744233485,65.3124146011533,76.7740876988467,72.0834920330063,1.6435156329382323,-0.0010698316220951701
2013-09-16,1.864368,2.13456,-0.452579,-0.963341,-0.963341,0.710622,-0.326259,-2.037733,-3.496347,-4.373408,-4.20539,-1.0,74.019997,71.43200085000001,2.7029917131140153,66.02601742377198,76.83798427622804,72.26792107748189,1.5944486417610335,-0.009680110869482245
2013-09-17,0.761704,1.020131,-1.04733,-0.675493,-0.675493,1.164311,0.625684,-1.104911,-2.343575,-3.55413,-3.549143,-1.0,73.519997,71.79700065,2.4424686414849694,66.91206336703006,76.68193793296994,72.387166403436,1.4979494476277893,-0.006777849186214809
2013-09-18,-1.183826,0.995491,-1.950625,1.108545,1.108545,-0.064574,-0.302683,-1.664087,-2.979416,-4.315058,-4.451244,1.0,74.334999,72.12025045,2.320137525932996,67.479975398134,76.760525501866,72.57267426977543,1.4702884214820529,0.011024453370493133
2013-09-19,0.659841,0.855097,-1.178292,-0.100891,-0.100891,-0.114467,-0.004716,-1.141937,-2.512795,-3.918397,-4.223002,0.0,74.260002,72.39400035000001,2.2270302659548125,67.9399398180904,76.84806088190963,72.73337214884444,1.4258785870774773,-0.0010094149313674783
2013-09-20,-0.573869,1.394632,-1.167757,0.902233,0.902233,-0.956894,-0.705993,-1.702034,-2.985786,-4.341117,-4.904577,1.0,74.93,72.69275024999999,2.140501254903103,68.41174774019379,76.97375275980619,72.94257480133545,1.4282823625487993,0.008981868694886031
2013-09-23,1.744105,2.077943,-0.906119,-2.055253,-2.055253,0.949721,1.262434,0.669484,-0.66017,-1.944404,-2.802151,-1.0,73.389999,72.9055001,1.9731953788354153,68.95910934232917,76.85189085767082,72.98518662977969,1.2910398577180757,-0.020766671445082686
2013-09-24,0.129747,0.846756,-1.659388,-0.231636,-0.231636,1.102157,1.340478,1.059363,-0.24925,-1.334335,-2.448785,0.0,73.220001,73.03750005,1.8962426799648933,69.24501469007022,76.82998540992979,73.007549903134,1.1552398797712868,-0.002319051581576194
2013-09-25,1.154169,1.690029,-0.006866,-0.600931,-0.600931,1.286069,1.678346,1.646973,0.649218,-0.467984,-1.677886,-1.0,72.779999,73.25249984999999,1.5675998897926378,70.11730007041471,76.38769962958527,72.98587838854982,1.0005788841745584,-0.006027442905585446
2013-09-26,-2.501835,0.106748,-2.581891,2.97472,2.97472,-1.457069,-1.242245,-1.098139,-1.898393,-3.014477,-4.239998,1.0,74.945,73.5222497,1.3453779175006533,70.83149386499869,76.21300553500132,73.17246139916412,1.0407097635882394,0.029313332738583733
2013-09-27,-4.055368,0.245784,-4.307615,3.148976,3.148976,-3.85098,-3.925361,-3.788026,-4.504237,-5.543238,-6.708492,1.0,77.305,73.82299965,1.4851554588496598,70.85268873230068,76.79331056769932,73.56603650400564,1.24855350371476,0.031004125371999043
2013-09-30,-1.148309,1.232642,-1.537561,-0.303991,-0.303991,-2.602829,-3.236668,-3.249427,-3.753731,-4.843389,-5.95584,0.0,77.07,74.17699975000001,1.3621352473630104,71.452729255274,76.90127024472602,73.89974731314796,1.3784190721476222,-0.0030445367646561314
2013-10-01,-1.590331,0.006368,-2.296438,1.985206,1.985206,-3.129769,-4.473916,-4.773959,-5.175888,-6.28753,-7.261448,1.0,78.599998,74.5317498,1.5416873714428463,71.4483750571143,77.6151245428857,74.34739023570529,1.586508243174535,0.01965757419996599
2013-10-02,-0.115431,1.006867,-0.596416,-0.807891,-0.807891,-1.010706,-3.230291,-3.726027,-4.087407,-5.037641,-6.074516,-1.0,77.964996,74.77824939999999,1.6778885462335733,71.42247230753284,78.13402649246714,74.69192411801907,1.6808057732591521,-0.00811171725809326
2013-10-03,1.887042,2.18189,-1.415273,-2.122745,-2.122745,1.493907,-0.862926,-1.507883,-1.776961,-2.62377,-3.708773,-1.0,76.309998,74.9539994,1.6429449794749136,71.66810944105018,78.23988935894982,74.84602639249344,1.6035084902968606,-0.021455991639118148
2013-10-04,-2.791378,0.432372,-2.791378,3.046788,3.046788,-1.168695,-3.322951,-4.089785,-4.353662,-5.129271,-6.145485,1.0,78.635002,75.21149945,1.796953477900847,71.6175924941983,78.8054064058017,75.20688121225598,1.7101447444968159,0.03001295328399891
2013-10-07,0.896864,2.105676,-0.08448,-2.161892,-2.161892,0.980049,-0.725936,-1.717899,-2.064728,-2.671864,-3.733669,-1.0,76.934998,75.3464993,1.8209915325688049,71.7045162348624,78.98848236513761,75.37146376346969,1.6385899836050868,-0.021856034863285065
2013-10-08,3.999195,4.517611,-0.195241,-3.470461,-3.470461,3.443075,2.983909,1.882449,1.449202,0.975965,-0.107273,-1.0,74.264999,75.3412491,1.8241038124751905,71.69304147504961,78.98945672495039,75.26608616694877,1.350863797908076,-0.03532111949716763
2013-10-09,1.395794,2.349024,-2.546464,-1.117621,-1.117621,3.378499,4.237082,2.952273,2.504257,2.139036,1.246683,-1.0,73.434998,75.27399905,1.8700982221888647,71.53380260562227,79.01419549437773,75.09169681771554,1.043831933924281,-0.011239130045347281
2013-10-10,-1.560148,0.327761,-1.717478,3.867371,3.867371,-0.479846,0.530314,-0.704909,-1.216982,-1.481485,-2.229218,1.0,76.275002,75.34674915000001,1.8797833032945266,71.58718254341096,79.10631575658905,75.20439254936169,1.0179374087640554,0.03794462285278859
2013-10-11,-0.502712,1.05112,-1.057644,0.40642,0.40642,-1.418032,0.029379,-0.962764,-1.496376,-1.718352,-2.394507,0.0,76.584999,75.4389992,1.8936602593369765,71.65167868132605,79.22631971867395,75.3358788779939,1.0107783544788163,0.004055965235485852
2013-10-14,-1.729946,0.071271,-2.47505,0.763856,0.763856,-2.104443,-0.715951,-1.38698,-2.039003,-2.311259,-2.824282,1.0,77.169998,75.59649925,1.9004112943344977,71.795676661331,79.39732183866899,75.51055688961353,1.040317154061853,0.007609532493574332
2013-10-15,-1.037037,1.120777,-1.049922,0.58961,0.58961,-1.812561,-1.423512,-1.586689,-2.348793,-2.716136,-3.13108,1.0,77.625,75.8017494,1.8859605940243889,72.02982821195123,79.57367058804878,75.71193242393605,1.0879010779054,0.005878785700938429
2013-10-16,-1.433717,0.069475,-1.471611,1.983898,1.983898,-2.274996,-3.189543,-2.963433,-3.943348,-4.387042,-4.757365,1.0,79.165001,76.0432495,1.994383673496075,72.05448215300785,80.03201684699215,76.04079609784691,1.2356332794591225,0.019644754331599505
2013-10-17,-1.25,0.0,-1.793747,1.054758,1.054758,-2.36375,-3.73875,-3.555001,-4.587188,-5.126001,-5.451251,1.0,80.0,76.33024939999999,2.132484127491254,72.06528114501748,80.59521765498249,76.4178631361472,1.4039061977196212,0.010492340088639222
2013-10-18,-1.183438,0.018685,-1.382748,0.343753,0.343753,-1.778887,-3.86422,-3.638745,-4.58113,-5.175213,-5.493203,0.0,80.275002,76.5974995,2.277743630738742,72.04201223852252,81.15298676147748,76.78520969460938,1.541682504644868,0.003431630216052657
2013-10-21,1.419337,1.513536,-0.615459,-0.822179,-0.822179,-0.350434,-2.730639,-2.626807,-3.399169,-4.108018,-4.484497,-1.0,79.614998,76.90874945,2.241403601746832,72.42594224650634,81.39155665349367,77.05471334274182,1.5794079815276802,-0.008255772702439455
2013-10-22,-0.522256,0.248701,-2.107685,1.011116,1.011116,-0.65282,-2.938944,-3.450633,-3.918489,-4.724694,-5.189835,1.0,80.419998,77.2687493,2.195496771804187,72.87775575639162,81.65974284360837,77.37521664343308,1.6551825519455008,0.010060384412197535
2013-10-23,-0.337496,0.418749,-1.774998,-0.522256,-0.522256,0.0775,-1.60875,-2.774167,-2.962813,-3.941251,-4.474584,-1.0,80.0,77.62974935000001,2.0037904322814435,73.62216848543713,81.6373302145629,77.62519601072516,1.6621834996865914,-0.0052362419258106295
2013-10-24,0.588753,1.291462,-1.215505,-1.274996,-1.274996,1.11167,0.004428,-1.293158,-1.45417,-2.46164,-3.065337,-1.0,78.980003,77.83149949999999,1.920657634359745,73.99018423128051,81.67281476871948,77.75422524779896,1.5673590285471306,-0.012831940831079199
2013-10-25,1.23924,2.279432,-0.731989,-1.405419,-1.405419,1.935273,1.594962,0.048367,-0.013167,-0.920256,-1.549596,-1.0,77.870003,77.85974965,1.9166570211338865,74.02643560773222,81.69306369226777,77.76525170038953,1.3866577018305009,-0.014153885728160455
2013-10-28,-0.147216,0.85131,-0.684883,0.314621,0.314621,1.231521,1.397302,-0.164712,-0.259871,-0.989053,-1.683627,0.0,78.114998,77.91199954999999,1.9082198202579044,74.09555990948418,81.7284391905158,77.798560871781,1.2488239820173845,0.0031412661459469925
2013-10-29,0.940059,1.210485,-0.746896,-0.588874,-0.588874,1.119054,2.001804,0.717706,0.270106,-0.174103,-0.923743,-1.0,77.654999,77.86474960000001,1.9019769635285848,74.06079567294285,81.66870352705718,77.78488831256377,1.0899079111436834,-0.005906148116085475
2013-10-30,3.026689,3.753629,-0.667466,-2.569049,-2.569049,2.638114,4.228121,3.569472,2.761692,2.610356,1.747065,-1.0,75.660004,77.7495,1.9643937787263648,73.82071244254726,81.67828755745273,77.58251837803388,0.7938355147481246,-0.026026254071527515
2013-10-31,2.222364,2.990091,-0.848549,-1.87021,-1.87021,3.31874,5.43942,5.361076,4.581113,4.528247,3.685541,-1.0,74.245003,77.64625025000001,2.0940283318545543,73.4581935862909,81.83430691370911,77.2646597706021,0.43994583079435756,-0.01887919631819061
2013-11-01,-1.348222,0.092524,-1.487013,1.899112,1.899112,0.807616,2.863659,3.315491,2.435069,2.492897,1.785078,1.0,75.654999,77.4972501,2.1257514963577844,73.24574710728443,81.74875309271557,77.11135874483045,0.27014651908363874,0.018813042930851648
2013-11-04,0.809448,1.439754,-0.305207,-0.389925,-0.389925,0.471072,2.701698,3.559801,2.731554,2.803342,2.270655,0.0,75.360001,77.41850025,2.176250331177771,73.06599958764446,81.77100091235553,76.94456276913232,0.11050167350875029,-0.003906875147890454
2013-11-05,-0.736369,0.961918,-1.419663,0.013272,0.013272,-0.148602,2.018042,3.346598,2.791226,2.618279,2.35217,0.0,75.370003,77.47375045,2.1048310812657056,73.26408828746858,81.68341261253141,76.79460469588162,-0.01503759494458734,0.00013271412126653404
2013-11-06,4.533177,5.19067,-0.083058,-4.146212,-4.146212,3.225135,5.357462,7.178348,7.155163,6.740393,6.754788,-1.0,72.245003,77.4142507,2.237637827229047,72.93897504554191,81.88952635445808,76.36130929627384,-0.362510952337459,-0.04234619568807432
2013-11-07,1.448369,3.234696,-1.993241,0.346045,0.346045,2.38637,4.099591,6.11858,6.524929,6.161801,6.273992,0.0,72.495003,77.22525075,2.4849031388787926,72.25544447224242,82.19505702775758,75.99308964900968,-0.6106737143707477,0.0034544733763817764
2013-11-08,-2.034648,0.705079,-2.477842,2.710526,2.710526,-0.63658,0.894443,2.797478,3.571047,3.135914,3.342064,1.0,74.459999,77.11900075,2.5580733114683247,72.00285412706334,82.23514737293665,75.84708101577066,-0.6413921665122757,0.026744419667220614
2013-11-11,0.350218,1.003506,-0.727372,-0.295462,-0.295462,-0.643853,0.671475,2.619436,3.680634,3.29634,3.52124,0.0,74.239998,76.97250075,2.6376609792238654,71.69717879155226,82.24782270844773,75.69402549045917,-0.6756999547540801,-0.002958993476251601
2013-11-12,-1.117728,0.060234,-1.934275,0.626352,0.626352,-1.440333,-0.350044,1.470672,2.839835,2.676927,2.703074,1.0,74.705002,76.82650084999999,2.680115171121968,71.46627050775605,82.18673119224393,75.5998327770821,-0.6577846554591247,0.006243989536727876
2013-11-13,-1.279476,0.442125,-1.453643,-0.087013,-0.087013,-0.712753,-0.399917,1.080299,2.626275,2.830924,2.644026,0.0,74.639999,76.60025075,2.663256361680364,71.27373802663928,81.92676347336072,75.50842003640761,-0.6414377553795134,-0.000870507933571075
2013-11-14,-0.473337,0.493337,-0.980001,0.482316,0.482316,-0.521334,-0.777332,0.241335,1.800334,2.269334,2.093112,0.0,75.0,76.35025075,2.559998581543476,71.23025358691305,81.47024791308695,75.45999908055927,-0.5926024945720769,0.004811570394864037
2013-11-15,-0.800745,0.224999,-1.998547,0.74,0.74,-0.962213,-1.519422,-0.699269,0.74019,1.46357,1.207289,1.0,75.555,76.11425065,2.391135960491826,71.33197872901636,80.89652257098365,75.46904678717267,-0.5033144412947621,0.007372754329413157
2013-11-18,-0.973977,1.483857,-1.157007,1.237506,1.237506,-1.584519,-2.575497,-2.054731,-0.695512,0.18774,-0.049241,1.0,76.489998,75.95800065,2.248166097793418,71.46166845441317,80.45433284558683,75.56628023601337,-0.3530369016467887,0.012299119320841878
2013-11-19,-0.653982,0.103603,-1.463358,0.954377,0.954377,-1.863509,-3.256929,-3.018216,-1.841492,-0.780368,-0.866572,1.0,77.220001,75.7980008,2.0157536236522766,71.76649355269544,79.82950804730456,75.72377745163115,-0.17304101842803732,0.009498516599537609
2013-11-20,-0.572236,1.003021,-0.893717,0.705773,0.705773,-1.747572,-3.2251,-3.517433,-2.673116,-1.547738,-1.375724,1.0,77.764999,75.68625075,1.8233069136018947,72.0396369227962,79.3328645772038,75.91817950385676,0.01342899854877544,0.00703294185116484
2013-11-21,-1.532065,0.516986,-1.645546,1.980327,1.980327,-2.569826,-4.245634,-4.965639,-4.542588,-3.494609,-3.163524,1.0,79.305,75.7025006,1.855373065338329,71.99175446932334,79.41324673067665,76.2407338368228,0.28221978679502513,0.01960973271825543
2013-11-22,-1.426561,0.410211,-1.763305,2.975854,2.975854,-3.88906,-6.130535,-7.221372,-7.068818,-6.215393,-5.754608,1.0,81.665001,75.8922505,2.2424025988947696,71.40744530221046,80.37705569778954,76.75733070950635,0.6778568683349988,0.029324347394727075
2013-11-25,0.469621,1.085631,-0.811175,0.385725,0.385725,-2.919007,-5.547088,-7.039525,-7.190171,-6.460359,-5.921162,0.0,81.980003,76.08550075,2.584490479817404,70.91651979036519,81.2544817096348,77.25472807050575,1.0052324408425903,0.0038498259202316507
2013-11-26,0.764853,0.911709,-0.783209,-0.323258,-0.323258,-1.504003,-4.382912,-6.220395,-6.640758,-6.093613,-5.449219,0.0,81.714996,76.28850059999999,2.859112330004472,70.57027593999105,82.00672526000893,77.67951549236236,1.2291274741081395,-0.003237817076083085
2013-11-27,1.362059,1.504453,-0.501485,-1.168689,-1.168689,0.402425,-2.49443,-4.408538,-5.221027,-4.945519,-4.265315,-1.0,80.760002,76.54350050000001,3.022849481863784,70.49780153627243,82.58919946372758,77.97289515975642,1.3143548024602865,-0.011755716385027558
2013-11-29,0.037088,0.494532,-0.117452,0.15478,0.15478,0.637941,-1.917539,-3.864749,-4.95704,-4.998209,-4.376792,0.0,80.885002,76.87550045,3.120187460554886,70.63512552889023,83.11587537110978,78.25023866835105,1.3761214579787833,0.0015465992987491665
2013-12-02,-0.760226,0.042911,-1.716634,0.828334,0.828334,-0.215805,-1.987615,-4.074551,-5.376126,-5.597939,-5.110048,1.0,81.555,77.1705005,3.273847066245116,70.62280636750977,83.71819463249024,78.56497784279381,1.4622789748895286,0.008249221757873114
2013-12-03,1.106737,1.719502,-0.212591,-1.949609,-1.949609,1.264307,0.395803,-1.689901,-3.20671,-3.628332,-3.20869,-1.0,79.964996,77.40075025,3.301629704145261,70.79749084170948,84.00400965829053,78.69831290538488,1.3862792291655808,-0.019688650345045525
2013-12-04,-0.356099,0.862115,-1.26195,0.087548,0.087548,0.755915,0.659707,-1.331922,-2.999942,-3.593682,-3.30939,0.0,80.035004,77.6340003,3.3153682185916096,71.00326386281678,84.26473673718321,78.82561681915776,1.3165218987076202,0.0008751000558460482
2013-12-05,-0.723352,0.905724,-1.367698,2.773778,2.773778,-1.599899,-1.511151,-3.377704,-5.009418,-5.874897,-5.827605,1.0,82.254997,78.1345,3.2129997598579774,71.70850048028404,84.56049951971596,79.15222445542845,1.4239590797025699,0.027360052622641955
2013-12-06,0.45064,0.492704,-1.496119,1.167101,1.167101,-2.175086,-2.177488,-3.83424,-5.461151,-6.529587,-6.744372,1.0,83.214996,78.67049965,3.115374290067905,72.43975106986419,84.9012482301358,79.53915507872098,1.5684871721663995,0.01160343037099561
2013-12-09,0.270577,2.229287,-0.847001,2.151056,2.151056,-3.423327,-3.844477,-5.118128,-6.831654,-8.057876,-8.428324,1.0,85.004997,79.19774955,3.254497084518207,72.68875538096358,85.70674371903641,80.05971145217613,1.8066390375193606,0.021282471027218343
2013-12-10,-0.140543,1.276566,-1.481524,0.447038,0.447038,-2.583595,-3.873634,-4.845897,-6.593666,-7.997426,-8.55205,0.0,85.385002,79.75499975,3.3145255350709966,73.125948679858,86.384050820142,80.5668819805403,2.002950566926714,0.004460421764869969
2013-12-11,1.945194,2.673895,-0.204756,-2.763951,-2.763951,0.905747,-0.983441,-1.675,-3.437521,-5.013432,-5.737029,-1.0,83.025002,80.17099975000001,3.166143498178619,73.83871275364277,86.50328674635725,80.80098864906027,1.9456681404860205,-0.028028673410580244
2013-12-12,-0.096667,1.691641,-0.314164,-0.319181,-0.319181,1.350891,-0.424725,-0.957792,-2.63775,-4.201066,-5.149229,0.0,82.760002,80.5769999,2.9314902738522868,74.71401935229542,86.43998044770458,80.98756134914977,1.8574762891095702,-0.003196914308333847
2013-12-13,1.15828,1.182542,-0.545782,-0.374583,-0.374583,1.546395,0.139481,-0.331106,-1.819888,-3.357911,-4.460882,0.0,82.449997,80.94949975,2.6448473916290105,75.65980496674197,86.23919453325803,81.12684093494502,1.7424825447079684,-0.0037528644236870033
2013-12-16,1.603621,2.699223,-0.055092,-0.921765,-0.921765,1.679519,1.087645,0.598194,-0.530973,-2.104789,-3.325787,-1.0,81.690002,81.25624985,2.3223733360467134,76.61150317790657,85.90099652209344,81.18047532209312,1.5719039980148892,-0.009260392783340345
2013-12-17,2.02127,2.102123,-0.49132,-1.585267,-1.585267,2.076004,2.769454,2.087198,1.31414,-0.221652,-1.559795,-1.0,80.394997,81.4514998,2.0485821700583537,77.35433545988329,85.5486641401167,81.10566786284616,1.3170411594603166,-0.01597967195595774
2013-12-18,-0.892416,0.006161,-3.261942,1.051062,1.051062,0.574841,1.848844,0.98638,0.507757,-0.937713,-2.34285,1.0,81.239998,81.65249965000001,1.7927958372203894,78.06690797555923,85.23809132444079,81.11846120924177,1.1697607684621545,0.01045576421314827
2013-12-19,-1.115719,0.170711,-1.23156,0.947814,0.947814,-0.552375,0.862697,0.139817,-0.177115,-1.508355,-2.862865,1.0,82.010002,81.8647498,1.5420827588574932,78.780584282285,84.94891531771499,81.20336985598065,1.1024643621990862,0.009433503341820255
2013-12-20,-1.6599,0.310487,-1.713635,2.109494,2.109494,-2.29878,-1.158345,-1.701694,-1.974562,-3.125625,-4.422019,1.0,83.739998,82.0864997,1.4718971266639171,79.14270544667217,85.03029395332784,81.4449534887444,1.1751809400590787,0.020875521271958842
2013-12-23,0.243533,0.801895,-0.801904,0.519471,0.519471,-2.21325,-1.767749,-2.002182,-2.33205,-3.216636,-4.531238,0.0,84.175003,82.2119998,1.5395201107412382,79.13295957851753,85.29104002148247,81.70495820410207,1.253461496045574,0.005181263979624961
2013-12-24,0.161273,0.549515,-0.818298,-0.552425,-0.552425,-0.87803,-1.422171,-1.159558,-1.686178,-2.334009,-3.623819,-1.0,83.709999,82.2984996,1.5740135764168595,79.15047244716628,85.44652675283372,81.89591447037806,1.2634136183022946,-0.005539567961212404
2013-12-26,-1.034646,0.413856,-1.040556,1.027358,1.027358,-1.098498,-2.24193,-1.807182,-2.517146,-2.979544,-4.215049,1.0,84.57,82.44124980000001,1.646120499204654,79.1490088015907,85.73349079840932,82.150589282723,1.3254170574686412,0.010221161068169966
2013-12-27,0.165757,0.911626,-0.372928,-0.124162,-0.124162,-0.394242,-1.918542,-1.510681,-2.176637,-2.54164,-3.708238,0.0,84.464996,82.6264995,1.655408150500748,79.3156831989985,85.93731580100149,82.37100897008273,1.350514395191908,-0.0012423937763338013
2013-12-30,-0.053258,0.574032,-0.579948,0.0296,0.0296,-0.246182,-1.706118,-1.439222,-1.992246,-2.325007,-3.362329,0.0,84.489998,82.8067493,1.6520666492726024,79.5026160014548,86.11088259854522,82.57281744912247,1.356781535628187,0.00029596047551567274
2013-12-31,-0.112448,0.662836,-0.686515,-0.005914,-0.005914,-0.166896,-1.369476,-1.474425,-1.813046,-2.185715,-3.004282,0.0,84.485001,82.95324935,1.665083642985823,79.62308206402835,86.28341663597163,82.75493016825367,1.3458311694671181,-5.914484427916165e-05
2014-01-02,-1.704087,0.232636,-2.192628,1.757708,1.757708,-1.365595,-2.424685,-3.130939,-3.159825,-3.689661,-4.312165,1.0,85.970001,83.2534996,1.639089853452542,79.97531989309492,86.53167930690508,83.06112739032474,1.4403762538769058,0.017424394169283673
2014-01-03,0.989346,1.166007,-0.300332,-1.238807,-1.238807,-0.049467,-0.769094,-1.76825,-1.658324,-2.331311,-2.810199,-1.0,84.904999,83.49699935,1.4908243777770194,80.51535059444596,86.47864810555403,83.2367342102938,1.4130780692535012,-0.01246543719792216
2014-01-06,2.010825,2.601162,-1.30365,-4.234145,-4.234145,3.593656,3.532163,2.456034,2.631597,2.014022,1.632233,-1.0,81.309998,83.4497494,1.5462066161059551,80.35733616778809,86.54216263221191,83.05323552359916,1.0888064423348283,-0.04326398699786981
2014-01-07,0.200475,1.342572,-0.170098,1.223714,1.223714,1.810339,2.10619,1.205677,1.335581,0.849765,0.525079,1.0,82.305,83.4042496,1.5667311005653355,80.27078739886933,86.53771180113067,82.9819749975421,0.9017128036682465,0.012162873556523299
2014-01-08,-1.52873,0.6509,-2.042286,1.731369,1.731369,-0.102714,0.315295,-0.354318,-0.465189,-0.762694,-1.103551,1.0,83.730003,83.3404999,1.5235126144624433,80.29347467107512,86.38752512892488,83.05321575968094,0.8585289921355184,0.017165512866743112
2014-01-09,-0.017782,1.363369,-0.829871,0.740469,0.740469,-1.221101,-0.346175,-0.774153,-1.258149,-1.284171,-1.736809,1.0,84.349998,83.2887497,1.4669384329472321,80.35487283410554,86.22262656589446,83.17671883018753,0.8643700059815558,0.007377413235456193
2014-01-10,-0.624226,0.029446,-3.103471,0.657974,0.657974,-1.866792,-0.958129,-1.134993,-1.792886,-1.700017,-2.253891,1.0,84.904999,83.38274955,1.5087854730420338,80.36517860391594,86.40032049608406,83.34131694159825,0.9033695124879273,0.006558187339147082
2014-01-13,3.37781,5.918745,-1.134018,-2.891469,-2.891469,1.331719,1.746516,1.844353,1.112495,1.236389,0.724887,-1.0,82.449997,83.3672493,1.517089424611449,80.3330704507771,86.4014281492229,83.2564293281127,0.7277892567594364,-0.02934096000047616
2014-01-14,-1.017719,0.353215,-2.598179,1.297756,1.297756,0.324475,0.326871,0.522033,-0.118831,-0.045974,-0.460366,1.0,83.519997,83.4207493,1.501830132680056,80.41708903463989,86.42440956536011,83.28153101114958,0.6672886090318855,0.012894075594868782
2014-01-15,1.481704,1.602657,-0.241917,-1.011727,-1.011727,1.094643,1.133349,1.42848,0.961592,0.862893,0.602153,-1.0,82.675003,83.46999935,1.4575849019253972,80.5548295461492,86.3851691538508,83.22376643865914,0.5448764592848647,-0.010168793060267215
2014-01-16,-1.521481,0.005963,-1.551316,1.36075,1.36075,-0.393799,-0.483297,0.073982,-0.190636,-0.56683,-0.595867,1.0,83.800003,83.64024965,1.2657446496368678,81.10876035072627,86.17173894927373,83.27864611116779,0.5325036757590311,0.01351574813303886
2014-01-17,-1.05962,0.814176,-1.05962,-0.334136,-0.334136,-0.39152,-0.31549,0.325673,0.280475,-0.209767,-0.12352,0.0,83.519997,83.75424960000001,1.1340057966088557,81.4862380067823,86.02226119321772,83.30163191010419,0.4944048205663165,-0.003346955072771723
2014-01-21,-0.28478,0.112727,-1.690898,0.903981,0.903981,-0.850788,-0.856722,-0.588157,-0.483539,-1.031863,-0.938399,1.0,84.275002,83.8674996,1.06142123961243,81.74465712077514,85.99034207922486,83.3943338234276,0.5191493662635764,0.008999196637166737
2014-01-22,-0.458878,0.529479,-1.253083,0.848408,0.848408,-1.338978,-1.374866,-1.385259,-1.247204,-1.744909,-1.702159,1.0,84.989998,83.9299996,1.0899373934243204,81.75012481315136,86.10987438684865,83.54630184024401,0.5896566044450253,0.008448294126399775
2014-01-23,0.231384,0.74162,-1.050137,-0.841271,-0.841271,-0.122221,-0.473453,-0.565216,-0.403444,-0.788612,-0.897066,-1.0,84.275002,83.93499955,1.0913489217260972,81.75230170654781,86.11769739345219,83.61570185545887,0.5811408667872513,-0.008448294126399898
2014-01-24,3.585162,3.827067,-0.068231,-4.348859,-4.348859,3.62734,3.587643,3.512383,3.932513,3.732786,3.411279,-1.0,80.610001,83.77999965000001,1.320970489333367,81.13805867133327,86.42194062866675,83.32944463112945,0.2754815524766059,-0.04446256115103624
2014-01-27,2.847634,3.02681,-1.337436,-3.070337,-3.070337,5.531451,6.002429,6.213602,6.812885,6.859663,6.478314,-1.0,78.135002,83.45824975,1.8111603665316773,79.83592901693663,87.08057048306335,82.83473580911712,-0.16457032685482886,-0.03118459823893037
2014-01-28,-1.856483,0.368804,-1.856483,2.374091,2.374091,2.012754,3.236658,3.640458,4.056134,4.280537,3.893614,1.0,79.989998,83.23449984999999,1.9512436982210066,79.33201245355798,87.136987246442,82.56380839872502,-0.35948798357483724,0.02346347639561696
2014-01-29,-0.037872,1.72283,-1.375747,-0.950113,-0.950113,1.537294,3.68547,4.375864,4.722324,5.053132,4.754718,-1.0,79.230003,82.9715001,2.1202784012098346,78.73094329758032,87.21205690241968,82.24630312265597,-0.5687308999956571,-0.009546549016009757
2014-01-30,4.007013,4.448634,-2.513311,-2.827218,-2.827218,2.599042,5.963765,6.829028,7.282442,7.736332,7.599041,-1.0,76.989998,82.59674995,2.471894206278219,77.65296153744356,87.54053836255645,81.74570263478397,-0.9048762516074618,-0.028679535529036862
2014-01-31,-0.743756,1.211092,-2.698605,-1.331344,-1.331344,2.760486,6.362146,7.534616,8.071486,8.782208,8.856496,-1.0,75.964996,82.09649970000001,2.750036267015572,76.59642716596886,87.59657223403116,81.19515914575692,-1.2396925555585057,-0.013402862072658115
2014-02-03,2.160156,3.869448,-0.558548,-2.19179,-2.19179,4.030951,7.504707,8.992817,9.779605,10.667021,10.984518,-1.0,74.300003,81.5662499,3.170303699507662,75.22564250098468,87.90685729901533,80.53847760806579,-1.6207054255422833,-0.022161663139336693
2014-02-04,-1.603849,1.122046,-1.749056,1.958269,1.958269,0.914794,4.315231,6.310259,7.304472,8.081583,8.577655,1.0,75.754997,81.28849985000001,3.4268888669426345,74.43472211611474,88.14227758388527,80.08290802634524,-1.7846823074322202,0.019393417109888348
2014-02-05,0.046398,1.352333,-1.769979,-0.435607,-0.435607,0.34736,3.503477,6.059879,7.317861,8.073711,8.685224,0.0,75.425003,80.94449999999999,3.6570651422615215,73.63036971547695,88.25863028452304,79.63929802383616,-1.9191402712214085,-0.004365584390716996
2014-02-06,0.853844,1.927823,-0.587023,-0.623137,-0.623137,0.433591,2.909076,6.038287,7.40544,8.242809,8.956704,-1.0,74.955002,80.50574995000001,3.8276927971768853,72.85036435564624,88.16113554435378,79.19317459299462,-2.040107242609267,-0.006250864672780728
2014-02-07,-3.971194,0.191221,-4.38552,4.649456,4.649456,-3.397502,-1.939701,0.871577,2.256818,3.049717,3.891932,1.0,78.440002,80.21025015000001,3.7424737085785766,72.72530273284285,87.69519756715717,79.12144386985227,-1.8336271519005152,0.045446066678386826
2014-02-10,0.249009,0.772574,-0.625716,-0.165737,-0.165737,-2.212997,-1.754563,0.5955,2.005494,2.883925,3.797942,0.0,78.309998,79.8805001,3.594672002372246,72.69115609525551,87.0698441047445,79.04416331081873,-1.6613296545999106,-0.001658743602017163
2014-02-11,-1.801017,0.300166,-2.28879,2.100631,2.100631,-3.174286,-3.780253,-1.834367,-0.249205,0.699391,1.474369,1.0,79.955002,79.75575035,3.543739145529699,72.6682720589406,86.8432286410594,79.13090985264552,-1.3761808159216713,0.020788718202151942
2014-02-12,-0.024912,1.619538,-0.429792,0.393965,0.393965,-2.347075,-4.028276,-2.611599,-0.843088,0.202819,0.900922,0.0,80.269997,79.59325034999999,3.4348862485925333,72.72347785281492,86.46302284718506,79.23939434286974,-1.1119628276019995,0.00393191334414618
2014-02-13,-2.877265,0.522035,-2.877265,2.616178,2.616178,-3.036303,-5.821904,-5.248678,-3.389587,-2.417874,-1.757116,1.0,82.370003,79.57800035,3.4211334833581537,72.73573338328369,86.4202673167163,79.53754754831073,-0.7247606449856931,0.02582541460456209
2014-02-14,0.908928,2.031356,-0.427009,-0.491692,-0.491692,-1.697062,-4.62453,-4.670281,-3.024152,-2.052091,-1.434551,0.0,81.964996,79.48625000000001,3.32520684936442,72.83583630127117,86.13666369872885,79.76873311513828,-0.445445981739482,-0.004929051297083013
2014-02-18,-1.218034,0.096481,-1.218034,1.165134,1.165134,-1.717316,-4.683428,-5.3835,-4.177217,-3.275926,-2.64954,1.0,82.919998,79.45625005,3.289413015606887,72.87742401878621,86.03507608121377,80.0688535803632,-0.14535090390566552,0.011583985370844528
2014-02-19,1.288347,2.116562,-0.208587,-1.712492,-1.712492,0.374232,-2.317791,-3.611452,-2.677914,-1.637301,-0.945603,-1.0,81.5,79.31749995,3.1301255520062985,73.0572488459874,85.5777510540126,80.20515323937623,-0.021853450857463486,-0.017273243201128254
2014-02-20,-0.085585,0.128373,-1.821736,0.355829,0.355829,0.390022,-1.885929,-3.744551,-3.21861,-2.07067,-1.317807,0.0,81.790001,79.1575001,2.8980943078815096,73.36131148423698,84.95368871576301,80.3560911213404,0.09828683800775195,0.0035519787264993085
2014-02-21,1.838846,2.342054,-0.459717,-1.59555,-1.59555,1.549355,0.391997,-1.89435,-1.884824,-0.591664,0.147852,-1.0,80.485001,78.96800005,2.659989011593114,73.64802202681378,84.28797807318622,80.36836825264132,0.08719120292484206,-0.01608415489044815
2014-02-24,-1.523554,0.548486,-1.645436,1.938246,1.938246,-0.361995,-1.077456,-3.265685,-3.662927,-2.567369,-1.849999,1.0,82.044998,79.0397499,2.7251661247202126,73.58941765055958,84.49008214944043,80.52804727619929,0.20194861472114667,0.01919700876737913
2014-02-25,-0.206886,0.85798,-0.827553,0.152355,0.152355,-0.696116,-0.758183,-2.774328,-3.563951,-2.781305,-2.110257,0.0,82.169998,79.2414997,2.8029111042490262,73.63567749150195,84.84732190849806,80.68442353560889,0.2995283690946593,0.00152239475306568
2014-02-26,2.487817,3.144142,-0.393793,-2.653036,-2.653036,1.632706,1.95087,0.228364,-0.93574,-0.346041,0.455059,-1.0,79.989998,79.24149969999999,2.8029111042490262,73.63567749150194,84.84732190849805,80.6182877703128,0.19866318099305147,-0.026888645745708043
2014-02-27,-0.810291,0.241232,-1.874187,1.056383,1.056383,0.334013,0.955032,-0.373188,-1.872023,-1.593368,-0.705757,1.0,80.834999,79.3217495,2.8254502179216474,73.6708490641567,84.9726499358433,80.63892693504492,0.18478126802463635,0.010508425825085802
2014-02-28,1.119754,2.301708,-1.088647,-0.569059,-0.569059,0.880869,1.284602,0.646552,-1.099845,-1.224262,-0.232867,-1.0,80.375,79.49099960000001,2.779431685341391,73.93213622931722,85.0498629706828,80.61379103646921,0.13510427902629374,-0.0057068451249072255
2014-03-03,-0.767403,0.792367,-1.029445,-0.292381,-0.292381,0.701273,1.353881,1.083105,-0.54935,-0.958073,-0.092545,0.0,80.139999,79.69974975,2.65465366665291,74.39044241669417,85.00905708330582,80.5686679853769,0.07589739272815166,-0.002928089827948254
2014-03-04,0.04325,0.630294,-0.117408,0.96706,0.96706,-0.573443,0.135325,0.329562,-1.093124,-1.769266,-1.156771,1.0,80.915001,80.03049965,2.339907740163814,75.35068416967236,84.71031513032763,80.60165208200769,0.0904688249136143,0.009624140597661415
2014-03-05,-0.422692,0.324674,-1.188435,0.871287,0.871287,-1.032838,-0.714902,-0.40105,-1.588156,-2.537862,-2.11897,1.0,81.620003,80.32374995,2.1343664120590966,76.05501712588182,84.5924827741182,80.69863788372125,0.1570936811852448,0.008675133405859436
2014-03-06,4.897515,5.491352,-0.52998,-4.061508,-4.061508,2.510696,3.043228,3.648128,2.761956,1.540897,1.740204,-1.0,78.305,80.4677498,1.8668548019834494,76.7340401960331,84.20145940396691,80.4706723709859,-0.05694228249008404,-0.04146290881495871
2014-03-07,0.996422,1.239143,-3.180887,-0.031928,-0.031928,2.008178,2.794456,3.332908,3.007155,1.639245,1.517417,0.0,78.279999,80.63399964999999,1.452056168010326,77.72988731397935,83.53811198602064,80.26203681184438,-0.22597974368881069,-0.0003193281651769156
2014-03-10,-1.868446,0.088373,-2.556497,1.188043,1.188043,0.575687,1.229643,1.88781,1.846358,0.609773,0.266592,1.0,79.209999,80.6724995,1.4001011726615047,77.87229715467699,83.47270184532302,80.16184273452586,-0.2816531991158513,0.011810411098299172
2014-03-11,0.542964,1.71728,-0.473515,-0.018936,-0.018936,0.160364,0.873161,1.593535,1.921522,0.876065,0.330197,0.0,79.195,80.71674959999999,1.3339259939243078,78.04889761215136,83.3846015878486,80.06976247409483,-0.32325878158303567,-0.00018937533713602166
2014-03-12,-0.569905,1.241139,-0.74088,-0.296737,-0.296737,-0.215298,1.042934,1.681443,2.161855,1.338654,0.585318,0.0,78.959999,80.66699945,1.38153660263655,77.9039262447269,83.43007265527311,79.96407071465723,-0.370918405663204,-0.002971783053797828
2014-03-13,1.326928,2.532049,-0.788459,-1.215804,-1.215804,0.934615,1.923077,2.608974,3.273717,2.717948,1.770726,-1.0,78.0,80.55349960000001,1.5037121628622985,77.54607527427541,83.56092392572461,79.77701636088035,-0.4806126934107482,-0.012232555770993924
2014-03-14,3.259483,3.928782,-1.177973,-4.224356,-4.224356,4.42942,5.659592,6.61892,7.315772,7.235122,6.15755,-1.0,74.705002,80.17024955000001,1.9321311204355451,76.30598730912892,84.0345117908711,79.29396737412983,-0.8239272870202541,-0.04316177561457424
2014-03-17,0.392739,2.303139,-0.252939,0.54882,0.54882,2.76909,4.413902,5.421911,6.274049,6.472744,5.540396,0.0,75.114998,79.82774965,2.187498119680932,75.45275341063814,84.20274588936186,78.89597029087938,-1.0508102388565277,0.005473194813528862
2014-03-18,-2.439977,0.201703,-2.472511,2.303139,2.303139,-0.15616,1.533605,2.586591,3.486237,3.999478,3.274772,1.0,76.845001,79.52399979999998,2.1570852979748225,75.20982920405034,83.83817039594963,78.7006398822242,-1.0785865545247617,0.02277017318393738
2014-03-19,3.41422,3.41422,-0.483954,-1.854386,-1.854386,0.79157,2.629941,4.120925,5.038454,5.723948,5.211264,-1.0,75.419998,79.2199997,2.2883831966563837,74.64323330668724,83.79676609331277,78.38819779820285,-1.2017324935294909,-0.0187179537604377
2014-03-20,1.113258,1.553231,-0.439963,-0.550253,-0.550253,0.550633,2.757819,4.178836,5.167326,6.028135,5.77473,-1.0,75.004997,78.88074950000001,2.388093079326896,74.10456334134622,83.6569356586538,78.06598819837401,-1.317624890259367,-0.005517727328526435
2014-03-21,4.757625,4.909981,-0.900269,-3.739751,-3.739751,3.76316,5.907898,7.47138,8.679366,9.583937,9.756929,-1.0,72.199997,78.4664993,2.7813623042452713,72.90377469150945,84.02922390849054,77.50732236995745,-1.617168792081813,-0.03811473363598627
2014-03-24,2.629347,2.933283,-1.745831,-2.022159,-2.022159,4.667798,6.896383,8.803602,10.123341,11.210915,11.659365,-1.0,70.739998,77.90124929999999,3.141291782766539,71.61866573446692,84.18383286553306,76.86281528710437,-1.9498920679588565,-0.02042884884274633
2014-03-25,-1.460208,1.480969,-1.681655,2.13458,2.13458,1.208302,3.701037,5.730103,7.135293,8.295916,9.046135,1.0,72.25,77.4052494,3.2141189543051913,70.97701149138962,83.83348730861039,76.42349954547538,-2.0678957049798043,0.02112117148775473
2014-03-26,2.180774,2.917049,-0.021035,-1.307958,-1.307958,1.395412,4.001822,6.166934,7.946146,9.159245,10.086949,-1.0,71.305,76.9709995,3.426224792914458,70.11854991417108,83.82344908582893,75.93602339828725,-2.2121675493126958,-0.013165875803811148
2014-03-27,-0.154691,1.026571,-1.771907,-0.273472,-0.273472,0.577975,3.318096,5.783525,7.558358,8.857824,9.95945,0.0,71.110001,76.4847496,3.5372702995988243,69.41020900080235,83.55929019919765,75.47640221749799,-2.315546634766534,-0.0027384632305842782
2014-03-28,1.931224,3.51066,-0.172295,-2.060194,-2.060194,1.959943,4.764882,7.182141,9.050546,10.525095,11.66344,-1.0,69.644997,75.94824945,3.7249151280445076,68.49841919391099,83.39807970608902,74.921030292022,-2.487020064854107,-0.020817120893750023
2014-03-31,0.436963,1.489961,-0.250721,0.222566,0.222566,1.464179,3.770768,6.045362,8.067688,9.577932,10.834522,0.0,69.800003,75.43124965,3.828626631378917,67.77399638724216,83.08850291275783,74.43331340706753,-2.580658084838902,0.002223185683872501
2014-04-01,-3.137794,0.388808,-3.137794,5.014326,5.014326,-3.094137,-1.667808,0.445652,2.388126,3.86166,5.104816,1.0,73.300003,75.05049975,3.627965425581519,67.79456889883696,82.30643060116304,74.3253790825849,-2.345409717763303,0.04892659707203074
2014-04-02,0.061047,1.539821,-1.417715,0.55934,0.55934,-2.980598,-2.44675,-0.587889,1.282052,2.943157,4.167911,1.0,73.709999,74.65499954999999,3.289462366886374,68.07607481622723,81.23392428377274,74.26677145567206,-2.1016637695671676,0.00557781181421765
2014-04-03,2.722833,2.862117,-1.030648,-2.591231,-2.591231,-0.207524,-0.298054,1.480961,3.523324,5.178268,6.475158,-1.0,71.800003,74.32974970000001,3.2306382237072127,67.86847325258559,80.79102614741443,74.03184112656044,-2.039108490842935,-0.026253943797609546
2014-04-04,4.811473,5.466586,-0.53138,-4.331478,-4.331478,4.03261,3.70505,5.49182,7.512371,9.25986,10.723537,-1.0,68.690002,73.85024985,3.323816178506964,67.20261749298606,80.49788220701393,73.52309454307849,-2.214951489097814,-0.04428086049479787
2014-04-07,-1.839608,1.092259,-2.630069,1.295676,1.295676,2.638689,2.211841,3.612146,5.445168,7.255243,8.710115,1.0,69.580002,73.36875,3.2017971057393115,66.96515578852139,79.77234421147863,73.14756191992815,-2.256481456515772,0.012873541125577736
2014-04-08,0.723484,1.439737,-1.598906,-0.675483,-0.675483,2.12415,2.452612,3.570635,5.432642,7.301402,8.819513,-1.0,69.110001,72.86450005,3.0252010212554334,66.81409800748914,78.91490209251087,72.76303230850642,-2.300797249147891,-0.006777745894698544
2014-04-09,-4.961997,0.196845,-5.192784,6.583711,6.583711,-4.197667,-3.556207,-2.986248,-1.439728,0.241103,1.811245,1.0,73.660004,72.5995003,2.675013083058089,67.24947413388382,77.94952646611618,72.84845818388676,-1.9463344855502953,0.06376051274748587
2014-04-10,5.522225,5.67938,-1.107304,-4.982359,-4.982359,0.30862,1.34091,1.623093,3.156168,5.022149,6.633332,-1.0,69.989998,72.1990002,2.4104411426139207,67.37811791477216,77.01988248522784,72.57622388065946,-1.939205055545898,-0.0511076191945376
2014-04-11,0.014612,4.236671,-0.94959,-2.200316,-2.200316,2.495257,3.446317,3.544198,5.020092,6.810523,8.451673,-1.0,68.449997,71.88624995,2.473150868326924,66.93994821334616,76.83255168665386,72.18324989202522,-2.0343691994963393,-0.022248838219091578
2014-04-14,0.289735,2.274372,-1.999126,0.847337,0.847337,1.474722,2.465597,2.509056,3.696945,5.323194,7.003961,1.0,69.029999,71.58200000000001,2.4289376496311186,66.72412470073778,76.43987529926224,71.88294028326091,-2.039476341343601,0.008437670322083415
2014-04-15,-0.579232,0.793764,-4.390732,1.289293,1.289293,0.414761,0.677921,0.982078,1.881796,3.451948,5.117757,1.0,69.919998,71.23574985,2.1121242961408107,67.01150125771838,75.45999844228163,71.69599339914082,-1.9492386964507773,0.012810524514231826
2014-04-16,-0.35246,1.311153,-1.705906,1.444511,1.444511,-1.784861,-1.14761,-0.491094,0.114549,1.526011,3.118567,1.0,70.93,71.01124995,1.8685465515744462,67.27415684685111,74.7483430531489,71.6230416468417,-1.7757561804071003,0.014341772470834752
2014-04-17,0.332133,1.809069,-0.86213,-0.246726,-0.246726,-1.3257,-1.050805,-0.278421,0.061837,1.36754,3.01793,0.0,70.754997,70.79874995,1.6149039920560757,67.56894196588784,74.02855793411216,71.54037072809487,-1.6335606458383296,-0.0024703122094920675
2014-04-21,-1.112429,0.111245,-2.141418,1.639466,1.639466,-1.953698,-2.19843,-1.676517,-1.571996,-0.422723,1.061205,1.0,71.915001,70.78450015000001,1.60310299670926,67.57829415658149,73.99070614341854,71.57604980160964,-1.4110018806253208,0.016261716956653925
2014-04-22,-1.322971,0.58647,-1.732129,1.953694,1.953694,-2.662303,-3.562467,-3.240589,-3.282187,-2.428805,-1.143163,1.0,73.32,70.91350025,1.7001981877525052,67.51310387449499,74.31389662550501,71.74214029669444,-1.108472991861575,0.019348543010346823
2014-04-23,2.257967,2.257967,-0.510983,-1.241129,-1.241129,-0.751282,-1.894772,-2.106528,-2.05566,-1.447596,-0.213144,-1.0,72.410004,70.92150045000001,1.7071801234339992,67.50714020313201,74.33586069686801,71.80574636367592,-0.9314090363701837,-0.01248895632978745
2014-04-24,0.530973,0.87788,-3.185841,-2.465135,-2.465135,1.670797,0.155043,0.076461,0.371682,0.771681,1.915516,-1.0,70.625,70.88750045,1.7059113340800751,67.47567778183985,74.29932311816016,71.69329432904013,-0.9244628486049038,-0.0249602771751117
2014-04-25,-0.563145,1.872451,-0.675765,0.57345,0.57345,1.168523,-0.269604,-0.566426,-0.206249,-0.026748,1.007322,1.0,71.029999,70.88350034999999,1.7054558804198763,67.47258858916024,74.29441211083974,71.63012334532202,-0.8761778770098232,0.00571811946455519
2014-04-28,0.252154,1.526926,-2.108293,0.499793,0.499793,0.516914,-0.354419,-0.80923,-0.580656,-0.56959,0.349977,0.0,71.385002,70.9705006,1.6831869509967075,67.60412669800658,74.3368745019934,71.60677845529135,-0.8000435103525945,0.004985482327113349
2014-04-29,-2.256303,0.886165,-3.135644,2.752673,2.752673,-2.167686,-2.434899,-3.123833,-3.002042,-3.090931,-2.418539,1.0,73.349998,71.14800035,1.7394958124351052,67.6690087251298,74.62699197487021,71.77279936431123,-0.5745249551613085,0.02715468606418645
2014-04-30,-0.680226,0.136053,-2.013462,0.211314,0.211314,-2.076046,-2.152911,-2.929503,-3.192636,-3.226987,-2.775771,0.0,73.504997,71.15825005,1.7533919702230163,67.65146610955398,74.66503399044603,71.93777056771015,-0.3789247429155722,0.002110912979918755
2014-05-01,-1.041669,0.739241,-1.989253,1.217611,1.217611,-2.23925,-2.863578,-4.030917,-4.310822,-4.224733,-3.991042,1.0,74.400002,71.1927502,1.8120504875345638,67.56864922493088,74.81685117506913,72.1722687993568,-0.14996207243341075,0.012102578418387685
2014-05-02,1.472194,1.472194,-0.793757,-0.940867,-0.940867,-0.586157,-1.54138,-2.783805,-3.273063,-3.174487,-3.138169,-1.0,73.699997,71.28774990000001,1.8935353194086362,67.50067926118274,75.07482053881728,72.31776672322758,-0.02470725000512175,-0.009453210231039266
2014-05-05,-1.327851,0.242654,-3.039899,0.651293,0.651293,-0.475871,-1.873147,-2.897907,-3.528916,-3.556484,-3.675968,1.0,74.18,71.56224979999999,1.8950608474900845,67.77212810501982,75.35237149498016,72.49512227339639,0.11199927184046032,0.006491813571717794
2014-05-06,0.824818,1.267895,-0.122694,-1.118903,-1.118903,0.650308,-0.758689,-1.406496,-2.180298,-2.271572,-2.467391,-1.0,73.349998,71.7507496,1.8749028114054413,68.00094397718912,75.50055522281089,72.5765390092634,0.15161819041644264,-0.011252094738984796
2014-05-07,0.716003,1.886407,-1.101553,-0.988409,-0.988409,1.412736,0.261617,-0.173953,-0.961791,-1.33315,-1.476535,-1.0,72.625,71.92649955,1.7764978881748263,68.37350377365036,75.47949532634965,72.58115434171451,0.12309621277179872,-0.009933262150384668
2014-05-08,0.58979,2.532617,-0.124892,-0.777972,-0.777972,1.558424,1.246879,0.713297,-0.296279,-0.651121,-0.669116,-1.0,72.059998,71.84649925,1.7297358086239567,68.38702763275208,75.30597086724791,72.53152040440837,0.054275743531462695,-0.00781013760677753
2014-05-09,-1.677229,0.12273,-2.754479,1.76936,1.76936,-0.306811,-0.199086,-0.803163,-1.801663,-2.294674,-2.294947,1.0,73.334999,72.0137493,1.702278912379119,68.60919147524176,75.41830712475824,72.6080421754171,0.10144752696388082,0.017538893497366825
2014-05-12,-2.271971,0.312231,-3.208664,2.631758,2.631758,-2.574902,-2.242743,-3.050111,-3.867003,-4.450674,-4.551472,1.0,75.264999,72.3544994,1.6320055140205647,69.09048837195887,75.61851042804112,72.86108568252023,0.29120949373329097,0.025977234963414322
2014-05-13,0.627171,1.5479,-0.126769,-0.431804,-0.431804,-1.728052,-1.606622,-2.485547,-3.055781,-3.750203,-3.908908,0.0,74.940002,72.64999954999999,1.530247863825085,69.58950382234983,75.71049527765015,73.05907771275639,0.4106390860029592,-0.004327385972521016
2014-05-14,-1.482702,0.744648,-2.306425,1.247662,1.247662,-2.082373,-2.506755,-3.382758,-3.857991,-4.579638,-4.979901,1.0,75.875,72.94774965,1.550316249037789,69.84711715192442,76.04838214807559,73.32726078773197,0.5741163667156286,0.01239942932610416
2014-05-15,2.04232,2.640236,-0.571049,-1.911034,-1.911034,0.460863,-0.603968,-1.160009,-1.750088,-2.679481,-3.096634,-1.0,74.425003,73.1224998,1.5072865211521527,70.1079267576957,76.1370728423043,73.43180766509084,0.5799849442914677,-0.019295302168787106
2014-05-16,1.113221,1.95492,-1.371167,-1.027879,-1.027879,1.592448,0.422884,0.104529,-0.532519,-1.46946,-2.006069,-1.0,73.660004,73.26775015000001,1.4035336692490752,70.46068281150187,76.07481748849816,73.45354064936791,0.5169477564173661,-0.010331981890400624
2014-05-19,-0.882075,0.658164,-1.139916,0.040725,0.040725,1.123626,0.315509,0.272309,-0.452574,-1.225135,-1.819788,0.0,73.690002,73.3565002,1.3691922972111084,70.61811560557778,76.09488479442221,73.47606077799954,0.46406150658532397,0.0004071665991577599
2014-05-20,0.067732,1.252967,-0.582459,0.183193,0.183193,0.636646,0.196415,0.131847,-0.600402,-1.145949,-1.807649,0.0,73.824997,73.38175005000001,1.3731345101553558,70.6354810296893,76.12801907031071,73.50929279914243,0.42810679225439685,0.0018302550737123616
2014-05-21,-0.081002,0.985558,-0.641284,0.33187,0.33187,-0.183608,0.060079,-0.148508,-0.817133,-1.248819,-1.90923,0.0,74.07,73.46474985,1.3614250960046843,70.74189965799063,76.18760004200938,73.56269348493839,0.41460283325149305,0.0033132050318529335
2014-05-22,-1.63499,0.877304,-1.63499,1.56609,1.56609,-1.508709,-1.061414,-1.614608,-2.040413,-2.542872,-3.352169,1.0,75.230003,73.695,1.2398583193699295,71.21528336126013,76.17471663873985,73.72148486732522,0.4918338416309638,0.01553953542463988
2014-05-23,0.679404,0.71271,-0.732702,-0.219329,-0.219329,-0.917873,-0.613469,-1.277117,-1.55632,-2.098983,-2.914366,0.0,75.065002,73.89675015,1.1042581953894035,71.68823375922119,76.10526654077881,73.84943887996091,0.5335750494310503,-0.0021956959419941365
2014-05-27,-2.662286,0.07091,-3.300464,3.330447,3.330447,-3.11223,-3.520274,-4.168119,-4.330886,-4.963065,-5.651821,1.0,77.565002,74.20575015,1.2227215103506457,71.76030712929871,76.65119317070129,74.20330203425036,0.7596278470017097,0.032761888793276225
2014-05-28,0.745296,1.023979,-0.200906,-0.535035,-0.535035,-1.729099,-2.714842,-3.324261,-3.569996,-4.253275,-4.793478,-1.0,77.150002,74.39575035,1.3692144432331574,71.65732146353369,77.13417923646631,74.48394012622651,0.894972598978697,-0.005364715568424711
2014-05-29,-0.822128,0.189227,-1.318014,-0.674018,-0.674018,-0.394096,-1.956148,-2.3198,-2.711727,-3.383266,-3.855536,-1.0,76.629997,74.55200035,1.4387558761525747,71.67448859769485,77.42951210230515,74.68832649515733,0.9493309362942455,-0.006762998899541195
2014-05-30,0.437821,0.581585,-0.836436,-0.150069,-0.150069,0.091487,-1.535644,-1.784833,-2.4273,-2.930143,-3.467728,0.0,76.514999,74.65775020000001,1.503276256050633,71.65119768789874,77.66430271210128,74.86229530514234,0.9719271614127507,-0.001501818859487229
2014-06-02,-1.485109,0.03874,-1.814424,1.202377,1.202377,-0.485566,-2.217986,-2.598735,-3.345384,-3.752564,-4.327067,1.0,77.434998,74.84450025,1.6064877194986815,71.63152481100263,78.05747568899736,75.1073146094145,1.05194489720175,0.0119520619663566
2014-06-03,-1.035303,0.128617,-1.099601,0.413249,0.413249,-0.846246,-2.097611,-2.786097,-3.513275,-3.820973,-4.470448,0.0,77.754997,75.02325010000001,1.723302423853259,71.57664525229349,78.46985494770654,75.35947483708931,1.1281758651594913,0.00412397015054899
2014-06-04,-2.210055,0.258146,-2.896364,2.12849,2.12849,-2.34354,-3.43471,-4.436893,-5.142619,-5.520216,-6.205772,1.0,79.410004,75.3262504,1.9335447021647942,71.45916099567042,79.1933398043296,75.74523951927128,1.3070676279165951,0.021061536188035655
2014-06-05,-1.063568,0.228787,-2.232254,1.825963,1.825963,-3.04848,-4.326614,-5.73955,-6.334406,-6.850607,-7.53937,1.0,80.860001,75.73800044999999,2.188104047080149,71.36179235583968,80.11420854416029,76.23235966029307,1.5479989106702732,0.018094921301070842
2014-06-06,1.041478,1.047673,-0.8121,-0.253527,-0.253527,-1.775462,-3.410823,-4.985017,-5.563509,-6.303638,-6.889838,0.0,80.654999,76.1677505,2.2702151266613573,71.62732024667729,80.70818075332271,76.65356340693182,1.7027682870650978,-0.0025384900484151634
2014-06-09,0.117464,0.568813,-0.488444,0.266572,0.266572,-1.187093,-2.949799,-4.643258,-5.34871,-6.198099,-6.731795,0.0,80.870003,76.5445007,2.3970545626941346,71.75039157461173,81.33860982538827,77.05512908246213,1.8217728949292251,0.002662177673041192
2014-06-10,-1.186592,0.522598,-1.186592,0.562624,0.562624,-0.861969,-3.03043,-4.550873,-5.505683,-6.371469,-6.84619,1.0,81.324997,76.8475006,2.6011271083303957,71.64524638333921,82.0497548166608,77.4617831698467,1.9305449963050592,0.005610471266084169
2014-06-11,0.186211,1.011735,-0.74483,-0.946815,-0.946815,0.369934,-1.68084,-3.081538,-4.253925,-5.118738,-5.657625,-1.0,80.555,77.12825050000001,2.686045549689538,71.75615940062093,82.50034159937908,77.75637524890891,1.9323405287641293,-0.00951325452743892
2014-06-12,0.59917,0.680312,-0.424421,-0.552416,-0.552416,0.740231,-0.700288,-2.040528,-3.457746,-4.217951,-4.858737,-1.0,80.110001,77.34000055,2.748256966842159,71.84348661631569,82.83651448368431,77.98053008234616,1.876227814551001,-0.0055394782330885775
2014-06-13,0.481273,0.631286,-0.493787,-0.14355,-0.14355,0.720042,-0.122511,-1.502597,-2.970814,-3.683483,-4.488826,0.0,79.995003,77.61850055,2.719384538081068,72.17973147383786,83.05726962616212,78.17238464593224,1.801709718634143,-0.00143653248684306
2014-06-16,-0.596019,0.577384,-0.974736,0.675043,0.675043,-0.038496,-0.40728,-1.710234,-3.194578,-3.971693,-4.846344,1.0,80.535004,77.96225055,2.625572711866218,72.71110512626755,83.21339597373243,78.39739601298632,1.7658712934157137,0.00672775198746911
2014-06-17,0.412837,1.332335,-0.168881,-0.745025,-0.745025,0.36405,0.613002,-0.774793,-2.07731,-3.017198,-3.892118,-1.0,79.934998,78.27450035000001,2.456662641161981,73.36117506767604,83.18782563232398,78.54383429746382,1.669805139259779,-0.007478142813961752
2014-06-18,-0.366308,0.080703,-1.390703,0.750617,0.750617,-0.388653,0.003101,-1.233837,-2.390269,-3.461853,-4.310759,1.0,80.535004,78.6100007,2.267960158265787,74.07408038346843,83.14592101653157,78.73346950722916,1.6233742419665589,0.007478142813961752
2014-06-19,-3.030118,0.10695,-3.030118,4.494934,4.494934,-3.712195,-3.907074,-4.88622,-5.989838,-7.220959,-7.970212,1.0,84.154999,79.11425065,2.325819174982866,74.46261230003427,83.76588899996574,79.2498056493978,1.857271296885358,0.04396840248480669
2014-06-20,-1.026484,0.548226,-2.997782,1.871551,1.871551,-4.143242,-5.080487,-5.917029,-7.104575,-8.397996,-9.12944,1.0,85.730003,79.63925065000001,2.5746492986490055,74.489952052702,84.78854924729802,79.8669673018361,2.1449998351050823,0.01854253298895425
2014-06-23,0.081875,1.748634,-1.380199,-0.274116,-0.274116,-2.719459,-4.278615,-5.029926,-6.239256,-7.592493,-8.405562,0.0,85.495003,80.16075070000001,2.654434224969976,74.85188225006006,85.46961914993996,80.40297070166123,2.327237295703398,-0.002744927893921438
2014-06-24,0.06417,0.752542,-0.618363,0.251472,0.251472,-1.615911,-4.007114,-4.649397,-5.999298,-7.263328,-8.229104,0.0,85.709999,80.56800055,2.8526404814722355,74.86271958705552,86.27328151294446,80.90840196816968,2.4606453882439183,0.0025115634532142652
2014-06-25,-0.977332,1.052514,-1.445755,0.875044,0.875044,-1.098772,-4.156833,-4.932915,-6.276311,-7.483227,-8.581037,1.0,86.459999,81.0335004,3.020218936418783,74.99306252716242,87.07393827283757,81.43712549501066,2.596954915012205,0.008712374429902161
2014-06-26,0.080812,0.357882,-2.366662,0.185061,0.185061,-0.712308,-3.582315,-4.665206,-5.87278,-7.074581,-8.336414,0.0,86.620003,81.53300069999999,3.0791393548586177,75.37472199028275,87.69127940971723,81.93073287643821,2.686919052337643,0.0018489027470701626
2014-06-27,0.115206,0.115206,-1.129036,0.207804,0.207804,-0.671661,-2.998274,-4.390939,-5.475521,-6.734104,-8.051269,0.0,86.800003,82.0472509,3.055734823927887,75.93578125214422,88.15872054785576,82.394472888206,2.7411425895317763,0.0020758858080023044
2014-06-30,0.291104,0.919889,-0.221233,-1.059915,-1.059915,0.482072,-1.336745,-2.977794,-3.971235,-5.231249,-6.591946,-1.0,85.879997,82.46950085,2.9670467012196866,76.53540744756063,88.40359425243938,82.72642756551971,2.678996533606579,-0.010655718150400093
2014-07-01,-2.316388,0.192088,-2.485872,3.050772,3.050772,-1.862146,-3.289829,-5.309603,-6.207061,-7.542598,-8.799434,1.0,88.5,83.006751,3.04035641427068,76.92603817145863,89.08746382854136,83.2762916068988,2.8087798170428897,0.03005161393576809
2014-07-02,-1.321198,0.066612,-1.743089,1.774011,1.774011,-2.771177,-3.916953,-6.255874,-7.250193,-8.580437,-9.787942,1.0,90.07,83.5397508,3.299941762708872,76.93986727458226,90.13963432541773,83.9233114538608,3.00369515515348,0.017584593781767535
2014-07-03,-0.01109,0.343717,-1.352701,0.133232,0.133232,-2.108883,-3.375653,-5.635511,-6.85636,-8.100678,-9.312194,0.0,90.190002,84.00625085,3.5510934802768843,76.90406388944623,91.10843781055377,84.52013912492168,3.131749267289649,0.00133143255737273
2014-07-07,1.024078,1.710551,-0.247583,-1.474666,-1.474666,-0.18006,-1.5772,-3.558031,-5.000563,-6.16948,-7.443544,-1.0,88.860001,84.41650095,3.6168969826076633,77.18270698478467,91.65029491521533,84.93345930350057,3.0902901669144143,-0.014856469591604317
2014-07-08,3.173123,3.348104,-0.548298,-3.533648,-3.533648,3.439104,2.054362,0.377975,-1.237751,-2.345777,-3.638786,-1.0,85.720001,84.65900085,3.5280997756666928,77.6028012986666,91.71520040133339,85.00836803650051,2.7721066533222682,-0.03597592649015471
2014-07-09,-3.576323,0.44562,-4.044783,2.099855,2.099855,1.087755,0.162252,-1.108695,-2.915044,-3.907903,-5.241465,1.0,87.519997,84.96875085,3.491742805403301,77.98526523919341,91.9522364608066,85.24757079492903,2.634816041210769,0.020781122124526145
2014-07-10,-2.060805,1.104407,-2.25436,0.35421,0.35421,0.22088,-0.035297,-0.904021,-2.843563,-3.863601,-5.170596,0.0,87.830002,85.33250095,3.385047363698256,78.56240622260349,92.10259567739651,85.49351662398341,2.52195552128056,0.003535846304497238
2014-07-11,-1.109995,0.123333,-2.343316,1.548446,1.548446,-1.531563,-1.271445,-2.03872,-3.816012,-4.955938,-6.147178,1.0,89.190002,85.786501,3.2541136326529023,79.2782737346942,92.2947282653058,85.84556285027071,2.513281831634046,0.015365797401865946
2014-07-14,1.4824,1.4824,-0.29422,-0.919384,-0.919384,-0.728756,-0.177665,-0.93056,-2.449646,-3.724796,-4.82913,-1.0,88.370003,86.205251,2.9984369384216167,80.20837712315677,92.20212487684324,86.0859857216735,2.4124317918069096,-0.009236368624069523
2014-07-15,1.498044,2.535151,-0.207422,-1.799258,-1.799258,1.334411,1.755015,0.983331,-0.302487,-1.688405,-2.726433,-1.0,86.779999,86.51750075,2.6857371182162617,81.14602651356748,91.88897498643252,86.15208222437126,2.1790882017223083,-0.018156410631272785
2014-07-16,1.603715,1.603715,-0.522958,-0.841203,-0.841203,1.85241,2.333525,1.866354,0.898603,-0.634749,-1.579898,-1.0,86.050003,86.823251,2.2013158849355716,82.42061923012885,91.22588276987115,86.14236039347875,1.9132029365366776,-0.008447611325812824
2014-07-17,2.79081,3.680988,-0.276669,-3.393383,-3.393383,4.299295,5.093232,5.177438,4.598826,2.979435,2.026349,-1.0,83.129997,86.95300064999999,1.8614003814633846,83.23019988707323,90.67580141292676,85.85546864171887,1.4501504360461013,-0.03452294606605808
2014-07-18,-1.469551,0.540794,-2.268988,2.321666,2.321666,0.961676,2.105575,2.668707,2.278689,0.875621,-0.124027,1.0,85.059998,86.9982506,1.7997823093821363,83.39868598123573,90.59781521876428,85.77970953298374,1.224794278270906,0.02295125485773129
2014-07-21,-0.586098,0.328212,-0.972916,0.29391,0.29391,-0.051575,1.390226,2.251399,1.954346,0.829214,-0.234827,0.0,85.309998,86.97725034999999,1.8177203119731096,83.34180972605377,90.61269097394621,85.734975101271,1.0542184363869609,0.0029347911640199083
2014-07-22,-0.553893,0.530809,-0.91161,1.582471,1.582471,-1.636284,-0.08078,0.718513,0.433298,-0.458808,-1.566278,1.0,86.660004,87.0355004,1.7861125412785683,83.46327531744286,90.60772548255714,85.82307309162616,1.0162552960347284,0.015700804992466455
2014-07-23,-0.695695,0.056099,-1.481149,2.838679,2.838679,-3.662481,-2.659338,-2.015263,-2.147669,-2.794212,-3.991811,1.0,89.120003,87.2060006,1.8154389487501716,83.57512270249966,90.83687849750034,86.13706641623318,1.1711700744364464,0.02799134737229178
2014-07-24,1.241443,1.821557,-2.250843,-3.287703,-3.287703,0.322542,0.459449,1.015584,1.163126,0.77271,-0.510115,-1.0,86.190002,87.19250075,1.8222693024898833,83.54796214502022,90.83703935497977,86.14210790040146,1.045463110797499,-0.033429624977595086
2014-07-25,-1.032586,0.344189,-1.468572,1.125423,1.125423,-0.312072,-0.891467,-0.340374,0.068262,-0.21088,-1.347716,1.0,87.160004,87.2195008,1.8173341539644479,83.58483249207111,90.8541691079289,86.23905038607751,1.0124397163704089,0.011191371105173698
2014-07-28,-0.810131,0.513461,-1.711547,0.550706,0.550706,-0.326331,-1.51757,-0.979003,-0.431879,-0.67024,-1.597252,1.0,87.639999,87.2615006,1.8168353890059772,83.62782982198804,90.89517137801197,86.37247406359394,1.0133191114332902,0.005491947347921467
2014-07-29,-0.011401,0.900483,-0.66112,0.102697,0.102697,-0.184658,-1.510318,-0.927849,-0.42859,-0.670241,-1.424829,0.0,87.730003,87.3540009,1.7896889170458263,83.77462306590834,90.93337873409166,86.50176253372786,1.0096401062952935,0.0010264470191690628
2014-07-30,0.260362,1.607433,-0.079238,0.695307,0.695307,-1.050481,-1.93117,-1.550066,-1.125193,-1.237034,-1.78835,1.0,88.339996,87.3460007,1.7846470137811121,83.77670667243778,90.91529472756223,86.67683238765854,1.0439122349615815,0.006929010552657801
2014-07-31,0.826163,1.445785,-0.344239,-1.347061,-1.347061,0.52094,-0.13081,-0.257794,0.057371,0.1432,-0.194302,-1.0,87.150002,87.2000008,1.6655370273524688,83.86892674529506,90.53107485470494,86.72189616026247,0.9639388857974325,-0.013562165973809553
2014-08-01,-0.046164,1.384877,-0.519336,-0.573723,-0.573723,0.983264,0.628966,0.12233,0.430466,0.722445,0.47759,-1.0,86.650002,87.0230008,1.5120928282587547,83.9988151434825,90.04718645651751,86.71504909738034,0.850410604990202,-0.005753755671991663
2014-08-04,-0.308709,1.07478,-0.846099,0.934792,0.934792,0.006862,-0.057166,-0.874303,-0.579692,-0.180195,-0.387032,1.0,87.459999,86.95300069999999,1.4538599642288468,84.0452807715423,89.86072062845768,86.78599670715364,0.8163878025914926,0.009304495307999507
2014-08-05,-0.184817,1.305299,-0.69308,-1.017607,-1.017607,0.767009,0.959918,0.128606,0.491511,0.877903,0.67845,-1.0,86.57,86.99550065000001,1.4281151265172998,84.13927039696541,89.8517309030346,86.76542559218663,0.7094311248991545,-0.010228199323293802
2014-08-06,-0.162544,1.288751,-1.149423,-0.508263,-0.508263,0.768609,1.128531,0.646314,0.924189,1.283181,1.209029,-1.0,86.129997,86.92600065,1.435052513694605,84.05589562261079,89.79610567738922,86.70490858340696,0.582448518446185,-0.005095587257669979
2014-08-07,0.610182,1.478528,-0.434174,-1.056538,-1.056538,1.391691,2.094578,1.884534,1.848744,2.137057,2.241257,-1.0,85.220001,86.7955006,1.466839598165157,83.86182140366968,89.72917979633031,86.56348881355868,0.4037308579095793,-0.01062158816391182
2014-08-08,-1.50272,0.196507,-1.572073,1.51373,1.51373,-0.152586,0.49705,0.477015,0.175123,0.443878,0.71244,1.0,86.510002,86.6615006,1.3547091788152783,83.95208224236944,89.37091895763055,86.558394831315,0.3620150400201254,0.015023877504896631
2014-08-11,-0.356811,0.725144,-0.86326,0.42769,0.42769,-0.711323,-0.018413,0.169587,-0.337243,-0.075042,0.286606,0.0,86.879997,86.5870003,1.2954831765989316,83.99603394680214,89.17796665319786,86.58902360928501,0.3547214500495244,0.004267784344240745
2014-08-12,0.115681,0.485837,-0.855984,-0.494936,-0.494936,-0.245226,0.33083,0.651633,0.139391,0.455759,0.807407,0.0,86.449997,86.5705002,1.2949971122945918,83.98050597541081,89.16049442458919,86.57578297982928,0.3106626949437725,-0.004961644228079057
2014-08-13,-2.013355,0.395881,-2.09253,2.267215,2.267215,-1.940961,-1.885538,-1.633303,-1.947182,-1.73103,-1.430838,1.0,88.410004,86.68850025,1.3513679142803476,83.98576442143931,89.3912360785607,86.75047069603602,0.4289572464142566,0.022418953234303925
2014-08-14,0.0,1.356551,-0.395657,0.056549,0.056549,-1.263847,-1.7929,-1.517822,-1.701332,-1.758081,-1.547214,0.0,88.459999,86.95500035,1.11809344139625,84.71881346720751,89.1911872327925,86.91328291546117,0.5207379662681859,0.0005653304741733282
2014-08-15,-0.022325,0.658404,-1.160586,1.300025,1.300025,-1.839082,-2.722912,-2.599413,-2.708962,-3.000112,-2.832274,1.0,89.610001,87.18250049999999,1.1737343488148255,84.83503180237034,89.52996919762964,87.17011320922677,0.6784496531478368,0.012916470919960775
2014-08-18,-1.303247,0.832332,-1.379909,1.897106,1.897106,-2.696307,-4.112363,-4.144853,-4.191762,-4.677251,-4.55189,1.0,91.309998,87.48250049999999,1.4124514730400604,84.65759755391987,90.3074034460801,87.56438795120516,0.9298936169065684,0.018793356669245666
2014-08-19,0.908495,1.007003,-0.065672,0.054762,0.054762,-1.674694,-3.640544,-3.93243,-3.986975,-4.528897,-4.398352,0.0,91.360001,87.71750035,1.6409139807974724,84.43567238840505,90.99932831159494,87.92587490823324,1.1202856384621782,0.000547468128566797
2014-08-20,-0.728259,1.467389,-0.96739,0.700524,0.700524,-1.578261,-3.672826,-4.335507,-4.498369,-4.934348,-4.901086,1.0,92.0,87.8615002,1.8794938510722337,84.10251249785553,91.62048790214446,88.31388682173484,1.3077404400973762,0.006980820195630994
2014-08-21,0.392748,1.069163,-0.218203,-0.369561,-0.369561,-0.51495,-2.612921,-3.652633,-3.845738,-4.209473,-4.409052,0.0,91.660004,88.1350003,2.016460217679014,84.10207986464198,92.16792073535802,88.6325646482363,1.4125815246822384,-0.003702454328525888
2014-08-22,-0.141896,0.403836,-0.753114,-0.043641,-0.043641,-0.032746,-2.012664,-3.24893,-3.560361,-3.881251,-4.278908,0.0,91.620003,88.35800025,2.145450153478455,84.06709994304309,92.64890055695692,88.9170825864995,1.47543321745178,-0.0004365015179765611
2014-08-25,-0.974308,0.492504,-1.370449,1.942806,1.942806,-1.490364,-3.182014,-4.66881,-5.089937,-5.366596,-5.923627,1.0,93.400002,88.6460004,2.413814899197354,83.8183706016053,93.47363019839472,89.34402729254717,1.6498561651492452,0.019241745445535096
2014-08-26,-0.836298,0.188158,-2.080291,2.419702,2.419702,-2.918672,-4.506588,-6.287549,-6.917733,-7.226012,-7.836786,1.0,95.660004,89.04250044999999,2.8646345817771963,83.3132312864456,94.77176961355438,89.94554888373315,1.9479956009219137,0.023908913418837628
2014-08-27,1.234965,1.488288,-0.232216,-0.961746,-0.961746,-1.397505,-2.911122,-4.771653,-5.676058,-6.087817,-6.636054,-1.0,94.739998,89.36250055,3.1274376514055238,83.10762524718895,95.61737585281104,90.40216308528237,2.085990456858653,-0.009664003681712486
2014-08-28,-0.739173,0.580785,-1.003165,-0.042222,-0.042222,-0.713829,-2.211189,-4.064058,-5.237589,-5.688698,-6.189366,0.0,94.699997,89.7400003,3.2973678202641623,83.14526465947168,96.33473594052833,90.81148060096976,2.167143150748032,-0.0004223078721522704
2014-08-29,0.273629,0.284155,-0.799826,0.337909,0.337909,-0.332559,-1.97116,-3.790076,-5.116288,-5.675434,-6.155894,0.0,95.019997,90.15850005,3.4136528601544054,83.33119432969119,96.98580577030881,91.21229168659168,2.2315545986585477,0.0033733956734285447
2014-09-02,0.431175,1.419714,-0.410137,0.073668,0.073668,-0.050476,-1.645805,-3.285305,-4.784937,-5.431482,-5.882142,0.0,95.089996,90.5399999,3.520873043796938,83.49825381240612,97.58174598759388,91.58159685929724,2.2621725524498686,0.0007364052994659256
2014-09-03,1.000629,1.000629,-0.463453,-0.157739,-0.157739,-0.044243,-1.113337,-2.53634,-4.193703,-4.978304,-5.442737,0.0,94.940002,90.95849999999999,3.521592533142294,83.9153149337154,98.00168506628458,91.90144496793559,2.2484159002641633,-0.0015786352968320243
2014-09-04,1.384013,1.554348,-0.244866,-1.063832,-1.063832,0.858084,0.155435,-1.096561,-2.748323,-3.718514,-4.255296,-1.0,93.93,91.34850014999999,3.388090862116422,84.57231842576715,98.12468187423283,92.09464068527507,2.131444963078607,-0.010695310182684103
2014-09-05,0.735688,0.735688,-2.175073,-0.149046,-0.149046,0.814584,0.532039,-0.570069,-2.146285,-3.29161,-3.842273,0.0,93.790001,91.77700015,3.1020724284715158,85.57285529305697,97.98114500694304,92.25610357239172,2.004343083938039,-0.0014915728234594363
2014-09-08,-0.510471,0.244606,-1.361267,0.255889,0.255889,0.346699,0.531746,-0.510474,-1.99617,-3.224502,-3.844162,0.0,94.029999,92.15299999999999,2.877694894768697,86.3976102104626,97.90838978953738,92.4250459940687,1.9010654625722054,0.0025556184711172177
2014-09-09,0.850103,1.151404,-0.408907,-1.169838,-1.169838,1.069623,1.67115,0.783386,-0.510599,-1.843538,-2.516231,-1.0,92.93,92.45550015,2.5986886550028507,87.2581228399943,97.65287746000571,92.47313685177643,1.7107361756038415,-0.011767348084833741
2014-09-10,-1.626101,0.127541,-1.668614,1.248247,1.248247,-0.357102,0.250826,-0.265699,-1.331168,-2.733974,-3.492751,1.0,94.089996,92.8375001,2.2004485326283403,88.43660303474331,97.23839716525669,92.62712343732153,1.6346575128724652,0.012405206936937214
2014-09-11,1.87038,2.163982,-1.152672,-2.263787,-2.263787,1.522401,2.270552,2.041468,1.147239,-0.227489,-1.126213,-1.0,91.959999,93.01499985000001,1.9538715196429246,89.10725681071416,96.92274288928586,92.56358777662425,1.3865088567396384,-0.022898039485497748
2014-09-12,0.743007,1.234708,-0.874122,-0.478471,-0.478471,1.514424,2.414775,2.521856,1.800702,0.527538,-0.491693,0.0,91.519997,93.16799975,1.678870011271222,89.81025972745756,96.52573977254245,92.4641981788505,1.1411898485815613,-0.004796194168920486
2014-09-15,1.721441,1.777335,-1.386092,-2.250872,-2.250872,2.830314,4.151576,4.721664,4.136486,2.974291,1.90439,-1.0,89.459999,93.16049965,1.69585058935921,89.76879847128158,96.55220082871843,92.17808397134093,0.7716530091576317,-0.02276590802524529
2014-09-16,-3.154368,0.248464,-3.845736,3.476415,3.476415,-0.702173,0.380252,1.143638,0.705952,-0.239387,-1.335206,1.0,92.57,93.22349975,1.6461634573051007,89.9311728353898,96.5158266646102,92.21540930740369,0.7214273257439459,0.03417352825259801
2014-09-17,0.596137,1.159766,-0.975505,-0.33488,-0.33488,-0.765232,0.427051,1.237803,1.093104,0.347711,-0.798109,0.0,92.260002,93.2684998,1.6043104547333937,90.05987889053321,96.47712070946679,92.21965623050811,0.6491261398700345,-0.00335441527157873
2014-09-18,-0.310919,0.064335,-1.179371,1.094727,1.094727,-1.558913,-0.731208,0.036455,0.066477,-0.5305,-1.617166,1.0,93.269997,93.33199965,1.5763497899991679,90.17930007000166,96.48469922999834,92.31968868474543,0.6656518644432339,0.01088778076654741
2014-09-19,0.639317,1.18274,-0.543422,0.621852,0.621852,-1.67075,-1.338305,-0.642159,-0.435268,-0.915502,-1.918663,1.0,93.849998,93.44149935,1.5294588602571042,90.3825816294858,96.5004170705142,92.46543242905538,0.7172814792576503,0.006199261147827172
2014-09-22,1.160646,1.366737,-0.889466,-1.768776,-1.768776,0.692047,0.238634,0.942254,1.388434,0.980581,0.052787,-1.0,92.190002,93.46999930000001,1.4987327176503054,90.4725338646994,96.46746473530062,92.43920095962153,0.6171365509298141,-0.017846055217085863
2014-09-23,-1.417526,0.515459,-1.610825,1.008787,1.008787,-0.19545,-0.742057,-0.206905,0.360821,0.049825,-0.723085,1.0,93.120003,93.45599935,1.500727424252376,90.45454450149525,96.45745419850475,92.50403924918137,0.6058306435398606,0.010037329694792305
2014-09-24,-2.172327,0.09355,-2.421788,3.318295,3.318295,-2.579773,-3.709593,-3.323978,-2.833905,-2.961853,-3.573432,1.0,96.209999,93.4834991,1.5475485892573781,90.38840192148524,96.57859627851477,92.85698779687839,0.8365640933791951,0.03264427577962127
2014-09-25,3.273932,3.585225,-0.268356,-3.170143,-3.170143,0.586085,-0.4283,-0.213973,0.262447,0.264916,-0.246534,-1.0,93.160004,93.4044994,1.5201154150807856,90.36426856983843,96.44473023016158,92.88584648288997,0.764500225380047,-0.03221480402622108
2014-09-26,-0.518736,0.211735,-1.757353,1.395443,1.395443,-0.669064,-1.487401,-1.539981,-1.130107,-0.9964,-1.40765,1.0,94.459999,93.3924995,1.5102657843842295,90.37196793123154,96.41303106876846,93.0357657702338,0.8030309815017205,0.013857965928457144
2014-09-29,-2.268923,0.115016,-2.708068,1.249206,1.249206,-1.173147,-2.05667,-2.642548,-2.317544,-2.049769,-2.413912,1.0,95.639999,93.4234996,1.551237838769013,90.32102392246198,96.52597527753802,93.28378798259247,0.9181985997565931,0.012414678252768452
2014-09-30,0.643596,1.287192,-1.107824,-0.899205,-0.899205,0.073856,-0.934795,-1.629035,-1.447562,-1.102764,-1.406414,-1.0,94.779999,93.40799975000002,1.5351755133694396,90.33764872326114,96.47835077673889,93.42628426996461,0.9293618493892524,-0.009032726145554644
2014-10-01,1.937277,2.097826,-0.685004,-1.42435,-1.42435,0.924757,0.621856,-0.254736,-0.104357,0.23076,0.092047,-1.0,93.43,93.33249965,1.4924011224432554,90.3476974051135,96.31730189488651,93.4266381490156,0.8198247389944555,-0.014345913183828746
2014-10-02,0.129299,0.894301,-1.411484,-0.663601,-0.663601,1.523544,1.24448,0.472652,0.502641,0.817155,0.789788,-1.0,92.809998,93.27649955000001,1.48981175386497,90.29687604227007,96.25612305772995,93.36791051577603,0.6752034845370503,-0.006658121746965165
2014-10-03,-1.796029,0.420126,-1.932566,2.585929,2.585929,-0.878059,-1.164792,-1.801631,-1.956202,-1.702762,-1.626579,1.0,95.209999,93.34749945,1.5482614841905118,90.25097648161898,96.44402241838102,93.54334751427355,0.7456546785144411,0.025530596736602438
2014-10-06,1.428569,1.428569,-0.910054,-0.745719,-0.745719,-0.374604,-0.177778,-0.708289,-1.19471,-0.986244,-0.785891,-1.0,94.5,93.37099950000001,1.5626658342334243,90.24566783153317,96.49633116846685,93.63445727481893,0.735715896832744,-0.007485133294804413
2014-10-07,1.849656,2.163332,-0.302865,-2.169315,-2.169315,1.330451,1.963226,1.48477,0.970257,1.095081,1.379848,-1.0,92.449997,93.34699935,1.5734442706190424,90.20011080876192,96.49388789123809,93.52165153435999,0.5560118724743432,-0.021931909116536717
2014-10-08,-2.655702,0.368847,-3.530402,2.639267,2.639267,-0.967436,-0.797765,-0.940035,-1.583939,-1.506586,-1.254083,1.0,94.889999,93.3869995,1.6032141111910903,90.18057127761782,96.59342772238219,93.65197034061141,0.6035258377494017,0.02605039006398844
2014-10-09,2.58714,2.630441,-0.573716,-2.64517,-2.64517,1.630225,1.813165,1.687237,1.112798,1.102406,1.343728,-1.0,92.379997,93.4079994,1.5861989974734267,90.23560140505315,96.58039739494684,93.53083002245795,0.43364601182244655,-0.026807842919251642
2014-10-10,1.242712,3.211259,-0.065982,-1.569601,-1.569601,2.309467,3.048498,3.094688,2.69273,2.588804,2.821584,-1.0,90.93,93.37849955,1.6280928635276304,90.12231382294473,96.63468527705527,93.283131925081,0.17993817086176023,-0.015820492790075663
2014-10-13,3.715135,3.898029,-1.0631,-3.794124,-3.794124,4.739364,6.179694,6.801551,6.629511,6.335158,6.589311,-1.0,87.480003,93.27949974999999,1.91400155165659,89.4514966466868,97.10750285331316,92.73045297983518,-0.29609979195201674,-0.03867974963570227
2014-10-14,1.769194,2.902399,-0.99445,-1.143118,-1.143118,4.56984,6.447729,7.524664,7.510403,7.266416,7.489974,-1.0,86.480003,92.9749999,2.4438968003035204,88.08720629939296,97.86279350060704,92.13517202937469,-0.7454617310003897,-0.011497022081065376
2014-10-15,-2.172161,0.138642,-3.91681,0.080944,0.080944,2.558057,5.566721,6.693622,7.093584,6.831192,7.079911,0.0,86.550003,92.68949995,2.834181944342895,87.02113606131421,98.35786383868579,91.60325116943424,-1.083446592294706,0.000809108263208736
2014-10-16,-2.130118,1.377637,-2.743685,-0.196425,-0.196425,1.370693,5.030103,6.380338,6.905537,6.783055,6.999309,0.0,86.379997,92.34499995000002,3.159933412274322,86.02513312545138,98.66486677454866,91.1057983913929,-1.3494643087811937,-0.001966183481969926
2014-10-17,-0.522014,1.600086,-1.134816,2.014362,2.014362,-1.268726,2.151608,3.800117,4.46947,4.520196,4.672034,1.0,88.120003,92.0585002,3.273999181687746,85.5105018366245,98.6064985633755,90.82143692554595,-1.4037003395465888,0.019943423176333692
2014-10-20,-3.434787,0.597829,-3.728261,4.403083,4.403083,-4.449999,-2.428261,-0.841304,0.053261,0.222609,0.184058,1.0,92.0,92.0490001,3.273873182639737,85.50125373472052,98.59674646527948,90.93368102787491,-1.1206809409776355,0.04308902107041366
2014-10-21,-1.55839,0.979258,-1.842687,3.228262,3.228262,-5.650205,-5.214279,-3.928961,-2.97831,-2.810573,-2.877401,1.0,94.970001,92.1415,3.3313561417484534,85.47878771650309,98.8042122834969,91.31809245379159,-0.6492476464751604,0.0317724857354616
2014-10-22,0.179398,2.205568,-0.991982,-0.221121,-0.221121,-3.708317,-5.017941,-3.622487,-2.839808,-2.48966,-2.638598,0.0,94.760002,92.06900015,3.253010631190582,85.56297888761883,98.57502141238116,91.6458933629543,-0.2892443001102549,-0.002213662387965658
2014-10-23,-4.402389,0.50797,-4.78088,5.951878,5.951878,-6.324701,-9.554781,-8.532538,-7.937253,-7.683268,-7.827691,1.0,100.400002,92.43100005,3.746253630650855,84.93849278869828,99.9235073113017,92.47961799505389,0.4460203649916963,0.05781482678141089
2014-10-24,-3.574191,0.067803,-3.903525,2.828681,2.828681,-5.972489,-10.850443,-10.530154,-10.044555,-9.858967,-9.984823,1.0,103.239998,92.87,4.445678504014847,83.9786429919703,101.7613570080297,93.50441609076303,1.2435519588466093,0.027894128300129363
2014-10-27,-0.193983,0.785651,-1.076625,-0.135606,-0.135606,-3.69156,-9.214353,-9.852568,-9.560619,-9.313286,-9.421595,0.0,103.099998,93.24299995,4.972103627800433,83.29879269439914,103.18720720560086,94.41828103449988,1.8430590257261343,-0.001356983853804621
2014-10-28,-1.504254,0.35005,-1.55156,2.521823,2.521823,-4.030272,-9.629136,-11.234308,-11.268683,-11.067926,-11.23557,1.0,105.699997,93.78899985,5.696566679908114,82.39586649018376,105.18213320981623,95.49273017407133,2.4991621006234794,0.024905492869705798
2014-10-29,0.171201,1.084269,-1.065248,-0.529799,-0.529799,-1.544607,-7.379684,-10.111596,-10.239204,-10.254517,-10.354447,-1.0,105.139999,94.3744998,6.234144789261925,81.90621022147614,106.84278937852385,96.41151768130263,2.9400502863621654,-0.005312078613803741
2014-10-30,-2.094637,0.383389,-2.580888,1.712006,1.712006,-1.978683,-7.016085,-10.716914,-11.089398,-11.249675,-11.437256,1.0,106.940002,95.08099999999999,6.8205880006598365,81.43982399868031,108.72217600131967,97.41423047355953,3.3955606394467424,0.016975162342487332
2014-10-31,1.540762,2.016999,-0.392192,0.14026,0.14026,-1.396954,-5.374915,-9.83596,-10.659255,-10.902229,-11.149186,0.0,107.089996,95.67499984999999,7.330651656859675,81.01369653628065,110.33630316371934,98.33573195226813,3.7257114558013598,0.0014016168383614966
2014-11-03,-0.819295,0.148958,-1.266177,0.298822,0.298822,-0.88819,-4.222143,-8.867582,-10.324461,-10.729358,-10.941567,0.0,107.410004,96.32050004999999,7.776573823312615,80.76735240337476,111.87364769662523,99.1999483377664,3.9674460788050965,0.0029837597894126007
2014-11-04,0.851066,1.182033,-0.671394,-1.545484,-1.545484,0.677069,-1.699291,-6.222222,-8.287943,-8.913097,-9.145469,-1.0,105.75,96.9855002,7.993803783379189,80.99789263324163,112.97310776675837,99.82376278178864,3.979204269719091,-0.015575506924047994
2014-11-05,1.949591,2.463144,-0.618166,-0.567374,-0.567374,1.253446,-0.150264,-4.507848,-7.276749,-7.947505,-8.343638,-1.0,105.150002,97.49850035,8.179311709883097,81.13987693023381,113.85712376976619,100.33102365971354,3.8952063820338054,-0.00568989675723178
2014-11-06,-1.344038,0.074671,-1.78271,1.892532,1.892532,-0.589881,-1.37577,-4.989732,-8.310154,-9.122269,-9.6111,1.0,107.139999,98.23650045000001,8.35712175844234,81.52225693311533,114.95074396688469,100.97949750164558,3.9437524542799878,0.018748459950076485
2014-11-07,0.930019,0.986381,-1.070924,-0.644019,-0.644019,-0.065755,-0.434944,-3.225925,-6.986845,-8.110848,-8.649755,-1.0,106.449997,99.0125003,8.363521227173306,82.28545784565338,115.73954275434662,101.50049745386981,3.881801183768829,-0.006461017961989217
2014-11-10,-1.138786,0.2222,-1.860941,1.465481,1.465481,-1.398021,-1.418389,-3.635468,-7.379874,-8.937693,-9.587386,1.0,108.010002,100.03900025,8.130202816626635,83.77859461674673,116.29940588325327,102.12045026778698,3.913471656345365,0.014548470789943771
2014-11-11,0.139084,0.86231,-0.417242,-0.148138,-0.148138,-0.862307,-1.072785,-2.696336,-6.251737,-8.231431,-9.049295,0.0,107.849998,101.10749999999999,7.644176331864772,85.81914733627045,116.39585266372953,102.6661214803787,3.8809228852147726,-0.0014824796562958665
2014-11-12,-0.221707,0.230947,-1.404154,0.370887,0.370887,-0.65589,-1.151039,-2.225097,-5.595843,-8.076859,-8.929022,0.0,108.25,102.19249984999999,6.980368328070948,88.2317631938581,116.15323650614188,103.19791943462836,3.843103661278107,0.0037020125917085716
2014-11-13,0.791212,1.619657,-0.828445,-0.757506,-0.757506,0.15638,-0.350926,-1.04254,-3.89556,-6.814856,-7.78026,-1.0,107.43,103.245,5.986943372830838,91.27111325433833,115.21888674566168,103.60097472656851,3.704264056640781,-0.007603894204148163
2014-11-14,3.459874,3.459874,-1.845272,-3.146232,-3.146232,2.94858,2.593943,2.223928,-0.008172,-3.283424,-4.501364,-1.0,104.050003,104.0415,4.813471111152976,94.41455777769404,113.66844222230596,103.64373932403818,3.2836433629033905,-0.03196789100651586
2014-11-17,-1.044465,1.226522,-1.054043,0.297932,0.297932,1.943273,1.996933,2.000766,0.286986,-2.923726,-4.470104,0.0,104.360001,104.65950004999999,3.8911899006885027,96.87712024862299,112.441879851377,103.71195472174884,2.9414059833324586,0.002974888178807742
2014-11-18,-1.96666,0.234126,-2.341262,2.318894,2.318894,-0.567521,-0.218205,-0.24349,-1.432852,-4.363363,-6.187799,1.0,106.779999,105.24999995,3.1732611429036814,98.90347766419264,111.59652223580737,104.00414941491562,2.832799261636339,0.022924163856247397
2014-11-19,-0.523467,0.682367,-1.383439,0.187305,0.187305,-0.990841,-0.233691,-0.315326,-1.045993,-3.778279,-5.98648,0.0,106.980003,105.86099999999999,2.0106109529744014,101.83977809405118,109.8822219059488,104.2875640420665,2.7313806476392557,0.0018712954387378013
2014-11-20,-1.481133,0.530973,-1.630182,0.345854,0.345854,-1.346993,-0.557986,-0.63344,-1.063343,-3.32855,-5.845674,0.0,107.349998,106.2084998,1.5692449634037406,103.07000987319252,109.34698972680748,104.57922441901256,2.6503100452467834,0.003452576548413982
2014-11-21,0.046213,0.933458,-0.286505,0.791802,0.791802,-1.354896,-1.177446,-1.345653,-1.611365,-3.345654,-6.053294,1.0,108.199997,106.45649974999999,1.4638098094248044,103.52888013115039,109.3841193688496,104.92405990291613,2.6243964160760953,0.007886832991805834
2014-11-24,-1.883226,0.018019,-2.23464,2.569322,2.569322,-2.632909,-3.385297,-3.602453,-3.720943,-5.08272,-7.700789,1.0,110.980003,106.85050000000001,1.5695003851411238,103.71149922971776,109.98950077028226,105.50081638835269,2.795952924092475,0.025368693243704315
2014-11-25,0.216078,0.810301,-0.88233,0.081093,0.081093,-1.939317,-3.173674,-3.361244,-3.557216,-4.579815,-7.037604,0.0,111.07,107.11900015,1.804117720021206,103.5107647099576,110.72723559004241,106.03121482755719,2.9056798300985633,0.0008106012493761782
2014-11-26,-1.021225,0.186483,-3.028154,1.386514,1.386514,-2.280438,-4.110648,-4.241187,-4.544446,-5.250689,-7.53752,1.0,112.610001,107.49250025,2.1186710394564257,103.25515817108716,111.72984232891285,106.65776589159937,3.0813841259141697,0.013769897410111455
2014-11-28,-0.211105,0.712462,-0.78283,0.959063,0.959063,-2.093413,-4.470931,-4.766765,-5.154369,-5.683175,-7.615154,1.0,113.690002,107.83000025000001,2.5247430418517456,102.78051416629653,112.8794863337035,107.327502663828,3.2700826240498913,0.009544933143571691
2014-12-01,0.246847,1.243054,-0.819889,-0.228694,-0.228694,-0.946838,-3.425019,-4.138235,-4.657498,-5.107643,-6.659614,0.0,113.43,108.14700045,2.808959626606298,102.5290811967874,113.76491970321258,107.90869288632058,3.359916528583014,-0.0022895571617606364
2014-12-02,-1.041664,1.258685,-1.31076,1.560431,1.560431,-1.736109,-3.967879,-5.195021,-5.784286,-6.145484,-7.422451,1.0,115.199997,108.53650010000001,3.2124939198318696,102.11151226033627,114.96148793966375,108.60310280190909,3.5332059121507626,0.01548381564917253
2014-12-03,1.479467,1.750853,-0.411451,-0.842009,-0.842009,-0.348422,-2.500221,-4.017627,-4.613064,-5.049814,-6.074297,-1.0,114.230003,108.96050025,3.380579959860417,102.19934033027916,115.72166016972083,109.13899805887013,3.5513310541237786,-0.008455736211465366
2014-12-04,0.140811,0.880049,-0.616032,-0.525261,-0.525261,0.357302,-1.400156,-3.195163,-3.736247,-4.249579,-5.024786,-1.0,113.629997,109.3845,3.409174029154702,102.5661519416906,116.2028480583094,109.56671224373963,3.477196928272136,-0.005266456480219546
2014-12-05,-0.122666,0.332958,-0.551999,0.440025,0.440025,-0.005256,-1.23806,-3.227895,-3.851746,-4.417066,-5.039865,0.0,114.129997,109.7339999,3.523349461253598,102.68730097749281,116.78069882250719,110.0013107919549,3.419374500003528,0.004390593751254979
2014-12-08,-1.209916,1.396052,-2.309843,3.557351,3.557351,-2.634743,-3.785432,-5.754578,-6.657925,-7.324817,-7.880251,1.0,118.190002,110.32100015,3.904745747462489,102.51150865507502,118.13049164492499,110.78118614510205,3.6589798396790627,0.03495539266636073
2014-12-09,-1.946408,0.412873,-2.553082,0.414585,0.414585,-2.450287,-3.533873,-5.339288,-6.593782,-7.327604,-7.822997,0.0,118.68,110.85450005,4.282974070427919,102.28855190914416,119.42044819085584,111.53345413128281,3.8440952044997374,0.004137279476566494
2014-12-10,2.023525,2.628849,-0.466967,-2.561511,-2.561511,0.358008,-0.602732,-2.34002,-3.801452,-4.54929,-5.113282,-1.0,115.639999,111.2440001,4.3490666435103815,102.54586681297923,119.94213338702076,111.92455364258922,3.7028140549489876,-0.025948886922002583
2014-12-11,-0.111356,1.601853,-0.351204,0.951227,0.951227,-0.054822,-1.185539,-2.702871,-4.344268,-5.051566,-5.676145,1.0,116.739998,111.6685,4.4545138888914195,102.75947222221716,120.57752777778283,112.38316739091405,3.63767559242406,0.009467314142938004
2014-12-12,-0.349377,2.244738,-0.410517,-1.92736,-1.92736,1.972226,0.826274,-0.374995,-2.156082,-2.928813,-3.602642,-1.0,114.489998,112.02149990000001,4.380068347617479,103.26136320476505,120.78163659523497,112.58381792511271,3.3656990124694914,-0.01946175717661016
2014-12-15,3.68252,3.68252,-0.983195,-2.279676,-2.279676,3.223098,3.039866,2.168397,0.476406,-0.470144,-1.211116,-1.0,111.879997,112.4129996,3.9598298462128834,104.49333990757424,120.33265929242577,112.51678736081627,2.9060511961236557,-0.02306062394763165
2014-12-16,-0.081748,3.179217,-1.662271,-1.599929,-1.599929,3.340904,4.25107,3.775702,2.370336,1.223729,0.47628,-1.0,110.089996,112.69949935000002,3.530533826843363,105.6384316963133,119.76056700368675,112.28566437407186,2.37001876797666,-0.01612866477091212
2014-12-17,-2.31342,0.257048,-3.244102,2.479793,2.479793,0.340363,1.603438,1.36796,0.160875,-1.04946,-1.746145,1.0,112.82,113.00149939999999,3.244255395522994,106.512988608954,119.49001019104597,112.3365534813031,2.140819677343245,0.024495451563427556
2014-12-18,-1.098906,0.017168,-1.648356,3.244108,3.244108,-2.857146,-1.34444,-1.595699,-2.578557,-3.876033,-4.509217,1.0,116.480003,113.47649940000001,3.0026982318208657,107.47110293635828,119.48189586364174,112.73116772117899,2.2288169860795364,0.031925981892040094
2014-12-19,0.477896,1.322754,-1.467828,0.600959,0.600959,-2.978325,-1.673494,-1.984981,-2.741083,-4.117426,-4.794049,1.0,117.18,113.96799949999999,2.740132412092748,108.4877346758145,119.44826432418549,113.15486603344766,2.3282013392366707,0.005991603912772671
2014-12-22,-0.748897,2.405289,-2.740089,-3.140468,-3.140468,0.452863,1.101321,1.197062,0.645815,-0.675595,-1.500147,-1.0,113.5,114.23299964999998,2.386396272098402,109.46020710580318,119.00579219419679,113.18773593502408,2.085973110636317,-0.03190837719518522
2014-12-23,6.426686,6.586881,-2.289861,-6.5022,-6.5022,6.690537,6.948734,7.664276,7.416129,6.29815,5.290548,-1.0,106.120003,113.98999964999999,2.9223332748824355,108.14533310023512,119.83466619976485,112.51461851264084,1.2837036767113972,-0.06723227938203574
2014-12-24,-3.622264,1.742704,-3.813869,3.279302,3.279302,2.715331,3.001826,3.964113,3.938414,3.025914,2.00061,1.0,109.599998,113.91649955,3.016605576307835,107.88328839738433,119.94971070261566,112.23703560667504,0.9181223404259242,0.03226679872631811
2014-12-26,-1.932064,0.49405,-2.461403,3.421533,3.421533,-1.235111,-0.704895,0.508162,0.532423,-0.15774,-1.223936,1.0,113.349998,113.95349940000001,3.0042503279276893,107.94499874414464,119.96200005585538,112.34303202508694,0.9203805830464233,0.033643003043333966
2014-12-29,-0.751289,0.157247,-1.720976,0.988093,0.988093,-2.674938,-1.67817,-0.455434,-0.417141,-0.885823,-1.985383,1.0,114.470001,113.99249934999997,3.0057121384493617,107.98107507310125,120.0039236268987,112.54560049888818,1.001006162500687,0.009832429357224521
2014-12-30,0.572486,0.704593,-0.686982,-0.81244,-0.81244,-1.870707,-0.726617,0.086899,0.403381,0.114144,-0.903941,-1.0,113.540001,113.9979994,3.00472914929832,107.98854110140336,120.00745769859664,112.64030530851787,0.9785788397084474,-0.00815758211624931
2014-12-31,2.351151,2.637222,-0.31289,-1.479655,-1.479655,0.629357,0.922581,1.183621,1.762023,1.649203,0.807854,-1.0,111.860001,113.8309996,3.0271404625158462,107.77671867496831,119.88528052503169,112.56599061246855,0.81583858578621,-0.014907108216860894
2015-01-02,-0.563777,0.92495,-0.863281,1.483994,1.483994,-0.151513,-0.491541,-0.420482,0.242691,0.249121,-0.468344,1.0,113.519997,113.7954993,3.02637808274099,107.74274313451802,119.84825546548198,112.65684836366202,0.811459565353843,0.01473090809153774
2015-01-05,1.045294,1.84937,-0.241219,-1.400632,-1.400632,1.013133,0.515501,0.707585,1.590726,1.648887,1.092945,-1.0,111.93,113.71049945,3.0550089915553778,107.60048146688925,119.82051743311075,112.58762470997992,0.671943938914211,-0.014105330523549368
2015-01-06,1.791689,2.705636,-0.950143,-1.268648,-1.268648,1.594424,1.203509,1.761528,2.73233,2.839922,2.487254,-1.0,110.510002,113.5294997,3.1350355187629333,107.25942866247414,119.79957073752587,112.38975588045801,0.441703149664761,-0.012767643202575838
2015-01-07,-2.645138,0.314274,-2.837189,3.655779,3.655779,-1.812311,-2.274118,-1.672052,-1.049763,-0.747973,-0.942531,1.0,114.550003,113.34749975,2.950460909891902,107.4465779302162,119.2484215697838,112.59549370136678,0.5785606948435174,0.03590540239034087
2015-01-08,1.408079,2.086044,-0.399832,0.436491,0.436491,-1.684487,-1.922645,-1.811968,-1.637552,-1.184531,-1.255109,0.0,115.050003,113.1659999,2.706748744237671,107.75250241152466,118.57949738847535,112.82925649171281,0.719078022891324,0.004355407468052824
2015-01-09,1.416382,1.609925,-1.530745,-1.199483,-1.199483,-0.4645,-0.373887,-0.570069,-0.530041,-0.004573,0.019942,-1.0,113.669998,113.06749985000002,2.647169132102942,107.77316158579413,118.36183811420591,112.90932711154969,0.7108894562861394,-0.012067346453166742
2015-01-12,-1.649573,1.145296,-2.538462,2.929535,2.929535,-2.430768,-2.897435,-3.37037,-3.35,-2.735385,-2.70171,1.0,117.0,113.08049995000002,2.666720029324519,107.74705989135099,118.41394000864905,113.2989150056878,0.9620137934896462,0.028874438693928958
2015-01-13,-1.191865,3.192194,-1.500253,2.547011,2.547011,-3.275547,-4.849977,-5.614827,-5.521756,-4.956162,-4.943604,1.0,119.980003,113.35500019999999,3.0713100960872004,107.21238000782559,119.4976203921744,113.93520910038421,1.3855215472133153,0.02515115243135794
2015-01-14,-2.353425,0.726676,-2.477292,0.933485,0.933485,-3.088355,-5.105696,-6.069362,-6.014862,-5.739057,-5.611614,1.0,121.099998,113.81600025,3.5002624261032427,106.81547539779352,120.81652510220648,114.61756994796667,1.790884527512901,0.009291546814655657
2015-01-15,3.29754,3.618843,-0.549585,-2.336913,-2.336913,-0.224907,-2.293056,-3.136888,-3.420138,-3.497419,-3.266535,-1.0,118.269997,114.22500029999999,3.519825523039814,107.18534925392036,121.26465134607962,114.96542014339842,1.862312600083655,-0.02364651314643324
2015-01-16,-2.618829,0.155982,-2.856905,2.993152,2.993152,-1.78803,-4.452014,-5.283637,-5.857892,-6.099334,-5.870343,1.0,121.809998,114.67450020000001,3.8859492073786916,106.90260178524262,122.4463986147574,115.61728470117001,2.179445071754941,0.02949231639551762
2015-01-20,-0.40568,0.235295,-2.198782,1.182171,1.182171,-1.921299,-4.649898,-5.854767,-6.683164,-6.985152,-6.709939,1.0,123.25,115.01300005,4.32190952616164,106.36918099767672,123.65681910232328,116.34420996772525,2.517945657004475,0.011752375629945263
2015-01-21,-0.37637,0.949105,-1.039113,-0.835699,-0.835699,-0.728197,-2.888235,-4.63863,-5.690559,-5.948291,-5.703105,-1.0,122.220001,115.2650001,4.593324850717788,106.07835039856442,124.45164980143556,116.90380911365618,2.6722929684449355,-0.00839210527406321
2015-01-22,-0.85684,0.129338,-2.594777,1.219111,1.219111,-1.5019,-3.317435,-5.239134,-6.41379,-6.698568,-6.690108,1.0,123.709999,115.77550005,4.941045103540524,105.89340984291896,125.65759025708105,117.55201767426036,2.8816271073974917,0.012117401142582983
2015-01-23,0.088789,0.395511,-1.234965,0.145502,0.145502,-0.737751,-2.74437,-4.729464,-5.832593,-6.38857,-6.6855,0.0,123.889999,116.66399985000001,4.705497566532432,107.25300471693515,126.07499498306487,118.15563494337842,3.027155254925603,0.001453958264651813
2015-01-26,-0.459233,0.386718,-1.272963,0.185652,0.185652,-0.54947,-2.082664,-4.336666,-5.422174,-6.197875,-6.630682,0.0,124.120003,117.3900001,4.678296885339787,108.03340632932043,126.74659387067956,118.72366999639,3.125023435981234,0.001854796694366112
2015-01-27,0.53122,1.806145,-0.261523,-1.417984,-1.417984,0.735534,-0.236189,-2.392395,-3.69361,-4.656424,-5.134576,-1.0,122.360001,117.84050024999999,4.702536031789081,108.43542818642183,127.24557231357815,119.06998723482904,3.0256889631788795,-0.014281336295028972
2015-01-28,2.992349,4.177525,-0.09246,-2.770513,-2.770513,3.059594,2.521643,0.862962,-0.760276,-1.879466,-2.305904,-1.0,118.970001,118.06550025000001,4.640020781630064,108.78545868673989,127.34554181326014,119.0604647362739,2.6429546729413715,-0.028096158561393077
2015-01-29,-1.067263,0.182008,-3.574088,1.597043,1.597043,0.969635,0.891038,-0.373958,-2.017045,-3.177962,-3.59367,1.0,120.870003,118.43200035,4.552412373631249,109.3271756027375,127.5368250972625,119.23280171377162,2.4645395945736226,0.0158442437975048
2015-01-30,0.276934,4.305133,-0.22659,-1.414742,-1.414742,1.624705,2.413559,1.285663,-0.304635,-1.350792,-1.956476,-1.0,119.160004,118.7970005,4.28239370864032,110.23221308271935,127.36178791728064,119.22586859817432,2.160259603321691,-0.014248451278027381
2015-02-02,0.843384,1.501221,-1.745804,-0.495136,-0.495136,1.194233,2.649912,2.065166,0.404403,-0.557308,-1.306963,0.0,118.57,119.04950065,4.0998630170520425,110.84977461589591,127.24922668410409,119.16340492215771,1.850179409567943,-0.004963657943413364
2015-02-03,1.734695,1.828233,-2.670067,-0.818084,-0.818084,1.21939,3.016159,2.941045,1.473642,0.407485,-0.461166,-1.0,117.599998,119.33300055,3.7639214081945425,111.80515773361091,126.86084336638908,119.01450902480936,1.508775344267221,-0.008214485012255444
2015-02-04,-0.789224,0.840699,-3.251266,-0.875849,-0.875849,1.701982,3.44171,3.6556,2.63018,1.366733,0.400904,-1.0,116.57,119.63600045000001,3.2210465184980386,113.19390741300393,126.0780934869961,118.78169864149419,1.1419344230855586,-0.008797067525982754
2015-02-05,-2.474583,0.466593,-2.474583,2.959593,2.959593,-1.363104,0.16081,0.616011,-0.092065,-1.331109,-2.304058,1.0,120.019997,119.90950014999999,2.9904383975672193,113.92862335486555,125.89037694513442,118.89963181849474,1.116723383150216,0.029166419633791598
2015-02-06,1.086317,2.526316,-0.446315,-1.058155,-1.058155,-0.377264,0.799158,1.719018,1.132211,-0.043789,-0.904702,-1.0,118.75,120.0945,2.7811105651882846,114.53227886962343,125.65672113037657,118.8853811691143,0.9829346494897777,-0.010637927650781857
2015-02-09,0.287839,1.151371,-0.53336,-0.530524,-0.530524,0.077884,0.828816,2.053277,1.859971,0.645104,-0.13574,-1.0,118.120003,120.31700025,2.390675182874641,115.53564988425073,125.09835061574928,118.81248801015104,0.8166567111576342,-0.005319360641128625
2015-02-10,-0.940417,0.524298,-1.273308,1.727058,1.727058,-1.195076,-1.066081,0.149243,0.262148,-0.789617,-1.642258,1.0,120.160004,120.47500045000001,2.260811506263966,115.95337743747208,124.99662346252794,118.94082286632714,0.8398104664682648,0.017123139031150217
2015-02-11,1.224873,1.985138,-0.929209,-1.481364,-1.481364,0.596387,0.371687,1.438872,1.702148,0.968072,-0.053216,-1.0,118.379997,120.39500015000002,2.3070842921458747,115.78083156570827,125.00916873429176,118.8874108790579,0.7063855230054372,-0.014924457384311996
2015-02-12,3.007255,3.024542,-0.829588,-2.246998,-2.246998,2.165572,2.23384,3.310289,3.807466,3.329415,2.307005,-1.0,115.720001,120.12600029999999,2.5240057697433063,115.07798876051338,125.1740118394866,118.5857527953381,0.38160692031513577,-0.022726275170977202
2015-02-13,0.379706,0.491888,-2.03659,0.138261,0.138261,1.529171,1.809633,2.706826,3.561014,3.215398,2.281386,0.0,115.879997,120.0065003,2.6689214080268044,114.66865748394639,125.34434311605361,118.32806176721066,0.13556516697866527,0.0013816582628160717
2015-02-17,-0.481429,0.584594,-0.704952,0.379706,0.379706,0.835626,1.231086,1.871275,2.933288,2.916094,1.974725,0.0,116.32,119.73200039999999,2.754616839992594,114.2227667200148,125.24123407998518,118.13681778938107,-0.02364753625620608,0.003789866772910347
2015-02-18,-1.376577,0.076004,-1.452582,1.796771,1.796771,-1.239764,-0.487293,-0.149202,0.912082,1.147197,0.35723,1.0,118.410004,119.49000059999999,2.6394820066011713,114.21103658679765,124.76896461320233,118.16283552372573,0.01860661974218658,0.017808198338586337
2015-02-19,-1.563927,0.607273,-1.563927,1.520138,1.520138,-2.414108,-1.674569,-1.575575,-0.682554,-0.359703,-0.876521,1.0,120.209999,119.38950050000001,2.567344830654274,114.25481083869147,124.52419016130855,118.3578034738471,0.19508903119687204,0.015086992873591743
2015-02-20,-1.717574,0.4618,-1.968727,2.678647,2.678647,-3.710605,-3.96338,-4.004969,-3.284857,-2.883578,-3.222609,1.0,123.43,119.37550055,2.54319462445475,114.2891113010905,124.4618897989095,118.84086980967119,0.5880016665964263,0.026433988758450076
2015-02-23,0.145372,1.316425,-0.419962,0.315969,0.315969,-2.731384,-3.856404,-4.056426,-3.592311,-3.010176,-3.291337,0.0,123.82,119.3720006,2.53669462896993,114.29861134206014,124.44538985793987,119.3150726849406,0.9202494388713234,0.003154704335248695
2015-02-24,0.8037,0.974182,-1.120309,-0.516879,-0.516879,-1.112193,-2.946095,-3.308438,-3.129566,-2.461763,-2.531525,-1.0,123.18,119.32500044999999,2.4513661661488495,114.42226811770229,124.22773278229769,119.68316100066055,1.1190162184158226,-0.005182197832188731
2015-02-25,0.292446,0.71487,-0.877336,-0.064947,-0.064947,-0.285945,-2.64419,-2.947737,-3.036554,-2.403248,-2.303004,0.0,123.099998,119.3620003,2.5045928749552173,114.35281455008958,124.37118604991043,120.00857404821669,1.255610929245094,-0.0006496833154432126
2015-02-26,-0.056748,0.381031,-1.337658,0.203087,0.203087,0.021079,-2.438588,-2.778002,-3.055531,-2.564408,-2.409943,0.0,123.349998,119.58100015,2.6554607830326002,114.27007858393479,124.8919217160652,120.32680490076747,1.368263640815087,0.0020288098178864226
2015-02-27,1.053237,1.324776,-0.625362,-1.475476,-1.475476,1.206287,-0.499465,-1.239199,-1.576565,-1.176992,-0.936668,-1.0,121.529999,119.61399995,2.67634133481405,114.2613172803719,124.96668261962809,120.44139481498009,1.2957464588164669,-0.014864689107052478
2015-03-02,1.895103,2.053031,-0.091431,-1.003868,-1.003868,1.649074,0.877734,-0.151274,-0.530711,-0.293906,0.124403,-1.0,120.309998,119.67149965000002,2.6784268018179382,114.31464604636415,125.02835325363588,120.42888083260104,1.1268426443296278,-0.010089409232576991
2015-03-03,1.291465,1.451845,-1.797928,-1.52938,-1.52938,2.432682,2.62598,1.419205,1.009959,1.063897,1.585492,-1.0,118.470001,119.66649969999999,2.6806836329390458,114.3051324341219,125.02786696587808,120.2423208485438,0.8348886968618103,-0.015411956014087722
2015-03-04,-1.80647,0.744333,-2.542445,0.928504,0.928504,0.899891,1.778874,0.453291,0.163084,0.040813,0.548354,1.0,119.57,119.76499980000001,2.6365853872429286,114.49182902551415,125.03817057448587,120.17829029153962,0.684384656003985,0.009242201523865423
2015-03-05,-0.190536,0.869856,-0.787008,0.953416,0.953416,-0.490431,0.859084,-0.366719,-0.611382,-0.846325,-0.442934,1.0,120.709999,119.97199975000001,2.533024900247858,114.90594994950429,125.03804955049573,120.22892921615491,0.6496092205056385,0.009488992497229358
2015-03-06,1.694484,1.914769,-0.093197,-2.220197,-2.220197,1.175973,2.691689,2.026039,1.561045,1.308821,1.657207,-1.0,118.029999,119.87249985000001,2.569857115987394,114.73278561802522,125.0122140819748,120.01950729080683,0.4011713810638611,-0.022452145460162432
2015-03-09,-0.244913,0.464484,-1.038767,0.321956,0.321956,0.530358,1.905241,1.841057,1.220755,0.958361,1.176699,0.0,118.410004,119.85550005,2.5787824000489907,114.69793524990202,125.01306485009799,119.86622126311094,0.23226838570560915,0.003214391155240049
2015-03-10,-0.70143,1.326798,-0.828196,-0.067564,-0.067564,0.574663,1.564268,2.023154,1.298063,1.018506,1.082001,0.0,118.330002,119.86600000000001,2.5717620825975303,114.72247583480495,125.00952416519507,119.71991466662419,0.09090811998953541,-0.0006758638254437432
2015-03-11,1.216193,1.258714,-1.964624,-0.633821,-0.633821,0.8777,1.742642,2.626862,1.834494,1.662186,1.591256,-1.0,117.580002,119.7369999,2.6204838039470606,114.49603229210588,124.97796750789412,119.51611346027903,-0.08070927474516054,-0.006358378314547596
2015-03-12,-0.53863,0.210402,-1.094094,1.054599,1.054599,-0.493182,0.299613,1.477866,0.790271,0.67699,0.526848,1.0,118.82,119.75900004999998,2.6103188329379434,114.5383623841241,124.97963771587587,119.44981694025245,-0.11533036435501742,0.010490772943791115
2015-03-13,0.475663,2.242419,-0.705004,-0.917351,-0.917351,0.377133,0.90546,2.094621,1.808797,1.531298,1.368666,-1.0,117.730003,119.85950015,2.4821768256621244,114.89514649867576,124.82385380132425,119.28602513641887,-0.22809217115072045,-0.009215850355455083
2015-03-16,-1.688177,0.115861,-1.713008,2.641632,2.641632,-1.804035,-1.647629,-0.697338,-0.60617,-1.012575,-1.193862,1.0,120.839996,120.10750010000001,2.3051165214324607,115.49726705713509,124.71773314286493,119.43402236152183,-0.06574836540774243,0.026073430844708416
2015-03-17,-0.809713,0.247875,-1.123689,0.157235,0.157235,-1.512021,-1.590514,-0.971659,-0.567627,-1.0718,-1.281224,0.0,121.029999,120.34300005,2.131892216765977,116.07921561646805,124.60678448353195,119.58602013661499,0.07735027858356602,0.0015711170712493718
2015-03-18,-1.230846,0.823282,-2.013369,1.363299,1.363299,-2.005217,-2.66058,-2.326378,-1.730926,-2.320183,-2.470927,1.0,122.68,120.55649985,2.1419098192135486,116.27268021157289,124.8403194884271,119.88068488550881,0.32020712753876523,0.013540898757952646
2015-03-19,-1.220776,0.199473,-1.340461,2.160093,2.160093,-3.03838,-4.350117,-4.286286,-3.604486,-4.163729,-4.300116,1.0,125.330002,120.8125,2.3899274840378504,116.0326450319243,125.5923549680757,120.3996674678413,0.7182266744120653,0.021370935335251084
2015-03-20,-0.536967,0.435796,-3.105057,2.529321,2.529321,-3.754086,-5.894941,-6.285862,-5.785214,-6.130117,-6.440986,1.0,128.5,121.066,2.8972257074677894,115.27154858506442,126.86045141493558,121.17112770899928,1.2747577647041197,0.024978629753972463
2015-03-23,2.855047,2.89572,-0.260289,-4.326847,-4.326847,0.940295,-1.27054,-1.904995,-1.560112,-1.655118,-2.096146,-1.0,122.940002,121.02200009999999,2.859638060206368,115.30272397958726,126.74127622041271,121.33959192718983,1.2527266386969842,-0.044232456588312936
2015-03-24,0.88416,1.923862,-0.302909,-0.64259,-0.64259,1.776504,-0.319281,-1.069724,-0.965618,-0.828163,-1.352983,-1.0,122.150002,120.97050020000002,2.8278264555944626,115.3148472888111,126.62615311118894,121.41677383888604,1.1581697549170826,-0.006446633669900671
2015-03-25,4.393537,5.453462,-0.188051,-4.224318,-4.224318,5.292763,4.026842,3.14671,3.141296,3.497395,2.907658,-1.0,116.989998,120.66500020000001,2.914378860248796,114.83624247950242,126.4937579204976,120.99517613994452,0.659263959876796,-0.04316137011302908
2015-03-26,-2.022782,1.470334,-3.093666,0.572704,0.572704,3.389425,3.33588,2.386535,2.312168,2.821346,2.30126,1.0,117.660004,120.3805005,2.9162021631444754,114.54809617371104,126.21290482628895,120.67754069804504,0.3143181437070268,0.005710699468538066
2015-03-27,-0.480282,1.112235,-0.55612,0.866901,0.866901,0.845973,2.527806,1.543086,1.312774,1.777553,1.505168,1.0,118.68,120.23800055,2.9266893142813,114.3846219214374,126.09137917856259,120.48729872680266,0.12184667925826886,0.00863165199005127
2015-03-30,-0.316612,0.399936,-0.883184,1.129084,1.129084,-0.766536,1.314784,0.498809,0.169558,0.514584,0.486866,1.0,120.019997,120.2235005,2.9270322080317075,114.36943608393659,126.07756491606341,120.44279380044051,0.07655572928550214,0.011227575142911388
2015-03-31,3.12283,3.469813,-0.268909,-3.94934,-3.94934,2.121791,4.981785,4.454662,4.149897,4.373353,4.588539,-1.0,115.279999,120.06400040000001,3.108879255973673,113.84624188805266,126.28175891194736,119.95109905754141,-0.3379205617676462,-0.04029442754879745
2015-04-01,0.270574,0.942657,-2.505021,-0.615891,-0.615891,2.332199,4.924501,4.926828,4.577115,4.722353,5.12496,-1.0,114.57,119.81400040000001,3.3429224398345876,113.12815552033084,126.49984527966919,119.43861343301366,-0.7154398489258966,-0.0061779531112006155
2015-04-02,0.603623,1.093518,-0.489894,-0.226937,-0.226937,1.97883,4.19911,4.90246,4.535038,4.644215,5.192024,0.0,114.309998,119.49400035,3.552395089930205,112.38921017013958,126.59879052986041,118.95017386796474,-1.023804807822799,-0.0022719513641296773
2015-04-06,0.593076,1.920862,-0.185889,-1.172248,-1.172248,2.177567,4.060369,5.865863,5.551031,5.582366,6.131125,-1.0,112.970001,119.24100045,3.8313787212152617,111.57824300756948,126.90375789243052,118.38063359482524,-1.3606283419121326,-0.011791732950659866
2015-04-07,0.328243,2.457414,-0.195175,-0.221298,-0.221298,1.108941,3.384492,5.620416,5.532735,5.547196,6.038265,0.0,112.720001,118.95650030000002,4.098291474711883,110.75991735057625,127.15308324942379,117.84152572865142,-1.6289587080287191,-0.0022154291287800982
2015-04-08,-1.823707,1.250538,-1.858445,2.155785,2.155785,-1.047331,0.594875,3.051091,3.167606,3.204514,3.568098,1.0,115.150002,118.7975003,4.184653519017117,110.42819326196576,127.16680733803423,117.58519013544652,-1.6267791862337049,0.0213287671733789
2015-04-09,-0.181691,0.882502,-1.081502,0.373426,0.373426,-1.2407,0.098632,2.258175,2.697264,2.68247,2.96591,0.0,115.580002,118.6975003,4.238825368637077,110.21984956272584,127.17515103727416,117.39421983683256,-1.5722307952406283,0.0037273045583199175
2015-04-10,-0.845646,0.367302,-1.341078,1.289149,1.289149,-2.026137,-1.225762,0.486319,1.315453,1.251218,1.47661,1.0,117.07,118.6100003,4.254197899909064,110.10160450018186,127.11839609981813,117.36334175713422,-1.3927160524940234,0.012809098297917446
2015-04-13,0.472343,1.528683,-0.060116,-0.538138,-0.538138,-0.900035,-0.883718,0.339516,1.808226,1.744417,1.879937,-1.0,116.440002,118.54550025,4.277955044578254,109.98959016084349,127.10141033915652,117.27540463740715,-1.286455441481806,-0.005395910437930541
2015-04-14,0.639141,1.295561,-0.62187,-0.566818,-0.566818,0.193472,-0.684918,0.499224,2.170065,2.233548,2.330283,-1.0,115.779999,118.2925004,4.284735426581198,109.7230295468376,126.8619712531624,117.1329850528922,-1.2411921771106194,-0.005684306039862256
2015-04-15,-1.945363,0.321406,-2.021489,2.116086,2.116086,-1.361754,-2.493447,-1.804395,-0.065552,0.111645,0.202992,1.0,118.230003,118.15250060000001,4.236049576645689,109.68040144670863,126.62459975329139,117.23746295261675,-0.9961429508698245,0.02094007523550385
2015-04-16,1.082848,1.796146,-0.403921,-1.581665,-1.581665,0.357511,-0.772602,-0.262404,1.268907,1.678583,1.721382,-1.0,116.360001,117.83650065000002,4.114517871168919,109.60746490766218,126.06553639233786,117.15389514760564,-0.9419747086484591,-0.01594306302827273
2015-04-17,1.357188,1.885961,-0.32608,-2.483671,-2.483671,2.279017,1.680621,2.031667,3.325548,4.079668,4.099468,-1.0,113.470001,117.24350059999999,3.821935748559295,109.5996291028814,124.88737209711859,116.80304808592892,-1.1193417586613492,-0.025150348605219315
2015-04-20,-0.305009,0.017427,-1.498912,1.128051,1.128051,0.843574,0.701526,0.665215,1.573857,2.814815,2.842993,1.0,114.75,116.55600059999999,2.787116090685381,110.98176841862923,122.13023278137075,116.60751969679283,-1.1434403333590808,0.011217355324854563
2015-04-21,0.435464,1.245428,-0.261281,0.061002,0.061002,0.614876,0.823028,0.301922,1.158335,2.542415,2.676073,0.0,114.82,116.1500005,2.368141715845051,111.41371706830991,120.8862839316901,116.43727972566971,-1.1437062783973744,0.0006098357988362274
2015-04-22,0.051927,0.441407,-1.07322,0.627069,0.627069,-0.477757,0.228492,-0.308119,0.241907,1.713346,1.955744,1.0,115.540001,115.81950044999999,1.902094195868569,112.01531205826285,119.62368884173713,116.35182460893925,-1.0734449729043263,0.006251114268640023
2015-04-23,-0.938923,0.413476,-1.214571,0.476021,0.476021,-0.995776,-0.202425,-0.693137,-0.271768,1.004397,1.429929,0.0,116.089996,115.77450035,1.883500204926349,112.0074999401473,119.5415007598527,116.32688855094504,-0.9622897053766764,0.004748918885787495
2015-04-24,-2.333415,1.693204,-2.89782,2.256872,2.256872,-2.298037,-2.266868,-2.6378,-2.428607,-1.447897,-0.811781,1.0,118.709999,115.8270001,1.9522024168693743,111.92259526626125,119.73140493373876,116.55385145085505,-0.6552328922951745,0.02231781774763412
2015-04-27,3.905157,4.062061,-0.357395,-3.361131,-3.361131,1.094838,0.982391,0.850186,0.792363,1.499302,2.550557,-1.0,114.720001,115.62900015,1.845514480060997,111.937971189878,119.320029110122,116.3791990269641,-0.7254847123333548,-0.03418915007336637
2015-04-28,1.312548,1.867514,-1.506342,-1.046029,-1.046029,1.934463,1.850778,1.96324,1.571532,2.240313,3.419665,-1.0,113.519997,115.30400015000001,1.5855779483599148,112.13284425328018,118.47515604671983,116.10689407201514,-0.8679844948438102,-0.010515379143460405
2015-04-29,-0.229678,1.060075,-1.210243,-0.281889,-0.281889,1.809188,1.694348,2.136634,1.766787,2.213077,3.481452,0.0,113.199997,115.20000005,1.6539748607551017,111.8920503284898,118.5079497715102,115.83004673182322,-0.995265127923588,-0.002822867157410207
2015-04-30,1.332595,2.66519,-0.962429,-4.540635,-4.540635,5.165649,5.763466,6.530941,6.306221,6.744403,7.952683,-1.0,108.059998,114.87449995,2.299207493546069,110.27608496290786,119.47291493709214,115.0900420906972,-1.4936727791635889,-0.04646952935963209
2015-05-01,-2.252379,1.311621,-2.288563,2.30428,2.30428,1.320666,3.117138,3.738275,3.741743,4.082856,5.075529,1.0,110.550003,114.6865002,2.493322452262745,109.6998552954745,119.67314510452549,114.6576574153927,-1.6685083147030326,0.022781324532813795
2015-05-04,1.073703,2.456775,-0.090991,-0.58797,-0.58797,1.042764,3.285712,3.955109,4.215649,4.378888,5.132846,-1.0,109.900002,114.53300024999999,2.6912082102770976,109.1505838294458,119.91541667055418,114.2045473758315,-1.838325314744452,-0.005897054832559384
2015-05-05,1.701694,2.073643,-0.418454,-2.147408,-2.147408,2.148037,4.875394,5.72562,6.261855,6.205318,6.96268,-1.0,107.540001,114.27400025,3.093991487929236,108.08601727414153,120.46198322585848,113.56982867337135,-2.1386854336971766,-0.021707998927540117
2015-05-06,-0.147266,0.312928,-2.024855,1.032175,1.032175,0.266911,3.169809,4.057676,4.877127,4.876206,5.455743,1.0,108.650002,113.94900025,3.3295515777589952,107.289897094482,120.608103405518,113.10127375209788,-2.2610907413245656,0.010268844429772153
2015-05-07,-2.160527,2.035532,-2.464067,3.092499,3.092499,-2.035533,-0.289261,0.677319,1.571733,1.638781,2.144152,1.0,112.010002,113.77050024999998,3.333203477099296,107.10409329580139,120.43690720419858,112.99734310904094,-2.0631907317298044,0.03045644576902677
2015-05-08,0.397496,1.28081,-1.307301,1.07133,1.07133,-2.604008,-1.831993,-0.405146,0.324619,0.52257,0.930425,1.0,113.209999,113.5775002,3.242620331250884,107.09225953749824,120.06274086250177,113.01759605103703,-1.7889024651614847,0.010656321377679374
2015-05-11,0.46737,0.917108,-0.335101,0.167832,0.167832,-2.149912,-2.112876,-0.651383,0.022485,0.369311,0.606112,0.0,113.400002,113.42550019999999,3.171855298818271,107.08178960236344,119.76921079763653,113.05401566522397,-1.5384609632614001,0.0016769166734597973
2015-05-12,-1.153376,0.589891,-2.421201,0.15873,0.15873,-1.241416,-2.262723,-0.881612,-0.232877,0.240534,0.257673,0.0,113.580002,113.31550035000001,3.1236859263510603,107.06812849729789,119.56287220270212,113.1041096018693,-1.3103548183167533,0.0015860431276844278
2015-05-13,0.626101,1.499115,-0.69665,-0.158479,-0.158479,-0.246914,-2.089948,-0.85009,-0.287479,0.337918,0.361551,0.0,113.400002,113.0740003,2.9026233172242493,107.2687536655515,118.87924693444849,113.13228983026269,-1.131065333607225,-0.001586043127684323
2015-05-14,-0.712548,0.278067,-2.094199,1.481481,1.481481,-1.169622,-2.909281,-2.356043,-1.79875,-1.144249,-1.088809,1.0,115.080002,113.01000035,2.839788193178333,107.33042396364333,118.68957673635667,113.31778622738054,-0.8436896366569329,0.01470614713222553
2015-05-15,-0.285642,0.36354,-0.666491,0.39103,0.39103,-1.152945,-2.856399,-2.919875,-2.092096,-1.582618,-1.438875,0.0,115.529999,113.11300025,2.8941879660176655,107.32462431796466,118.90137618203534,113.5284731581062,-0.5730258440416662,0.0039026717766053273
2015-05-18,-1.383519,0.541374,-1.46945,0.727087,0.727087,-1.356021,-3.001634,-3.526111,-2.729228,-2.295439,-2.052937,1.0,116.370003,113.19400040000001,2.964236245967083,107.26552790806585,119.12247289193417,113.79909504781037,-0.28742824191812133,0.007244568060658395
2015-05-19,-0.393666,0.684642,-0.462131,0.412473,0.412473,-1.201538,-2.603335,-3.732418,-3.041932,-2.660161,-2.337468,0.0,116.849998,113.2955003,3.0561726414637733,107.18315501707245,119.40784558292755,114.08965723373319,-0.02210370188493016,0.004116247969080914
2015-05-20,0.145472,0.735923,-1.120998,0.008561,0.008561,-0.617834,-1.909122,-3.531861,-2.993754,-2.715386,-2.297051,0.0,116.860001,113.36150030000002,3.1207657201584174,107.11996885968318,119.60303174031685,114.35349949718719,0.18682150414544196,8.560181463262347e-05
2015-05-21,0.172121,1.101554,-0.215146,-0.564782,-0.564782,0.139417,-0.991391,-2.516921,-2.438035,-2.168328,-1.724323,-1.0,116.199997,113.36700034999998,3.125920198346604,107.11515995330677,119.6188407466932,114.52935640221698,0.2957304318997842,-0.005663827083284373
2015-05-22,-0.508223,0.387635,-1.007837,-0.094665,-0.094665,0.33078,-0.649492,-2.106408,-2.458434,-1.985353,-1.659341,0.0,116.089996,113.23600019999999,2.939566872787555,107.35686645442489,119.1151339455751,114.67798874486297,0.368912783480539,-0.0009471007063362461
2015-05-26,0.961034,1.231875,-0.559146,-1.404081,-1.404081,1.425825,0.857942,-0.446734,-1.080726,-0.599685,-0.316558,-1.0,114.459999,113.22300010000001,2.933226615935451,107.3565468681291,119.08945333187091,114.65722781678078,0.2920169987249466,-0.014140309649638695
2015-05-27,-1.180827,0.232722,-1.775554,1.36292,1.36292,-0.08102,-0.287879,-1.298049,-2.303049,-1.894843,-1.65,1.0,116.019997,113.3480001,2.999079101887702,107.34984189622459,119.3461583037754,114.78701535803975,0.3528874693725612,0.013537155936027643
2015-05-28,0.791783,1.131126,-0.504657,-0.939491,-0.939491,0.530756,0.790916,0.00232,-1.301227,-0.985644,-0.812959,-1.0,114.93,113.43450025,3.0194649837626057,107.3955702824748,119.4734302175252,114.80063294298836,0.30960517179592273,-0.00943931679963985
2015-05-29,0.375744,1.363158,-0.384483,-0.426345,-0.426345,0.653615,1.166548,0.572059,-0.599879,-0.619366,-0.444194,0.0,114.440002,113.75350045,2.7464498017507744,108.26060084649845,119.24640005350156,114.76628713889423,0.23307811618123253,-0.004272561722351131
2015-06-01,0.489301,1.371778,-1.485362,0.008734,0.008734,0.358237,1.063348,0.635506,-0.43818,-0.776931,-0.424346,0.0,114.449997,113.94850015,2.643551813566512,108.66139652286698,119.23560377713302,114.73616426852335,0.1712621823955658,8.733452793924352e-05
2015-06-02,-0.017559,0.913243,-0.658588,-0.498034,-0.498034,0.758695,1.350546,1.167313,0.234899,-0.309797,0.048592,0.0,113.879997,114.1474999,2.46663306671272,109.21423376657457,119.08076603342543,114.65462452866399,0.07540910398918754,-0.00499278411993858
2015-06-03,1.180335,1.579694,-0.319489,-1.053738,-1.053738,1.238906,2.059814,2.191456,1.53044,0.722045,1.050763,-1.0,112.68,114.40449985000001,1.957103522894719,110.49029280421057,118.31870689578945,114.46656504974361,-0.09627508113250371,-0.010593293058145123
2015-06-04,1.190047,1.69492,-0.901551,-1.561947,-1.561947,2.122251,3.143708,3.663903,3.243781,2.238011,2.515328,-1.0,110.919998,114.51799965000001,1.6470818426635954,111.22383596467282,117.8121633353272,114.12879675929184,-0.3700873506023896,-0.015742740291608045
2015-06-05,0.180633,0.252889,-1.074785,-0.180307,-0.180307,1.634752,2.835077,3.58863,3.372018,2.518785,2.538836,0.0,110.720001,114.45349960000001,1.7710572182531628,110.91138516349369,117.99561403650634,113.8041495441212,-0.5963492899237792,-0.0018047018154126193
2015-06-08,0.180493,2.057574,-0.126342,0.081283,0.081283,0.895227,2.275066,3.220529,3.179769,2.444907,2.217912,0.0,110.809998,114.33349954999998,1.9335955009312198,110.46630854813755,118.20069055186242,113.5189922542049,-0.7596447889371518,0.0008125039981701138
2015-06-09,-0.433529,0.252889,-1.517341,-0.081217,-0.081217,0.406429,2.02041,2.964232,3.142611,2.557802,2.180574,0.0,110.720001,114.1994995,2.0883621571663222,110.02277518566736,118.37622381433265,113.25242165856633,-0.8861051851563246,-0.000812503998170035
2015-06-10,-1.169015,0.740676,-2.052468,1.210257,1.210257,-0.904871,0.447083,1.448035,1.841425,1.492773,0.915285,1.0,112.059998,114.1234993,2.1391346307154704,109.84523003856907,118.40176856143094,113.13885750060764,-0.8681914307963297,0.012029923388405228
2015-06-11,-0.539966,0.292115,-0.637338,0.812068,0.812068,-1.34018,-0.535542,0.401285,1.002034,0.828183,0.0956,1.0,112.970001,114.10199924999999,2.1489276069728787,109.80414403605424,118.39985446394574,113.1227759291212,-0.771669686716038,0.008087881301188309
2015-06-12,0.898311,1.482214,-0.39526,-1.460566,-1.460566,0.229967,0.658461,1.597196,2.330218,2.29788,1.676848,-1.0,111.32,113.91399915,2.222090730017749,109.4698176899645,118.35818061003549,112.95108298349061,-0.8188772925025347,-0.014713368933054928
2015-06-15,-0.522524,0.315314,-1.495499,-0.28746,-0.28746,0.553153,0.637837,1.584384,2.42117,2.513153,1.983483,0.0,111.0,113.6874992,2.278849525299357,109.12980014940129,118.24519825059872,112.7652655564915,-0.87205843900189,-0.0028787353453558167
2015-06-16,-0.063001,0.576005,-0.648008,0.0991,0.0991,0.523804,0.288902,1.282811,2.083069,2.329222,1.918818,0.0,111.110001,113.4244991,2.2563855272277284,108.91172804554455,117.93727015445546,112.60762131301612,-0.8950115829657506,0.0009905092836731248
2015-06-17,0.410127,0.80242,-0.811344,0.945012,0.945012,-0.399432,-0.69633,0.105203,0.918327,1.32061,1.101994,1.0,112.160004,113.18999939999999,2.1213121592194355,108.94737508156112,117.43262371843886,112.56499109272887,-0.8190343301400986,0.00940574835361013
2015-06-18,-3.814573,0.136849,-3.994182,4.243932,4.243932,-3.77865,-4.225965,-3.856767,-3.187649,-2.683885,-2.778251,1.0,116.919998,113.19299925,2.126810536314527,108.93937817737094,117.44662032262906,112.97975365532614,-0.3704596468135435,0.04156346418771433
2015-06-19,-0.017065,0.74219,-0.912813,0.256588,0.256588,-3.018256,-3.916568,-3.94472,-3.391914,-2.859923,-2.878918,0.0,117.220001,113.24399945,2.2131880471414833,108.81762335571703,117.67037554428298,113.38358673577126,0.009141380257815968,0.002562596441918692
2015-06-22,-0.861708,0.593992,-0.978832,1.970652,1.970652,-3.465238,-5.043921,-5.517722,-5.115033,-4.603363,-4.579603,1.0,119.529999,113.4159996,2.553513969499754,108.3089716610005,118.52302753899951,113.96895933236448,0.4907187618065194,0.019514857944538517
2015-06-23,-0.70633,0.93901,-0.722948,0.677652,0.677652,-2.581018,-4.88366,-5.795798,-5.509387,-5.113509,-5.029635,1.0,120.339996,113.70999944999998,2.982504347022825,107.74499075595433,119.67500814404563,114.57572472928214,0.9270458868169698,0.006753659029260413
2015-06-24,0.814443,1.460956,-0.512175,-1.030412,-1.030412,-0.401343,-3.302266,-4.455638,-4.396304,-4.050041,-3.886369,-1.0,119.099998,113.8639995,3.180971275041863,107.50205694991628,120.22594205008373,115.00660789792194,1.1594157780722583,-0.010357576984406392
2015-06-25,0.833267,1.380354,-0.202002,-0.243493,-0.243493,0.15992,-2.574698,-3.779703,-3.999662,-3.750189,-3.499985,0.0,118.809998,114.05799940000001,3.3625398582821777,107.33291968343566,120.78307911656437,115.36883552669127,1.3051253421261464,-0.0024378979320470126
2015-06-26,0.915877,1.331411,-0.949792,-0.749095,-0.749095,1.0346,-1.27968,-2.646426,-3.127543,-2.965399,-2.691372,-1.0,117.919998,114.23199919999999,3.471617249884263,107.28876470023147,121.17523369976851,115.6118033812921,1.3334148827139387,-0.007519150156220918
2015-06-29,1.052997,2.506307,-0.104432,-2.552573,-2.552573,2.87703,1.646502,0.141556,-0.570015,-0.464715,-0.160419,-1.0,114.910004,114.25499955000001,3.474660054634662,107.30567944073069,121.20431965926933,115.54496534497858,1.1002699600096264,-0.025857163400982153
2015-06-30,-0.380158,0.648004,-1.416969,0.722299,0.722299,1.344394,1.31761,-0.287424,-1.202694,-1.134265,-0.894533,1.0,115.739998,114.34799960000001,3.488957020357966,107.37008555928408,121.32591364071594,115.56353988355204,0.971278217605871,0.007197030786189101
2015-07-01,-0.998139,0.025376,-1.277281,2.142736,2.142736,-0.93047,-0.295214,-2.031806,-3.040942,-3.133819,-2.934925,1.0,118.220001,114.62499964999999,3.5685703486366145,107.48785895272677,121.76214034727322,115.81653618035661,1.0569826106786167,0.021201024989447034
2015-07-02,-0.803212,0.309573,-0.83668,1.099641,1.099641,-1.889221,-1.162147,-2.732037,-3.735774,-4.0338,-3.916498,1.0,119.519997,115.0549996,3.616447479154725,107.82210464169056,122.28789455830945,116.16924673460835,1.2157879259273159,0.010936392429076404
2015-07-06,-0.336645,1.279243,-0.774279,-0.585674,-0.585674,-1.159737,-0.445212,-1.738204,-2.827807,-3.32099,-3.276946,-1.0,118.82,115.45999954999999,3.5585158865386175,108.34296777692276,122.57703132307722,116.4216994265504,1.2705126951287014,-0.005873953356510019
2015-07-07,0.335346,0.335346,-2.020453,0.387139,0.387139,-0.808182,-0.850101,-1.65437,-2.847501,-3.531857,-3.560809,0.0,119.279999,115.88349960000001,3.4791144254053368,108.92527074918934,122.84172845081068,116.6939184335456,1.3356045263249143,0.003863919145252551
2015-07-08,2.355271,2.467426,-0.422747,-2.825281,-2.825281,2.105078,1.650415,1.48103,0.201014,-0.657065,-0.715214,-1.0,115.910004,116.14299974999999,3.2603897462389755,109.62222025752203,122.66377924247794,116.61925991606506,1.1025503253951427,-0.02865959966266149
2015-07-09,0.496273,0.778639,-0.427826,0.828228,0.828228,1.035336,0.624623,0.916115,-0.416277,-1.329685,-1.50652,1.0,116.870003,116.38349999999998,3.117636652812445,110.1482266943751,122.61877330562487,116.64314020977315,0.9839744434656126,0.008248169204426375
2015-07-10,-0.546949,0.42915,-0.883537,1.685628,1.685628,-0.753951,-1.040892,-0.649049,-1.820091,-2.698752,-3.029561,1.0,118.839996,116.67699975000001,3.055048132881632,110.56690348423675,122.78709601576327,116.85236457074713,1.0370101662448832,0.01671578532109287
2015-07-13,-0.736206,0.653487,-1.083627,1.725011,1.725011,-2.094465,-2.473322,-2.131414,-3.089171,-4.012242,-4.496098,1.0,120.889999,117.1554997,2.9182342814417073,111.31903113711658,122.9919682628834,117.23690118305693,1.230277593878256,0.01710301600621211
2015-07-14,-1.253561,0.34188,-1.636143,1.621308,1.621308,-3.075293,-3.382986,-3.512684,-4.153031,-5.151647,-5.791886,1.0,122.849998,117.7479996,2.803397814384838,112.14120397123033,123.35479522876967,117.7714818322896,1.5240308822647677,0.016083049745253986
2015-07-15,0.905703,3.493414,-0.65454,6.951568,6.951568,-7.018799,-8.471725,-9.223431,-9.611081,-10.687267,-11.470939,1.0,131.389999,118.7619995,3.7752584650469134,111.21148256990618,126.31251643009382,119.06848346730963,2.4180652377554566,0.06720590935562974
2015-07-16,-1.944771,0.616094,-2.390143,2.534441,2.534441,-6.667163,-9.509354,-10.69428,-11.008018,-12.222091,-13.113867,1.0,134.720001,119.88999935,4.901249825247296,110.0874996995054,129.6924990004946,120.55910418470872,3.3566043910572176,0.02502856587401798
2015-07-17,-0.081772,0.141245,-1.330663,-0.148454,-0.148454,-4.197148,-8.259741,-9.782935,-10.221531,-11.450791,-12.399894,0.0,134.520004,120.76999965,5.831632725332766,109.10673419933447,132.43326510066552,121.88871369092693,4.0377210109824375,-0.0014856413093956098
2015-07-20,-0.147894,0.199663,-1.020476,0.527797,0.527797,-2.579307,-7.527913,-9.403236,-10.026989,-11.208457,-12.255661,0.0,135.229996,121.6704994,6.595141244456465,108.48021691108707,134.86078188891292,123.15931200607675,4.581983012223191,0.00526408629860898
2015-07-21,-0.748682,1.284498,-1.827661,0.746882,0.746882,-1.335881,-6.968588,-9.031125,-10.080743,-11.125664,-12.283963,1.0,136.240005,122.50599969999999,7.327487575066478,107.85102454986703,137.16097485013296,124.4050922912123,5.036753297956295,0.007441070148340832
2015-07-22,-1.989006,0.622017,-2.220449,1.48267,1.48267,-1.783592,-6.711266,-9.274311,-10.746417,-11.638649,-12.901535,1.0,138.259995,123.40199965,8.10324784388247,107.19550396223505,139.60849533776494,125.72460683490637,5.496794709308929,0.014717861298995417
2015-07-23,-0.892016,1.230132,-1.805622,0.542456,0.542456,-1.696278,-5.621895,-8.766753,-10.511831,-11.342778,-12.725221,0.0,139.009995,124.39749950000001,8.744537508128795,106.90842448374242,141.8865745162576,126.98988189824863,5.854413539179987,0.005409902666996517
2015-07-24,-0.459596,1.957005,-0.704223,-2.956623,-2.956623,1.35508,-1.555964,-5.227078,-7.189025,-8.108521,-9.524335,-1.0,134.899994,125.20199930000001,8.941357507720094,107.31928428455983,143.0847143154402,127.74322590793923,5.740018941054103,-0.030012118284046818
2015-07-27,0.671393,0.671393,-1.093842,-1.734615,-1.734615,2.7414,1.062161,-2.863105,-4.99849,-6.023536,-7.393129,-1.0,132.559998,125.93399930000001,8.91304699944617,108.10790530110768,143.76009329889234,128.20196610718313,5.398313874818115,-0.017498360705518617
2015-07-28,-1.048588,0.487376,-2.185786,2.157514,2.157514,0.450449,-0.143996,-4.120021,-6.247599,-7.538915,-8.747845,1.0,135.419998,126.95949900000001,8.75643653711033,109.44662592577934,144.47237207422066,128.8893977160228,5.297225132042712,0.021345687257831963
2015-07-29,3.170882,3.22385,-0.052968,-2.422094,-2.422094,2.017555,2.391403,-0.921245,-3.299909,-4.886635,-5.952273,-1.0,132.139999,127.77949905,8.411586031250298,110.95632698749941,144.6026711125006,129.1989787906873,4.896004970243823,-0.02451908625462357
2015-07-30,0.326049,0.508036,-2.327879,-0.196756,-0.196756,1.137393,2.377915,0.032853,-2.591375,-4.311499,-5.26843,0.0,131.880005,128.46249925,8.144876246274524,112.17274675745097,144.75225174254905,129.45431462014565,4.505123499088086,-0.0019695029172241527
2015-07-31,1.203811,1.333333,-0.365711,-0.477711,-0.477711,1.066667,2.620189,1.143364,-1.676953,-3.473067,-4.449778,0.0,131.25,129.0489994,7.885240501943826,113.27851839611236,144.81948040388767,129.62533227536989,4.097280084375313,-0.0047885546450509645
2015-08-03,0.289043,0.714994,-1.232216,0.16762,0.16762,0.731726,2.162469,1.510609,-1.360388,-3.222333,-4.248372,0.0,131.470001,129.68149945,7.5204669208816135,114.64056560823676,144.72243329176322,129.80101501104895,3.7486019322855384,0.0016747948430776546
2015-08-04,0.427218,0.70186,-0.80104,-0.296645,-0.296645,0.36924,2.072777,2.231205,-0.616801,-2.440954,-3.669771,0.0,131.080002,130.2714996,7.113344115794389,116.04481136841122,144.49818783158878,129.92282329571097,3.4015909022176345,-0.0029708572263392303
2015-08-05,-0.173294,0.655512,-0.331527,1.251144,1.251144,-0.783604,0.394061,1.034759,-1.211574,-3.134721,-4.549177,1.0,132.720001,131.11199945,6.270261595165805,118.5714762596684,143.65252264033163,130.18922117230994,3.2217777259283196,0.012433814328376926
2015-08-06,3.865675,4.256147,-0.17962,-3.518684,-3.518684,2.236625,3.199529,4.372248,2.827799,0.705034,-0.835093,-1.0,128.050003,131.67099945,5.367049411589477,120.93690062682106,142.40509827317896,129.9854861082804,2.671647588084255,-0.03582081734296612
2015-08-07,-0.474345,0.147735,-2.799382,0.429522,0.429522,1.387245,2.26827,3.618969,2.767491,0.556761,-1.005448,0.0,128.600006,132.15899995,4.515077838219548,123.12884427356092,141.18915562643912,129.85353562177752,2.254062704154194,0.004286022385934365
2015-08-10,-1.051581,0.556284,-1.272573,2.045093,2.045093,-0.681242,0.117355,1.339128,1.101885,-1.080238,-2.651322,1.0,131.229996,132.6759998,3.6696444603951104,125.33671087920978,140.0152887207902,129.98462708637012,2.111007507865338,0.020244619967543075
2015-08-11,-0.168377,0.956681,-1.140369,-0.434346,-0.434346,-0.312262,0.189804,1.496502,1.8418,-0.300324,-1.824841,0.0,130.660004,133.06650009999998,2.9048384034633696,127.25682329307324,138.87617690692673,130.048948697192,1.9294007129624617,-0.0043529184009491505
2015-08-12,-0.992142,0.389219,-2.816151,0.283174,0.283174,-0.851711,-0.17782,0.842047,1.540488,-0.120277,-1.713093,0.0,131.029999,133.0485001,2.916864192628037,127.21477171474393,138.8822284852561,130.1423820593642,1.7946439851843081,0.002827736958243364
2015-08-13,0.882574,1.76516,-0.15349,-0.557121,-0.557121,0.049116,0.260168,0.961369,1.939752,0.851571,-0.853417,-1.0,130.300003,132.8275002,2.950801314723302,126.9258975705534,138.72910282944662,130.15739357751997,1.610380269857444,-0.00558678983006343
2015-08-14,0.25534,0.665429,-1.284434,-0.813506,-0.813506,0.968738,0.926955,1.49747,2.571568,2.000615,0.210457,-1.0,129.240005,132.56350025,3.026627207457253,126.5102458350855,138.6167546649145,130.07002323680376,1.3631039542041208,-0.008168327510580959
2015-08-17,-1.989178,0.076207,-2.446465,1.524297,1.524297,-0.550265,-0.608189,-0.095017,0.878358,0.783777,-0.979351,1.0,131.210007,132.3625008,2.9732376612967095,126.41602547740658,138.3089761225934,130.17859311901293,1.3109861575617288,0.015127966823205578
2015-08-18,0.998466,1.382491,-0.437782,-0.769766,-0.769766,0.150542,0.095242,0.412702,1.428958,1.791401,0.068359,-1.0,130.199997,132.0605004,2.863380415306916,126.33373956938617,137.78726123061384,130.18063158386883,1.1746425145221053,-0.0077274397342212385
2015-08-19,0.30994,0.666357,-1.208739,-0.875575,-0.875575,0.729896,0.695803,1.140558,1.968466,2.618319,1.291907,-1.0,129.059998,131.60050055000002,2.53519733239502,126.53010588520998,136.67089521479005,130.07390457588133,0.9634942413198644,-0.008794309721968468
2015-08-20,1.968629,2.824909,-0.112035,-3.176816,-3.176816,3.180219,3.752403,4.089844,4.751922,5.672856,4.831147,-1.0,124.959999,130.89800075,2.3106483280267045,126.27670409394659,135.5192974060534,129.58686594960693,0.4600192438956867,-0.03228371892221044
2015-08-21,3.158333,4.922302,-0.109202,-4.72951,-4.72951,6.590506,8.100796,8.573987,9.286433,10.39899,10.041157,-1.0,119.050003,130.1055012,3.3501045403671954,123.4052921192656,136.8057102807344,128.5833551925015,-0.41113628108220723,-0.04845007995644744
2015-08-24,-8.026105,6.01517,-17.992586,-4.76271,-4.76271,8.7758,11.932444,12.93997,13.905896,15.14906,15.3234,-1.0,113.379997,129.14650115,4.96601673737238,119.21446767525525,139.07853462474478,127.13541631702516,-1.5412883957391585,-0.048798615695903276
2015-08-25,5.270632,6.033721,-0.035486,-0.599753,-0.599753,6.326532,11.0142,12.534165,13.585186,15.008344,15.719021,-1.0,112.699997,128.0105011,5.955474863909014,116.09955137218196,139.92145082781803,125.76061447730848,-2.4634156833394485,-0.0060155880100773735
2015-08-26,-2.289695,0.075482,-5.359395,5.794149,5.794149,-1.145687,3.944475,5.616594,6.822946,8.071121,9.041346,1.0,119.230003,127.36500129999999,6.1797501668986055,115.00550096620277,139.7245016337972,125.13865147946959,-2.6368948097118903,0.05632503155310607
2015-08-27,-1.68238,0.235697,-3.0803,3.195503,3.195503,-4.518856,0.135728,2.074664,3.155884,4.205461,5.348396,1.0,123.040001,126.9230011,6.155912929979837,114.61117524004032,139.23482695995966,124.93878000523439,-2.438829956474194,0.031455087905279094
2015-08-28,-1.338281,0.322477,-1.749434,0.812744,0.812744,-4.484038,-1.090778,1.006664,2.033618,3.015156,4.217456,1.0,124.040001,126.56250115,6.100041336552617,114.36241847689477,138.76258382310525,124.85318200473587,-2.1760859266557873,0.00809458840939161
2015-08-31,4.039631,4.674793,-0.643633,-4.804901,-4.804901,1.133129,2.789632,5.362465,6.6167,7.724254,8.993619,-1.0,118.080002,125.89300119999999,6.265629784098902,113.36174163180218,138.4242607681978,124.20811724238007,-2.4208751576908867,-0.04924172450433215
2015-09-01,-0.727521,2.546339,-0.727521,-2.218837,-2.218837,3.906117,3.845489,6.875687,8.359607,9.477223,10.866968,-1.0,115.459999,125.11200105,6.552008724354597,112.00798360129082,138.2160184987092,123.37496312405817,-2.7940763596962768,-0.022438236818052237
2015-09-02,-1.931765,0.016722,-3.23633,3.568338,3.568338,0.384679,-0.525173,2.555053,4.076768,5.285164,6.526452,1.0,119.580002,124.4550011,6.406148032699576,111.64270503460085,137.26729716539916,123.01353825510026,-2.7259679298179122,0.03506147920618367
2015-09-03,2.065448,2.966423,-0.475993,-1.613982,-1.613982,1.115171,0.485337,3.520611,5.342116,6.528516,7.66879,-1.0,117.650002,123.93500105000001,6.5200576877103495,110.89488567457931,136.9751164254207,122.50272527842404,-2.7955015767243907,-0.01627148800501671
2015-09-04,-1.286312,0.749636,-1.627052,-0.220997,-0.220997,0.206152,0.566489,3.076924,5.097966,6.29219,7.410059,0.0,117.389999,123.3745007,6.579487504335045,110.2155256913299,136.5334757086701,122.01579896619317,-2.8388629174434357,-0.0022124158011287464
2015-09-08,-2.454883,0.105678,-3.381561,4.795978,4.795978,-3.576652,-3.252314,-2.084212,-0.045518,1.152986,2.235954,1.0,123.019997,122.96400075,6.314353418831649,110.3352939123367,135.59270758766328,122.11143687417479,-2.3913671141042983,0.04684520302212561
2015-09-09,3.254586,3.832809,-0.322154,-1.593236,-1.593236,-1.090367,-0.995372,-1.002256,1.176278,2.459609,3.49579,-1.0,121.059998,122.48400045000001,6.058221371553917,110.36755770689217,134.60044319310785,122.0112998385391,-2.169866138677861,-0.01606064545113587
2015-09-10,-1.870377,0.829468,-2.138737,1.577733,1.577733,-2.075304,-2.229,-2.870077,-0.722941,0.551029,1.639695,1.0,122.970001,122.08100055,5.718358268623199,110.6442840127536,133.5177170872464,122.10260471105919,-1.8192327574898854,0.015654157373613045
2015-09-11,-1.113177,0.0,-2.105348,0.813206,0.813206,-1.845609,-2.942648,-3.706811,-1.77906,-0.391708,0.607136,1.0,123.970001,121.76450044999999,5.4061645108022,110.95217142839559,132.57682947160438,122.2804519766726,-1.4440159174424423,0.008099177600102626
2015-09-14,1.44833,1.464693,-0.965551,-1.4197,-1.4197,0.356763,-1.694623,-2.147669,-0.652155,0.833648,1.809455,-1.0,122.209999,121.41300014999999,5.1152503210974505,111.18249950780509,131.64350079219489,122.27374216937044,-1.2739856078047893,-0.01429874064925041
2015-09-15,-1.367106,0.603136,-2.171288,1.751083,1.751083,-1.156412,-2.882186,-3.243531,-2.637715,-1.122957,-0.133492,1.0,124.349998,121.0699997,4.630798260617456,111.80840317876509,130.33159622123492,122.47148081990659,-0.9555404523017188,0.017359285898506077
2015-09-16,0.282758,1.268379,-1.106798,-0.458383,-0.458383,-0.261754,-1.762805,-2.201216,-2.448699,-0.889965,0.129801,0.0,123.779999,120.7489998,4.16355102028751,112.42189775942498,129.07610184057503,122.5961015989631,-0.7406270404141253,-0.0045943659334127885
2015-09-17,-1.375967,0.994194,-2.409931,1.575379,1.575379,-1.369604,-2.797267,-3.373368,-4.094093,-2.595723,-1.608475,1.0,125.730003,120.58250005,3.8699329746352173,112.84263410072955,128.32236599927043,122.89456839906185,-0.4082515178194086,0.01563098623337732
2015-09-18,1.36193,1.696293,-0.375142,-2.473554,-2.473554,0.911758,0.073395,-0.945471,-1.757057,-0.375797,0.73941,-1.0,122.620003,120.46550025000002,3.764560402694811,112.9363794446104,127.99462105538964,122.8684193134369,-0.39128207398799475,-0.02504660766537239
2015-09-21,3.474904,4.054056,-1.611548,-2.838039,-2.838039,3.343966,3.143361,1.673662,1.116335,2.195066,3.417269,-1.0,119.139999,120.47000005,3.7628327908093384,112.94433446838131,127.99566563161868,122.51333166453816,-0.6511350274079604,-0.028790902993316173
2015-09-22,-0.433639,0.331604,-2.491286,-1.284202,-1.284202,3.542216,4.025167,2.969701,2.611597,3.061984,4.376612,-1.0,117.610001,120.68150025,3.449150209950289,113.78319983009942,127.57980066990058,122.046347791725,-0.9693543039916079,-0.012925189441431206
2015-09-23,0.700615,1.92242,-3.024608,-0.484653,-0.484653,2.894737,4.188311,3.561175,3.296736,3.114148,4.497038,0.0,117.040001,120.89850045,3.031852370791382,114.83479570841723,126.96220519158277,121.56955285917977,-1.2530947138050976,-0.0048583091096671225
2015-09-24,2.590451,2.669478,-1.325952,-2.699935,-2.699935,3.668777,6.281176,6.101162,5.928173,5.442223,6.894688,-1.0,113.879997,120.63100015,3.400424322548388,113.83015150490323,127.43184879509678,120.83721420592455,-1.7131982632167535,-0.027370529189639378
2015-09-25,6.725714,6.725714,-1.346987,-4.820862,-4.820862,6.293939,10.226959,10.905681,10.617678,10.171419,11.635146,-1.0,108.389999,119.89850005000001,4.3103457061451165,111.27780863770978,128.51919146229025,119.65176513869365,-2.4921031835453675,-0.04940941146460175
2015-09-28,2.481151,3.664468,-1.364634,-3.321338,-3.321338,7.206793,12.351368,13.914176,13.499379,13.411966,14.692559,-1.0,104.790001,118.93600004999999,5.358658072631431,108.21868390473713,129.65331619526285,118.23635903024663,-3.361135617608568,-0.033777467571969554
2015-09-29,-0.882848,2.819444,-1.965065,0.524854,0.524854,4.317451,9.960133,12.200498,12.302074,12.514529,13.275113,0.0,105.339996,118.29899975000001,6.162673361584959,105.97365302683009,130.62434647316994,117.00813397974696,-3.959823699936038,0.005234819053216622
2015-09-30,-0.406763,1.238795,-2.190991,2.686541,2.686541,-0.05177,5.640198,8.470619,9.026996,9.403349,9.632679,1.0,108.169998,117.93449969999999,6.54326436209983,104.84797097580034,131.02102842419964,116.16640674358058,-4.157999972985365,0.026510869069820895
2015-10-01,-2.153111,0.194933,-4.740385,4.335771,4.335771,-4.385967,0.109869,3.365821,4.198563,4.631224,4.598321,1.0,112.860001,117.59849964999998,6.626330254924319,104.34583914015134,130.85116015984863,115.85151095847766,-3.891750375254958,0.04244407624874582
2015-10-02,-5.006871,0.051527,-5.702507,3.172072,3.172072,-5.942977,-3.4988,-0.243332,0.942973,1.187563,1.138496,1.0,116.440002,117.53799965,6.631357166849435,104.27528531630114,130.80071398369887,115.90755772433693,-3.3532157060900403,0.03122801465212139
2015-10-05,1.097581,1.5349,-1.620648,0.154587,0.154587,-4.05934,-3.863834,-0.716861,0.754156,0.77688,0.912934,0.0,116.620003,117.49949985,6.634496088337682,104.23050767332464,130.76849202667537,115.97540965535245,-2.878714495706234,0.0015446754649346708
2015-10-06,3.280151,3.333629,-3.146446,-3.798663,-3.798663,0.950173,-0.550853,2.480909,4.249931,4.546214,4.862285,-1.0,112.190002,116.9580001,6.602091644751219,103.75381681049757,130.16218338950245,115.61489464055698,-2.8275388181040313,-0.03872693113481116
2015-10-07,-3.564716,1.299365,-5.214572,4.269544,4.269544,-1.67721,-4.628144,-2.102926,-0.193198,0.317317,0.690429,1.0,116.980003,116.75400035,6.531327128073166,103.69134609385367,129.81665460614633,115.74490496050393,-2.3731129075256234,0.041809125276514814
2015-10-08,-1.364754,0.576419,-4.128171,0.846297,0.846297,-1.636008,-5.081801,-3.363002,-1.242689,-0.579131,-0.190162,1.0,117.970001,116.50400035,6.374688601369537,103.75462314726093,129.25337755273907,115.95681886902737,-1.91106299003512,0.008427357670193529
2015-10-09,0.204469,0.954169,-1.34605,-0.500131,-0.500131,-0.981424,-3.838811,-3.174871,-1.027004,-0.088599,0.150795,-1.0,117.379997,116.17450015000001,6.134249138253838,103.90600187349234,128.4429984265077,116.09235964340571,-1.57434541946526,-0.005013853758310996
2015-10-12,0.816327,1.088435,-1.284015,0.187426,0.187426,-0.999998,-2.92942,-3.443309,-1.408162,-0.268366,-0.219103,0.0,117.599998,115.9440001,5.980201675899501,103.983596748201,127.904403451799,116.23594424879565,-1.2750441613895447,0.0018725088855522532
2015-10-13,2.4699,3.955349,-0.149423,-3.256804,-3.256804,2.610532,1.079374,-0.4178,1.445902,2.763824,3.013685,-1.0,113.769997,115.41500005,5.656677922830838,104.10164420433833,126.72835589566168,116.00109212986273,-1.3315456012289246,-0.03311017827508891
2015-10-14,0.844104,2.382836,-0.958414,-0.035153,-0.035153,2.075087,1.603796,-0.576807,1.039741,2.542159,2.999206,0.0,113.730003,114.91250025,5.310258116311533,104.29198401737693,125.53301648262305,115.78479792701866,-1.3638292067870736,-0.00035159560801763186
2015-10-15,-3.675657,0.059558,-4.492469,3.341243,3.341243,-1.300094,-1.283926,-3.584332,-2.575937,-0.958393,-0.38912,1.0,117.529999,114.50250005000001,4.714194213979221,105.07411162204157,123.93088847795845,115.95100755301688,-1.0704468327168257,0.03286636706167965
2015-10-16,0.254499,0.644725,-1.611804,0.297795,0.297795,-1.508312,-1.454867,-3.333897,-3.066252,-1.459109,-0.678371,0.0,117.879997,114.26549975,4.3928120912714075,105.47987556745719,123.05112393254282,116.13472083368194,-0.8004699546536358,0.0029735207835869678
2015-10-19,-1.633033,0.720202,-2.30299,1.297936,1.297936,-2.467133,-2.483882,-3.756249,-4.296963,-2.815513,-1.894596,1.0,119.410004,114.279,4.4089663379849355,105.46106732403013,123.09693267596987,116.44665256380748,-0.45777560341147705,0.01289585062344083
2015-10-20,2.649692,3.673438,-0.28389,-2.654724,-2.654724,0.617689,0.523918,-0.506422,-1.745955,-0.444251,0.586432,-1.0,116.239998,114.21049984999999,4.3649127277897835,105.48067439442042,122.94032530557956,116.4269711767782,-0.436944033595978,-0.026905980987078488
2015-10-21,1.733956,1.82885,-2.45859,-0.275293,-0.275293,1.273293,0.709973,0.213943,-1.523032,-0.440647,0.7163,0.0,115.919998,114.1544997,4.333774252337252,105.4869511953255,122.8220482046745,116.37868801708503,-0.4411706494545342,-0.002756721297097397
2015-10-22,-0.63108,0.673717,-2.584,1.155973,1.155973,0.069928,-0.501452,-0.681109,-2.504266,-1.867305,-0.596966,1.0,117.260002,114.32349995,4.388069694591191,105.54736056081762,123.09963933918237,116.46262268212455,-0.3325596088941012,0.011493427833034727
2015-10-23,-1.407398,0.682878,-2.273488,2.404912,2.404912,-1.913725,-2.61326,-2.81146,-4.30713,-4.256497,-3.039364,1.0,120.080002,114.90800010000001,4.334354994011944,106.23929011197612,123.5767100880239,116.80713499811269,-0.01871837074682503,0.023764495388585726
2015-10-26,-2.701176,0.978568,-3.809139,2.973018,2.973018,-4.059848,-4.935707,-5.238443,-6.30732,-6.87489,-5.799974,1.0,123.650002,115.85100015,4.060138321562705,107.7307235068746,123.97127679312541,117.45883661734005,0.5121682787502948,0.029296806161342472
2015-10-27,-1.534303,0.095399,-3.481991,1.730691,1.730691,-4.173623,-5.597425,-6.129794,-7.088402,-8.199063,-7.364391,1.0,125.790001,116.87350040000001,3.8429849626793167,109.18753047464138,124.55947032535865,118.25228084426006,1.0929806078007545,0.017158847658426752
2015-10-28,-0.991035,0.007868,-2.666351,1.073216,1.073216,-3.426143,-5.545068,-6.593781,-7.328928,-8.856063,-8.259923,1.0,127.139999,117.82200045000002,3.921996857296376,109.97800673540726,125.66599416459277,119.09873019242576,1.643269531041966,0.010674975842378894
2015-10-29,2.161208,2.76955,-0.608342,-1.738241,-1.738241,-0.489874,-3.281838,-4.570026,-5.206515,-6.889938,-6.658395,-1.0,124.93,118.4255004,4.044991073389502,110.335518253221,126.51548254677901,119.65408922171855,1.8793846414897502,-0.017535253199179538
2015-10-30,1.703206,2.672968,-0.497108,-1.776996,-1.776996,1.739061,-1.138455,-2.553988,-3.236084,-4.738651,-4.967266,-1.0,122.709999,118.73900025,4.125186975859495,110.48862629828102,126.98937420171899,119.94512824822155,1.8658635269802915,-0.017929740604576652
2015-11-02,-2.562889,0.275162,-3.105344,3.659032,3.659032,-1.294023,-4.015721,-5.490564,-6.235847,-7.396539,-8.110585,1.0,127.199997,119.26799994999999,4.500454287807305,110.26709137438539,128.2689085256146,120.6360681293433,2.192183137812137,0.035936787481954495
2015-11-03,0.537464,0.782489,-1.051213,-0.534591,-0.534591,-0.648118,-2.68732,-4.310779,-5.165584,-6.229211,-7.381967,-1.0,126.519997,119.98449970000001,4.454764779272144,111.07497014145572,128.8940292585443,121.19644230750109,2.3686194923064505,-0.005360252595334083
2015-11-04,-0.432488,0.629082,-2.351182,0.513754,0.513754,-1.151215,-2.300069,-4.095304,-5.249665,-6.110874,-7.589839,0.0,127.169998,120.49399945,4.670547364677498,111.15290472064501,129.835094179355,121.76535237345335,2.5317122202742866,0.005124383579894137
2015-11-05,1.693509,1.693509,-1.535778,-5.276401,-5.276401,3.612817,3.407771,1.409044,0.131579,-0.62859,-2.260224,-1.0,120.459999,120.61849935000001,4.6327599161964885,111.35297951760703,129.884019182393,121.64103300455302,2.095369426285856,-0.05420701899161168
2015-11-06,1.533323,1.92736,-2.355662,-3.088163,-3.088163,5.891725,6.416825,4.575411,3.29493,2.548228,1.092743,-1.0,116.739998,120.58649940000001,4.658445752192107,111.26960789561579,129.90339090438422,121.17426776602417,1.432874343516744,-0.031368516670507614
2015-11-09,1.551539,1.683028,-0.718794,-2.278564,-2.278564,6.060656,8.059254,6.702312,5.549174,4.850278,3.721363,-1.0,114.080002,120.41049960000001,4.840166476629214,110.73016664674158,130.09083255325845,120.4986234073552,0.6853030240421703,-0.02304924844601407
2015-11-10,0.483434,0.835022,-0.544955,-0.271744,-0.271744,4.10829,7.29718,6.848322,5.836778,5.191529,4.250977,0.0,113.769997,120.41049960000001,4.840166476629214,110.73016664674158,130.09083255325845,119.85780184474993,0.06705953415135468,-0.0027211340149076078
2015-11-11,1.684341,1.844755,-0.053468,-1.371186,-1.371186,2.889226,7.458337,8.113359,7.240442,6.483914,5.820338,-1.0,112.209999,120.3344994,4.961009413247138,110.41248057350572,130.25651822649428,119.12943966905947,-0.5425277645853299,-0.013806733417721621
2015-11-12,2.724272,2.733446,-0.036685,-2.842886,-2.842886,3.801139,9.143278,10.772949,9.988078,9.271329,8.799306,-1.0,109.019997,119.90899929999998,5.544805102797668,108.81938909440464,130.9986095055953,118.16663560533951,-1.2684150924891782,-0.028840782646665297
2015-11-13,1.423387,3.61894,-0.148847,-1.403411,-1.403411,3.557541,9.280864,11.568829,11.070334,10.458649,10.070396,-1.0,107.489998,119.38949934999998,6.193670571968073,107.00215820606384,131.77684049393613,117.14981297625955,-1.944726564864112,-0.014133522739657841
2015-11-16,-2.23352,0.435813,-4.058472,2.465347,2.465347,0.350462,5.102596,8.066703,7.97712,7.530053,7.225955,1.0,110.139999,118.92599909999998,6.529792994930307,105.86641311013938,131.9855850898606,116.4822116451872,-2.241042008293306,0.024354473376392002
2015-11-17,-0.828007,1.332009,-1.377013,0.880699,0.880699,-1.004412,2.798126,6.24246,6.803616,6.495543,6.257461,1.0,111.110001,118.66949924999999,6.738284630633408,105.19292998873317,132.1460685112668,115.97057253612176,-2.3702799653014495,0.008768435841025447
2015-11-18,-3.817583,0.129557,-4.318535,4.20304,4.20304,-4.380722,-2.332009,1.303046,2.489636,2.270859,1.937007,1.0,115.779999,118.66249930000001,6.741363246836558,105.1797728063269,132.14522579367312,115.95242267553874,-2.071987584435462,0.04117111941778108
2015-11-19,1.611911,1.830921,-0.508105,-1.40784,-1.40784,-2.116515,-1.490147,2.120015,3.816905,3.612788,3.281061,-1.0,114.150002,118.5069993,6.810926277124887,104.88514674575023,132.12885185424977,115.78076356358268,-1.9446985842192532,-0.01417843951717794
2015-11-20,1.418378,1.797199,-0.237868,-0.560666,-0.560666,-0.503922,-1.219278,2.155461,4.112851,4.04299,3.749741,-1.0,113.510002,118.1784993,6.889056989237097,104.4003853215258,131.95661327847418,115.56450055752718,-1.8738630588735674,-0.005622434109769451
2015-11-23,0.387327,1.672537,-0.413733,0.079285,0.079285,0.026411,-1.339788,1.276409,3.588029,3.755987,3.550177,0.0,113.599998,117.67599910000001,6.8352731480328695,104.00545280393428,131.34654539606575,115.37740507585792,-1.7898314072907766,0.0007925322945760977
2015-11-24,0.355021,0.8698,-1.073932,-0.818662,-0.818662,1.128962,-0.623057,1.292862,3.860833,4.485667,4.372357,-1.0,112.669998,117.01999894999999,6.642425513716465,103.73514792256705,130.30484997743292,115.11955678291906,-1.7777857383037912,-0.008220314256296655
2015-11-25,0.293727,1.201601,-0.080103,-0.284015,-0.284015,0.80641,-0.327547,0.701974,3.498443,4.656165,4.628691,0.0,112.349998,116.2804989,6.269272679976749,103.7419535400465,128.8190442599535,114.8557892797839,-1.773615647350411,-0.0028441935952953985
2015-11-27,-0.02662,0.319461,-0.594556,0.302629,0.302629,0.243143,-0.302602,-0.061528,2.643089,4.178186,4.169844,0.0,112.690002,115.668499,5.970800616069042,103.72689776786191,127.61010023213808,114.64952382456639,-1.7230135117333703,0.003021722882236719
2015-11-30,3.106442,3.289179,-0.073087,-2.875149,-2.875149,2.468709,2.827778,2.452873,5.075836,6.873643,6.996805,-1.0,109.449997,115.00549889999999,5.883314506932469,103.23886988613505,126.77212791386494,114.15433079365529,-1.922194419592003,-0.02917290715296619
2015-12-01,-0.262302,0.750725,-1.383863,1.014163,1.014163,0.890015,1.833395,1.212013,3.268362,5.327063,5.655754,1.0,110.559998,114.17349895,5.205597281910023,103.76230438617995,124.58469351382004,113.81201338473575,-1.9677953995998507,0.010090545370539078
2015-12-02,-0.834605,1.812795,-1.507673,0.786905,0.786905,-0.120256,1.067037,0.281791,1.784976,3.98923,4.686948,1.0,111.43,113.4189991,4.344215694970571,104.73056771005885,122.10743048994114,113.58515496714188,-1.9116957753940227,0.007838249129328092
2015-12-03,4.786484,4.927264,-0.516192,-4.379428,-4.379428,3.365553,4.829654,4.520566,5.479114,7.978973,9.188484,-1.0,106.550003,112.38799935,3.2069490097217526,105.9741013305565,118.80189736944351,112.91514049408075,-2.235244881496101,-0.04478220435854147
2015-12-04,-2.68213,0.063428,-3.044582,3.575784,3.575784,-0.625228,0.867161,0.993112,1.380028,3.723086,5.210522,1.0,110.360001,111.88299944999999,2.6082966618299426,106.6664061263401,117.09959277365986,112.67179387559688,-2.1593334303624374,0.035133371709918156
2015-12-07,1.146263,1.723977,-0.779464,-1.187022,-1.187022,0.495184,1.669873,2.301694,2.245297,4.468039,6.137243,-1.0,109.050003,111.4984997,2.4142084990645944,106.67008270187081,116.32691669812918,112.32686141125431,-2.1797521232877557,-0.011941238252385283
2015-12-08,-3.801876,0.428377,-3.828649,2.751032,2.751032,-1.929497,-1.190542,-0.323667,-0.582778,1.130207,2.950465,1.0,112.050003,111.39699975,2.341542539597661,106.71391467080468,116.08008482919533,112.3004939435158,-1.9315929553712863,0.027138706862743372
2015-12-09,-0.225347,1.388139,-0.658016,-0.99063,-0.99063,-1.036596,-0.357852,0.66342,0.284386,1.580312,3.534341,-1.0,110.940002,111.25549999999998,2.27516217166531,106.70517565666937,115.8058243433306,112.17092328222859,-1.8037008898484572,-0.009955694365846243
2015-12-10,-1.067423,0.960685,-1.627826,1.334051,1.334051,-1.29514,-1.663403,-0.861055,-1.026506,-0.281799,1.734865,1.0,112.419998,111.26599995000001,2.2802778860222785,106.70544417795546,115.82655572204456,112.1946446839211,-1.5648831987425638,0.013252307128648834
2015-12-11,1.974898,3.433002,-0.08306,-3.611454,-3.611454,2.033961,1.621447,2.497231,2.651347,3.007751,5.036913,-1.0,108.360001,111.23300015000002,2.3189403026990116,106.595119544602,115.87088075539805,111.82944052354766,-1.683816298887578,-0.036782813338108164
2015-12-14,-0.816253,0.1179,-2.503176,1.753415,1.753415,0.495192,-0.056232,0.534493,1.00807,0.99764,2.850533,1.0,110.260002,111.37150035000002,2.1609599794042857,107.04958039119145,115.69342030880858,111.67997018797169,-1.6062416816349696,0.017382204855089695
2015-12-15,-1.652821,0.972246,-2.032882,2.612005,2.612005,-1.870248,-2.37228,-2.051734,-1.430527,-1.606504,-0.18178,1.0,113.139999,111.52150035000003,2.175052383146004,107.17139558370802,115.87160511629203,111.819020551022,-1.297415748669124,0.025784749775921025
2015-12-16,-1.486347,0.328376,-2.592465,2.280362,2.280362,-3.23194,-4.178188,-4.0598,-3.428967,-3.732804,-2.718344,1.0,115.720001,111.75200035,2.3651157255780384,107.02176889884393,116.48223180115608,112.19054249854372,-0.8348606188677508,0.022547507673080256
2015-12-17,3.414462,3.672999,-0.089149,-3.067752,-3.067752,-0.213959,-0.644555,-1.034142,-0.533563,-0.687526,-0.085286,-1.0,112.169998,111.5715003,2.1713447090171285,107.22881088196574,115.91418971803425,112.18858587963479,-0.7461369175263002,-0.031157928922430224
2015-12-18,1.207556,2.306157,-0.090792,-1.809752,-1.809752,1.94843,1.166698,0.635556,1.117669,1.183586,1.443921,-1.0,110.139999,111.37100015000001,2.104838258746217,107.16132363250757,115.58067666749245,111.9934823672886,-0.8300583034550755,-0.018263285072070725
2015-12-21,0.261639,0.811983,-1.001437,0.635552,0.635552,1.409241,0.689285,0.083608,0.358629,0.665467,0.62583,1.0,110.839996,111.23749984999999,2.045878111628428,107.14574362674314,115.32925607325684,111.88362652278492,-0.830509106636228,0.0063354091517402395
2015-12-22,0.161959,0.3869,-1.169699,0.270663,0.270663,0.775598,0.335613,-0.151759,-0.022943,0.429729,0.266031,0.0,111.139999,111.11449989999998,1.9688663163054607,107.17676726738907,115.0522325326109,111.81280485394826,-0.7974659455202016,0.0027029749473923216
2015-12-23,-1.53191,0.942083,-3.334153,9.834444,9.834444,-7.207341,-7.736545,-8.510963,-8.589744,-8.20349,-8.485022,1.0,122.07,111.5845,3.135850955441806,105.3127980891164,117.85620191088361,112.78968058214366,0.10941941370768404,0.09380399182759369
2015-12-24,-0.761421,0.67955,-1.342721,0.057343,0.057343,-5.627968,-6.993614,-7.71246,-8.241362,-8.047813,-8.26647,0.0,122.139999,112.07400005,3.9261473619832965,104.2217053260334,119.92629477396659,113.68018709812999,0.8242791519778621,0.0005732689259544221
2015-12-28,1.183882,2.141061,-0.528965,-2.488948,-2.488948,-1.714525,-3.717883,-4.867617,-5.630141,-5.534507,-5.642876,-1.0,119.099998,112.39449985000002,4.229027606331473,103.93644463733708,120.85255506266296,114.19635956497476,1.1324537486057409,-0.025204460039019595
2015-12-29,-1.311121,0.321602,-1.368843,1.821998,1.821998,-1.753112,-4.532859,-5.898132,-6.831448,-6.96891,-6.952528,1.0,121.269997,112.98549985,4.6050747067096545,103.77535043658068,122.19564926341931,114.87003932069145,1.5341009596548787,0.01805598036186971
2015-12-30,0.256876,1.01094,-0.364602,-0.486515,-0.486515,0.308252,-3.441334,-4.961331,-5.956662,-6.279417,-6.206497,0.0,120.68,113.49149995,4.872744278898168,103.74601139220367,123.23698850779634,115.42336890919702,1.7842339032443277,-0.0048770256396522315
2015-12-31,0.108548,1.728457,-0.141956,-0.762345,-0.762345,0.69305,-2.362227,-3.740261,-4.886441,-5.322647,-5.245214,-1.0,119.760002,113.90800004999998,5.040384219816704,103.82723161036658,123.98876848963339,115.8363815845116,1.8864837034554967,-0.007652657479420772
