date,c_open,c_high,c_low,n_close,n_adj_close,adj_sum_5,adj_sum_10,adj_sum_15,adj_sum_20,adj_sum_25,adj_sum_30,label,closing_price_for_label,melody_ma20,melody_std20,melody_lb20,melody_ub20,melody_ema20,melody_macd_12_26,melody_str_log_return
2013-06-03,-0.492203,0.492211,-1.435595,1.077935,1.077948,-0.836756,-1.878587,-3.992339,-6.698109,-8.321571,-9.491383,1.0,21.269674,,,,,,,
2013-06-04,-0.369462,0.985218,-1.35468,-0.082026,-0.082042,-0.369456,-1.629715,-3.067862,-5.892847,-7.691287,-8.901194,0.0,21.252224,,,,,,,-0.0008207536257943728
2013-06-05,-0.205592,1.315785,-0.452307,-0.164208,-0.164204,-0.041116,-1.340455,-2.072361,-4.928033,-6.980254,-8.283982,0.0,21.217327,,,,,,,-0.0016433895359026854
2013-06-06,-0.285128,0.570273,-1.262725,0.94572,0.945741,-0.830969,-1.771904,-2.082833,-5.038703,-7.172308,-8.578418,1.0,21.417988,,,,,,,0.00941297052042339
2013-06-07,0.530833,1.184161,-0.449167,-0.244395,-0.244425,-0.285819,-1.131059,-1.679581,-4.058781,-6.33073,-7.830389,0.0,21.365637,,,,,,,-0.0024472459324129648
2013-06-10,0.862065,1.272574,-0.328407,-0.530825,-0.53082,0.229887,-0.262724,-1.122051,-2.87766,-5.251222,-6.833598,-1.0,21.252224,,,,,,,-0.005322335052107807
2013-06-11,0.249269,1.578733,-0.083095,-1.19048,-1.190482,1.196517,1.013718,0.10249,-1.12587,-3.567912,-5.283187,-1.0,20.99922,,,,,,,-0.011976254541135404
2013-06-12,0.958729,1.333885,-0.041684,-0.332364,-0.332355,1.258856,1.296372,0.430736,-0.229259,-2.64443,-4.540775,0.0,20.929428,,,,,,,-0.003329087284554513
2013-06-13,-1.724846,0.205339,-1.930189,1.500625,1.500624,-0.402468,-0.209445,-0.777547,-1.059544,-3.487468,-5.408618,1.0,21.2435,,,,,,,0.014894759334023113
2013-06-14,0.913238,1.701951,-0.041511,-1.067762,-1.067743,0.340374,0.85511,0.453838,0.0498,-1.904536,-3.922801,-1.0,21.016674,,,,,,,-0.010734843553756729
2013-06-17,-1.78138,1.052623,-1.902838,2.532175,2.532147,-1.862342,-1.506067,-1.711195,-2.327926,-3.744118,-5.773268,1.0,21.548847,,,,,,,0.02500618896593702
2013-06-18,-0.402905,0.644641,-0.483477,0.485826,0.485831,-1.732468,-1.796934,-1.936606,-2.624893,-3.637381,-5.690294,0.0,21.653538,,,,,,,0.004846547472970474
2013-06-19,0.40519,1.134518,0.0,-0.564061,-0.564051,-0.615887,-1.094008,-1.229071,-1.936795,-2.53809,-4.574554,-1.0,21.531401,,,,,,,-0.005656477859336758
2013-06-20,0.163662,1.186575,-0.57284,-0.972443,-0.972445,0.433711,-0.167766,-0.240051,-0.748778,-1.052378,-3.130117,-1.0,21.32202,,,,,,,-0.009772039725594872
2013-06-21,-0.408501,0.5719,-1.102945,0.163662,0.163648,0.588244,-0.334957,-0.305,-0.712815,-1.117634,-2.791379,0.0,21.356913,,,,,,,0.0016351396495501548
2013-06-24,1.080636,1.704073,-0.083117,-1.71569,-1.715674,1.812134,1.280131,1.346631,1.130505,0.578554,-0.684398,-1.0,20.990498,,,,,,,-0.017305622040999533
2013-06-25,1.249475,1.790925,-0.083299,-0.20781,-0.207808,1.349433,1.46605,1.460495,1.36609,0.797995,-0.097186,0.0,20.946878,,,,,,,-0.0020802453510763833
2013-06-26,-0.369004,0.246011,-0.861005,1.58267,1.582689,-0.467421,0.049182,-0.101155,-0.157873,-0.710147,-1.227298,1.0,21.278402,,,,,,,0.015702953885157536
2013-06-27,-0.649614,0.324807,-0.690215,0.98401,0.983984,-1.282981,-0.812011,-1.052912,-1.077949,-1.468123,-1.726885,1.0,21.487778,,,,,,,0.009791740710997227
2013-06-28,0.369762,1.109289,-0.164343,-1.177422,-1.177409,-0.221862,0.472463,0.084897,0.145839,-0.157776,-0.494395,-1.0,21.234779,21.2657475,0.20812372135785523,20.84950005728429,21.68199494271571,21.26944287340245,,-0.011843952015068517
2013-07-01,0.328677,2.013147,-0.123258,0.0,0.703341,-0.550587,-0.306293,-0.573002,-0.526847,-0.694982,-1.152491,1.0,21.384132,21.2714704,0.20980424776127338,20.851861904477452,21.691078895522544,21.280365647364125,,0.007008795292356747
2013-07-02,-0.328947,1.315785,-0.411188,-0.082169,-0.082182,-0.075951,-0.358608,-0.376608,-0.418275,-0.515137,-0.99755,0.0,21.366558,21.2771871,0.2108075000885134,20.85557209982297,21.698802100177026,21.288574442853257,,-0.0008221622149223738
2013-07-03,-0.935336,1.016673,-1.301342,1.110197,1.110226,-0.871934,-1.419204,-1.262413,-1.422277,-1.503657,-1.983276,1.0,21.603775,21.296509500000003,0.22242273191723602,20.85166403616553,21.741354963834475,21.3185935435339,,0.011041078496249579
2013-07-05,0.284896,0.3663,-1.302401,-0.081334,-0.081347,-0.70004,-1.216562,-1.076188,-1.303059,-1.363198,-1.714492,0.0,21.586201,21.304920149999997,0.23029899562577313,20.84432215874845,21.765518141251544,21.344079967959242,,-0.0008137999877515991
2013-07-08,0.121807,0.487215,-0.974421,0.244196,0.244207,-0.568418,-1.326889,-1.125474,-1.480351,-1.493304,-1.780127,0.0,21.638916,21.3185841,0.24190554286308671,20.834773014273825,21.802395185726173,21.372159590058363,,0.0024390923515238945
2013-07-09,-1.589825,0.158986,-1.669316,2.151851,2.15185,-2.011135,-2.901465,-3.040687,-3.362893,-3.417289,-3.611426,1.0,22.104553,21.36120055,0.2981405315383093,20.764919486923382,21.957481613076617,21.44191134338614,0.1203823478976318,0.021290245102268558
2013-07-10,-1.338056,0.590315,-1.377414,0.993641,0.993637,-2.117275,-3.239819,-3.794354,-4.016911,-4.175456,-4.33847,1.0,22.324192,21.42744915,0.355217711487104,20.717013727025794,22.137884572974208,21.525938072587458,0.1750099751238281,0.009887328093971715
2013-07-11,-0.96637,0.231925,-1.159648,1.810315,1.810301,-2.868179,-4.322385,-5.153916,-5.327858,-5.6134,-5.792246,1.0,22.728327,21.517394099999997,0.4400878538303961,20.637218392339204,22.39756980766079,21.640451303769606,0.2480536719520643,0.017941098489574002
2013-07-12,-0.346958,0.03855,-1.079418,0.270584,0.270614,-2.074034,-4.009272,-4.980513,-5.244103,-5.627352,-5.822876,0.0,22.789833,21.594710749999997,0.518316838255572,20.558077073488853,22.63134442651114,21.74991622722012,0.3073612786186075,0.002702483467418677
2013-07-15,-0.578477,0.231392,-1.1184,-0.038554,-0.038565,-1.033553,-3.293488,-4.527095,-4.8203,-5.342419,-5.532208,0.0,22.781044,21.68292925,0.5629810024104214,20.55696724517916,22.808891254820843,21.848118872246772,0.34962354277480046,-0.0003857288113623195
2013-07-16,0.583438,1.089074,-0.311163,-0.848442,-0.848455,0.241164,-1.933089,-3.238695,-3.775861,-4.295913,-4.529319,-1.0,22.587757,21.73487475,0.5968678369281205,20.541139076143757,22.92861042385624,21.918560598699457,0.36333178343535266,-0.008520752815880701
2013-07-17,0.311042,0.544331,-0.466559,0.038895,0.038902,0.44324,-1.426899,-2.789621,-3.604617,-4.050374,-4.368136,0.0,22.596544,21.782025049999998,0.6266102748380209,20.528804500323957,23.03524559967604,21.983130446442367,0.37063228214735133,0.0003889404025869485
2013-07-18,0.03867,1.121419,-0.502711,0.544331,0.544327,-0.108272,-1.469449,-2.89302,-3.865002,-4.254658,-4.665468,0.0,22.719543,21.84143215,0.6571754438361921,20.527081262327616,23.155783037672382,22.053264975352615,0.3819402024242997,0.005428504983284425
2013-07-19,0.154923,0.697134,-0.774589,-0.154683,-0.154677,-0.046478,-0.832687,-2.390912,-3.415783,-3.852254,-4.331687,0.0,22.684401,21.909551200000003,0.6709661187104238,20.567618962579154,23.251483437420852,22.113373168176178,0.38364373879599256,-0.0015479715602379777
2013-07-22,1.088651,1.244176,-0.933122,-0.387301,-0.387301,0.178849,-0.023323,-1.609638,-2.765959,-3.198759,-3.778144,0.0,22.596544,21.97153275,0.6744756635238897,20.622581422952223,23.32048407704778,22.159389437873685,0.37359787425761937,-0.0038805334230465074
2013-07-23,0.547739,0.8216,-0.273862,-0.622084,-0.622077,0.688572,0.758997,-0.675537,-1.831002,-2.431228,-2.99714,-1.0,22.455976,22.044806649999998,0.641064320049607,20.762678009900785,23.32693529009921,22.18763577712381,0.35025625532576043,-0.006240203928418013
2013-07-24,0.976944,1.563111,-0.547085,0.117375,0.117385,0.468919,0.711201,-0.461132,-1.604622,-2.398167,-2.89098,0.0,22.482336,22.12157955,0.592781526920467,20.936016496159066,23.307142603840934,22.21570246501678,0.3300799298911059,0.0011731639151599997
2013-07-25,0.392157,0.470592,-0.745102,-0.3517,-0.351712,0.541176,0.921567,0.128102,-1.006284,-1.898011,-2.328942,0.0,22.403263,22.1778226,0.5610863713518485,21.055649857296302,23.299995342703696,22.233565373110416,0.30420285520707324,-0.003523316322431456
2013-07-26,-0.980392,0.0,-1.058824,0.0,0.0,0.290196,0.749016,0.37124,-0.801964,-1.70496,-2.156383,0.0,22.403263,22.22359685,0.5387264021414259,21.146144045717147,23.301049654282853,22.249727051861804,0.2804620946403027,0.0
2013-07-29,0.118441,0.5527,-0.394789,-0.666667,-0.666684,0.655365,1.188327,1.229124,0.092789,-0.884016,-1.314377,-1.0,22.253904,22.2745531,0.4858808379743199,21.30279142405136,23.246314775948637,22.250124856446394,0.24675095636559163,-0.006689164000076347
2013-07-30,-0.818079,1.441375,-1.012855,1.342282,1.342281,-0.592118,-0.167498,0.02079,-0.973886,-1.919749,-2.473111,1.0,22.552614,22.332977200000002,0.4413927839696647,21.450191632060672,23.21576276793933,22.27893334630864,0.24135583713195174,0.013333525512863533
2013-07-31,0.820629,1.172329,-0.156315,-0.311648,-0.311618,-0.281376,0.093771,0.380342,-0.416193,-1.339973,-2.045369,0.0,22.482336,22.3887661,0.3789054984817206,21.63095510303656,23.146577096963444,22.29830502761258,0.22877217577075726,-0.003121045190355677
2013-08-01,-0.386242,0.154504,-0.926995,1.172329,1.172311,-1.135571,-1.054456,-0.777643,-1.319036,-2.225106,-3.002415,1.0,22.745899,22.445872299999998,0.33825626212185594,21.769359775756286,23.12238482424371,22.340933024982814,0.23733106016559802,0.011654931193744946
2013-08-02,-1.489126,0.0,-1.756399,1.158756,1.158763,-1.741133,-2.04659,-1.850588,-2.140137,-3.080573,-3.869055,1.0,23.00947,22.51703575,0.294801589790034,21.927432570419935,23.10663892958007,22.40460321307969,0.2623577181938579,0.011521004907053142
2013-08-05,-0.76016,0.418096,-0.76016,0.458182,0.458181,-1.444316,-2.269097,-2.201951,-2.267197,-3.197263,-4.053986,0.0,23.114895,22.590834700000002,0.24372841405746237,22.103377871885076,23.078291528114928,22.472250049929244,0.2873856386639311,0.00457134460671583
2013-08-06,0.763071,0.763071,-0.572301,-0.380084,-0.380084,-0.656234,-1.648224,-1.70164,-1.694009,-2.54254,-3.393115,0.0,23.027039,22.636959,0.23395034731126307,22.169058305377476,23.104859694622526,22.525087092793125,0.29671090240927,-0.0038080807869969543
2013-08-07,0.727404,1.416535,0.0,-0.343373,-0.34337,0.091877,-1.10644,-1.260855,-1.21938,-1.931095,-2.769582,0.0,22.947971,22.668147949999998,0.23162728579235167,22.204893378415296,23.1314025215847,22.56536175062235,0.29432828109967346,-0.003439611125867974
2013-08-08,0.038081,0.228484,-0.304646,0.535984,0.535995,-0.159949,-1.344264,-1.685721,-1.671758,-2.199558,-3.02896,0.0,23.070971,22.68528015,0.24837868339786764,22.188522783204267,23.182037516795734,22.613515012467843,0.2989193523687952,0.005345637581247848
2013-08-09,0.959693,1.151635,-0.729359,-0.799699,-0.799715,0.537435,-0.337807,-0.834288,-0.857961,-1.183872,-2.043502,-1.0,22.886469,22.69011195,0.2514407083043327,22.187230533391332,23.192993366608665,22.639510630328047,0.2843917489201715,-0.008029298030098712
2013-08-12,-1.82232,0.41762,-1.860289,1.113248,1.113256,-0.5467,-1.051638,-1.769178,-1.871686,-2.012156,-2.847388,1.0,23.141254,22.708122449999998,0.2704770751463837,22.16716829970723,23.249076600292764,22.687295713153947,0.2900935211593385,0.011071049609455258
2013-08-13,0.493925,0.607903,-0.949848,-0.07593,-0.075942,-0.387529,-0.729476,-1.50202,-1.681226,-1.761394,-2.522792,0.0,23.12368,22.7349186,0.28412735081362056,22.16666389837276,23.30317330162724,22.728856121425,0.2898528980286663,-0.0007597114845231074
2013-08-14,0.26536,0.26536,-1.554208,0.22796,0.227978,-0.416988,-0.655807,-1.526418,-1.779767,-1.837765,-2.484215,0.0,23.176397,22.76391125,0.2984859029367974,22.166939444126406,23.360883055873593,22.771479062241667,0.29056655343308435,0.0022771894215525166
2013-08-15,-0.367651,1.429739,-0.816989,-7.202423,-7.202435,5.857845,6.478762,5.838781,5.561684,5.553922,5.069445,-1.0,21.507132,22.7032907,0.4101868233381341,21.88291705332373,23.52366434667627,22.65106505631389,0.15465364466522757,-0.07474978905314732
2013-08-16,1.071286,1.606922,-0.082406,-0.857843,-0.857846,5.306968,6.608987,6.416704,6.155751,6.192009,5.937374,-1.0,21.322634,22.635202349999997,0.5134991931085091,21.608203963782977,23.662200736217017,22.524547812855424,0.031688948113028914,-0.00861546342392783
2013-08-19,0.206016,1.606922,-0.082406,0.0,0.0,3.601156,5.768444,6.125536,5.857029,5.91842,5.88793,0.0,21.322634,22.57150685,0.5916144671076679,21.388277915784663,23.754735784215335,22.41007983067872,-0.06501204147189199,0.0
2013-08-20,-0.16447,0.986838,-0.411188,0.206016,0.205997,1.743439,4.773871,5.537304,5.38448,5.472061,5.55512,0.0,21.366558,22.51703595,0.6500752446735079,21.216885460652986,23.817186439347015,22.310696799185507,-0.13653013825242155,0.0020578518094513925
2013-08-21,1.204823,1.703365,-0.083095,-1.027961,-1.027938,0.880758,5.010385,6.212434,6.163272,6.293309,6.465861,-1.0,21.146923,22.450265299999998,0.7187781176635935,21.012709064672812,23.887821535327184,22.19986119926308,-0.20852767688955964,-0.010332579167348404
2013-08-22,0.249896,0.874631,-0.208251,-0.249273,-0.249299,0.741372,4.335715,5.955876,6.118308,6.250753,6.473716,0.0,21.094204,22.38481235,0.7802566691762634,20.824299011647476,23.945325688352526,22.094560513618976,-0.26676512537290265,-0.0024960994706508008
2013-08-23,0.88013,1.25733,-0.083826,-0.624736,-0.624717,1.031006,4.073761,5.970941,6.441743,6.590109,6.852472,-1.0,20.962425,22.312770450000002,0.8424979639497214,20.62777452210056,23.997766377899445,21.986738083750502,-0.3198649824425033,-0.006266761478755177
2013-08-26,0.041964,0.923202,-0.293747,-0.125738,-0.12573,0.78891,3.151483,5.410543,6.261012,6.407046,6.693239,0.0,20.936069,22.2468787,0.8971082412854838,20.452662217429033,24.041095182570967,21.88667436148855,-0.35992472251193064,-0.0012580883444796417
2013-08-27,1.022142,1.320277,-0.170353,-1.468737,-1.468748,1.575812,3.479561,6.206708,7.378628,7.638849,7.967071,-1.0,20.628571,22.15067655,0.9633168959924239,20.224042758015152,24.077310341984848,21.766854993727733,-0.41173860749496427,-0.014796404353126697
2013-08-28,0.426431,0.554367,-0.298516,-0.127764,-0.127755,1.176962,2.362463,5.583504,7.059695,7.411507,7.782509,0.0,20.602217,22.0566706,1.0193546982098898,20.01796120358022,24.09537999641978,21.65593708956319,-0.4497436671540953,-0.0012783652637934366
2013-08-29,0.085279,1.279313,0.0,0.0,0.0,0.699356,1.923231,4.78464,6.539439,7.061827,7.439937,0.0,20.602217,21.9494865,1.0551434643242927,19.839199571351415,24.059773428648583,21.555582795319076,-0.4743944270904059,0.0
2013-08-30,0.643501,1.029601,-0.3861,-0.597023,-0.597047,0.832284,2.123573,4.630369,6.561588,7.32907,7.726325,-1.0,20.479212,21.8229736,1.0729020822435638,19.677169435512873,23.96877776448713,21.453071291002974,-0.498113860919819,-0.005988368495430518
2013-09-03,0.425894,1.235094,-0.085183,0.729305,0.72932,-0.19591,1.047701,3.060764,5.1874,6.236804,6.628343,1.0,20.628571,21.6986574,1.0592873721474245,19.580082655705148,23.81723214429485,21.374547453764595,-0.49910627362468674,0.007266733759224071
2013-09-04,-1.051746,0.631048,-1.135886,1.235094,1.235107,-1.169551,-0.416502,1.088197,3.390821,4.620944,5.07642,1.0,20.883356,21.59147325,1.0257232328159045,19.54002678436819,23.64291971563181,21.327767315310826,-0.4738712548193824,0.012275421440641199
2013-09-05,0.506534,0.633174,-0.633179,-0.336554,-0.336565,-0.633183,-0.240612,0.672572,3.227098,4.653439,5.163922,0.0,20.81307,21.4847282,0.9875005720529552,19.50972705589409,23.45972934410591,21.27874852337646,-0.4543068468685725,-0.003371323315408091
2013-09-06,1.146501,1.231427,-0.679406,-0.590975,-0.59098,0.042468,0.157122,1.007793,3.265403,4.878144,5.513105,-1.0,20.690069,21.365683100000002,0.9279256016912124,19.509831896617577,23.221534303382427,21.222683806864417,-0.4436133666009141,-0.005927328056713912
2013-09-09,-1.295982,0.250836,-1.421405,1.57113,1.57114,-0.994987,-1.367062,-0.652181,1.222821,2.876251,3.66081,1.0,21.015139,21.2721166,0.858237794834551,19.5556410103309,22.988592189669102,21.20291763478209,-0.40424835081741506,0.015589256061999675
2013-09-10,-0.538075,0.372517,-0.662252,1.003344,1.003348,-1.415568,-2.210273,-1.669436,-0.233866,1.498338,2.46964,1.0,21.225994,21.176353600000002,0.736989315352779,19.702374969294443,22.650332230705562,21.205115383850462,-0.35197965354182514,0.009983479909088275
2013-09-11,-0.738302,0.123056,-0.82034,0.910592,0.910577,-1.804748,-2.723534,-2.540324,-1.531984,0.28221,1.368621,1.0,21.419273,21.09113325,0.5822637914398363,19.926605667120327,22.25566083287967,21.225511347293278,-0.2915989630433735,0.009064561533459577
2013-09-12,0.535196,0.658707,-0.20585,-0.369147,-0.369149,-0.94689,-2.017289,-2.118839,-1.597362,0.352413,1.565808,0.0,21.340204,20.9993236,0.3233640956206808,20.35259540875864,21.646051791241362,21.23643445707487,-0.2472765877178844,-0.0036983188602881805
2013-09-13,0.041118,0.370066,-0.493417,0.123503,0.123495,-0.435842,-1.780415,-2.15459,-1.75163,-0.090444,1.225347,0.0,21.366558,20.9922949,0.3131105496175297,20.36607380076494,21.61851599923506,21.248827175448692,-0.20763079978232568,0.0012341841015821302
2013-09-16,0.20509,0.369155,-1.025431,0.246706,0.246717,-0.303524,-1.583258,-2.253205,-1.970871,-0.610327,0.72875,0.0,21.419273,20.99712685,0.3191638361182634,20.358799177763473,21.63545452223653,21.265060111120246,-0.16999793687232767,0.00246413475870612
2013-09-17,0.08206,0.738605,-0.287247,-0.041009,-0.040996,-0.090292,-1.17769,-2.065394,-1.910149,-0.892913,0.504708,0.0,21.410492,21.00151975,0.32444084876129065,20.352638052477417,21.650401447522583,21.27891076720403,-0.13927668032606633,-0.0004100419473714372
2013-09-18,-1.895157,0.0,-2.016129,1.764456,1.764448,-1.483871,-2.475804,-3.408599,-3.51411,-2.856448,-1.427414,1.0,21.788269,21.022605300000002,0.3610514522737307,20.30050239545254,21.744708204547464,21.32742107508936,-0.08348406416787313,0.017490623437369124
2013-09-19,-0.446977,0.56887,-0.812682,-0.766121,-0.766114,-0.463239,-1.349057,-2.34865,-2.659499,-2.39416,-0.870929,-1.0,21.621346,21.046326450000002,0.38447411443542445,20.277378221129155,21.81527467887085,21.355413925080853,-0.05213631003632102,-0.007690638248400774
2013-09-20,0.897593,0.979192,-0.326397,-0.406343,-0.406362,0.097931,-0.554865,-1.661897,-2.160331,-1.991013,-0.704462,0.0,21.533485,21.0682905,0.3996030498766189,20.26908440024676,21.86749659975324,21.372373075073153,-0.033990812525431124,-0.0040719020031572475
2013-09-23,0.45323,0.74166,-0.659246,-0.979192,-0.979177,0.997115,0.572719,-0.425769,-1.108367,-1.021841,0.03296,-1.0,21.322634,21.086300950000002,0.4026860431534564,20.280928863693088,21.891673036306916,21.367636020304282,-0.036206917751655965,-0.00984002780659713
2013-09-24,0.0,0.745655,-0.828492,-0.535645,-0.535637,1.35045,1.10604,0.292731,-0.511605,-0.510363,0.267876,-1.0,21.208422,21.099918600000002,0.4019426537967957,20.29603329240641,21.903803907593595,21.3524727802753,-0.04664149685765295,-0.0053707706922987465
2013-09-25,-0.982395,0.491195,-1.268928,1.20133,1.20132,-0.155545,-0.073681,-0.717698,-1.498158,-1.673353,-1.180243,1.0,21.463203,21.141650199999997,0.3936720855824173,20.35430602883516,21.928994371164833,21.363018515487177,-0.033960799611836734,0.011941613551659533
2013-09-26,2.229697,2.482125,-0.336554,-2.701596,-2.701587,1.909961,2.48211,2.061411,1.304154,1.0063,1.197577,-1.0,20.883356,21.15570715,0.37810832950601375,20.399490490987972,21.91192380901203,21.317336371155065,-0.06989436388235859,-0.02738750242362885
2013-09-27,0.085727,0.942988,-1.200176,-1.851073,-1.851091,2.820414,3.99058,3.923426,3.189035,2.794694,2.941857,-1.0,20.496786,21.1504356,0.38686474033514395,20.376706119329715,21.92416508067029,21.239188716759344,-0.12808841721245656,-0.018684384703218142
2013-09-30,-1.323086,0.426808,-1.749893,0.428633,0.428628,1.664545,3.141286,3.340459,2.774234,2.282557,2.382997,0.0,20.584641,21.155707049999997,0.3778504900275502,20.400006069944897,21.911408030055096,21.17685083897274,-0.16521397560826045,0.004277121821169087
2013-10-01,0.387263,1.032702,-0.172113,-0.810926,-0.085972,1.128228,2.819887,3.215751,2.847685,2.298777,2.348617,0.0,20.566944,21.1526257,0.38259697655739855,20.387431746885206,21.917819653114798,21.118764473356286,-0.19382989770630132,-0.0008600884311480192
2013-10-02,-0.943396,0.171531,-1.372213,0.344234,0.344256,-0.018666,1.909653,2.609185,2.435335,1.949593,1.879769,0.0,20.637747,21.140345250000003,0.395421573718477,20.349502102563047,21.93118839743696,21.07295328541759,-0.2083927894046944,0.0034366509233280875
2013-10-03,0.999565,1.477618,-0.304211,-1.329331,-1.329346,0.817661,2.664888,3.671802,3.704989,3.276204,3.124093,-1.0,20.3634,21.11786175,0.42656713391964296,20.264727482160712,21.970996017839287,21.005376782044486,-0.23931284655409613,-0.013382605832112794
2013-10-04,-0.260647,0.304083,-0.738488,0.043459,0.043431,0.651628,2.050308,3.301414,3.581964,3.186215,2.961197,0.0,20.372244,21.1019705,0.448689285920623,20.204591928158756,21.999349071841245,20.945078421849775,-0.2601052463542892,0.00043421432782336604
2013-10-07,-0.567929,0.655317,-1.135867,-0.564731,-0.56471,0.899961,2.103915,3.50564,3.983145,3.728388,3.429885,-1.0,20.2572,21.06407355,0.4867990692478659,20.09047541150427,22.03767168849573,20.879566191197416,-0.2826087248717748,-0.0056631002610656855
2013-10-08,1.457597,1.457597,-0.08833,-1.09218,-1.09217,1.484095,2.646197,4.191224,4.834382,4.755478,4.422239,-1.0,20.035957,21.0045717,0.5361897419354098,19.93219221612918,22.07695118387082,20.799222458702424,-0.3146680573299534,-0.010981776557092355
2013-10-09,0.711111,1.155556,-0.933329,-0.61837,-0.618383,1.386666,2.505895,4.211369,5.108226,5.212181,4.952041,-1.0,19.912058,20.92921095,0.57904247237338,19.77112600525324,22.087295894746763,20.71473060549267,-0.3460834880897252,-0.006203031478673191
2013-10-10,-1.347236,0.304216,-1.781834,2.266667,2.266677,-0.860506,-0.021422,1.489757,2.538725,2.79189,2.586752,1.0,20.3634,20.88037075,0.5837281700056197,19.712914409988763,22.04782709001124,20.6812705478267,-0.330748255914731,0.022413693969008087
2013-10-11,-1.116843,0.429545,-1.331624,1.173407,1.173404,-1.786947,-1.129733,0.011378,1.164018,1.582683,1.396977,1.0,20.602345,20.8421601,0.5751774166946988,19.691805266610604,21.992514933389398,20.67375382898606,-0.29590312237689176,0.011665732421836654
2013-10-14,-0.771208,0.085694,-1.156812,0.257728,0.257709,-1.653798,-1.349599,-0.461039,0.719081,1.251911,1.164779,0.0,20.655439,20.803968400000002,0.5599993187823478,19.683969762435307,21.923967037564697,20.67200955955882,-0.26099526991987076,0.00257377028825331
2013-10-15,0.776536,1.035375,-0.043141,-0.685518,-0.685505,-0.509059,-0.694563,0.000289,1.195734,1.811927,1.844413,-1.0,20.513845,20.75913605,0.5445658541896788,19.67000434162064,21.848267758379357,20.656946268172263,-0.24196675565958614,-0.006878650515405198
2013-10-16,0.956517,1.304343,-0.826091,-0.776531,-0.776519,0.704339,-0.056533,0.419774,1.635502,2.399468,2.554845,-1.0,20.354551,20.687450149999997,0.4939787173216976,19.6994927153566,21.67540758464339,20.628146718822524,-0.2370081333113916,-0.0077955007917768155
2013-10-17,0.087788,0.438973,-1.580338,-0.956517,-0.956533,1.474979,0.807725,1.150344,2.254592,3.154214,3.437283,-1.0,20.159853,20.6143755,0.4551277261302593,19.704120047739483,21.52463095226052,20.583547317029904,-0.24595368978148358,-0.00961137173943963
2013-10-18,-0.435531,0.783972,-0.871076,0.790158,0.790174,0.40069,-0.008716,0.299064,1.154122,2.139315,2.565507,1.0,20.319151,20.5536588,0.4042112901096303,19.74523621978074,21.362081380219262,20.55836671540801,-0.23745189283033952,0.007870688831430318
2013-10-21,0.785002,0.785002,-0.523336,-0.130658,-0.130665,0.174444,0.139553,0.334348,1.032673,2.050865,2.581013,0.0,20.292601,20.50215715,0.3647730723312151,19.77261100533757,21.231703294662427,20.533055694892962,-0.2302028850443385,-0.0013075034922114777
2013-10-22,1.501104,1.545254,-1.015453,-1.221108,-1.22111,0.944815,1.381899,1.40103,1.99139,3.039896,3.652701,-1.0,20.044806,20.44397635,0.33801186665163746,19.767952616696725,21.120000083303275,20.486555723950776,-0.241667190795539,-0.012286269025495646
2013-10-23,1.572332,1.707093,-0.269537,-1.721854,-1.721858,2.048521,3.050318,2.86014,3.330698,4.421091,5.177751,-1.0,19.699663,20.35579935,0.283814630968805,19.78817008806239,20.923428611937613,20.411613559764987,-0.27542792959439666,-0.01736853882500148
2013-10-24,-0.134113,0.268212,-1.206978,0.494164,0.494166,1.180151,2.257485,2.163608,2.548214,3.539007,4.400718,0.0,19.797012,20.30148215,0.2814795747971082,19.73852300040578,20.864441299594215,20.353080077882606,-0.29097413885738277,0.004929488223019276
2013-10-25,0.578811,0.756901,-0.489755,0.402316,0.402328,0.32947,1.482629,1.588002,1.981293,2.790689,3.732511,0.0,19.876661,20.2704759,0.29276233709565846,19.684951225808685,20.856000574191317,20.307706832369977,-0.2934845063556537,0.00401521215380925
2013-10-28,-0.665184,0.0,-1.064302,0.400712,0.400706,-0.407981,0.727274,1.08204,1.416852,2.106581,3.074146,0.0,19.956308,20.23905925,0.2909826885609027,19.657093872878196,20.821024627121805,20.27424027690617,-0.28575315888158315,0.003999054458921866
2013-10-29,-0.744634,0.43802,-1.182659,1.24169,1.241683,-1.471745,-0.661406,-0.102202,0.083226,0.655456,1.610955,1.0,20.204102,20.22091715,0.28058946035625804,19.65973822928748,20.782096070712516,20.267560441010346,-0.25667234637190717,0.012340369263919796
2013-10-30,0.704544,1.012779,-0.220163,-0.525629,-0.525636,-0.554809,-0.264187,0.487318,0.477776,0.915602,1.867525,-1.0,20.097902,20.1939249,0.26384728757715054,19.6662303248457,20.7216194751543,20.251402494247454,-0.2394349878942741,-0.005270221590505493
2013-10-31,0.35461,0.664894,-0.531906,-0.660502,-0.660502,0.274832,0.301431,1.022471,1.046111,1.402623,2.268322,-1.0,19.965155,20.174012649999998,0.26540697009243985,19.643198709815117,20.70482659018488,20.22414082812865,-0.2337908353788194,-0.0066269274364793304
2013-11-01,0.398759,0.487373,-0.753212,0.044331,0.044337,0.327865,0.084183,0.767982,0.901641,1.252992,1.962748,0.0,19.974007,20.154100800000002,0.2646898176913378,19.624721164617327,20.683480435382677,20.200318558783067,-0.2259983530903149,0.00044327420514954607
2013-11-04,-0.132865,0.265717,-0.708592,0.044307,0.044318,0.309996,-0.115156,0.498958,0.788299,1.087679,1.694093,0.0,19.982859,20.14038375,0.2661701525451794,19.608043444909644,20.67272405509036,20.179608124613253,-0.21661150966666654,0.0004430778001868177
2013-11-05,-1.993927,0.780234,-2.817512,2.170062,2.170055,-1.612489,-2.054619,-1.66739,-1.259213,-1.088862,-0.595147,1.0,20.416498,20.1594108,0.27185309619603054,19.615704607607938,20.70311699239206,20.202169065126277,-0.17219635302800285,0.021468443421452352
2013-11-06,-0.300696,0.386598,-1.116843,0.910277,0.910279,-2.010316,-2.500007,-2.474234,-1.982395,-1.98798,-1.631127,1.0,20.602345,20.193925150000002,0.2824107220883989,19.629103705823205,20.7587465941768,20.240281058923777,-0.12061040007147028,0.009061604770172538
2013-11-07,1.298135,1.9472,-0.17309,-0.730241,-0.730237,-0.813506,-1.46258,-1.661628,-1.239733,-1.249686,-0.977838,-1.0,20.451899,20.1983501,0.28587793511351506,19.62659422977297,20.77010597022703,20.260435148550084,-0.09082096798220363,-0.007329165455059624
2013-11-08,-0.978303,0.042535,-1.786474,1.730848,1.730832,-1.701391,-2.692463,-3.17878,-2.87111,-2.846439,-2.613063,1.0,20.805887,20.2085272,0.30406157792702454,19.60040404414595,20.816650355854048,20.312382943926266,-0.03820831357628407,0.017160236695092198
2013-11-11,0.213215,0.554367,-0.213224,-0.255206,-0.255202,-0.707887,-2.059702,-2.783226,-2.599146,-2.502344,-2.336886,0.0,20.75279,20.21339475,0.31226114222103435,19.58887246555793,20.837917034442068,20.354326473076146,-0.0007878086875834356,-0.0025552800389293056
2013-11-12,-1.264223,0.463548,-1.264223,1.194026,1.194018,-1.323208,-2.836062,-3.626903,-3.63252,-3.469015,-3.420412,1.0,21.000582,20.2377316,0.3531945316350805,19.531342536729838,20.944120663270162,20.415874618497465,0.04830611176581456,0.011869456155714905
2013-11-13,-1.666667,0.0,-2.041667,1.1378,1.137811,-1.833334,-3.391666,-4.227777,-4.508332,-4.304998,-4.412499,1.0,21.239529,20.2819805,0.4180766186243939,19.445827262751212,21.118133737248787,20.494317892926276,0.10528081170205894,0.011313869361519393
2013-11-14,-2.012166,0.327562,-2.807679,-10.958329,-10.958332,8.619554,7.941039,7.246918,6.913897,7.165184,7.095615,-1.0,18.912031,20.2195894,0.5183458833472394,19.182897633305522,21.256281166694478,20.343623903123774,-0.036950028082390673,-0.11606574059338208
2013-11-15,-0.371411,0.696379,-1.299912,0.795508,0.795504,5.933147,6.61096,6.115755,5.740485,5.996289,6.021359,1.0,19.062477,20.156755699999998,0.5783370788099909,19.000081542380016,21.31342985761998,20.221609912350083,-0.1359619734624289,0.007923567416284475
2013-11-18,1.456078,2.019718,-0.422734,-1.160631,-1.16062,5.147946,7.25692,6.967267,6.596985,6.855793,7.015805,-1.0,18.841234,20.08418735,0.6473355042832518,18.789516341433497,21.378858358566504,20.090145539745315,-0.22963502498853217,-0.011674081867841395
2013-11-19,-0.513543,0.560229,-1.400556,0.610611,0.610608,2.352942,5.835667,5.879239,5.662931,5.878618,6.17647,1.0,18.95628,20.029761049999998,0.6948381675965548,18.64008471480689,21.419437385193106,19.982158345483857,-0.29123121037235933,0.006087509103311444
2013-11-20,1.130471,1.130471,-0.047108,-0.887021,-0.887031,0.659452,5.817247,6.362075,6.366,6.492708,6.927313,-1.0,18.788132,19.9841845,0.7456658995337444,18.492852700932513,21.47551629906749,19.868441550675872,-0.3495849714523125,-0.008909881143803111
2013-11-21,-0.512334,0.093158,-1.024681,1.130471,1.13049,-0.372618,3.870509,4.834648,4.96739,5.058215,5.49293,1.0,19.00053,19.9443604,0.7768071796452493,18.3907460407095,21.4979747592905,19.78578330775436,-0.37437642561521045,0.011241479613039418
2013-11-22,-0.232987,0.186398,-0.698975,-0.046577,-0.046599,-0.400731,2.963667,4.538693,4.783333,4.827603,5.259414,0.0,18.991676,19.90011115,0.8055407770838272,18.289029595832346,21.511192704167655,19.710154040349185,-0.39023983357058967,-0.0004660956070987034
2013-11-25,0.846267,1.175364,0.0,-0.885364,-0.885346,0.470137,2.858478,5.061895,5.418422,5.451803,5.875248,-1.0,18.823534,19.84347245,0.8404486381673575,18.162575173665285,21.524369726334715,19.625714036506405,-0.4116342889935112,-0.008892882419606677
2013-11-26,0.424328,0.942956,-0.612914,-0.282092,-0.282078,0.556326,1.961324,4.774461,5.33473,5.478531,5.865142,0.0,18.770437,19.7717892,0.8687348936229126,18.034319412754176,21.509258987245826,19.544259080648654,-0.4279409957893243,-0.0028247633274147417
2013-11-27,0.094034,0.376117,-0.564175,0.28289,0.282876,0.310293,0.390216,3.84892,4.699101,4.994822,5.295402,0.0,18.823534,19.7080708,0.8900308589740109,17.92800908205198,21.488132517948024,19.475618596777355,-0.4316044270875885,0.002824763327414844
2013-11-29,0.658819,0.894122,-0.235289,-0.094029,-0.094052,0.197663,0.428252,3.363153,4.48943,4.882841,5.154528,0.0,18.80583,19.650104550000002,0.909936033642738,17.830232482714525,21.46997661728548,19.411829206608083,-0.43096835272483247,-0.0009409673416902648
2013-12-02,0.948321,0.995728,-0.142252,-0.752941,-0.752905,0.606909,0.976749,3.38231,4.931228,5.418661,5.656689,-1.0,18.66424,19.5846162,0.9322561697647492,17.720103860470502,21.449128539529497,19.34063023455017,-0.43685361238107845,-0.0075575345295290095
2013-12-03,-0.987775,0.0,-1.128881,0.806069,0.806055,-0.206961,0.155218,1.86892,3.781745,4.333014,4.550011,1.0,18.814684,19.526207449999998,0.9425300882685297,17.641147273462938,21.411267626537057,19.29054011697396,-0.42448495128689956,0.008028235177769624
2013-12-04,-0.752941,0.470588,-0.847059,-0.047037,-0.047059,-0.122337,0.12237,1.138841,3.402371,4.084723,4.379626,0.0,18.80583,19.44567405,0.9311992894077427,17.583275471184514,21.308072628815488,19.24437724869073,-0.41066327149759374,-0.00047070064824068677
2013-12-05,1.386901,1.865132,-0.095653,-1.6,-1.599972,1.15733,1.597312,1.798172,4.516966,5.432796,5.861617,-1.0,18.504942,19.3408039,0.9119858133528155,17.51683227329437,21.164775526705633,19.173954844053515,-0.4191568583122667,-0.016129096600658942
2013-12-06,-0.75188,0.187965,-0.986847,1.769493,1.769473,-0.573302,-0.258454,4e-06,2.26974,3.359027,3.850254,1.0,18.832382,19.259828050000003,0.8794574611318864,17.50091312773623,21.018742972263777,19.141424097000797,-0.3949140917618017,0.017540003388933696
2013-12-09,0.377003,0.518384,-0.094241,-0.281964,-0.281951,-0.169653,-0.089536,0.182218,2.01932,3.396795,3.949103,0.0,18.779284,19.1584979,0.8055965888054717,17.547304722389057,20.769691077610943,19.106934563953104,-0.37565576364663045,-0.002823487546397331
2013-12-10,0.235743,0.612923,-0.282881,-0.047125,-0.04711,-0.169746,-0.070734,0.204292,1.539353,3.187161,3.787505,0.0,18.770437,19.05938025,0.7160957450377128,17.627188759924575,20.491571740075425,19.07488717690995,-0.3569920961644115,-0.00047121522760190654
2013-12-11,0.526825,0.62261,-1.101528,-1.55587,-1.555888,1.053647,1.350579,1.615585,2.46169,4.398471,5.116542,-1.0,18.47839,18.93327065,0.5616836540498982,17.809903341900203,20.0566379580998,19.018077921966146,-0.361598475246268,-0.01568119095396786
2013-12-12,1.511458,1.560215,-1.218918,-1.772026,-1.772037,2.486602,2.808396,3.214703,3.459299,5.7416,6.655301,-1.0,18.150946,18.778841500000002,0.20654030458823086,18.36576089082354,19.191922109176463,18.935493929397943,-0.38720757025061303,-0.017879260641425858
2013-12-13,1.679842,1.679842,-0.098819,-1.316431,-1.316416,2.826084,3.680827,4.186425,4.560272,6.584974,7.695977,-1.0,17.912004,18.72884015,0.28043051108759665,18.167979127824808,19.289701172175192,18.838018698026712,-0.42191995442495056,-0.013251577954309693
2013-12-16,-1.595745,0.338491,-2.079304,2.173913,2.173911,0.116053,1.276593,1.718246,2.127658,3.769823,5.099933,1.0,18.301395,18.69078605,0.2843846244152805,18.12201680116944,19.25955529883056,18.786911679167023,-0.4132455322888937,0.021506183839842475
2013-12-17,-0.860421,1.003819,-1.147228,1.160542,1.160529,-1.309745,-0.047792,0.439781,0.867601,2.095612,3.62971,1.0,18.513788,18.67441375,0.2846928499436201,18.105028050112757,19.24379944988724,18.760899900198737,-0.38479695047529816,0.01153846533521442
2013-12-18,-0.571433,0.190481,-2.285714,0.382409,0.382412,-1.571426,-0.547612,-0.009518,0.38334,1.186673,2.906356,0.0,18.584587,18.6558291,0.2773618987973969,18.101105302405205,19.21055289759479,18.744108195417905,-0.3524752416415673,0.003816829494610817
2013-12-19,0.0,0.047461,-1.423825,0.333333,0.333346,-1.366879,-0.802095,-0.405006,0.01186,0.294251,2.214833,0.0,18.646538,18.6487494,0.27560867178840964,18.09753205642318,19.19996674357682,18.734815795854296,-0.318193193505266,0.003327917551553036
2013-12-20,-0.331283,0.567918,-0.804543,0.28476,0.284761,-0.804546,-1.154758,-0.725667,-0.352581,-0.035969,1.612239,0.0,18.699636,18.6337047,0.2633344536292264,18.107035792741545,19.160373607258453,18.73146533910627,-0.2834721678314658,0.0028435595988201743
2013-12-23,-1.483542,0.278159,-1.622629,2.082352,2.082335,-2.002775,-3.008799,-2.60237,-2.359748,-2.069531,-0.760305,1.0,19.089025,18.638572149999998,0.2710850456449539,18.09640205871009,19.180742241289906,18.765518640143767,-0.22197626261316827,0.02060950414223316
2013-12-24,-1.060406,0.322725,-1.152605,0.556333,0.55633,-1.834942,-3.324107,-3.00906,-2.803127,-2.537567,-1.579829,1.0,19.195223,18.6571566,0.2960260110093856,18.06510457798123,19.24920862201877,18.80644286489198,-0.162794430745695,0.005547883421347126
2013-12-26,-0.366972,0.366972,-0.366972,0.507137,0.507163,-1.596339,-3.389918,-3.330283,-3.158265,-2.959641,-2.371567,0.0,19.292574,18.68326345,0.3278549146022871,18.027553620795423,19.338973279204573,18.852741068235602,-0.10680579972991566,0.0050588090356787265
2013-12-27,-1.0445,0.136235,-1.089914,1.009179,1.00916,-1.716618,-3.669387,-3.960032,-3.95549,-3.785644,-3.646679,1.0,19.487267,18.7164501,0.37325078785120935,17.969948524297582,19.462951675702417,18.913172109356022,-0.04619183754114431,0.010041022900412382
2013-12-30,-1.123596,0.359551,-1.123596,1.044505,1.044508,-1.725843,-3.761797,-4.66217,-4.723592,-4.639997,-4.510858,1.0,19.690813,18.760699250000002,0.4322061770946914,17.89628689581062,19.625111604189385,18.98723314656021,0.01806142443058434,0.010390903863426611
2013-12-31,-0.802497,0.178328,-1.248328,0.808989,0.808997,-1.747665,-3.753907,-5.067623,-5.189483,-5.232282,-5.144899,1.0,19.850111,18.8199928,0.49505132554496795,17.829890148910067,19.810095451089936,19.069411989744953,0.08090400375965245,0.008057417263564
2014-01-02,0.772727,1.318186,-0.409091,-1.917075,-1.168039,-0.155214,-2.053451,-3.657566,-3.86417,-3.950239,-3.891838,-1.0,19.618254,18.8601713,0.5262252372659122,17.807720825468177,19.912621774531825,19.12168265738829,0.11072194478659014,-0.011749139705500539
2014-01-03,0.500455,0.636947,-0.682439,-0.090909,-0.090895,0.249747,-1.446069,-3.188281,-3.57401,-3.693474,-3.694855,0.0,19.600422,18.8999009,0.551304496340382,17.797291907319234,20.002509892680763,19.16727688049417,0.13139929522323257,-0.0009093627346744903
2014-01-06,-0.227174,0.999546,-0.363471,0.136488,0.136497,0.255662,-1.080776,-2.818822,-3.419562,-3.660969,-3.683632,0.0,19.627176,18.9560126,0.5659069286910541,17.82419874261789,20.08782645738211,19.21107679663758,0.14823629291321438,0.0013640398858078115
2014-01-07,-0.22411,0.448234,-0.717163,1.363012,1.362993,-0.887482,-1.810217,-3.461189,-4.451262,-4.737481,-4.828949,1.0,19.894693,19.00912815,0.6023713455966309,17.80438545880674,20.21387084119326,19.276183101719717,0.1810787578507984,0.013537876244271484
2014-01-08,0.0,0.314042,-0.628089,-0.089637,-0.089612,-0.771666,-1.325789,-2.846191,-4.089467,-4.408011,-4.595143,0.0,19.876865,19.0640072,0.6297066245442203,17.80459395091156,20.323420449088438,19.333390901555934,0.20332428157282934,-0.0008965201309993096
2014-01-09,0.905392,0.995921,-0.769579,-0.897268,-0.897294,0.208251,-0.176878,-1.56559,-2.985505,-3.363032,-3.583268,-1.0,19.698511,19.110410899999998,0.6410281120904718,17.828354675819053,20.392467124180943,19.368164244264893,0.20420835535421844,-0.009013443485014467
2014-01-10,0.045009,0.270036,-1.035099,0.588497,0.588517,-0.162018,-0.49754,-1.727714,-3.215971,-3.724818,-3.971746,1.0,19.81444,19.1772134,0.6413135715815991,17.894586256836803,20.459840543163196,19.41066669719205,0.21182174244385976,0.00586791569391781
2014-01-13,0.901298,2.839112,-0.225336,-0.135005,-0.135018,0.135196,-0.211191,-1.210385,-2.671543,-3.335352,-3.6795,0.0,19.787687,19.259050449999997,0.6069720374093507,18.045106375181295,20.4729945248187,19.446573392697566,0.21323858141786545,-0.0013510892518310796
2014-01-14,-0.356983,0.490852,-0.937077,0.991433,0.991455,-0.758601,-1.044191,-1.7518,-3.108652,-4.053846,-4.4286,1.0,19.983873,19.362643900000002,0.5378361892373191,18.286971521525363,20.43831627847464,19.497744783869226,0.22756873638134678,0.009865722705872632
2014-01-15,-1.229153,0.965755,-1.580338,1.651053,1.651046,-1.940308,-2.42319,-2.945619,-4.187057,-5.310067,-5.710217,1.0,20.313816,19.46326495,0.5166733053425442,18.42991833931491,20.49661156068509,19.575465852072156,0.2625229291717446,0.01637564740467106
2014-01-16,0.307283,0.570672,-0.658481,0.0,0.0,-1.334508,-2.080781,-2.578515,-3.744002,-5.006159,-5.464221,0.0,20.313816,19.55326635,0.49905175106889993,18.555162847862203,20.5513698521378,19.645784913779572,0.2869169784614094,0.0
2014-01-17,-0.703606,0.175906,-0.703606,-0.175597,-0.17559,-0.703611,-1.574328,-2.083134,-3.157106,-4.484052,-5.055914,0.0,20.278147,19.63794435,0.46880056104026785,18.700343227919465,20.575545472080538,19.706009874371993,0.29991402587113214,-0.0017574419438947189
2014-01-21,0.350416,0.525629,-0.832243,0.395778,0.395761,-0.534372,-1.603148,-2.183857,-3.11843,-4.426858,-5.126713,0.0,20.3584,19.723537450000002,0.43318596784668323,18.857165514306637,20.589909385693367,19.768142267288948,0.3130810228346377,0.003949799392895941
2014-01-22,0.30648,0.481616,-0.262693,0.043802,0.04381,-0.201398,-1.414185,-2.005257,-2.751454,-3.986504,-4.917049,0.0,20.367319,19.8069216,0.383362803801328,19.040195992397344,20.573647207602654,19.825206718023335,0.3205406583720283,0.0004380033237762164
2014-01-23,0.57625,1.285465,-0.443262,-1.225924,-1.22592,0.842201,-0.070922,-0.700357,-1.28882,-2.433723,-3.515188,-1.0,20.117632,19.85835195,0.34948364571208684,19.159384658575824,20.557319241424175,19.853056744878256,0.30281416589138743,-0.012334961988312245
2014-01-24,0.900896,1.531531,-0.13514,-1.595736,-1.595725,1.954939,1.599082,0.96995,0.463773,-0.592387,-1.777803,-1.0,19.79661,19.888421299999997,0.31343817502165844,19.26154494995668,20.515297650043316,19.847680864413658,0.25986642202887467,-0.01608593354728816
2014-01-27,-1.045455,0.500005,-1.090909,-0.900905,-0.900942,2.209111,2.422751,1.89396,1.460126,0.522116,-0.691159,-1.0,19.618254,19.9047053,0.288305329159103,19.328094641681794,20.481315958318206,19.825830686850452,0.2090286349909647,-0.009050251569198642
2014-01-28,0.597697,1.149425,-0.22988,-1.136364,-1.136324,2.390789,3.397686,2.985422,2.602592,1.831929,0.664145,-1.0,19.395327,19.9001083,0.29594346576342084,19.30822136847316,20.49199523152684,19.784830335721836,0.14903301682745962,-0.011428298586340507
2014-01-29,-0.138564,0.877598,-0.230947,-0.45977,-0.459786,1.764436,3.524251,3.25789,2.976902,2.427963,1.369831,0.0,19.30615,19.88087515,0.3216447715293834,19.237585606941234,20.52416469305877,19.739241732319755,0.09321568616571341,-0.004608462763725834
2014-01-30,-0.955414,0.045496,-1.592361,1.524249,1.52424,-0.291164,1.606015,1.613596,1.367158,0.99452,0.068828,1.0,19.600422,19.8683907,0.3276906539128869,19.213009392174225,20.523772007825773,19.726020805432157,0.07189656173083137,0.015127398615391974
2014-01-31,-1.369233,0.36513,-1.369233,-0.318471,-0.318473,-0.237329,1.533556,1.883473,1.670478,1.387364,0.563276,0.0,19.538,19.864378,0.3313854282688024,19.201607143462393,20.527148856537604,19.708114062057664,0.04939467721084512,-0.0031898093861852344
2014-02-03,1.763346,1.856158,-0.417633,-1.64309,-1.643085,1.011609,2.677502,3.3782,3.269149,3.065338,2.352912,-1.0,19.216974,19.8452056,0.3575219750444396,19.13016164991112,20.56024955008888,19.661338818052172,0.005593181621556198,-0.016567336250101622
2014-02-04,-1.00917,0.091748,-1.834858,1.160093,1.160115,-0.100933,1.02751,2.073383,2.036683,1.87363,1.315157,1.0,19.439913,19.835842449999998,0.36588674575999985,19.10406895848,20.567615941519996,19.64025064490435,-0.011003661721865399,0.011534372732987673
2014-02-05,-1.319377,0.409463,-1.819836,0.825693,0.825667,-0.618741,-0.191075,1.107075,1.126031,1.020934,0.638673,1.0,19.600422,19.821128899999998,0.36929653850650673,19.082535822986983,20.559721977013012,19.636457440627744,-0.011077351957059278,0.008222772903299215
2014-02-06,-2.000885,0.400178,-2.312143,2.320291,2.320297,-2.418854,-2.485548,-1.271674,-1.12272,-1.228991,-1.482903,1.0,20.05521,19.83004615,0.37284933003811943,19.08434748992376,20.57574481007624,19.676338636758434,0.025270535772715874,0.022937873754445885
2014-02-07,-0.661667,0.220551,-1.632117,0.800356,0.800356,-2.523158,-3.052493,-2.087927,-1.779883,-1.895015,-2.096861,1.0,20.215723,19.85590675,0.38109161487141857,19.09372352025716,20.618089979742837,19.727708576114775,0.06626469811629221,0.007971697602434196
2014-02-10,-0.832243,0.219006,-1.182659,0.705779,0.705772,-2.084969,-3.368368,-2.74784,-2.33464,-2.433633,-2.608482,1.0,20.3584,19.88310475,0.3970530198216801,19.08899871035664,20.67721078964336,19.787774426008607,0.10900911934711743,0.007032935158816938
2014-02-11,0.308243,0.748569,-0.176129,-0.525629,-0.525611,-0.76619,-2.435058,-2.269197,-1.704099,-1.79481,-1.968103,-1.0,20.251394,19.9062901,0.4046539864338183,19.096982127132364,20.715598072867635,19.831928671150642,0.13271997792572066,-0.005269972443242255
2014-02-12,-1.050324,0.306346,-1.444201,0.616473,0.616461,-0.612691,-2.507659,-2.865061,-2.210063,-2.301968,-2.456601,1.0,20.376236,19.92590825,0.41790736397113654,19.090093522057725,20.761722977942274,19.88376746437439,0.159743289029457,0.006145689174322858
2014-02-13,-1.257297,0.0,-2.649304,-2.538293,-2.53829,1.778175,0.161649,-0.422094,0.222271,0.238885,0.085314,-1.0,19.859028,19.90316885,0.40794373137839196,19.087281387243216,20.719056312756784,19.88141132491016,0.13783620469159175,-0.02571060504260264
2014-02-14,-1.507092,0.930856,-1.595736,1.302196,1.302199,0.37234,-0.837767,-1.595746,-1.114805,-0.966312,-1.118499,1.0,20.117632,19.89335965,0.3998277671474103,19.09370411570518,20.693015184294822,19.903908532061575,0.13973113058424502,0.012937929646986113
2014-02-18,0.356983,0.580103,-0.356983,-0.664889,-0.664884,0.669338,0.20972,-0.815121,-0.52656,-0.269531,-0.392691,-1.0,19.983873,19.87864595,0.3902215380709026,19.098202873858195,20.659089026141803,19.911524195674758,0.12895314795787272,-0.00667104618913633
2014-02-19,0.224412,1.256723,-0.269309,-0.580094,-0.580098,0.87073,1.009865,-0.077807,-0.069578,0.328538,0.228895,-1.0,19.867947,19.854123299999998,0.37353978428945633,19.107043731421086,20.60120286857891,19.907373986562874,0.10979164991204726,-0.005817868643615826
2014-02-20,-0.269054,0.448435,-0.627798,0.089758,0.089748,0.287007,1.06279,0.026914,-0.280259,0.218844,0.137529,0.0,19.885778,19.830046250000002,0.35371305239765216,19.1226201452047,20.537472354795305,19.905317225937836,0.0949503092788575,0.0008970732275162858
2014-02-21,1.08451,1.44601,0.0,-0.762332,-0.762314,0.930858,1.67645,0.840479,0.388605,0.871208,0.882654,-1.0,19.734186,19.81087395,0.34764452711854266,19.115584895762915,20.506163004237088,19.88901901394376,0.07014761437503125,-0.007652341115053462
2014-02-24,0.316456,0.99457,-0.5425,-0.045178,-0.045175,0.578649,1.473762,0.949348,0.415893,0.797449,0.932771,0.0,19.725271,19.807307,0.34816417555115386,19.110978648897692,20.50363535110231,19.873423964996736,0.04920473244895618,-0.0004518562002353586
2014-02-25,1.419414,1.739922,-0.3663,-1.265827,-1.265843,1.34616,2.321433,2.332115,1.666668,1.924909,2.168805,-1.0,19.47558,19.8001733,0.3536599274811358,19.09285344503773,20.507493154962273,19.835534063568478,0.012317383561587292,-0.012739232462726856
2014-02-26,-0.410397,0.410397,-1.732791,0.412088,0.412075,0.611049,1.545843,1.951678,1.290483,1.342467,1.710001,0.0,19.555834,19.80819865,0.3457215630396983,19.116755523920606,20.499641776079397,19.808895962276242,-0.010321301561695861,0.004112283152081823
2014-02-27,-0.182486,0.593061,-0.273718,-0.0456,-0.045598,0.310231,1.167896,1.979938,1.398277,1.220814,1.681885,0.0,19.546917,19.820237,0.33120683632239245,19.157823327355214,20.482650672644784,19.7839455849166,-0.028651869090630555,-0.00045608045094157936
2014-02-28,0.779817,1.422028,-0.458706,-0.54745,-0.547421,0.559622,1.509164,2.330263,1.915125,1.638519,2.091731,-1.0,19.439913,19.81221155,0.3386739585581907,19.13486363288362,20.489559467116383,19.751180576829306,-0.05122283944417916,-0.005489252072349151
2014-03-03,0.0,1.159017,-0.602684,-1.055041,-1.055061,1.121928,2.132597,3.081444,2.923044,2.605473,2.993358,-1.0,19.23481,19.797052049999998,0.35783746096208463,19.08137712807583,20.512726971924167,19.702002426655085,-0.08468440494118212,-0.010606665385042544
2014-03-04,-0.183313,0.320802,-0.54995,1.159017,1.159008,-0.054989,0.692038,1.591825,1.805695,1.396895,1.672789,1.0,19.457743,19.8090905,0.34094658654368976,19.127197326912622,20.490983673087378,19.678739624116506,-0.09215183768167279,0.011523430202376648
2014-03-05,0.13717,0.823036,-0.274358,0.229152,0.229163,-0.338369,0.274344,1.103487,1.58893,1.18701,1.294006,0.0,19.502333,19.8122115,0.3376591435410069,19.136893212917986,20.487529787082014,19.661938993248267,-0.09339518996915785,0.0022890109079546027
2014-03-06,0.274973,0.733272,-0.320807,-0.228628,-0.228639,-0.20164,0.284154,1.020483,1.785071,1.450057,1.370314,0.0,19.457743,19.80507755,0.3438202948183093,19.11743696036338,20.49271813963662,19.64249175579605,-0.09686203076455158,-0.0022890109079545832
2014-03-07,0.874367,0.96641,-0.322135,-0.412466,-0.412442,0.147248,0.515405,1.273191,2.031742,1.824194,1.66282,0.0,19.377491,19.771191599999998,0.35118853614696444,19.06881452770607,20.473568672293926,19.61725358857738,-0.10487624471234369,-0.004132953813748489
2014-03-10,-0.276634,0.59935,-0.414942,-0.184073,-0.184095,0.442604,0.502539,1.192569,1.994013,1.971422,1.771943,0.0,19.341818,19.727496350000003,0.34731317551498,19.032869998970043,20.422122701029963,19.591021627760487,-0.11280572578582593,-0.0018426470417392852
2014-03-11,1.156872,1.480791,-0.138829,-0.368834,-0.368833,0.620087,0.768165,1.320382,2.089317,2.360024,2.088545,0.0,19.270479,19.673100299999998,0.3279561293948493,19.0171880412103,20.329012558789696,19.560493758449965,-0.1234236072446997,-0.0036951482670191534
2014-03-12,-1.329051,0.458295,-1.329051,0.971768,0.971766,-0.394127,-0.252054,0.204715,0.902853,1.378563,1.116723,1.0,19.457743,19.63341775,0.30122646674264913,19.0309648165147,20.2358706834853,19.550707971930922,-0.1153974846584056,0.009670749122506882
2014-03-13,1.719326,1.858736,-0.092937,-1.374885,-1.374872,0.715609,0.952598,1.359972,2.000462,2.706317,2.506192,-1.0,19.190224,19.57411715,0.2614051931749462,19.051306763650107,20.09692753634989,19.51637616508036,-0.12913468793514582,-0.013844105833266274
2014-03-14,0.936763,1.405152,-0.327864,-0.789963,-0.789975,1.161596,1.545674,1.923505,2.597199,3.310548,3.224053,-1.0,19.038626,19.533097050000002,0.27817491965329405,18.976747210693414,20.08944688930659,19.47087614935842,-0.15051912140911838,-0.007931119803968587
2014-03-17,-0.74384,0.511395,-1.11576,0.749415,0.749429,0.24174,0.762428,0.976282,1.589953,2.326355,2.39423,1.0,19.181307,19.4862808,0.25219920476360463,18.98188239047279,19.990679209527208,19.44329813513381,-0.1541760294424641,0.007466348139761734
2014-03-18,-1.340726,0.369857,-1.571882,0.557875,0.557866,-0.295881,0.115587,0.35137,0.846055,1.536764,1.838505,1.0,19.288313,19.4515028,0.22663295220065724,18.998236895598687,19.904768704401313,19.428537646073444,-0.14674804537238018,0.005563157420050137
2014-03-19,0.277402,0.785945,-0.323625,0.0,0.0,-0.471562,0.004628,0.258906,0.6958,1.33704,1.812306,0.0,19.288313,19.4225211,0.20676630157246348,19.008988496855075,19.836053703144927,19.415182917875974,-0.13925605733601998,0.0
2014-03-20,-1.099404,0.778745,-1.099404,0.924646,0.924664,-1.099419,-0.907023,-0.687142,-0.334416,0.2217,0.856606,1.0,19.466665,19.40156545,0.1763448638358359,19.04887572232833,19.75425517767167,19.420085973316358,-0.11757179255156558,0.009204147096081675
2014-03-21,1.386331,2.125698,-0.27726,-0.870366,-0.870375,0.036969,-0.07856,0.13555,0.427449,0.985213,1.611214,-1.0,19.297232,19.37971775,0.15920118149937273,19.061315387001255,19.698120112998748,19.408385594905276,-0.11275886951472458,-0.008741849613495922
2014-03-24,0.509968,1.01994,-0.463611,-0.32347,-0.323476,0.417247,0.190078,0.460516,0.625869,1.129348,1.77098,0.0,19.23481,19.355194700000002,0.1397589871742745,19.07567672565145,19.634712674348552,19.391854585866678,-0.1126825922691701,-0.0032400076075394246
2014-03-25,-2.909575,0.08953,-3.08863,3.569773,3.569794,-2.40825,-2.936454,-2.846929,-2.730547,-2.368863,-1.809925,1.0,19.921453,19.37748835,0.1874109782606878,19.002666393478624,19.752310306521377,19.442292530069853,-0.056563758617873106,0.035075532934804796
2014-03-26,0.537639,1.657711,0.0,-0.089526,-0.089537,-1.702509,-2.625453,-2.625455,-2.556011,-2.2742,-1.780173,0.0,19.903616,19.39487745,0.21840210837669377,18.958073233246612,19.831681666753386,19.48622809863463,-0.013374304804266046,-0.0008957674972365269
2014-03-27,0.499541,1.680286,-0.363302,-1.344086,-1.344082,-0.19074,-1.071761,-1.238277,-1.205732,-0.993652,-0.567675,-1.0,19.636095,19.399336350000002,0.22254063896214477,18.954255072075714,19.84441762792429,19.500501136859906,-0.000724706462499114,-0.013531969529503324
2014-03-28,-1.074787,0.940443,-1.253923,1.407811,1.407816,-0.958357,-2.006279,-2.430227,-2.45859,-2.332302,-1.939109,1.0,19.912535,19.422967449999998,0.2504228209602704,18.922121808079456,19.92381309192054,19.53974245715896,0.031246400004270924,0.013979978687856059
2014-03-31,0.312221,0.981262,-0.089206,0.403045,0.403038,-0.597676,-1.993758,-2.604822,-2.660577,-2.670836,-2.353559,0.0,19.99279,19.46086645,0.276451958743978,18.907962532512045,20.013770367487957,19.58288984219144,0.06234101162348438,0.004022275633729415
2014-04-01,-3.333333,0.909087,-3.463208,3.033006,3.913621,-3.519472,-4.969176,-5.790076,-6.009517,-6.086241,-5.904172,1.0,20.775232,19.5267409,0.4034617443682691,18.719817411263463,20.333664388736537,19.69644623817321,0.148409473585847,0.0383897993892649
2014-04-02,0.52197,0.608956,-1.000435,-0.47619,-0.476163,-2.310451,-3.843212,-4.946435,-5.275934,-5.420154,-5.323659,0.0,20.676308,19.585439649999998,0.47820080075400895,18.62903804849198,20.541841251508014,19.789766405966237,0.20625937998273614,-0.004773004226313077
2014-04-03,-0.173239,0.90948,-0.389779,0.434972,0.434937,-1.645058,-3.633813,-4.852114,-5.371087,-5.594869,-5.59233,0.0,20.766237,19.65086435,0.54469751291489,18.56146932417022,20.74025937582978,19.882763605398026,0.2564066698380394,0.00433994298138797
2014-04-04,2.509916,2.818146,-0.484364,-1.645738,-1.645734,0.501993,-1.469435,-2.807681,-3.531381,-3.822394,-3.899975,-1.0,20.42448,19.7032138,0.5669006743999045,18.56941245120019,20.83701514879981,19.934355642979163,0.2655111770484595,-0.01659426527693198
2014-04-07,-1.094092,0.962801,-1.531729,0.616473,0.616486,0.428878,-1.432965,-2.959047,-3.828401,-4.155613,-4.354951,1.0,20.550394,19.7636426,0.590282077426672,18.583078445146658,20.944206754853344,19.993025962695434,0.2796629912213149,0.006145932082187805
2014-04-08,-1.307768,0.130767,-1.482132,0.393877,0.393851,-0.104607,-1.475572,-2.905771,-3.875885,-4.304081,-4.543441,0.0,20.631332,19.83168525,0.6085921718808647,18.61450090623827,21.04886959376173,20.0538170138673,0.2940201448755886,0.003930777656792789
2014-04-09,-0.519035,0.865048,-0.994818,0.784656,0.784675,-0.769906,-1.814816,-3.179214,-4.303142,-4.800808,-5.08827,1.0,20.793221,19.89845915,0.6379592182803003,18.6225407134394,21.174377586560603,20.124236441118033,0.3148321923839106,0.007816128959765894
2014-04-10,2.295806,2.693157,-0.662252,-2.032876,-2.032879,0.900661,0.583122,-0.874317,-2.027666,-2.646131,-2.984022,-1.0,20.37052,19.95747395,0.6234216620526708,18.71063062589466,21.204317274105343,20.147692018154412,0.2938303584672539,-0.02053826247464408
2014-04-11,0.400712,2.359755,-0.133566,-0.838857,-0.838849,1.53161,1.576135,0.262062,-0.911488,-1.659765,-2.037949,-1.0,20.199642,20.01552475,0.5863088241040196,18.842907101791962,21.18814239820804,20.15263963547304,0.2603961426240957,-0.00842387617192351
2014-04-14,-0.962805,0.393877,-1.619256,1.736425,1.736427,-0.201321,0.113779,-1.022417,-2.269615,-3.102985,-3.496564,1.0,20.550394,20.0839791,0.5632541076881785,18.957470884623643,21.21048731537636,20.190521003523227,0.2592139832868767,0.01721523203000887
2014-04-15,-0.218432,0.480564,-1.223233,0.17505,0.175048,-0.419395,-0.152905,-0.980047,-2.125121,-3.016623,-3.48245,0.0,20.586367,20.148881799999998,0.541095888805198,19.0666900223896,21.231073577610395,20.228220622235302,0.2582034255920469,0.0017489470874755863
2014-04-16,0.0,0.521055,-0.868437,0.61163,0.611633,-1.102918,-0.742522,-1.321719,-2.376367,-3.36392,-3.874471,1.0,20.71228,20.22008015,0.5149535098142936,19.190173130371413,21.24998716962859,20.274321515355748,0.2645135308101487,0.006097700495644646
2014-04-17,-0.861693,0.344688,-1.852641,0.781581,0.78158,-1.387331,-1.460579,-1.691581,-2.796318,-3.790667,-4.393759,1.0,20.874163,20.29045505,0.5025986514079891,19.28525774718402,21.295652352815978,20.331449275798057,0.2793566898179485,0.007785413033716698
2014-04-21,-0.769235,0.811966,-0.940171,0.818617,0.818615,-1.384615,-1.965815,-2.131057,-3.170326,-4.190499,-4.905927,1.0,21.045042,20.377845549999996,0.4718201113381288,19.43420532732374,21.321485772676255,20.399410487626813,0.3014337666494953,0.008152823819314748
2014-04-22,-0.382653,0.382657,-0.510204,0.512821,0.512805,-1.318015,-2.181112,-2.264728,-3.21094,-4.306471,-5.105681,0.0,21.152962,20.47375315,0.41927129889976644,19.63521055220047,21.31229574779953,20.471177298329025,0.32390448192607124,0.0051149450239136975
2014-04-23,0.085106,0.297872,-1.106383,-0.085034,-0.085033,-0.714884,-1.859564,-2.068075,-2.841478,-3.875532,-4.730859,0.0,21.134975,20.53442925,0.4229300748813649,19.68856910023727,21.380289399762727,20.534396127059594,0.3363836636165374,-0.0008506918218653993
2014-04-24,1.328757,1.328757,-0.385769,-0.723404,-0.723422,0.265772,-1.054412,-1.257299,-1.876494,-2.852181,-3.794475,-1.0,20.98208,20.58835245,0.40670943489238137,19.774933580215237,21.40177131978476,20.577032686387252,0.33013061606785143,-0.007260511052098388
2014-04-25,1.173913,1.391304,-0.521743,-1.414488,-1.41445,1.521721,0.517379,0.13332,-0.215063,-1.222707,-2.173248,-1.0,20.685299,20.64081265,0.33953541439774093,19.96174182120452,21.319883478795482,20.58734376387418,0.2977944948708142,-0.014245485366014977
2014-04-28,0.564726,0.955691,-0.999127,0.086957,0.086941,1.103384,0.67333,0.136117,-0.11077,-1.036853,-1.990208,0.0,20.703283,20.68035005,0.2931365537854526,20.094076942429098,21.266623157570905,20.598385595886164,0.27050087860679994,0.0008690320017156043
2014-04-29,0.172716,0.215885,-0.431783,0.608167,0.608164,0.181346,0.198622,-0.379961,-0.513812,-1.328891,-2.318951,1.0,20.829193,20.7221702,0.24570935404373687,20.230751491912528,21.213588908087473,20.620367253420817,0.256078462689338,0.00606322559398783
2014-04-30,-0.129818,0.129805,-0.822159,-0.215885,-0.215894,0.060583,0.510609,-0.115381,-0.296399,-0.949362,-1.867696,0.0,20.784224,20.722619799999997,0.24581975888413354,20.23098028223173,21.214259317768263,20.63597265785693,0.23827330534443547,-0.002161274932293777
2014-05-01,0.564967,0.608431,-0.434594,-0.432717,-0.432694,0.217288,0.93871,0.286822,0.141232,-0.366084,-1.21477,0.0,20.694292,20.723519000000003,0.2456742851740701,20.232170429651863,21.214867570348144,20.641526880918175,0.21443396776259505,-0.004336323937972508
2014-05-02,0.741064,0.784656,-0.174372,-0.304211,-0.304238,0.470802,1.129041,0.677141,0.414136,0.130923,-0.725139,0.0,20.631332,20.716773749999998,0.2462908935869997,20.224191962825998,21.209355537173998,20.64055593987835,0.18829028199035847,-0.0030470222887309063
2014-05-05,-0.26132,0.17422,-1.045296,0.087175,0.087183,0.331018,0.849311,0.734623,0.38111,0.186425,-0.593353,0.0,20.649319,20.7280157,0.23721096087507063,20.253593778249858,21.202437621750143,20.641390517032793,0.16709643949655018,0.0008714494903828903
2014-05-06,0.528173,0.748239,-0.396127,-1.045296,-1.045274,1.003509,1.562487,1.760553,1.412843,1.330977,0.652235,-1.0,20.433477,20.722169849999997,0.24318412533332665,20.235801599333342,21.20853810066665,20.621589229696337,0.13136917897294964,-0.010507755410571466
2014-05-07,-0.65589,0.131172,-1.923922,0.66022,0.660216,0.131164,0.620885,1.087291,0.732388,0.626135,0.096913,1.0,20.568382,20.71902235,0.24482355732010785,20.229375235359782,21.208669464640217,20.616521874487162,0.1126423033037689,0.006580457086543823
2014-05-08,-0.521286,0.651607,-1.129453,0.655877,0.655866,-0.512597,-0.169416,0.425717,0.054303,-0.024325,-0.42656,1.0,20.703283,20.71452545,0.2442141807429414,20.226097088514116,21.202953811485884,20.624784838821718,0.10744791007801169,0.006537244398654054
2014-05-09,-0.260647,0.390969,-0.434405,0.0,0.0,-0.44309,-0.160729,0.370692,0.134668,-0.036488,-0.254737,0.0,20.703283,20.7311636,0.23049384485294863,20.2701759102941,21.192151289705897,20.63226085417203,0.10215375116805703,0.0
2014-05-12,-0.646831,0.646826,-0.819323,0.738493,0.738487,-0.974552,-0.819317,-0.42547,-0.441998,-0.686499,-0.835126,1.0,20.856174,20.763990200000002,0.19479834556700137,20.374393508866,21.153586891134005,20.653585915679457,0.10903819360420997,0.007357732789655916
2014-05-13,1.224838,1.53105,-0.43745,-1.423027,-1.423008,0.577416,0.481174,0.819463,0.997359,0.748891,0.688232,-1.0,20.559389,20.76443995,0.19428895764094956,20.3758620347181,21.1530178652819,20.64461478085284,0.08951423034359962,-0.014332297272752327
2014-05-14,0.482249,1.05217,-0.789128,-0.218731,-0.218737,0.745288,0.569926,0.838811,1.201226,0.946952,0.866578,0.0,20.514418,20.760842500000003,0.19838266440511548,20.36407717118977,21.157607828810235,20.632215087438286,0.06961014254290632,-0.0021897662405603855
2014-05-15,0.372208,2.109185,-0.248135,6.006142,6.006156,-4.003321,-4.64435,-4.640215,-4.29489,-4.597205,-4.68433,1.0,21.746546,20.8125558,0.29589522636809784,20.220765347263804,21.404346252736193,20.738341841015593,0.1515119068866042,0.05832698432022082
2014-05-16,-0.943792,0.328272,-1.272064,0.785778,0.785748,-3.643813,-4.800976,-5.008884,-4.803031,-5.058672,-5.252353,1.0,21.917419,20.864718599999996,0.385666463773166,20.093385672453664,21.63605152754633,20.850634903776015,0.2275842190432158,0.007826768470597507
2014-05-19,-0.451745,0.410682,-0.944554,-0.082072,-0.082063,-2.611903,-4.151946,-4.566733,-4.529774,-4.670224,-4.950033,0.0,21.899433,20.90743815,0.44883779547219066,20.00976255905562,21.805113740944382,20.95052043674973,0.28315670043038565,-0.0008209627204703892
2014-05-20,0.580427,1.119395,-0.414598,-0.944554,-0.944563,-0.638467,-2.657537,-3.39137,-3.49502,-3.550575,-3.868153,-1.0,21.692579,20.934419,0.4795423714514217,19.975334257097156,21.89350374290284,21.021192680868804,0.3069683630507569,-0.0094905255857714
2014-05-21,-1.062096,0.694444,-1.26634,1.492533,1.492543,-0.735293,-3.431371,-4.438996,-4.714052,-4.70915,-5.072167,1.0,22.01635,20.97848775,0.5361052390510423,19.906277271897913,22.050698228102085,21.115969568405106,0.3479538951544541,0.014815138663076172
2014-05-22,0.164073,0.656284,-0.369147,-0.408501,-0.408496,-0.164072,-2.477439,-3.672408,-4.107874,-4.096801,-4.510527,0.0,21.926414,21.02570445,0.5765017302855625,19.872700989428875,22.178707910571124,21.193154752366524,0.3689253987097203,-0.004093330386579817
2014-05-23,-0.570967,0.203915,-0.693312,0.574245,0.574248,-0.611752,-2.422516,-3.792827,-4.345438,-4.430676,-4.801528,1.0,22.052326,21.0940558,0.6138475917059592,19.866360616588082,22.321750983411917,21.274980585474474,0.3911960479486396,0.005726055090722933
2014-05-27,0.121412,0.687981,-0.323756,0.774874,0.774875,-1.084584,-2.55767,-4.060436,-4.738975,-4.953465,-5.230005,1.0,22.223204,21.17005185,0.655588636066543,19.858874577866914,22.481229122133087,21.365287577334048,0.41781778113641366,0.007718884378128097
2014-05-28,-0.765516,0.443191,-0.765516,0.445168,0.445165,-0.958907,-2.199842,-3.921571,-4.826757,-5.165195,-5.385447,0.0,22.322134,21.2446989,0.6983362792080007,19.848026341584,22.641371458416,21.456415808064136,0.4418056600597495,0.0044417740259170575
2014-05-29,0.688817,0.972447,-0.486228,-0.564061,-0.564068,-0.235004,-0.887355,-2.887625,-3.968798,-4.435979,-4.606968,-1.0,22.196222,21.3152988,0.7203606471398374,19.874577505720325,22.756020094279677,21.52687354062946,0.4455204978480083,-0.005656648046063372
2014-05-30,0.365548,0.528022,-0.568647,-0.243108,-0.243113,0.203092,-0.467097,-2.217705,-3.407795,-3.993498,-4.159218,0.0,22.14226,21.387697199999998,0.7273909609446175,19.932915278110762,22.842479121889234,21.585481774855225,0.439049165655355,-0.002434094457401835
2014-06-02,-0.56498,0.080702,-0.887821,0.649878,0.649888,-0.234065,-0.944316,-2.375577,-3.660215,-4.326076,-4.566862,1.0,22.28616,21.4704386,0.7309359138496166,20.008566772300767,22.932310427699235,21.652213034392823,0.4404548265795718,0.006477858235864701
2014-06-03,0.28363,0.567261,-0.931925,-0.403555,-0.40356,0.14587,-0.409236,-1.577522,-2.92139,-3.669366,-4.007292,0.0,22.196222,21.54778375,0.7212546668494174,20.105274416301167,22.990293083698834,21.704023412069695,0.42936215833980285,-0.004043763778462782
2014-06-04,0.448984,0.612245,-0.408163,-0.729335,-0.72934,0.620414,0.477558,-0.408156,-1.84489,-2.74285,-3.168702,-1.0,22.034336,21.6278267,0.6786547714172128,20.270517157165575,22.985136242834425,21.735481753777343,0.40286432244437265,-0.007320130253769173
2014-06-05,-0.323887,0.161939,-1.174093,0.816331,0.816353,-0.178154,-0.246981,-0.704471,-2.269248,-3.272892,-3.790842,1.0,22.214214,21.710118299999998,0.642235508582966,20.425647282834067,22.99458931716593,21.78107530103664,0.39186210546140643,0.00813039030095008
2014-06-06,-0.402739,0.48329,-0.48329,0.526312,0.526289,-0.531606,-0.58799,-1.049798,-2.416424,-3.486098,-4.09316,0.0,22.331125,21.7915104,0.6102760825829119,20.570958234834176,23.012062565165824,21.8334609866522,0.3881027034894373,0.005249090973888421
2014-06-09,-0.040315,0.604847,-0.322581,-0.120826,-0.120796,-0.395176,-0.354855,-0.814533,-1.939533,-3.069372,-3.735233,0.0,22.30415,21.871553749999997,0.5632015050385033,20.74515073992299,22.997956760077003,21.87828851173294,0.3785826284004088,-0.0012086854302579143
2014-06-10,-1.08,0.4,-1.6,0.806456,0.806419,-0.935985,-1.035986,-1.434653,-2.361986,-3.518386,-4.241321,1.0,22.484015,21.9529458,0.5250735387218822,20.902798722556234,23.003092877443763,21.935976748710754,0.38115775329190527,0.00803185247410896
2014-06-11,-0.75879,0.519165,-0.998403,0.160004,0.160016,-0.662938,-1.106232,-1.347179,-2.082669,-3.301918,-4.144038,0.0,22.519993,22.050976,0.42461659301522114,21.201742813969556,22.90020918603044,21.991597344071636,0.38170166306966635,0.0015988801559436267
2014-06-12,1.175998,1.419303,-0.162202,-1.517576,-1.517563,0.835351,0.40956,0.221672,-0.198713,-1.521503,-2.457432,-1.0,22.178238,22.134166999999998,0.22271719734525486,21.68873260530949,22.579601394690506,22.009372644636244,0.3505154195842124,-0.015291954607787029
2014-06-13,-0.121462,0.323887,-0.404862,0.16221,0.162213,0.56679,0.279338,0.145733,-0.255078,-1.408923,-2.387332,0.0,22.214214,22.157550399999998,0.20360925743222852,21.75033188513554,22.564768914864455,22.028881345147077,0.32495715566160044,0.001620816434103847
2014-06-16,-0.04077,0.815324,-0.326131,-0.688259,-0.688258,1.043607,0.872386,0.84249,0.468796,-0.47943,-1.494786,-1.0,22.061323,22.1647456,0.19711592497736505,21.77051375004527,22.558977449954728,22.031971026561642,0.2890332263129842,-0.00690636943443403
2014-06-17,-0.040816,0.4898,-0.367347,-0.122303,-0.122327,0.759201,0.922462,0.908855,0.622459,-0.143663,-1.164616,0.0,22.034336,22.17149075,0.18972903348514067,21.79203268302972,22.55094881697028,22.0321962621272,0.25544106256334587,-0.0012240208665161526
2014-06-18,0.284214,0.487215,-0.690215,0.530608,0.530604,-0.105541,0.44257,0.324826,0.194903,-0.383255,-1.42778,0.0,22.151251,22.19442435,0.15294980253418813,21.888524744931622,22.500323955068374,22.043534808591275,0.2355379591975293,0.005292009489601406
2014-06-19,-0.364217,0.0,-1.052198,0.324807,0.324826,-0.388506,0.121409,0.008094,-0.082963,-0.39822,-1.49872,0.0,22.223204,22.20476705,0.14715862638485863,21.910449797230285,22.499084302769717,22.06064616015401,0.22300000688302646,0.003242994784314083
2014-06-20,-0.805481,0.281917,-0.886021,0.485637,0.485623,-0.765197,-0.362454,-0.418838,-0.475222,-0.774861,-1.731767,0.0,22.331125,22.2250026,0.1341158035504998,21.956770992899,22.493234207101,22.08640604966315,0.21924459687157594,0.004844477000923215
2014-06-23,0.445336,0.809713,-0.202433,-0.523556,-0.523534,-0.105284,0.121442,0.083655,0.085004,-0.199207,-0.987871,-1.0,22.214214,22.233096999999997,0.12788620063682532,21.977324598726348,22.488869401273647,22.098578235409516,0.20447757652788567,-0.005249090973888411
2014-06-24,0.366898,0.85609,-0.04077,-0.688259,-0.688258,0.611479,0.623712,0.736497,0.741932,0.521792,-0.119599,-1.0,22.061323,22.225002949999997,0.13354299301251638,21.957916963974963,22.49208893602503,22.095030117751467,0.1783813118537374,-0.00690636943443403
2014-06-25,-0.687702,0.242727,-1.254041,0.774554,0.774541,-0.08899,-0.27912,0.02158,-0.052585,-0.153719,-0.636459,1.0,22.232197,22.2205061,0.13160022575467192,21.957305648490657,22.483706551509346,22.108093630346566,0.16953365933861875,0.0077155686735482076
2014-06-26,0.040568,0.649083,-0.689655,-0.283167,-0.283175,0.146054,8e-06,0.292097,0.225159,0.15741,-0.105471,0.0,22.169241,22.21915705,0.1319999527914753,21.95515714441705,22.48315695558295,22.11391718936118,0.15564759928445326,-0.00283576591320048
2014-06-27,-0.404862,0.323887,-0.890692,0.202844,0.202862,-0.161951,-0.202443,0.053968,0.038447,0.006463,-0.237533,0.0,22.214214,22.22275475,0.13076861279231072,21.961217524415378,22.484291975584622,22.12346926656488,0.14658203543250892,0.0020265666740863263
2014-06-30,-0.724346,0.201207,-0.925549,0.607283,0.607273,-0.64386,-0.676058,-0.536553,-0.551308,-0.544065,-0.77532,1.0,22.349115,22.225902499999997,0.13311188253972653,21.959678734920544,22.49212626507945,22.14495933641584,0.14857026847804633,0.006054368697202789
2014-07-01,-0.358852,0.119621,-1.236045,0.925553,0.925549,-1.116424,-1.355659,-1.427427,-1.383568,-1.397126,-1.588248,1.0,22.555967,22.24388975,0.15187382419226364,21.940142101615475,22.547637398384527,22.184102923423854,0.16493590669346148,0.009212919958358995
2014-07-02,-0.23972,0.439465,-0.639233,-0.199358,0.562481,-1.272171,-1.673053,-1.930916,-1.792214,-1.885037,-1.993177,1.0,22.68284,22.27631495,0.1725938626334659,21.931127224733068,22.62150267526693,22.23160169262158,0.18599929952099714,0.005609048560171571
2014-07-03,-0.158797,0.238186,-0.238198,0.639233,0.639228,-1.322249,-2.032728,-2.36411,-2.281596,-2.397558,-2.497191,1.0,22.827835,22.306995999999998,0.21119652707659614,21.884602945846805,22.72938905415319,22.28838581713381,0.2119488602887749,0.006371933204005791
2014-07-07,-0.911613,0.079271,-1.030523,0.158789,0.158793,-0.91023,-1.954948,-2.329415,-2.319971,-2.426017,-2.515071,0.0,22.864084,22.33364395,0.24527514670736095,21.84309365658528,22.82419424341472,22.34321421550202,0.23275599923459467,0.0015866703959098612
2014-07-08,0.558432,0.957316,-0.039892,-0.634166,-0.634165,0.047866,-1.106988,-1.513055,-1.605246,-1.727065,-1.795083,-1.0,22.719088,22.354390849999998,0.2597697968400021,21.834851256319993,22.873930443680003,22.379011718787538,0.2348387662236604,-0.006361842876378591
2014-07-09,-0.864788,0.235845,-1.179253,1.475872,1.47586,-0.974836,-2.114534,-2.650475,-2.912592,-3.007448,-3.103194,1.0,23.05439,22.382909599999998,0.3025380887166255,21.777833422566747,22.98798577743325,22.443333459855392,0.26054207635784365,0.014650754637543914
2014-07-10,-0.746859,0.314461,-0.864788,0.0,0.0,-0.652512,-1.757902,-2.389313,-2.796693,-2.830466,-2.99732,0.0,23.05439,22.40962945,0.33692664114173726,21.735776167716526,23.083482732283475,22.501529320821543,0.2777108569318294,0.0
2014-07-11,0.0,0.509404,-0.313476,0.314461,0.314474,-0.705333,-1.651795,-2.43481,-2.896317,-2.977225,-3.167272,0.0,23.12689,22.457062049999998,0.3679813590321623,21.721099331935672,23.193024768064323,22.5610874807433,0.2937808604364385,0.003139802948767503
2014-07-14,0.668239,0.825468,-0.157237,-0.313476,-0.313488,-0.227984,-0.978083,-1.918846,-2.408735,-2.546625,-2.730878,0.0,23.05439,22.499070850000003,0.3862999959277331,21.726470858144538,23.271670841855467,22.60806867305346,0.2972399132057362,-0.0031398029487675026
2014-07-15,-1.129727,0.038956,-1.207631,0.904084,0.904101,-0.654469,-1.472543,-2.497142,-3.024908,-3.254965,-3.462463,1.0,23.262825,22.559145949999998,0.4074854158761834,21.744175118247632,23.374116781752363,22.67042641847694,0.31318994129329525,0.009000386014359485
2014-07-16,-0.962279,0.269434,-0.962279,1.207635,1.207618,-1.424165,-2.228628,-3.240789,-3.861468,-4.22929,-4.423573,1.0,23.543751,22.634616700000002,0.44336914984427966,21.747878400311443,23.521354999688562,22.753600188145803,0.3445273371876141,0.012003842078212543
2014-07-17,0.819356,1.443625,-0.19508,-1.347194,-1.34719,0.070237,-0.659376,-1.634045,-2.317127,-2.799773,-2.947292,-1.0,23.226572,22.68838275,0.44685454905717126,21.794673651885656,23.58209184811434,22.79864512260811,0.3398511620371494,-0.013563466839470163
2014-07-18,-0.810494,0.192972,-0.926283,1.092474,1.092464,-0.710142,-1.455026,-2.324797,-3.105051,-3.62836,-3.816361,1.0,23.480314,22.75123825,0.4659821732482814,21.819273903503436,23.683202596496564,22.863565968074006,0.3525560713974727,0.010865399861091782
2014-07-21,0.154735,0.386851,-0.502905,-0.231571,-0.231568,-0.162471,-0.986453,-1.753248,-2.646476,-3.197772,-3.437329,0.0,23.425941,22.805979049999998,0.4781788855019476,21.849621278996104,23.762336821003892,22.9171254949241,0.354154879911718,-0.002318369878552028
2014-07-22,0.0,0.50096,-0.154146,0.386851,0.38687,-0.331424,-1.028916,-1.800912,-2.744755,-3.323301,-3.637608,0.0,23.516569,22.871096799999997,0.48201286615258815,21.90707106769482,23.835122532305174,22.974215352550377,0.3586011386632002,0.003861238463769323
2014-07-23,0.155759,0.428353,-0.506234,-1.040466,-1.040483,0.482869,0.105146,-0.563336,-1.4621,-2.094108,-2.511582,-1.0,23.271883,22.9316248,0.4499131410242597,22.031798517951483,23.83145108204852,23.002564652307484,0.3384789409481108,-0.01045934285976623
2014-07-24,-0.193569,0.271003,-0.58072,0.584112,0.584125,0.054193,-0.32521,-0.93432,-1.783225,-2.447954,-2.951301,1.0,23.40782,22.990405950000003,0.4300840189669013,22.1302379120662,23.850573987933807,23.041160399706772,0.3297003536676506,0.0058242608900573095
2014-07-25,-0.654601,0.192534,-1.116669,0.542002,0.541994,-0.438963,-0.689253,-1.268125,-2.022592,-2.750928,-3.282343,0.0,23.534689,23.05867835,0.40020933702628086,22.25825967594744,23.859097024052563,23.08816312354422,0.32918587812121913,0.005405305834745619
2014-07-28,-0.733025,0.308642,-1.350309,-0.192526,-0.192512,-0.19291,-0.312513,-0.900218,-1.562175,-2.366112,-2.914834,0.0,23.489382,23.12243675,0.35793748937551295,22.406561771248974,23.838311728751023,23.126374445111438,0.32141715935269133,-0.0019269711471625903
2014-07-29,0.661221,1.166865,-0.077783,-0.810189,-0.810196,0.435628,0.517305,0.075196,-0.55426,-1.382376,-1.944748,-1.0,23.299072,23.1699346,0.30969579701917493,22.55054300596165,23.789326194038352,23.1428218312913,0.296486258216639,-0.008134957804737738
2014-07-30,0.780339,0.819356,-0.624268,-0.311163,-0.311171,0.710113,0.694504,0.436994,-0.099486,-0.873873,-1.467574,0.0,23.226572,23.20346485,0.2739654487496395,22.655533952500722,23.751395747499277,23.15079803783499,0.2677912643554343,-0.0031165633594453686
2014-07-31,0.990884,1.070155,-0.237812,-1.560667,-1.560661,1.831151,2.132378,1.973836,1.523976,0.808223,0.198486,-1.0,22.864084,23.21252705,0.25839290081045935,22.69574124837908,23.729312851620918,23.12349193899356,0.21334125760542477,-0.01572967301426703
2014-08-01,0.559996,0.839996,-0.800004,-0.911613,-0.911609,1.991996,2.707993,2.773325,2.419992,1.821533,1.183934,-1.0,22.655653,23.20391795,0.27426546252717277,22.655387024945654,23.75244887505435,23.078935849565603,0.15162278214481617,-0.00915789371564914
2014-08-04,-0.913782,0.198645,-1.231621,0.68,0.679998,0.707187,1.744137,2.007675,1.716323,1.238254,0.570471,1.0,22.809711,23.201199300000003,0.2780546632615973,22.645089973476807,23.757308626523198,23.053295387702214,0.11382948334069098,0.00677696497145796
2014-08-05,0.200244,0.600729,-0.400473,-0.794601,-0.794596,0.921102,2.166595,2.637825,2.511006,2.098512,1.437023,-1.0,22.628466,23.1966682,0.28692150306182546,22.622825193876352,23.77051120612365,23.01283544601629,0.06846385626235829,-0.007977695111152705
2014-08-06,0.0,1.123141,-0.320899,-0.160188,-0.160196,0.521463,2.029684,2.521725,2.573203,2.268751,1.678112,0.0,22.592216,23.173559500000003,0.31611075382910464,22.541337992341795,23.80578100765821,22.972776451157593,0.02924903326637107,-0.0016032490516074598
2014-08-07,0.603375,1.005631,-0.683829,-0.280782,-0.280787,0.506841,1.926791,2.603914,2.745373,2.529363,2.008297,0.0,22.52878,23.147279,0.34688994958409763,22.453499100831806,23.841058899168196,22.93049107485687,-0.0068685748731205365,-0.002811819215846891
2014-08-08,-0.639233,0.119848,-1.158614,0.683829,0.683836,-0.151821,0.858965,1.672653,1.949652,1.807423,1.39094,1.0,22.68284,23.1250765,0.3621390368790263,22.400798426241945,23.849354573758053,22.906905258203835,-0.022797885240269267,0.0068150885228827635
2014-08-11,-0.554895,0.554899,-0.871978,0.799037,0.799036,-0.895758,-0.214031,0.702867,1.099879,1.000394,0.681956,1.0,22.864084,23.1155612,0.36656719378967545,22.382426812420647,23.84869558757935,22.902827043136803,-0.02056009837418671,0.007958603599915638
2014-08-12,0.238565,0.477137,-0.596421,-0.317083,-0.317091,-0.437368,-0.119276,0.81114,1.318097,1.334399,1.066938,0.0,22.791584,23.09199915,0.3717122429075078,22.348574664184984,23.835423635815015,22.892232467599964,-0.024356019224129,-0.003175950067808331
2014-08-13,-0.119052,0.277774,-1.071432,0.198811,0.198815,-0.420635,-0.488094,0.484127,0.9623,1.095236,0.907406,0.0,22.836897,23.05665645,0.35991556634926175,22.336825317301475,23.776487582698522,22.88696242306663,-0.023437757562696504,0.0019861724038632788
2014-08-14,1.629992,1.629992,-0.8965,-2.619048,-2.619034,1.996728,1.907078,2.836172,3.455567,3.667466,3.554725,-1.0,22.238791,23.0072674,0.4008210073076696,22.20562538538466,23.80890941461534,22.825231811346,-0.07016338437994918,-0.026539411020698532
2014-08-15,0.941465,0.941465,-0.654932,-0.448252,-0.448271,1.964806,2.132634,2.878984,3.618511,3.9558,3.917322,0.0,22.139101,22.940206749999998,0.42873678066670456,22.082733188666587,23.79768031133341,22.75988601978924,-0.11392467736349587,-0.00449278517725973
2014-08-18,-0.568408,0.121807,-0.812014,0.818661,0.818678,0.649611,1.084041,1.694407,2.529432,2.980101,2.992281,1.0,22.320349,22.884927150000003,0.4340542350251065,22.01681867994979,23.753035620050216,22.71802535123788,-0.13245377383364243,0.008153452374892834
2014-08-19,-0.040584,0.20293,-0.162334,0.040601,0.0406,0.194805,0.909089,1.363635,2.221994,2.7711,2.892312,0.0,22.329411,22.82556925,0.4241907503093766,21.977187749381248,23.673950750618754,22.681014460643798,-0.1447385329047428,0.0004059148413978693
2014-08-20,-0.647511,0.161882,-0.768915,0.284091,0.284083,-0.485627,0.534203,0.828282,1.736145,2.274387,2.502365,0.0,22.392845,22.781617349999998,0.421041127078518,21.939535095842963,23.623699604157032,22.653569750106293,-0.14765364006409953,0.002836799759836191
2014-08-21,-0.562471,0.080358,-0.683005,0.72845,0.728456,-0.924068,-0.180795,0.008036,0.811571,1.415829,1.687423,1.0,22.555967,22.739024699999998,0.39674614899116634,21.945532402017665,23.53251699798233,22.64427425009617,-0.13524231216827687,0.0072581547256892545
2014-08-22,0.892499,1.29817,-0.040572,-0.964239,-0.964255,0.219077,0.636928,0.887098,1.525367,2.198795,2.559848,-1.0,22.33847,22.67921375,0.3588400921277415,21.961533565744517,23.39689393425548,22.6151500358013,-0.14132730242461378,-0.009689338641594943
2014-08-25,0.0,0.566798,-0.040486,0.202844,0.202856,0.072868,0.218618,0.556001,1.07287,1.805664,2.252356,0.0,22.383785,22.6239339,0.30918792951049534,22.00555804097901,23.24230975902099,22.59311527048689,-0.1408693055892698,0.0020265085250314014
2014-08-26,-0.443362,0.48368,-0.564285,0.445336,0.44534,-0.23378,-0.362758,0.067176,0.443369,1.170495,1.683459,0.0,22.483469,22.58315375,0.2662611362360687,22.050631477527865,23.115676022472137,22.582672768535758,-0.13095312794802894,0.004443515264840111
2014-08-27,-0.040315,0.241944,-0.362903,-0.040306,-0.040314,-0.120963,-0.483865,0.072587,0.31654,1.069362,1.565866,0.0,22.474405,22.5455454,0.21963562494130429,22.106274150117393,22.98481664988261,22.572361552484733,-0.12241475369408761,-0.0004032219193820096
2014-08-28,-0.603618,0.201207,-0.845074,0.201617,0.20162,-0.354128,-0.559359,-0.131456,0.038229,0.708249,1.256873,0.0,22.519718,22.528327100000002,0.20645213092765158,22.1154228381447,22.941231361855305,22.56734788081952,-0.11071539205701697,0.0020141748431987214
2014-08-29,-0.360144,0.0,-0.920368,0.56338,0.563386,-0.640261,-0.892364,-0.701621,-0.524216,-0.012811,0.566887,1.0,22.646591,22.527874,0.20616772989702953,22.115538540205943,22.94020945979406,22.574894844550993,-0.09016658858573123,0.005618051884749669
2014-09-02,0.241166,0.482319,-0.522504,-0.44018,-0.440194,-0.056261,-0.353688,-0.356367,-0.142673,0.262069,0.881577,0.0,22.546902,22.51473355,0.19535043624187812,22.124032677516244,22.905434422483754,22.57222885935566,-0.08099195807590931,-0.004411659956669842
2014-09-03,-0.399361,0.359417,-0.479237,0.643095,0.643104,-0.511189,-0.830678,-1.02237,-0.766779,-0.485628,0.115809,1.0,22.691902,22.51790535,0.1977939450200836,22.12231745995983,22.913493240040168,22.58362630132179,-0.06131392040495598,0.00641044783368909
2014-09-04,0.682457,0.92332,-0.321156,-0.519173,-0.519176,0.096349,-0.232838,-0.583432,-0.252909,-0.081893,0.535262,-1.0,22.574091,22.5169991,0.1974768178035881,22.122045464392823,22.911952735607176,22.58271817738638,-0.05459594877780205,-0.005205288040738697
2014-09-05,-0.559996,0.28,-0.559996,0.361301,0.361308,-0.144005,-0.548006,-0.818673,-0.584005,-0.478405,0.062661,0.0,22.655653,22.52334275,0.1998981391004651,22.12354647179907,22.923139028200932,22.589664350968626,-0.04220403426903019,0.0036065686513143186
2014-09-08,-0.080164,0.561118,-0.56113,-0.199996,-0.199999,0.024042,-0.228463,-0.480969,-0.400808,-0.28698,0.126914,0.0,22.610342,22.51971785,0.19749653601806327,22.124724777963873,22.914710922036125,22.591633650876375,-0.03562886439156898,-0.0020019891370431538
2014-09-09,0.080442,0.44247,-1.045861,-0.360721,-0.360729,0.370076,0.197105,-0.058997,-0.114642,0.024136,0.347279,0.0,22.52878,22.50295265,0.18019950810721355,22.142553633785575,22.863351666214427,22.58564758888815,-0.03657772144607563,-0.0036138092701059198
2014-09-10,-0.361011,0.280786,-0.361011,0.281573,0.281578,2e-06,-0.036101,-0.262068,-0.43923,-0.263137,-0.038775,0.0,22.592216,22.49298425,0.16852891383953808,22.155926422320924,22.830042077679074,22.586273151851184,-0.03184386618739765,0.002811819215846803
2014-09-11,-1.032566,0.079432,-1.310564,1.002808,1.00281,-0.778395,-0.877682,-1.127882,-1.431694,-1.213664,-1.090814,1.0,22.818773,22.492078049999996,0.166620243801342,22.158837562397313,22.82531853760268,22.608415994532024,-0.009699189090859761,0.009978152192689249
2014-09-12,0.0,0.397456,-0.357711,-0.079428,-0.079439,-0.572329,-0.675667,-0.977735,-1.23012,-1.087432,-1.021454,0.0,22.800646,22.5201708,0.16901566499528947,22.18213947000942,22.858202129990577,22.626723614100403,0.006315132726552264,-0.000794705471984181
2014-09-15,-0.438939,0.119717,-0.758172,-0.39746,-0.397454,-0.087786,-0.251392,-0.473525,-0.71029,-0.687944,-0.61851,0.0,22.710024,22.54871695,0.14819830184834712,22.252320346303303,22.845113553696695,22.63465698418608,0.011560893321657773,-0.003982455972267964
2014-09-16,-0.87232,0.793025,-0.951622,0.638468,0.638493,-0.43618,-0.749422,-0.967505,-1.223255,-1.319607,-1.242419,1.0,22.855026,22.5754508,0.1529828568917007,22.269485086216598,22.8814165137834,22.65564450950169,0.02710618275290244,0.006364636469632058
2014-09-17,-0.277668,0.396668,-0.555331,-0.039651,-0.039681,-0.174525,-0.642592,-0.822415,-1.070994,-1.270914,-1.171483,0.0,22.845957,22.6012781,0.15286188607965837,22.29555432784068,22.907001872159316,22.67376950859677,0.038253185210397334,-0.0003968842472838949
2014-09-18,-0.198251,0.198259,-0.277554,0.039667,0.039696,-0.182412,-0.559097,-0.750745,-1.009138,-1.306918,-1.172369,0.0,22.855026,22.624387149999997,0.1546186214429628,22.315149907114073,22.93362439288592,22.691032031587554,0.04727411095105083,0.0003968842472837758
2014-09-19,0.039675,0.396817,-0.753972,-0.079294,-0.079322,-0.071424,-0.400791,-0.579363,-0.869047,-1.123809,-1.048941,0.0,22.836897,22.638433650000003,0.16071623898849227,22.31700117202302,22.959866127976987,22.704923933341117,0.052356863472066806,-0.0007935319750628885
2014-09-22,0.881065,0.881065,-0.440521,-0.912706,-0.912694,0.776935,0.524627,0.331061,0.108127,-0.126555,-0.145512,-1.0,22.628466,22.65293345,0.1444919882575741,22.36394947348485,22.941917426515147,22.697642225403868,0.039115443213919576,-0.009168846191398787
2014-09-23,0.688259,1.336032,-0.121462,-1.08129,-1.081297,1.457489,1.558702,1.379215,1.202426,0.976514,0.87449,-1.0,22.383785,22.65293345,0.1444919882575741,22.36394947348485,22.941917426515147,22.66775106107969,0.008776638815501059,-0.010871858421306816
2014-09-24,-1.000801,0.240196,-1.401125,1.133599,1.133597,0.136116,0.440356,0.226852,0.102084,-0.100879,-0.278888,1.0,22.637527,22.660636349999997,0.13898375979749517,22.382668830405006,22.93860386959499,22.664872579072103,0.005148428659293103,0.011272203118086924
2014-09-25,1.711483,1.711483,-0.163003,-1.761405,-1.761394,1.377333,1.980429,1.923379,1.843916,1.662579,1.419438,-1.0,22.238791,22.648855649999998,0.16343498788034372,22.32198567423931,22.975725625760685,22.624293381065236,-0.029560857687130238,-0.017770909526079997
2014-09-26,-2.0,0.36,-2.160004,1.874486,1.874481,-0.648,0.04,0.047998,-3e-06,-0.190404,-0.385338,1.0,22.655653,22.6556524,0.1605835845831273,22.334485230833746,22.976819569166256,22.62728001143998,-0.023163918412251405,0.018571294968994404
2014-09-29,-1.552552,0.318471,-1.552552,0.480004,0.479999,-1.003184,-0.414011,-0.384821,-0.451833,-0.592359,-0.769642,0.0,22.7644,22.661542849999996,0.16238431487410376,22.33677422025179,22.986311479748203,22.640339057969506,-0.00921312076484071,0.00478851082784185
2014-09-30,-1.072706,0.317839,-1.271355,0.199041,0.962692,-1.425222,-1.307656,-1.202752,-1.306046,-1.435841,-1.619631,1.0,22.983551,22.6833753,0.17502154083112947,22.33333221833774,23.033418381662262,22.673025909591455,0.019304115235435404,0.009580873966460839
2014-10-01,0.679185,0.878941,-0.359569,-0.556214,-0.556206,-0.68295,-0.751383,-0.573303,-0.718197,-0.819408,-0.992615,-1.0,22.855715,22.69156595,0.17922417423555254,22.333117601528897,23.050014298471105,22.690424870582746,0.03122894554635991,-0.005577590679986875
2014-10-02,-0.039904,0.199529,-1.237027,0.119848,0.119852,-0.238703,-0.85792,-0.673582,-0.769525,-0.866693,-1.039719,0.0,22.883108,22.707016799999998,0.181864351662114,22.34328809667577,23.070745503324225,22.70877564481296,0.04240107247888858,0.0011978009698730193
2014-10-03,-0.395101,0.237068,-1.066764,0.997606,0.997596,-0.829705,-1.718419,-1.565035,-1.651071,-1.743472,-1.937084,1.0,23.111389,22.7298036,0.2024731401031969,22.324857319793608,23.134749880206392,22.747119773878392,0.06888141041772045,0.009926529884138937
2014-10-06,1.359456,1.639344,-0.199924,-1.185298,-1.185281,0.423819,-0.448021,-0.34711,-0.421653,-0.531456,-0.687989,-1.0,22.837454,22.7411592,0.201788140400575,22.337582919198848,23.14473548080115,22.75572303350902,0.06699077592059766,-0.011923618860155081
2014-10-07,1.501627,2.475654,-0.202918,-1.479412,-1.479421,1.501625,1.098358,1.043998,1.067165,0.953789,0.820473,-1.0,22.499592,22.7396998,0.20350324051165197,22.332693318976695,23.146706281023306,22.731329601746257,0.037794127514924725,-0.01490473175848662
2014-10-08,-0.364964,0.081103,-1.946472,0.081173,0.081161,1.119228,0.963225,0.864917,0.968692,0.841002,0.743801,0.0,22.517853,22.73598165,0.20698917435402714,22.322003301291947,23.149959998708052,22.710998496818043,0.015945276171272837,0.0008112855361555541
2014-10-09,1.322856,1.860264,-0.041344,-1.905916,-1.905914,2.364614,2.856928,2.593374,2.765195,2.712386,2.64299,-1.0,22.088682,22.6994771,0.251263819576655,22.19694946084669,23.20200473915331,22.65173025902585,-0.03559034555006235,-0.019243110603577834
2014-10-10,2.442159,2.870608,0.0,-3.513853,-3.51384,4.40445,5.972571,5.852795,6.158586,6.20089,6.192241,-1.0,21.312521,22.62507085,0.39750689565389524,21.83005705869221,23.420084641307792,22.524186520071005,-0.13747764637959747,-0.0357706102647145
2014-10-13,1.351941,2.267776,0.0,-1.756641,-1.756629,4.457026,6.995184,7.207287,7.633618,7.780347,7.819016,-1.0,20.938139,22.5364766,0.5469420307945585,21.442592538410885,23.630360661589116,22.37313437530234,-0.24560241316763864,-0.017722411857930796
2014-10-14,0.0,1.257593,-0.433651,0.566939,0.566918,2.49784,5.477025,6.182821,6.599881,6.893153,6.975337,1.0,21.056841,22.446567350000002,0.6328690078057498,21.180829334388502,23.712305365611503,22.247773101464023,-0.3180475562275866,0.00565316693214149
2014-10-15,-0.740409,0.827531,-2.047034,-0.433651,-0.433655,1.463426,5.034854,6.113627,6.615712,7.048364,7.166783,0.0,20.965527,22.352545850000002,0.7058816069037621,20.940782636192477,23.764309063807527,22.125654425134115,-0.3784664055625555,-0.004345978014593219
2014-10-16,-0.744961,1.139351,-1.139356,-0.609752,-0.609749,0.885192,4.697636,6.316364,6.785728,7.324806,7.546474,-1.0,20.83769,22.25167905,0.7713940809587666,20.70889088808247,23.79446721191753,22.002991146549913,-0.43168792677300516,-0.006116151228404327
2014-10-17,-1.16129,0.344086,-1.419355,1.884312,1.884292,-1.058047,1.875289,3.902529,4.432422,5.044032,5.333676,1.0,21.230333,22.17135085,0.7906540611940363,20.590042727611927,23.752658972388073,21.9294046564023,-0.4371442305501603,0.01866759473136269
2014-10-20,-0.130833,0.654165,-1.046659,-1.376344,-1.376304,0.322698,2.389862,4.771022,5.486139,6.171434,6.537405,-1.0,20.938139,22.0868345,0.828649503184941,20.429535493630116,23.74413350636988,21.834998403411607,-0.4597463348707187,-0.013858632420506719
2014-10-21,-1.743939,0.382816,-2.339434,2.529437,2.529394,-1.769444,-0.616738,1.715605,2.670451,3.293705,3.744386,1.0,21.467747,22.0410326,0.8366497549210049,20.36773309015799,23.71433210984201,21.80002207927717,-0.4299673301660789,0.02497934074027703
2014-10-22,1.762683,1.805675,-0.085985,-1.063377,-1.063344,-0.455732,-0.150484,2.301508,3.444807,4.10133,4.647101,-1.0,21.239471,21.9711298,0.8425725280724197,20.28598474385516,23.65627485614484,21.746636262203154,-0.4199463398115455,-0.01069037903729853
2014-10-23,0.169711,0.806109,-0.636402,1.33276,1.332736,-1.128545,-1.72676,0.53459,1.917897,2.484537,3.070019,1.0,21.522537,21.9353171,0.8458126839033895,20.24369173219322,23.626942467806778,21.725293475326666,-0.38472865973535875,0.013239328454095525
2014-10-24,-0.756943,0.084096,-1.345677,0.890967,0.890978,-1.555931,-2.409591,-0.782172,0.801091,1.372692,1.993034,1.0,21.714298,21.88824935,0.8296556356236644,20.22893807875267,23.547560621247328,21.724246287200316,-0.33745491426557805,0.008870318900639936
2014-10-27,-0.589221,0.210434,-0.673401,-0.084108,-0.084106,-0.774415,-1.978118,-1.049384,0.63973,1.286116,1.923101,0.0,21.696035,21.8348311,0.8042805613815863,20.226269977236825,23.443392222763173,21.721559497943144,-0.2980283169400728,-0.0008414126230029674
2014-10-28,-1.038637,0.0,-1.038637,1.304714,1.304699,-1.587027,-2.820929,-2.481639,-0.884906,-0.091993,0.477596,1.0,21.979103,21.7846087,0.7588526099922084,20.266903480015582,23.302313919984417,21.746087450519987,-0.24116127553758204,0.012962613358342279
2014-10-29,-0.373444,0.829871,-0.746888,0.124636,0.12465,-1.012453,-2.468883,-2.757954,-1.201245,-0.331071,0.225353,0.0,22.0065,21.74214795,0.7184485158074463,20.305250918385106,23.179044981614894,21.77088864570856,-0.19167353340699478,0.001245725950055262
2014-10-30,-0.332226,0.290698,-0.830569,-0.082988,-0.08298,-0.506653,-1.864628,-2.707649,-1.322682,-0.293877,0.177188,0.0,21.988239,21.6974045,0.6698754232294004,20.3576536535412,23.037155346458803,21.791588679450605,-0.1521734900464864,-0.0008301447611132739
2014-10-31,0.490401,0.694728,-1.185121,1.619597,1.619589,-1.528399,-2.930115,-3.950412,-3.067016,-1.938696,-1.492889,1.0,22.344358,21.65905295,0.6033114063436442,20.45243013731271,22.86567576268729,21.844233376645786,-0.09108363852418933,0.01606613120831656
2014-11-03,-0.528881,0.040683,-0.528881,0.449534,0.449532,-1.301871,-2.693247,-3.932736,-3.588281,-2.434497,-1.961005,0.0,22.444803,21.6394204,0.5683204143284345,20.50277957134313,22.776061228656868,21.901430483631902,-0.03417052250502195,0.0044852444720326476
2014-11-04,-1.125398,0.120583,-1.205784,1.2205,1.220492,-1.840824,-3.315904,-4.603418,-4.702559,-3.657542,-3.09399,1.0,22.71874,21.6503778,0.587564468969322,20.475248862061356,22.825506737938646,21.97926948519077,0.03266145753854488,0.012131039383726812
2014-11-05,-0.71571,0.079523,-1.232604,1.085213,1.08521,-2.059634,-3.602377,-5.047041,-5.628219,-4.672751,-4.08676,1.0,22.965286,21.67274945,0.6293634476720179,20.414022554655965,22.931476345344038,22.073175819934505,0.10431797230158324,0.010793636865518524
2014-11-06,-0.633413,0.079181,-0.950119,0.437376,0.437395,-1.551872,-3.353135,-4.816582,-5.827401,-5.056221,-4.384947,0.0,23.065735,21.7216021,0.6975727037817182,20.32645669243656,23.116747507563435,22.167705265655027,0.16728333318656752,0.004364411532246184
2014-11-07,-0.118441,0.276352,-0.671141,0.277118,0.277117,-1.144896,-3.008297,-4.53218,-5.694833,-5.31544,-4.58087,0.0,23.129654,21.812458749999998,0.7572703770050248,20.29791799598995,23.326999504010047,22.259319430830736,0.21980775743336167,0.0027673342372637544
2014-11-10,-0.437372,0.318091,-1.073563,-0.71062,-0.710638,0.015912,-1.761422,-3.260428,-4.578519,-4.615495,-3.868775,-1.0,22.965286,21.9138161,0.7696485680941908,20.374518963811617,23.45311323618838,22.326554342180188,0.24534246295510798,-0.00713174576950992
2014-11-11,0.198811,0.238565,-0.516899,0.0,0.0,0.230624,-1.331999,-2.825702,-4.163012,-4.534382,-3.871426,0.0,22.965286,22.009238349999997,0.7760864697382238,20.457065410523548,23.561411289476446,22.38738592863922,0.26255236086581846,0.0
2014-11-12,-0.796499,0.318598,-0.915978,-0.159042,-0.159044,0.358429,-0.772594,-2.179735,-3.58223,-4.310624,-3.707676,0.0,22.928761,22.10740005,0.7611406985401793,20.58511865291964,23.62968144708036,22.43894545924501,0.2701301742048088,-0.001591710040801703
2014-11-13,-2.920561,0.817753,-3.115269,2.270008,2.270022,-1.542061,-2.352029,-3.803221,-5.1655,-6.202492,-5.764537,1.0,23.449249,22.237978000000002,0.7558456772847709,20.72628664543046,23.749669354569544,22.535164844078817,0.31450921116037023,0.022446407399753406
2014-11-14,-2.12766,0.075988,-2.545593,2.492212,2.492208,-3.183894,-4.023557,-5.498986,-6.888295,-8.030392,-7.928061,1.0,24.033653,22.378144,0.8166336928613632,20.744876614277274,24.011411385722724,22.677878001785597,0.3923140838616135,0.02461658771210614
2014-11-17,-1.360023,0.302229,-1.775591,0.569905,0.569913,-2.735177,-3.853424,-5.351974,-6.747264,-8.016625,-8.265962,1.0,24.170624,22.53976825,0.8362775717939165,20.86721310641217,24.212323393587834,22.82004428732983,0.45972796322741516,0.005682955005596766
2014-11-18,-0.37594,0.526316,-0.75188,0.491126,0.491129,-2.120309,-3.676702,-5.18046,-6.622189,-7.933843,-8.468679,0.0,24.289333,22.68084755,0.8826253672945875,20.915596815410826,24.446098284589173,22.959976545679368,0.5167757038903353,0.0048992712662202205
2014-11-19,-0.037608,0.112828,-1.090639,-0.037594,-0.037605,-0.970286,-3.098908,-4.520495,-5.960886,-7.353138,-8.1923,0.0,24.280199,22.83288395,0.8831635899029235,21.066556770194154,24.599211129805845,23.085712017519427,0.554853407214388,-0.00037612057318895563
2014-11-20,-1.193581,0.111902,-1.715774,0.827375,0.827382,-0.939948,-3.315929,-4.625143,-6.128312,-7.518092,-8.619918,1.0,24.481089,22.98081155,0.8997514237045854,21.181308702590826,24.78031439740917,23.21860506346996,0.5943886630128397,0.008239779744963146
2014-11-21,0.260424,0.63244,-0.781246,0.261097,0.261087,-0.781242,-2.991066,-4.275788,-5.796124,-7.218742,-8.418891,0.0,24.545006,23.12234695,0.9125874775870185,21.297171994825963,24.94752190517404,23.344928962187105,0.623688710569887,0.0026074700101556877
2014-11-24,-0.554946,0.332963,-0.554946,0.558043,0.558044,-0.917499,-2.83389,-4.20274,-5.714023,-7.126897,-8.421508,1.0,24.681978,23.2716441,0.9112106647108474,21.449222770578306,25.094065429421693,23.472266965788332,0.650463565942843,0.005564929733820232
2014-11-25,-0.916422,0.073306,-0.916422,0.924898,0.924914,-1.326994,-2.943563,-4.49415,-5.989751,-7.425234,-8.745127,1.0,24.910265,23.418202200000003,0.9279468865071586,21.562308426985688,25.27409597301432,23.609219159522777,0.6822392552983771,0.009206625822597481
2014-11-26,-0.473937,0.109366,-1.05724,0.54985,0.54985,-1.254109,-2.628518,-4.462278,-5.896839,-7.323379,-8.700946,0.0,25.047234,23.5702389,0.9335602875798371,21.703118324840325,25.437359475159674,23.74617295385394,0.7102862340777989,0.0054834347571777456
2014-11-28,-0.43415,0.50652,-1.013017,0.765581,0.765574,-1.403759,-2.659187,-4.614086,-5.967801,-7.438495,-8.813314,1.0,25.238989,23.7327764,0.92658955413761,21.879597291724778,25.58595550827522,23.888345910629756,0.7394626278898535,0.007626579130706064
2014-12-01,-0.326205,0.072494,-0.94237,-0.180894,-0.180895,-0.710399,-2.022472,-3.895134,-5.231971,-6.718379,-8.123718,0.0,25.193333,23.87522515,0.9208829526091123,22.033459244781774,25.716991055218223,24.012630395331684,0.7502526272823218,-0.0018105853810393082
2014-12-02,-0.790798,0.503231,-0.790798,0.833635,0.833641,-0.963337,-2.347237,-4.049851,-5.433149,-6.905831,-8.297395,1.0,25.403355,24.02315275,0.9166272458865768,22.189898258226847,25.856407241773155,24.14508035768105,0.7669103347575295,0.008301855893775939
2014-12-03,-0.858683,0.143109,-1.574243,0.467293,0.467289,-0.944545,-2.318429,-3.82827,-5.323798,-6.783548,-8.1944,0.0,25.522062,24.163318850000003,0.9209894637867918,22.321339922426418,26.00529777757359,24.276221466473327,0.780691030531468,0.004662002669540765
2014-12-04,0.540151,0.792222,-0.684192,-0.644011,-0.644019,-0.057609,-1.260345,-2.566311,-4.238381,-5.650697,-7.057971,-1.0,25.357695,24.2829393,0.9125234212586136,22.45789245748277,26.107986142517227,24.37921894585682,0.7694792106332002,-0.0064610203145560145
2014-12-05,1.054549,1.272727,-0.363636,-0.972272,-0.972265,0.821819,-0.039999,-1.168485,-2.89091,-4.226911,-5.669092,-1.0,25.111151,24.385210100000002,0.8830700894275652,22.61906992114487,26.151350278855134,24.448926760537123,0.7322586997655165,-0.009770223840600296
2014-12-08,0.69776,1.10173,-0.293794,-0.981818,-0.981827,1.557114,1.079702,0.034285,-1.579134,-2.871826,-4.311415,-1.0,24.864603,24.47195755,0.8372680167219196,22.79742151655616,26.14649358344384,24.488514973819303,0.6750848556410887,-0.009866784608714584
2014-12-09,-1.714074,0.218818,-2.151714,0.69776,0.697771,0.56163,0.521516,-0.427914,-1.847196,-3.130566,-4.529545,1.0,25.038101,24.575598300000003,0.7662268473318803,23.04314460533624,26.108051994663764,24.540856500122228,0.6364375549095165,0.006953478876188982
2014-12-10,1.451429,1.823595,-0.29773,-2.005832,-2.005831,1.816144,2.426492,1.677205,0.481943,-0.851515,-2.228019,-1.0,24.535879,24.65412795,0.6664952264427954,23.32113749711441,25.98711840288559,24.54038245249154,0.5588421876137311,-0.020262209427245624
2014-12-11,-0.074105,1.370882,-0.18525,0.446591,0.446583,0.78548,1.808082,1.323953,0.38348,-1.019633,-2.305789,0.0,24.645452,24.7399625,0.5289480429678902,23.68206641406422,25.79785858593578,24.550389076063773,0.5004203905858198,0.00445588515271376
2014-12-12,-0.558459,1.079669,-0.595681,-0.481656,-0.481659,0.796726,2.010428,1.82676,1.088984,-0.302306,-1.48796,0.0,24.526745,24.7938373,0.4375412818270822,23.918754736345836,25.668919863654164,24.548137259295792,0.43947602663989827,-0.004828225617240303
2014-12-15,0.787103,1.836582,-0.749625,-0.670145,-0.670134,1.064465,2.357567,2.463766,1.838452,0.572709,-0.547232,-1.0,24.362383,24.810273799999997,0.412965817696678,23.98434216460664,25.636205435393354,24.530446377458098,0.3736078209655673,-0.006723892446736218
2014-12-16,-0.338473,2.181271,-1.654757,-0.337331,-0.33734,0.782253,2.241448,2.700269,2.205721,1.129752,0.041372,0.0,24.280199,24.81575255,0.40467671685040163,24.006399116299196,25.625105983700802,24.50661329389066,0.31118804932938104,-0.00337910015550741
2014-12-17,-0.708683,0.335699,-1.268184,0.827375,0.827382,-0.08952,0.977247,1.740646,1.406193,0.547558,-0.5396,1.0,24.481089,24.825340349999998,0.3936699986533725,24.038000352693253,25.612680347306743,24.504182408758215,0.27476278039129554,0.008239779744963146
2014-12-18,-2.206145,0.036166,-2.206145,3.133163,3.133153,-2.647373,-2.13381,-1.297161,-1.482814,-2.139595,-3.259789,1.0,25.248119,24.87373635,0.3824618679342366,24.10881261413153,25.638660085868473,24.575033512686005,0.3042808428427506,0.03085071594816808
2014-12-19,-0.432121,0.288081,-0.792225,0.433996,0.433997,-2.412672,-2.459484,-1.692468,-1.73568,-2.261427,-3.37654,0.0,25.357695,24.91756665,0.38531509030629024,24.14693646938742,25.688196830612583,24.649572701954007,0.3326810474090749,0.004330576374010524
2014-12-22,-1.488306,0.248058,-1.665482,1.62045,1.620451,-2.877388,-3.664061,-3.111261,-3.065193,-3.550665,-4.575944,1.0,25.768604,24.978746550000004,0.4187380909491812,24.14127036810164,25.816222731898367,24.75614711129172,0.38391974845210086,0.016074617408695566
2014-12-23,-0.106198,0.884956,-0.212386,0.106311,0.106327,-1.805322,-3.472578,-3.112695,-2.952222,-3.401072,-4.311515,0.0,25.796003,25.034447800000002,0.4501037386384423,24.13424032272312,25.934655277276885,24.855181005454416,0.42187455128122764,0.0010627057655486583
2014-12-24,-0.035329,1.024739,-0.035329,0.176988,0.176993,-0.925807,-3.137821,-3.201425,-2.943474,-3.33146,-4.109552,0.0,25.84166,25.08101755,0.48352159212122786,24.113974365757542,26.048060734242455,24.94913138588733,0.4504456868165079,0.0017683608918488555
2014-12-26,0.529101,0.529101,-0.24691,0.176682,0.176668,-0.606702,-2.828926,-3.235745,-2.952382,-3.253616,-3.897708,0.0,25.887314,25.12302155,0.5158414376741772,24.091338674651645,26.154704425348356,25.03848211104092,0.4713391099644788,0.0017651234240032441
2014-12-29,-0.386504,0.386511,-0.491915,0.388004,0.388009,-0.505973,-2.642307,-3.384871,-3.183418,-3.395645,-3.943549,0.0,25.987759,25.16046005,0.5506954918407826,24.059069066318436,26.261851033681566,25.12888943379893,0.49034992171899106,0.0038725777033575158
2014-12-30,0.282087,0.423128,-0.176312,-0.351363,-0.351377,-0.056409,-1.706626,-2.778558,-2.706273,-2.846258,-3.365064,0.0,25.896444,25.1956156,0.5748188941260363,24.045977811747928,26.345253388252072,25.201989868675224,0.49237201159253985,-0.003519957482376068
2014-12-31,1.65349,2.120776,-0.035949,-1.904094,-1.90408,1.574404,0.643416,-0.795597,-0.817764,-0.846878,-1.327588,-1.0,25.403355,25.1956156,0.5748188941260363,24.045977811747928,26.345253388252072,25.221167500229967,0.4490104579425527,-0.01922441006606261
2015-01-02,0.905469,1.847157,-0.833039,-0.754849,-0.072388,1.28817,1.07239,-0.500743,-0.772919,-0.700251,-1.11224,0.0,25.384966,25.1887608,0.5715291131364272,24.045702573727148,26.331819026272854,25.236767357350924,0.4084538736533325,-0.0007241428911806407
2015-01-05,0.960832,1.441249,-0.221726,-1.992039,-1.992029,2.536539,2.978457,1.584256,1.147744,1.291033,0.977937,-1.0,24.87929,25.16484055,0.5740921831813875,24.016656183637227,26.313024916362775,25.202721894746073,0.3316852007925135,-0.020121378538515314
2015-01-06,0.332717,2.329024,-0.036961,-0.036955,-0.036946,1.675637,2.820461,1.713841,1.136666,1.269139,1.067398,0.0,24.870098,25.1527879,0.5777970931669024,23.997193713666196,26.308382086333804,25.171043428579782,0.26702565139110135,-0.00036953218819912355
2015-01-07,-0.586081,0.366304,-1.172158,0.924214,0.92419,0.109904,1.612507,0.97832,0.257411,0.326908,0.215593,1.0,25.099945,25.164555,0.5740031486808246,24.01654870263835,26.31256129736165,25.164272149667422,0.23165880611773204,0.009199456602177292
2015-01-08,0.109055,2.108324,-0.145405,0.769234,0.769233,-0.74154,0.637976,0.474448,-0.457521,-0.456397,-0.468884,1.0,25.293022,25.17730105,0.5738776964593112,24.02954565708138,26.325056442918623,25.176534040175287,0.21671190675975893,0.007662892513867316
2015-01-09,-0.431814,1.007553,-1.223462,1.017815,1.017818,-1.612089,-0.489987,-0.258874,-1.26193,-1.454916,-1.388203,1.0,25.550459,25.22803005,0.5588396145010258,24.11035082099795,26.34570927900205,25.212145941110972,0.22306800661593584,0.01012673384915465
2015-01-12,-0.17825,0.534767,-0.819961,0.935581,0.935592,-1.818184,-1.450289,-1.043443,-1.955346,-2.301375,-2.206315,1.0,25.789507,25.2852328,0.5546050595203419,24.176022680959317,26.39444291904068,25.26713270862421,0.24457512751047972,0.0093124225108322
2015-01-13,0.391456,2.135235,-0.711744,0.178257,0.178255,-1.245558,-1.684589,-1.096236,-1.876522,-2.363073,-2.303367,0.0,25.835478,25.35066945,0.5373411933318872,24.275987063336228,26.425351836663776,25.32126083161238,0.2623054572425545,0.0017809598259821613
2015-01-14,-0.286533,0.465612,-1.002869,-0.640569,-0.64058,-0.164751,-1.13896,-0.484206,-0.989216,-1.608101,-1.611612,-1.0,25.669981,25.41604935,0.48805385462138057,24.43994164075724,26.392157059242763,25.354472276220726,0.2600054653546664,-0.006426408880954352
2015-01-15,2.480846,2.882163,-0.218898,-1.826648,-1.826643,1.619849,0.620215,1.210035,1.035715,0.248478,0.192277,-1.0,25.201082,25.4620935,0.4129093442105533,24.636274811578897,26.287912188421107,25.33986367848542,0.21783540372905819,-0.018435324615591366
2015-01-16,-1.156066,0.325145,-1.69798,0.985042,0.985029,0.549145,-0.335969,0.120035,0.240419,-0.585797,-0.794547,1.0,25.44932,25.51050505,0.3426144199200061,24.825276210159988,26.19573388984001,25.350288090058235,0.2021161884528233,0.009802093479028254
2015-01-20,-1.104382,0.712504,-1.460634,1.40896,1.408973,-0.833633,-1.360884,-1.291545,-1.043867,-1.786886,-2.114756,1.0,25.807894,25.5384938,0.3429158650703174,24.852662069859367,26.224325530140636,25.393869605290785,0.21610143929391157,0.01399139053825656
2015-01-21,0.790226,1.257187,-0.50287,-0.81938,-0.819377,-0.201155,-0.262217,-0.577992,-0.17971,-0.80834,-1.242885,-1.0,25.59643,25.55043055,0.3404372727598637,24.869556004480273,26.23130509551973,25.41316107145357,0.2077269271119313,-0.008227525484827778
2015-01-22,-3.333337,0.035088,-4.491232,2.37069,2.370678,-2.105259,-2.150871,-2.80233,-2.408392,-2.824387,-3.359592,1.0,26.203239,25.5721623,0.36786489481763057,24.836432510364737,26.30789208963526,25.48840658845799,0.24720485714471963,0.023430140444165283
2015-01-23,0.531733,1.028008,-0.248139,-1.017547,-1.017546,-0.531722,-0.896837,-1.666066,-1.378038,-1.569961,-2.250648,-1.0,25.936609,25.5791926,0.37366571549188177,24.831861169016236,26.326524030983762,25.531092532414373,0.2540480803083547,-0.01022758348653984
2015-01-26,0.893815,0.929571,-0.965313,-0.850762,-0.850755,0.529138,0.017877,-0.736501,-0.556249,-0.533299,-1.258942,-1.0,25.715952,25.5729072,0.37005825601906334,24.83279068796187,26.313023712038127,25.548698195993957,0.23891217731339154,-0.008543945858183506
2015-01-27,2.304833,2.565056,-0.892193,-3.825524,-3.825524,3.657989,3.56877,3.172241,3.165789,3.339736,2.680362,-1.0,24.732182,25.515150600000002,0.4067308610492337,24.701688877901535,26.32861232209847,25.470934748756438,0.14585353904311305,-0.039006189178950434
2015-01-28,2.163372,2.946666,-0.0373,-0.334576,-0.33458,3.2376,3.435289,3.458913,3.240648,3.571717,3.041655,0.0,24.649433,25.448234300000003,0.43405810382049337,24.580118092359015,26.31635050764099,25.39269648697011,0.06468114109297218,-0.003351412360766648
2015-01-29,-1.763406,0.330639,-2.130786,1.52928,1.529281,0.742103,1.620135,1.880974,1.511763,1.893044,1.578035,1.0,25.026392,25.4047317,0.4303567540341032,24.544018191931794,26.265445208068204,25.357810345353908,0.030418229410177133,0.0151770498341798
2015-01-30,1.934008,2.806219,-0.189613,-3.122697,-3.122695,2.593852,4.501321,4.87675,4.544935,4.921507,4.847398,-1.0,24.244894,25.34680865,0.5024703070423275,24.341868035915343,26.351749264084656,25.251818312463058,-0.05911429945138735,-0.03172490951764359
2015-02-02,-1.639959,0.149091,-3.391726,1.744403,1.7444,-0.014908,2.392845,2.840106,2.607159,2.932292,3.07503,1.0,24.667822,25.310951449999997,0.5247006109456198,24.261550228108756,26.36035267189124,25.196199616038005,-0.09484935426370811,0.01729360276475365
2015-02-03,-0.811213,0.0,-1.585546,1.080883,1.08089,-0.921837,0.947631,1.511791,1.52101,1.678747,1.930884,1.0,24.934454,25.31370965,0.5224522370767257,24.26880517584655,26.35861412415345,25.17127146212962,-0.10049621083445714,0.010750900549280596
2015-02-04,1.386279,1.985755,-0.299738,-1.585546,-1.585541,0.584479,2.143112,2.795041,3.089159,3.080741,3.461883,-1.0,24.539108,25.29716015,0.5421161830061036,24.212927783987794,26.381392516012205,25.111065418117278,-0.13531270289605146,-0.015982452022446084
2015-02-05,-1.870873,0.146731,-2.494497,2.135627,2.135632,-1.489368,-0.447553,0.484213,0.926254,0.792359,1.204699,1.0,25.063173,25.29532155,0.5428820616148904,24.20955742677022,26.38108567322978,25.10650423543944,-0.11924280120190289,0.021131467770211514
2015-02-06,0.477243,1.54185,-0.367111,-0.073368,-0.073375,-0.778266,-0.730546,0.516392,0.950803,0.809101,1.179029,0.0,25.044783,25.2829096,0.5457674881201843,24.191374623759632,26.374444576240368,25.10062602254045,-0.10676053860732182,-0.0007340152061152709
2015-02-09,0.331851,1.069318,-0.221246,-0.440525,-0.440527,-0.125367,-0.604723,0.823495,1.273962,1.182885,1.505443,0.0,24.934454,25.25210935,0.5472537363206376,24.157601877358726,26.346616822641277,25.084800115631836,-0.1045655176160416,-0.004415000541649989
2015-02-10,-1.200437,0.181888,-1.236813,1.364303,1.364301,-1.20043,-1.727899,-0.674184,-0.190979,-0.116406,0.058439,1.0,25.274635,25.22636575,0.5325560458909107,24.16125365821818,26.29147784178182,25.102879628428802,-0.07451719612582153,0.01355078182856073
2015-02-11,2.673598,2.673598,-0.1114,-2.037104,-2.037113,1.032318,0.360204,1.165995,1.667294,1.942823,1.973808,-1.0,24.759762,25.17257995,0.5220176433328816,24.128544663334235,26.216615236665763,25.07020175905463,-0.09119835511638641,-0.020581488162552383
2015-02-12,-1.59538,0.407335,-2.104545,9.394723,9.394735,-6.150711,-7.498299,-7.304818,-6.802443,-6.518668,-6.637246,1.0,27.085876,25.2433747,0.668486193099112,23.906402313801777,26.580347086198223,25.26217073438276,0.08233060983535267,0.08979257571959047
2015-02-13,-0.169898,0.237853,-1.087322,-0.10183,-0.101824,-4.566775,-6.364258,-6.933973,-6.364261,-6.162426,-6.338209,0.0,27.058296,25.3362354,0.7817083342724542,23.77281873145509,26.89965206854491,25.433230283489163,0.21514799707862764,-0.0010187616272119618
2015-02-17,-0.170587,0.136476,-0.955299,-0.407751,-0.407757,-2.681677,-5.134761,-6.248148,-5.702829,-5.570793,-5.761398,0.0,26.947964,25.411167600000002,0.8609320145208991,23.689303570958206,27.1330316290418,25.577490637442576,0.30795396147630427,-0.004085902393376556
2015-02-18,-1.017291,0.203455,-1.254659,0.614128,0.614135,-1.919302,-4.910143,-6.234888,-6.037647,-5.951856,-6.061949,1.0,27.113461,25.47644595,0.9385896604274607,23.599266629145077,27.35362527085492,25.723773529114712,0.39035778017561285,0.006122573238991922
2015-02-19,0.0,0.272944,-0.614125,-0.61038,-0.610387,0.307067,-3.432271,-5.090409,-5.209823,-5.209142,-5.22802,-1.0,26.947964,25.54402265,0.9946620016798343,23.55469864664033,27.53334665335967,25.840363097770457,0.437268614995002,-0.006122573238992011
2015-02-20,-0.878085,0.168858,-1.51976,1.023548,1.023539,-0.607897,-3.617016,-5.513897,-5.982771,-5.941232,-5.928173,1.0,27.223787,25.59505005,1.0546304820207066,23.485789085958586,27.704311014041416,25.97211775512565,0.4910419742979961,0.010183365997823712
2015-02-23,0.0,0.067503,-0.708738,0.067538,0.067548,-0.539992,-2.875462,-4.844186,-5.806613,-5.705027,-5.753176,0.0,27.242176,25.660328400000004,1.1155314932873255,23.429265413425355,27.891391386574654,26.093075683208923,0.529043107947949,0.0006752474274150807
2015-02-24,-0.236247,0.269997,-0.674988,0.0,0.0,-0.323995,-2.028349,-4.214194,-5.526491,-5.44178,-5.546179,0.0,27.242176,25.7366396,1.1703908388505622,23.395857922298877,28.077421277701124,26.2025138086176,0.5527870946201574,0.0
2015-02-25,-0.169546,0.271278,-0.576467,-0.472491,-0.472484,0.149195,-0.885054,-3.223697,-4.638867,-4.800279,-4.935014,0.0,27.113461,25.855703549999998,1.1838753759792282,23.48795279804154,28.223454301958455,26.289270683987354,0.5548225019032813,-0.004736040186246675
2015-02-26,-1.303912,0.267469,-1.303912,1.424212,1.4242,-0.855899,-1.280505,-3.864924,-5.459708,-5.860244,-6.068202,1.0,27.499611,25.99821245,1.2024279066677237,23.593356636664552,28.40306826333545,26.404541190274273,0.580898419268653,0.014141538687608979
2015-02-27,1.287696,1.355473,-0.440532,-1.337345,-1.337343,0.420197,0.074552,-2.053541,-3.790239,-4.447305,-4.615385,-1.0,27.131847,26.1034852,1.2050304606763083,23.693424278647385,28.51354612135262,26.47380841024815,0.565371044905131,-0.013463655147743303
2015-03-02,-2.749255,0.397476,-2.815505,2.304307,2.304299,-1.470682,-1.927787,-3.608255,-5.324606,-6.337193,-6.456881,1.0,27.757046,26.2790928,1.1754732820402995,23.928146235919403,28.6300393640806,26.59602151403404,0.5966361727410572,0.02278151390249871
2015-03-03,1.895731,1.963439,-0.236974,-2.153031,-2.153021,0.636421,0.308051,-0.941103,-2.782672,-4.063647,-4.188676,-1.0,27.159431,26.403673250000004,1.1267420963959431,24.150189057208117,28.657157442791892,26.649679560316514,0.5666593791909591,-0.021765365328007408
2015-03-04,0.06819,0.647801,-0.750082,-0.710904,-0.710895,1.247859,0.97169,0.186374,-1.709863,-3.045356,-3.359483,-1.0,26.966356,26.50526835,1.0778385454163768,24.349591259167248,28.660945440832755,26.67983922123875,0.5213136363332929,-0.007134337610254302
2015-03-05,0.580205,0.648468,-0.614328,-0.102288,-0.10229,0.935152,1.071668,0.82821,-1.163826,-2.606147,-3.09443,0.0,26.938772,26.62525155,0.9762226395310613,24.67280627093788,28.577696829062123,26.70449948588268,0.477645015731607,-0.0010234277676748644
2015-03-06,0.622195,1.175251,-0.449364,-1.262795,-1.262801,1.825096,2.129276,1.99562,0.388868,-1.124094,-1.80551,-1.0,26.598589,26.70202235,0.9046647700515607,24.89269280989688,28.51135189010312,26.694412772941472,0.4108513555367672,-0.012708417898821435
2015-03-09,-1.566761,0.306539,-2.0436,1.48635,1.486342,-0.231602,0.541556,0.485924,-0.720366,-2.164847,-3.113077,1.0,26.993935,26.79947995,0.8175302870089817,25.164419375982035,28.43454052401796,26.722938699327997,0.3853756462042064,0.014754041873755806
2015-03-10,1.7097,1.779484,0.0,-2.3842,-2.384191,1.591068,2.658757,2.789018,1.97313,0.48011,-0.666437,-1.0,26.350348,26.87027465,0.7004479603021853,25.46937872939563,28.27117057060437,26.68745387082057,0.30968402611511436,-0.024130729410403978
2015-03-11,1.4862,1.769285,-0.176932,-1.395673,-1.395678,2.271765,3.676577,3.953764,3.552726,2.063697,0.899978,-1.0,25.982582,26.905672,0.6299036040375242,25.64586479192495,28.16547920807505,26.620323216456704,0.2175148533830331,-0.014055091285457101
2015-03-12,-0.672808,1.062326,-0.672808,-0.070771,-0.070774,1.593488,3.158646,3.774792,3.858008,2.355529,1.140232,0.0,25.964193,26.965893549999997,0.4441261517598169,26.077641246480365,27.85414585351963,26.55783462441321,0.14135680804156792,-0.0007079939329488902
2015-03-13,0.286324,1.145308,-1.32427,-1.062319,-1.062321,1.975663,3.70437,4.490578,4.701148,3.551899,2.3121,-1.0,25.68837,26.896018249999997,0.526544455880809,25.842929338238378,27.949107161761617,26.47502846970719,0.058074945645358866,-0.010680036216811921
2015-03-16,-0.70671,0.282686,-0.918721,1.288468,1.288474,-0.07067,1.717319,2.84806,3.169615,2.384455,1.237931,1.0,26.019358,26.84407135,0.5598854080947162,25.724300533810567,27.963842166189433,26.43163128211603,0.018567401652372695,0.012802439155695204
2015-03-17,0.142099,0.461815,-0.710476,-0.530032,-0.530032,0.099465,1.765543,3.04559,3.513322,3.076376,1.93369,-1.0,25.881447,26.790745499999996,0.5988999022187448,25.592945695562506,27.988545304437487,26.37923277905736,-0.023598843945009662,-0.005314419480988896
2015-03-18,-0.959151,0.674956,-1.527535,0.0,0.0,0.021313,1.346359,2.728242,3.275311,3.17016,2.055655,0.0,25.881447,26.7291448,0.626675703426087,25.475793393147825,27.982496206852176,26.331824609623325,-0.05636614355612224,0.0
2015-03-19,-0.566171,0.990803,-0.813868,0.390764,0.390763,-0.353857,0.583865,1.939138,2.687545,2.956831,1.843597,0.0,25.982582,26.6808757,0.6458206676203401,25.38923436475932,27.97251703524068,26.29856340870682,-0.07332843078925677,0.0039000104750545684
2015-03-20,0.035162,0.632911,-0.421944,0.636946,0.636946,-0.632914,-0.225038,1.04313,1.831925,2.161742,1.337316,1.0,26.148077,26.627090199999998,0.6430137321376856,25.341062735724627,27.91311766427537,26.28423136978236,-0.07258044009397224,0.006349260076214155
2015-03-23,0.1056,0.985572,-0.175991,-0.105489,-0.105492,-0.450542,-0.454062,0.732142,1.724749,2.126016,1.581607,0.0,26.120493,26.57100605,0.6354140000899885,25.300178049820023,27.84183405017998,26.2686372393269,-0.07336771302394851,-0.0010554718662004556
2015-03-24,1.035718,2.035714,-0.035714,-1.443154,-1.443154,0.900003,0.76786,1.840481,2.923219,3.43429,3.173814,-1.0,25.743534,26.49607395,0.6404444418254388,25.21518506634912,27.776962833650877,26.218627407010054,-0.10321922642465253,-0.014536689874799627
2015-03-25,1.675168,2.29425,0.0,-1.928575,-1.928574,2.38165,2.458126,3.389178,4.577574,5.172621,5.199084,-1.0,25.247051,26.40275345,0.6804769930737395,25.04179946385252,27.763707436147477,26.126096320628143,-0.16503635827506358,-0.01947413195960336
2015-03-26,0.369144,0.812104,-1.734954,-1.347411,-1.347409,2.916203,3.433,4.257413,5.48542,6.281285,6.655593,-1.0,24.90687,26.2731164,0.7069722446829436,24.85917191063411,27.68706088936589,26.00997952818737,-0.23872477373307888,-0.013565687790717955
2015-03-27,-0.221154,0.294877,-0.700324,0.147652,0.147646,1.798752,2.981947,3.661393,4.891275,5.758949,6.212077,0.0,24.943644,26.16370625,0.7358150633217898,24.692076123356422,27.63533637664358,25.908423763598098,-0.29080381406362577,0.0014753712136472065
2015-03-30,-1.555157,0.361664,-1.555157,1.916701,1.916697,-0.665456,0.810135,1.299587,2.459324,3.483555,4.000011,1.0,25.421738,26.04694085,0.6499455237555878,24.747049802488824,27.346831897511173,25.862072738493517,-0.29015392470364176,0.018985594540861978
2015-03-31,-0.69016,0.581184,-0.9081,-0.433993,0.327999,-1.17716,0.33301,0.747482,1.800048,2.872816,3.471438,0.0,25.505121,25.964225350000003,0.6045986850948761,24.75502797981025,27.173422720189755,25.828077334827466,-0.27968651936799915,0.0032746207462205005
2015-04-01,0.22018,1.431189,-0.550459,-1.017076,-1.017078,-0.162786,1.112143,1.588106,2.505294,3.633933,4.288028,-1.0,25.245714,25.87819325,0.5762498592830901,24.72569353143382,27.03069296856618,25.772614160081993,-0.28899168590710644,-0.010222856792236336
2015-04-02,0.331736,1.363808,0.0,-0.440371,-0.44036,0.459964,1.221969,1.817382,2.599768,3.715928,4.508807,0.0,25.134542,25.78798175,0.541666128872267,24.704649492255466,26.871314007744534,25.71184538293133,-0.30185712765818096,-0.004413323364028967
2015-04-06,-0.95518,0.367381,-1.396029,0.331736,0.331727,0.345338,0.518452,1.356374,1.986795,3.06943,3.898132,0.0,25.21792,25.7189483,0.5204863944257666,24.677975511148468,26.759921088851534,25.6648048702712,-0.30184568597986683,0.0033117775336021396
2015-04-07,-0.693677,0.620664,-0.949252,0.624541,0.624548,-0.313985,-0.399059,0.558107,1.034877,2.054285,3.008047,1.0,25.375418,25.63802245,0.4297280515041275,24.778566346991745,26.497478553008257,25.637244215959658,-0.28583294180477736,0.0062260572238951855
2015-04-08,-0.65335,0.399278,-0.65335,0.584155,0.584152,-0.878403,-1.06365,-0.119349,0.28616,1.205239,2.185382,1.0,25.523649,25.5966875,0.3960435782636218,24.804600343472757,26.388774656527247,25.626425623963502,-0.25820529389774194,0.005824524015819098
2015-04-09,-0.144767,0.398122,-0.76004,0.290381,0.290382,-0.890336,-1.213102,-0.482427,-0.079375,0.698348,1.69214,0.0,25.597765,25.577446650000002,0.38551689098736924,24.806412868025262,26.348480431974743,25.623696040728884,-0.22770480287203299,0.002899608838243301
2015-04-10,-1.640517,0.14265,-1.711847,1.483902,1.483911,-1.690456,-2.245397,-1.938861,-1.537845,-0.922075,0.009888,1.0,25.977613,25.578117650000003,0.38623646664138245,24.80564471671724,26.350590583282766,25.657402417802324,-0.17091221528354694,0.01473008566666172
2015-04-13,0.03574,1.072198,-0.142956,-0.213984,-0.213996,-0.93638,-1.658327,-1.786701,-1.28162,-0.813998,0.068792,0.0,25.922022,25.58980025,0.3932173975860098,24.80336545482798,26.37623504517202,25.682604282773532,-0.12890349036055682,-0.0021422509526332857
2015-04-14,0.683211,0.898957,-0.467454,-0.60758,-0.607584,-0.028758,-0.92412,-1.278434,-0.727611,-0.398545,0.422724,-1.0,25.764524,25.57705855,0.38254961999260034,24.8119593100148,26.3421577899852,25.690406160604624,-0.10708562906351204,-0.006094370766186944
2015-04-15,-0.530973,0.60177,-0.991154,1.582168,1.582187,-1.090276,-2.212402,-2.706882,-2.218282,-1.977113,-1.267144,1.0,26.172167,25.59159455,0.39985628051122574,24.791881988977547,26.391307111022453,25.736288145308944,-0.056252984126356154,0.01569801091759916
2015-04-16,-1.433563,0.139857,-1.748252,1.238938,1.238915,-1.622367,-2.937054,-3.583162,-3.298842,-3.099102,-2.534511,1.0,26.496418,25.622343100000002,0.444474700160822,24.73339369967836,26.511292500321645,25.80868146480333,0.010080398478265806,0.012313036192412091
2015-04-17,1.217765,1.719198,-0.071633,-2.377622,-2.377597,0.687664,-0.29013,-0.987613,-0.966132,-0.754194,-0.298924,-1.0,25.86644,25.616535999999996,0.4402591465254002,24.736017706949195,26.497054293050798,25.8141822776792,0.011681465778433875,-0.02406317844852228
2015-04-20,-1.123596,0.526682,-1.123596,2.005731,2.005719,-0.941013,-1.808289,-2.570229,-2.868472,-2.599998,-2.286279,1.0,26.385248,25.628394549999996,0.45816016539766774,24.71207421920466,26.544714880795333,25.8685694893288,0.054189134281092066,0.01985869049728099
2015-04-21,0.104559,0.80167,-0.10457,0.737363,0.737351,-1.052624,-2.073888,-2.992909,-3.493029,-3.228581,-3.053435,1.0,26.5798,25.6513599,0.4942174732140741,24.66292495357185,26.63979484642815,25.93630572844034,0.10239514083695056,0.007346462708961178
2015-04-22,0.1747,0.59399,-0.698815,-0.243987,-0.243967,-0.552073,-1.46053,-2.501762,-3.111539,-2.896343,-2.795645,0.0,26.514954,25.6899309,0.5305563896711071,24.628818120657787,26.751043679342214,25.9914150876365,0.1338235831147614,-0.0024426530817813017
2015-04-23,-0.97629,0.488145,-1.673637,0.20964,0.209636,-0.704324,-1.300563,-2.373322,-3.065176,-2.995744,-2.925234,0.0,26.570539,25.7561053,0.5544109517720166,24.64728339645597,26.864927203544035,26.046569745956834,0.1613560825276963,0.0020941698823149293
2015-04-24,1.283834,1.596117,-0.520472,0.488145,0.488135,-0.562104,-1.509364,-2.456624,-3.200216,-3.359442,-3.304898,0.0,26.700239,25.84577375,0.5548559697250892,24.73606181054982,26.955485689450178,26.10882396062761,0.19143475206742977,0.004869471074155506
2015-04-27,-0.034614,0.484604,-0.623053,0.242883,0.242897,-0.519214,-1.433026,-2.307609,-3.094504,-3.501398,-3.405102,0.0,26.765093,25.936846199999998,0.5484362348511883,24.839973730297622,27.033718669702374,26.17132577390117,0.2179926070963667,0.0024260218493966598
2015-04-28,-1.773537,0.034106,-1.909959,1.488408,1.488398,-1.548426,-2.363571,-3.3015,-4.195089,-4.763032,-4.681336,1.0,27.163464,26.0239325,0.5983502788093344,24.82723194238133,27.22063305761867,26.265815128767727,0.2680946803287654,0.014774296532234287
2015-04-29,0.034423,0.688472,-0.516348,-0.920877,-0.920877,-0.337344,-1.180717,-2.058515,-3.043026,-3.704006,-3.667608,-1.0,26.913322,26.09434255,0.6166605683343688,24.86102141333126,27.32766368666874,26.32748244983747,0.2843388837976981,-0.009251429406818005
2015-04-30,0.069372,0.659036,-0.520291,-0.757312,-0.757309,0.527227,-0.34686,-1.033646,-2.029139,-2.750166,-2.829166,-1.0,26.709505,26.1675321,0.5971976263596179,24.973136847280763,27.361927352719235,26.363865549852946,0.2775665886944658,-0.007601911086547543
2015-05-01,-1.098524,0.240309,-1.201504,1.040579,1.040577,-0.295225,-0.957771,-1.803406,-2.694813,-3.443328,-3.705776,1.0,26.987438,26.260176899999998,0.5716905241418293,25.11679585171634,27.403557948283655,26.423253402247905,0.29126880092191243,0.01035200391312977
2015-05-04,-0.308536,0.651358,-0.342818,0.137319,0.137323,-0.239977,-0.857048,-1.666098,-2.494005,-3.267746,-3.729727,0.0,27.024498,26.350505799999997,0.5401984112722888,25.27010897745542,27.430902622544576,26.480514792510007,0.3016412030839035,0.001372289481194889
2015-05-05,0.969197,1.10765,-0.173067,-0.959894,-0.959888,0.429209,0.173067,-0.463832,-1.289379,-2.129463,-2.716405,-1.0,26.765093,26.419989550000004,0.49571843906197144,25.428552671876062,27.411426428123946,26.507617478937625,0.2856369460531667,-0.009645249433193573
2015-05-06,-0.241626,0.379707,-0.96651,0.276912,0.276898,0.09666,0.017268,-0.572997,-1.316871,-2.20089,-2.848959,0.0,26.839205,26.485767350000003,0.45623052103666106,25.573306307926682,27.398228392073324,26.539197242848328,0.2757549447207879,0.0027651531682079495
2015-05-07,0.624787,1.076022,-0.242968,-0.552295,-0.552289,0.638668,0.617843,0.027772,-0.564038,-1.441165,-2.129098,-1.0,26.690975,26.540427849999997,0.4070811427577565,25.726265564484486,27.354590135515508,26.553652267338965,0.2530455141074377,-0.005538198409617068
2015-05-08,-0.821074,0.478963,-0.821074,1.457831,1.45783,-0.738967,-0.68765,-1.110731,-1.789258,-2.569964,-3.267884,1.0,27.080084,26.595551399999998,0.401463255744761,25.792624888510478,27.39847791148952,26.603788622830493,0.26340954979090725,0.014473056674509403
2015-05-11,0.992814,1.985628,-0.034228,-0.068426,-0.068419,-0.643619,-0.510104,-0.876415,-1.511472,-2.230747,-2.940779,0.0,27.061556,26.6525281,0.38119436375751625,25.89013937248497,27.414916827515032,26.647385515894257,0.26704968544273555,-0.0006844270222798009
2015-05-12,-0.547383,0.718443,-1.471095,0.068473,0.068466,-0.478962,-0.608964,-0.821074,-1.335956,-2.045844,-2.803058,0.0,27.080084,26.7183061,0.3299594533764656,26.058387193247068,27.37822500675293,26.688594895332898,0.2683363594099184,0.0006844270222797396
2015-05-13,-0.715506,0.408855,-0.749578,0.410537,0.410534,-0.626914,-0.913115,-1.060758,-1.551956,-2.20102,-2.993752,0.0,27.191257,26.769260600000003,0.3197103123334259,26.12983997533315,27.408681224666854,26.736467476729764,0.2751549745191362,0.0040969378479982395
2015-05-14,0.826169,2.099831,-0.275387,-1.02215,-1.022148,0.564548,0.18589,0.045902,-0.457826,-0.99552,-1.785424,-1.0,26.913322,26.7901058,0.31453383616567226,26.161038127668654,27.419173472331344,26.753310764660263,0.2551900721173084,-0.010274082155682334
2015-05-15,-1.049066,0.913709,-1.319794,1.72117,1.721166,-0.920468,-1.367167,-1.482226,-1.86632,-2.46632,-3.174274,1.0,27.376545,26.865611050000002,0.2571535193148753,26.351304011370253,27.37991808862975,26.81266640612119,0.2735921677042832,0.017065219248429523
2015-05-18,-1.142473,0.47043,-1.142473,0.710663,0.71067,-1.250004,-1.864923,-1.98253,-2.343752,-2.915325,-3.573031,1.0,27.571102,26.92490375,0.276547041081265,26.371809667837468,27.47799783216253,26.884898367442982,0.30041212102508297,0.007081570319594157
2015-05-19,0.437125,0.537996,-0.369876,-0.067204,-0.067208,-0.84062,-1.513114,-1.822461,-2.101545,-2.590449,-3.244787,0.0,27.552572,26.973542350000002,0.29741373081600647,26.37871488836799,27.568369811632014,26.948486332448415,0.3165232283730042,-0.000672306446698534
2015-05-20,0.607691,0.776499,-0.303849,-0.403494,-0.403487,-0.256593,-0.894674,-1.29643,-1.536133,-2.010811,-2.61986,0.0,27.441401,27.0198647,0.2943607576922219,26.431143184615557,27.60858621538444,26.995430586500945,0.31667044662709287,-0.00404303036750107
2015-05-21,0.611624,1.155284,0.0,-0.641462,-0.641461,0.645595,-0.044178,-0.523281,-0.773026,-1.26538,-1.787297,-1.0,27.265375,27.0546065,0.2791489629772695,26.49630857404546,27.612904425954536,27.02113957826276,0.29913504843155536,-0.006435276225261414
2015-05-22,0.444289,0.649354,0.0,-0.577642,-0.577637,1.032121,0.546813,0.084293,-0.121335,-0.508553,-1.077704,-1.0,27.10788,27.07498855,0.2665088039028027,26.541970942194396,27.608006157805605,27.029400570809162,0.26942383846717277,-0.005793121653804209
2015-05-26,0.829016,1.036266,-0.69085,-1.059463,-1.059474,1.554407,1.533677,1.105352,0.958547,0.62176,0.093262,-1.0,26.820679,27.077767849999997,0.2633784063540065,26.551011037291985,27.60452466270801,27.009522325970195,0.2201648467461652,-0.0106512660658438
2015-05-27,-0.852951,0.58001,-0.98942,1.243516,1.243529,0.013646,0.31388,-0.040949,-0.283187,-0.529519,-0.965548,1.0,27.154202,27.077304750000003,0.2632278954249528,26.5508489591501,27.60376054084991,27.023301342544464,0.20566844187361966,0.012358609741026429
2015-05-28,-0.034072,0.715499,-0.647359,0.136476,0.136461,-0.306637,0.177176,-0.090854,-0.367969,-0.565584,-0.975579,0.0,27.191257,27.0912015,0.26144557181767863,26.568310356364645,27.614092643635356,27.039297119444992,0.19492301421708547,0.0013636836057411424
2015-05-29,0.034121,0.955309,-0.40941,-0.13629,-0.136275,-0.252477,0.402588,0.159211,-0.150126,-0.343917,-0.759702,0.0,27.154202,27.11343635,0.24571175102417075,26.62201284795166,27.604859852048342,27.050240441402615,0.18132693255778776,-0.0013636836057411845
2015-06-01,1.439342,1.507886,-0.445514,-0.443531,-0.443541,0.137082,0.7231,0.594014,0.303289,0.149417,-0.173636,0.0,27.033762,27.115752550000003,0.24467767728093948,26.626397195438123,27.605107904561883,27.048671066030938,0.15900057874998197,-0.004445274907511807
2015-06-02,0.034388,0.65337,-0.447039,-0.3427,-0.342712,0.57085,0.835639,0.910144,0.632748,0.519955,0.238433,0.0,26.941114,27.11158335,0.24701371527123964,26.61755591945752,27.60561078054248,27.038427535932755,0.1323057251541222,-0.0034330080162570066
2015-06-03,0.412509,0.721894,-0.137508,0.034388,0.034416,0.384997,0.577505,0.843344,0.632503,0.453747,0.249783,0.0,26.950386,27.120848000000002,0.2365889265684438,26.647670146863113,27.59402585313689,27.030042627748685,0.11062284299037017,0.00034409879448493675
2015-06-04,1.013628,1.712684,-0.24467,-1.650048,-1.650077,1.551915,1.91193,2.36282,2.257961,2.077604,1.930569,-1.0,26.505684,27.10417195,0.2672525159052789,26.569666918189444,27.63867698181056,26.980103710820238,0.05689936730092526,-0.016638419514071176
2015-06-05,-0.104972,0.45486,-0.314906,-0.104862,-0.104853,1.147658,1.721488,2.360629,2.325056,2.149758,2.025895,0.0,26.477892,27.0935178,0.28803132833395084,26.5174551433321,27.6695804566679,26.932274024075454,0.011942873614884775,-0.0010490799091746595
2015-06-08,1.379063,1.485148,-0.176807,-1.049682,-1.049679,1.584155,2.454029,3.1471,3.242572,3.113152,3.044552,-1.0,26.199959,27.04951155,0.35062461087160085,26.348262328256798,27.7507607717432,26.862529736068268,-0.04558684506921651,-0.010552274768896317
2015-06-09,0.106232,0.637394,-0.814448,-0.141446,-0.141443,1.133144,2.347732,2.934372,3.217066,3.127476,3.113784,0.0,26.162901,27.0045788,0.40271244118200655,26.19915391763599,27.810003682364012,26.79589842787129,-0.09309667201466354,-0.001415430944259699
2015-06-10,-0.662948,0.872296,-1.360782,1.487252,1.48724,-0.648981,0.621084,1.174703,1.605035,1.584099,1.525946,1.0,26.552006,26.978174900000006,0.41463659934055325,26.1489017013189,27.807448098681114,26.772670577597832,-0.09821882506862067,0.014762885453255358
2015-06-11,-0.381154,1.247394,-0.381154,0.69784,0.697842,-1.164239,-0.246011,0.297996,0.816013,0.86487,0.80042,1.0,26.737297,26.9554769,0.4147834487656931,26.125910002468615,27.785043797531387,26.769301665445656,-0.08633155666282022,0.006954181657510268
2015-06-12,0.420459,0.455498,-0.805893,-1.108801,-1.108792,-0.084098,0.602658,1.214666,1.857039,1.957949,1.896748,-1.0,26.440836,26.931852600000003,0.4304695690313261,26.07091346193735,27.792791738062654,26.738019221117497,-0.09968364487294323,-0.01114984880375788
2015-06-15,-0.877809,0.140449,-1.299154,-0.210235,-0.210235,0.266852,0.568819,1.245318,1.883779,2.067416,2.035346,0.0,26.385248,26.88228775,0.4336302522942834,26.01502724541143,27.749548254588568,26.704421961963448,-0.1134430570618079,-0.002104567149726405
2015-06-16,-1.253915,0.278656,-1.497729,0.807581,0.807572,-0.208979,-0.365716,0.378509,0.884721,1.180088,1.16453,1.0,26.598328,26.83364905,0.40597655650843606,26.021695936983125,27.64560216301687,26.694317775109788,-0.10593259017773704,0.008043290575851143
2015-06-17,-0.311096,0.380232,-0.933287,0.766287,0.766285,-0.78119,-1.178701,-0.472396,-0.022458,0.369176,0.399825,1.0,26.802147,26.7961278,0.36903199200502695,26.058063815989946,27.534191784010055,26.70458722509933,-0.08258204671952996,0.007633639579116228
2015-06-18,-1.232451,0.479291,-1.335156,0.96785,0.967866,-1.492645,-1.920581,-1.458409,-1.051013,-0.612123,-0.535208,1.0,27.061556,26.777135550000004,0.34292611808687473,26.091283313826256,27.462987786173752,26.738584251280347,-0.0426527600019071,0.009632126688900363
2015-06-19,0.723386,0.998963,-0.310024,-0.61622,-0.616232,-0.544267,-1.157424,-0.911701,-0.506371,0.001379,0.106787,-1.0,26.894794,26.758606500000003,0.3246834379983867,26.10923962400323,27.407973375996775,26.753461370206026,-0.024186011035091326,-0.0061813866575957934
2015-06-22,0.552865,0.967512,-0.414654,-0.310024,-0.310019,0.082924,-0.621982,-0.658839,-0.25225,0.228055,0.3847,0.0,26.811415,26.74378325,0.3145062586907454,26.11477073261851,27.37279576738149,26.758980763519737,-0.016093452602000013,-0.003105006610633334
2015-06-23,0.729416,0.868357,-0.590483,-0.518314,-0.518317,0.65995,0.086833,-0.208407,0.239665,0.615491,0.859094,-1.0,26.672447,26.736371650000002,0.3143453361028078,26.107680977794388,27.365062322205617,26.750739452708334,-0.02065549425582347,-0.0051966446528152665
2015-06-24,0.982115,1.192564,-0.070151,-0.972563,-0.972558,1.35391,1.017183,0.63603,1.083827,1.431075,1.76546,-1.0,26.413042,26.69931365,0.3060736727764273,26.087166304447145,27.311460995552856,26.718577790545638,-0.04468762952015126,-0.00977318169770147
2015-06-25,0.563377,0.880282,-0.070426,-0.38583,-0.385832,1.176057,1.246478,0.976525,1.308098,1.652113,2.048122,0.0,26.311132,26.655307399999998,0.29467971044191216,26.065947979116174,27.244666820883822,26.679773429541292,-0.07113653743926207,-0.0038657837262390977
2015-06-26,0.742571,0.742571,-0.954742,-0.422532,-0.422532,1.074964,1.584154,1.334272,1.555866,1.920789,2.390379,0.0,26.199959,26.607595249999996,0.28679755022603387,26.03400014954793,27.181190350452063,26.634076817204026,-0.09991644492643914,-0.0042342737119044314
2015-06-29,1.633983,2.069717,-0.145247,-2.61669,-2.616683,2.77414,3.972393,3.877985,3.986917,4.409576,4.89832,-1.0,25.514389,26.5316266,0.3598874789119609,25.811851642176077,27.25140155782392,26.527439882232215,-0.17601550127762877,-0.02651527834914326
2015-06-30,1.347418,1.347418,-0.473412,-0.290494,-0.290503,2.104888,3.820109,3.991265,3.994908,4.496729,4.924746,0.0,25.440269,26.456584349999996,0.42125224639053305,25.61407985721893,27.299088842781064,26.4238997982101,-0.23954410096841983,-0.0029092552157980924
2015-07-01,0.255941,0.548446,-1.023766,-0.400579,0.366973,1.042732,2.943707,3.345149,3.33724,3.860783,4.277542,0.0,25.533628,26.38574645,0.4518537164094023,25.482039017181194,27.289453882818805,26.339112007904376,-0.27913993148435523,0.0036630161664298164
2015-07-02,0.146363,0.878156,-0.146356,-0.073126,-0.073127,0.49259,2.412887,3.101398,3.218716,3.673994,4.102177,0.0,25.514956,26.33621005,0.4906535777081754,25.35490289458365,27.317517205416348,26.26062095953253,-0.3084707282534289,-0.0007315384431697119
2015-07-06,-0.808226,0.146954,-1.212344,-0.402492,-0.402478,0.278752,2.24335,3.248199,3.426159,3.818756,4.279785,0.0,25.412264,26.282928649999995,0.5306848658337371,25.22155891833252,27.34429838166747,26.179825058624672,-0.33612731571348675,-0.004032897895629342
2015-07-07,-0.511703,0.328947,-1.717844,0.514335,0.514338,-0.212003,1.223572,2.500038,2.768316,3.054053,3.54196,0.0,25.542969,26.250079149999998,0.555829235300332,25.138420679399335,27.36173762060066,26.119172100660418,-0.34353846183503123,0.005130200726122618
2015-07-08,0.333457,0.629863,-0.555761,-1.352343,-1.352345,0.963314,2.025891,3.53458,3.985592,4.190019,4.746678,-1.0,25.19754,26.201811100000004,0.6036563669098753,24.994498366180252,27.409123833819756,26.031397614883236,-0.37298553686661506,-0.013615722164433465
2015-07-09,1.746559,2.006693,-0.037161,-0.296406,-0.29641,0.936455,1.815653,3.396757,4.010299,4.208791,4.788558,0.0,25.122852,26.1303534,0.6433060739405312,24.84374125211894,27.416965547881063,25.94486946108483,-0.39776407671338987,-0.002968500517478003
2015-07-10,-0.036661,0.293255,-0.879765,1.374957,1.374951,-0.469204,0.103782,1.577322,2.350467,2.632472,3.141801,1.0,25.468279,26.066902500000005,0.642874017041117,24.78115446591777,27.35265053408224,25.899479893362464,-0.3850891084826493,0.013655846831368878
2015-07-13,-1.079529,0.035977,-1.331418,1.869501,1.869506,-1.88557,-1.831818,-0.531033,0.376463,0.666714,1.093513,1.0,25.94441,26.042081200000002,0.6372353628392805,24.76761047432144,27.316551925678564,25.903758951137466,-0.33278813783482875,0.018522455130124967
2015-07-14,-0.570817,0.035676,-1.17731,0.86362,0.863623,-2.247596,-2.422412,-1.54651,-0.524408,-0.200037,0.1177,1.0,26.168472,26.031242400000004,0.6329201677188083,24.765402064562387,27.29708273543762,25.928969717695804,-0.27014524473086965,0.008599155222150183
2015-07-15,-0.889363,0.462465,-1.067243,0.285408,0.285397,-1.728916,-2.394161,-1.935749,-0.87517,-0.47182,-0.255872,0.0,26.243156,26.0134838,0.6210426196942523,24.771398560611495,27.255569039388504,25.958892220772395,-0.21202977868382789,0.0028499038628722905
2015-07-16,-0.282486,0.353107,-0.388422,0.747062,0.747063,-1.461858,-2.775417,-2.65632,-1.67884,-1.22691,-1.059945,1.0,26.439209,25.9953369,0.6017890379328126,24.791758824134376,27.198914975865627,26.004636675936926,-0.14844186906082868,0.007442866509483585
2015-07-17,0.319375,0.461317,-0.745213,-0.49435,-0.494338,-0.333575,-1.990778,-2.173387,-1.333505,-0.801405,-0.5934,0.0,26.30851,25.9576846,0.5531608305575345,24.851362938884932,27.06400626111507,26.03357699251436,-0.1073567675720355,-0.004955636753849106
2015-07-20,0.356753,0.463785,-0.535148,-0.532289,-0.532292,0.371026,-1.177314,-1.6579,-0.944279,-0.312186,-0.100849,-1.0,26.168472,25.9213685,0.5106049715698524,24.900158556860294,26.942578443139706,26.046424136084422,-0.08511526905434863,-0.005337133618506703
2015-07-21,0.431031,1.472701,-0.179594,-0.677849,-0.67785,0.919539,-0.33046,-0.864466,-0.426057,0.307499,0.554152,-1.0,25.991089,25.880352199999997,0.46637813557407004,24.947595928851857,26.813108471148137,26.041154123124,-0.08086982982762336,-0.006801578864237194
2015-07-22,1.089717,1.925165,-0.326916,-1.113502,-1.113512,1.634586,0.988019,0.319656,0.506343,1.297465,1.626625,-1.0,25.701675,25.831813600000004,0.42858728751089537,24.974639024978213,26.688988175021795,26.00882277806457,-0.0997091941961159,-0.011197583631992063
2015-07-23,-1.106744,0.856837,-1.535166,1.743549,1.743548,-0.328445,-0.349866,-1.242404,-1.266338,-0.538225,-0.166189,1.0,26.149796,25.8186513,0.41357718227171364,24.99149693545657,26.645805664543428,26.02224879920128,-0.07758554868201628,0.017285224458629032
2015-07-24,0.17606,1.302817,-0.070426,1.39236,1.392374,-1.542258,-1.323948,-2.347421,-2.583963,-1.986709,-1.565246,1.0,26.513899,25.828789649999997,0.4285011840485231,24.97178728190295,26.685792018097043,26.069072627848776,-0.030322788821319335,0.013827696727837346
2015-07-27,0.354484,1.240695,-0.07089,-0.669018,-0.669023,-0.751505,-0.510454,-1.455744,-1.901913,-1.411353,-0.915463,-1.0,26.336515,25.83561745,0.4357533100689653,24.96411082986207,26.707124070137933,26.09454332995842,-0.007098292761554603,-0.0067127067758753845
2015-07-28,0.460833,0.496281,-1.27614,0.0,0.0,-0.489188,-0.446648,-1.25487,-1.745832,-1.483481,-0.921631,0.0,26.336515,25.876723750000004,0.44257940578041294,24.99156493843918,26.761882561560828,26.117588250914757,0.011178429709904236,0.0
2015-07-29,-0.704222,0.422535,-1.338028,0.673524,0.673529,-0.54226,-1.010568,-1.584512,-2.200709,-2.166498,-1.595102,1.0,26.513899,25.93040525,0.4518686091965876,25.026668031606825,26.834142468393175,26.155332131780018,0.03952070025352583,0.006712706775875399
2015-07-30,-0.282686,0.565371,-0.35335,-0.352116,-0.352121,0.014137,-0.667841,-0.909302,-1.687275,-1.819654,-1.295519,0.0,26.420538,25.97475075,0.454393002787808,25.06596474442438,26.883536755575616,26.180589833515256,0.05382820338310523,-0.003527423813173523
2015-07-31,-0.105563,0.492607,-0.914849,0.424032,0.424041,-0.394097,-1.002824,-1.060295,-1.910634,-2.200837,-1.778757,0.0,26.532572,26.025631549999996,0.45716306185217614,25.111305426295644,26.93995767370435,26.214111944609044,0.07336154397313877,0.0042314480552864756
2015-08-03,0.176301,0.810998,-0.881523,-0.211115,-0.211125,-0.077575,-0.677013,-0.716975,-1.502117,-1.952134,-1.623603,0.0,26.476555,26.0788461,0.443754298840669,25.19133750231866,26.96635469768134,26.239106521312948,0.08336082171207693,-0.002113485885232353
2015-08-04,0.677838,1.534063,-0.499472,-1.163611,-1.163607,0.970386,0.560108,0.45189,-0.222981,-0.69783,-0.54731,-1.0,26.168472,26.110121250000002,0.42567256458381214,25.25877612083238,26.961466379167625,26.23237942404505,0.06566861114615108,-0.01170429704711777
2015-08-05,-0.565967,1.167315,-0.601344,0.856222,0.856214,0.021231,-0.031831,-0.363159,-0.843645,-1.396528,-1.426961,1.0,26.39253,26.16987075,0.37122100253706186,25.427428744925876,26.912312755074126,26.247631859850284,0.06893240502018116,0.00852568819675018
2015-08-06,0.567182,1.630631,-0.744413,-0.212243,-0.212238,0.170158,0.251689,-0.177238,-0.402335,-1.064866,-1.226993,0.0,26.336515,26.2305539,0.2787348080444384,25.673084283911123,26.788023516088877,26.256096920816923,0.06623552096114338,-0.0021246362823884447
2015-08-07,0.071048,0.284192,-0.888099,-0.212687,-0.212693,0.191835,0.376561,0.028426,-0.035517,-0.73747,-1.020347,0.0,26.280499,26.271164900000002,0.21332150118884793,25.844521897622307,26.697807902377697,26.258420928358166,0.05889924403783908,-0.0021291980256539743
2015-08-10,-0.38475,0.384753,-1.119272,1.563055,1.563064,-1.18923,-1.035329,-1.380439,-1.43407,-2.073454,-2.482293,1.0,26.69128,26.3085084,0.21842165730878302,25.871665085382435,26.745351714617566,26.299645601847864,0.08524908697214073,0.015509739043617547
2015-08-11,0.785153,1.320482,-0.606709,-1.993704,-1.993722,0.813715,0.91008,0.668585,0.569252,0.012864,-0.416354,-1.0,26.15913,26.308041299999996,0.21874663746735248,25.87054802506529,26.7455345749347,26.28626316357664,0.06247133899221069,-0.02013865114795898
2015-08-12,-0.358427,0.716846,-1.756272,-0.428266,-0.428248,0.982073,1.164872,1.189962,0.964156,0.573475,0.089604,0.0,26.047104,26.298238700000002,0.22607731440723836,25.846084071185526,26.75039332881448,26.263486100378863,0.03497705394819306,-0.004291677961135881
2015-08-13,0.278746,1.776996,-0.034843,2.867387,2.86739,-1.491299,-1.515687,-1.47039,-1.783979,-1.980495,-2.543561,1.0,26.793976,26.315977049999997,0.25033640036610727,25.815304249267783,26.81664985073221,26.31400894796183,0.07261688129036514,0.0282704949373641
2015-08-14,-0.861178,0.068887,-0.964523,1.149826,1.149818,-2.004823,-2.425078,-2.445746,-2.754047,-2.853599,-3.456194,1.0,27.102058,26.355654450000003,0.3058275688339601,25.743999312332082,26.967309587667923,26.389061238632134,0.12585557358078248,0.011432579830226254
2015-08-17,-0.62435,0.485602,-1.109955,-0.688946,-0.688948,-1.158513,-1.585151,-1.625617,-1.940682,-2.035375,-2.600295,-1.0,26.915339,26.3929978,0.32665759841599123,25.739682603168017,27.046312996831983,26.43918293019098,0.15123758522049968,-0.006913318820960952
2015-08-18,1.628315,1.663713,-0.247788,-2.011793,-2.01179,1.03363,0.513273,0.403541,0.145133,0.007081,-0.495573,-1.0,26.373859,26.412136299999997,0.3127895300406656,25.786557239918665,27.03771536008133,26.432961603506122,0.1262052856764555,-0.0203230169437812
2015-08-19,1.07914,1.582737,-0.28777,-1.592924,-1.592926,2.597128,1.971227,1.884898,1.814754,1.581302,1.212237,-1.0,25.953743,26.424739699999996,0.2866412352175805,25.851457229564836,26.998022170435156,26.387321736505537,0.07164132123965317,-0.01605749206548733
2015-08-20,1.923069,2.625736,0.0,-2.733806,-2.733795,4.252946,4.404572,4.437857,4.497029,4.247029,4.072966,-1.0,25.244221,26.37946095,0.3864908125593478,25.606479324881303,27.152442575118695,26.278454999695484,-0.028524694444335807,-0.027718579892256432
2015-08-21,1.548923,3.286744,0.0,-2.107995,-2.107995,4.563653,6.018129,6.195688,6.382693,6.233467,6.212059,-1.0,24.712074,26.289369699999998,0.5349817901905484,25.219406119618903,27.359333280381094,26.12927585686734,-0.14912774725151223,-0.021305308130812158
2015-08-24,-1.190957,3.533144,-8.574831,-4.835656,-4.835669,6.986902,10.055578,10.752945,11.188965,11.180628,11.265054,-1.0,23.51708,26.148397950000003,0.8183362973717823,24.511725355256438,27.78507054474357,25.88049529907045,-0.3372450137272054,-0.04956498444504264
2015-08-25,5.361495,5.564577,-0.081239,-2.262803,-2.262798,6.515027,11.222581,12.393713,13.034115,13.231515,13.379362,-1.0,22.984936,25.980819000000004,1.0793336397314321,23.82215172053714,28.13948627946287,25.60472774677803,-0.523237322063121,-0.02288792083366522
2015-08-26,-1.557629,0.233645,-3.777262,4.305438,4.305424,0.467305,5.767149,7.082049,7.8388,8.269485,8.383971,1.0,23.974535,25.853850800000004,1.1596924215019797,23.534465956996044,28.173235643003963,25.44947129470393,-0.5840526027016502,0.042153180548385585
2015-08-27,-0.649599,0.076427,-2.139851,1.9081,1.908116,-2.078719,2.82002,4.557378,5.412684,5.961022,6.080752,1.0,24.431997,25.75442375,1.19330727541899,23.36780919916202,28.14103830083798,25.352568980922605,-0.5885513370742679,0.01890140030840949
2015-08-28,-0.346154,0.192304,-0.692308,-0.649599,-0.649599,-1.800003,2.326921,4.689741,5.636536,6.284613,6.49487,-1.0,24.273287,25.641459499999996,1.222350965093846,23.196757569812306,28.086161430187687,25.24978022083474,-0.5980294755476976,-0.006517180425388571
2015-08-31,0.231847,0.888725,-0.540954,-0.461542,-0.461544,-0.811435,1.661518,4.477077,5.647221,6.417315,6.71175,0.0,24.161255,25.5256945,1.2484576994425716,23.028779101114857,28.022609898885143,25.146111152183813,-0.6075772424365908,-0.004626128179357707
2015-09-01,0.398081,1.990446,-0.437902,-2.936623,-2.936619,2.58757,3.491234,6.868357,8.264322,9.144896,9.579343,-1.0,23.451731,25.38985745,1.3205543796057644,22.74874869078847,28.03096620921153,24.984741613880594,-0.6647339345297532,-0.029806008282634005
2015-09-02,-0.233918,0.038986,-2.222222,2.109869,2.109857,0.444452,0.514628,4.075381,5.516576,6.460826,7.070833,1.0,23.946529,25.267557399999998,1.3359820406900222,22.595593318619954,27.93952148138004,24.88586422208244,-0.6624684376280463,0.020879077623790356
2015-09-03,-0.077224,0.965251,-0.656371,0.974659,0.974659,-0.733585,-0.895747,2.350071,4.05213,5.062555,5.765773,1.0,24.179926,25.15972795,1.3321893368239535,22.495349276352094,27.824106623647907,24.81863201045554,-0.6345254137007466,0.009699398378588514
2015-09-04,-0.39185,0.509404,-0.666144,-1.467181,-1.467172,0.368334,0.207676,2.957154,5.086203,6.17241,6.964469,-1.0,23.825165,25.03696125,1.3365969636635602,22.36376732267288,27.71015517732712,24.72401610469787,-0.6337016950830545,-0.014780409786773275
2015-09-08,-1.216726,0.114072,-1.482886,3.056422,3.05642,-2.288971,-2.342203,-0.73764,1.534223,2.710269,3.550067,1.0,24.553362,24.93006535,1.2816909156406826,22.366683518718634,27.493447181281365,24.707763332821884,-0.5677448705810662,0.030106414859890282
2015-09-09,2.158824,3.045486,-0.231311,-1.368814,-1.368823,-0.300693,-0.478024,0.046265,2.54241,3.813419,4.695456,-1.0,24.21727,24.83297235,1.2569980267455774,22.318976296508843,27.346968403491154,24.661049682076943,-0.5364100266483831,-0.01378277486567231
2015-09-10,-1.370906,0.875857,-1.56131,1.233612,1.233624,-1.051033,-1.46992,-1.563851,0.980576,2.24219,3.148004,1.0,24.51602,24.75641815,1.225388637889162,22.305640874221673,27.207195425778323,24.64723733140295,-0.4819150916396069,0.012260766407991393
2015-09-11,-0.076864,0.614912,-0.807075,-0.913938,-0.913941,-0.046118,-0.618755,-0.917243,1.397002,2.848578,3.807328,-1.0,24.291958,24.631317250000002,1.1304644015139256,22.37038844697215,26.892246053027854,24.61340120460267,-0.4516016115997985,-0.009181432347353755
2015-09-14,1.750969,1.82879,-0.155646,-1.229819,-1.229823,1.33852,0.501945,0.116731,2.011673,3.747859,4.747081,-1.0,23.99321,24.475874850000004,0.9760397886936943,22.523795272612617,26.42795442738739,24.554335375592892,-0.4465370262512316,-0.012374475416757366
2015-09-15,-1.616632,0.384911,-1.616632,1.08949,1.089483,8e-06,-0.542716,-0.75955,0.363751,2.227878,3.312815,1.0,24.254612,24.3428385,0.7895507788203268,22.763736942359344,25.921940057640654,24.52579029220309,-0.4166277240408043,0.010835911214711575
2015-09-16,0.0,0.115075,-0.843882,0.34642,0.346425,-0.24549,-0.521669,-0.73136,-0.400839,1.575763,2.705542,0.0,24.338636,24.24107735,0.6287952127085866,22.983486924582827,25.498667775417175,24.507966073898036,-0.3817438465364411,0.0034582616803437985
2015-09-17,0.309119,1.545603,-0.270479,-0.728811,-0.728804,0.193199,0.297528,0.048946,-0.040569,2.009276,3.151728,-1.0,24.161255,24.15145295,0.4825798155059799,23.18629331898804,25.11661258101196,24.474945971622034,-0.36421286733460434,-0.007314729466125113
2015-09-18,0.117459,0.783081,-1.135478,-1.313748,-1.313736,1.151117,1.49176,1.216375,0.996458,2.872339,4.176437,-1.0,23.84384,24.0814339,0.4121326215386956,23.25716865692261,24.905699143077392,24.414840640991365,-0.3716480503834809,-0.013224414030082347
2015-09-21,-0.352388,1.096316,-0.743935,0.0,0.0,1.025827,1.499592,1.096302,0.814391,2.325746,3.835795,0.0,23.84384,24.0380222,0.3871804331616902,23.26366133367662,24.81238306632338,24.360459627563618,-0.3732380308305103,0.0
2015-09-22,-0.318218,0.278441,-0.676213,-1.566178,-1.566191,1.965004,2.653147,2.508622,2.408515,3.36675,5.030499,-1.0,23.4704,24.035688200000003,0.39061155180820084,23.2544650963836,24.816911303616404,24.275692043986133,-0.40002040262427485,-0.015785850300295244
2015-09-23,-0.23735,0.118663,-1.068042,0.556889,0.556893,0.775315,1.82357,1.983114,1.971906,2.324359,4.087545,1.0,23.601105,24.06649665,0.32157257213194546,23.42335150573611,24.70964179426389,24.211445658844596,-0.40601849559518044,0.005553480217984197
2015-09-24,-1.259347,0.354191,-1.928375,0.514237,0.51423,-0.110183,0.968126,1.398402,1.39709,1.424639,3.22839,0.0,23.722469,24.053893350000003,0.3301905892439087,23.393512171512185,24.71427452848782,24.164876453240346,-0.39640940609266906,0.005129125119309957
2015-09-25,-0.845186,1.037257,-0.883604,2.439988,2.439986,-2.112943,-1.43296,-0.98348,-1.044948,-1.146369,0.427712,1.0,24.301294,24.047358199999998,0.3235397337549459,23.400278732490108,24.694437667509888,24.177868600550788,-0.3381893569828094,0.024106941868868068
2015-09-28,0.66251,1.402962,-0.272798,-1.421441,-1.421439,-0.607948,-0.027276,0.480647,0.315669,0.152769,1.438038,-1.0,23.955866,24.03148715,0.31963551795884465,23.39221611408231,24.67075818591769,24.156725495736428,-0.3162768585977851,-0.01431637915919691
2015-09-29,0.0,1.131049,-0.312012,-0.077946,-0.077939,-0.140406,-0.081902,0.387415,0.347113,0.301091,1.102443,0.0,23.937195,24.020284150000002,0.3187732730784293,23.382737603843143,24.65783069615686,24.135817829475815,-0.2969940765742187,-0.0007796954529960848
2015-09-30,-0.952381,0.495234,-1.409528,2.379099,2.379092,-1.721904,-2.335234,-1.866664,-1.769522,-1.781332,-1.500951,1.0,24.506683,24.073031750000002,0.30679982877103135,23.459432092457938,24.686631407542066,24.17113832190669,-0.23307269377427886,0.023512330519079357
2015-10-01,1.243681,1.671201,-0.699576,-1.980952,-1.190467,-0.131091,-1.136389,-0.767235,-0.530609,-0.558272,-0.553581,-1.0,24.214939,24.08645225,0.3068455028001403,23.47276124439972,24.70014325560028,24.175309815058434,-0.20360876487092128,-0.011976099112121852
2015-10-02,-1.397516,0.116464,-1.630435,0.116595,0.116593,-0.295345,-1.086804,-0.896215,-0.633405,-0.705235,-0.807034,0.0,24.243172,24.08961455,0.3081825180721002,23.4732495138558,24.7059795861442,24.181772880290964,-0.1759519571560837,0.0011652539734619755
2015-10-05,-3.016756,0.484171,-3.277471,4.231366,4.231369,-3.303631,-4.538285,-4.582838,-4.381593,-4.578581,-4.760399,1.0,25.26899,24.161805800000003,0.39876877487535056,23.364268250249303,24.959343349750704,24.2853173678823,-0.0704467322267277,0.04144294153369017
2015-10-06,-0.73448,0.881377,-0.918105,1.41527,1.415268,-3.334558,-5.029074,-5.557481,-5.506563,-5.681479,-5.815091,1.0,25.626614,24.2154684,0.5107305135912137,23.194007372817573,25.236929427182424,24.413059904274462,0.041545278555268794,0.014053468581491157
2015-10-07,-0.072625,1.488744,-1.960788,1.138454,1.138449,-3.333332,-5.20404,-6.214225,-6.24205,-6.362484,-6.498004,1.0,25.91836,24.300522899999997,0.6370664134978277,23.026390073004343,25.57465572699565,24.556421818153083,0.15208804166303835,0.011320177036472185
2015-10-08,-1.433178,0.394124,-1.719814,1.343497,1.343492,-3.052662,-5.492162,-6.923179,-7.151754,-7.250512,-7.446674,1.0,26.266571,24.38805045,0.7738115975024923,22.840427254995017,25.935673645004986,24.719293168805173,0.2647399382100062,0.013345468179708263
2015-10-09,0.358295,0.859907,-0.322465,0.0,0.0,-1.511997,-4.743957,-6.308271,-6.775875,-6.932748,-7.213859,0.0,26.266571,24.4867811,0.8796397065364354,22.72750168692713,26.246060513072873,24.8666529622523,0.34998299176435665,0.0
2015-10-12,-0.107293,0.500719,-0.715304,0.179144,0.17914,-0.894125,-4.018272,-5.85008,-6.501663,-6.720894,-7.121315,0.0,26.313625,24.60280185,0.9604298426005137,22.681942164798972,26.523661535201025,25.004459822990174,0.41653404521275306,0.0017897998159231104
2015-10-13,-0.359066,0.35907,-0.394973,-0.393416,-0.393412,-0.05745,-2.771989,-4.781363,-5.759334,-6.099633,-6.493909,0.0,26.210104,24.70057645,1.0207600560945198,22.65905633781096,26.74209656218904,25.119283077943493,0.45567027175821906,-0.003941880594428085
2015-10-14,-0.251618,0.287563,-0.826743,-0.10772,-0.107718,0.251615,-2.027316,-4.021546,-5.305705,-5.698229,-6.045491,0.0,26.181871,24.7927382,1.0684575119374526,22.655823176125093,26.929653223874904,25.22048192766316,0.47888752877522833,-0.0010777605819547033
2015-10-15,-0.17762,0.142099,-0.994668,1.186197,1.186202,-0.753115,-2.316167,-4.449651,-5.975831,-6.505313,-6.826584,1.0,26.492441,24.9092975,1.121768453676501,22.665760592647,27.152834407353,25.341620886933335,0.5163950944862741,0.011792222322332346
2015-10-16,0.318584,0.353982,-0.884956,0.35524,0.355237,-0.86372,-1.780532,-4.214844,-5.792849,-6.491039,-6.854665,0.0,26.586552,25.046433099999998,1.1519042432636746,22.74262461347265,27.350241586527346,25.460185754844446,0.5474039497358234,0.003546077018372056
2015-10-19,-0.460173,0.141596,-1.097342,0.0,0.0,-0.658408,-1.284958,-3.555191,-5.277041,-6.100865,-6.508451,0.0,26.586552,25.1835687,1.1643927021944604,22.854783295611078,27.51235410438892,25.56745873057355,0.5654604152477418,0.0
2015-10-20,-1.052628,0.070175,-1.22807,0.884956,0.884955,-1.073684,-1.705265,-3.68421,-5.483186,-6.541686,-7.046634,1.0,26.821831,25.35114025,1.1458793179568552,23.05938161408629,27.64289888591371,25.686922756233212,0.5919319205320335,0.00881062143368973
2015-10-21,1.131538,1.909473,-0.212171,-0.771926,-0.77192,0.021209,-0.678936,-2.406892,-4.181749,-5.472562,-6.023252,-1.0,26.614788,25.501824399999997,1.100904336723535,23.300015726552928,27.703633073447065,25.775290874687194,0.5894097902501301,-0.007749144311075796
2015-10-22,-1.551193,0.689414,-1.758014,2.581326,2.581324,-1.902794,-2.79904,-4.108932,-5.937377,-7.391098,-8.047932,1.0,27.301802,25.68079105,1.0872720401964264,23.506246969607147,27.855335130392852,25.920672886621745,0.6355213771774153,0.02548570617856368
2015-10-23,-1.124361,0.102211,-1.431005,1.17201,1.172003,-2.289604,-3.434411,-4.404314,-6.42596,-7.916808,-8.711294,1.0,27.62178,25.846815349999996,1.1186033097648014,23.609608730470395,28.084021969529598,26.082683087895862,0.6899315905571655,0.01165188461963905
2015-10-26,1.278062,1.865281,-0.241803,-1.362859,-1.362856,-0.45596,-1.758207,-2.599889,-4.529385,-6.14512,-7.052089,-1.0,27.245335,26.0112888,1.0665569637066334,23.878174872586733,28.144402727413265,26.19341184142959,0.6946684062756923,-0.013722278164606179
2015-10-27,-1.135973,0.034423,-1.617897,0.345416,0.345417,-0.419961,-1.683302,-2.517497,-4.235798,-5.90212,-6.995926,0.0,27.339445,26.181401299999997,0.9866663683723893,24.208068563255217,28.154734036744777,26.302557856531532,0.6979704880349296,0.003448217369343584
2015-10-28,-0.23842,0.306539,-1.089918,1.067133,1.067125,-0.735692,-2.196863,-3.133513,-4.681537,-6.312248,-7.580714,1.0,27.631191,26.337626699999998,0.954374449431721,24.428877801136554,28.24637559886344,26.42909434638567,0.7158766946778066,0.010614712163711381
2015-10-29,0.034321,0.24022,-0.720655,-0.749326,-0.749313,0.102948,-1.118739,-2.1208,-3.376805,-5.065019,-6.486381,-1.0,27.424147,26.4980871,0.8418511462389046,24.814384807522192,28.181789392477807,26.523861265777512,0.7052313045013996,-0.007521340657240387
2015-10-30,0.519931,1.386482,0.0,-0.995192,-0.995207,0.762572,0.083197,-0.919692,-1.87001,-3.690863,-5.140327,-1.0,27.15122,26.643489500000005,0.6643024443726656,25.314884611254673,27.972094388745337,26.583609716655847,0.6670821206936566,-0.010001921755730012
2015-11-02,0.347588,0.347588,-0.903719,-0.277296,-0.277288,0.91762,0.542231,-0.456495,-1.26347,-2.962131,-4.478657,0.0,27.075933,26.73383665,0.5857592180607615,25.562318213878477,27.905355086121524,26.63049764840291,0.6235852830016242,-0.0027767287865283767
2015-11-03,0.0,0.349521,-0.419437,-0.556131,-0.556143,1.17442,1.142965,0.2773,-0.470109,-1.975526,-3.516731,-1.0,26.925352,26.79877355,0.5254353324074428,25.747902885185113,27.849644214814887,26.65857901522168,0.570388019476507,-0.00557695581822272
2015-11-04,1.123997,1.229368,-0.35124,-0.489346,-0.489338,1.046719,1.707065,0.922615,0.182653,-1.152084,-2.645109,0.0,26.793596,26.84253535,0.482981985471826,25.876571379056347,27.80849932094365,26.671437775676758,0.5116986532448458,-0.004905392570318154
2015-11-05,0.246219,0.633138,-0.492434,-0.140495,-0.140485,0.689402,1.64614,1.130254,0.415046,-0.633142,-2.130227,0.0,26.755955,26.86700455,0.4643017823672224,25.938400985265556,27.795608114734446,26.679487035136113,0.45688293151639314,-0.001405838349584463
2015-11-06,-0.492098,0.351487,-1.019336,0.070352,0.070343,0.337431,1.258345,1.106032,0.439364,-0.324783,-1.891086,0.0,26.774776,26.8924148,0.44313588259646636,26.006143034807067,27.778686565192935,26.68856217464696,0.4102308882075931,0.0007031848967476575
2015-11-09,0.603265,1.100071,-0.638751,-0.949037,-0.949035,0.880055,1.955286,2.058197,1.440737,0.819019,-0.628711,-1.0,26.520674,26.90276725,0.43115932601759405,26.04044859796481,27.76508590203519,26.672572824680582,0.34873490113422534,-0.009535670509736461
2015-11-10,0.714796,0.857752,-0.285919,-0.709723,-0.709729,1.150827,2.301648,2.663813,2.189069,1.646895,0.384804,-1.0,26.332449,26.9088845,0.42157605527592706,26.065732389448144,27.752036610551855,26.64018007947291,0.2815649978586876,-0.007122598819475274
2015-11-11,1.00647,1.00647,-0.251618,-0.571837,-0.571834,1.26528,2.33645,3.144023,2.776782,2.271749,1.175416,-1.0,26.181871,26.9088845,0.42157605527592706,26.065732389448144,27.752036610551855,26.596531595713586,0.2137183671116638,-0.005734756259881804
2015-11-12,-0.323392,0.862379,-0.395261,0.035945,0.035937,0.797708,1.82897,2.8243,2.682368,2.22351,1.390596,0.0,26.19128,26.89382645,0.44211198686056824,26.00960247627886,27.778050423721137,26.557936205645625,0.15887721348237704,0.0003593062445763885
2015-11-13,0.305235,1.793213,-1.487978,-5.82106,-5.821052,5.318582,7.115608,8.38103,8.639838,8.28234,7.714618,-1.0,24.666672,26.797832449999998,0.664723906492973,25.46838463701405,28.127280262985945,26.377815805107947,-0.007521219856602812,-0.059973510188975385
2015-11-16,-2.687574,0.783871,-2.724905,2.212904,2.212901,2.000742,4.057482,5.497075,6.015304,5.763345,5.37514,1.0,25.212521,26.7291309,0.7528708028852038,25.223389294229595,28.234872505770408,26.26683534747862,-0.09426114090729243,0.021887715447908913
2015-11-17,-0.0373,1.715781,-0.48489,0.074647,0.074641,1.051854,3.308478,4.861382,5.62105,5.529294,5.244325,0.0,25.23134,26.64960635,0.823272534699877,25.003061280600246,28.296151419399752,26.168216742956844,-0.1596443367059024,0.0007461364177923537
2015-11-18,-0.442482,0.147489,-1.438057,1.156292,1.1563,-0.619476,1.62979,3.112091,4.19985,4.219762,3.989673,1.0,25.52309,26.59502145,0.8610279109294919,24.872965628141017,28.317077271858984,26.106776100770475,-0.1857776743064541,0.011496660033563588
2015-11-19,-0.986485,1.023014,-1.169171,0.921829,0.921828,-1.863358,0.314209,1.739127,2.948482,3.153817,2.974058,1.0,25.758369,26.5178498,0.8635103238815637,24.790829152236874,28.244870447763127,26.07359447212567,-0.18536669180766552,0.009176051362750993
2015-11-20,0.072543,0.761701,-0.398988,0.730723,0.730726,-1.588685,-0.732683,0.691572,1.878853,2.306856,2.185951,1.0,25.946592,26.434090400000002,0.8314449171669538,24.771200565666096,28.09698023433391,26.061498998589894,-0.167917315869218,0.007280687493389142
2015-11-23,0.802042,1.494714,-0.328108,-0.507798,-0.507801,-0.619759,-0.499454,0.879816,2.121766,2.709445,2.643094,-1.0,25.814835,26.3625654,0.8194271199175986,24.723711160164804,28.0014196398352,26.038007189200382,-0.16284309465396873,-0.0050909448292434205
2015-11-24,-0.073341,0.623399,-0.990099,-0.583303,-0.583293,0.300691,-0.176027,1.144106,2.394564,3.131639,3.174421,-1.0,25.664259,26.278806099999997,0.7996966846356464,24.679412730728703,27.87819946927129,26.00241212356225,-0.1690235641331448,-0.005850003087627585
2015-11-25,0.293686,0.550657,-0.881057,-0.110011,-0.110017,0.499265,-0.279005,0.954476,2.118206,3.092509,3.217081,0.0,25.636024,26.179047750000002,0.7446641879456274,24.689719374108748,27.668376125891257,25.967518016556323,-0.1741919825099032,-0.0011007737657523942
2015-11-27,-0.256223,0.585652,-0.292826,0.293686,0.293692,0.168369,-0.757695,0.387985,1.486082,2.543183,2.81356,0.0,25.711315,26.09340615,0.6904530325665504,24.7125000848669,27.4743122151331,25.943117729265243,-0.17025009967106897,0.002932617558237388
2015-11-30,0.330275,0.844037,-0.183483,-0.256223,-0.25623,0.190828,-0.121101,0.352292,1.45321,2.498347,2.955351,0.0,25.645435,26.018116900000003,0.6499441676464827,24.718228564707037,27.31800523529297,25.91476699314474,-0.17047694246490508,-0.0025655843150666903
2015-12-01,-1.342035,0.29017,-1.342035,1.174312,1.17431,-0.870507,-0.99746,-0.959981,0.058034,1.108451,1.678153,1.0,25.946592,25.961649849999997,0.6003723123495392,24.760905225300917,27.162394474699077,25.917797946178577,-0.14468799089352302,0.011674688439452803
2015-12-02,0.182212,1.676381,-0.255102,-0.471523,-0.471534,-0.27696,-0.298825,-0.621957,0.318884,1.352777,2.031106,0.0,25.824245,25.9065945,0.5562102869513346,24.794173926097333,27.01901507390267,25.90888814178062,-0.13259398050690052,-0.004726492166486504
2015-12-03,2.523184,2.745826,-0.482378,-1.785714,-1.785698,1.320958,1.450827,0.969687,1.860844,2.837838,3.721697,-1.0,25.363102,25.835069799999996,0.5273730610673563,24.780323677865283,26.88981592213471,25.85690850923008,-0.1583939099133147,-0.01801833864046998
2015-12-04,-1.928672,0.254727,-1.928672,1.966601,1.966593,-0.516737,-0.46579,-1.062589,-0.276563,0.612811,1.535664,1.0,25.861891,25.7903666,0.4810649845935125,24.828236630812974,26.752496569187024,25.857383032160552,-0.1370130351187555,0.01947505448617109
2015-12-07,0.254634,0.254634,-0.836668,0.03639,0.036397,-0.378323,-0.531105,-0.78817,-0.487455,0.378314,1.273185,0.0,25.871304,25.745193,0.42263103117995626,24.89993093764009,26.59045506235991,25.858708838621453,-0.11794934079118491,0.0003639056162635542
2015-12-08,0.073665,0.515657,-0.478821,-1.236813,-1.236818,0.559854,0.61142,0.542665,0.56906,1.396685,2.320442,-1.0,25.551323,25.696725449999995,0.3827157464673697,24.931293957065257,26.462156942934733,25.829433996847982,-0.12719479576768933,-0.012445304672084956
2015-12-09,0.860453,2.319491,-0.261878,-1.546961,-1.546969,1.608688,1.990282,2.102515,1.915458,2.708575,3.638865,-1.0,25.156052,25.6379056,0.370059978191116,24.897785643617766,26.378025556382234,25.765302378100557,-0.1645204622505041,-0.015590592350642318
2015-12-10,-0.112066,1.008595,-0.410908,0.149645,0.149646,1.32238,1.662315,1.862789,1.567058,2.30109,3.161505,0.0,25.193697,25.5884969,0.3594251179548607,24.86964666409028,26.30734713590972,25.71086377066241,-0.18888632103617553,0.001495340404364448
2015-12-11,1.261468,1.261468,-0.114683,-2.27867,-2.278665,2.67584,3.58945,3.929665,3.616209,4.33945,5.187309,-1.0,24.619617,25.50991375,0.39111288306039715,24.727687983879203,26.292139516120795,25.6069355067898,-0.251619386226821,-0.02305028000763237
2015-12-14,-0.717256,0.11325,-2.000759,1.261468,1.261466,0.641751,2.012082,2.36316,2.378259,2.743679,3.57997,1.0,24.930185,25.523089399999996,0.3647618746088819,24.793565650782234,26.25261314921776,25.542483077571724,-0.27312711096334397,0.012535754108971177
2015-12-15,-0.484175,0.968346,-0.893851,1.359003,1.359015,-0.931109,0.376155,0.846672,1.016752,1.167961,1.952816,1.0,25.26899,25.52591285,0.3624425627671576,24.801027724465687,26.250797975534315,25.51643611780299,-0.25983815329579585,0.013498633973328318
2015-12-16,-0.881057,0.183557,-2.0558,1.452514,1.452508,-1.975039,-1.134363,-0.604505,-0.350588,-0.389136,0.3255,1.0,25.636024,25.54614705,0.35637727342062414,24.83339250315875,26.25890159684125,25.52782543991699,-0.21718639269249707,0.01442059756559423
2015-12-17,2.133241,2.208084,-0.074843,-1.908961,-1.908958,-0.10479,0.703591,1.200099,1.513847,1.384729,2.05963,-1.0,25.146643,25.5273247,0.3674289548531382,24.792466790293723,26.26218260970628,25.491522350401087,-0.22033365270196015,-0.01927414131366565
2015-12-18,1.256186,2.093643,-0.038066,-1.684128,-1.684137,1.690146,1.968028,2.667179,3.043401,2.883903,3.53382,-1.0,24.723139,25.475563200000003,0.40424229409066437,24.667078611818674,26.284047788181333,25.418342983696224,-0.2540723247583543,-0.01698480178278848
2015-12-21,-0.225221,0.037541,-0.86336,1.408447,1.408458,0.39039,0.232729,1.088586,1.437686,1.519517,1.869366,1.0,25.071354,25.4318013,0.3978917919157783,24.636017716168443,26.227584883831558,25.38529641382039,-0.2498325114149793,0.013986312758629296
2015-12-22,-0.14875,0.037192,-1.227222,0.938438,0.93843,-0.513197,-0.79583,-0.019828,0.394205,0.59056,0.762371,1.0,25.306631,25.4063911,0.3882537766644973,24.629883546671007,26.182898653328994,25.37780446964702,-0.22489509057427526,0.009340536767067146
2015-12-23,-1.313865,0.036496,-1.459854,1.89662,1.896621,-2.248176,-2.39781,-1.89051,-1.450729,-1.195619,-1.183698,1.0,25.786602,25.41250825,0.3934593532766425,24.625589543446715,26.199426956553282,25.41673756777588,-0.16450603332786073,0.018788598463561786
2015-12-24,0.109573,0.620891,-0.036516,-0.072996,-0.073007,-1.694658,-2.103712,-1.714134,-1.353164,-1.085449,-1.16507,0.0,25.767776,25.419095849999998,0.3984696346585465,24.622156580682905,26.21603511931709,25.450169799416273,-0.11681974593163602,-0.0007303356792238746
2015-12-28,-0.036617,0.219707,-0.659099,-0.255661,-0.255653,-0.681068,-1.431706,-1.503718,-1.102155,-0.840712,-0.975217,0.0,25.7019,25.4186251,0.3981116392402517,24.622401821519496,26.214848378480504,25.474144104233773,-0.08338248092397293,-0.0025597999090359947
2015-12-29,-1.188329,0.18005,-1.332373,1.684368,1.684362,-1.512422,-2.603523,-3.068053,-2.646734,-2.454439,-2.428272,1.0,26.134813,25.443094,0.4267917342893691,24.58951053142126,26.296677468578736,25.537064951449604,-0.021700595451601856,0.016703337853787158
2015-12-30,0.472208,0.871773,-0.036328,-0.864238,-0.864234,-0.18889,-1.507449,-2.13101,-1.805304,-1.589538,-1.488073,-1.0,25.908947,25.44121175,0.4245313471161357,24.59214905576773,26.29027444423227,25.572482289406786,0.008855167758397897,-0.008679903914476298
2015-12-31,0.810011,1.06775,-0.073641,-1.343992,-1.343987,0.994103,-0.195143,-0.692197,-0.519147,-0.265096,-0.103093,-1.0,25.560734,25.4280362,0.4160218633098404,24.59599247338032,26.26007992661968,25.571363404701376,0.004916279472688245,-0.013531007226959331
