date,c_open,c_high,c_low,n_close,n_adj_close,adj_sum_5,adj_sum_10,adj_sum_15,adj_sum_20,adj_sum_25,adj_sum_30,label,closing_price_for_label,melody_ma20,melody_std20,melody_lb20,melody_ub20,melody_ema20,melody_macd_12_26,melody_str_log_return
2013-06-03,-1.402207,0.024182,-1.402207,1.091646,1.091658,0.551212,0.763162,0.219051,-0.192796,-0.676212,-1.484804,1.0,104.775566,,,,,,,
2013-06-04,-0.113857,0.561161,-0.666884,-0.910627,-0.910607,0.910847,1.541137,1.199291,0.752711,0.321473,-0.380965,-1.0,103.821472,,,,,,,-0.009147787164322293
2013-06-05,0.633377,1.258533,-0.21387,-1.130448,-1.130468,1.419758,2.342685,2.223141,1.884735,1.486181,0.895986,-1.0,102.647804,,,,,,,-0.011369058531423646
2013-06-06,0.563895,0.746332,-1.600458,-0.806123,-0.806117,1.494318,2.814494,2.920088,2.638787,2.353455,1.805944,-1.0,101.820343,,,,,,,-0.008093832994453834
2013-06-07,-0.394409,0.22186,-1.281839,0.920475,0.920477,0.396055,1.572715,1.923307,1.663571,1.440823,0.990731,1.0,102.757576,,,,,,,0.009162665859983697
2013-06-10,0.203766,0.236369,-0.725405,0.81348,0.813483,-0.642274,0.52815,1.061203,0.861398,0.628405,0.273906,1.0,103.593491,,,,,,,0.008101916647936889
2013-06-11,0.345826,1.078637,-0.156439,-1.010681,-1.010686,0.123509,1.144503,1.910252,1.874023,1.629017,1.327914,-1.0,102.546486,,,,,,,-0.010158281946595899
2013-06-12,1.958822,2.300577,-0.300075,-1.218605,-1.218602,1.091937,1.932143,2.835702,2.962819,2.813209,2.548371,-1.0,101.296852,,,,,,,-0.012260882959763077
2013-06-13,-1.446656,0.139732,-1.520636,1.408688,1.408673,-0.136437,0.232622,1.228018,1.477074,1.36158,1.188313,1.0,102.723793,,,,,,,0.013988430123047428
2013-06-14,0.706683,1.163952,-0.149652,-1.134313,-1.134303,0.773198,1.177255,2.105642,2.538245,2.445673,2.327545,-1.0,101.558594,,,,,,,-0.011407852175405676
2013-06-17,-0.635212,0.461968,-0.775451,0.781511,0.781528,-0.250798,0.155901,1.081212,1.652351,1.617445,1.498774,1.0,102.352303,,,,,,,0.007784900367885102
2013-06-18,-0.403224,0.164585,-0.543117,0.247481,0.247459,-0.485508,-0.209833,0.562329,1.267289,1.355176,1.227818,0.0,102.605583,,,,,,,0.0024715333854444807
2013-06-19,1.078841,1.560163,-0.074685,-0.839366,-0.839366,0.444818,0.546065,1.137487,1.89876,2.096935,2.041647,-1.0,101.744347,,,,,,,-0.008429081421135645
2013-06-20,1.348032,1.449773,-0.322168,-2.116185,-2.116179,1.987284,2.495975,2.919317,3.80585,4.1326,4.122716,-1.0,99.591255,,,,,,,-0.021388905508776434
2013-06-21,0.260656,0.512908,-1.404186,0.830863,0.83085,0.919879,1.418493,1.857127,2.678477,3.145728,3.160452,1.0,100.418709,,,,,,,0.008274174988158599
2013-06-24,0.761855,1.035781,-0.684817,-1.774153,-1.774157,1.989393,2.747831,3.281989,4.163685,4.782759,4.868965,-1.0,98.637123,,,,,,,-0.017900842755073695
2013-06-25,0.25543,0.357604,-0.451255,0.539289,0.53931,0.749246,1.856104,2.415208,3.222643,3.971048,4.181067,0.0,99.169083,,,,,,,0.005378610643207071
2013-06-26,0.160807,0.330088,-0.973341,0.596003,0.595986,-0.245448,1.098609,1.615469,2.300473,3.091332,3.398796,1.0,99.760117,,,,,,,0.005942171778574885
2013-06-27,-0.160056,0.699185,-0.185326,0.473971,0.473991,-0.588001,0.373168,1.030514,1.548302,2.395408,2.790265,0.0,100.232971,,,,,,,0.004728712235421463
2013-06-28,0.380265,1.03093,-0.169002,-0.311686,-0.311698,-0.376878,0.523072,1.157123,1.679488,2.476935,2.987161,0.0,99.920547,101.59870075,1.6783907013377855,98.24191934732444,104.95548215267557,101.37694478804463,,-0.0031218462394285436
2013-07-01,-0.613037,0.780988,-0.906955,0.625322,0.625314,-0.616386,-0.28132,0.326398,0.837261,1.626141,2.225683,1.0,100.545364,101.38719065000001,1.5156243567483578,98.35594193650329,104.41843936349673,101.29774661775465,,0.006233668559167159
2013-07-02,-0.050362,0.990348,-0.470001,0.058784,0.058769,-0.38941,-0.5388,0.13878,0.618149,1.322052,2.008135,0.0,100.604454,101.22633975,1.4107615964116282,98.40481655717674,104.04786294282324,101.23171874939706,,0.0005875222984266229
2013-07-03,0.13436,0.184751,-0.394693,-0.058749,-0.058735,-0.174671,-0.599595,0.147804,0.57273,1.166281,1.876056,0.0,100.545364,101.12121775,1.3771991412143225,98.36681946757136,103.87561603242864,101.16635163040687,,-0.0005875222984266416
2013-07-05,-0.680441,0.290431,-1.170031,1.200873,1.200887,-1.060506,-1.566686,-1.104205,-0.624022,-0.186879,0.544899,1.0,101.7528,101.1178406,1.3754762608132067,98.36688807837358,103.86879312162641,101.2222038560824,,0.011937333630589058
2013-07-08,0.041243,0.882547,-0.214447,0.605756,0.605761,-1.177842,-1.968834,-1.646881,-1.241348,-0.837686,-0.174869,1.0,102.369179,101.09842075,1.3536760269914134,98.39106869601717,103.80577280398283,101.33143958407456,,0.006039338600208685
2013-07-09,-0.713878,0.381278,-0.989693,1.674364,1.674358,-2.12542,-3.059953,-3.15568,-2.844166,-2.497284,-1.877724,1.0,104.083206,101.1229065,1.4046522950930855,98.31360190981383,103.93221109018617,101.59351257606745,-0.3176022695848104,0.01660495598631959
2013-07-10,0.447514,1.334417,-0.1546,-0.30015,-0.30016,-1.2205,-2.324653,-2.789259,-2.492675,-2.205693,-1.678055,0.0,103.77079,101.1841217,1.4938060846925703,98.19650953061486,104.17173386938515,101.8008723307277,-0.11242065024123349,-0.003006112379650725
2013-07-11,0.145431,0.274706,-1.018013,0.707889,0.707902,-1.156987,-2.55717,-3.296445,-3.024569,-2.822015,-2.415508,1.0,104.505386,101.34454840000001,1.668611614219958,98.0073251715601,104.68177162843992,102.05844506113459,0.10821557745232724,0.007054086168072209
2013-07-12,-0.435274,0.072549,-0.82218,0.234306,0.234302,-0.815734,-2.353704,-3.194158,-3.154525,-2.937291,-2.671828,0.0,104.750244,101.44587095,1.8121251167090067,97.82162071658199,105.07012118341801,102.31480686483607,0.2993783247626567,0.002340277408595324
2013-07-15,-0.45717,0.368944,-0.497275,0.49976,0.499752,-0.757134,-2.330764,-3.368087,-3.459654,-3.324347,-3.104209,0.0,105.273735,101.631628,2.004493299936708,97.6226414001266,105.64061459987342,102.5966095443755,0.48749795499425375,0.004985069672470921
2013-07-16,0.475343,0.902349,-0.459233,-0.449147,-0.449138,-0.17242,-1.484056,-2.540023,-2.907277,-2.842097,-2.666244,0.0,104.800911,101.7540584,2.122152241945756,97.5097539161085,105.99836288389152,102.80654301633973,0.5916114435803337,-0.004501493230362003
2013-07-17,0.241258,0.52272,-0.048248,0.185301,0.185288,-0.123834,-1.24808,-2.350348,-2.973053,-2.9285,-2.808998,0.0,104.995094,101.87353395,2.2367834294739843,97.39996709105202,106.34710080894797,103.014976443355,0.6819302116340396,0.0018511606591567484
2013-07-18,-0.629633,0.143461,-0.661514,0.900686,0.900696,-0.744405,-1.620309,-2.833085,-3.641115,-3.619675,-3.572969,1.0,105.940781,102.08335565,2.4138428466580657,97.25566995668387,106.91104134331613,103.2936244963688,0.8203609135378258,0.008966642930212185
2013-07-19,-0.882518,0.0,-1.371055,1.147687,1.147699,-1.421494,-2.232305,-3.504863,-4.381469,-4.547807,-4.501106,1.0,107.156662,102.461626,2.5891698628621755,97.28328627427564,107.63996572572435,103.66153283004796,1.0164625299748309,0.011411626321908619
2013-07-22,-0.251909,0.456587,-0.29914,0.094551,0.094537,-1.144607,-1.868847,-3.13994,-4.152956,-4.425411,-4.451441,0.0,107.257965,102.80358880000001,2.7516961066019268,97.30019658679616,108.30698101320387,104.0040501795672,1.1666009299756297,0.0009449262762998976
2013-07-23,-0.149302,0.306459,-0.440048,0.181062,0.18105,-0.829787,-1.732663,-2.88647,-3.91599,-4.40829,-4.504418,0.0,107.452156,103.24434045000001,2.7551797840800765,97.73398088183986,108.75470001816016,104.33244121008461,1.286427152996481,0.0018088672489679435
2013-07-24,0.696365,0.997067,-0.371924,-0.699355,-0.699341,0.188334,-0.766008,-1.821638,-2.886371,-3.581552,-3.702097,-1.0,106.700699,103.62092125,2.6826119084252245,98.25569743314955,108.98614506685044,104.55798957102893,1.305702670713714,-0.007017978669759215
2013-07-25,-1.268005,0.05479,-1.541954,1.099944,1.099949,-0.543211,-1.533351,-2.436867,-3.566852,-4.403265,-4.546555,1.0,107.874352,104.02663300000002,2.6815701368663762,98.66349272626726,109.38977327373277,104.87383361188331,1.3995495102846007,0.01093943306902124
2013-07-26,-0.41549,0.047041,-1.1524,-0.156547,-0.156557,-0.285352,-1.104572,-1.915432,-3.068748,-3.952019,-4.242705,0.0,107.705467,104.4002578,2.645508487443225,99.10924082511356,109.69127477488645,105.14351298218014,1.4436546465833544,-0.0015667981848434774
2013-07-29,0.951102,0.951102,-0.221922,-1.089683,-1.089687,0.676871,0.103045,-0.574349,-1.690569,-2.664335,-3.032145,-1.0,106.531815,104.7308212,2.463051936567961,99.80471732686408,109.65692507313591,105.2757322219725,1.3681333870272852,-0.010956671316006816
2013-07-30,0.333915,0.938146,-0.469071,-0.309106,-0.309103,0.753701,0.545401,-0.133032,-1.119411,-2.077592,-2.61064,0.0,106.202522,105.01367909999999,2.274730191545374,100.46421871690924,109.56313948309074,105.36399791511798,1.2671046578932987,-0.0030958167603899783
2013-07-31,0.103263,0.810235,-0.341568,0.087454,0.087449,0.58941,0.579881,-0.061949,-0.938111,-1.89498,-2.580023,0.0,106.295395,105.29822615,2.037745666620757,101.22273481675849,109.37371748324152,105.45270239939245,1.1809198284248623,0.0008741074474946822
2013-08-01,0.039541,0.173997,-0.632714,0.436892,0.436897,-0.056947,0.219078,-0.355898,-1.077979,-2.059474,-2.8472,0.0,106.759796,105.60894775,1.72460934081647,102.15972906836706,109.05816643163294,105.57718750421222,1.1369845594290808,0.00435945008715883
2013-08-02,-0.064021,0.120049,-1.320523,-1.178428,-1.178428,0.717086,1.257305,0.879823,0.279317,-0.691793,-1.501931,-1.0,105.501709,105.79639320000001,1.4680846622538362,102.86022387549234,108.73256252450768,105.56999907523964,0.9892450346098371,-0.011854261869421519
2013-08-05,0.58876,0.612954,-0.185496,-0.768307,-0.768322,1.145266,1.796128,1.623805,1.166645,0.259394,-0.603256,-1.0,104.691116,105.91249005,1.2598339464497104,103.39282215710058,108.43215794289942,105.48629592521681,0.7975585575051838,-0.00771288951866577
2013-08-06,0.674031,0.82833,-0.105568,-0.685538,-0.685516,1.41464,2.164196,2.272205,1.859667,1.083315,0.253907,-1.0,103.973442,105.90700185,1.2684319926120464,103.37013786477591,108.44386583522409,105.34221459900569,0.5810375106852348,-0.006878761172919433
2013-08-07,-0.243252,0.478388,-0.429741,0.154298,0.154292,0.843261,1.760314,2.059514,1.720181,1.063163,0.258384,0.0,104.133865,105.9251556,1.2384943474728078,103.44816690505438,108.40214429494561,105.22713368481467,0.41757428014898323,0.0015417337727248036
2013-08-08,0.65816,0.926301,-0.94255,-0.210818,-0.21082,0.508652,1.594213,2.145122,1.906641,1.406357,0.603453,0.0,103.91433,105.8956028,1.2804954477506827,103.33461190449864,108.45659369550137,105.10210476245136,0.26723335274708404,-0.0021104252452864487
2013-08-09,0.506125,0.506125,-0.669388,-0.463151,-0.463149,0.576324,1.653874,2.380406,2.317142,1.943184,1.174693,0.0,103.433052,105.82974319999998,1.3730347326862675,103.08367373462745,108.57581266537251,104.94314735650362,0.10800693552056373,-0.00464224683881513
2013-08-12,0.164201,0.221672,-0.730705,-0.571426,-0.571425,0.794743,1.879304,2.682534,2.786942,2.547451,1.850844,-1.0,102.84201,105.70815694999999,1.5242082223797015,102.65974050524059,108.75657339475939,104.7430390368366,-0.06512260430670835,-0.005730635703245536
2013-08-13,-0.465306,0.595921,-0.897958,0.57471,0.574709,0.114286,1.029385,1.836733,2.133469,1.936327,1.361905,1.0,103.433052,105.63976400000001,1.5960553150577361,102.44765336988453,108.8318746301155,104.6182783666617,-0.15287461865220564,0.005730635703245461
2013-08-14,0.581728,0.745593,-0.417863,-0.367344,-0.367326,0.273641,1.087238,1.976217,2.415792,2.284289,1.814809,0.0,103.053116,105.5426651,1.6934400265224179,102.15578504695516,108.92954515304483,104.4692152841225,-0.25019232084711973,-0.0036800182061065075
2013-08-15,0.357588,0.623701,-0.2079,-1.474808,-0.660891,0.639441,1.331151,2.296332,2.92285,2.881418,2.55165,-1.0,102.372047,105.3642284,1.8316597749641639,101.70090885007167,109.02754794992833,104.26948497134893,-0.377917479879045,-0.006630847803616777
2013-08-16,0.008343,0.258596,-0.692354,-0.307695,-0.307711,0.680419,1.306397,2.243108,2.990691,3.093415,2.878123,0.0,102.057037,105.10924715000002,1.921744836038981,101.26575747792205,108.95273682207798,104.05877564074427,-0.49880929986271383,-0.003081853551970002
2013-08-19,0.868025,1.129274,-0.11799,-1.017679,-1.017686,1.354522,1.98441,2.930466,3.740756,3.984873,3.891292,-1.0,101.018417,104.79726975000001,2.0563158936750585,100.6846379626499,108.90990153735012,103.7692176749591,-0.6706935542674302,-0.01022899651959119
2013-08-20,0.25361,0.853835,0.0,-0.311818,-0.311804,1.129428,1.97868,2.888366,3.730157,4.147361,4.10437,0.0,100.703438,104.45983385,2.149345600553135,100.16114264889373,108.75852505110626,103.47723865829633,-0.8228440036811975,-0.003122906598169171
2013-08-21,0.57774,0.679697,-0.407813,-0.498778,-0.498788,1.067129,2.097404,2.998665,3.925819,4.478067,4.507484,0.0,100.201141,104.13485595,2.280083322139943,99.57468930572011,108.69502259427989,103.1652293575062,-0.9727423329520093,-0.005000364343155722
2013-08-22,-0.295882,0.760843,-0.727028,0.501278,0.501289,0.231627,1.269308,2.083983,3.051407,3.748912,3.860367,0.0,100.703438,103.77631025000001,2.2242268582465434,99.32785653350692,108.2247639664931,102.9307730377437,-1.039029384854203,0.005000364343155799
2013-08-23,-0.70275,0.167325,-1.179617,1.048269,1.048259,-0.866724,0.054251,0.779784,1.690188,2.460466,2.684953,1.0,101.759071,103.47899045,2.0629503320575378,99.35308978588492,107.60489111411508,102.8191823674824,-0.9949128541809387,0.010428030071605088
2013-08-26,0.757322,0.908787,-0.269269,-0.577263,-0.577248,-0.260861,0.470066,1.132998,2.015697,2.814718,3.145989,-1.0,101.171669,103.21098314999999,1.9924456495482545,99.22609185090349,107.1958744490965,102.66227633248408,-0.9958688617254694,-0.0057892031592426015
2013-08-27,-0.479758,0.723845,-0.622842,-0.025242,-0.025247,-0.148139,0.269337,0.972185,1.791504,2.591299,3.051592,0.0,101.146126,102.95816334999999,1.912052176604163,99.13405899679167,106.78226770320832,102.51788106272369,-0.9873065558218883,-0.0002525037418058892
2013-08-28,-1.929233,0.451525,-1.929233,2.52504,2.525045,-1.932523,-2.137762,-1.5425,-0.840608,-0.051118,0.471953,1.0,103.700111,102.82839915,1.7552856008822049,99.31782794823559,106.3389703517644,102.63047439008334,-0.7656101445775221,0.024936922305088538
2013-08-29,0.648001,0.988614,-0.257543,-1.182165,-1.182172,-0.413726,-0.957053,-0.458329,0.136544,0.933794,1.561151,-1.0,102.474197,102.6141192,1.4919218143768802,99.63027557124624,105.59796282875377,102.61559082912302,-0.6809851825532718,-0.011892155328155915
2013-08-30,0.07473,0.373659,-0.298929,0.049844,0.049846,-0.313874,-0.960727,-0.566949,-0.058501,0.681404,1.359975,0.0,102.525276,102.46529755000002,1.3281872072986944,99.80892313540262,105.12167196459741,102.6069894168256,-0.6028483811661545,0.0004983329987102731
2013-09-03,0.655324,0.771464,-0.456245,0.099645,0.099642,-0.129405,-0.902531,-0.679866,-0.258528,0.429006,1.108679,0.0,102.627434,102.36211345,1.2220910720910465,99.9179313058179,104.80629559418209,102.60893651998506,-0.5266106663338803,0.0009959216082874606
2013-09-04,-0.421978,0.339232,-0.76121,0.257153,0.257166,-0.046342,-0.944078,-0.969727,-0.566955,0.042675,0.701575,0.0,102.891357,102.30800919999999,1.1698357694682133,99.96833766106356,104.64768073893642,102.63583370855791,-0.4398253152107827,0.002568360234078004
2013-09-05,-0.23894,0.247174,-0.379006,0.421977,0.421973,-0.538852,-1.057928,-1.368276,-1.023889,-0.492676,0.169542,0.0,103.325531,102.2675925,1.1161666033282756,100.03525929334346,104.49992570665655,102.70151916488572,-0.33218387697803564,0.004210854365513727
2013-09-06,0.264005,1.270523,-1.815029,-0.131832,-0.131861,-0.268931,-0.686388,-1.185249,-0.928337,-0.499698,0.150459,0.0,103.189285,102.23134025,1.070715894288807,100.08990846142238,104.37277203857762,102.74797305394422,-0.25493247235719707,-0.0013194793710812087
2013-09-09,-0.82638,0.204549,-0.82638,0.833266,0.833288,-0.800197,-1.287022,-1.874217,-1.717461,-1.377811,-0.794321,1.0,104.049149,102.2621451,1.1150538515480097,100.03203739690397,104.49225280309602,102.8718945726162,-0.12290951463593558,0.008298353908353201
2013-09-10,-0.154461,0.0,-1.463298,0.646376,0.646381,-1.037319,-1.581989,-2.268655,-2.258914,-2.010024,-1.489066,1.0,104.721703,102.35612975000001,1.23884658193093,99.87843658613815,104.83382291386187,103.0480668037956,0.03557898517000524,0.006443009837483764
2013-09-11,-0.702062,0.064559,-0.911876,0.739774,0.739759,-1.270166,-1.892337,-2.68344,-2.878861,-2.671846,-2.234769,1.0,105.496391,102.45929670000001,1.4076611249635176,99.64397445007297,105.27461894992705,103.28124053676746,0.22114390114140292,0.007370359916720956
2013-09-12,0.12915,0.589236,-0.201792,-0.024208,-0.024198,-0.839459,-1.700701,-2.326794,-2.740737,-2.597583,-2.237165,0.0,105.470863,102.58018405,1.5572127969105964,99.4657584561788,105.6946096438212,103.48977600945626,0.36197293899772376,-0.00024200912360174918
2013-09-13,-0.128884,0.555826,-0.26583,0.201792,0.201783,-0.567095,-1.594965,-2.209324,-2.779917,-2.726761,-2.467978,0.0,105.683685,102.74576595,1.7031452638434703,99.33947542231307,106.15205647768694,103.69871972284137,0.48516128559172955,0.002015794346665491
2013-09-16,0.725339,0.894584,-0.080592,-0.04833,-0.04831,-0.219227,-1.253236,-1.917591,-2.563681,-2.596453,-2.416706,0.0,105.632629,102.92454554999999,1.8112769528801402,99.3019916442397,106.54709945576028,103.88290155876125,0.5720746251102042,-0.00048321873524127503
2013-09-17,-0.193018,0.683614,-0.209099,0.209537,0.209527,-0.213929,-1.154896,-1.827781,-2.539003,-2.686298,-2.584124,0.0,105.853958,103.16632259999999,1.8653737908980321,99.43557501820392,106.89707018179605,104.07062121983161,0.6513056275806974,0.0020930791303863834
2013-09-18,-1.160387,0.48482,-1.589572,1.190288,1.190278,-1.085671,-1.923376,-2.611128,-3.386178,-3.693521,-3.632274,1.0,107.113914,103.48684639999999,1.9678432676774351,99.55115986464511,107.42253293535487,104.3604586274667,0.8064682235039413,0.011832495563342177
2013-09-19,0.334821,0.542093,-0.151468,-0.302017,-0.302008,-0.538906,-1.301822,-2.123194,-2.784998,-3.2618,-3.257433,0.0,106.790421,103.81631039999999,1.9401919331667437,99.9359265336665,107.69669426633348,104.591883615327,0.8930381294437666,-0.0030246534893620535
2013-09-20,0.592384,1.048675,-0.144092,-0.414544,-0.414547,4e-06,-0.593977,-1.472939,-2.114949,-2.70957,-2.778449,0.0,106.347725,104.09852475,1.872905658742921,100.35271343251415,107.84433606748584,104.75910660434349,0.9153717009983922,-0.004154081706342925
2013-09-23,-0.717012,0.079673,-0.756849,0.480307,0.480314,-0.248571,-0.806249,-1.673574,-2.344249,-2.994903,-3.136331,0.0,106.858528,104.3534976,1.8847321117944338,100.58403337641113,108.12296182358887,104.95905149916791,0.9631857447976131,0.004791641615959306
2013-09-24,0.682784,1.084423,-0.064257,-0.820586,-0.820589,0.60085,0.133342,-0.649049,-1.309342,-2.00498,-2.236154,-1.0,105.981659,104.5939971,1.7601160793960207,101.07376494120795,108.11422925879204,105.05644268972335,0.9197207506825151,-0.008239740562938906
2013-09-25,0.564195,0.773756,0.0,-0.337375,-0.337386,0.659313,0.484412,-0.140236,-0.76327,-1.486894,-1.836051,0.0,105.624092,104.8178954,1.5733443269530731,101.67120674609384,107.96458405390615,105.11050452879732,0.8466619689606318,-0.003379561648372586
2013-09-26,0.493967,0.769296,-0.380598,-0.46748,-0.467476,0.816264,0.923966,0.443225,-0.229162,-0.83666,-1.309141,0.0,105.130325,104.8894061,1.5522264101289778,101.78495327974204,107.99385892025796,105.11239219272139,0.7403847927516267,-0.004685718197088595
2013-09-27,0.481086,0.505547,-0.105999,-0.688314,-0.688298,1.143172,1.501131,1.217101,0.554866,-0.007511,-0.560186,-1.0,104.406715,104.986032,1.4508029382673107,102.08442612346538,107.88763787653461,105.04518484103363,0.5909578906761652,-0.006906777690123162
2013-09-30,0.082303,0.427981,-0.823045,-0.929549,-0.929564,1.430455,2.241154,2.1273,1.54239,0.99556,0.417288,-1.0,103.436188,105.03157760000002,1.3821600647504617,102.26725747049909,107.79589772950095,104.89194704664948,0.38973001137857466,-0.00933911180044829
2013-10-01,-0.041216,0.34619,-0.395651,-0.148148,-0.148146,1.058358,2.143917,2.185955,1.724779,1.22717,0.639358,0.0,103.282951,105.06435345,1.328894789252988,102.40656387149403,107.72214302850597,104.73870932792096,0.21540743914965788,-0.0014825625610583857
2013-10-02,0.173797,0.289662,-0.885542,-0.403889,-0.403892,0.93189,2.145165,2.429863,2.136061,1.704548,1.117552,0.0,102.865799,105.06307555000001,1.3311048298807464,102.40086589023852,107.7252852097615,104.56033691573802,0.04309805704266978,-0.004047102583730724
2013-10-03,2.004231,2.038058,-0.270613,-2.135233,-2.135228,2.24778,3.765749,4.346722,4.232556,3.803129,3.339253,-1.0,100.66938,104.930268,1.615674926765904,101.69891814646819,108.16161785353181,104.18976959042963,-0.26760622873395334,-0.021583534372333863
2013-10-04,0.313217,0.347079,-0.51638,-0.101482,-0.101471,1.588072,3.296359,4.113538,4.208066,3.832717,3.439704,0.0,100.56723,104.79916525000002,1.8532904460732875,101.09258435785344,108.50574614214659,103.84476581991252,-0.5161345867784775,-0.001015222913699964
2013-10-07,-0.373295,0.534485,-0.559942,-0.220091,-0.220088,1.196219,2.875184,3.99195,4.253396,3.974869,3.620921,0.0,100.345894,104.6140025,2.1006567850591424,100.41268892988171,108.81531607011829,103.51153993230182,-0.7226250942290164,-0.0022033014581994783
2013-10-08,0.993743,1.165076,-0.017137,-0.967167,-0.967175,1.398094,3.215103,4.572936,5.002559,4.859409,4.572651,-1.0,99.375374,104.34668604999999,2.404435453141868,99.53781514371626,109.15555695628372,103.11761936732069,-0.9535907613856409,-0.00971882112457528
2013-10-09,0.361669,0.576945,-0.697492,-0.514012,-0.514022,1.112558,3.064676,4.556968,5.209684,5.238272,5.036029,-1.0,98.864563,104.01509465,2.6791365621113328,98.65682152577733,109.37336777422266,102.71256637995681,-1.1644280930737665,-0.0051534734953196885
2013-10-10,-0.979549,0.0,-1.666949,0.215276,0.215281,0.573988,2.232345,3.81337,4.661024,4.840693,4.654866,0.0,99.0774,103.6954215,2.87086480791848,97.95369188416304,109.43715111583695,102.36636005805617,-1.2993657507431067,0.0021504998616660408
2013-10-11,-0.934816,0.033994,-1.47871,1.108439,1.108439,-0.606779,0.689216,2.264524,3.238717,3.571002,3.431063,1.0,100.175613,103.42001789999999,2.9336015895225223,97.55281472095494,109.28722107904504,102.15771748109844,-1.3026718158601795,0.011023412938952978
2013-10-14,-1.054141,0.143361,-1.905888,0.773353,0.773354,-1.249793,-0.329739,1.089555,2.214532,2.653392,2.585309,1.0,100.950325,103.1859027,2.934566085005079,97.31677052998984,109.05503487001016,102.04272772099384,-1.2286163874948102,0.007703788374490707
2013-10-15,0.347013,0.778669,-0.321629,-0.362624,-0.362628,-0.650023,-0.235293,1.09973,2.324585,2.86246,2.890955,0.0,100.584251,102.92241735,2.9189351512688124,97.08454704746238,108.76028765253763,101.90382517613727,-1.1857969107128952,-0.0036328694547419975
2013-10-16,0.218189,0.469954,-0.688157,0.854847,0.854839,-0.983546,-1.22104,-0.031884,1.177833,1.83082,1.971303,1.0,101.444084,102.63892584999999,2.761511243811572,97.11590336237686,108.16194833762313,101.86004030221943,-1.070144865818662,0.008512055416385068
2013-10-17,-0.351405,0.075305,-0.711177,0.302109,0.302118,-0.756357,-1.412312,-0.554437,0.62542,1.377846,1.612561,0.0,101.750565,102.38693305,2.5871871358124925,97.21255877837501,107.56130732162498,101.84961408296043,-0.9428902794676901,0.0030166270019808027
2013-10-18,-0.033432,0.167151,-0.434605,0.108773,0.108775,-0.533226,-1.392397,-0.829089,0.295858,1.117588,1.458693,0.0,101.861244,102.162609,2.4144222230990455,97.33376455380191,106.9914534461981,101.85072169410705,-0.8236151103383804,0.0010871570901967195
2013-10-21,-0.158574,0.308798,-0.42564,0.142079,0.142085,-0.467375,-1.369562,-1.063269,-0.084302,0.831905,1.247973,0.0,102.005974,101.91998129999999,2.1466592651080947,97.6266627697838,106.21329983021617,101.86550762800162,-0.7092345634668078,0.0014198459736100768
2013-10-22,-0.414456,0.124339,-0.770889,0.684359,0.684346,-0.731096,-1.715844,-1.773314,-0.922989,0.023877,0.494312,1.0,102.704048,101.75610075,1.9349306007821403,97.88623954843573,105.62596195156428,101.94536861581099,-0.5558509149096977,0.006820151735183692
2013-10-23,0.133192,0.424542,-0.241406,-0.422747,-0.422757,-0.148158,-0.965605,-1.395138,-0.666345,0.259069,0.815799,0.0,102.269859,101.5883891,1.7148763872203332,98.15863632555933,105.01814187444067,101.97627246192424,-0.4639802168674123,-0.0042365358182918245
2013-10-24,0.091241,0.364965,-0.539146,0.357946,0.357957,-0.331782,-0.972126,-1.619105,-1.142164,-0.260447,0.364138,0.0,102.635941,101.4636699,1.523779527704632,98.41611084459073,104.51122895540927,102.03909803697908,-0.35751110339421643,0.0035731774259085782
2013-10-25,0.0,0.522436,-0.265361,0.024882,0.024879,-0.200675,-0.754615,-1.507578,-1.251753,-0.428882,0.241046,0.0,102.661476,101.37640795,1.390515030789714,98.59537788842057,104.15743801157943,102.09837212869536,-0.26798395063437397,0.00024876104633766283
2013-10-28,-0.289476,0.198493,-0.678197,0.265369,0.265368,-0.284513,-0.82458,-1.600638,-1.537504,-0.844923,-0.111651,0.0,102.933907,101.3512939,1.3554491213813324,98.64039565723733,104.06219214276267,102.17794687834342,-0.17305525886374085,0.00265016806772454
2013-10-29,-0.139916,0.419755,-0.279832,0.487963,0.487965,-0.627163,-1.030451,-1.816732,-2.008226,-1.424852,-0.674619,0.0,103.436188,101.35895575,1.3673238223806135,98.62430810523878,104.09360339476123,102.29777936612024,-0.05664078800224104,0.004867778849514405
2013-10-30,1.030755,1.37988,-0.324189,-0.987652,-0.987647,0.392346,0.051532,-0.606266,-1.052787,-0.566919,0.163199,-1.0,102.414604,101.336396,1.3446884215702617,98.64701915685947,104.02577284314052,102.30890552172784,-0.0462812705124378,-0.0099255618789811
2013-10-31,0.158389,1.14205,-0.108367,-0.28263,-0.282627,0.576854,0.371785,-0.125602,-0.70107,-0.402804,0.294817,0.0,102.125153,101.40918465,1.3460823385391592,98.71701997292168,104.10134932707832,102.29140528156329,-0.06072752580661245,-0.0028302682809837757
2013-11-01,0.872807,1.211762,-0.855861,-1.625539,-1.625528,1.801528,1.891347,1.543919,0.93465,1.085993,1.756896,-1.0,100.46508,101.40407715,1.3496342546814977,98.70480864063701,104.103345659363,102.11746954046203,-0.203781241198854,-0.016388846909642128
2013-11-04,0.414901,0.42337,-0.660456,0.076261,0.076267,1.248083,1.668058,1.439439,0.867466,0.8938,1.469922,0.0,100.541702,101.41386754999999,1.342244037904912,98.72937947419017,104.09835562580982,101.9673964413704,-0.3074257733016168,0.0007623822733626837
2013-11-05,-0.717602,0.379911,-1.165046,0.296358,0.296346,0.433942,1.182772,1.156601,0.642038,0.498771,1.000135,0.0,100.839653,101.4870815,1.2627835342916178,98.96151443141676,104.01264856858324,101.85999230409702,-0.36135715573765026,0.0029590745122149917
2013-11-06,-1.5189,0.222887,-1.915139,2.271002,2.271008,-1.657588,-0.980694,-0.980695,-1.386012,-1.722646,-1.323275,1.0,103.12973,101.70033985,1.1518619062401938,99.39661603751962,104.00406366248039,101.98091970370683,-0.2168088524526297,0.02245604905067352
2013-11-07,1.409385,1.642893,-0.408645,-1.01535,-1.015364,-0.657152,-0.01918,0.056707,-0.227256,-0.659163,-0.410588,-1.0,102.082588,101.85059925,0.9739683777313489,99.90266249453731,103.7985360054627,101.99060239859189,-0.18462069628969857,-0.010205538329985062
2013-11-08,-1.254232,0.016501,-1.328492,1.067466,1.067468,-1.181611,-1.025661,-0.91537,-1.135823,-1.607396,-1.502327,1.0,103.172287,102.00043294999999,0.9323414337679651,100.13575008246406,103.86511581753592,102.10314378920219,-0.07037056030689826,0.010618108223605083
2013-11-11,0.082588,0.346876,-0.305586,-0.090767,-0.090764,-0.599604,-0.921705,-0.755979,-0.942771,-1.411965,-1.424408,0.0,103.078644,102.10684889999999,0.9276250293566807,100.25159884128662,103.96209895871336,102.19604857118293,0.01247350133553482,-0.0009080492968487425
2013-11-12,0.858333,1.041667,-0.308336,-0.891974,-0.891966,0.553328,-0.155005,0.101656,0.025822,-0.415679,-0.5739,-1.0,102.159218,102.18559724999999,0.8556218979163873,100.47435345416721,103.89684104583276,102.19254089773693,0.003893145057276115,-0.008959673830810764
2013-11-13,-0.424677,0.049968,-0.749433,0.074997,0.07498,0.303117,-0.247301,0.024436,-0.010401,-0.35839,-0.668934,0.0,102.235817,102.22518389999999,0.8376353269421107,100.54991324611576,103.90045455388422,102.1966624312858,0.0032367389126903845,0.0007495192198379737
2013-11-14,0.016731,0.30947,-0.200734,-0.441334,0.394672,0.017287,-0.589355,-0.368562,-0.360185,-0.611289,-0.995449,0.0,102.639313,102.26962130000001,0.8347004517455854,100.60022039650885,103.93902220349118,102.2388196283062,0.03487328978047799,0.003938950732553778
2013-11-15,-0.233216,0.174912,-0.774614,0.4182,0.418177,-0.419355,-0.750742,-0.757133,-0.716554,-0.912907,-1.326845,0.0,103.068527,102.32998545,0.847174055470187,100.63563733905963,104.02433356094036,102.31783937799133,0.09350163829762437,0.004173050700191644
2013-11-18,0.12442,0.273723,-0.406435,0.416458,0.416466,-0.751362,-0.87675,-1.132411,-1.056251,-1.225405,-1.634569,0.0,103.497772,102.40457535,0.8820980572047654,100.64037923559047,104.16877146440953,102.43021391342073,0.17261175023215003,0.004156008215463172
2013-11-19,-1.237092,0.262165,-1.466493,1.244194,1.244208,-1.469778,-1.71833,-2.261567,-2.172869,-2.278889,-2.671298,1.0,104.7855,102.50864795,1.029725023781353,100.44919790243729,104.5680979975627,102.65452687404733,0.33535026242893196,0.012365317632181454
2013-11-20,0.131151,0.614754,-0.32787,-0.049155,-0.049169,-0.944259,-1.516808,-2.06585,-2.007108,-2.105169,-2.436615,0.0,104.733978,102.63185389999998,1.1410479581671678,100.34975798366564,104.91394981633432,102.85256983842379,0.4549202732676747,-0.0004918110863039873
2013-11-21,-0.890975,0.113396,-0.890975,1.19672,1.19672,-1.48388,-2.313021,-2.981053,-3.007836,-3.102944,-3.373047,1.0,105.98735,102.79942435000001,1.3656607938318037,100.06810276233641,105.53074593766361,103.15112033000247,0.6434002957394256,0.011896154918333252
2013-11-22,-0.395064,0.129003,-1.298074,0.461688,0.461684,-1.296454,-2.451614,-3.050521,-3.274419,-3.374859,-3.619849,0.0,106.476677,102.9901844,1.5929272630752795,99.80432987384944,106.17603892615057,103.46784001285938,0.8227722643912045,0.004606218493455835
2013-11-25,0.024244,0.290933,-0.420234,-0.233815,-0.233804,-0.551158,-1.926561,-2.466472,-2.892705,-2.989446,-3.22838,0.0,106.22773,103.15487555,1.7493908550675275,99.65609383986495,106.65365726013505,103.73068667830135,0.9340705160198866,-0.002340780025965776
2013-11-26,0.513117,0.749306,-0.105878,-0.775819,-0.775827,0.343705,-0.851927,-1.415201,-2.040103,-2.128481,-2.319321,-1.0,105.403587,103.2532455,1.8199339557372074,99.6133775885256,106.89311341147442,103.89001051846313,0.9448817215293133,-0.007788518049133982
2013-11-27,0.163376,0.261395,-0.63715,-0.293208,-0.293201,0.707396,-0.288355,-1.000662,-1.624538,-1.733167,-1.916295,0.0,105.094543,103.38724244999999,1.8532899015912014,99.68066264681758,107.0938222531824,104.00472789765712,0.917931073748619,-0.0029363132303970464
2013-11-29,0.318523,0.702386,-0.359361,0.01634,0.016335,0.524337,-0.069424,-0.82471,-1.498539,-1.655002,-1.825724,0.0,105.11171,103.5365703,1.866518404648614,99.80353349070276,107.26960710929723,104.11015476454692,0.8877245881797222,0.0001633348180005706
2013-12-02,0.433225,0.588525,-0.237039,-0.081678,-0.081671,0.330226,0.198625,-0.625987,-1.200899,-1.484567,-1.645039,0.0,105.025864,103.7646095,1.7462415831855531,100.2721263336289,107.25709266637111,104.1973651679234,0.8470939047490447,-0.0008170457395271755
2013-12-03,-0.1714,0.310158,-0.530521,0.147132,0.147124,-0.016319,0.211399,-0.638761,-1.125532,-1.54386,-1.688928,0.0,105.180382,103.9965435,1.5973538164094987,100.801835867181,107.191251132819,104.29098581859736,0.8179334786452443,0.001470156389460983
2013-12-04,0.271004,0.870498,-0.476304,-0.612145,-0.612148,0.433611,0.804802,0.124833,-0.339723,-0.895347,-1.02498,-1.0,104.536522,104.18138695,1.4164730516038062,101.34844084679239,107.01433305320762,104.31437021682619,0.7344037604312064,-0.006140296854337988
2013-12-05,0.140379,0.743189,-0.322047,-0.550217,-0.550197,0.771252,1.288179,0.789418,0.251635,-0.287547,-0.423175,-1.0,103.961365,104.2229687,1.3960351505869741,101.43089839882605,107.01503900117395,104.28075067236657,0.6147095053013487,-0.005517163432331139
2013-12-06,-0.196253,0.057241,-0.523345,0.982661,0.982642,-0.233866,0.206889,-0.042518,-0.585759,-1.148943,-1.317617,1.0,104.982933,104.36798595,1.3099836244899483,101.74801870102011,106.9879531989799,104.34762517976023,0.5954193224468867,0.00977845435174823
2013-12-09,-0.86752,0.437815,-0.956699,0.858611,0.858614,-0.921028,-0.702119,-0.716173,-1.304011,-1.785743,-2.056246,1.0,105.884331,104.50358815,1.3200265553735628,101.86353503925287,107.14364126074713,104.49397811502115,0.6454269190999895,0.008549487231347817
2013-12-10,0.105125,0.226426,-0.776328,0.259452,0.25946,-0.993053,-0.965559,-0.805982,-1.414339,-1.828252,-2.208445,0.0,106.159058,104.65760885,1.3247164364697022,102.0081759770606,107.3070417229394,104.6525571516858,0.6991669117016954,0.0025912352657331897
2013-12-11,1.408683,1.466012,-0.245696,-1.261528,-1.261514,0.32595,0.244046,0.463536,-0.027864,-0.422092,-0.915029,-1.0,104.819847,104.79064029999999,1.1870577547288614,102.41652479054227,107.16475580945772,104.6684895181919,0.6264715336921824,-0.012695382858090744
2013-12-12,0.652947,0.917431,-0.347134,-0.909091,-0.909109,1.228204,1.045543,1.329587,0.967849,0.519875,0.040635,-1.0,103.86692,104.87219545,1.0504667733605384,102.77126190327893,106.97312899672109,104.59214956407838,0.4863602200529158,-0.009132669377949707
2013-12-13,0.450375,1.034193,-0.433699,-0.900898,-0.9009,1.749795,1.752295,2.052822,1.899916,1.466669,0.976197,-1.0,102.931183,104.88678895000001,1.0193815020431582,102.84802594591369,106.92555195408633,104.4339622722614,0.2963981456056075,-0.009049825629639721
2013-12-16,0.199632,0.399265,-0.341044,0.266888,0.266904,0.9599,1.305095,1.569887,1.635321,1.197874,0.795928,0.0,103.20591,104.8936581,1.0068702971074697,102.87991750578506,106.90739869421493,104.31700491299841,0.1661052480117604,0.002665480129346055
2013-12-17,1.162207,1.254847,-0.412665,-1.231079,-1.231079,1.389587,2.249444,2.555152,2.82549,2.414365,2.097845,-1.0,101.935364,104.81553770000001,1.168510481198554,102.4785167376029,107.15255866239711,104.09018196890332,-0.03922311617726848,-0.012387192703852388
2013-12-18,-1.866773,0.139802,-1.96546,2.408624,2.408608,-1.077295,-0.1694,0.078405,0.388162,0.091123,-0.190067,1.0,104.390587,104.79579205,1.1723750336025578,102.45104198279489,107.14054211720511,104.11879197186491,-0.0037876850868912015,0.023800582402623418
2013-12-19,-1.339069,0.146081,-1.752965,1.332239,1.332253,-2.015912,-1.30986,-1.19408,-0.882173,-1.090743,-1.41875,1.0,105.781334,104.84815985,1.1926843981401793,102.46279105371964,107.23352864628036,104.27712930787779,0.13496106217864678,0.013234568089537482
2013-12-20,0.032579,0.822611,-0.309494,-0.357087,-0.357102,-1.195624,-0.916264,-0.821517,-0.554645,-0.631368,-0.960428,0.0,105.403587,104.81897169999999,1.1702705840253276,102.47843053194934,107.15951286805064,104.38441099284181,0.211995664028521,-0.0035774088516717564
2013-12-23,0.496743,0.643317,-0.138441,0.016293,0.016301,-0.791534,-0.976385,-0.812708,-0.620933,-0.558312,-0.905475,0.0,105.420769,104.76617630000001,1.1140149673066293,102.53814636538675,106.99420623461327,104.4831117554283,0.27130514793907423,0.00016299824521275838
2013-12-24,-0.599146,0.032387,-0.655821,0.578175,0.578163,-0.589419,-1.557759,-1.329439,-1.201515,-1.034403,-1.382317,1.0,106.030273,104.75630344999999,1.1011814083042897,102.5539406333914,106.95866626660857,104.6304604453875,0.36330229746512543,0.00576498164593429
2013-12-26,-0.969474,0.144219,-1.009531,1.052543,1.052549,-1.110484,-2.365991,-2.194797,-2.149263,-1.977082,-2.254357,1.0,107.146294,104.84343880000002,1.217863462153068,102.40771187569388,107.27916572430615,104.87006364106489,0.5202669553847841,0.01047048661652003
2013-12-27,-0.183664,0.335382,-0.431207,0.336516,0.336509,-1.121134,-2.35486,-2.302955,-2.365242,-2.202662,-2.418744,0.0,107.506851,104.96405419999999,1.3556972680624892,102.25265966387501,107.67544873612498,105.12118624667775,0.6660783773402557,0.0033594414756811675
2013-12-30,0.450775,0.788856,-0.265637,-0.798531,-0.798523,-0.091769,-1.220317,-1.412434,-1.507286,-1.390648,-1.507958,-1.0,106.648384,105.0408879,1.4070776520821355,102.22673259583573,107.85504320416428,105.26663365175607,0.7042457606120394,-0.008017283334586765
2013-12-31,-0.184136,0.208145,-0.784568,0.547373,0.547379,-0.297824,-1.382603,-1.865349,-1.940605,-1.899296,-1.914721,0.0,107.232155,105.15120245,1.4898873614776862,102.17142772704463,108.13097717295537,105.45382616111263,0.7726920151912253,0.00545886458289214
2014-01-02,0.257773,0.5961,-0.346383,-0.616448,-0.616444,0.422097,-0.335919,-1.230874,-1.267125,-1.27792,-1.210201,-1.0,106.571129,105.2207398,1.5233991381513328,102.17394152369734,108.26753807630267,105.56023595529238,0.7647809723094809,-0.006183516865356317
2014-01-03,0.201045,0.434259,-0.394047,0.169163,0.169145,0.178539,-0.283062,-1.27703,-1.330105,-1.394119,-1.315632,0.0,106.751389,105.33148315000001,1.551291566006987,102.22890001798604,108.43406628201399,105.6736791024074,0.7642471242134263,0.0016900235811446297
2014-01-06,0.459602,0.628936,-0.403161,-0.265381,-0.265364,0.249957,0.04676,-0.85148,-0.949851,-1.080153,-0.99877,0.0,106.468109,105.45682035,1.535956949033061,102.38490645193387,108.52873424806613,105.74933909265432,0.7325216634633733,-0.0026571694365026656
2014-01-07,-0.519711,0.199888,-1.135363,0.84664,0.846623,-0.457334,-0.61005,-1.408268,-1.670254,-1.826488,-1.786991,1.0,107.369492,105.5761483,1.5889929227687756,102.39816245446245,108.75413414553755,105.90363936954438,0.7712229046026238,0.008430587834698884
2014-01-08,0.932761,0.94898,-0.437993,-1.423202,-1.423201,0.717014,0.864634,0.181152,-0.252648,-0.378288,-0.389048,-1.0,105.841408,105.57400215,1.5885837067924806,102.39683473641503,108.75116956358497,105.89771257244492,0.6708570860695175,-0.014334259314648186
2014-01-09,0.10544,0.10544,-1.030095,0.0,0.0,0.579124,0.846789,0.427183,-0.267654,-0.353306,-0.401215,0.0,105.841408,105.55811965000001,1.5840078438986107,102.39010396220279,108.72613533779723,105.89235023221207,0.5845778027621833,0.0
2014-01-10,1.231302,1.512267,-0.528881,-1.849298,-1.849282,1.922144,2.432846,2.286853,1.56639,1.499041,1.426594,-1.0,103.884102,105.51133239999999,1.620364543010004,102.27060331397998,108.75206148602,105.70108849581092,0.3541798480027154,-0.018665948931690053
2014-01-13,1.308174,1.383649,-0.201256,-1.454427,-1.454433,2.626411,3.443185,3.574561,2.992452,2.93501,2.834939,-1.0,102.373177,105.43664525,1.730810694723402,101.9750238605532,108.8982666394468,105.38414454382894,0.04910276267261793,-0.014651138952663779
2014-01-14,-0.142174,0.150539,-0.643972,0.268344,0.268336,1.431802,2.776622,3.118402,2.703026,2.568545,2.479726,0.0,102.647881,105.42248015,1.753406601795068,101.91566694640986,108.92929335359014,105.12354801584523,-0.16856361201814707,0.0026797653574755147
2014-01-15,0.427926,0.74677,-0.109076,-0.326169,-0.326165,1.074007,2.632154,3.253343,2.995471,2.764561,2.72669,0.0,102.31308,105.37783864999999,1.8228027624578584,101.73223312508426,109.02344417491571,104.85588439528854,-0.36388676470159,-0.0032669762685321913
2014-01-16,0.23563,0.387107,-0.538585,-0.293672,-0.29366,0.621047,2.487575,3.294892,3.302606,2.904644,2.925738,0.0,102.012627,105.3817018,1.81518895000958,101.75132389998085,109.01207970001916,104.58509797668964,-0.5367386277475958,-0.0029409242817631472
2014-01-17,-0.217958,0.913736,-0.461064,0.387107,0.387098,-0.055328,1.668202,2.588089,2.807443,2.413613,2.459552,0.0,102.407516,105.28254824999999,1.9231300097975037,101.43628823040498,109.128808269595,104.3777092170049,-0.634546080245201,0.003863508609315341
2014-01-21,0.315717,0.440344,-0.706214,0.896974,0.896977,-0.759392,0.460281,1.406332,1.774671,1.482216,1.528189,1.0,103.326088,105.15978594999999,1.9674681766501774,101.22484959669963,109.09472230330034,104.2775548153854,-0.6306681574983628,0.008929781874425344
2014-01-22,0.06643,0.27402,-0.381964,0.058158,0.058147,-0.674242,0.016614,1.137044,1.617959,1.440845,1.417706,0.0,103.386169,105.05891505,2.005656066182811,101.04760291763438,109.07022718236561,104.19266092820584,-0.6156500111012804,0.0005813008146085753
2014-01-23,1.224763,1.233211,-0.109804,-1.693931,-1.693937,0.903806,1.326139,2.512613,3.182715,3.126968,3.025891,-1.0,101.634872,104.86962020000001,2.143619057168879,100.58238208566226,109.15685831433777,103.94906198266243,-0.7365723065326222,-0.017084486436943807
2014-01-24,1.358674,1.590849,-0.025797,-1.773797,-1.773773,2.289092,2.553949,3.913766,4.735563,4.904967,4.675083,-1.0,99.8321,104.55971155,2.39973219996313,99.76024715007374,109.35917594992627,103.55697036526601,-0.9667288820810143,-0.017896929713585343
2014-01-27,-0.146009,0.704286,-0.472389,0.120388,0.120388,1.674816,2.037266,3.335326,4.249753,4.601209,4.386889,0.0,99.952286,104.20001115,2.5273852920214335,99.14524056595712,109.25478173404287,103.21366709238353,-1.126446644894358,0.0012031572327009426
2014-01-28,-0.1027,0.162618,-0.659017,0.352139,0.352142,0.7155,1.472946,2.563039,3.524897,4.015738,3.902193,0.0,100.30426,103.83988159999998,2.5444849881729565,98.75091162365408,108.92885157634589,102.93658070263271,-1.2106669474416378,0.0035152345276288828
2014-01-29,0.120689,0.767241,-0.250001,-0.718928,-0.718928,0.681026,1.89999,2.78447,3.919815,4.535159,4.542516,-1.0,99.583145,103.48661965,2.62327551265218,98.24006862469564,108.73317067530435,102.61720587381055,-1.3203795839394559,-0.007215243285775211
2014-01-30,-0.120222,0.437958,-1.090594,0.387928,0.387924,-0.041216,1.271788,1.995702,3.154996,3.913089,4.030622,0.0,99.969452,103.12348449999999,2.5798205197376225,97.96384346052474,108.28312553947524,102.36503883820956,-1.3604732041706171,0.003871735957138554
2014-01-31,2.033508,2.033508,-0.465821,-4.139116,-4.139135,3.439956,4.999569,5.703382,7.048747,7.974216,8.310207,-1.0,95.831581,102.58650709999999,2.919739659085008,96.74702778182997,108.42598641817001,101.74280475838007,-1.7064681920534923,-0.04227237313484423
2014-02-03,1.088716,1.187691,-0.539858,-0.438948,-0.438927,2.944031,4.729164,5.577343,6.926391,7.958242,8.473988,0.0,95.41095,102.01948515000001,3.159653665886242,95.70017781822753,108.33879248177249,101.13977097186768,-1.9916545649867743,-0.0043989344429785715
2014-02-04,0.92935,1.091761,-0.30678,-0.278925,-0.278945,2.147443,4.162241,5.366187,6.630434,7.740514,8.404773,0.0,95.144806,101.45331999999999,3.3304410502434214,94.79243789951315,108.11420210048684,100.56882192692791,-2.2136251242366285,-0.0027933469829732193
2014-02-05,1.351354,1.351354,-0.228269,-1.181995,-1.181991,2.185908,4.411991,6.014742,7.195956,8.491975,9.297855,-1.0,94.020203,100.78585555000001,3.418870816632541,93.94811391673493,107.62359718326509,99.94514393388715,-2.4520191051390867,-0.011890320050040233
2014-02-06,-1.042506,0.071898,-1.222246,1.597882,1.597884,-0.352296,2.129963,3.873469,4.9699,6.295325,7.233463,1.0,95.522537,100.269912,3.3943050773468655,93.48130184530628,107.05852215469373,99.52394327351695,-2.4910074707448473,0.015852524465596166
2014-02-07,-0.124943,0.062472,-1.481485,0.701003,0.700996,-0.970992,1.040616,2.746996,3.737626,5.123792,6.146074,1.0,96.192146,99.7874489,3.243098155025436,93.30125258994913,106.27364521005087,99.20662924746772,-2.439750258946006,0.006985502752763668
2014-02-10,0.698361,0.698361,-0.546155,-0.321286,-0.321278,-0.553323,0.941893,2.624527,3.65476,5.009222,6.096637,0.0,95.883102,99.38739890000001,3.204409669446954,92.9785795611061,105.79621823889391,98.89010284294699,-2.396441135639833,-0.003217949943080301
2014-02-11,-1.364679,0.255328,-1.435116,1.692184,1.692202,-1.723913,-1.024845,0.518854,1.680297,2.894154,3.989241,1.0,97.505638,99.14402195,3.1500884840518055,92.84384498189638,105.44419891810361,98.7582490483806,-2.205766544609176,0.01678043998897443
2014-02-12,0.767652,0.767652,-0.196377,-1.364679,-0.488558,-0.621182,-0.802127,0.575589,1.889971,2.973047,4.169329,0.0,97.029266,98.8630912,3.0707003697051705,92.72169046058966,105.00449193941034,98.59358399615388,-2.0692418645184034,-0.00489755763511377
2014-02-13,-0.693271,0.204423,-1.182119,0.428459,0.428462,-0.650592,-1.484404,-0.140149,1.205487,2.189066,3.390115,0.0,97.445,98.6196872,2.9742620866068656,92.67116302678627,104.56821137321373,98.48419504413923,-1.9055330141393796,0.004275471936111888
2014-02-14,-0.793092,0.308424,-1.665498,0.862146,0.862146,-1.073909,-2.076857,-1.098659,0.150779,1.008053,2.225341,1.0,98.285118,98.43331175,2.8652513817577003,92.7028089864846,104.1638145135154,98.46523532564979,-1.6885376582681886,0.00858450572517437
2014-02-18,1.020319,1.242128,-0.097596,-0.678537,-0.678537,-0.042583,-1.181761,-0.582394,0.589675,1.441362,2.611849,-1.0,97.618217,98.1938468,2.7116401612484298,92.77056647750314,103.61712712249687,98.38456691368314,-1.5524845371922567,-0.006808496406818522
2014-02-19,-0.924291,1.276413,-0.994716,0.789636,0.789644,-0.646131,-1.626223,-1.491059,-0.449296,0.484638,1.534218,1.0,98.389053,97.94699505,2.429926844402308,93.08714136119538,102.80684873880462,98.38499415999904,-1.3667068892017937,0.007865422277124357
2014-02-20,-0.951131,0.637002,-1.308901,0.880282,0.880278,-1.064572,-1.957206,-2.372675,-1.526073,-0.528915,0.375727,1.0,99.25515,97.7404441,2.0958572562096314,93.54872958758074,101.93215861241927,98.46786614476103,-1.136489234631469,0.008764259520401756
2014-02-21,1.810438,1.828184,-0.070999,-1.675391,-1.67539,0.651401,-0.074541,-0.871557,-0.055257,0.972518,1.80431,-1.0,97.592239,97.53831245,1.8848144838831382,93.76868348223373,101.30794141776629,98.38447308335522,-1.0758217020235747,-0.01689583557520427
2014-02-24,-0.683311,0.744632,-0.963643,1.304581,1.304582,-0.52738,-1.090969,-1.943539,-1.391217,-0.455122,0.258091,1.0,98.86541,97.48997795,1.834622996397976,93.82073195720405,101.15922394279595,98.43027659922615,-0.9144665844302438,0.012961458418764686
2014-02-25,-0.521874,0.408803,-0.634951,0.718352,0.71834,-0.84369,-1.425581,-2.364067,-2.113426,-1.278852,-0.601196,1.0,99.5756,97.47114365,1.8097797630557302,93.85158412388854,101.09070317611146,98.53935501834746,-0.7209741523052173,0.007157724424961796
2014-02-26,-0.597353,0.303003,-0.960956,0.469689,0.469697,-0.976541,-1.632761,-2.494092,-2.584089,-1.871629,-1.143516,0.0,100.043304,97.45809584999999,1.7891016377873332,93.87989257442533,101.03629912557466,98.68258825469532,-0.5238515669958019,0.004685977594938683
2014-02-27,-0.02593,0.112368,-0.976752,0.155831,0.155832,-0.942175,-1.469446,-2.234686,-2.704916,-2.151532,-1.378786,0.0,100.199203,97.48889875,1.8323937016808063,93.82411134663839,101.15368615336162,98.82702775424815,-0.3510045891380429,0.0015571022739837537
2014-02-28,0.468222,1.222575,-0.450884,-0.311176,-0.311185,-0.17341,-0.917362,-1.638186,-2.40531,-1.916069,-1.151881,0.0,99.887398,97.48479605,1.8266302662848513,93.8315355174303,101.1380565825697,98.9280153967007,-0.23645644877497318,-0.003116702976046647
2014-03-03,-0.043534,1.175554,-0.505045,-0.424873,-0.424856,0.372686,-0.376181,-0.999271,-1.806352,-1.512418,-0.815572,0.0,99.46302,97.666368,1.8341191346073125,93.99812973078538,101.33460626921463,98.97896821606254,-0.1778696100429329,-0.00425761476023765
2014-03-04,0.494276,0.823792,-0.052027,0.417976,0.417962,0.015614,-0.564511,-1.144636,-1.991395,-1.925291,-1.312795,0.0,99.878738,97.8897574,1.8169593046488426,94.25583879070231,101.52367600929767,99.06466057643753,-0.09677854710422196,0.0041709133785236595
2014-03-05,0.568035,0.725336,-0.367035,-0.771766,-0.771771,0.604744,0.281404,-0.267986,-1.029172,-1.210777,-0.687104,-1.0,99.107903,98.08791225,1.715092368283126,94.65772751343376,101.51809698656625,99.06877890249109,-0.09363388472085887,-0.007747644283726259
2014-03-06,-0.121897,0.261214,-0.43535,0.367035,0.367035,0.090559,-0.063552,-0.469007,-1.117081,-1.576525,-1.181461,0.0,99.471664,98.3604853,1.4468092627805489,95.4668667744389,101.25410382556109,99.10714891177766,-0.061085093568991056,0.0036636338004811097
2014-03-07,-0.008691,0.755991,-0.382345,0.200265,0.200262,-0.152933,-0.054737,-0.519051,-1.106608,-1.785219,-1.444644,0.0,99.670868,98.56790185,1.3093711543532125,95.94915954129357,101.18664415870643,99.1608364439893,-0.01899686011874735,0.0020006179939738777
2014-03-10,-0.33667,0.086331,-1.484801,0.660405,0.660415,-0.635362,-0.56457,-1.035908,-1.54926,-2.250277,-2.074735,1.0,100.329109,98.77475,1.2391957323927316,96.29635853521454,101.25314146478546,99.2721004969427,0.0667039935544409,0.006582434524094901
2014-03-11,1.213868,1.502053,-0.235791,-1.14813,-1.148137,0.377259,0.550174,0.218327,-0.239711,-0.963042,-0.963411,-1.0,99.177193,98.93945455,1.0370579752600246,96.86533859947994,101.01357050052005,99.26306168771006,0.041197642517147415,-0.011547793620932268
2014-03-12,-1.305666,0.61392,-1.314315,0.995546,0.995565,-0.401226,-0.428894,-0.651403,-1.090371,-1.738839,-1.944314,1.0,100.164566,99.07240095,1.0137442036271769,97.04491254274565,101.09988935725436,99.34891924126148,0.09950934307178727,0.009906414789987822
2014-03-13,1.004806,1.13587,-0.28833,-1.037618,-1.037644,0.57319,0.506787,0.381552,0.052443,-0.502544,-0.931575,-1.0,99.125214,99.17719835,0.8925011511350421,97.39219604772991,100.96220065227008,99.32761398018896,0.06114986808670153,-0.010430654530461067
2014-03-14,0.227873,0.701143,-0.368096,-0.30581,-0.305791,0.7099,0.70727,0.77242,0.429009,-0.063801,-0.666404,0.0,98.822098,99.24605325,0.8001767232607346,97.64569980347854,100.84640669652147,99.27946960112334,0.006219090043273923,-0.00306259513059445
2014-03-17,-0.703918,0.191189,-0.816897,0.850133,0.850117,-0.272868,-0.121657,-0.023743,-0.348471,-0.766941,-1.375617,1.0,99.662201,99.3149074,0.771885507470287,97.77113638505942,100.85867841494057,99.31592021054017,0.030128046390501595,0.008465233986312833
2014-03-18,-0.533375,0.275293,-0.894701,1.016771,1.016786,-0.979012,-1.047837,-0.957217,-1.199673,-1.575361,-2.194013,1.0,100.675552,99.46777415,0.7191211026464159,98.02953194470716,100.90601635529283,99.44540895239348,0.12935391194586998,0.01011651201361492
2014-03-19,0.590278,1.336806,-0.468744,-0.894701,-0.894712,-0.163191,-0.087667,-0.08101,-0.238271,-0.595823,-1.15635,-1.0,99.774796,99.5370613,0.6751287190709904,98.18680386185802,100.88731873814199,99.47677914740363,0.13376567656108307,-0.008987383379948517
2014-03-20,-0.571383,0.493464,-1.030216,0.269102,0.269114,-0.247607,-0.298685,-0.359573,-0.466633,-0.742106,-1.220955,0.0,100.043304,99.576469,0.6807861289028551,98.2148967421943,100.93804125780571,99.53073389526995,0.15711723372045583,0.002687525920973708
2014-03-21,0.57079,2.049644,-0.043237,0.103883,0.103875,-0.086481,-0.354576,-0.445671,-0.442354,-0.737173,-1.169526,0.0,100.147224,99.70421825000001,0.5061786907510317,98.69186086849794,100.71657563150208,99.58944723857756,0.18191201800519252,0.0010382110519679048
2014-03-24,0.12948,0.725079,-0.172634,0.190263,0.19028,-0.141574,-0.542957,-0.576622,-0.558062,-0.843861,-1.2195,0.0,100.337784,99.77783695,0.48436243997702694,98.80911207004594,100.74656182995405,99.66071740633208,0.21446642713992503,0.001900990595632
2014-03-25,-0.734472,0.08541,-0.751556,1.070348,1.070337,-1.053889,-1.375865,-1.52874,-1.520625,-1.744298,-2.083865,1.0,101.411736,99.86964375,0.6033977933367913,98.66284816332642,101.07643933667357,99.8274810819195,0.3231993411099694,0.010646490203807101
2014-03-26,0.076462,0.484241,-0.297339,0.52951,0.529489,-1.148568,-1.720315,-1.861622,-1.945867,-2.122147,-2.454318,0.0,101.9487,99.96491355,0.7618702526457639,98.44117304470848,101.48865405529153,100.0295019312605,0.44754049774051907,0.005280921485727518
2014-03-27,0.067988,0.271947,-0.713857,-0.033983,-0.033953,-0.747864,-1.413286,-1.668519,-1.82843,-1.984543,-2.261418,0.0,101.914085,100.05065764999999,0.8773709572797483,98.29591573544049,101.8053995645595,100.2089860330452,0.537097295696185,-0.0003395911650345013
2014-03-28,-0.312239,0.042197,-0.675108,0.705364,0.705356,-0.958652,-1.732494,-2.164843,-2.382283,-2.474603,-2.777499,1.0,102.632942,100.18793485,1.048569308379203,98.0907962332416,102.2850734667584,100.439838982279,0.6584868291862875,0.0070287989033706475
2014-03-31,-0.100919,0.597089,-0.353213,0.345995,0.345985,-0.785467,-1.748379,-2.330052,-2.547724,-2.650742,-2.960499,0.0,102.988037,100.3641857,1.2049074557865878,97.95437078842681,102.77400061157317,100.68252450777624,0.7744151323003337,0.0034538825243408465
2014-04-01,0.126052,0.512606,-0.134457,0.075684,0.075695,-0.539501,-1.590761,-2.152386,-2.466813,-2.588913,-2.857707,0.0,103.065994,100.5235485,1.340471561629856,97.8426053767403,103.20449162325971,100.90952160227373,0.8626356987594761,0.0007566656506658617
2014-04-02,-0.695434,0.159198,-0.695434,0.294116,0.294099,-0.556333,-1.531617,-2.232638,-2.5467,-2.745861,-2.981973,0.0,103.36911,100.73660885,1.4386706209662974,97.8592676080674,103.6139500919326,101.1437681163429,0.9461039636632762,0.0029366731914023817
2014-04-03,0.621638,0.63004,-0.12601,-0.259738,-0.259721,-0.067211,-0.978669,-1.720997,-2.116943,-2.380047,-2.605013,0.0,103.100639,100.9180576,1.4983459311070553,97.92136573778589,103.9147494622141,101.33013677192929,0.9793010263239239,-0.0026005858253531798
2014-04-04,0.799661,0.799661,-0.176774,-0.201611,-0.201612,0.185178,-0.511791,-1.258706,-1.762634,-2.066001,-2.236539,0.0,102.892776,101.079153,1.5300630595701799,98.01902688085964,104.13927911914037,101.47895955555508,0.9775683315272943,-0.002018152575907604
2014-04-07,0.835183,1.261295,0.0,-1.228962,-1.228967,1.164142,0.853079,0.098861,-0.476391,-0.762227,-0.92949,-1.0,101.628258,101.14411045,1.5241102193159521,98.0958900113681,104.1923308886319,101.49317845502601,0.8641971964982957,-0.012365809899264333
2014-04-08,-0.118845,0.432933,-0.526318,0.392029,0.392046,0.565348,0.519506,-0.203754,-0.725401,-1.065555,-1.236295,0.0,102.026688,101.2865852,1.4625055112940102,98.36157417741198,104.21159622258803,101.54398888788069,0.7973088463017888,0.003912799724787275
2014-04-09,-1.066327,0.125946,-1.267844,1.103561,1.103543,-0.574299,-0.460952,-1.074723,-1.664146,-1.988579,-2.213823,1.0,103.152596,101.4359867,1.4941319975727703,98.44772270485446,104.42425069514555,101.69718956522537,0.8256333258196094,0.010974980313285056
2014-04-10,0.437051,1.174047,-0.119975,-2.023506,-2.023503,1.076357,1.510839,1.03579,0.462761,0.098719,-0.165685,-1.0,101.0653,101.53299100000001,1.3959663615945541,98.7410582768109,104.32492372318912,101.63700960663247,0.6719079997914719,-0.02044256385152017
2014-04-11,-0.452874,0.598141,-0.452874,0.291368,0.29136,0.480227,1.090326,0.822019,0.296084,-0.125432,-0.407297,0.0,101.359764,101.6598743,1.2436110170126555,99.17265226597469,104.1470963340253,101.61060526314367,0.5673008640168149,0.0029093650942867877
2014-04-14,-0.724516,0.109524,-1.145746,1.426983,1.426984,-0.704289,-0.349614,-0.436388,-0.962083,-1.434198,-1.700079,1.0,102.806152,101.81707185,1.1745958191411738,99.46788021171766,104.16626348828235,101.72446685712998,0.5942601181646836,0.014168987912914991
2014-04-15,-1.321699,0.008308,-1.629266,1.347941,1.347933,-1.609305,-1.566907,-1.582701,-2.110548,-2.55261,-2.869485,1.0,104.19191,101.99288974999999,1.2551448106866374,99.48260012862671,104.50317937137326,101.95946144216522,0.7191546435720966,0.013389291561281673
2014-04-16,-0.763359,0.238037,-0.763359,1.27182,1.271857,-2.396807,-2.599546,-2.593254,-3.067824,-3.57353,-3.886863,1.0,105.517082,102.28000405,1.3723525733487236,99.53529890330256,105.02470919669744,102.2982824476733,0.9145227116995898,0.012638367351574281
2014-04-17,-1.584734,0.13745,-1.584734,1.518508,1.518474,-2.726383,-3.681264,-3.726273,-4.18741,-4.717327,-5.086506,1.0,107.119331,102.6338054,1.6495043982336595,99.33479660353268,105.93281419646732,102.75742992884727,1.184981685740226,0.015070601529782011
2014-04-21,-0.95782,0.128786,-0.95782,0.45278,0.452795,-2.004189,-3.677563,-3.852225,-4.272782,-4.820352,-5.268571,0.0,107.604362,103.00666230000002,1.8839953477073814,99.23867160458525,106.77465299541478,103.2190425070523,1.422067609153956,0.004517729908379427
2014-04-22,-0.104836,0.282256,-0.314515,-0.193173,-0.193172,-0.95968,-2.954036,-3.392478,-3.758877,-4.34807,-4.865866,0.0,107.3965,103.3595981,2.0143670941145286,99.33086391177095,107.38833228822905,103.61689560161875,1.5750312060261962,-0.0019335928500838438
2014-04-23,-0.400994,0.216535,-0.400994,0.556453,0.556459,-0.803599,-2.938499,-3.622863,-3.986699,-4.606316,-5.120178,1.0,107.994118,103.6887172,2.207809599322621,99.27309800135475,108.10433639864524,104.03377392527412,1.7245986371252258,0.0055491695887226545
2014-04-24,0.434427,0.498789,-0.128724,-0.312775,-0.312794,-0.094925,-2.215602,-3.054968,-3.420348,-4.014154,-4.590503,0.0,107.656319,103.97409814999999,2.3362069997165937,99.3016841505668,108.64651214943318,104.37877821810515,1.7951806228908538,-0.0031328411013863216
2014-04-25,0.193568,0.572626,-0.330669,-0.249401,-0.249392,0.204859,-1.382369,-2.54644,-2.924025,-3.500605,-4.095492,0.0,107.387833,104.24778555,2.4018768467763816,99.44403185644724,109.05153924355277,104.6653548639999,1.8086043140418013,-0.002497032697775363
2014-04-28,-1.169173,0.262463,-1.177128,1.403343,1.403335,-0.944876,-2.055193,-3.52766,-3.979953,-4.51475,-5.114395,1.0,108.894844,104.56088065000002,2.5816976979498274,99.39748525410036,109.72427604589967,105.06816335314275,1.9187279773191364,0.013935793749950303
2014-04-29,-0.039694,1.031989,-0.166706,0.190884,0.190898,-0.820836,-1.664688,-3.25475,-3.882678,-4.375335,-5.006756,0.0,109.102722,104.86661489999999,2.7426755486410253,99.38126380271794,110.35196599728204,105.45240703379582,1.9997242151880528,0.0019071594864394743
2014-04-30,0.191209,0.36648,-0.167303,-0.357231,-0.35725,-0.333004,-0.896255,-2.497862,-3.278348,-3.763849,-4.419734,0.0,108.712952,105.1489628,2.8366101049797003,99.47574259004061,110.8221830099594,105.76293512581526,2.009301162633065,-0.0035789014525356867
2014-05-01,0.576278,0.656315,-0.528256,-0.462074,-0.462067,0.232112,-0.187287,-1.733629,-2.605647,-3.085637,-3.71618,0.0,108.210625,105.39103855,2.8829322328806906,99.62517408423862,111.15690301576139,105.99604844716619,1.953834780572791,-0.0046313812896081295
2014-05-02,-0.657472,0.865941,-0.914047,-0.176085,-0.17608,0.525975,0.072161,-1.131069,-2.206142,-2.688584,-3.300194,0.0,108.020088,105.637011,2.8870909499920354,99.86282910001593,111.41119289998407,106.18881411886464,1.8729127572426876,-0.0017623495448155007
2014-05-05,-0.43076,0.390872,-0.813661,0.513149,0.513144,-0.046265,-0.34939,-1.192828,-2.443758,-2.966493,-3.535149,0.0,108.574387,105.92109155,2.882377543565639,100.15633646286872,111.68584663713128,106.41601153611563,1.8323861605340142,0.005118322709670899
2014-05-06,0.024005,0.576139,-0.36009,-0.311104,-0.311108,0.105628,0.039216,-0.549991,-1.834032,-2.469705,-2.990844,0.0,108.236603,106.25150879999998,2.7396078087979143,100.77229318240416,111.73072441759581,106.58940119934272,1.7528069276649916,-0.003115933129556437
2014-05-07,-0.221822,0.435709,-0.467404,1.008244,1.008255,-0.78112,-0.837367,-1.229506,-2.480002,-3.214138,-3.717822,1.0,109.327904,106.6165696,2.631322229712885,101.35392514057423,111.87921405942578,106.8502109898815,1.7575388685492186,0.010032060537943874
2014-05-08,0.48765,0.831402,-0.175868,-0.903119,-0.903131,0.147103,0.129516,-0.15561,-1.351815,-2.148521,-2.643684,-1.0,108.34053,106.8759663,2.5254543130098077,101.82505767398038,111.92687492601962,106.99214613370232,1.66245241917305,-0.009072337721989987
2014-05-09,0.287931,0.831801,-0.311925,-0.047963,-0.047942,0.244729,0.260725,-0.035735,-0.970978,-1.909952,-2.400767,0.0,108.288589,107.23713075,2.1374275623136314,102.96227562537274,111.51198587462727,107.11561688287354,1.5648657204404657,-0.0004795384963491125
2014-05-12,0.263496,0.263496,-0.487066,0.167959,0.167957,0.057483,0.053489,-0.150119,-0.809254,-1.868739,-2.385028,0.0,108.470467,107.5926659,1.6424133179477605,104.30783926410447,110.87749253589553,107.24465022736177,1.48508446393555,0.0016781586526561035
2014-05-13,-0.222486,0.111244,-0.699243,0.487065,0.487071,-0.287653,-0.441015,-0.536101,-1.005972,-2.07391,-2.67436,0.0,108.998795,107.90229804999998,1.2226363016723456,105.4570254466553,110.34757065334468,107.4117116342797,1.4477995653754476,0.004858884741425082
2014-05-14,-0.221483,0.284766,-0.522066,0.45292,0.452904,-0.707161,-0.818696,-0.893316,-1.210248,-2.24268,-2.917521,0.0,109.492455,108.16732530000002,0.910719258156744,106.34588678368652,109.98876381631351,107.6098776691102,1.4414688948183851,0.00451881565080462
2014-05-15,1.098457,1.364996,-0.209995,-2.064547,-1.22855,0.492137,0.409095,0.369669,0.140133,-0.842008,-1.562705,-1.0,108.147285,108.29883545,0.6644940873263976,106.9698472753472,109.62782362465279,107.66105931967114,1.312774963244422,-0.012361594711204234
2014-05-16,0.633219,0.949828,-0.235429,-0.508843,-0.508843,0.877545,0.88331,0.895964,0.674492,-0.092048,-0.919955,-1.0,107.596985,108.32271815000001,0.6274195729188932,107.06787900416222,109.5775572958378,107.65495700351198,1.1530874104358162,-0.00510142117275772
2014-05-19,0.0,0.38227,-0.081333,-0.186721,-0.18672,0.866177,0.962316,0.991673,0.853126,0.319673,-0.594835,0.0,107.39608,108.31230405000001,0.6415402814759733,107.02922348704806,109.59538461295196,107.63030205079656,0.9988088729312352,-0.0018689445492516459
2014-05-20,0.367344,0.489794,-0.212247,-0.366,-0.366018,0.863684,1.217926,1.231858,1.205235,0.845097,-0.062225,0.0,107.002991,108.29262860000001,0.6762032495998648,106.94022210080028,109.64503509919975,107.57055814119688,0.8351954105224451,-0.0036668949975070565
2014-05-21,-0.934282,0.16108,-0.982605,1.355105,1.355114,-0.676546,-0.216024,-0.137587,-0.126719,-0.346038,-1.200874,1.0,108.453003,108.31557285000001,0.673320462465517,106.96893192506897,109.66221377493105,107.65460050870193,0.8131608013927973,0.013460139727075009
2014-05-22,0.380167,0.630921,-0.05662,-0.426874,-0.426869,-0.279867,0.179293,0.276905,0.316889,0.172777,-0.628005,0.0,107.990051,108.33225945,0.660128713207438,107.01200202358513,109.65251687641486,107.68654817453985,0.7496997851072535,-0.004277824558816403
2014-05-23,0.591712,0.802462,-0.032424,-0.2103,-0.210301,-0.038912,0.341638,0.472325,0.545705,0.407775,-0.211413,0.0,107.762947,108.35101515000001,0.6367999050611931,107.07741533987762,109.6246149601224,107.6938242531551,0.6733194699535403,-0.0021052229723952836
2014-05-27,0.748947,0.936179,-0.073263,-0.429608,-0.429616,0.374478,0.665496,0.826652,0.905212,0.829657,0.403681,0.0,107.29998,108.27127194999998,0.6643759942172471,106.9425199615655,109.60002393843448,107.65631527666413,0.5688723458877689,-0.004305416294766388
2014-05-28,0.310158,0.644794,0.0,-0.260501,-0.260487,0.639891,0.743548,1.014222,1.071461,1.078938,0.797165,0.0,107.020477,108.1671597,0.6898857793123108,106.78738814137537,109.54693125862462,107.59575925031517,0.4582611421793814,-0.0026082732592995175
2014-05-29,0.46599,0.474168,-0.547742,-0.163236,-0.163244,0.503598,0.660564,1.024519,1.149347,1.201222,1.044774,0.0,106.845772,108.07380069999999,0.7368768926247317,106.60004691475054,109.54755448524945,107.5243318931423,0.352441012297561,-0.001633778491721587
2014-05-30,-0.447922,0.073293,-0.63523,0.384239,0.384219,-0.017901,0.192216,0.570457,0.717711,0.798958,0.712078,0.0,107.256294,108.02608415,0.7581425527459051,106.5097990445082,109.5423692554918,107.4988044747478,0.2982652750705057,0.0038348299085715037
2014-06-02,0.589151,0.67916,-0.16365,-0.472353,-0.472326,0.266744,0.588324,0.951625,1.136181,1.253405,1.178483,0.0,106.749695,107.96256450000001,0.8101091825406738,106.34234613491867,109.58278286508136,107.42746071524802,0.21200840658697473,-0.004734446439100793
2014-06-03,-0.130562,0.220316,-0.677276,0.278213,0.278197,-0.058748,0.276626,0.582889,0.784246,0.903442,0.880423,0.0,107.046669,107.8861786,0.8213308374421532,106.24351692511569,109.5288402748843,107.39119483760535,0.16570242237239086,0.002778103288980319
2014-06-04,-0.024518,0.26972,-0.286063,-0.163203,-0.163205,0.076835,0.428289,0.614641,0.885155,0.984898,1.028973,0.0,106.871964,107.81794665,0.8469705941846536,106.12400546163069,109.5118878383693,107.34174428164295,0.11359787721998771,-0.001633378414882077
2014-06-05,-0.801488,0.210494,-0.858159,0.956272,0.956287,-0.676821,-0.57481,-0.437179,-0.13691,-0.002023,0.068903,1.0,107.893967,107.74624980000002,0.7695803261536681,106.20708914769268,109.28541045230735,107.39433692148647,0.15300797002399236,0.009517437982713676
2014-06-06,-0.394561,0.410657,-0.523392,0.542426,0.542424,-0.987202,-1.066114,-0.953919,-0.669277,-0.531606,-0.445681,0.0,108.47921,107.75318380000002,0.7758161672242831,106.20155146555145,109.30481613444859,107.4976581670592,0.22882719407245133,0.005409583898583478
2014-06-09,-0.28946,0.217091,-0.393991,0.14494,0.144944,-0.783156,-1.1289,-1.033485,-0.797032,-0.652877,-0.551458,0.0,108.636444,107.77057655000002,0.7921776607910356,106.18622122841795,109.35493187158208,107.60611396067262,0.29816488591583834,0.0014483895987302078
2014-06-10,-0.287213,0.02394,-0.949413,0.779925,0.779918,-1.105788,-1.694588,-1.672249,-1.518472,-1.388484,-1.303144,1.0,109.483719,107.82123915,0.8680601455661626,106.08511885886767,109.55735944113232,107.7849334882276,0.4166802868083437,0.0077689219544274995
2014-06-11,-0.039945,0.231667,-0.447353,-0.12765,-0.127649,-0.527238,-1.356448,-1.403845,-1.376817,-1.221937,-1.169643,0.0,109.343964,107.83849760000001,0.8956954374614801,106.04710672507706,109.62988847492296,107.93341258458688,0.4936371930710379,-0.0012773065736933539
2014-06-12,-0.301323,0.095157,-0.547144,0.742931,0.742928,-0.850048,-1.783363,-2.027858,-2.073981,-1.920294,-1.854791,1.0,110.156311,107.87169039999999,0.9694758392218976,105.93273872155619,109.81064207844379,108.1451171955786,0.6131081801079574,0.007401819508699436
2014-06-13,-1.037247,0.0,-1.068678,0.911903,0.911894,-1.263546,-2.319652,-2.723026,-2.823344,-2.70511,-2.653218,1.0,111.16082,108.02236715,1.2171177371604616,105.58813167567907,110.45660262432092,108.43232698647589,0.7798555895516159,0.009077615395968545
2014-06-16,-1.081369,0.210055,-1.089151,1.005808,1.005816,-1.597942,-2.7999,-3.423571,-3.582535,-3.531816,-3.496161,1.0,112.278893,108.25646255,1.538748386604119,105.17896577679176,111.33395932320823,108.79866660681151,0.9908019121692746,0.010007910563385194
2014-06-17,-0.721882,0.162999,-0.978035,0.225618,0.225615,-1.277653,-2.53124,-3.331002,-3.57137,-3.604596,-3.596163,0.0,112.532211,108.51326909999997,1.7948751597275772,104.92351878054482,112.10301941945512,109.15424226330565,1.1649897613749118,0.002253608498017809
2014-06-18,-1.013196,0.168868,-1.473747,1.125512,1.125526,-1.593501,-3.007376,-4.009833,-4.346031,-4.508757,-4.506212,1.0,113.79879,108.85305905,2.1095847306958113,104.63388958860838,113.07222851139161,109.59658014299083,1.3892231274320181,0.011192388284049063
2014-06-19,-1.287985,0.007573,-1.575878,1.312562,1.312558,-1.977431,-3.622251,-4.765016,-5.288666,-5.544669,-5.570937,1.0,115.292465,109.19503215,2.549753332827117,104.09552548434577,114.29453881565424,110.1390453674679,1.6682264982467814,0.013040184935162872
2014-06-20,-0.294695,0.045336,-1.103212,0.265165,0.26518,-1.468956,-3.261311,-4.535806,-5.21008,-5.536662,-5.611404,0.0,115.598198,109.57543949999999,2.903518350291129,103.76840279941773,115.38247620058225,110.65896466580429,1.8921967118680527,0.0026482939995471793
2014-06-23,-0.345911,0.443684,-0.421114,0.483603,0.483577,-1.275367,-3.079401,-4.455297,-5.304924,-5.696486,-5.839845,0.0,116.157204,109.99515234999998,3.2174628345366916,103.5602266809266,116.43007801907336,111.18260650715625,2.09070152639336,0.004824112657373873
2014-06-24,0.736132,1.28254,-0.045532,-0.909905,-0.909888,0.0774,-1.701462,-3.111495,-4.096545,-4.562812,-4.783224,-1.0,115.100304,110.38516855,3.343852500751972,103.69746354849606,117.07287355150395,111.55572055409374,2.13808847194575,-0.00914052363292876
2014-06-25,0.083822,0.861087,-0.167645,-0.409811,-0.409832,0.634018,-0.835924,-2.261664,-3.370025,-3.903973,-4.227679,0.0,114.628586,110.76557400000002,3.3735575294795104,104.01845894104099,117.51268905895904,111.84837440608482,2.1132193897210243,-0.004106742194881823
2014-06-26,0.221516,0.22915,-1.061716,-0.236225,-0.236206,0.708826,-0.233737,-1.653433,-2.812793,-3.469912,-3.859106,0.0,114.357826,111.1411767,3.332099043173254,104.4769786136535,117.8053747863465,112.0873697959815,2.048053705474075,-0.0023648575810392065
2014-06-27,0.283826,0.45259,-0.813131,-0.42774,-0.427743,0.837675,0.432644,-0.915418,-2.104945,-2.848732,-3.278618,0.0,113.868668,111.47179540000002,3.253463881528751,104.96486763694251,117.97872316305752,112.25701724398327,1.934637175588577,-0.004286607925749951
2014-06-30,-0.306403,0.061281,-0.903874,0.145752,0.145742,0.318657,0.44045,-0.744028,-1.927994,-2.770124,-3.231198,0.0,114.034622,111.83604174999998,3.1012039874526587,105.63363377509467,118.03844972490529,112.42631293503248,1.836969419403772,0.0014563548365795966
2014-07-01,0.306426,0.674127,-0.061273,-0.007668,-0.00766,0.13789,0.579139,-0.470861,-1.614444,-2.526732,-3.029975,0.0,114.025887,112.18500265,2.921370568306519,106.34226151338696,118.02774378661304,112.57865332217224,1.7388181640521054,-7.6602477496594e-05
2014-07-02,0.230364,0.529833,-0.184282,-0.237473,-0.237482,0.222692,0.814724,0.024582,-1.077698,-2.057888,-2.601285,0.0,113.755096,112.52915924999999,2.6558936653852294,107.21737191922954,117.84094658077045,112.69069548196535,1.6205018794996278,-0.0023776447357723865
2014-07-03,0.190563,0.304897,-0.35826,0.737162,0.737158,-0.469543,0.016016,-0.449213,-1.509253,-2.504146,-3.135393,1.0,114.593651,112.86414345,2.4554395338256145,107.95326438234878,117.77502251765122,112.8719293408258,1.576229954229163,0.007344544522194805
2014-07-07,-0.022993,0.130297,-0.344905,-0.548823,-0.548808,0.096565,0.424612,0.264168,-0.725076,-1.730671,-2.426106,-1.0,113.964752,113.13842055,2.2364636329531566,108.6654932840937,117.61134781590631,112.97600768931858,1.473412657174208,-0.005503193747730655
2014-07-08,-0.153962,0.369523,-0.292525,-0.436887,-0.436897,0.435724,0.628184,0.773939,-0.076588,-1.062654,-1.830373,0.0,113.466843,113.3799405,1.969598580166364,109.44074333966728,117.31913766033273,113.02275390938347,1.3363475309097907,-0.004378545518077976
2014-07-09,-0.85242,0.22833,-1.065526,1.14704,1.14705,-0.573871,-0.541904,-0.238986,-0.979531,-1.915522,-2.726746,1.0,114.768364,113.64417275000001,1.7630394952193635,110.11809375956128,117.17025174043874,113.18900248944219,1.3175563290683243,0.011405208910874725
2014-07-10,0.17658,0.468331,-0.268719,-0.867645,-0.867644,0.299418,0.253353,0.632625,0.08176,-0.814439,-1.677549,-1.0,113.772583,113.8656037,1.4437144629253167,110.97817477414937,116.75303262585062,113.24458158568578,1.2083834691746773,-0.008714301000482235
2014-07-11,0.513742,1.105315,-0.342494,-1.366602,-1.366601,1.26566,1.451693,1.844263,1.560279,0.713934,-0.155686,-1.0,112.217766,113.96867645,1.2214304485908531,111.5258155528183,116.4115373471817,113.14678962514428,0.9850474396947391,-0.013760247194573371
2014-07-14,-0.355866,0.185676,-0.680791,0.614925,0.614919,0.459543,0.746559,1.062977,1.016947,0.255303,-0.599047,1.0,112.907814,114.05602615000001,1.0621409948620448,111.93174416027591,116.1803081397241,113.12403004179721,0.8538900212737559,0.0061303576525853646
2014-07-15,-0.146981,0.185676,-0.502858,0.0,0.0,0.360519,0.64676,0.871116,1.044798,0.406626,-0.417243,0.0,112.907814,114.08747220000001,1.0150223796788893,112.05742744064223,116.11751695935779,113.10343803781653,0.741400419704334,0.0
2014-07-16,-0.764,0.038202,-0.916798,1.261027,1.261027,-0.965695,-0.579877,-0.429878,-0.134844,-0.674153,-1.444978,1.0,114.331612,114.17744225000001,0.9474067885691071,112.2826286728618,116.07225582713822,113.22040698659592,0.7583978609852267,0.012531422538550399
2014-07-17,0.430502,1.091634,-0.153749,-0.618838,-0.618838,-0.375155,0.027674,0.1312,0.47932,0.095017,-0.633201,-1.0,113.624084,114.16870695,0.9518766658996632,112.26495361820068,116.07246028179932,113.25885241644393,0.7066312538863855,-0.0062076121319234
2014-07-18,0.191732,0.260754,-0.621211,0.238313,0.238315,-0.317511,-0.271493,-0.133959,0.179077,-0.011658,-0.693817,0.0,113.894867,114.09882705,0.9156477922443392,112.26753146551133,115.93012263448867,113.31942523392546,0.6796215160865984,0.002380312731418854
2014-07-21,-0.898768,0.038086,-0.974939,0.690232,0.690233,-0.691597,-0.892678,-0.771319,-0.54764,-0.574298,-1.1943,1.0,114.681007,114.0529675,0.8577376912047137,112.33749211759057,115.76844288240942,113.44909968783732,0.7134270888521428,0.006878618341913115
2014-07-22,-0.776889,0.467638,-0.776889,0.982565,0.982539,-1.157021,-1.65483,-1.634718,-1.530377,-1.419801,-1.949243,1.0,115.807793,114.03549695000001,0.8151222664672237,112.40525241706557,115.66574148293445,113.67373714613852,0.821668775903774,0.009777438006132812
2014-07-23,-0.881392,0.037338,-1.045719,0.980542,0.980561,-1.670156,-2.423814,-2.423565,-2.407755,-2.226172,-2.688727,1.0,116.943359,114.1276497,1.0202184218657895,112.08721285626842,116.16808654373159,113.98512970364914,0.9876962312757911,0.009757846528575677
2014-07-24,-0.608088,0.185391,-0.860218,0.72453,0.72453,-1.670009,-2.784578,-2.897048,-2.97553,-2.79392,-3.149674,1.0,117.790649,114.28575285,1.3067187011006431,111.67231544779871,116.89919025220128,114.3475601128254,1.1741090099145595,0.007219181294072358
2014-07-25,0.756154,0.778613,-0.381829,-0.949202,-0.949203,-0.251559,-1.471142,-1.847722,-1.946547,-1.815079,-2.035388,-1.0,116.672577,114.40149039999999,1.4117289304214602,111.57803253915706,117.22494826084291,114.56899029255631,1.2175878192763747,-0.009537363228925243
2014-07-28,0.240163,0.420293,-0.262688,-0.247063,-0.247062,0.288198,-0.928402,-1.466027,-1.595619,-1.544882,-1.64315,0.0,116.384323,114.52727315,1.4725182921305,111.582236565739,117.472309734261,114.74187912183666,1.2147821477589815,-0.0024736804358746582
2014-07-29,0.36248,0.981727,0.0,-0.615436,-0.615429,0.885062,-0.076276,-0.728996,-0.91565,-0.952124,-0.936416,-1.0,115.66806,114.60894505000002,1.48896247503287,111.63102009993428,117.58687000006576,114.83008682451889,1.1416025116954103,-0.006173306780594864
2014-07-30,0.332002,0.875276,-0.777182,0.08307,0.083077,0.597594,-0.035474,-0.754052,-0.92282,-1.011404,-0.925585,0.0,115.764153,114.69585835000001,1.5037960050765569,111.68826633984689,117.70345036015313,114.91904550789805,1.0789238622245563,0.000830420314238013
2014-07-31,1.926641,2.112346,-0.108325,-2.482452,-2.482464,2.290313,2.444287,1.720311,1.561047,1.446918,1.569688,-1.0,112.89035,114.65262105,1.544158489842765,111.56430407031446,117.74093802968552,114.72583641190775,0.788271987428601,-0.025137963998108918
2014-08-01,-0.109461,0.828776,-1.204066,-1.036833,-1.036842,2.475381,3.322916,2.756328,2.49649,2.415333,2.527244,-1.0,111.719856,114.5089313,1.67785549029454,111.15322031941092,117.86464228058908,114.43955256315463,0.4581973848115126,-0.010422541492316873
2014-08-04,-0.374499,0.148243,-1.669657,0.211099,0.211113,1.468362,2.861821,2.483158,2.190838,2.131229,2.202801,0.0,111.955711,114.40847925,1.7697720992548631,110.86893505149027,117.94802344850973,114.20299622380657,0.21318494817633393,0.002108903449550522
2014-08-05,2.280729,2.280729,-0.304095,-2.504485,-2.504488,2.880923,4.894367,4.886363,4.618278,4.575863,4.614276,-1.0,109.151794,114.19272679999999,2.119146439133493,109.954433921733,118.43101967826698,113.7219293453488,-0.20488011127490324,-0.02536383663107281
2014-08-06,-0.660146,0.986239,-0.73968,0.6162,0.6162,1.169169,3.603752,3.970409,3.752483,3.782387,3.813459,1.0,109.824387,113.94552795,2.3266617148628703,109.29220452027425,118.59885137972574,113.35073483626796,-0.476435002739251,0.006143089281168083
2014-08-07,0.429765,0.859531,-0.652606,-0.063629,-0.063634,0.662159,2.937529,3.801568,3.635498,3.702669,3.731532,0.0,109.754501,113.74462385,2.5087351369997184,108.72715357600056,118.76209412399943,113.008236375671,-0.6893371769322414,-0.0006365457353054226
2014-08-08,-1.399969,0.078209,-1.525103,1.758853,1.75886,-1.084,0.711714,1.875485,1.820347,1.806035,1.858801,1.0,111.684929,113.717982,2.52855419456616,108.66087361086768,118.77509038913233,112.88220710179758,-0.694290923927511,0.01743571056493555
2014-08-11,0.352365,0.751702,-0.133113,-0.117317,-0.117318,-1.039856,0.396994,1.808263,1.879257,1.839166,1.909273,0.0,111.553902,113.6502864,2.5691833246270557,108.51191975074589,118.78865304925411,112.75570185400733,-0.7007122137508475,-0.0011738729723596375
2014-08-12,0.039345,0.149503,-0.653076,-0.485477,-0.485474,-0.22189,0.467385,2.016943,2.290895,2.24754,2.31568,0.0,111.012337,113.55551255,2.6322016627532125,108.29110922449358,118.81991587550642,112.58966710600663,-0.7409595808346552,-0.004866560816008794
2014-08-13,0.031349,0.501573,-0.572096,0.401292,0.401296,-0.327591,-0.320539,1.281081,1.753128,1.720056,1.82993,0.0,111.457825,113.4118232,2.665829153029331,108.08016489394134,118.74348150605866,112.48187261972028,-0.7285109301927974,0.004004928943671887
2014-08-14,0.567109,0.582859,-0.338689,-0.501567,-0.501574,0.381225,0.002364,1.377338,2.143195,2.129175,2.257404,-1.0,110.898781,113.27555805,2.7234384131998115,107.82868122360038,118.72243487639962,112.33110198927073,-0.7550516975794608,-0.005028365812768073
2014-08-15,0.253767,0.547187,-0.333067,-0.677379,0.166816,0.105818,-0.22144,0.873096,1.846557,1.918257,1.981784,0.0,111.083778,113.13500359999998,2.7620593400680433,107.61088491986389,118.65912228013606,112.21230922838781,-0.7524835729099806,0.001666770972117082
2014-08-18,-0.023758,0.229606,-0.530488,0.158608,0.158614,-0.105549,-0.441984,0.406301,1.53153,1.697614,1.739249,0.0,111.259972,112.96395185000002,2.767203672413062,107.4295445051739,118.49835919482614,112.12161044473183,-0.7278408362269602,0.0015848796008971103
2014-08-19,-0.712995,0.054846,-0.846191,1.053044,1.053043,-0.894053,-1.187733,-0.83191,0.323356,0.620912,0.648362,1.0,112.431587,112.79514155,2.6863881898727713,107.42236517025445,118.16791792974554,112.15113202142405,-0.6067772010909493,0.010475368127315504
2014-08-20,-0.188248,0.086281,-0.556906,-0.109691,-0.1097,-0.63377,-0.858053,-0.928147,0.227175,0.659349,0.685878,0.0,112.30825,112.5633861,2.503388148552532,107.55660980289494,117.57016239710507,112.16609563843129,-0.5148507838067076,-0.0010975981297184681
2014-08-21,-0.195419,0.195414,-0.586258,0.345127,0.345125,-0.656604,-0.93804,-1.280399,-0.343586,0.280197,0.307733,0.0,112.695854,112.30864635,2.1820742876321764,107.94449777473565,116.67279492526436,112.21654881572354,-0.406041439395338,0.0034453094545330225
2014-08-22,-0.070808,0.30682,-0.503501,-0.640975,-0.640961,0.143175,-0.273223,-0.628461,0.089463,0.858464,0.947543,-1.0,111.973518,112.0736934,1.925341777681824,108.22300984463635,115.92437695536364,112.19340302374987,-0.37378694517678923,-0.006430235527814514
2014-08-25,-0.211198,0.179921,-0.359824,0.574302,0.574296,-0.187734,-0.748317,-1.156767,-0.649346,0.20922,0.362495,1.0,112.616577,111.88530610000001,1.64533275814666,108.59464058370669,115.17597161629332,112.23370530720226,-0.2929584959152294,0.005726528209761313
2014-08-26,-0.14815,0.35868,-0.241714,0.320717,0.320713,-0.410136,-0.891648,-1.246991,-1.086021,-0.211335,0.043712,0.0,112.977753,111.75079075,1.4134244229645512,108.92394190407089,114.5776395959291,112.30456699223062,-0.19748104426111013,0.0032019981050807524
2014-08-27,-0.17879,0.139932,-0.349811,0.304093,0.304087,-0.533265,-1.027668,-1.340654,-1.493678,-0.641711,-0.289304,0.0,113.321304,111.62864829999998,1.124339879922081,109.37996854015582,113.87732805984415,112.40139908820865,-0.09302049901346265,0.0030362589087521217
2014-08-28,-0.365049,0.1165,-0.38835,0.085511,0.085504,-0.490863,-0.890085,-1.209589,-1.554563,-0.880799,-0.380538,0.0,113.418198,111.65504070000001,1.1611094721386759,109.33282175572266,113.97725964427737,112.49823707980782,-0.0023886929190126693,0.0008546724769479566
2014-08-29,-0.347622,0.061801,-0.733872,0.543687,0.543698,-0.66744,-1.167244,-1.606426,-1.985411,-1.509318,-0.915147,0.0,114.034851,111.77079045,1.277470050485977,109.21585034902806,114.32573055097195,112.64458126268326,0.11783804624811012,0.005422257591668403
2014-09-02,1.301549,1.442688,-0.376355,-1.47547,-1.475475,0.773091,0.410071,-0.085537,-0.499923,-0.177899,0.49963,-1.0,112.352295,111.79061964999998,1.2835549494376106,109.22350975112477,114.3577295488752,112.61674447576104,0.07646890974088194,-0.014864686541849886
2014-09-03,0.461439,0.797751,-0.148602,0.250902,0.250905,0.459874,0.176755,-0.239605,-0.594361,-0.535474,0.154182,0.0,112.634193,111.9647396,1.134265653982045,109.6962082920359,114.2332709079641,112.61840623997426,0.06567334228088839,0.0025059117996194713
2014-09-04,1.111991,1.309151,-0.473191,-0.82903,-0.829028,1.009457,0.959775,0.608829,0.320605,0.150486,0.834971,-1.0,111.700424,112.05854144999998,1.019736566731863,110.01906831653625,114.09801458346371,112.53097935997671,-0.018021832706651253,-0.00832483550886254
2014-09-05,-0.196232,0.031397,-0.973311,0.473185,0.473199,0.321808,0.442685,0.214009,-0.041632,-0.344765,0.19488,0.0,112.228989,112.18226585,0.8636424111995822,110.45498102760082,113.90955067239916,112.50221837331226,-0.041224869147498566,0.004720826751258119
2014-09-08,0.372396,0.427859,-0.412009,-0.934068,-0.934081,0.754301,1.318437,1.164726,0.878187,0.575475,0.974952,-1.0,111.180679,112.15705335,0.8859964638942686,110.38506042221147,113.92904627778853,112.37635748061587,-0.1425599561692792,-0.009384711980833184
2014-09-09,-0.551208,0.487299,-0.73494,-0.816099,-0.816102,1.206268,1.939608,1.937479,1.650167,1.342001,1.621069,-1.0,110.273331,112.0930248,0.9737996709366469,110.1454254581267,114.0406241418733,112.17606924436674,-0.2927099650191707,-0.008194505733779856
2014-09-10,0.144834,0.370131,-1.021884,-0.718965,-0.718963,1.363055,2.358383,2.495977,2.316327,2.087899,2.168586,-1.0,109.480507,112.01643330000002,1.1134930378156065,109.7894472243688,114.24341937563123,111.91934903061752,-0.470258354117874,-0.007215595841838942
2014-09-11,-0.44416,0.193812,-1.146732,-0.362083,-0.362088,1.251721,2.341922,2.671407,2.579346,2.431744,2.335745,0.0,109.084091,111.89774659999998,1.2888657934383672,109.32001501312324,114.47547818687671,111.649324456273,-0.6356270765841856,-0.003627453286683073
2014-09-12,0.717428,0.815262,-0.366872,-0.944842,-0.94484,1.444642,2.82162,3.364312,3.426136,3.34582,3.162663,-1.0,108.053421,111.75547859999999,1.537914326009606,108.67964994798078,114.8313072520192,111.30685746043748,-0.8401645420311752,-0.009493318138281063
2014-09-15,-1.521249,0.434643,-1.754668,1.288109,1.288102,-0.162581,1.094666,1.895802,2.035989,1.949694,1.781445,1.0,109.445259,111.67355265,1.6171795572487404,108.43919353550253,114.90791176449748,111.12956236896724,-0.8798103563610908,0.012798762728147946
2014-09-16,-0.720231,0.576185,-1.080344,0.579524,0.579532,-0.773048,0.3057,1.155037,1.394448,1.308693,1.138175,1.0,110.079529,111.6145305,1.654186313667516,108.30615787266497,114.92290312733503,111.02955919097036,-0.8502485259202928,0.005778589021717401
2014-09-17,0.328733,0.617381,-0.216488,-0.19206,-0.192053,-0.511554,0.246948,1.160993,1.472892,1.461976,1.354521,0.0,109.868118,111.48635705,1.686543046034807,108.11327095793038,114.85944314206961,110.91894574421129,-0.8342628009205839,-0.0019223762380719128
2014-09-18,0.571934,0.72499,-0.233608,-0.465043,-0.465042,0.003216,0.501042,1.39197,1.812061,1.859185,1.813823,0.0,109.357185,111.33880379999998,1.7391248228857203,107.86055415422854,114.81705344577142,110.77020662571498,-0.8529892921496298,-0.004661267820021805
2014-09-19,0.112179,0.721149,-0.120193,0.531661,0.53165,-0.182691,-0.238781,0.644767,1.148239,1.285579,1.280974,0.0,109.938583,111.20094024999999,1.7351695460466707,107.73060115790665,114.67127934209333,110.69100437564688,-0.8115610412077245,0.005302422089598754
2014-09-22,0.898858,1.157989,-0.016193,-1.049683,-1.049676,0.754717,0.599236,1.390664,2.074659,2.275486,2.266502,-1.0,108.784584,111.04149355,1.8055308282189158,107.43043189356217,114.65255520643782,110.50944053034718,-0.861911351253724,-0.010552240294760968
2014-09-23,0.381928,0.747607,-0.16252,-0.348206,-0.34821,0.797989,0.778484,1.502251,2.237121,2.527549,2.527049,0.0,108.405785,110.83095394999998,1.8569701282074873,107.11701369358501,114.54489420641495,110.30909238459984,-0.9217548323295972,-0.003488178465987383
2014-09-24,0.547384,0.547384,-1.266343,-0.536321,-0.536331,0.962427,1.168309,1.752188,2.549436,2.909486,2.981344,-1.0,107.824371,110.57328485000001,1.900434170010077,106.77241650997985,114.37415319002017,110.07245225273319,-1.0045170259664928,-0.005377745749897076
2014-09-25,1.259527,1.599272,0.0,-1.40523,-1.40521,1.827965,2.349178,2.864315,3.681213,4.15047,4.287638,-1.0,106.309212,110.22268025000001,2.0104148166722533,106.2018506166555,114.24350988334452,109.71404841913956,-1.178779097608313,-0.014151767002128723
2014-09-26,-0.757387,0.469252,-1.193714,0.654625,0.654614,0.617437,1.585577,1.869872,2.707253,3.260394,3.488104,1.0,107.005127,109.90202670000001,1.9851889504432567,105.93164879911349,113.87240460088653,109.45605590303103,-1.246361243793686,0.006524807213611935
2014-09-29,0.141019,0.157607,-1.169642,-0.757387,-0.757384,0.897549,2.054746,2.334297,3.121937,3.830771,4.124426,-1.0,106.194687,109.5100185,1.8983268337844612,105.71336483243108,113.30667216756892,109.1454493408376,-1.3497571561179171,-0.007602669894030827
2014-09-30,0.99732,0.99732,-0.553131,-1.020326,-1.020328,1.310762,2.634095,3.061795,3.840514,4.615488,5.002794,-1.0,105.111153,109.14796140000001,2.0146702185519665,105.11862096289607,113.17730183710395,108.76123064171021,-1.5018192622851387,-0.010255689072132273
2014-10-01,0.977476,1.44496,-0.229499,-1.399596,-1.399602,1.941358,3.490018,4.149034,4.880584,5.740081,6.210516,-1.0,103.640015,108.6982525,2.1915859023779287,104.31508069524413,113.08142430475586,108.2734958186902,-1.7211972285154502,-0.014094889810001461
2014-10-02,0.23909,0.67458,-0.836823,-0.458989,-0.459008,1.801745,3.366942,4.246743,4.950499,5.833856,6.404829,0.0,103.164299,108.27144625000001,2.397655243933761,103.47613576213249,113.06675673786754,107.7869056454816,-1.9114086239549835,-0.004600647151699515
2014-10-03,0.3823,0.3823,-1.112902,0.512337,0.512367,0.643947,2.237697,3.43499,4.003902,4.919203,5.573014,0.0,103.692879,107.84464075000001,2.415782944399575,103.01307486120086,112.67620663879916,107.39699834591192,-1.9964862856360384,0.005110590365491362
2014-10-06,-0.152419,0.812945,-0.685915,0.322825,0.322811,-0.096532,1.451444,2.754972,3.325441,4.196811,4.9787,0.0,104.027611,107.48698735,2.425374450426753,102.6362384491465,112.33773625085351,107.07610431296793,-2.0136883250085305,0.0032229106501977067
2014-10-07,1.249788,2.077231,-0.017236,-1.7529,-1.752902,1.117053,2.654724,4.074597,4.774189,5.658693,6.512108,-1.0,102.204109,107.08352625,2.6021838885991166,101.87915847280178,112.28789402719823,106.61210475935192,-2.149682238192014,-0.017684471848814734
2014-10-08,-1.797368,0.254348,-2.373883,1.663506,1.66353,-0.486664,0.597699,1.988967,2.791425,3.593716,4.478157,1.0,103.904305,106.80471614999999,2.630420102678727,101.54387594464254,112.06555635535744,106.35421906798507,-2.0961042016469804,0.01649844887719914
2014-10-09,2.191944,2.244345,-0.235791,-2.916486,-2.916504,2.048731,3.080954,4.492186,5.472451,6.276486,7.205488,-1.0,100.873932,106.39420820000001,2.8843625931068133,100.62548301378638,112.16293338621364,105.8322869662722,-2.2719790368137183,-0.029598792144565015
2014-10-10,0.711211,1.615598,-0.886822,-0.54144,-0.541441,1.933447,2.97656,4.422401,5.66161,6.380549,7.35418,-1.0,100.327759,106.00792510000001,3.155078862266911,99.69776737546619,112.31808282453383,105.30804620757962,-2.4274505682199816,-0.005429122775651034
2014-10-13,1.356783,2.2851,-0.160672,-1.633155,-1.633144,2.543956,3.925726,5.474123,6.870923,7.640449,8.618223,-1.0,98.689262,105.47012525,3.4419923971089075,98.58614045578219,112.3541100442178,104.67768580685775,-2.652301807148305,-0.01646627020315782
2014-10-14,2.568773,2.978688,-0.619422,-2.008391,-2.008388,3.508831,5.186727,6.829408,8.369914,9.285472,10.305149,-1.0,96.707199,104.80150875,3.7815357129939975,97.238437324012,112.364580175988,103.91859182525225,-2.956354933862542,-0.020288299763932736
2014-10-15,-0.640612,0.210491,-2.397726,-0.464567,-0.464578,2.403226,4.910774,6.526956,8.168761,9.246093,10.252897,0.0,96.257919,104.12099880000001,4.037721838829594,96.04555512234083,112.19644247765919,103.189003937133,-3.1967225410162854,-0.004656601322590043
2014-10-16,-2.791283,0.234109,-3.4756,1.638145,1.638152,0.131458,2.675127,4.232543,5.836481,7.025389,8.003479,1.0,97.83477,103.54487805,4.073156538405357,95.39856497318928,111.69119112681071,102.67907689550128,-3.222826170085284,0.0162487902222404
2014-10-17,-0.017893,0.840783,-0.957066,0.666311,0.666298,-0.905181,1.466909,2.966015,4.554567,5.928449,6.8235,1.0,98.486641,102.97228095,3.929446390821746,95.11338816835651,110.83117373164349,102.27979728640592,-3.154549262146915,0.006640879284364633
2014-10-20,0.035879,0.708585,-0.466407,-0.277285,-0.277275,-0.726523,1.157054,2.710555,4.307112,5.76554,6.68042,0.0,98.213562,102.44372985,3.8157957287150603,94.81213839256988,110.07532130743012,101.89253678293869,-3.0868907586379493,-0.002776602883753993
2014-10-21,-1.659567,0.069513,-1.894163,3.228987,3.228972,-2.909016,-2.087916,-0.747228,0.698165,2.114188,3.051252,1.0,101.38485,102.0926831,3.5522868270698322,94.98810944586033,109.19725675413967,101.84418566075405,-2.7457234780125503,0.031779359979538555
2014-10-22,1.052629,1.964911,-0.078944,-0.947081,-0.947074,-1.150876,-1.498242,-0.011693,1.292549,2.714391,3.735971,-1.0,100.42466,101.72269754999999,3.300305895460795,95.1220857590784,108.32330934092158,101.70899274068225,-2.5237332327589,-0.009515877082067411
2014-10-23,-0.163527,0.972543,-1.067222,1.921054,1.921056,-2.130996,-3.210259,-1.949106,-0.80988,0.504692,1.561525,1.0,102.353874,101.52493065,3.1248443754505577,95.27524189909889,107.77461940090112,101.77041000347441,-2.167151345648392,0.019028367275469568
2014-10-24,0.241565,0.301957,-1.190583,-0.240983,-0.240978,-1.185411,-2.80218,-1.815783,-0.810118,0.440681,1.612741,0.0,102.107224,101.2800355,2.852841942842109,95.57435161431577,106.98571938568422,101.80248752695303,-1.882756974315086,-0.0024126850736838645
2014-10-27,-0.556425,0.3043,-1.356284,-0.767843,-0.767848,0.193011,-1.79012,-1.233984,-0.282991,0.923323,2.131809,-1.0,101.323196,101.03646095,2.6086589426278826,95.81914306474424,106.25377883525577,101.75684071486226,-1.7010284956429729,-0.007708108570102023
2014-10-28,-0.819601,0.119525,-1.681886,1.834464,1.834468,-1.263554,-2.931787,-2.949998,-2.172801,-1.097242,0.069155,1.0,103.181938,100.9400002,2.482685208483449,95.9746297830331,105.9053706169669,101.89256426582776,-1.3909879782144685,0.018178450089792592
2014-10-29,0.734165,1.528087,-0.887827,0.008539,0.008526,-0.735862,-2.268217,-3.004372,-2.20291,-1.285288,-0.155073,0.0,103.190735,100.9175362,2.458887485255963,95.99976122948807,105.83531117051193,102.01619957384416,-1.1315252710757449,8.525353553303092e-05
2014-10-30,-0.870305,0.042665,-1.390782,0.051219,0.051229,-0.614334,-1.794369,-2.901022,-2.249145,-1.454605,-0.40358,0.0,103.243599,100.9215012,2.4627619955031608,95.99597720899368,105.84702519100631,102.13309475728758,-0.911130577208354,0.0005121628765064263
2014-10-31,-1.333888,0.183411,-2.967902,2.346416,2.346422,-2.219264,-3.366408,-4.790333,-4.396836,-3.764572,-2.821734,1.0,105.66613,101.02016375000001,2.614484127916378,95.79119549416725,106.24913200583276,102.46957430421259,-0.5348230811332257,0.023193171569942127
2014-11-03,2.611751,2.731634,-0.27402,-2.642766,-2.642768,0.736423,-0.290295,-1.934695,-1.85777,-1.281387,-0.375352,-1.0,102.873619,100.96246415,2.5567144867956393,95.84903517640872,106.07589312359129,102.50805475143044,-0.4566648311469237,-0.02678317148311288
2014-11-04,0.537397,0.563399,-0.494063,-1.207395,-1.2074,1.662475,0.952585,-0.413166,-0.686488,-0.211842,0.620033,-1.0,101.631523,100.93383485000001,2.545259323440809,95.84331620311839,106.02435349688163,102.4245755370085,-0.48931015858048,-0.012147482078857802
2014-11-05,0.187949,0.213584,-1.870997,1.456184,1.456184,0.187954,-0.235798,-1.399404,-2.150364,-1.664589,-0.976506,1.0,103.111465,100.89419285,2.5023726198460943,95.88944761030781,105.89893808969218,102.48999358110294,-0.3912527466428912,0.014456834786211088
2014-11-06,-1.375177,0.016877,-1.830758,1.264413,1.264423,-0.83861,-1.284069,-2.210419,-3.202571,-2.844518,-2.273411,1.0,104.41523,101.07125775,2.6232338256429637,95.82479009871408,106.31772540128593,102.67334943052171,-0.2059643726559699,0.012564958478800138
2014-11-07,-0.04209,0.782828,-0.370372,0.227794,0.227803,-1.257589,-1.265169,-2.039861,-3.215927,-3.028638,-2.570445,0.0,104.653091,101.28752435,2.734642019966812,95.81824031006637,106.75680838993362,102.86189624666251,-0.03947357967298615,0.0022754389712590205
2014-11-10,1.407737,1.484057,-0.5173,-0.740745,-0.740762,-0.327333,-0.282391,-0.945272,-2.243892,-2.310717,-1.917682,-1.0,103.877861,101.54695430000001,2.7212600729863365,96.10443415402733,106.98947444597269,102.95865479459941,0.02957605676294861,-0.007435189490286187
2014-11-11,-0.413716,0.194188,-0.962512,0.44098,0.440983,-0.246537,-0.609594,-1.191605,-2.307501,-2.657889,-2.373076,0.0,104.335945,101.9283916,2.535487296628728,96.85741700674254,106.99936619325746,103.08982529035185,0.11988003907870848,0.004400137991697846
2014-11-12,0.178495,0.900975,-0.229499,-0.667004,-0.667009,0.525293,0.101151,-0.32129,-1.295367,-2.014449,-1.717523,-1.0,103.640015,102.2974964,2.1787955253493645,97.93990534930127,106.65508745069873,103.14222431031834,0.13374908460725976,-0.006692433081968669
2014-11-13,0.549591,0.875916,-0.695576,-1.019979,-1.019972,1.203953,1.068271,0.720766,-0.046803,-0.938087,-0.723631,-1.0,102.582916,102.5349037,1.9089007830260079,98.71710213394799,106.35270526605201,103.08895685219278,0.05876395407140933,-0.01025209227469026
2014-11-14,-0.533015,0.025789,-0.773729,-0.111633,0.814696,0.147385,0.034208,-0.008632,-0.616089,-1.619069,-1.534735,1.0,103.418655,102.78150439999999,1.660857247843018,99.45978990431395,106.10321889568603,103.12035667579347,0.06601388366217975,0.0081139535111072
2014-11-17,0.181425,0.345574,-0.414689,-0.490028,-0.49003,0.452822,0.530536,0.586683,0.101589,-0.970474,-1.085988,0.0,102.911873,103.01641995,1.2661105182918226,100.48419891341635,105.54864098658365,103.10050108762266,0.030514678826875752,-0.004912341610449341
2014-11-18,0.433013,1.004586,-0.190527,-0.2419,-0.241896,0.37048,0.874771,0.796886,0.406565,-0.498295,-0.831242,0.0,102.662933,103.08032410000001,1.2104574768154008,100.65940914636921,105.50123905363081,103.0588279364205,-0.017504295660330627,-0.0024218932905735583
2014-11-19,-0.429295,0.180303,-1.202027,0.866026,0.86603,-0.50829,0.05121,-0.045291,-0.304516,-1.070855,-1.694039,1.0,103.552025,103.23669235,1.039227144393968,101.15823806121206,105.31514663878794,103.10579908533283,0.015998197783147816,0.008623016659484147
2014-11-20,-0.980303,0.136393,-0.980303,0.721213,0.721201,-0.891647,-0.676352,-0.693553,-0.925132,-1.531318,-2.288487,1.0,104.298843,103.33394080000001,1.0432620561668169,101.24741668766637,105.42046491233364,103.21942231530113,0.1016394995091332,0.007186125523699283
2014-11-21,0.177095,0.278295,-0.716815,1.082605,1.082618,-1.571941,-1.66663,-1.772206,-1.828756,-2.322581,-3.173745,1.0,105.428001,103.49997965,1.1004399756113643,101.29909969877727,105.70085960122273,103.42976314241531,0.25765438263336193,0.010767996017175986
2014-11-24,0.459224,0.841913,-0.374176,-0.834884,-0.834885,-0.430308,-0.774667,-0.838455,-0.848022,-1.257873,-2.171761,-1.0,104.547798,103.66120974999998,0.9959927074166928,101.6692243351666,105.65319516483336,103.53624265266147,0.30673640921064305,-0.008383901001544127
2014-11-25,1.420578,1.437794,-0.447701,-1.224589,-1.224597,0.921225,0.352045,0.496544,0.385387,0.039235,-0.747149,-1.0,103.267509,103.66548829999999,0.9940073266096052,101.67747364678078,105.6535029532192,103.51064897145562,0.2395641005836211,-0.012321567803077218
2014-11-26,0.833984,1.077228,-0.07819,-0.895395,-0.895395,1.596735,1.131964,1.354447,1.25093,1.018046,0.347773,-1.0,102.342857,103.62309439999999,1.0326506197377963,101.5577931605244,105.68839563947557,103.39943068845984,0.11044473512845343,-0.008994276421419872
2014-11-28,2.498386,2.590244,-0.404154,-5.4209,-5.420885,5.869374,6.330472,6.638828,6.721109,6.578265,6.063487,-1.0,96.794968,103.30066285000001,1.8447796906476934,99.61110346870463,106.99022223129539,102.77043424193985,-0.4345424342182298,-0.055733510275105716
2014-12-01,-2.10329,0.680207,-2.729798,2.626986,2.626981,1.933227,3.197881,3.552436,3.670801,3.738625,3.3771,1.0,99.337753,102.98424399999999,1.9570094250141081,99.07022514997178,106.8982628500282,102.44351221889796,-0.6537313853107207,0.025930680675818996
2014-12-02,-2.411858,0.473602,-2.745131,2.049578,2.049554,-0.740201,0.973534,1.308019,1.514708,1.657142,1.404795,1.0,101.373734,102.90924975,1.9899332668141645,98.92938321637168,106.88911628362833,102.34162857900291,-0.6555962514337779,0.020288333935442746
2014-12-03,0.905812,0.976168,-0.492478,-0.27188,-0.271862,-0.898777,1.094012,1.370679,1.765061,1.851816,1.671775,0.0,101.098137,102.88258045,2.0114170500498973,98.8597463499002,106.9054145500998,102.22320080957407,-0.6715710923970306,-0.002722325514593482
2014-12-04,0.712507,0.712507,-1.131098,-1.257585,-1.257575,-0.140727,2.008363,2.407068,2.896611,3.014199,2.946693,-1.0,99.826752,102.7183448,2.1227638989048203,98.47281700219035,106.96387259780964,101.99496758961463,-0.777854787255464,-0.012655495047915515
2014-12-05,0.829799,1.280777,-0.144317,-1.255786,-1.255808,1.49004,2.724823,3.438271,3.908895,4.134789,4.128098,-1.0,98.57312,102.42623929999999,2.2735708250902222,97.87909764981954,106.97338095018044,101.66907734298466,-0.952265878244205,-0.012637595699961568
2014-12-08,2.893255,2.940074,-0.365168,-3.670966,-3.670948,4.434445,5.536508,6.785883,7.358005,7.651971,7.845164,-1.0,94.954552,101.94131235,2.7565951663886312,96.42812201722275,107.45450268277726,101.02959873889088,-1.366721406759666,-0.037400230678309214
2014-12-09,-0.784977,1.065321,-0.822358,0.196628,0.196627,2.919349,4.34071,6.031829,6.688186,7.115624,7.41694,0.0,95.141258,101.5044822,3.103916271642207,95.29664965671559,107.71231474328441,100.46880438280604,-1.6609681780266499,0.0019643364052638543
2014-12-10,1.296967,1.325576,-1.707039,-2.009159,-2.009173,3.341608,5.403404,7.531321,8.280048,8.951411,9.26355,-1.0,93.229706,100.94917025000001,3.5343349001502595,93.8805004496995,108.01784005030052,99.7793664415864,-2.0250634640275536,-0.020296308723750676
2014-12-11,0.057189,2.24954,-0.581452,0.047685,0.047693,1.88733,4.380897,6.745462,7.672765,8.477608,8.857077,0.0,93.27417,100.43087799999999,3.863672828463089,92.70353234307382,108.15822365692617,99.15982392334008,-2.2836986714182643,0.0004768158367113392
2014-12-12,1.347924,1.924205,-0.009762,-2.411597,-2.411605,2.746643,6.326443,8.411162,9.698685,10.569876,11.099699,-1.0,91.024765,99.85297045,4.357664380877832,91.13764168824434,108.56829921175566,98.3850564068315,-2.6397477521782946,-0.02441160829913322
2014-12-15,2.25064,3.023997,-0.436251,-1.484661,-1.484662,3.117198,6.851087,8.873696,10.585475,11.568013,12.179529,-1.0,89.673355,99.16570544999999,4.824604369197548,89.5164967116049,108.81491418839508,97.55537055856183,-2.9964257755409562,-0.014957933119822403
2014-12-16,-1.179938,2.723701,-1.524086,0.832834,0.832855,1.221227,4.75712,6.9328,8.981309,10.051149,10.79386,1.0,90.420204,98.541122,5.114001799216067,88.31311840156786,108.76912559843214,96.87583088631784,-3.1821493690525386,0.008294058771916368
2014-12-17,-3.621955,0.537633,-3.782301,4.247788,4.247763,-2.684389,-0.236734,1.938643,4.094998,5.139385,6.018723,1.0,94.26104,98.12102734999999,5.102669370319535,87.91568860936093,108.32636609063906,96.62680318285899,-2.9850040207319637,0.041600216744897035
2014-12-18,-0.93552,0.0,-3.246814,2.839089,2.839121,-4.615262,-3.289021,-1.24738,0.880015,1.960177,2.879511,1.0,96.937225,97.79028735,4.944030600158154,87.90222614968368,107.67834855031631,96.65636716544385,-2.583043431355648,0.02799564930646729
2014-12-19,-3.010715,0.026564,-3.922784,3.576998,3.576978,-6.040909,-6.44647,-4.418076,-2.797749,-1.647745,-0.806527,1.0,100.404648,97.5955776,4.7469695604831745,88.10163847903365,107.08951672096634,97.01334629254444,-1.962077107127996,0.03514489695347281
2014-12-22,0.294566,0.856912,-0.856912,-0.796955,-0.796961,-3.291967,-5.228058,-3.632354,-2.309195,-1.010793,-0.178599,-1.0,99.604462,97.30440065,4.407731007448226,88.48893863510355,106.11986266489646,97.26011921706402,-1.517037678093459,-0.008001538222888146
2014-12-23,-1.044313,0.438789,-1.430449,1.713825,1.713833,-2.771391,-6.215885,-5.2602,-4.114961,-2.741902,-1.944983,1.0,101.311516,97.14258655,4.181414091236498,88.77975836752701,105.505414732473,97.64596652972459,-1.0148966362220477,0.01699312414170842
2014-12-24,0.167448,0.590463,-1.233807,-0.421234,-0.421226,-1.046979,-5.060378,-4.873544,-3.827453,-2.400996,-1.644233,0.0,100.884766,97.02344939999999,4.028880026252018,88.96568934749595,105.08120945250403,97.95442362213177,-0.6439582514370699,-0.004221152134309727
2014-12-26,0.600442,0.971301,-0.379691,-0.193885,-0.193894,-0.109492,-4.139515,-4.631641,-3.722736,-2.32512,-1.550845,0.0,100.689156,96.94076435000001,3.9297126074454054,89.0813391351092,104.80018956489081,98.21487432478588,-0.36160267074869523,-0.0019408270619661993
2014-12-29,0.105897,0.935402,-0.476528,0.06181,0.061807,-0.102362,-3.233318,-4.546414,-3.58586,-2.526293,-1.672252,0.0,100.751389,97.1385854,4.0205205388059255,89.09754432238815,105.17962647761185,98.45644715099675,-0.1312986269529688,0.0006178796029361724
2014-12-30,-0.159138,0.477412,-0.84873,-0.185315,-0.185307,0.274066,-1.970652,-3.997294,-3.345864,-2.538773,-1.584303,0.0,100.56469,97.19993224999999,4.064957490121475,89.07001726975705,105.32984723024293,98.65723218423516,0.03574192732519066,-0.0018547853152249467
2014-12-31,-0.472453,1.007308,-0.579427,-0.822209,-0.822201,0.789794,-0.223759,-2.894171,-2.626594,-1.923706,-0.874499,-1.0,99.737846,97.11813785,3.9923630201601763,89.13341180967964,105.10286389032035,98.76014778573656,0.10024777552231967,-0.008255998282242981
2015-01-02,-0.843849,0.373066,-1.536689,0.356572,0.356564,0.27358,0.004438,-2.782027,-3.022745,-2.399011,-1.312258,0.0,100.093475,97.06790475,3.945697575878421,89.17650959824316,104.95929990175684,98.88713132995213,0.17801338564231628,0.0035592956465813346
2015-01-05,2.66469,2.886746,-0.592154,-3.997158,-3.997164,3.491862,4.080312,1.461264,0.820689,1.404516,2.537935,-1.0,96.092575,96.8811959,3.8963200176887485,89.08855586462249,104.6738359353775,98.62098310805193,-0.0822478985729731,-0.04079244965751065
2015-01-06,-0.148103,0.91641,-1.434783,-0.046265,-0.046264,2.560406,3.674908,1.856894,0.735909,1.420348,2.299055,0.0,96.048119,96.75494585,3.879483907505243,88.99597803498952,104.51391366501048,98.37594843109461,-0.28876536172086276,-0.0004627442512858224
2015-01-07,1.213635,1.65833,-0.398369,-0.083307,-0.083309,1.687979,3.382438,2.379102,0.872708,1.364462,2.055773,0.0,95.968102,96.80562335,3.8613050250448198,89.08301329991036,104.52823340008965,98.14662972337132,-0.4536591421162939,-0.0008334400522526076
2015-01-08,-1.104974,0.02717,-1.63935,2.28831,2.288315,-0.90753,0.749024,0.614675,-1.229966,-1.033969,-0.444107,1.0,98.164154,96.95676814999999,3.851878912192417,89.25301032561515,104.66052597438483,98.14829870209786,-0.40249588582076967,0.02262525275033474
2015-01-09,1.783569,1.857501,-0.499031,-1.992578,-1.992582,0.299421,2.311252,2.795188,0.932912,0.774794,1.33537,-1.0,96.208153,97.1056905,3.7565964927389817,89.59249751452204,104.61888348547795,97.96352292094568,-0.513858133614093,-0.02012701357036433
2015-01-12,1.501704,1.501704,-0.302228,-2.153222,-2.153226,2.091054,3.866652,4.85897,3.199858,2.75067,3.274786,-1.0,94.136574,97.1488107,3.715021027011465,89.71876864597706,104.57885275402293,97.59905159514133,-0.7605059900491398,-0.021767461896275604
2015-01-13,2.610366,3.320544,-0.969285,-1.586702,-1.586703,3.001926,4.666038,5.991054,4.951066,4.151258,4.790477,-1.0,92.642906,97.22971775,3.5901514834379995,90.049414783124,104.410020716876,97.1270377289374,-1.0642348805318704,-0.015994260632111304
2015-01-14,-0.67373,0.490859,-1.9923,-0.287903,-0.287904,2.521658,4.081816,5.775432,5.400392,4.340334,4.841841,0.0,92.376183,97.36485915,3.3323571822091798,90.70014478558164,104.02957351441836,96.67457537380051,-1.3113481265735487,-0.0028831963902747723
2015-01-15,1.694756,2.210971,-0.136358,-1.183834,-1.183819,2.242125,4.402448,6.31018,6.710329,5.421247,5.729354,-1.0,91.282616,97.40797975,3.2421219681188203,90.92373581376235,103.89222368623764,96.16105543343855,-1.5772473463888446,-0.011908821467480006
2015-01-16,-2.52093,0.019022,-2.52093,2.386291,2.386307,-0.728715,1.259488,3.302868,4.180437,2.9741,2.992746,1.0,93.460899,97.36797270000001,3.287615898640729,90.79274090271855,103.94320449728147,95.90389767787298,-1.593832451983289,0.02358279210024975
2015-01-20,-1.793935,0.103316,-2.498359,1.284245,1.28421,-1.876573,-0.175626,1.56853,2.739282,1.727071,1.504974,1.0,94.661133,97.25416809999999,3.3422522778236274,90.56966354435274,103.93867265564724,95.78553913712318,-1.492917985403622,0.012760337244832588
2015-01-21,-1.266645,0.101695,-1.673452,1.587304,1.587316,-2.677514,-1.723375,-0.336539,0.91346,0.35133,-0.164573,1.0,96.163704,97.0421209,3.265502810773749,90.51111527845251,103.5731265215475,95.82155483834956,-1.2769774205858937,0.015748495620600537
2015-01-22,-0.146893,0.183626,-1.771943,0.702657,0.702661,-2.434811,-2.319134,-1.288407,0.066563,-0.052883,-0.796304,1.0,96.839409,96.90386824999999,3.2093603874428975,90.48514747511419,103.32258902488579,95.91849332993532,-1.0393383749812841,0.0070020400213434255
2015-01-23,1.282174,1.778196,-0.112302,-1.900477,-1.900482,0.237723,-0.759941,0.291379,1.672912,2.076187,1.120578,-1.0,94.998993,96.5882421,3.0600024211546053,90.46823725769079,102.70824694230922,95.83092186994148,-0.9881234375419723,-0.019187737656812906
2015-01-26,-1.524611,0.431669,-2.35121,1.899859,1.899868,-0.94049,-2.548681,-1.805049,-0.433507,0.278102,-0.641688,1.0,96.803848,96.3841962,2.8897491716562795,90.60469785668745,102.16369454331256,95.92358150137562,-0.7927600713141345,0.018820454014194167
2015-01-27,-0.138556,0.508033,-0.581937,-0.56943,-0.569439,-0.042489,-1.770735,-1.231602,-0.093753,0.823944,0.030484,-1.0,96.252609,96.16236885,2.706355522548056,90.74965780490388,101.57507989509611,95.95491745362557,-0.67463678357079,-0.005710666264528768
2015-01-28,4.290816,4.300452,-0.279627,-4.202848,-4.202838,3.484712,2.491559,2.823894,3.826049,4.891712,4.461795,-1.0,92.207268,95.7351628,2.6167120860822615,90.50173862783548,100.96858697216452,95.59799845804218,-0.8971071446428596,-0.042937123204885436
2015-01-29,1.203882,1.582521,-1.300967,-0.6846,-0.684614,3.04855,3.110689,3.212952,4.050979,5.264086,5.251141,-1.0,91.576004,95.2857285,2.513447054662867,90.25883439067427,100.31262260932574,95.21495136680007,-1.1115410840053812,-0.006869683793399417
2015-01-30,-0.907053,0.731493,-3.559936,-0.456312,-0.456301,2.678238,3.569685,3.173702,4.057346,5.301081,5.760588,0.0,91.158142,94.8567433,2.444822239583373,89.96709882083326,99.74638777916675,94.82858856996197,-1.3002114685884862,-0.004573449872348002
2015-02-02,-1.961149,0.065999,-2.913442,3.442894,3.442881,-1.27097,0.21121,-0.395364,0.28664,1.516888,2.241824,1.0,94.296608,94.56689994999999,2.112321860266099,90.3422562294678,98.79154367053219,94.7779237537751,-1.1828509611411988,0.03384939626154271
2015-02-03,-1.670777,0.529537,-1.698166,3.271734,3.271729,-4.166885,-2.684184,-3.328755,-2.824327,-1.835099,-0.98206,1.0,97.381737,94.63135804999999,2.179916651141447,90.2715247477171,98.99119135228288,95.02590596770128,-0.8313149058917162,0.032193469248798186
2015-02-04,0.129211,0.85833,-0.886017,-1.077331,-1.077333,-2.26672,-1.606816,-2.020597,-1.751254,-0.949498,-0.044591,-1.0,96.332611,94.64558265,2.1905502641800534,90.26448212163989,99.0266831783601,95.15035406601544,-0.6301122084068851,-0.010831786787419808
2015-02-05,0.237857,0.731866,-0.676972,0.886018,0.886033,-1.970549,-2.435278,-2.551154,-2.551459,-1.958466,-1.005396,1.0,97.18615,94.70648505,2.2454977378175798,90.21548957436484,99.19748052563516,95.34423939306159,-0.3972054202531723,0.008821310455521625
2015-02-06,0.045619,0.775475,-0.456163,0.274452,0.274461,-0.947011,-2.450519,-2.395778,-2.854678,-2.320602,-1.408336,0.0,97.452888,94.67092175,2.1928700413909636,90.28518166721808,99.05666183278193,95.54506306991286,-0.18892378941761478,0.002740849623225824
2015-02-09,-0.534279,0.96894,-0.706328,0.748106,0.74809,-0.891061,-3.034499,-2.79996,-3.4755,-3.123783,-2.232177,1.0,98.181923,94.76961025,2.3071303981929216,90.15534945361415,99.38387104638585,95.79619258706401,0.03456944031871956,0.007453053686855812
2015-02-10,0.308583,0.399349,-1.8969,-0.226388,-0.226376,-0.548201,-2.640233,-2.354941,-3.06136,-2.827743,-2.10323,0.0,97.959663,94.9607647,2.4080901363389335,90.14458442732213,99.77694497267787,96.00223738829601,0.19154687740196152,-0.002266323013533076
2015-02-11,-0.909256,0.181849,-1.536645,-0.181518,-0.181522,-0.070924,-1.893079,-2.067049,-2.6223,-2.580111,-2.026434,0.0,97.781845,95.21771165,2.4218811130967723,90.37394942380645,100.06147387619355,96.17172382750591,0.29816711583012534,-0.001816866036556735
2015-02-12,-0.523184,0.171389,-0.938121,0.800144,1.79047,-1.35716,-2.819361,-3.609277,-3.97565,-4.150454,-3.78433,1.0,99.5326,95.57553250000001,2.5071257981141954,90.56128090377162,100.5897840962284,96.49180727250534,0.5179649423384518,0.01774630283200287
2015-02-13,-1.267956,0.053198,-1.489627,1.731912,1.731911,-2.285215,-3.476493,-4.838273,-5.117891,-5.660067,-5.37234,1.0,101.256416,96.0742225,2.5985561428814195,90.87711021423716,101.27133478576285,96.94557953226673,0.8217808697470872,0.017170843186391938
2015-02-17,-0.080075,0.471528,-0.782923,-0.336937,-0.336938,-1.413157,-2.494308,-4.244946,-4.42778,-5.154549,-5.025282,0.0,100.915245,96.4469398,2.735007571834982,90.97692465633003,101.91695494366996,97.32364291014609,1.0232323471214215,-0.003375065745326914
2015-02-18,0.733428,1.095618,-0.063382,-1.743772,-1.743767,0.577685,-0.584972,-2.350392,-2.505013,-3.268846,-3.236785,-1.0,99.155518,96.67165905,2.7650295235320943,91.14160000293582,102.20171809706419,97.49810720441789,1.0290268510799763,-0.017591499666731257
2015-02-19,-0.138441,1.135214,-1.024458,-1.892434,-1.892431,2.414395,1.429972,-0.119217,-0.56707,-1.212332,-1.328106,-1.0,97.279068,96.72742725,2.765493222509498,91.19644080498101,102.258413695019,97.47724632780665,0.8721515837987255,-0.019105668888306962
2015-02-20,-0.156536,0.248623,-1.01289,0.230734,0.23072,1.762441,1.22904,0.056153,-0.761898,-1.229385,-1.502747,0.0,97.50351,96.76063230000001,2.770890181177561,91.21885193764489,102.30241266235514,97.4797476299203,0.7572087665977563,0.00230453977595978
2015-02-23,-0.064899,0.593361,-0.472838,-0.681397,-0.681402,1.548313,1.860169,1.13371,0.013961,-0.322228,-0.872589,-1.0,96.839119,96.8526386,2.739691679548491,91.37325524090302,102.33202195909699,97.4187353794517,0.6055248412511531,-0.006837342807721682
2015-02-24,-0.064839,0.259354,-0.57429,0.092711,0.092721,0.631716,1.63654,1.221071,-0.072236,-0.271449,-0.939629,0.0,96.928909,96.85889165,2.7397171782516763,91.37945729349666,102.33832600650335,97.37208524807535,0.4869463260508127,0.0009267783478383489
2015-02-25,-0.42365,0.184193,-0.755204,0.57429,0.574301,-0.285516,1.007541,0.650178,-0.579607,-0.725029,-1.390773,1.0,97.485573,96.92053985,2.7392286176069587,91.44208261478607,102.39899708521392,97.3828936054015,0.4328999300841616,0.00572658492857203
2015-02-26,0.775267,0.803288,-0.429666,-1.399893,-1.3999,0.889219,2.268821,2.064499,1.035517,0.682671,0.129868,-1.0,96.120872,97.11622005,2.5154555650565307,92.08530891988693,102.14713118011306,97.26270107155375,0.2767575180865265,-0.014097915004046016
2015-02-27,0.787399,0.984255,-0.103112,-0.354939,-0.354947,0.888643,2.241288,2.330169,1.614863,0.997057,0.604991,0.0,95.779694,97.32640454999999,2.1816407974944365,92.96312295501112,101.68968614498887,97.12146230283435,0.12405330905036749,-0.0035557827325655407
2015-03-02,0.396599,0.415481,-0.91596,-0.731157,-0.731152,1.261567,2.344663,2.917447,2.569503,1.744321,1.479093,-1.0,95.079399,97.5224674,1.7269433454509404,94.06858070909811,100.97635409090188,96.9269800835168,-0.05286444229193421,-0.007338378608726596
2015-03-03,0.684664,1.007985,-0.332832,-0.698771,-0.698767,1.441608,2.376372,3.375678,3.297539,2.359073,2.22687,-1.0,94.415016,97.5283878,1.7154670587215874,94.09745368255683,100.95932191744318,96.68774540889615,-0.24387198602400417,-0.007012193181042853
2015-03-04,0.456443,0.456443,-0.684673,0.0,0.0,0.79117,1.87428,3.12539,3.140428,2.281222,2.218181,0.0,94.415016,97.38005175,1.8516738259281507,93.6767040981437,101.08339940185631,96.47129498900127,-0.3907426030673804,0.0
2015-03-05,0.267353,0.5538,-0.381935,-0.408902,-0.408892,0.760038,1.946896,3.282712,3.441395,2.778653,2.562182,0.0,94.028961,97.26486925,1.986964891470216,93.29093946705957,101.23879903294043,96.23869175195352,-0.5321556779239813,-0.004097297735187636
2015-03-06,0.647028,0.93674,-0.366977,-1.126707,-1.126725,1.303726,2.62096,3.989059,4.393402,4.009838,3.592193,-1.0,92.969513,97.0540374,2.2072541567030286,92.63952908659394,101.46854571340606,95.92734139462462,-0.7213993157412659,-0.011331208357787469
2015-03-09,-0.336699,1.616162,-0.432898,0.386281,0.38628,0.538733,1.849939,3.022617,3.770749,3.70264,3.133918,0.0,93.328636,96.8478248,2.3556930860252705,92.13643862794946,101.55921097205054,95.67984564275561,-0.8327980597207159,0.003855362458036962
2015-03-10,0.855113,1.593624,-0.563601,-1.000474,-1.000476,1.117487,2.388501,3.448973,4.506275,4.668316,4.017114,-1.0,92.394905,96.5584739,2.5320129943414855,91.49444791131702,101.62249988868297,95.36699415296935,-0.9850713655767436,-0.01005514822849249
2015-03-11,-0.01932,0.338032,-1.052737,0.612182,0.612202,0.18929,1.278723,2.375238,3.601496,3.841195,3.26615,1.0,92.960548,96.30851815000001,2.631218335131761,91.04608147973649,101.57095482026354,95.13780880506751,-1.0480254101582176,0.006103351660137592
2015-03-12,1.757472,2.040621,-0.11716,-1.08171,-1.081724,0.833825,1.933223,3.108774,4.417601,4.786329,4.386275,-1.0,91.954971,96.01717445,2.7779957406401725,90.46118296871965,101.57316593128034,94.83468139506107,-1.1656220387031624,-0.010876176515586056
2015-03-13,0.216486,0.216486,-0.944695,-0.781093,-0.781093,1.247785,2.237752,3.462575,4.784985,5.350416,5.195652,-1.0,91.236717,95.6023803,2.8440280854104425,89.9143241291791,101.29043647082088,94.49201811934097,-1.3017693227346285,-0.007841596835854192
2015-03-16,-1.638704,0.135751,-2.065352,1.485922,1.485929,-0.393678,0.472221,1.641942,2.782896,3.597932,3.70704,1.0,92.59243,95.169181,2.58558623814333,89.99800852371334,100.34035347628665,94.31110496511802,-1.2854543991383878,0.014749974107029953
2015-03-17,-0.843264,0.368329,-1.037123,0.038787,0.038785,-0.381892,0.240382,1.293014,2.295727,3.317945,3.606799,0.0,92.628342,94.75483585,2.2597722401290485,90.23529136974192,99.2743803302581,94.15084182558297,-1.2551582236810503,0.00038777508658715973
2015-03-18,-3.833173,0.168697,-4.058101,3.421536,3.421535,-3.085285,-2.931581,-2.175566,-1.263821,-0.190437,0.124016,1.0,95.797653,94.5869426,2.028514394471618,90.52991381105676,98.64397138894324,94.30768098505126,-0.9642955765429093,0.0336430217835436
2015-03-19,0.334127,0.620527,-0.095463,-1.827551,-1.82754,-0.836287,-1.122685,-0.501521,0.402376,1.508724,1.906872,-1.0,94.046913,94.42533485,1.929061591133467,90.56721166773306,98.28345803226694,94.28284593885591,-0.8650827837532802,-0.018444453478704968
2015-03-20,-1.625711,0.214896,-1.793888,2.17661,2.176586,-1.937763,-2.903847,-2.599258,-1.80976,-0.796773,-0.301856,1.0,96.093925,94.3548556,1.8340920335963322,90.68667153280732,98.02303966719266,94.45532965896487,-0.6141990653710394,0.02153236633559781
2015-03-23,1.501137,1.671076,0.0,-1.037093,-1.037083,-0.383306,-1.700337,-1.577287,-0.872352,-0.016235,0.660366,-1.0,95.097351,94.26776720000001,1.7493160341067877,90.76913513178643,97.76639926821359,94.51647454858725,-0.49013710862860194,-0.010424984303644642
2015-03-24,1.650673,1.909794,-0.038381,-1.623868,-1.623862,1.45873,0.046064,-0.014076,0.583493,1.319385,2.157007,-1.0,93.553101,94.0989768,1.6383768166204813,90.82222316675904,97.37573043324096,94.42472468681704,-0.5105399959827537,-0.01637191405391434
2015-03-25,-0.9558,0.501561,-1.268095,1.41075,1.410742,-0.147626,-1.144125,-1.372823,-0.953435,-0.270649,0.62743,1.0,94.872894,93.96834285,1.447136968461998,91.074068913076,96.862616786924,94.46740747854875,-0.41542441204676095,0.014008837621078796
2015-03-26,0.978621,1.206648,-1.035626,-0.397462,-0.397461,0.345841,-0.480759,-0.946317,-0.644178,0.009503,0.913067,0.0,94.495811,93.8870898,1.3630982983682955,91.16089320326341,96.61328639673658,94.47011257582983,-0.36625016922459963,-0.003982532366112125
2015-03-27,0.680858,0.680858,-0.584965,-0.921616,-0.921607,0.751815,0.700032,0.021729,0.164935,0.774064,1.641408,-1.0,93.624931,93.77935165,1.2887637660406621,91.20182411791868,96.35687918208131,94.38961909241748,-0.39302145853230286,-0.009258800620383817
2015-03-30,-1.805427,0.289988,-1.805427,2.512469,2.51245,-1.534136,-1.415334,-2.245704,-2.243208,-1.731702,-1.033043,1.0,95.977211,93.82424225,1.3505844376125005,91.123073374775,96.52541112522499,94.54081832171104,-0.2218709705707198,0.024814073016323154
2015-03-31,0.60964,1.03829,-0.095262,-1.79607,-1.796068,0.41532,0.560111,-0.326406,-0.463892,-0.048002,0.541379,-1.0,94.253395,93.8161612,1.3473432050376577,91.12147478992468,96.51084761007532,94.51344467202428,-0.2227626512780887,-0.01812393097126099
2015-04-01,0.9352,1.364634,-0.276745,-0.180989,-0.180987,0.429433,0.560172,-0.06616,-0.301073,-0.011446,0.543951,0.0,94.082809,93.79955085,1.3416073712701382,91.11633610745973,96.48276559254028,94.47243175087911,-0.23453065580632426,-0.0018115056269150003
2015-04-02,-0.788376,0.37994,-1.139815,0.4676,0.467603,-0.032294,0.142478,-0.350175,-0.738979,-0.544448,-0.021209,0.0,94.522743,93.82423995,1.3505648578514653,91.12311023429707,96.52536966570294,94.47722329841443,-0.20598343820529408,0.004665130938171594
2015-04-06,-0.832397,0.879165,-1.589971,1.55775,1.55775,-1.07183,-1.403851,-1.548195,-2.103906,-2.060975,-1.607116,1.0,95.995171,93.97552285,1.417580154944449,91.14036254011111,96.8106831598889,94.62178974618449,-0.06381135104545876,0.015457415908523361
2015-04-07,-1.446471,0.506721,-1.768931,1.515154,1.515146,-2.246172,-2.634045,-2.685331,-3.353594,-3.425455,-3.054778,1.0,97.449638,94.18157295,1.6056318156760458,90.9703093186479,97.3928365813521,94.89110862750026,0.16433008876404642,0.015037823101859266
2015-04-08,2.062626,2.118877,-0.131265,-1.732078,-1.732063,-0.208149,-0.687241,-0.751931,-1.474319,-1.666987,-1.386656,-1.0,95.761749,94.34991514999999,1.5848129406823857,91.18028926863522,97.51954103136475,94.97402675821452,0.20655425854342013,-0.01747238572721701
2015-04-09,-0.140247,0.271156,-0.71996,0.271885,0.271884,-0.074803,-0.836842,-1.005456,-1.582049,-1.866667,-1.704846,0.0,96.02211,94.50299325,1.5913953745891136,91.32020250082178,97.68578399917823,95.07384420981315,0.25805151682020266,0.0027151519560311022
2015-04-10,0.523802,0.701525,-0.093542,-0.037394,-0.037415,0.267525,-0.644456,-0.833712,-1.335223,-1.748374,-1.672732,0.0,95.986183,94.70455385,1.504609522094529,91.69533480581094,97.71377289418905,95.16073361840238,0.29259164205903687,-0.00037422342397755963
2015-04-13,0.79812,1.314556,-0.056336,-0.383504,-0.38348,0.57464,-0.05353,-0.485141,-0.726298,-1.259349,-1.299849,0.0,95.618095,94.92362275,1.2744862292241033,92.3746502915518,97.47259520844821,95.20429184522119,0.2869554707554727,-0.00384217363683946
2015-04-14,-1.047408,0.229695,-1.451667,2.197179,2.19717,-1.532519,-2.024068,-2.445787,-2.598304,-3.202493,-3.331795,1.0,97.718987,95.17995060000001,1.29630060962909,92.58734938074183,97.7725518192582,95.44378662186679,0.44686204342926317,0.021733799593797024
2015-04-15,-0.742694,0.253598,-0.932893,1.442492,1.442487,-2.253419,-2.925459,-3.458019,-3.655464,-4.307215,-4.547893,1.0,99.128571,95.50496204999999,1.430784803103609,92.64339244379278,98.3665316562072,95.7947184674033,0.6794979730918556,0.014321824543836419
2015-04-16,-0.236022,0.708059,-1.053017,-0.226429,-0.226423,-1.448807,-2.217687,-2.967203,-3.279778,-3.849676,-4.179982,0.0,98.904121,95.66028545,1.6202966639745717,92.41969212205086,98.90087877794915,96.09085204193633,0.8361141803991075,-0.00226679841436492
2015-04-17,0.229127,0.531575,-0.779029,-0.953162,-0.953155,-0.097155,-0.925678,-1.797581,-2.149214,-2.679137,-3.12407,-1.0,97.961411,95.85601034999999,1.6512819216612515,92.55344650667749,99.1585741933225,96.26900051413287,0.874088882074048,-0.009577270293901367
2015-04-20,-0.652825,1.287513,-0.670957,1.081477,1.081464,-0.478732,-1.68011,-2.484959,-3.048321,-3.405923,-3.956834,1.0,99.020828,96.0023555,1.796766643164702,92.40882221367059,99.5958887863294,96.5310793223107,0.9783919117957112,0.010756576026863399
2015-04-21,0.291625,0.920437,-0.382762,-0.50775,-0.507741,0.191375,-1.069903,-1.81537,-2.379937,-2.672382,-3.291112,-1.0,98.518059,96.17339089999999,1.8675019315656565,92.43838703686868,99.9083947631313,96.72031548209063,1.008854115574266,-0.005090340370573985
2015-04-22,0.502286,0.858449,-0.264841,-0.209608,-0.209611,0.235619,-0.602739,-1.333942,-1.932876,-2.236711,-2.887365,0.0,98.311554,96.41131355,1.8185793234530572,92.77415490309389,100.04847219690612,96.87186200760581,1.0047502682147496,-0.0020983130802446365
2015-04-23,0.027279,0.618351,-0.336458,0.429225,0.429229,-0.227338,-0.752937,-1.44161,-2.156502,-2.535605,-3.107518,0.0,98.733536,96.60434565,1.851288867120811,92.90176791575837,100.30692338424163,97.04916429259573,1.0237472394491363,0.00428310743602005
2015-04-24,-0.182038,0.154726,-0.764544,-0.090932,-0.090935,0.001818,-0.393194,-1.073393,-1.857198,-2.260493,-2.793304,0.0,98.643753,96.81174275000001,1.8349118973285663,93.14191895534287,100.48156654465714,97.2010298837771,1.0198020945251045,-0.0009097602530401551
2015-04-27,0.583408,0.948041,-0.145849,-0.154734,-0.154733,0.049228,0.052873,-0.751139,-1.458067,-2.011667,-2.397143,0.0,98.491119,97.05505215,1.7083645291509395,93.63832309169811,100.47178120830188,97.32389551389356,0.9929135611000106,-0.0015485239009405953
2015-04-28,-0.962923,0.107987,-1.322895,1.294445,1.29445,-0.979128,-1.020526,-1.864659,-2.527457,-3.076683,-3.404736,1.0,99.766037,97.24449345,1.790642564969712,93.66320832006056,100.82577857993942,97.55648041733227,1.0622346524495754,0.012861433100757491
2015-04-29,-0.814466,0.232699,-0.939768,0.548956,0.548945,-1.120554,-1.44276,-2.097913,-2.757539,-3.336256,-3.676719,0.0,100.313698,97.54750859999999,1.770497969256774,94.00651266148644,101.08850453851353,97.81907256806252,1.1481288675815762,0.005474441154773776
2015-04-30,0.882409,1.026471,-0.558253,-0.599664,-0.599666,-0.327743,-0.767145,-1.260573,-1.888612,-2.55897,-2.964757,-1.0,99.712151,97.8289757,1.6328157300503316,94.56334423989934,101.09460716010067,97.99936575205658,1.1543541601484577,-0.0060147107637070546
2015-05-01,1.137196,1.614088,-0.641971,-1.818834,-1.818843,1.366482,1.064759,0.698839,0.101352,-0.614808,-1.035999,-1.0,97.898544,97.99776575,1.4356278732745418,95.12651000345092,100.86902149654908,97.98976368043215,1.0014012906763554,-0.01835586806126437
2015-05-04,0.978579,1.006281,-0.304655,-0.660309,-0.660291,1.785445,1.554649,1.480178,0.831328,0.194973,-0.338508,-1.0,97.252129,98.06061365,1.369327758225068,95.32195813354986,100.79926916645013,97.91951275848622,0.8185885719654493,-0.006624802817401192
2015-05-05,1.148146,1.787037,0.0,-0.295421,-0.295426,1.509256,1.695371,1.729013,1.105093,0.532593,0.020988,0.0,96.964821,98.03637280000001,1.3849155321039883,95.26654173579203,100.80620386420799,97.82858973386848,0.64311143255415,-0.0029586316701937275
2015-05-06,1.194999,1.463642,-0.602125,-0.046299,-0.046289,0.855943,1.598882,1.624203,1.211665,0.689201,0.183103,0.0,96.919937,98.0942822,1.3068095959651014,95.4806630080698,100.70790139193019,97.74205137826195,0.4947199480290294,-0.00046299669210510226
2015-05-07,0.111557,0.585662,-0.81807,-0.352012,-0.352013,0.563347,1.734677,1.822682,1.598021,1.148267,0.595883,0.0,96.578766,98.122115,1.2656322221452874,95.59085055570942,100.65337944429056,97.63126229461795,0.34560505903608885,-0.0035263425361665972
2015-05-08,-0.33134,0.138059,-1.150483,1.003999,1.003992,-0.508052,0.611135,0.782327,0.668199,0.26691,-0.299742,1.0,97.548409,98.2002263,1.1715841519065826,95.85705799618682,100.54339460381317,97.62337150465434,0.302189074109549,0.009989853959977636
2015-05-11,1.201566,1.238824,-0.055885,-1.1873,-1.187296,0.508568,1.602082,1.811347,1.917841,1.488072,0.993847,-1.0,96.390221,98.2388326,1.0920402750084364,96.05475204998312,100.42291315001687,97.50592859944918,0.17233888564450695,-0.011944002789081521
2015-05-12,-0.111562,0.409076,-0.427668,0.186286,0.186298,0.239859,1.082174,1.487529,1.668823,1.26291,0.826501,0.0,96.569794,98.18137295,1.1495515248052006,95.8822699003896,100.48047599961039,97.41677292331116,0.08296534327850225,0.001861246246693128
2015-05-13,0.259987,0.714953,-0.371396,0.130159,0.13015,0.06314,0.576599,1.244194,1.410861,1.169913,0.779631,0.0,96.69548,98.0597184,1.1725501353365677,95.71461812932687,100.40481867067312,97.34807835918627,0.022024096772057078,0.0013006580552976936
2015-05-14,-0.396496,0.783777,-0.396496,0.696379,0.696367,-0.466563,-0.359603,0.450601,0.630714,0.525596,0.195182,1.0,97.368835,97.9829541,1.1645882837904267,95.65377753241914,100.31213066758086,97.35005518212091,0.027742047836554207,0.006939531384045882
2015-05-15,-0.759048,0.277703,-1.008976,-0.387273,0.605329,-0.981769,-0.953033,-0.200451,0.02507,0.001273,-0.290776,1.0,97.958237,97.9827954,1.1645915902662298,95.65361221946755,100.31197858053245,97.40797726001415,0.07892359869522636,0.006035044532081493
2015-05-18,0.796998,0.806376,-0.065635,-1.27742,-1.277417,0.364966,0.272202,0.967903,1.199705,1.34027,1.02394,-1.0,96.706902,97.86709909999999,1.1709617613219054,95.52517557735618,100.2090226226438,97.34120818763185,0.01830209468198518,-0.012856459480381773
2015-05-19,0.980771,1.228338,-0.019041,-1.528368,-1.528366,1.641096,1.646221,2.21738,2.597713,2.808565,2.514185,-1.0,95.228867,97.7026395,1.2987333526515652,95.10517279469687,100.30010620530314,97.14003283642882,-0.14730788247575788,-0.015401654676053953
2015-05-20,0.161518,0.617579,-0.465556,0.219009,0.219013,1.155336,1.268751,1.653374,2.222925,2.429188,2.278828,0.0,95.437431,97.55893334999999,1.3840220114181025,94.79088932716378,100.3269773728362,96.97788028057845,-0.25874298272783847,0.002187739368452147
2015-05-21,0.455022,0.739406,-0.180107,0.228027,0.228009,0.566889,0.941805,1.139362,1.829461,2.060305,2.033362,0.0,95.655037,97.4050084,1.4173008772275848,94.57040664554484,100.23961015445516,96.85189520623764,-0.3257421640338407,0.0022774952496808004
2015-05-22,0.190673,0.629234,-0.028599,-0.568773,-0.568765,0.543428,1.262939,1.522507,2.226225,2.52423,2.586339,-1.0,95.110985,97.22837000000001,1.4738086436497468,94.28075271270052,100.1759872872995,96.68609423421502,-0.4179223982304876,-0.005703882371958987
2015-05-26,0.900378,1.113371,-0.348534,-1.525406,-1.525414,1.450291,2.540059,2.83946,3.551855,3.883433,4.105763,-1.0,93.660149,96.9868215,1.642220559496559,93.70238038100689,100.27126261899312,96.3979089738136,-0.6011169361539856,-0.015371678255374383
2015-05-27,0.087282,0.64979,-0.368537,-0.174267,-0.174256,1.256905,2.390394,2.771704,3.397358,3.849957,4.136966,0.0,93.496941,96.6733667,1.681650627565035,93.31006544486993,100.03666795513007,96.12162630964087,-0.7508145264227863,-0.0017440754327874397
2015-05-28,-0.271212,0.174351,-0.833011,0.126076,0.126073,0.740022,1.932392,2.40693,2.909377,3.518512,3.809515,0.0,93.614815,96.33842255,1.5826360868738834,93.17315037625224,99.50369472374777,95.88288237538936,-0.8501396182125944,0.001259931691229828
2015-05-29,0.135921,0.553398,-0.32039,-0.232466,-0.232473,0.491267,1.744666,2.418453,2.8111,3.531181,3.854865,0.0,93.397186,96.0226743,1.5020143023915546,93.01864569521689,99.02670290478312,95.64614938725704,-0.935630939492782,-0.002327434571864338
2015-06-01,0.818478,1.091302,-0.136411,-0.359226,-0.359221,0.413136,1.585309,2.466271,2.921876,3.664497,4.053777,0.0,93.061684,95.7808313,1.5718528794742985,92.6371255410514,98.9245370589486,95.40000982656589,-1.0187125508719532,-0.003598674196354989
2015-06-02,0.068239,0.516669,-0.45818,-0.048714,-0.048714,0.323648,1.238056,2.274399,2.744348,3.479589,3.889314,0.0,93.01635,95.56904235,1.646755290814766,92.27553176837047,98.86255293162954,95.17299460498819,-1.075812109065069,-0.0004872579521872322
2015-06-03,0.225119,1.1843,-0.048933,-0.399692,-0.399677,0.542222,1.365359,2.40235,2.92348,3.587358,4.094875,0.0,92.644585,95.35303055,1.7350153581314618,91.88299983373707,98.82306126626293,94.93219369022741,-1.137944730338134,-0.004004778893003619
2015-06-04,0.493145,0.966569,-0.404375,-0.763433,-0.763446,0.950785,1.764473,2.845119,3.444309,4.019836,4.664588,-1.0,91.937294,95.1038984,1.8519692415140572,91.3999599169719,98.80783688302812,94.64696514830099,-1.2300781774285667,-0.0076637475531934176
2015-06-05,-0.403579,1.486369,-0.590607,0.197255,0.197255,0.474461,1.180237,2.262693,2.998576,3.485328,4.219177,0.0,92.118645,94.88089235,1.9318368790339497,91.01721859193209,98.7445661080679,94.40617275322471,-1.2737777707053652,0.0019706080626567474
2015-06-08,0.866364,0.965944,-0.468035,-1.151686,-1.151681,1.204938,1.913957,2.948944,3.842207,4.39053,5.155734,-1.0,91.057732,94.5563585,2.003974293413531,90.54840991317295,98.56430708682706,94.08727363386997,-1.378130594261762,-0.011583642827678185
2015-06-09,0.278828,0.826531,-0.199161,0.0,0.0,0.774745,1.628159,2.535348,3.549399,4.118422,4.883621,0.0,91.057732,94.28973404999999,2.099597833363394,90.0905383832732,98.48892971672679,93.79874585921569,-1.4441833124981258,0.0
2015-06-10,0.677595,0.736522,-0.304434,1.404107,1.404099,-0.68742,0.095257,0.90674,1.88635,2.47623,3.163128,1.0,92.336273,94.078058,2.0708390350267556,89.93637992994648,98.21973607005351,93.65946272976657,-1.3774842135380254,0.013943331616043974
2015-06-11,0.741693,1.068032,-0.178007,-0.69724,-0.697233,-0.043518,0.588403,1.342951,2.328908,2.967702,3.574055,-1.0,91.692474,93.8279077,2.0399654475142546,89.74797680497149,97.90783859502851,93.4721304697888,-1.3608864441130066,-0.006996750637048573
2015-06-12,0.65084,0.821066,-0.240318,-1.236155,-1.236155,0.863119,1.533989,2.236233,3.233696,3.99058,4.533503,-1.0,90.559013,93.4874166,1.98542775645855,89.5165610870829,97.4582721129171,93.1946907107613,-1.4227923575935364,-0.01243858837661313
2015-06-15,0.16114,0.775503,-0.161148,-0.580757,-0.580753,1.224691,1.790708,2.457439,3.396607,4.264145,4.852925,-1.0,90.033089,93.0911592,1.831023437203357,89.4291123255933,96.75320607440672,92.89358578592689,-1.4970340350202491,-0.005824457226811982
2015-06-16,-0.839668,0.409832,-1.229511,0.755363,0.755355,0.389848,0.773693,1.472745,2.291083,3.232155,3.826571,1.0,90.713158,92.791472,1.6934134801254699,89.40464503974906,96.17829896025094,92.685925996791,-1.483889855966865,0.007525159946965905
2015-06-17,1.072574,1.413388,-0.240582,-0.279887,-0.279876,0.25661,0.814946,1.533669,2.314543,3.251687,3.878249,0.0,90.459274,92.55299235,1.667745678810602,89.21750099237879,95.8884837076212,92.47386390185852,-1.4769341389767021,-0.002802679893247064
2015-06-18,0.009977,0.648381,-0.099749,0.491177,0.491158,-0.406971,0.208489,0.83858,1.565095,2.492178,3.149923,0.0,90.903572,92.32629940000001,1.5596717709424737,89.20695585811507,95.44564294188496,92.32431229215771,-1.4192107693806832,0.004899557970164683
2015-06-19,0.251332,0.703727,-0.010055,-0.778054,-0.77805,0.293561,0.781146,1.392719,2.058915,2.977785,3.7229,-1.0,90.196297,92.0533624,1.4176605770626,89.2180412458748,94.8886835541252,92.12164416909508,-1.4142333627811894,-0.007810923330167137
2015-06-22,-0.458669,0.079771,-0.917338,0.824369,0.824372,-0.327051,-0.055836,0.408152,0.995115,1.827102,2.632597,1.0,90.93985,91.84480565,1.2398302996123887,89.36514505077523,94.32446624922477,92.00909234346697,-1.3349022964963098,0.008209925945519447
2015-06-23,-0.12988,0.339698,-0.5495,-0.199427,-0.199435,-0.117883,0.110915,0.442949,1.03708,1.768422,2.630852,0.0,90.758484,91.6997224,1.1847727857930155,89.33017682841397,94.06926797158603,91.88998678694631,-1.2720037084212947,-0.0019963425777413195
2015-06-24,0.715227,1.420372,0.0,-0.819262,-0.819258,0.608444,0.679973,1.077877,1.67826,2.377363,3.235877,-1.0,90.014938,91.52562225,1.1624006705465593,89.20082090890688,93.85042359109312,91.71141071199905,-1.2675426299190065,-0.008226322043316844
2015-06-25,1.128738,1.34229,-0.050839,-0.93684,-0.936836,1.171445,1.349404,1.827,2.39069,3.064474,3.930924,-1.0,89.171646,91.3034638,1.1666804315897963,88.97010293682041,93.6368246631796,91.46952835847533,-1.316873709383927,-0.009412515235811474
2015-06-26,-0.365112,0.091282,-0.801217,0.264391,0.264393,0.72819,0.953346,1.356322,1.897566,2.513184,3.36004,0.0,89.40741,91.103975,1.130373787615773,88.84322742476846,93.36472257523155,91.27313613385863,-1.3217089231027757,0.0026404455512177654
2015-06-29,0.837727,1.313473,-0.093085,-1.937116,-1.937109,1.973303,2.678652,3.10131,3.603258,4.198975,5.010848,-1.0,87.675491,90.83466535,1.272140288373522,88.29038477325295,93.37894592674704,90.93050326396734,-1.4485937666363355,-0.019561168411986036
2015-06-30,1.015856,1.233547,-0.259148,-0.227532,-0.227545,1.455376,2.542761,3.063477,3.522861,4.153833,4.89859,0.0,87.47599,90.55764735,1.3714120671569097,87.81482321568618,93.30047148431382,90.60150200073235,-1.5474113874488182,-0.0022780405296754015
2015-07-01,0.218552,0.551574,-0.561966,-0.39391,-0.393915,1.194724,2.566353,3.072827,3.615894,4.273507,5.003655,0.0,87.131409,90.28198855,1.4796638148864214,87.32266092022715,93.24131617977284,90.27101695304356,-1.6346862255503396,-0.003946928358178407
2015-07-02,0.511107,0.834458,-0.156464,-0.228945,-0.228931,0.911644,2.344831,2.944257,3.565758,4.20527,4.918457,0.0,86.931938,90.03172075,1.6031025547031168,86.82551564059378,93.23792585940623,89.95300943370607,-1.7003472613786101,-0.0022919367087430955
2015-07-06,0.306005,0.833598,-0.305998,-1.147393,-1.147394,1.274665,3.036823,3.780379,4.40804,5.067426,5.759206,-1.0,85.934486,89.7225128,1.7673754979082263,86.18776180418355,93.25726379581646,89.57029291621025,-1.8119827366129613,-0.011540275396225298
2015-07-07,-0.90269,0.220432,-1.857875,0.527593,0.527594,0.445048,1.969137,2.954408,3.589796,4.20699,4.867568,0.0,86.387871,89.48901975,1.886173408278078,85.71667293344385,93.26136656655615,89.26720511466641,-1.8426295877326027,0.005262068765244628
2015-07-08,1.100896,1.635312,-0.320646,-1.794898,-1.794891,1.65882,3.134877,4.374366,5.116494,5.725942,6.437571,-1.0,84.837303,89.1779983,2.113095461359417,84.95180737728117,93.40418922271883,88.84530967517436,-1.9693340598322209,-0.01811194407025887
2015-07-09,1.194288,1.524845,-0.021323,0.235144,0.23513,0.92771,2.307533,3.704417,4.440717,5.120073,5.856264,0.0,85.036781,88.8130237,2.16854460798737,84.47593448402526,93.15011291597474,88.48259265849109,-2.0302486170631795,0.002348540601254332
2015-07-10,0.1271,0.571966,-0.360136,0.67179,0.671787,-0.055076,1.208561,2.600008,3.388414,4.122871,4.83812,1.0,85.608047,88.50880235,2.170117115942739,84.16856811811452,92.84903658188547,88.20882640530147,-2.0092658842149405,0.006695405196566665
2015-07-13,-0.306554,0.306555,-0.475683,0.201244,0.201251,-0.291753,0.582454,2.05074,2.90222,3.618183,4.331573,0.0,85.780334,88.2698684,2.1954276027518453,83.87901319449631,92.66072360550368,87.97754141432037,-1.956185111935369,0.0020104870240045874
2015-07-14,-1.203559,0.251175,-1.214028,1.004234,1.004234,-1.224493,-0.536896,0.705384,1.683407,2.384088,3.047266,1.0,86.641769,88.1003024,2.1830067751234687,83.73428884975307,92.46631595024694,87.8503249939089,-1.8235864429193498,0.00999224754249743
2015-07-15,0.8489,1.549235,-0.371391,-1.371015,-1.370999,0.292857,0.60907,1.691411,2.78914,3.544977,4.184691,-1.0,85.453911,87.83734005,2.168412493891794,83.50051506221641,92.17416503778358,87.6220950897271,-1.793674888072971,-0.013804842335129679
2015-07-16,-0.211689,0.264606,-0.613888,0.254674,0.254665,0.186277,0.183101,1.095108,2.248613,2.970778,3.648734,0.0,85.671532,87.59795295,2.127616721122572,83.34271950775486,91.85318639224515,87.43632717641975,-1.7324390899674142,0.0025434104186912603
2015-07-17,1.159421,1.331183,-0.268384,-1.407706,-1.407722,1.346227,1.321533,2.167122,3.327435,4.098773,4.833788,-1.0,84.465515,87.27605009999999,2.087820906794545,83.1004082864109,91.45169191358909,87.1533926834274,-1.7609259137882134,-0.014177243832596496
2015-07-20,0.387348,0.591775,-0.376593,-0.225443,-0.225434,1.217993,1.353562,1.991965,3.209595,4.03572,4.760417,0.0,84.275101,86.9799903,2.0716857117667007,82.8366188764666,91.12336172353339,86.87926966595812,-1.7783668394166057,-0.002256884979289887
2015-07-21,-0.958469,0.255588,-0.958469,1.032924,1.032934,-0.168269,0.171451,0.751144,1.814152,2.74248,3.457923,1.0,85.145607,86.69027815,1.8855623582328498,82.91915343353429,90.4614028664657,86.71415893586686,-1.702323019445501,0.010276354891528663
2015-07-22,0.0,0.876912,-0.23527,-0.415335,-0.415351,0.091975,0.583901,0.960331,1.886969,2.891673,3.643109,0.0,84.791954,86.39195165,1.6674109217485347,83.05712980650293,89.72677349349706,86.53109179911763,-1.651556470813503,-0.004162158247569065
2015-07-23,0.677855,1.215836,-0.258236,-0.60956,-0.609554,0.374434,1.110395,1.353562,2.171292,3.229177,3.959901,-1.0,84.275101,86.1049598,1.4961822398172742,83.11259532036546,89.09732427963455,86.316235532535,-1.634191391733566,-0.006114196643959492
2015-07-24,2.406182,2.406182,-0.275938,-2.517758,-2.517757,2.403977,3.301329,3.583521,4.383005,5.469317,6.257912,-1.0,82.153259,85.75404045,1.5607210169039296,82.63259841619215,88.87548248380786,85.91976157705548,-1.7712267583605836,-0.0254999445475192
2015-07-27,0.80772,1.065736,-0.448733,-1.611478,-1.611488,3.22864,4.380763,4.859036,5.562049,6.733239,7.59705,-1.0,80.829369,85.3251384,1.678145784571041,81.96884683085791,88.68142996914209,85.43496228400258,-1.964015187958836,-0.01624613782152099
2015-07-28,-3.192646,0.313853,-3.214288,3.657172,3.657173,-0.738093,0.35715,0.952388,1.605526,2.625979,3.552314,1.0,83.785439,85.13063580000001,1.6156664566069845,81.89930288678603,88.36196871321398,85.27786482838329,-1.8568664625676234,0.035918856232524075
2015-07-29,-1.361927,0.16086,-1.941017,0.919911,0.91993,-1.69867,-0.663816,0.01,0.506693,1.397095,2.365673,1.0,84.556206,84.9846466,1.5217754558484227,81.94109568830316,88.02819751169685,85.2091354161563,-1.6902714730153434,0.009157239565413377
2015-07-30,0.451465,0.838438,-0.300977,-0.235926,-0.235939,-1.446843,-0.584754,0.192775,0.579926,1.368595,2.366623,0.0,84.356705,84.8459114,1.4400472024245672,81.96581699515087,87.72600580484914,85.12795156699855,-1.5564005897704902,-0.0023621769536131803
2015-07-31,3.435798,3.695747,-0.531195,-4.890891,-4.890881,3.141942,3.999763,4.898273,5.334529,6.135613,7.187299,-1.0,80.230919,84.51086045000001,1.6874528929601966,81.13595466407962,87.8857662359204,84.66156751299869,-1.7629017656923764,-0.050145331784043345
2015-08-03,1.962618,2.021033,-0.3271,-3.254978,-3.254975,5.785041,6.641347,7.726628,8.342866,9.099057,10.253494,-1.0,77.619423,84.0951073,2.2491008125960366,79.59690567480793,88.59330892519206,83.99088708318929,-2.112924854911043,-0.03309127200606859
2015-08-04,0.621992,1.983339,-0.621992,-0.455606,-0.455614,4.581625,6.109609,7.410711,8.248444,9.059498,10.168209,0.0,77.265778,83.63900265000001,2.6490611952553613,78.34088025948928,88.93712504051074,83.35040050383793,-2.3912915503967724,-0.004566551384827614
2015-08-05,1.677976,2.344402,-0.190403,-1.384814,-1.38482,3.855773,6.471503,8.109014,9.201481,9.998815,11.078191,-1.0,76.195786,83.2069268,3.108263508057417,76.99039978388517,89.42345381611484,82.66900864632956,-2.6674894166559966,-0.01394498155105484
2015-08-06,-1.913375,0.4578,-2.699851,1.380463,1.380466,0.601011,4.111983,5.909924,7.210352,7.989199,9.014749,1.0,77.247643,82.8174699,3.345821448593014,76.12582700281398,89.50911279718603,82.15268810858389,-2.7695761960140004,0.013710244659386719
2015-08-07,1.146267,1.802987,-0.38209,-1.690342,-1.690351,1.201203,5.084188,6.982696,8.417324,9.267115,10.308468,-1.0,75.941887,82.3341619,3.609275254249953,75.1156113915001,89.5527124084999,81.56118324109971,-2.922159465357012,-0.017048000925921954
2015-08-10,-1.967635,0.244498,-2.340205,2.555223,2.555231,-1.252766,2.087556,3.76994,5.208991,6.1311,7.066793,1.0,77.882378,81.9392641,3.644273674355867,74.65071675128827,89.22781144871173,81.21082083718545,-2.8536067964336524,0.025231311133359465
2015-08-11,-1.632084,0.233159,-2.541386,-0.128071,-0.128064,-0.993245,1.446721,3.27193,4.774418,5.824663,6.78013,0.0,77.782639,81.4963076,3.5804561039065983,74.3353953921868,88.65721980781319,80.88432732888207,-2.7753340923320735,-0.001281457010327763
2015-08-12,-2.062451,0.368706,-2.15463,1.177433,1.177414,-1.509383,-0.478155,1.553952,3.125947,4.281149,5.165737,1.0,78.698463,81.15853519999999,3.5053129462969115,74.14790930740617,88.16916109259381,80.67614977375045,-2.609324400032179,0.011705368189794868
2015-08-13,0.209669,0.570761,-0.46593,-1.083078,-1.083075,-0.277222,-0.2248,2.115327,3.752485,5.053477,5.919639,-1.0,77.8461,80.7672636,3.4105129704929515,73.9462376590141,87.58828954098591,80.40662122386945,-2.5175187049250525,-0.010889824686388454
2015-08-14,-0.244213,0.500058,-0.814045,0.163075,0.163082,0.081405,-0.676821,1.59166,3.167232,4.490759,5.364194,0.0,77.973053,80.44264050000001,3.348395704108778,73.74584909178246,87.13943190821756,80.17485282159616,-2.4067741893291412,0.0016294919545726608
2015-08-17,1.477828,1.537906,-0.144181,-3.20967,-1.990111,1.731204,1.183178,3.269959,4.748215,6.1226,7.08869,-1.0,76.421303,80.0499506,3.3357916813679687,73.37836723726406,86.72153396273595,79.81737188620605,-2.416367241904098,-0.02010180025686978
2015-08-18,-0.431448,0.395488,-0.743051,0.252312,0.252308,1.170134,0.84347,2.386036,3.927809,5.331977,6.39394,0.0,76.61412,79.62337624999999,3.192281158733266,73.23881393253346,86.00793856746652,79.51230027799595,-2.3809648045550773,0.0025199015790059788
2015-08-19,2.422443,2.471882,-0.296633,-3.032116,-3.032104,3.147127,3.740379,4.6664,6.470807,8.024589,9.247596,-1.0,74.2911,79.09833355,3.1608468072880136,72.77663993542399,85.42002716457603,79.01504310866301,-2.5114064869220414,-0.030790234070577464
2015-08-20,1.792032,2.587081,0.0,-2.064029,-2.064025,3.922257,5.309626,5.809474,7.923217,9.591271,10.987461,-1.0,72.757713,78.52246414999999,3.2167336706852594,72.08899680862947,84.9559314913705,78.41910690783796,-2.707305839352898,-0.0208562388417918
2015-08-21,4.10507,5.05543,-0.066002,-4.391716,-4.391727,6.277721,9.229891,9.647347,11.97562,13.768337,15.316739,-1.0,69.562393,77.89292085,3.669030010155831,70.55486082968834,85.23098087031165,77.57561034518673,-3.084833071720624,-0.04491083020087472
2015-08-24,-2.176927,4.520236,-3.521909,-4.804645,-4.804631,8.560719,12.981737,14.033777,16.524094,18.419769,20.152319,-1.0,66.220177,77.16246125,4.429165537413892,68.30413017517222,86.0207923248278,76.494140502788,-3.612077244410756,-0.04923888582548024
2015-08-25,7.012287,7.140817,-0.257071,-2.911822,-2.911824,7.983435,14.271887,16.108523,18.502819,20.673926,22.597106,-1.0,64.291962,76.1877874,5.0027296453681105,66.18232810926378,86.19324669073623,75.33202826442724,-4.137814733049353,-0.029550589370614354
2015-08-26,-1.874395,0.013684,-2.927896,4.38446,4.384459,1.307979,7.745483,10.329134,12.225601,14.551413,16.536576,1.0,67.110817,75.31551795,4.987683019186948,65.34015191162611,85.29088398837389,74.54905576305322,-4.27769681408472,0.042910622485260855
2015-08-27,-3.400308,0.618243,-3.967029,6.225206,6.225196,-5.04121,0.511339,3.306162,4.732195,7.109597,9.034572,1.0,71.288597,74.66211255,4.580260351295276,65.50159184740946,83.82263325259055,74.23853588085767,-4.005272156045933,0.060391146617670026
2015-08-28,-3.369388,0.95735,-3.543451,3.59351,3.593506,-7.173933,-3.533501,-0.466184,0.667197,2.944408,4.773195,1.0,73.850357,74.34308444999999,4.390232436304978,65.56261957739004,83.12354932260995,74.20156646363313,-3.5418329834395337,0.03530445833259576
2015-08-31,-1.210021,0.11113,-3.790592,0.696255,0.69627,-5.625392,-4.477101,-1.469784,-0.247717,1.884857,3.604502,1.0,74.364555,74.18034105000001,4.322188982791566,65.53596308441688,82.82471901558314,74.21708918138235,-3.097358201671682,0.006938573939881328
2015-09-01,0.728993,1.534719,-0.856893,-3.457212,-3.457229,-0.156026,-1.727835,1.502481,2.943341,4.865259,6.694688,-1.0,71.793602,73.90673224999999,4.289671813406497,65.32738862318699,82.48607587681299,73.98628087839356,-2.9189157122333853,-0.03518405358013772
2015-09-02,2.165004,2.165004,-1.063278,-0.166267,-0.166246,1.283618,-1.929293,1.01816,2.799342,4.320967,6.262298,0.0,71.674248,73.68065535,4.281824528901719,65.11700629219655,82.24430440780344,73.76608727092751,-2.7553674631038376,-0.001663843537555286
2015-09-03,0.562222,1.482234,-0.728341,0.256218,0.256213,1.183228,-2.305144,0.204439,2.161601,3.358614,5.414728,0.0,71.857887,73.41116755,4.214592536372657,64.98198247725469,81.84035262274531,73.58435391179155,-2.581181906513976,0.00255885694449987
2015-09-04,0.82171,1.252118,-0.286945,-2.031694,-2.031702,2.300776,-0.160422,1.565154,3.886508,4.943394,7.044244,-1.0,70.397949,73.13397065000001,4.221693333083146,64.69058398383372,81.5773573161663,73.28088677733521,-2.5317588532710573,-0.020526247638735465
2015-09-08,0.897974,0.937015,-0.780841,0.221727,0.221737,0.994273,0.232949,0.786047,3.137321,4.310646,6.321954,0.0,70.554047,72.76755410000001,4.104263568081808,64.5590269638364,80.97608123616362,73.02118775092234,-2.4517328730577077,0.002214911008650904
2015-09-09,3.350243,4.378002,-0.226906,-2.498696,-2.498687,2.709548,3.455673,2.610773,5.126906,6.491061,8.320127,-1.0,68.791122,72.31797825,4.017548192374769,64.28288186525046,80.35307463474953,72.61832434607258,-2.50172667348248,-0.025304344310374566
2015-09-10,0.092518,0.185037,-1.784306,0.987728,0.987702,1.070587,2.783511,1.1446,3.434563,5.062308,6.536874,1.0,69.470573,71.85658375,3.768376792837697,64.3198301643246,79.3933373356754,72.31853850358948,-2.4581846803852727,0.009828556920292672
2015-09-11,0.197917,0.606939,-0.923611,0.171817,0.171828,0.245414,2.363108,0.667633,2.663938,4.44193,5.646805,0.0,69.589943,71.4437759,3.521869706511814,64.40003648697638,78.48751531302364,72.0586722651524,-2.3865346894357913,0.0017168069377726572
2015-09-14,-0.329946,0.303554,-1.069022,-0.026394,-0.026389,0.034315,1.775109,0.695086,2.087236,4.103239,5.163978,0.0,69.571579,71.02370219999999,3.187245815486714,64.64921056902656,77.39819383097341,71.82180623989979,-2.304666614595746,-0.0002639235306237121
2015-09-15,-0.958919,0.673842,-1.244005,1.847698,1.847671,-1.694938,-0.56626,-0.695412,-0.157422,1.818056,2.93802,1.0,70.857033,70.7454887,2.923208502861504,64.89907169427698,76.59190570572301,71.72992307419504,-2.11171761448351,0.0183080910225884
2015-09-16,-1.518599,0.240448,-1.581878,2.397303,2.39733,-2.95875,-2.789168,-2.261033,-2.774615,-0.853873,0.311643,1.0,72.55571,70.5425682,2.619465034838232,65.30363813032355,75.78149826967646,71.80856944808123,-1.8009745902989067,0.023690453309819406
2015-09-17,-0.365195,1.334841,-1.02003,0.493555,0.493542,-2.490872,-3.096586,-2.210468,-3.346554,-1.65814,-0.331046,0.0,72.913803,70.47370335,2.5323876893667574,65.40892797126648,75.53847872873351,71.91382978635922,-1.508425205649445,0.004923282080541052
2015-09-18,0.218685,1.234884,-0.990477,-2.103017,-2.103002,0.105471,-1.081817,-0.101197,-1.36674,0.092096,1.536033,-1.0,71.380424,70.4048389,2.4852973642079044,65.4342441715842,75.3754336284158,71.86302923527738,-1.3843506483810728,-0.021254304571947887
2015-09-21,0.268929,0.819576,-0.320143,0.450216,0.450216,0.250987,-1.343324,-0.748711,-1.659626,-0.706367,0.883834,0.0,71.70179,70.51180875,2.4931577194543495,65.5254933110913,75.4981241889087,71.84767311763191,-1.2457291274627664,0.004492054342848515
2015-09-22,-0.53075,0.569582,-0.983821,-1.075677,-1.075686,1.361815,-0.217475,0.007769,-0.258251,0.063691,1.654128,-1.0,70.930504,70.7473251,2.279758949397963,66.18780720120407,75.30684299879593,71.76032367785744,-1.1844532677408637,-0.010815131640629205
2015-09-23,1.681554,1.852333,-0.472939,-1.462779,-1.462773,2.104565,1.42143,1.31108,1.623086,1.164469,2.786896,-1.0,69.892952,71.0273746,1.7204406209181884,67.58649335816362,74.46825584183638,71.58247875615673,-1.2057147535115575,-0.014735766386510876
2015-09-24,-1.872808,0.546234,-2.328002,1.011555,1.011548,0.426589,0.565746,0.195087,0.85252,-0.057741,1.375203,1.0,70.599953,71.20183139999999,1.4595054129956349,68.28282057400872,74.12084222599125,71.488904874618,-1.15223333349131,0.01006466437728777
2015-09-25,0.218798,0.59203,-1.00386,1.05345,1.053451,-0.630625,-0.236805,-0.897464,-0.194976,-1.178888,0.014591,1.0,71.343689,71.20458599999999,1.4597297607437452,68.2851264785125,74.12404552148749,71.47507479132105,-1.037871704318846,0.010479409937777474
2015-09-28,1.174617,1.530953,-0.026392,-2.483913,-2.483906,1.288107,2.304339,1.547664,2.039724,1.338787,2.159604,-1.0,69.571579,70.9906471,1.3618219052848688,68.26700328943026,73.71429091056974,71.2937894778619,-1.0778094398182674,-0.025152752471774713
2015-09-29,-0.275409,0.53771,-1.272132,0.6335,0.633487,0.388203,1.539679,0.856837,1.086564,0.917515,1.211373,1.0,70.012306,70.77303465,1.1207002593520918,68.53163413129582,73.01443516870418,71.17174343235125,-1.0616592503683222,0.0063148903557518074
2015-09-30,-2.193199,0.177485,-2.383363,3.449176,3.449178,-2.259123,-1.863582,-2.171224,-2.240103,-1.997963,-2.35589,1.0,72.427155,70.8047123,1.1593532521270327,68.48600579574594,73.12341880425407,71.29130643879398,-0.8442697600543312,0.0339102715332771
2015-10-01,1.761559,3.255046,-0.676536,-0.684585,-0.684577,-1.215218,-1.323716,-1.268828,-1.548377,-1.054377,-1.792186,-1.0,71.931335,70.81756665,1.170869694521656,68.47582726095669,73.15930603904332,71.35226153986123,-0.7038816435968869,-0.006869314713761311
2015-10-02,-4.671986,0.0,-5.19927,4.097533,4.097523,-4.159412,-4.740649,-4.684242,-5.221948,-4.757325,-5.563456,1.0,74.878738,70.96860919999999,1.4690195486976934,68.0305701026046,73.90664829739538,71.68811644082682,-0.35074904359635184,0.04015799497696829
2015-10-05,-1.927877,0.190412,-1.999287,3.041074,3.041092,-5.022027,-6.845184,-6.842011,-7.58123,-7.396891,-8.02254,1.0,77.155869,71.3065052,2.008867275581974,67.28877064883605,75.32423975116396,72.2088547797957,0.11157041274134372,0.029957670106835154
2015-10-06,-3.230254,0.735716,-3.356705,3.52255,3.522543,-5.784575,-8.895277,-9.259303,-10.142547,-10.271987,-10.582444,1.0,79.873718,71.77248875000001,2.7640886508700877,66.24431144825984,77.30066605174018,72.9388417531485,0.6893235205530175,0.034619213988978596
2015-10-07,0.147523,1.577393,-2.088066,1.299006,1.299009,-4.895604,-8.70178,-9.734462,-10.545857,-10.971865,-11.044419,1.0,80.911285,72.3784969,3.3438684418467477,65.69076001630651,79.06623378369349,73.69812206237245,1.2168924281484692,0.012906445047009704
2015-10-08,-2.246697,0.255806,-2.346792,2.031322,2.031324,-4.215333,-9.071304,-10.752985,-11.534323,-12.217117,-12.191833,1.0,82.554855,73.03271099999999,3.9669024636734247,65.09890607265314,80.96651592734685,74.5416204373846,1.7474731685363594,0.020109673939774846
2015-10-09,0.703357,0.926652,-1.004803,-0.37816,-0.378166,-2.060954,-7.400917,-9.5337,-10.429276,-11.378812,-11.414539,0.0,82.242661,73.6653469,4.376708399260393,64.91193010147921,82.41876369852079,75.2750528719194,2.1183517409937025,-0.003788823776528447
2015-10-12,1.262117,1.397346,-0.980387,-0.926652,-0.926649,-0.083387,-5.073249,-7.887463,-8.86072,-10.005862,-10.273836,-1.0,81.48056,74.26079595000002,4.5950968181049205,65.07060231379018,83.45098958620986,75.86605355078422,2.3239909787765782,-0.009309693513683064
2015-10-13,-0.65625,0.633633,-1.233306,-0.405681,-0.405681,0.638158,-3.314098,-6.672702,-7.855285,-9.116996,-9.629631,0.0,81.150009,74.77544475,4.767001524013947,65.24144170197211,84.3094477980279,76.36928740309047,2.432251373292786,-0.004065059320896562
2015-10-14,-1.704544,0.233956,-2.283871,1.561445,1.561427,-0.54366,-3.588446,-7.094465,-8.673675,-9.852932,-10.58934,1.0,82.417107,75.2685146,5.028169014411216,65.21217657117757,85.32485262882244,76.94527022184376,2.5904318490728,0.015493619724590325
2015-10-15,-1.179452,0.165346,-2.513226,1.069518,1.069532,-1.417551,-3.244047,-7.061289,-9.016756,-10.14286,-11.070328,1.0,83.298584,75.78775365,5.30100463736016,65.18574437527968,86.38976292472032,77.5503477245253,2.7551590839537567,0.010638525637881511
2015-10-16,0.284809,0.405305,-1.391175,0.628307,0.628323,-1.656275,-2.781259,-6.649155,-8.842714,-10.024772,-11.149831,1.0,83.821968,76.40983084999999,5.483452609364353,65.44292563127128,87.3767360687287,78.14764489361812,2.894572489242776,0.006263570875826127
2015-10-19,0.366547,0.56648,-0.899698,-1.380219,-1.38024,0.006671,-0.754185,-4.286713,-6.903804,-8.131951,-9.411673,-1.0,82.665024,76.95799255,5.535763939936648,65.8864646701267,88.0295204298733,78.5778714751783,2.8785211060448006,-0.013898534772921897
2015-10-20,-0.544503,0.555617,-0.66674,-0.044431,-0.044412,0.408925,-0.376717,-3.226294,-6.154583,-7.521291,-8.884331,0.0,82.628311,77.5428829,5.483126865541939,66.57662916891611,88.50913663108388,78.96362762039942,2.83021290432508,-0.00044421634548928935
2015-10-21,0.123139,1.455273,-0.212698,-0.73341,-0.733427,1.054522,0.494797,-1.731406,-4.721818,-6.376357,-7.673421,-1.0,82.022293,78.14934995,5.258659778545873,67.63203039290826,88.66666950709174,79.2549290851233,2.711768143384262,-0.007361293817123974
2015-10-22,-2.051959,0.207373,-2.051959,2.56353,2.563542,-1.274837,-1.830396,-3.221286,-6.2994,-8.183377,-9.400434,1.0,84.124969,78.82560075,5.104099881960081,68.61740098607984,89.03380051392017,79.71874241034965,2.75580103844905,0.025312343296479634
2015-10-23,-0.537043,0.756249,-1.260414,-0.414762,-0.414776,-0.874608,-1.238484,-2.110176,-5.167135,-7.209112,-8.458638,0.0,83.776039,79.44721825,4.897821995011921,69.65157425997616,89.24286224002385,80.10515160936397,2.731059733574469,-0.004156383651120609
2015-10-26,2.365671,2.376929,-0.214031,-2.707147,-2.707133,1.599638,1.512894,0.969543,-1.79622,-4.146001,-5.423385,-1.0,81.50811,80.0440448,4.324833621351129,71.39437755729773,88.69371204270226,80.23876669418645,2.499634919401231,-0.027444511315887456
2015-10-27,0.034214,0.296468,-1.09464,-1.205362,-1.205371,2.316994,2.673893,2.255421,0.054736,-2.499883,-3.869249,-1.0,80.525635,80.56971125,3.6233829252089267,73.32294539958214,87.81647710041786,80.2660874852163,2.2114592396996784,-0.012126943562621582
2015-10-28,-1.759664,0.367526,-2.082641,2.383129,2.383138,0.037859,0.28733,-0.000751,-1.666675,-4.160384,-5.70703,1.0,82.444672,81.0705871,3.0919751464462317,74.88663680710754,87.25453739289246,80.4735717247195,2.113564331218967,0.02355184499923135
2015-10-29,-0.634107,1.156971,-0.834353,0.111369,0.11137,-0.458345,0.08343,-0.11348,-1.133615,-3.688517,-5.423304,0.0,82.536491,81.6008449,2.2318905654417667,77.13706376911647,86.06462603088353,80.67004022712717,2.020104430486569,0.001113084764470875
2015-10-30,0.286094,1.210394,-1.61751,1.101344,1.101337,-1.621915,-1.051935,-1.105486,-1.697291,-4.15757,-5.971611,1.0,83.445496,82.0291828,1.6090520877413397,78.81107862451732,85.24728697548268,80.93436934835316,1.9963729477989602,0.010953165513054306
2015-11-02,-4.580874,0.336984,-4.717772,4.489439,4.489435,-4.545067,-4.784115,-4.917857,-5.345405,-7.467142,-9.419403,1.0,87.191727,82.5309757,1.5737764961041916,79.38342270779161,85.67852869220839,81.53030817231952,2.2538738551200765,0.04391577634822048
2015-11-03,-2.771552,0.509476,-2.771552,3.348778,3.348773,-5.510487,-7.038916,-7.335771,-7.844398,-9.573256,-11.644923,1.0,90.11158,83.04286880000001,2.2031380596361716,78.63659268072766,87.44914491927236,82.34757215590814,2.6628571545298314,0.032939227657269116
2015-11-04,1.291723,1.374394,-0.713026,-1.395967,-1.395966,-2.730179,-4.954007,-5.540965,-6.092789,-7.553573,-9.682746,-1.0,88.853653,83.43998719999999,2.4951535332647805,78.44968013347042,88.43029426652956,82.96719890296451,2.8525922619929673,-0.014058012225211308
2015-11-05,1.586462,2.115283,-0.232682,-2.294093,-2.294082,0.539386,-2.412489,-3.053066,-3.642526,-4.697205,-6.939547,-1.0,86.815277,83.6530083,2.5954575134495776,78.46209327310083,88.84392332689916,83.3336825312536,2.8061314571621807,-0.023208059509108637
2015-11-06,-0.340317,0.042541,-2.41412,-0.549978,-0.549984,1.765393,-1.576091,-2.322661,-2.872486,-3.639262,-5.846006,-1.0,86.337807,83.85776560000001,2.6394990343380234,78.57876753132396,89.13676366867605,83.61978962351516,2.6996630607031733,-0.005515018262150625
2015-11-09,1.256502,2.307189,-0.238304,-1.818567,-1.818571,3.078424,0.631502,-0.34806,-0.879546,-1.49523,-3.504474,-1.0,84.767693,84.02212225,2.585473051837416,78.85117614632516,89.19306835367483,83.72911375460896,2.4602310001075978,-0.01835309878829101
2015-11-10,-1.212062,0.289603,-1.490944,0.985705,0.985701,1.018988,0.242415,-1.089059,-1.586931,-2.18899,-3.839247,1.0,85.603249,84.24478425,2.5159293259218103,79.21292559815637,89.27664290184362,83.90760282559859,2.3112589982152514,0.009808746601455379
2015-11-11,1.301656,1.648766,-0.357957,-1.115522,-1.115516,1.164985,1.633581,0.233575,-0.34494,-0.908992,-2.273204,-1.0,84.648331,84.35634544999999,2.4798305853636378,79.39668427927272,89.31600662072726,83.97814836601778,2.092028113562108,-0.011217846129727298
2015-11-12,0.990428,1.435568,-0.678835,-2.52739,-2.527394,2.744271,4.265527,2.701985,2.191192,1.658139,0.688112,-1.0,82.508934,84.31686295,2.503729085461734,79.30940477907653,89.32432112092347,83.8382231883018,1.725761100075303,-0.02559881351846105
2015-11-13,1.003608,1.45467,-0.552546,-1.313155,-1.31315,2.904825,5.404825,3.876109,3.403812,2.970682,2.295897,-1.0,81.425468,84.19703795000001,2.5846979917971367,79.02764196640574,89.36643393359428,83.6084369798921,1.332702635376819,-0.01321847962039968
2015-11-16,-4.002183,0.021874,-4.002183,3.123587,4.383066,-1.362823,0.720329,-0.212217,-0.801104,-1.18771,-1.692115,1.0,84.9944,84.31350675,2.564433151025786,79.18464044794842,89.44237305205158,83.74043345799763,1.2942644805802672,0.04289727320074837
2015-11-17,0.263647,1.614853,-0.36252,-0.459265,-0.459275,-1.143925,0.534068,0.56957,-0.226642,-0.568492,-1.052157,0.0,84.604042,84.4122933,2.533973172104673,79.34434695579066,89.48023964420935,83.82268189056927,1.2182599948498591,-0.0046033287184038905
2015-11-18,-0.835047,0.585621,-1.279688,1.296276,1.296277,-2.163373,-1.120352,-0.464117,-1.288821,-1.687646,-2.132096,1.0,85.700745,84.5962159,2.484381068695905,79.6274537626082,89.56497803739181,84.0015450438484,1.232315295262211,0.012879475432834738
2015-11-19,1.321146,1.695476,-0.440385,-1.496581,-1.496587,-0.224592,0.097993,1.196755,0.228288,-0.140913,-0.57159,-1.0,84.418159,84.6108754,2.4823181991571666,79.64623900168567,89.57551179831432,84.04122256348188,1.126969250909923,-0.015078986193429539
2015-11-20,1.831252,2.583975,-0.224698,-2.003743,-2.00374,2.130097,1.708189,3.208005,2.21424,1.847955,1.480934,-1.0,82.726639,84.5584054,2.511808974610992,79.53478745077801,89.58202334922198,83.91602412886456,0.8966541534725536,-0.020240866244415446
2015-11-23,-1.510943,0.477725,-2.110878,1.123469,1.123475,0.675475,0.445335,1.779608,1.207026,0.763817,0.440172,1.0,83.656052,84.6658025,2.4187182236536744,79.82836605269264,89.50323894730735,83.89126487849651,0.7801307790874716,0.011172107645662177
2015-11-24,-1.269837,1.039962,-1.696765,1.488719,1.488704,-0.731242,-1.110725,-0.122476,-0.019847,-0.607159,-0.885866,1.0,84.901443,84.8845929,2.2137241044019738,80.45714469119605,89.31204110880395,83.9874723186397,0.7792945879984501,0.014777315750008697
2015-11-25,-0.17608,0.49521,-0.781335,-0.525446,-0.525439,-0.501818,-0.61123,0.057901,0.6273,0.033083,-0.281885,-1.0,84.455338,84.9851262,2.141566331358237,80.70199353728353,89.26825886271646,84.03203095495974,0.734171878877433,-0.0052682393836821035
2015-11-27,-0.132791,0.520076,-0.3541,-0.550237,-0.55024,-0.053114,0.115085,0.387302,1.270621,0.580152,0.297305,-1.0,83.990631,85.0578332,2.077793628419352,80.9022459431613,89.2134204568387,84.02808810210642,0.6533820540233393,-0.005517593347154885
2015-11-30,-0.744635,0.700831,-0.963642,1.05123,1.05123,-0.586944,-0.520144,-0.772035,0.301237,-0.414452,-0.704782,1.0,84.873566,85.1292367,2.043727951330591,81.04178079733883,89.21669260266118,84.10860980666772,0.6530727946188506,0.01045743339321076
2015-12-01,-1.632788,0.183822,-1.632788,1.270262,1.270262,-1.299743,-1.656574,-1.924846,-1.029007,-1.456789,-1.822809,1.0,85.951683,85.0672345,1.9961188798139065,81.07499674037219,89.05947225962781,84.28414058698507,0.7313917076823628,0.012622622487314336
2015-12-02,2.603876,2.703603,-0.243768,-2.411335,-2.411321,0.895281,0.686971,0.361462,1.044955,1.138037,0.65276,-1.0,83.879112,84.7556111,1.6178177593634364,81.51997558127313,87.99124661872686,84.24556643584364,0.6190844320747715,-0.024408693363518655
2015-12-03,2.205965,2.892516,-0.551488,-1.551249,-1.551262,2.030393,1.895335,1.775715,2.257138,2.73813,2.26118,-1.0,82.577927,84.44182479999999,1.3709097158572314,81.70000536828553,87.18364423171445,84.08674363242997,0.4202410744668441,-0.01563420221309512
2015-12-04,-2.017609,0.122618,-3.589345,0.967925,0.967926,0.905141,0.793671,0.869472,1.070678,1.793568,1.250962,1.0,83.37722,84.26992195,1.2694294567854516,81.73106303642909,86.8087808635709,84.01916995315094,0.32342431195958454,0.009632713355591764
2015-12-07,0.229152,0.75619,-2.726853,-2.708728,-2.708717,2.788719,3.401687,3.652605,3.562928,4.512902,3.960729,-1.0,81.118767,84.00896995,1.3554816930203135,81.29800656395936,86.71993333604063,83.74294110046989,0.06372348307827735,-0.02746079054474603
2015-12-08,-0.728834,1.804718,-2.533552,-0.962416,-0.962436,2.390106,3.993528,4.273493,4.293653,5.187305,4.92246,-1.0,80.338051,83.78748785,1.5699175412574462,80.64765276748511,86.9273229325149,83.4186658528061,-0.20275135986950943,-0.009670970783902638
2015-12-09,-1.061644,2.899545,-1.484013,1.341967,1.341967,0.429232,2.188367,2.631671,2.655459,3.36721,3.56954,1.0,81.416161,83.57813345,1.5940315954786677,80.39007025904266,86.76619664095733,83.22795110491981,-0.32321431249388866,0.013330422146643948
2015-12-10,-1.45577,1.298988,-1.892499,1.940645,1.940648,-1.381859,0.067191,0.460622,0.60167,1.117103,1.620033,1.0,82.996162,83.49552500000001,1.5783849619262118,80.33875507614759,86.65229492385244,83.2058759520703,-0.28787079888059,0.01922057437764051
2015-12-11,1.631185,1.700604,-0.404912,-3.202689,-3.202691,1.124483,2.92342,3.445942,3.795125,4.140223,4.891075,-1.0,80.338051,83.38698085,1.7182507365903292,79.95047937681935,86.82348232318066,82.93274976615885,-0.46894247569204595,-0.03255099652428446
2015-12-14,-3.391916,0.291049,-4.388221,3.343359,3.343368,-1.688129,-0.629131,0.123136,0.533414,0.611422,1.480715,1.0,83.024048,83.46690985000001,1.6583400224978573,80.15022980500429,86.78358989499573,82.94144483604849,-0.39119610879853894,0.03288693153198305
2015-12-15,-2.350151,0.689953,-2.382491,3.839695,3.83969,-3.96076,-4.273392,-3.381484,-3.113408,-3.041888,-2.309631,1.0,86.211914,83.52778555,1.7378063241113495,80.05217290177731,87.0033981982227,83.25291808975815,-0.07152293691562761,0.037678080804829234
2015-12-16,-0.920377,0.406676,-2.814645,0.733075,0.733082,-3.40968,-4.628644,-3.935507,-3.689537,-3.690353,-3.145993,1.0,86.843918,83.63977935,1.8773861986299112,79.88500695274017,87.39455174725983,83.59491808120976,0.23016460158997631,0.007304079873598053
2015-12-17,3.269272,3.821514,-0.154627,-3.103597,-3.103593,-0.041976,-1.38724,-0.882858,-0.696936,-0.629307,-0.230135,-1.0,84.148636,83.56217389999999,1.8188762204303048,79.92442145913938,87.1999263408606,83.64765312109455,0.24889827305059953,-0.03152775009460373
2015-12-18,0.278365,1.625653,-0.56786,-0.806277,-0.80629,1.520999,-0.574538,-0.11876,0.053456,0.224484,0.447253,-1.0,83.470154,83.51477365000001,1.8077133694585146,79.89934691108299,87.13020038891703,83.63074844289507,0.20661528319153888,-0.008095580519933011
2015-12-21,1.29987,1.636037,-1.15419,-0.634673,-0.634664,2.14926,0.280141,0.363813,0.705401,0.937697,0.952287,-1.0,82.940399,83.52546165,1.8034351759236154,79.91859129815276,87.13233200184723,83.56500087690507,0.12887333634250808,-0.006366865321986834
2015-12-22,-1.273949,0.576054,-2.182335,1.15419,1.1542,0.432031,-0.439801,-0.944582,-0.429277,-0.26632,-0.234175,1.0,83.897697,83.5375439,1.805164753268121,79.92721439346376,87.14787340653625,83.59668622196173,0.14286141403808017,0.011475898238763823
2015-12-23,-1.716236,0.042639,-2.387803,3.92157,3.921553,-3.278962,-3.534799,-4.429516,-4.055532,-3.911304,-3.938329,1.0,87.18779,83.65186125,1.9616921085708636,79.72847703285827,87.57524546714173,83.93869610558443,0.41465024512108073,0.038466134423065054
2015-12-24,2.064089,2.064089,-0.043456,-1.876127,-1.876114,-1.101587,-1.391647,-2.370464,-2.156992,-2.081055,-2.066433,-1.0,85.552048,83.70669674999999,2.0002825958722017,79.70613155825559,87.70726194174439,84.09234866695734,0.49237831226450623,-0.0189393589065315
2015-12-28,-0.055338,0.398406,-0.741477,-1.835961,-1.835961,0.869848,0.886446,-0.496543,-0.327589,-0.270484,-0.176341,-1.0,83.981346,83.7062325,2.0002143049035714,79.70580389019285,87.70666110980714,84.08177698438996,0.42236705646786277,-0.018530236515264833
2015-12-29,0.701369,1.457536,-0.19726,0.984948,0.984946,0.326574,0.112872,-1.176994,-1.303568,-1.144993,-1.016993,1.0,84.808517,83.70298005,1.9982681988395348,79.70644365232093,87.69951644767906,84.15099031920997,0.42868678418881245,0.009801271321991144
2015-12-30,0.011102,0.987909,-0.221997,-1.271237,-1.271254,1.578438,1.105577,0.365574,-0.165376,0.131438,0.207215,-1.0,83.730385,83.59191515,1.9271716107601689,79.73757192847967,87.44625837152034,84.11093266976141,0.34274798642957194,-0.012794039756471065
2015-12-31,-0.644733,1.000447,-1.044911,-0.144297,-0.144277,0.869272,0.864822,0.685482,-0.037247,0.214309,0.312353,0.0,83.609581,83.5784386,1.9259996124048229,79.72643937519035,87.43043782480964,84.0631848916889,0.26187427324008183,-0.001443815531618903
