date,c_open,c_high,c_low,n_close,n_adj_close,adj_sum_5,adj_sum_10,adj_sum_15,adj_sum_20,adj_sum_25,adj_sum_30,label,closing_price_for_label,melody_ma20,melody_std20,melody_lb20,melody_ub20,melody_ema20,melody_macd_12_26,melody_str_log_return
2013-06-03,-0.727624,1.265413,-1.138883,0.861522,0.861516,0.056947,5.064855,6.964044,8.106308,9.590753,10.688056,1.0,26.859915,,,,,,,
2013-06-04,-0.221589,0.221589,-0.918015,-0.063274,-0.063258,-0.164619,4.05507,6.326887,7.64382,8.917811,10.255637,0.0,26.842924,,,,,,,-0.0006327784855823179
2013-06-05,0.095514,0.66858,-0.732251,-0.569801,-0.569804,0.254693,3.505247,6.174249,7.657052,8.806585,10.341974,-1.0,26.689972,,,,,,,-0.00571433371371062
2013-06-06,-0.507937,0.285714,-0.793651,0.286533,0.286531,-0.031747,2.225395,5.089943,6.730361,7.869511,9.46187,0.0,26.766447,,,,,,,0.0028612111923196418
2013-06-07,0.510201,1.116065,-0.988527,-0.444441,-0.444441,0.427293,1.610327,4.829924,6.580031,7.756057,9.365128,0.0,26.647486,,,,,,,-0.004454313322747226
2013-06-10,0.541574,0.541574,-0.764572,0.095657,0.095649,0.191155,0.474682,3.931195,5.833075,7.129419,8.664221,0.0,26.672974,,,,,,,0.0009560308347424108
2013-06-11,-0.032051,1.538458,-0.288462,-0.605282,-0.605279,0.551282,0.817306,3.754271,5.879806,7.301757,8.657957,-1.0,26.511528,,,,,,,-0.006071185771318541
2013-06-12,3.026316,3.486839,-0.065793,-2.564106,-2.564111,2.532901,3.059219,5.473691,7.909547,9.493644,10.773446,-1.0,25.831743,,,,,,,-0.025975572760930477
2013-06-13,-0.748938,0.0,-1.921192,1.019734,1.019745,0.983391,1.76164,3.564528,6.090848,7.777439,9.034235,1.0,26.095161,,,,,,,0.010145810334771275
2013-06-14,0.29383,1.207969,-0.065289,-0.260501,-0.260504,0.770485,1.795627,2.944827,5.688868,7.450213,8.731914,0.0,26.027182,,,,,,,-0.0026084413950423903
2013-06-17,0.130166,0.65083,-0.455581,0.326481,0.326482,0.013013,1.178,1.759407,4.625769,6.487468,7.860725,0.0,26.112156,,,,,,,0.003259499582932497
2013-06-18,-1.316212,0.0,-1.508828,1.366743,1.366727,-1.367568,-0.327437,0.196908,2.598727,4.566304,6.00041,1.0,26.469038,,,,,,,0.013574719520184486
2013-06-19,1.271186,1.890482,-0.032595,-1.508828,-1.508812,0.32594,0.961533,1.521073,3.464792,5.604949,7.132941,-1.0,26.06967,,,,,,,-0.015203102911294793
2013-06-20,1.939799,2.374585,-0.200669,-2.542373,-2.542384,2.401342,3.060205,3.812715,5.377933,7.65218,9.314532,-1.0,25.406879,,,,,,,-0.025752605508251713
2013-06-21,-0.594053,0.924096,-1.221119,1.337789,1.337795,0.831684,1.349836,2.213425,3.257429,5.638286,7.322335,1.0,25.746771,,,,,,,0.013289257059304373
2013-06-24,-2.024824,1.077727,-2.547358,1.056112,1.056105,-0.293926,0.039192,0.929679,1.520252,3.942524,5.676032,1.0,26.018684,,,,,,,0.010505674137196053
2013-06-25,-0.965248,0.707847,-2.477481,1.502283,1.502294,-1.814676,-1.480057,-0.673535,-0.136748,1.900896,3.699052,1.0,26.409561,,,,,,,0.014911208353710395
2013-06-26,-0.382775,0.478469,-0.66986,0.868726,0.868727,-2.23286,-2.025524,-1.541738,-1.044661,0.556295,2.417858,1.0,26.638988,,,,,,,0.008649753283233334
2013-06-27,0.964937,1.286587,-0.289482,-0.829346,-0.829348,-0.649728,-1.083953,-0.806264,-0.283051,0.94564,2.834778,-1.0,26.418058,,,,,,,-0.00832806549059321
2013-06-28,0.680055,1.19819,-0.12953,-0.675462,-0.675455,0.401551,-0.330317,-0.235326,0.32059,1.134709,3.11204,-1.0,26.239616,26.323737649999998,0.4007351069627538,25.52226743607449,27.125207863925507,26.331128006295756,,-0.006777461649578613
2013-07-01,2.07784,2.341692,-0.428757,-1.813468,-1.813483,2.058056,1.375335,1.372037,1.960758,2.431404,4.485493,-1.0,25.763765,26.26893015,0.39849650794656566,25.471937134106867,27.065923165893132,26.277093434267588,,-0.018301282433884902
2013-07-02,0.165457,1.323633,-0.231631,-0.329819,-0.329812,1.826608,1.403047,1.491288,2.071478,2.529453,4.305098,0.0,25.678793,26.2107236,0.39524960380024604,25.420224392399508,27.001222807600495,26.220112440527817,,-0.0033035712290616324
2013-07-03,0.16622,0.365695,-0.598404,-0.463266,-0.463273,1.456122,1.675537,1.892736,2.325471,2.797879,4.244244,0.0,25.55983,26.1542165,0.4038202530954219,25.346575993809157,26.961857006190844,26.157228398572787,,-0.00464349768951853
2013-07-05,0.874243,1.075989,-1.008739,-1.130319,-1.130321,1.708142,2.784136,2.840177,3.199401,3.73639,4.891288,-1.0,25.270922,26.079440249999998,0.42251741644013546,25.234405417119728,26.924475082880267,26.07281826537538,,-0.011367571783773537
2013-07-08,-2.233172,0.0,-2.298854,2.38736,2.387364,-0.945817,0.436781,0.402845,0.643677,1.200657,1.978107,1.0,25.874231,26.0407775,0.40271689639189745,25.235343707216206,26.846211292783796,26.053905192482485,,0.023593124650899758
2013-07-09,-1.038621,0.292116,-1.071078,1.182259,1.182261,-1.785134,-0.675101,-0.752999,-0.626416,-0.085682,0.371096,1.0,26.180132,26.016135400000003,0.37620261018993717,25.26373017962013,26.768540620379877,26.06592679319844,-0.20304511198787267,0.01175327114872195
2013-07-10,0.457962,0.556101,-0.294406,-0.778965,-0.778965,-0.785086,-0.062152,-0.100315,0.050704,0.565261,0.998802,-1.0,25.976198,25.9893689,0.357689363296945,25.27399017340611,26.70474762659389,26.057381193846204,-0.18547777938731969,-0.007820145293659363
2013-07-11,-0.612906,0.064516,-0.903229,1.406608,1.406607,-1.567743,-1.56129,-1.417203,-1.240321,-0.882579,-0.472041,1.0,26.341581,26.0148608,0.36397676555568026,25.28690726888864,26.74281433111136,26.084447842051325,-0.14045313100355727,0.013968060100693085
2013-07-12,-0.128869,0.128863,-0.998715,0.129035,0.129032,-0.856958,-1.704252,-1.299397,-1.314431,-1.069586,-0.649697,0.0,26.37557,26.02888125,0.37253287922033596,25.28381549155933,26.773947008440672,26.11217376185596,-0.10086543063446385,0.0012894856442322608
2013-07-15,-1.870048,0.31696,-2.060219,1.643035,1.643039,-1.762281,-3.080823,-2.630741,-2.763864,-2.644688,-2.233488,1.0,26.808931,26.0679687,0.41133622602556547,25.245296247948872,26.89064115205113,26.178531594060154,-0.0341298542127042,0.01629687533414716
2013-07-16,0.190664,0.317766,-0.699075,-0.253566,-0.253576,-1.093095,-2.469008,-2.203144,-2.399098,-2.387022,-1.999774,0.0,26.74095,26.099408399999998,0.4380539827298845,25.223300434540228,26.975516365459768,26.232095251768712,0.013121812262603783,-0.0025389799286200327
2013-07-17,0.572704,0.699968,-0.318167,-0.127102,-0.127079,-0.419995,-1.959926,-2.004467,-2.230366,-2.233548,-1.892047,0.0,26.706968,26.1113049,0.45164067203193914,25.208023555936123,27.014586244063878,26.27732122779074,0.047281997537989895,-0.0012715932014015266
2013-07-18,-0.659752,0.408417,-0.722589,1.272669,1.272672,-1.149872,-2.642176,-3.135421,-3.278368,-3.282452,-3.080965,1.0,27.04686,26.160164399999996,0.49743507915309104,25.165294241693815,27.155034558306177,26.350610634667813,0.10062074101542251,0.01264641208242137
2013-07-19,-0.624223,0.031205,-0.998758,0.659758,0.659751,-1.17354,-2.562431,-3.572628,-3.578349,-3.750322,-3.660018,1.0,27.225302,26.25108555,0.518253017062993,25.214579515874014,27.287591584125984,26.43391457422326,0.15549836919842264,0.006575844279475789
2013-07-22,-0.959458,0.061903,-1.083262,0.842697,0.842683,-1.528932,-2.800987,-4.083357,-4.073039,-4.346639,-4.367067,1.0,27.454725,26.336483250000004,0.5690110081791433,25.198461233641716,27.474505266358292,26.531134614773425,0.21502315060449462,0.00839152278707625
2013-07-23,0.404991,0.996885,-0.280374,-0.649963,-0.649943,-0.492211,-1.763246,-3.086197,-3.21496,-3.550163,-3.667713,-1.0,27.276285,26.399363299999997,0.600650961496834,25.19806137700633,27.600665222993666,26.602101318128337,0.24497443916361306,-0.006520640940245245
2013-07-24,2.694035,2.790247,-0.320718,-2.866038,-2.866043,2.283514,1.330975,-0.021389,-0.343176,-0.700457,-0.827462,-1.0,26.494535,26.403612,0.6010273049124506,25.201557390175097,27.6056666098249,26.59185690687802,0.20328699357131796,-0.029079158040478198
2013-07-25,-1.269435,0.126941,-1.459857,1.058371,1.058365,1.009205,0.431609,-0.765897,-1.361475,-1.635039,-1.748654,1.0,26.774944,26.410409800000004,0.6045878977020263,25.20123400459595,27.619585595404057,26.60929377288964,0.19067803769620184,0.010528039518866317
2013-07-26,-0.758294,0.031596,-1.295419,0.444303,0.444289,0.315968,0.180108,-0.802516,-1.709309,-1.848962,-2.084244,0.0,26.893902,26.434202,0.6141913310579582,25.205819337884083,27.662584662115915,26.63639931832872,0.18811578408810448,0.004433044631231422
2013-07-29,-0.788892,0.725778,-1.072897,0.126385,0.126397,-0.201957,0.097823,-0.666879,-1.705588,-1.797415,-2.096353,0.0,26.927895,26.468615949999997,0.6219481912569974,25.224719567486,27.71251233251399,26.664160811821226,0.18667624312348963,0.0012631686942716027
2013-07-30,1.271462,2.002546,-0.03178,-0.725787,-0.725794,0.120797,0.82646,0.197086,-0.805776,-0.972654,-1.303233,-1.0,26.732454,26.5170504,0.6015527817558162,25.313944836488368,27.72015596351163,26.670664924981107,0.16783029800166105,-0.007284405258560033
2013-07-31,2.647924,2.745995,-0.849951,-2.765413,-2.765399,2.582534,3.419413,3.051099,2.075834,1.779659,1.44273,-1.0,25.993195,26.532770500000005,0.5822938223819412,25.36818285523612,27.69735814476389,26.60614397974481,0.0921801324731426,-0.028043559900524484
2013-08-01,-0.714282,0.097406,-1.428565,0.686496,0.686487,1.422079,2.379875,2.3052,1.496757,1.014289,0.764073,1.0,26.171635,26.563360749999998,0.5432526881769437,25.47685537364611,27.649866126353885,26.56476217215007,0.04609410383999091,0.00684141771341917
2013-08-02,0.587845,0.94709,-0.522541,-0.584409,-0.584415,1.345528,2.517965,2.815158,2.237103,1.546704,1.434795,-1.0,26.018684,26.600748850000002,0.4704792416738974,25.659790366652206,27.541707333347798,26.512754727183395,-0.0027396918565223416,-0.005861295382500155
2013-08-05,-0.130588,1.044734,-0.685599,0.032652,0.032661,0.620305,1.936011,2.581349,2.233105,1.480901,1.437589,0.0,26.027182,26.608396399999997,0.4591550973315367,25.69008620533692,27.52670659466307,26.466509705546883,-0.040290663506421964,0.0003265581199290983
2013-08-06,0.958681,1.223144,-0.462807,-1.240611,-1.240607,1.084292,2.604952,3.601098,3.424787,2.746439,2.671068,-1.0,25.704287,26.58460415,0.4935545963701992,25.597494957259602,27.5717133427404,26.39391706692337,-0.09500979327764014,-0.0124836661170591
2013-08-07,-2.172503,0.194553,-2.496757,1.950413,1.950414,-0.687425,0.531769,1.491564,1.489942,0.861212,0.680927,1.0,26.205627,26.5960756,0.48118058793626567,25.63371442412747,27.55843677587253,26.375984679597334,-0.0968052391863985,0.019316371370864793
2013-08-08,-1.531097,0.318982,-1.85008,1.653696,1.653694,-1.952155,-1.15471,-0.261566,-0.105267,-0.617549,-0.956943,1.0,26.638988,26.61094595,0.47748308497950054,25.655979780041,27.565912119959002,26.401032614873778,-0.06253862570537905,0.016401698263208968
2013-08-09,0.0,0.479846,-0.479843,-0.287081,-0.287079,-1.260399,-0.994887,-0.140761,0.217525,-0.136922,-0.653664,0.0,26.562513,26.620293100000005,0.47445305690559075,25.671386986188825,27.569199213811185,26.416411699171512,-0.041079442770620034,-0.0028749208663580834
2013-08-12,0.289765,0.450747,-0.386343,-0.639798,-0.639804,-0.347708,-0.560203,0.233959,0.78397,0.584677,0.005368,-1.0,26.392565,26.599474800000003,0.47487483995644464,25.649725120087112,27.549224479912894,26.414140584964702,-0.03735565622320536,-0.006418594396723248
2013-08-13,0.821828,1.413544,-0.295858,-2.060525,-1.073151,1.043582,0.279854,1.023323,1.75631,1.664965,1.134336,-1.0,26.109333,26.567893950000002,0.48584667870729303,25.596200592585415,27.53958730741459,26.385111291158537,-0.05660645985445356,-0.010789505082723536
2013-08-14,-0.36137,0.197106,-1.412618,0.06575,0.065747,0.91662,0.264989,0.863036,1.578365,1.621179,1.125008,0.0,26.126499,26.5388705,0.49436474955831594,25.550141000883368,27.527599999116635,26.360481549143437,-0.06967454292902886,0.0006572500125179043
2013-08-15,-0.722018,0.164099,-0.951753,0.098548,0.098528,0.445045,0.158881,0.605018,1.307339,1.492193,1.100977,0.0,26.152241,26.49413955,0.4863908698347337,25.52135781033053,27.466921289669468,26.34064911589168,-0.0770655647916847,0.0009847981064746217
2013-08-16,1.094164,1.458886,-0.431031,-1.017391,-1.017389,0.954914,1.137169,1.379554,2.089965,2.459753,2.219364,-1.0,25.886171,26.427183000000003,0.47241312900414106,25.482356741991723,27.372009258008283,26.297365485806758,-0.10320296864656342,-0.010225996850046533
2013-08-19,0.569323,1.406564,-0.368389,-0.994692,-0.994686,1.373074,1.997785,2.060135,2.759392,3.304937,3.214404,-1.0,25.628685,26.335881,0.4386189159296122,25.458643168140775,27.213118831859227,26.23368163001564,-0.14304508313518838,-0.009996655888089161
2013-08-20,-0.896418,0.730408,-1.261623,0.87073,0.870727,0.298804,1.174405,0.952049,1.59686,2.275628,2.281116,1.0,25.851841,26.2646588,0.3909386489585521,25.482781502082894,27.046536097917105,26.197315855728434,-0.1548286533683232,0.008669584989490876
2013-08-21,0.636296,0.736768,-0.636306,-0.863214,-0.863211,0.783652,1.830243,1.736247,2.31257,2.997876,3.126508,-1.0,25.628685,26.2213663,0.4115415380695379,25.398283223860926,27.044449376139074,26.143160536135248,-0.18009798442427893,-0.008669584989490905
2013-08-22,-2.701823,0.488288,-2.929684,2.8801,2.880097,-1.874995,-1.123689,-1.062478,-0.629033,0.011316,0.242703,1.0,26.366816,26.200959899999997,0.3923170868228212,25.416325726354355,26.98559407364564,26.16446105650332,-0.13896124967410728,0.028394017808583166
2013-08-23,-0.387594,0.129202,-1.195087,0.78125,0.781243,-2.118853,-1.886293,-1.690409,-1.459763,-0.86218,-0.509625,1.0,26.572805,26.184905050000005,0.3683023711943965,25.448300307611213,26.921509792388797,26.203350955883955,-0.08871583926102034,0.007782074585253463
2013-08-26,0.651463,0.846899,-0.032573,-0.839787,-0.839791,-0.742666,-1.071652,-0.776236,-0.734948,-0.190334,0.274861,-1.0,26.349649,26.155992750000003,0.3273236107839051,25.501345528432193,26.810639971567813,26.217284102942628,-0.06614038848995563,-0.008433370175989099
2013-08-27,-0.261777,0.752624,-0.621721,-0.456033,-0.456025,2e-06,-0.572638,-0.188189,-0.376079,0.107271,0.669236,0.0,26.229488,26.13084445,0.2987799239819754,25.53328460203605,26.72840429796395,26.218446378852853,-0.05728482576629901,-0.0045706801612733555
2013-08-28,-0.521003,0.390755,-0.911752,0.490838,0.490837,0.065126,-0.970364,-0.637111,-0.793436,-0.402377,0.133426,0.0,26.358232,26.149096300000004,0.3010695445766376,25.546957210846728,26.75123538915328,26.23175929515258,-0.03942371165783598,0.004896362010477939
2013-08-29,0.558843,1.019066,-0.328731,-0.944315,-0.944293,0.821807,-0.042753,0.17487,0.140364,0.44511,0.968301,-1.0,26.109333,26.1459812,0.301146370498947,25.54368845900211,26.748273940997894,26.22009964799519,-0.044835879103821696,-0.009487799447909107
2013-08-30,-0.196786,0.655956,-0.295179,0.230112,0.230094,0.282059,-0.163988,-0.155241,-0.060726,0.103783,0.602018,0.0,26.169409,26.15351745,0.2996754363810122,25.554166577237975,26.752868322762023,26.215271967233747,-0.04377284358026401,0.0022982965597867794
2013-09-03,1.894317,2.19342,-0.199398,-1.311906,-1.31191,1.209708,1.239618,1.025817,1.228885,1.263863,1.729165,-1.0,25.82609,26.14346285,0.30741093410136816,25.528640981797263,26.758284718202734,26.178207017973392,-0.06982841582157917,-0.01320591189801437
2013-09-04,-0.265869,0.365573,-1.296108,0.0,0.0,0.897313,1.229647,0.952702,1.252466,1.123483,1.54199,0.0,25.82609,26.149553000000004,0.2993533790874042,25.550846241825194,26.748259758174814,26.144672063880687,-0.08944656027478359,0.0
2013-09-05,0.0,0.399338,-0.632273,-0.132938,-0.132931,0.592349,1.427619,1.000554,1.307009,1.226846,1.586324,0.0,25.791759,26.1288596,0.3094089767298012,25.510041646540397,26.7476775534596,26.11106129589205,-0.10653622262103113,-0.0013301989806739924
2013-09-06,-0.395902,1.055757,-0.46189,0.865225,0.865222,-0.34312,0.422304,0.09898,0.318052,0.334425,0.617533,1.0,26.014915,26.09765595,0.2858250674667235,25.526005815066554,26.669306084933446,26.101904505807095,-0.10090985297639676,0.008615005093234623
2013-09-09,0.297521,0.561983,-0.694212,-0.197951,-0.197948,-0.304137,0.386773,0.317352,0.401651,0.524915,0.697637,0.0,25.963419,26.06770125,0.2651916105110606,25.53731802897788,26.59808447102212,26.088715410015944,-0.09945970179639829,-0.001981441607891833
2013-09-10,-0.976245,0.097624,-1.627075,1.586777,1.586771,-1.444841,-1.171492,-1.060851,-1.169863,-0.992461,-0.94507,1.0,26.375399,26.06684295,0.2641104166160285,25.538622116767943,26.59506378323206,26.116018609062046,-0.06432559814487249,0.015743133860614468
2013-09-11,1.925631,2.124831,-0.43161,-1.985028,-1.985024,0.571045,0.683927,0.94289,0.781868,1.035496,0.947469,-1.0,25.851841,26.05396835,0.2681748505407322,25.517618648918535,26.590318051081468,26.090858836770423,-0.07783113405156783,-0.02004990265670778
2013-09-12,0.199867,0.732845,-0.399734,-0.332009,-0.331996,0.886065,0.789462,1.314664,1.047621,1.3038,1.254336,0.0,25.766014,26.035944100000002,0.27506906305236084,25.485805973895282,26.586082226104722,26.05992123326848,-0.09437202817731105,-0.003325480266292537
2013-09-13,-0.265164,0.132579,-0.530328,0.499667,0.49965,0.291686,0.205505,0.689428,0.495528,0.685188,0.715292,0.0,25.894754,26.02306975,0.27536497284718675,25.472339804305626,26.573799695694376,26.044191020576246,-0.09598609590343443,0.004984063206385086
2013-09-16,0.661817,1.489083,-0.397085,0.165724,0.165725,0.105897,-0.049631,0.35959,0.339185,0.422243,0.538247,0.0,25.937668,26.0256446,0.2742560358931393,25.477132528213723,26.574156671786277,26.034045970997553,-0.0927334812056273,0.0016558751511002408
2013-09-17,-0.461434,0.461437,-0.791035,0.397091,0.397094,-0.547131,-0.362558,-0.116459,0.021423,-0.029004,0.14232,0.0,26.040665,26.046243599999997,0.2578528143622964,25.530537971275404,26.56194922872459,26.034676354712072,-0.08091205964802128,0.003963079570322905
2013-09-18,-2.804642,0.548037,-3.06254,2.241266,2.24126,-2.146997,-2.246933,-2.207173,-2.026108,-2.143129,-1.937744,1.0,26.624304,26.084866750000003,0.28375303424851755,25.517360681502968,26.65237281849704,26.090831368549015,-0.02417009051146124,0.02216512819414369
2013-09-19,0.616086,1.102464,-0.907915,-0.580271,-0.580267,-1.0441,-1.420233,-1.6083,-1.295396,-1.520104,-1.332131,-1.0,26.469812,26.1269231,0.2747732298898263,25.577376640220347,26.67646955977965,26.126924762020536,0.008237162692527278,-0.005819569009105868
2013-09-20,2.389648,2.555596,-0.066372,-2.302208,-2.3022,1.261196,0.84301,0.646085,0.93262,0.755389,0.892574,-1.0,25.860424,26.1016035,0.27483562105038234,25.551932257899235,26.651274742100764,26.101543737066198,-0.015078558161242483,-0.023291144646091326
2013-09-23,-1.183435,0.887577,-2.268245,0.962499,0.962509,0.427336,-0.062474,-0.328748,-0.11836,-0.170957,-0.127126,1.0,26.109333,26.078429899999996,0.25156837829417056,25.575293143411656,26.581566656588336,26.10228557163132,-0.013318036799823574,0.009579067429190014
2013-09-24,-0.196596,0.393182,-0.884666,0.328731,0.328722,0.216248,-0.45872,-0.561387,-0.475105,-0.411541,-0.479474,0.0,26.19516,26.070705450000002,0.24509064957563884,25.580524150848724,26.56088674915128,26.11113075528548,-0.0049403401571161965,0.0032818242605800875
2013-09-25,0.4619,1.154738,-0.329924,-0.688077,-0.688085,0.442107,0.293639,0.175965,0.173215,0.303534,0.197959,-1.0,26.014915,26.059976799999998,0.24245647479051236,25.575063850418974,26.54488974958102,26.101967350020196,-0.012698836062039476,-0.006904633486246881
2013-09-26,0.930545,1.196414,-0.830841,-0.72583,-0.725834,0.677975,1.050188,0.917254,0.802598,1.067468,0.891774,-1.0,25.82609,26.0333697,0.23714372908783257,25.559082241824335,26.507657158175668,26.07569331668494,-0.03369567660222472,-0.007284806112560815
2013-09-27,0.941493,1.378615,-0.537996,-1.163177,-1.163173,1.600541,2.094823,1.977137,1.87458,2.125084,1.99731,-1.0,25.525688,26.00418745,0.26192044070618387,25.48034656858763,26.52802833141237,26.023311857953043,-0.07372588868809515,-0.011699903624429287
2013-09-30,0.101218,0.775985,-0.742237,-0.336251,-0.336257,1.417012,2.2436,2.183996,2.074909,2.291508,2.282961,0.0,25.439856,25.9677098,0.28727425680357926,25.393161286392843,26.54225831360716,25.967744633386086,-0.11109540654810246,-0.003368239575634052
2013-10-01,0.101218,0.539811,-0.607287,0.0,0.0,0.823216,2.007432,1.938832,1.998998,2.148458,2.258219,0.0,25.439856,25.9483981,0.3094237517763346,25.32955059644733,26.567245603552667,25.917469525444556,-0.1391074743125209,0.0
2013-10-02,-0.706829,0.605857,-1.21171,0.236167,0.236185,0.181746,1.326146,1.606635,1.694708,1.793328,1.97127,0.0,25.499941,25.93209065,0.32443910675180293,25.28321243649639,26.580968863503607,25.877704903973648,-0.15467587527538385,0.00235906035767068
2013-10-03,1.302705,1.336987,-0.239973,-1.817567,-1.817581,1.405554,2.629418,3.293341,3.42647,3.46658,3.780142,-1.0,25.036459,25.894325650000003,0.3807121527513109,25.13290134449738,26.655749955502625,25.797586246452347,-0.20208357545682176,-0.0183430159422004
2013-10-04,-0.102631,0.376326,-0.410534,0.205691,0.205692,0.848442,2.110847,2.86692,3.029425,3.091347,3.397196,0.0,25.087957,25.847977750000002,0.41968780210503687,25.00860214578993,26.687353354210074,25.73000250869498,-0.23281531120630206,0.0020548077056785122
2013-10-07,-0.034388,1.237968,-0.275103,-0.513171,-0.513171,0.983493,2.176753,3.136177,3.359699,3.429162,3.71504,-1.0,24.959213,25.79776745,0.46298651723000017,24.87179441554,26.72374048446,25.656593984057363,-0.2645098926487037,-0.005144917644277926
2013-10-08,-0.955628,0.955635,-0.955628,0.75653,0.756538,-0.006828,0.993168,2.125139,2.339588,2.544707,2.777016,1.0,25.148039,25.73639945,0.4637343846315527,24.808930680736896,26.663868219263104,25.6081601760519,-0.2712644291902002,0.00753690878334888
2013-10-09,-0.94244,0.942447,-1.21171,1.399317,1.399322,-1.386745,-0.602499,0.421849,0.85829,1.078418,1.263316,1.0,25.499941,25.71880445,0.46579508578640255,24.787214278427196,26.650394621572804,25.59785358785648,-0.24539315805673212,0.013896217097450715
2013-10-10,-1.227194,0.165841,-2.38806,1.480986,1.480988,-2.175796,-2.033179,-1.196251,-0.592051,-0.383427,-0.276407,1.0,25.877592,25.72438335,0.46705676646037947,24.790269817079242,26.65849688292076,25.624495341393956,-0.1922011347121959,0.014701282045291577
2013-10-11,-0.527357,0.823995,-0.955837,0.630182,0.630171,-2.056687,-2.448912,-1.768841,-1.186552,-1.003295,-0.90969,1.0,26.040665,25.731678900000002,0.4709811629701362,24.789716574059728,26.673641225940276,25.664130546975485,-0.13532747386149424,0.006281934167192151
2013-10-14,0.532978,0.599604,-1.399067,-1.054713,-1.0547,-0.386415,-1.282489,-0.810583,-0.166567,0.021307,0.094369,-1.0,25.766014,25.723096199999997,0.4685877998147161,24.785920600370567,26.660271799629427,25.673833732977823,-0.11113562591451753,-0.010603017927808172
2013-10-15,1.321138,1.456643,-0.237124,-1.665556,-1.665566,1.449868,0.348917,0.643629,1.3855,1.551489,1.725382,-1.0,25.336864,25.687906149999996,0.46990898187964153,24.748088186240714,26.627724113759278,25.64174137745613,-0.1251495840653014,-0.016795926392491285
2013-10-16,0.730431,1.773913,-0.556522,-2.608401,-2.608405,3.499137,2.702612,2.977393,3.706089,4.080698,4.294495,-1.0,24.675976,25.59048975,0.4675151091837745,24.655459531632452,26.525519968367547,25.549763722460305,-0.18742338507727752,-0.026430271586438972
2013-10-17,-1.205234,1.239666,-2.272734,1.008699,1.008694,1.701107,1.632237,1.707993,2.360542,2.90634,3.137056,1.0,24.924881,25.513243199999998,0.4414881513568103,24.630266897286376,26.39621950271362,25.490251082225992,-0.21422185156725604,0.010036402771577196
2013-10-18,1.078257,1.147826,-0.139134,-0.998626,-0.998621,1.620873,2.490439,2.504349,3.153046,3.746784,3.996524,-1.0,24.675976,25.4540208,0.47092629723112817,24.51216820553774,26.395873394462257,25.412701074394946,-0.2526321959503832,-0.010036402771577035
2013-10-21,0.734783,1.294615,-0.734776,-0.591304,-0.591312,1.217641,2.925134,2.866816,3.444725,4.134369,4.42035,-1.0,24.530064,25.37505735,0.487378461563923,24.400300426872153,26.349814273127844,25.328640400643046,-0.291486474929183,-0.005930671424821824
2013-10-22,-0.313702,0.383402,-1.673064,0.384888,0.384887,0.250961,2.317889,2.251663,2.72918,3.505061,3.782974,0.0,24.624477,25.2965232,0.47465598523543,24.34721122952914,26.24583517047086,25.261577219629423,-0.31107455703588727,0.0038414809367935746
2013-10-23,1.465856,1.894891,-0.822306,-2.509592,-2.50958,2.273862,4.329641,4.469076,4.95531,5.733287,6.198309,-1.0,24.006506,25.196102749999998,0.5245067881002216,24.147089173799554,26.245116326200442,25.14204662728376,-0.3721731677230622,-0.025416071309099394
2013-10-24,0.540732,1.441957,-0.576784,-0.822306,-0.822306,2.184566,4.325881,4.991587,5.401944,6.16294,6.804852,-1.0,23.809099,25.0952532,0.5871663835363691,23.92092043292726,26.269585967072736,25.015099234209117,-0.43154872689138557,-0.008257058405232833
2013-10-25,-0.751069,0.0,-1.180258,0.793075,0.793075,0.815449,2.653792,3.862663,4.254293,5.017169,5.701003,1.0,23.997923,25.01886495,0.626295668916514,23.766273612166973,26.27145628783303,24.918225307141583,-0.4580872222296293,0.007899466396734495
2013-10-28,-1.496259,0.391877,-1.496259,0.393423,0.393417,0.057002,1.556823,3.215774,3.566088,4.270754,5.031472,0.0,24.092335,24.951488899999998,0.6506317850634792,23.650225329873038,26.252752470126957,24.839569087413814,-0.4661276818566904,0.003926455179183304
2013-10-29,0.071305,1.069522,-0.78431,-0.071254,-0.071243,-0.32799,1.105163,2.992272,3.356502,3.992864,4.83422,0.0,24.075171,24.88325465,0.6680460532107838,23.547162543578434,26.21934675642157,24.76676926956488,-0.4684843988652787,-0.0007126796528133218
2013-10-30,-0.140102,1.225923,-2.591944,1.782531,1.782529,-1.667252,-0.735556,0.917686,1.343255,1.92504,2.709863,1.0,24.504318,24.8334735,0.6566723418927,23.5201288162146,26.1468181837854,24.7417739105587,-0.43075802730374235,0.01766828645663029
2013-10-31,0.24527,1.016114,-1.436587,-0.035019,-0.035035,-1.072174,-0.87596,0.576973,1.268401,1.743523,2.477231,0.0,24.495733,24.806437199999998,0.6590023971406844,23.48843240571863,26.124441994281366,24.71834144288644,-0.3969762487036377,-0.0003504078021405822
2013-11-01,-0.069759,0.38368,-0.767349,0.455498,0.455508,-1.025463,-1.353334,-0.267412,0.711545,1.13289,1.842808,0.0,24.607313,24.782405,0.6569565052414844,23.46849198951703,26.09631801048297,24.707767305468685,-0.35708412873257345,0.004544736066008129
2013-11-04,0.419724,0.524659,-0.979367,-0.279037,-0.279039,-0.384749,-1.073802,-0.321792,0.907661,1.268976,1.914422,0.0,24.538649,24.7613768,0.6577296421290986,23.445917515741804,26.076836084258197,24.691660800185954,-0.32723775406883604,-0.002794290390641163
2013-11-05,1.168142,2.336283,0.0,-1.189227,-1.18923,0.955755,-0.038935,0.578173,1.936287,2.290977,2.873159,-1.0,24.246828,24.71631625,0.6607093918029833,23.39489746639403,26.037735033605966,24.64929577159681,-0.32340380521184287,-0.011963580088384121
2013-11-06,-2.033781,0.275767,-2.412964,2.690265,2.690265,-1.371939,-2.299204,-1.997011,-0.854874,-0.485346,0.028729,1.0,24.899132,24.686275799999997,0.6364170423810626,23.413441715237873,25.95910988476212,24.673089698111404,-0.26467883895394806,0.02654713872113131
2013-11-07,1.680679,2.030812,-0.245095,-1.551193,-1.551199,0.196088,-0.472678,-0.564882,0.428934,0.997212,1.42625,-1.0,24.512897,24.61804105,0.5718489256964658,23.474343198607066,25.76173890139293,24.657833250672223,-0.24646373617122563,-0.015633556215532883
2013-11-08,0.070575,0.14114,-2.152435,-0.770305,-0.770284,0.740989,0.434004,0.11055,0.855669,1.6556,2.048918,-1.0,24.324078,24.532211699999998,0.4661394927773089,23.59993271444538,25.464490685554615,24.62604703632249,-0.24444642503181058,-0.007732663247629114
2013-11-11,-2.149047,0.138645,-2.253029,1.799577,1.799567,-0.859621,-1.071059,-1.596767,-1.129985,-0.173311,0.153667,1.0,24.761806,24.4820013,0.3705229767398504,23.7409553465203,25.223047253479702,24.638976461434634,-0.20516172342649242,0.017835661420412974
2013-11-12,1.348949,1.952428,-0.39049,-2.357019,-2.357025,1.476752,1.359606,0.655548,1.017043,2.075973,2.397355,-1.0,24.178164,24.4240663,0.31646533310359537,23.79113563379281,25.05699696620719,24.595089560345624,-0.21860342190179693,-0.023852473599870815
2013-11-13,-1.104772,0.356383,-1.318596,-0.39049,0.717863,0.3039,0.574509,0.03264,0.230472,1.159826,1.510351,1.0,24.35173,24.407854,0.3111416248852821,23.785570750229436,25.030137249770565,24.571912459360327,-0.2127977392610596,0.0071529824501033795
2013-11-14,0.645161,1.25448,-0.107523,-0.570203,-0.570189,0.631286,1.034444,0.717461,0.658224,1.464923,1.979091,-1.0,24.212879,24.3722539,0.2888018892528788,23.794650121494243,24.949857678505758,24.537718796564103,-0.21690051509226294,-0.005718212550423437
2013-11-15,-0.960174,0.604552,-1.102425,0.788534,0.788514,-0.090662,0.160612,0.040381,-0.185036,0.402821,1.087813,1.0,24.403801,24.35864515,0.2800158113433632,23.798613527313275,24.918676772686727,24.524964720700858,-0.20241289484500413,0.007854217173074118
2013-11-18,0.748927,1.034233,-0.07133,-0.284495,-0.28448,-0.156925,0.362418,0.392099,0.05952,0.453934,1.290618,0.0,24.334377,24.3488608,0.277114653102096,23.79463149379581,24.903090106204193,24.50681350920554,-0.19429359243083155,-0.0028488568839679356
2013-11-19,1.010105,1.406934,-0.360743,-1.141234,-1.141233,0.89466,1.441962,1.545904,1.096599,1.400718,2.308702,-1.0,24.056665,24.320470200000003,0.27647705346699114,23.76751609306602,24.873424306933984,24.463942222614534,-0.20787180743475986,-0.011477952836267836
2013-11-20,1.086957,2.065217,-0.072464,-0.432897,-0.432907,1.000007,1.487818,1.833834,1.524887,1.720783,2.538184,0.0,23.952522,24.317771,0.27994532418903767,23.757880351621925,24.877661648378076,24.415235534746486,-0.22444880429043224,-0.004338468108235061
2013-11-21,-0.072336,1.012658,-0.361667,0.181159,0.181183,0.636512,1.088828,1.510802,1.380202,1.381962,2.09135,0.0,23.99592,24.327112050000004,0.2647853216322266,23.79754140673555,24.856682693264457,24.37530072191349,-0.23141671004013986,0.0018101948693378474
2013-11-22,1.060325,1.42596,-0.073126,-1.084991,-1.084989,1.177318,1.949716,2.379414,2.436964,2.335529,2.887461,-1.0,23.735567,24.31399425,0.2874783878822849,23.73903747423543,24.88895102576457,24.314373700778873,-0.25500756827663196,-0.01090917540650268
2013-11-25,0.44069,0.514142,-0.550863,-0.438757,-0.438755,1.028266,1.920659,2.574651,2.790872,2.634401,3.039779,0.0,23.631426,24.290948800000002,0.32252110367279174,23.64590659265442,24.935991007345585,24.249331062609457,-0.2788919094217306,-0.004397204095292082
2013-11-26,1.038957,1.038957,-0.111321,-1.028274,-1.028283,1.506491,2.64192,3.395688,3.712022,3.489344,3.832636,-1.0,23.388428,24.25661165,0.37841639012777184,23.499778869744457,25.013444430255543,24.16734029474189,-0.3138109127756188,-0.010336066265634299
2013-11-27,-0.111362,0.408307,-0.259837,-0.037106,-0.037108,1.054199,2.264286,3.000823,3.510021,3.42053,3.686373,0.0,23.379749,24.200383199999997,0.4208435902337609,23.358696019532477,25.042070380467518,24.09233160000457,-0.33828525542865506,-0.00037114981409819677
2013-11-29,0.111486,1.151984,-0.074326,-0.111362,-0.111357,0.616873,2.010399,2.784744,3.380911,3.457827,3.577707,0.0,23.353714,24.143282250000002,0.45476911906375994,23.23374401187248,25.052820488127523,24.0219870666708,-0.3556820736846973,-0.0011141910323815892
2013-12-02,0.185877,0.70632,-0.966546,-0.037161,-0.037159,0.319702,1.59479,2.543366,3.148988,3.384418,3.426171,0.0,23.345036,24.080168399999998,0.4741579494154586,23.13185250116908,25.028484298830914,23.957515536511675,-0.3659509646410335,-0.0003716587745878099
2013-12-03,-2.298428,0.036483,-2.444363,1.895911,1.895881,-1.41552,-0.525333,0.362417,1.071933,1.409604,1.397782,1.0,23.78763,24.04261745,0.46559877898554214,23.111419892028916,24.973815007971087,23.9413359616058,-0.33451936679040273,0.018781327154699358
2013-12-04,-1.407949,0.180502,-1.76896,1.058012,1.058037,-1.906144,-1.574012,-0.726844,-0.029412,0.341919,0.255047,1.0,24.039312,24.032241649999996,0.46311406288637186,23.10601352422725,24.95846977577274,23.95066701288144,-0.28600408794115495,0.010524792626579803
2013-12-05,-0.467454,0.0,-2.481115,0.397105,0.397112,-1.66847,-1.887813,-1.179439,-0.583188,-0.116221,-0.123787,0.0,24.134775,23.9940238,0.4170586351169071,23.159906529766186,24.828141070233816,23.968201106892728,-0.23711895393742566,0.003963256219314039
2013-12-06,-1.969065,0.105478,-2.250359,2.265379,2.26537,-2.770749,-3.783404,-3.241917,-2.751298,-2.298726,-2.21841,1.0,24.681517,24.002454800000002,0.42961525409885026,23.1432242918023,24.861685308197703,24.036135953855325,-0.1525016785335147,0.02240091741449434
2013-12-09,-0.140495,0.105378,-1.229357,0.105478,0.105476,-1.770282,-3.491387,-3.261908,-2.776162,-2.385441,-2.2257,0.0,24.70755,24.0216284,0.4526635374198492,23.116301325160304,24.926955474839698,24.10008014872625,-0.08239147497165789,0.0010542010202767575
2013-12-10,0.95744,0.992904,-0.354613,-0.94836,-0.948374,-0.269491,-2.223392,-2.29786,-1.904246,-1.461518,-1.237677,-1.0,24.47323,24.0071996,0.4319538598819613,23.143291880236077,24.871107319763922,24.135618229799938,-0.04521508785086681,-0.009528997834267536
2013-12-11,0.535523,0.963945,-0.321314,-0.673762,-0.67374,0.628341,-1.181727,-1.566112,-1.212075,-0.782999,-0.535787,-1.0,24.308344,24.0137086,0.43563084240501615,23.142446915189968,24.884970284810034,24.152068303152326,-0.0287263163134881,-0.006760201216335282
2013-12-12,0.071685,0.9319,-0.501792,-0.392717,-0.392725,1.089606,-0.448027,-1.106328,-0.851253,-0.505182,-0.183748,0.0,24.212879,24.00676605,0.43104260307231124,23.144680843855376,24.868851256144623,24.1578597980902,-0.023095839282053277,-0.003934984210205953
2013-12-13,0.613718,1.227437,-0.613718,-0.716842,-0.716838,1.285191,0.55595,-0.380269,-0.171487,0.134382,0.473651,-1.0,24.039312,23.9980877,0.4284136714077925,23.141260357184414,24.854915042815584,24.14656953160542,-0.03226709700064845,-0.0071941913932763914
2013-12-16,-0.323974,0.863927,-0.323974,0.288809,0.288794,0.496767,0.58316,-0.563946,-0.52015,-0.189696,0.11539,0.0,24.108736,23.98333445,0.4186767249270847,23.14598100014583,24.82068789985417,24.142966338119187,-0.033546742255950335,0.0028837741505830707
2013-12-17,0.108186,0.432744,-0.504868,-0.179989,-0.179976,0.338983,0.879913,-0.264456,-0.396683,-0.125498,0.230341,0.0,24.065346,23.969882899999998,0.4110570416552259,23.147768816689545,24.79199698331045,24.13557392496498,-0.037628324809183766,-0.0018013840609695981
2013-12-18,-0.751883,0.107408,-2.470462,0.721241,0.721236,-0.436804,0.239888,-0.744716,-1.07232,-0.830646,-0.488469,1.0,24.238914,23.978995349999998,0.41508247775081286,23.148830394498372,24.809160305501624,24.145415836873077,-0.026551452737678005,0.007186477838573466
2013-12-19,1.910364,2.020577,-0.36737,-2.542073,-2.542061,1.660539,2.63776,1.912804,1.438277,1.632617,1.927051,-1.0,23.622746,23.96250655,0.42267014350409843,23.117166262991805,24.807846837008196,24.095637757170877,-0.06672341390401826,-0.02574929679645422
2013-12-20,0.0,1.577406,-0.696992,0.146954,0.146939,1.188559,2.054297,1.848868,1.217909,1.389588,1.656969,0.0,23.657457,23.945583399999997,0.42800404961079624,23.089575300778403,24.80159149922159,24.053906256487938,-0.09466782320637535,0.0014683103723654265
2013-12-23,0.773769,1.547531,-0.184226,-0.440209,-0.440195,1.164329,2.015471,2.358138,1.626747,1.693438,1.997356,0.0,23.553318,23.936470950000004,0.43460002083281174,23.06727090833438,24.80567099166563,24.006231184441468,-0.12379014020159929,-0.0044116695353225025
2013-12-24,-0.87945,0.219857,-0.87945,0.552697,0.552695,0.285812,1.121282,1.766207,1.079142,1.024543,1.284954,1.0,23.683496,23.93907445,0.43282880556512526,23.07341683886975,24.80473206113025,23.975494500208946,-0.13481148667703735,0.005511731996080201
2013-12-26,0.62523,0.956234,-0.110338,-0.366435,-0.366466,0.110355,1.191636,2.015469,1.495057,1.318155,1.575356,0.0,23.596704,23.94948825,0.4212332639898011,23.1070217220204,24.791954777979605,23.93941921447476,-0.14883370985093336,-0.0036713929928388917
2013-12-27,0.368324,1.104976,-0.073669,-0.147117,-0.147093,0.20626,1.064457,2.003684,1.683243,1.401108,1.613261,0.0,23.561995,23.95860055,0.4100833879717719,23.138433774056455,24.778767325943544,23.903474051191452,-0.1608924806014116,-0.0014720086432967105
2013-12-30,-1.164483,0.254727,-1.164483,1.21547,1.215474,-0.836977,-0.229262,0.545847,0.565863,0.158659,0.342064,1.0,23.848385,23.9833341,0.3858840892163688,23.211565921567264,24.755102278432737,23.898227474887506,-0.14566077699450375,0.012081467539087355
2013-12-31,0.547652,1.058784,-0.401599,-0.327515,-0.327511,-0.328592,-0.043815,0.613359,0.985757,0.493609,0.582935,0.0,23.770279,24.00459625,0.35968923038298206,23.285217789234036,24.72397471076596,23.8860419058506,-0.1382978322655113,-0.003280481369455363
2014-01-02,1.06735,1.509017,-0.036805,-0.803209,-0.803222,0.390137,0.559445,1.175321,1.759299,1.298497,1.290645,-1.0,23.579351,23.9941823,0.3691911976863811,23.255799904627235,24.732564695372762,23.856833248150544,-0.1461838233494568,-0.008064647381843003
2014-01-03,1.051837,1.314793,-0.638618,-2.024288,-2.02428,2.036058,2.144997,2.917599,3.658896,3.341842,3.245674,-1.0,23.102039,23.947318650000003,0.4192536986385091,23.108811252722987,24.78582604727702,23.784948081660016,-0.18877256481579963,-0.020450489375009127
2014-01-06,-0.671892,0.261292,-0.895864,0.638618,0.63861,1.119823,1.336319,1.988305,2.810751,2.663681,2.489737,1.0,23.249571,23.90305845,0.444393863147719,23.014270723704563,24.791846176295437,23.733959788168583,-0.208219623630562,0.006365798219638578
2014-01-07,0.14853,0.259933,-0.891196,0.522579,0.522582,0.185669,0.686968,1.267485,1.995917,2.132939,1.867809,0.0,23.371069,23.83753605,0.41948487014129426,22.99856630971741,24.67650579028259,23.699398760723955,-0.21139090191984522,0.005212209659178059
2014-01-08,0.446591,0.818753,-0.409382,-0.222796,-0.222801,0.022332,0.811316,1.267835,1.925942,2.356534,2.035732,0.0,23.318998,23.768108450000003,0.3810606508252364,23.00598714834953,24.530229751650477,23.66317011684548,-0.21562032050067614,-0.002230496760189623
2014-01-09,-0.554946,0.258968,-0.850914,0.59546,0.595467,-0.673329,0.118381,0.495741,1.106174,1.694409,1.407075,1.0,23.457855,23.717339700000004,0.3484135969286881,23.020512506142627,24.41416689385738,23.64361629619353,-0.20539984422639535,0.005937013670867215
2014-01-10,-0.036805,1.545823,-0.257637,0.517939,0.517933,-0.780268,-0.404853,-0.208558,0.430627,1.092387,0.91155,0.0,23.579351,23.68089005,0.32033140035197416,23.040227249296052,24.321552850703945,23.637495791794148,-0.18535962100037295,0.005165964585514969
2014-01-13,0.593028,0.74129,-0.370649,-0.699301,-0.699307,0.059311,0.233517,0.4349,0.967394,1.681256,1.627142,-1.0,23.414459,23.640969050000002,0.29962533197308644,23.04171838605383,24.240219713946175,23.616254192575656,-0.18070000883183113,-0.00701763388433563
2014-01-14,0.371889,1.301603,-0.14875,-0.333584,-0.333563,0.36444,0.349566,0.679304,1.154697,1.790994,1.964788,0.0,23.336357,23.6058213,0.2915598304789081,23.022701639042182,24.188940960957815,23.58959731709226,-0.18122041515184506,-0.0033412068212323397
2014-01-15,0.448259,1.158013,-0.18678,-0.446259,-0.446269,0.739633,0.5678,1.038476,1.4195,1.993276,2.405678,0.0,23.232214,23.5619952,0.27752479628825266,23.006945607423493,24.117044792576504,23.555560810702524,-0.18787065468858444,-0.0044726806675641035
2014-01-16,-1.97008,0.109453,-2.188986,2.390736,2.390715,-1.335265,-1.692795,-1.291482,-1.006912,-0.503446,0.014614,1.0,23.78763,23.5481094,0.25721923526536455,23.033670929469274,24.06254787053073,23.577662638254665,-0.14663329073943743,0.023625847630043034
2014-01-17,1.029408,1.286757,-0.514713,-0.76614,-0.766117,-0.551481,-0.720597,-0.526968,-0.376846,0.145581,0.725483,-1.0,23.605389,23.51643315,0.2004042264673046,23.115624697065392,23.91724160293461,23.580303244135173,-0.12719152364834585,-0.007690664240631576
2014-01-21,-1.800504,0.036014,-1.908534,2.095584,2.095577,-2.023764,-2.405471,-2.419874,-2.322647,-1.928696,-1.346773,1.0,24.100058,23.540298749999998,0.238526113756128,23.06324652248774,24.017350977512255,23.629803697074678,-0.07104911896275468,0.02073921371083865
2014-01-22,-1.52861,0.142201,-1.670811,1.296359,1.296358,-2.396015,-3.227864,-3.514627,-3.418051,-3.122637,-2.64604,1.0,24.412481,23.57804995,0.3077483756485106,22.96255319870298,24.19354670129702,23.704344392591373,-0.0013305954174853696,0.012880270779966329
2014-01-23,-1.200565,0.282486,-1.412429,0.675439,0.67545,-1.956224,-3.36512,-3.943038,-3.857703,-3.696333,-3.31686,1.0,24.577375,23.629252799999996,0.3801022328418549,22.869048334316286,24.389457265683706,23.787490164725526,0.06646128024240028,0.006731786380726031
2014-01-24,-0.212243,3.148214,-0.247609,-0.176554,-0.176553,-1.174395,-2.755579,-3.513743,-3.514333,-3.449599,-3.137607,0.0,24.533983,23.67177715,0.4306973808776987,22.8103823882446,24.5331719117554,23.858584720465952,0.11535570954581331,-0.001767086599043061
2014-01-27,0.886525,0.886525,-0.425535,-0.247609,-0.247628,-0.219851,-2.148929,-2.900701,-3.095736,-3.171622,-2.874695,0.0,24.47323,23.71560345,0.4658201734288112,22.783963103142376,24.647243796857623,23.91712236613586,0.14750232270893804,-0.0024793505854588554
2014-01-28,1.032025,1.13879,-0.711744,-0.354613,-0.3546,0.370105,-1.402137,-2.244368,-2.581852,-2.701781,-2.505339,0.0,24.386448,23.7568261,0.4874871637923879,22.781851772415227,24.731800427584776,23.96182004555149,0.1640846968656966,-0.0035522989429951067
2014-01-29,-0.461164,0.248311,-0.851366,0.320288,0.320276,0.092238,-1.25576,-2.258479,-2.766932,-2.880447,-2.758655,0.0,24.464552,23.787634450000002,0.5124112652913289,22.762811919417345,24.81245698058266,24.009699279308492,0.18143719289318128,0.0031976445334036424
2014-01-30,-2.380135,0.310452,-2.587099,2.837882,2.83789,-2.207657,-3.214901,-4.468206,-5.174196,-5.305275,-5.302975,1.0,25.158829,23.85706195,0.5970193736754099,22.66302320264918,25.05110069735082,24.119140205088637,0.24834871322362417,0.02798367591943889
2014-01-31,-0.689659,1.068962,-0.758617,0.034495,0.034501,-1.737937,-2.700003,-4.04828,-4.891383,-5.102073,-5.189658,0.0,25.167509,23.936469849999998,0.6603924800245862,22.615684889950828,25.25725481004917,24.218984852223052,0.2986345059244151,0.00034494860667465564
2014-02-03,0.517784,1.484298,-0.931992,-0.103452,-0.103439,-1.104602,-1.988276,-3.534704,-4.387309,-4.758037,-4.971821,0.0,25.141476,24.0384417,0.6818722731160747,22.674697153767852,25.402186246232148,24.306841152011334,0.33255225797289967,-0.0010349245695811245
2014-02-04,1.0377,1.176064,-0.311311,-0.207107,-0.207112,-0.338991,-1.390532,-2.889437,-3.822217,-4.316855,-4.57974,0.0,25.089405,24.130433399999998,0.6938452564966765,22.742742887006646,25.51812391299335,24.381371042295967,0.35118241404538963,-0.0020732671860560076
2014-02-05,-0.311854,0.762297,-1.004854,-0.172947,-0.172965,0.297998,-0.96673,-2.266109,-3.321202,-3.959802,-4.22961,0.0,25.046009,24.2141804,0.6984334631476474,22.817313473704704,25.611047326295296,24.444669895410637,0.3583148222042283,-0.0017311519892003237
2014-02-06,-2.30587,1.322479,-2.30587,2.182949,2.182963,-1.505596,-2.685661,-3.739127,-4.942359,-5.726692,-6.009952,1.0,25.592754,24.3278682,0.7294190936850617,22.869030012629878,25.786706387370124,24.55401123870486,0.40343451723232704,0.021594771064596757
2014-02-07,0.883152,0.883152,-1.222829,-0.169546,-0.169556,-1.039397,-2.12296,-3.11594,-4.371603,-5.258151,-5.606883,0.0,25.54936,24.43244345,0.7478175847602433,22.936808280479514,25.928078619520488,24.648806358828207,0.43072553165909966,-0.0016969971328847137
2014-02-10,-0.170068,0.510201,-0.578231,-0.135873,-0.135874,-0.612238,-1.581626,-2.485255,-3.86224,-4.751015,-5.227886,0.0,25.514645,24.52920815,0.7567769950572559,23.015654159885486,26.04276214011451,24.731267181796948,0.44442953975233834,-0.0013596663774457683
2014-02-11,-0.475056,0.508999,-1.119783,0.238092,0.238102,-0.468275,-1.350526,-2.332317,-3.668139,-4.613507,-5.190591,0.0,25.575396,24.637255,0.7433876193294363,23.150479761341128,26.12403023865887,24.81166040257819,0.4549478077484359,0.002378194553924972
2014-02-12,0.76019,0.794744,-0.518314,-1.798432,-0.754463,0.553453,-0.238972,-1.33509,-2.532774,-3.57141,-4.268392,-1.0,25.382439,24.7395591,0.6940923231776704,23.35137445364466,26.127743746355343,24.866020268999314,0.44261144440921285,-0.0075732386290033645
2014-02-13,-1.768711,0.646259,-1.870748,1.589492,1.589497,-0.870032,-1.556679,-2.566378,-3.562603,-4.697484,-5.505677,1.0,25.785892,24.867243000000002,0.6345399754954532,23.598163049009095,26.13632295099091,24.95362710052319,0.460086482312569,0.015769963700851115
2014-02-14,-1.34499,0.201745,-1.613988,1.156463,1.15645,-1.593308,-2.330716,-3.284085,-4.2249,-5.384276,-6.265878,1.0,26.084093,24.98206615,0.6366710795324081,23.708723990935184,26.25540830906482,25.06129051952098,0.49232271448969556,0.01149814426804699
2014-02-18,-0.965055,0.432616,-1.364393,1.042364,1.04239,-1.97006,-2.877496,-3.805603,-4.691134,-5.938961,-6.821335,1.0,26.355991,25.11959625,0.6205171933129051,23.87856186337419,26.36063063662581,25.18459532718565,0.5336583754320117,0.010369946644615035
2014-02-19,0.0,1.234983,-0.700931,-0.299501,-0.299503,-1.141529,-2.133765,-3.036973,-3.990584,-5.220643,-6.157377,0.0,26.277054,25.22844605,0.6231952797505038,23.98205549049899,26.474836609501008,25.288639010310824,0.5536653191853098,-0.0029995246972309483
2014-02-20,-0.959309,0.165402,-1.653986,0.901205,0.901193,-1.171021,-2.454235,-3.387713,-4.451807,-5.587787,-6.600414,1.0,26.513861,25.33351505,0.6547308612586324,24.024053327482733,26.642976772517265,25.40532681885265,0.5819212857249596,0.00897156597346372
2014-02-21,-0.52597,0.953317,-1.05194,0.628515,0.628505,-1.117677,-2.655792,-3.610913,-4.65445,-5.660492,-6.763799,1.0,26.680502,25.4386714,0.6945747060102344,24.04952198797953,26.82782081202047,25.526772074200018,0.6107208687890697,0.006265383613089209
2014-02-24,0.09872,1.842718,-0.065805,-0.098623,-0.098611,-0.592297,-2.145199,-3.143923,-4.16261,-5.137185,-6.272037,0.0,26.654192,25.54468185,0.7108375837922578,24.123006682415486,26.966357017584514,25.634145400466682,0.6242260592946955,-0.000986599909399955
2014-02-25,0.0,1.251644,-0.559947,-0.09871,-0.098709,-0.289861,-1.630441,-2.676081,-3.663331,-4.58942,-5.797807,0.0,26.627882,25.65241445,0.7031395225826419,24.246135404834714,27.058693495165283,25.72878698137462,0.6255945583028684,-0.0009875742501446357
2014-02-26,0.06575,0.756082,-0.262985,0.197625,0.197612,-0.184083,-1.410248,-2.470458,-3.423417,-4.390725,-5.575551,0.0,26.680502,25.76711715,0.6721864303712987,24.422744289257402,27.1114900107426,25.81942650695799,0.6237350682573819,0.0019741741595444536
2014-02-27,0.629768,1.027511,-0.696059,-0.821828,-0.82181,0.603239,-0.185623,-1.305755,-2.245879,-3.288789,-4.399489,-1.0,26.461239,25.8669515,0.614330982716603,24.638289534566795,27.095613465433203,25.880551506295323,0.5976790453641172,-0.00825205347525556
2014-02-28,-0.394604,0.559027,-0.526143,0.795492,0.795492,-0.197309,-0.641244,-1.814969,-2.733752,-3.737953,-4.724123,1.0,26.671736,25.94259685,0.6156915156783173,24.711213818643365,27.173979881356637,25.955902410457675,0.5872454086772088,0.00792344495169622
2014-03-03,0.699297,1.032298,-0.033303,-1.249586,-1.249592,0.82584,0.712619,-0.372801,-1.280653,-2.245805,-3.195672,-1.0,26.338448,26.0011438,0.5933769041741959,24.81438999165161,27.187897608348393,25.99233532374742,0.5457915747068114,-0.012574655151829883
2014-03-04,-0.427632,0.328947,-1.217102,1.232098,1.2321,-0.375,-0.398028,-1.298248,-2.196852,-3.10707,-3.991631,1.0,26.662964,26.077218199999997,0.5745963261191911,24.928025547761614,27.22641085223838,26.05620472148576,0.5329809688928897,0.012245713577991707
2014-03-05,0.429323,0.726549,-0.297226,-0.394734,-0.394735,-0.072655,0.102374,-0.660506,-1.532821,-2.396058,-3.302683,0.0,26.557716,26.150633750000004,0.5341182689786564,25.082397212042693,27.218870287957316,26.103967700391877,0.5084744604188174,-0.0039551594305827255
2014-03-06,1.308293,1.945656,-0.670909,-1.552186,-1.552178,1.26132,1.539747,1.100297,0.229925,-0.600017,-1.55716,-1.0,26.145493,26.20560795,0.4667779544000281,25.272052041199945,27.139163858800057,26.107922490830745,0.4505957377064398,-0.01564350309442843
2014-03-07,-0.469484,0.033535,-2.280352,0.033549,0.033543,0.831657,1.304493,1.160293,0.303661,-0.481108,-1.389197,0.0,26.154263,26.2336834,0.4443228578155098,25.345037684368982,27.12232911563102,26.112335872656388,0.4008137670604839,0.0003353744167449839
2014-03-10,-0.23427,0.267738,-0.937078,0.201204,0.201195,0.528792,0.930399,0.988409,0.22771,-0.522291,-1.374417,0.0,26.206884,26.2665596,0.41433752063374873,25.437884558732502,27.0952346412675,26.121340456212923,0.36144080695826375,0.0020099260894674946
2014-03-11,1.005359,1.005359,-0.536193,-0.133865,-0.133869,0.288212,0.891431,1.076864,0.48761,-0.231471,-1.025875,0.0,26.171801,26.2994174,0.3758391989064046,25.54773900218719,27.05109579781281,26.126146222287883,0.32367541876469375,-0.0013395909136085344
2014-03-12,-1.424785,0.033138,-1.656726,1.13941,1.139425,-0.907892,-0.324721,-0.013259,-0.475485,-1.146822,-1.878525,1.0,26.470009,26.34414805,0.33628972867249174,25.671568592655017,27.016727507344985,26.158895058260466,0.3141872152652887,0.01132982281369677
2014-03-13,-1.114389,0.557194,-1.179941,1.093439,1.093426,-1.520808,-1.291371,-1.033533,-1.29465,-1.959895,-2.65394,1.0,26.759439,26.41299805,0.26172511462679926,25.8895478207464,26.936448279253597,26.21608971937852,0.326261389557601,0.010874914668209059
2014-03-14,-0.685375,0.750659,-0.979109,0.426087,0.4261,-1.4034,-1.635119,-1.405572,-1.511099,-2.185243,-2.854292,0.0,26.873461,26.4673765,0.23632320539886728,25.994730089202267,26.940022910797733,26.278696508009137,0.3410989062873888,0.004251948777121593
2014-03-17,-0.934881,0.128946,-1.611863,1.240212,1.240212,-1.876215,-2.520959,-2.477976,-2.511288,-3.13982,-3.794502,1.0,27.206749,26.5235093,0.271241989302731,25.98102532139454,27.06599327860546,26.367082459627316,0.3754236512319551,0.01232584783219651
2014-03-18,-0.192616,0.35313,-0.770465,0.419084,0.419076,-1.44462,-2.686996,-2.715888,-2.74157,-3.279612,-3.930104,0.0,27.320766,26.571748049999997,0.32109094000281563,25.929566169994366,27.213929930005627,26.457909463472333,0.4071332986816074,0.00418200485284516
2014-03-19,0.418551,1.513207,-0.515129,-0.288928,-0.288919,-0.592404,-2.153899,-2.296631,-2.282681,-2.754671,-3.388362,0.0,27.241831,26.619986899999997,0.3459932526779615,25.928000394644073,27.31197340535592,26.532568657427348,0.42104053473268266,-0.002893376027091977
2014-03-20,-1.402617,0.223143,-2.518333,0.998075,0.998068,-1.026459,-2.623529,-3.00712,-3.066626,-3.405804,-4.044116,1.0,27.513723,26.66998,0.3981556556182445,25.87366868876351,27.46629131123649,26.626011928148554,0.44882772497517465,0.00993120203638911
2014-03-21,0.153607,0.983103,-1.904759,3.761549,3.761552,-3.440858,-5.3149,-6.084996,-6.253454,-6.520429,-7.177566,1.0,28.548666,26.763388199999998,0.5788772769441124,25.605633646111773,27.921142753888223,26.809121839753455,0.5480430253078943,0.03692531158041058
2014-03-24,-1.123592,0.121473,-1.245065,1.167438,1.167438,-3.395082,-5.481326,-6.581639,-6.949591,-7.211662,-7.864083,1.0,28.881954,26.874776299999997,0.7467519208963533,25.38127245820729,28.368280141792702,27.0065344264436,0.646117382830024,0.011606761049030469
2014-03-25,-0.060735,0.303671,-1.396899,0.0,0.0,-2.314,-4.542971,-6.069442,-6.55937,-6.86183,-7.475455,0.0,28.881954,26.9874799,0.867813152665067,25.251853594669868,28.723106205330133,27.185145814401352,0.7155931058706635,0.0
2014-03-26,1.510484,1.726267,-1.171387,-1.488008,-1.488009,0.012333,-2.404437,-4.206739,-4.836619,-5.149197,-5.740853,-1.0,28.452188,27.0760642,0.9234684194816457,25.22912736103671,28.923001038963292,27.30581649874408,0.7275874175877419,-0.014991906546328608
2014-03-27,-1.096895,0.274223,-2.041432,1.171396,1.171379,-0.262022,-2.830576,-4.704435,-5.53472,-5.931734,-6.438133,1.0,28.785471,27.192275799999997,0.9861419609467665,25.219991878106462,29.164559721893532,27.446735975054168,0.7552797539177831,0.011645716213516517
2014-03-28,-1.592079,0.120159,-1.982577,1.432057,1.432063,-1.22559,-3.406423,-5.354957,-6.435861,-6.914983,-7.369575,1.0,29.197697,27.31857385,1.0738218006876235,25.170930248624753,29.466217451375247,27.61349416790615,0.8012529774935402,0.014219055618025037
2014-03-31,-0.476755,1.132294,-0.71514,0.811054,0.811078,-1.644832,-3.426714,-5.385395,-6.662709,-7.286069,-7.735414,1.0,29.434513,27.4733771,1.1458401379604113,25.18169682407918,29.765057375920822,27.786924532867467,0.8470321016341593,0.00807806111301884
2014-04-01,0.328444,0.537462,-1.13467,-0.208579,-0.208595,-1.104811,-2.52613,-4.461035,-6.006273,-6.718425,-7.200161,0.0,29.373114,27.6088846,1.2037447722771473,25.201395055445705,30.016374144554295,27.9379901964039,0.8683482233781348,-0.002088131266027664
2014-04-02,-0.029836,0.746046,-0.835566,0.059707,0.059721,-0.525221,-1.853182,-3.85557,-5.580428,-6.405255,-6.902421,0.0,29.390656,27.7505316,1.2396838413367794,25.27116391732644,30.229899282673557,28.07633932055591,0.8765525441361994,0.0005970345510871528
2014-04-03,-0.621667,0.26643,-1.124917,0.805733,0.805725,-0.751921,-1.924216,-3.978685,-5.747484,-6.725873,-7.296231,1.0,29.627464,27.924630149999995,1.2468913920415008,25.430847365916993,30.418412934082998,28.224065480502965,0.891881894654496,0.00802496829348425
2014-04-04,-1.856684,1.18944,-2.001746,2.042635,2.042622,-2.05395,-3.330426,-5.160036,-6.95967,-8.121839,-8.760268,1.0,30.232641,28.128549049999997,1.2752931677352344,25.577962714529527,30.679135385470467,28.41535838712173,0.9420044012468445,0.020220399529146477
2014-04-07,-0.691836,0.98011,-0.691836,0.63823,0.638234,-2.023631,-3.436142,-5.056205,-6.856435,-8.167188,-8.925715,1.0,30.425596,28.339484649999996,1.2895293345561758,25.760425980887643,30.91854331911235,28.606809588348234,0.9859315001297766,0.006362059313841844
2014-04-08,-2.870008,0.028132,-3.37648,2.45028,2.450292,-3.21329,-5.011264,-6.503479,-8.282226,-9.785039,-10.618091,1.0,31.171112,28.589450200000005,1.3310944785953174,25.927261242809372,31.25163915719064,28.851028865648402,1.068582993555097,0.024207540636355662
2014-04-09,0.821765,1.303483,-1.246821,-0.703433,-0.70343,-1.518854,-3.530756,-5.042043,-6.908483,-8.578078,-9.524899,-1.0,30.951845,28.813542,1.3327647007207248,26.14801259855855,31.479071401441452,29.051106592729504,1.1036694685344202,-0.007059158840006853
2014-04-10,0.740946,1.595902,-0.370479,-0.566736,-0.566748,-0.210882,-2.333993,-3.79405,-5.725274,-7.455112,-8.541841,-1.0,30.776426,29.01439135,1.3093939626125073,26.395603424774986,31.633179275225014,29.215422726755264,1.104587903705859,-0.005683602322766415
2014-04-11,-0.341294,0.455063,-0.483498,0.199487,0.199484,-0.017058,-1.996579,-3.490703,-5.270187,-7.031849,-8.2736,0.0,30.83782,29.212609299999997,1.267638513167432,26.677332273665133,31.74788632633486,29.36993675277857,1.0976171061483733,0.0019928514687539904
2014-04-14,-0.39671,0.113349,-0.651743,0.369741,0.369757,-0.045346,-1.867395,-3.400408,-5.014179,-6.761133,-8.114679,0.0,30.951845,29.399864100000002,1.231845399472275,26.93617330105545,31.863554898944553,29.52059468108537,1.0887432094164637,0.003690750854012286
2014-04-15,-1.555558,0.0,-1.694447,2.011898,2.011883,-1.761104,-3.105549,-4.737031,-6.213883,-7.91555,-9.408328,1.0,31.57456,29.6125538,1.2211585063319512,27.170236787336098,32.0548708126639,29.716210425743906,1.1190586668553735,0.01991912343251172
2014-04-16,-0.910601,0.027588,-1.296915,0.666672,0.666679,-1.887423,-2.993935,-4.66888,-6.120315,-7.856518,-9.460087,1.0,31.785061,29.8397153,1.1787760791805693,27.482163141638864,32.19726745836114,29.913243813768293,1.1468493908675654,0.006644666466537922
2014-04-17,0.166384,0.721018,-0.721026,-0.496691,-0.496696,-0.859677,-1.877425,-3.594008,-5.001386,-6.78092,-8.430393,0.0,31.627186,30.04538845,1.1083304248709778,27.828727600258045,32.26204929974195,30.076476402933217,1.1429592243145272,-0.004979332342304342
2014-04-21,0.139129,1.307738,-0.500838,-0.332784,-0.332786,-0.094593,-1.140781,-2.780551,-4.212568,-5.879792,-7.557032,0.0,31.521935,30.194051899999998,1.0963462159148156,28.001359468170367,32.38674433182963,30.214139126463387,1.1184901055129757,-0.0033334144891535755
2014-04-22,0.0,0.585118,-0.668702,-0.139121,-0.139109,0.378932,-0.668711,-2.212318,-3.666762,-5.20591,-6.870069,0.0,31.478085,30.32385845,1.0864638626518035,28.150930724696394,32.496786175303605,30.334514923943065,1.0830748118022058,-0.0013920632749383388
2014-04-23,0.250696,1.50417,-0.194986,0.027871,0.027842,0.295279,-0.596083,-1.791998,-3.279927,-4.703047,-6.333316,0.0,31.486849,30.4541032,1.0603339953083712,28.333435209383257,32.574771190616744,30.444261026424677,1.0436841764242288,0.0002783771696352491
2014-04-24,0.083319,0.610947,-0.860864,0.306396,0.306436,-0.138864,-0.699817,-1.629188,-3.079711,-4.444331,-6.079803,0.0,31.583336,30.6106606,0.977083558061153,28.656493483877693,32.5648277161223,30.552744357241373,1.0086256994024616,0.0030596731331203075
2014-04-25,-0.689465,0.110317,-0.992819,0.694252,0.694236,-0.717043,-1.061773,-1.85144,-3.273575,-4.563703,-6.198746,1.0,31.802599,30.761516999999998,0.9111415718254584,28.93923385634908,32.58380014365091,30.671778132742194,0.9871549872127332,0.0069183762790609405
2014-04-28,-0.547787,0.246508,-0.766908,0.689465,0.689475,-1.084641,-1.369493,-2.151014,-3.494938,-4.783353,-6.305127,1.0,32.02187,30.90272565,0.8741178816617438,29.15448988667651,32.650961413323486,30.800358310576268,0.9765752783779007,0.006871090856470964
2014-04-29,0.718626,1.022662,-0.552792,-0.903857,-0.903842,-0.022134,-0.223905,-0.983993,-2.25265,-3.55558,-4.975148,-1.0,31.732443,31.01762215,0.820343885876417,29.376934378247167,32.65830992175284,30.88912828099758,0.9340690759759305,-0.009079510849748371
2014-04-30,-2.312298,0.942055,-2.312298,-3.178554,-3.178577,2.763353,2.774766,2.16957,1.176136,-0.149586,-1.486345,-1.0,30.723803,31.085156599999998,0.7282647844653863,29.628627031069225,32.541686168930774,30.873383016140668,0.809660523370674,-0.03230189982257517
2014-05-01,-1.500419,0.583493,-1.750489,2.740517,2.74051,0.011118,-0.036122,-0.426046,-1.178106,-2.418451,-3.657499,1.0,31.565792,31.193913399999996,0.615592979122954,29.962727441754087,32.4250993582459,30.939326728889174,0.7701297482711595,0.027036306396358963
2014-05-02,0.390625,1.255583,-1.339283,-0.416788,-0.416771,0.195308,0.320859,0.130196,-0.477133,-1.673003,-2.838554,0.0,31.434235,31.284251950000005,0.4942250328762054,30.295801884247595,32.272702015752415,30.98646084994735,0.7198873603923843,-0.004176416979093386
2014-05-05,-1.296915,0.386311,-1.572859,1.116077,1.116063,-1.059599,-0.703644,-0.776309,-1.331405,-2.432675,-3.571565,1.0,31.785061,31.36187295,0.4392177856197917,30.483437378760414,32.240308521239584,31.06251800709522,0.700305941280611,0.011098813923166938
2014-05-06,1.470585,1.526079,-0.166484,-0.551879,-0.551857,-0.588251,-0.111007,-0.086962,-0.596581,-1.616005,-2.748821,-1.0,31.609653,31.421075799999993,0.38251342446374326,30.656048951072506,32.18610264892748,31.11462610165758,0.6629910181442575,-0.005533850902261733
2014-05-07,-2.121866,0.217633,-2.121866,1.997772,1.997773,-1.594129,-1.833523,-1.90607,-2.377598,-3.187174,-4.306326,1.0,32.241142,31.4745773,0.41881991727582635,30.636937465448348,32.31221713455165,31.221913330071143,0.6765754171896283,0.01978079021879821
2014-05-08,0.493421,0.575655,-0.9046,-0.761692,-0.761716,-0.570162,-0.951196,-1.109278,-1.465182,-2.118417,-3.202665,-1.0,31.995556,31.52676285,0.4152675393074016,30.696227771385196,32.357297928614805,31.295593584350083,0.6599172977272865,-0.007646320691616611
2014-05-09,0.745856,1.436464,-0.02763,-0.767541,-0.767547,0.397803,-0.201644,-0.318592,-0.549716,-1.093916,-2.142719,-1.0,31.749975,31.575440300000004,0.37807851088836825,30.819283278223267,32.33159732177674,31.33886800488817,0.6197551323624637,-0.007705080218885074
2014-05-12,2.401124,2.824859,-0.169497,-2.209942,-2.209929,2.192089,1.740111,1.832386,1.731631,1.24632,0.267412,-1.0,31.048323,31.585965450000003,0.3589074952548808,30.86815045949024,32.30378044050976,31.311197052041678,0.5252540725197967,-0.022347140677738055
2014-05-13,-0.196464,0.364853,-0.729728,0.649715,0.649713,1.302273,0.928993,1.126391,1.122647,0.698285,-0.186177,1.0,31.250048,31.600875600000002,0.33668373020406706,30.92750813959187,32.27424306040814,31.30537333279961,0.4613210020160565,0.006476114922153047
2014-05-14,1.724147,1.982767,-0.201147,-2.329503,-1.472276,1.873376,2.458638,2.486607,2.506287,2.153479,1.458706,-1.0,30.789961,31.561645649999996,0.38250372875018335,30.79663819249963,32.32665310750036,31.256286443961553,0.3692716732508323,-0.01483221689063854
2014-05-15,0.781479,1.070909,-0.086828,-0.718391,-0.718384,1.677021,2.873853,3.006918,3.04906,2.842517,2.321308,-1.0,30.568771,31.50083115,0.4378049632716192,30.625221223456762,32.37644107654324,31.19080878263188,0.27530024275670684,-0.007209763009219364
2014-05-16,0.465522,0.640096,-0.320049,-0.520984,-0.520976,1.327902,3.075634,3.240964,3.38852,3.332845,2.942894,-1.0,30.409515,31.4399476,0.49961352376033696,30.440720552479327,32.43917464752067,31.116399850952654,0.18583439558601356,-0.005223379420366633
2014-05-19,1.059762,1.589629,-0.206061,-1.1638,-1.163794,1.860452,3.71393,4.020486,4.361982,4.445485,4.13541,-1.0,30.055611,31.3666314,0.5869107514889031,30.192809897022194,32.540452902977805,31.015372341338114,0.08539064187010226,-0.01170618718041313
2014-05-20,0.118032,0.944231,-0.354084,-0.235508,-0.23551,1.257002,3.416881,3.877487,4.359343,4.563044,4.332239,0.0,29.984827,31.291968500000003,0.662145273304496,29.96767795339101,32.616259046608995,30.91722516597258,7.569360982984108e-05,-0.0023578786282063085
2014-05-21,0.08849,0.176982,-1.179947,0.029516,0.029495,0.696174,2.637072,3.684572,4.079656,4.321383,4.170621,0.0,29.993671,31.2173096,0.7206141334953543,29.77608133300929,32.658537866990706,30.829267626356145,-0.06606186065231157,0.0002949056865044483
2014-05-22,-1.081868,0.49707,-1.286558,0.884953,0.88497,-0.391816,1.162872,2.487155,2.947847,3.20455,3.180518,1.0,30.259106,31.151098100000002,0.7456155852145849,29.659866929570832,32.64232927042917,30.77496651908413,-0.09595188908388153,0.008810771232475199
2014-05-23,-0.234266,0.819906,-0.322111,-0.146196,-0.146191,-0.374825,0.802917,2.368158,2.835828,3.168676,3.269627,0.0,30.21487,31.071711649999997,0.7570348973754023,29.557641855249194,32.5857814447508,30.72162399345707,-0.12180533142674932,-0.0014629766658589836
2014-05-27,-2.006792,1.61108,-2.035051,3.601754,3.60174,-3.041261,-2.620121,-1.293333,-0.854088,-0.445967,-0.271018,1.0,31.303131,31.035774699999997,0.7259788172570566,29.583817065485885,32.487732334514114,30.777005613127823,-0.053859939171996274,0.03538393718662042
2014-05-28,-2.361775,0.250069,-2.389555,1.724141,1.724131,-3.517635,-4.08446,-2.917501,-2.517186,-2.087498,-1.868063,1.0,31.842838,31.04129445,0.7319496213679815,29.577395207264036,32.505193692735965,30.878513459496602,0.043040968596510965,0.017094365677759227
2014-05-29,0.083192,1.497496,-0.471442,0.194496,0.194521,-2.506942,-3.921253,-3.176265,-2.521364,-2.225191,-2.024079,0.0,31.904779,31.10034325,0.7523410567523902,29.59566113649522,32.60502536350478,30.97625303478264,0.12341115025449767,0.0019433203124538864
2014-05-30,-1.927784,0.054293,-2.09069,2.135333,2.135332,-3.117033,-5.310898,-5.07974,-4.402791,-4.146273,-3.990515,1.0,32.586052,31.151356250000003,0.8173437618414273,29.51666872631715,32.786043773682856,31.1295672219462,0.2393194105249492,0.021128533574476995
2014-06-02,0.054648,0.327877,-0.765022,-0.624502,-0.624485,-1.169412,-4.106571,-4.353021,-3.655624,-3.472281,-3.309427,-1.0,32.382557,31.198772349999995,0.8609613612032977,29.4768496275934,32.92069507240659,31.24889958176085,0.31117021944880463,-0.006264430426102947
2014-06-03,-1.505776,0.161336,-1.855335,1.612025,1.612001,-1.763907,-4.762028,-5.494305,-5.013944,-4.89632,-4.703288,1.0,32.904564,31.2547475,0.934349232239834,29.386049035520333,33.12344596447967,31.406581907307434,0.4055590729424381,0.015991457923665228
2014-06-04,-0.509788,0.053665,-0.99275,0.215114,0.215122,-1.287898,-4.05957,-5.348366,-5.010763,-4.949702,-4.756501,0.0,32.975349,31.323032300000005,1.0086055146015227,29.305821270796958,33.34024332920305,31.555988297087676,0.4805353647344006,0.002148910768578275
2014-06-05,-0.961028,0.266957,-0.987718,0.509791,0.509796,-1.041112,-3.59584,-5.355053,-5.356436,-5.139785,-5.072976,0.0,33.143456,31.368147999999998,1.0701383357738894,29.22787132845222,33.50842467154778,31.707175697365038,0.547211532209765,0.005085009090314039
2014-06-06,0.267303,0.855386,-0.187116,-0.133473,-0.13348,-0.598768,-2.608928,-4.718883,-5.063217,-4.827683,-4.793437,0.0,33.099216,31.423331,1.13092364320742,29.161483713585163,33.68517828641484,31.839750964282654,0.5896855490954813,-0.0013356951113721567
2014-06-09,0.485426,0.99784,-0.134852,-0.882112,-0.882115,0.544766,-0.951999,-3.383679,-4.057179,-3.81328,-3.844057,-1.0,32.807243,31.476194399999997,1.170996040003241,29.134202319993516,33.81818648000648,31.931893062922402,0.5929515560675327,-0.00886028211891777
2014-06-10,0.053821,0.645861,-0.269104,0.215744,0.215739,0.312172,-0.686214,-3.01937,-3.985464,-3.887374,-3.964255,0.0,32.878021,31.567679299999998,1.2067367246842478,29.154205850631502,33.98115274936849,32.02200048550122,0.5943992190106719,0.0021550656291158227
2014-06-11,0.951049,3.328669,-0.083913,-3.794403,-3.794425,3.418208,3.163668,1.152476,-0.138435,-0.093979,-0.187272,-1.0,31.630489,31.58670135,1.2044626576388422,29.177776034722314,33.99562666527768,31.98471367735825,0.48924142537341453,-0.038682882607721895
2014-06-12,-0.11406,0.769889,-0.741372,-1.902098,-1.902048,4.060427,4.881645,3.336163,1.836305,1.686848,1.780795,-1.0,31.028862,31.5986464,1.1973086365059344,29.204029126988132,33.99326367301187,31.893680184276512,0.35328440271888795,-0.01920369360287292
2014-06-13,-1.79171,0.335943,-2.379625,1.853439,1.8534,1.220614,2.662388,1.739469,0.146989,-0.213086,-0.067259,1.0,31.603951,31.650405400000004,1.1725639106724597,29.305277578655083,33.99553322134492,31.86608692863113,0.2886153803802216,0.018364340821128308
2014-06-16,-0.526178,1.052343,-0.747718,1.091825,1.091832,-0.409859,1.417895,1.002499,-0.693708,-1.265905,-1.092864,1.0,31.949013,31.7273803,1.1368023291807277,29.453775641638543,34.00098495836146,31.87398464971388,0.26218601666325725,0.010859143904964903
2014-06-17,-0.165338,0.578669,-0.385778,0.498477,0.498469,-1.383295,0.666862,0.668701,-0.866617,-1.623576,-1.549886,0.0,32.108269,31.830013200000003,1.06853723288332,29.692938734233362,33.96708766576664,31.896297444979226,0.25119555772075586,0.004972309880975656
2014-06-18,-1.655349,0.189959,-1.655349,1.543117,1.543151,-2.28495,-0.976947,-0.705573,-1.971518,-2.952523,-2.944398,1.0,32.603748,31.960959250000002,0.9879452523439367,29.985068745312127,33.93684975468788,31.963673688314536,0.2792475621650006,0.015313652880777151
2014-06-19,-0.618776,0.26904,-0.726382,0.868385,0.868354,-1.996223,-1.907438,-1.361294,-2.375554,-3.53294,-3.71448,1.0,32.886864,32.1056189,0.8918705615217044,30.321877776956594,33.88936002304341,32.05159657514172,0.3206280720610337,0.008646056435563897
2014-06-20,1.196961,1.278569,-0.326439,-1.10304,-1.103027,-0.337324,-0.990206,-0.273844,-0.938515,-2.216535,-2.586409,-1.0,32.524113,32.21886925,0.7821106214003581,30.65464800719928,33.78309049280071,32.096598139413935,0.3204574165999645,-0.011091554827959921
2014-06-23,1.846753,2.177511,-0.909587,-1.305764,-1.305773,1.074976,0.099233,0.986778,0.665666,-0.712228,-1.261292,-1.0,32.099422,32.31309685,0.6258855325618646,31.06132578487627,33.56486791512373,32.09686707851737,0.28279329147690646,-0.01314372895362672
2014-06-24,0.0,0.331408,-0.331397,-0.192944,-0.192922,1.226168,0.030363,1.001553,0.974858,-0.272864,-0.967516,0.0,32.037495,32.349815050000004,0.5836311982059602,31.182552653588083,33.517077446411925,32.09121259484905,0.24512160038075237,-0.0019310881202579521
2014-06-25,-0.193261,0.41413,-0.552184,0.027622,0.027611,0.85035,0.132517,0.780409,0.978736,-0.043076,-0.912026,0.0,32.046341,32.3599902,0.5760520001707372,31.207886199658525,33.51209420034147,32.08693910962533,0.2135189979506542,0.00027607585963435055
2014-06-26,0.553863,0.830792,-0.360014,-0.3037,-0.30371,0.570483,0.725562,0.838182,1.293276,0.506236,-0.489241,0.0,31.949013,32.362201899999995,0.574294506379236,31.213612887241524,33.510790912758466,32.07380328966101,0.17856180233788876,-0.003041723155106577
2014-06-27,-0.909347,0.110226,-0.909347,0.498477,0.498469,-0.187369,0.383034,0.132277,0.716463,0.238094,-0.822988,0.0,32.108269,32.33831275,0.5744300901886175,31.189452569622766,33.487172930377234,32.07708573826472,0.16184297611891196,0.004972309880975656
2014-06-30,-0.082234,0.63048,-0.630482,0.523557,0.523572,-0.597587,-0.03838,-0.498907,0.175437,-0.028509,-1.146747,0.0,32.276379,32.33300385,0.5744903090710636,31.18402323185787,33.48198446814212,32.096066048906174,0.16031030057847317,0.005222064179931793
2014-07-01,1.064429,1.568619,-0.420174,-2.138155,-2.138155,1.288511,1.980388,1.402422,2.155458,2.191594,1.1746,-1.0,31.58626,32.26708865,0.5810513289102378,31.10498599217952,33.429191307820474,32.04751309186749,0.10223036047609568,-0.021613446479553444
2014-07-02,2.775366,2.891009,-0.751657,-3.109246,-3.109257,3.596421,4.599602,4.43289,5.046266,5.309061,4.488784,-1.0,30.604162,32.14852929999999,0.6648054016892253,30.818918496621542,33.47814010337844,31.91005108311821,-0.0227828844528446,-0.03158620312765913
2014-07-03,1.177504,1.177504,-0.500447,-1.792423,-1.792407,4.227248,5.566666,6.123038,6.449798,6.984978,6.402699,-1.0,30.055611,31.99413705,0.771568694458139,30.45099966108372,33.53727443891628,31.733437741868855,-0.16422715458859827,-0.01808664710069816
2014-07-07,-0.873108,0.436545,-0.960425,1.148072,1.148059,1.920842,3.669968,4.654639,4.797732,5.483124,5.210521,1.0,30.400667,31.859209599999996,0.8034427806676604,30.252324038664675,33.46609516133532,31.6065071950242,-0.24564794566830628,0.011415183280360935
2014-07-08,0.4662,0.582751,-0.320516,-0.116417,-0.116402,0.780879,3.219689,4.428894,4.517763,5.340317,5.349642,0.0,30.36528,31.737111449999997,0.8366532606290982,30.0638049287418,33.41041797125819,31.48829508121237,-0.3094626515493495,-0.0011646985111669031
2014-07-09,0.321077,0.642154,-0.321062,-0.174831,-0.174835,0.116756,2.831291,4.216774,4.277582,5.182721,5.425182,0.0,30.312191,31.608819949999997,0.8491275522560497,29.910564845487897,33.3070750545121,31.376285168715953,-0.3601683082760978,-0.0017498756184755504
2014-07-10,-0.611173,0.32014,-0.611173,0.291894,0.291883,-0.308493,1.99069,3.430348,3.771831,4.537838,4.96023,0.0,30.400667,31.547328849999996,0.8909744900148796,29.765379869970236,33.32927783002975,31.283369152647765,-0.38873256573123527,0.0029145741296423833
2014-07-11,1.124929,1.746596,-0.177614,-1.688015,-1.688016,1.290713,3.052111,4.537211,5.362649,5.89699,6.53741,-1.0,29.887499,31.4902607,0.9598236427046554,29.57061341459069,33.40990798540931,31.15042913810988,-0.4476184476037055,-0.017024249635315382
2014-07-14,3.22287,3.22287,-0.091207,-2.634695,-2.63469,3.137735,4.806936,6.581539,7.783524,8.212834,9.020985,-1.0,29.100056,31.365065949999995,1.097620526695397,29.1698248966092,33.56030700339079,30.95515550590894,-0.5514690109214087,-0.026700200751418143
2014-07-15,0.152219,0.639279,-0.426177,-0.121621,-0.121605,2.36833,3.82952,6.015212,7.418559,7.829518,8.773203,0.0,29.064669,31.22084875,1.2014356663392176,28.817977417321565,33.62372008267843,30.77510917201285,-0.6293717598350348,-0.001216785753429428
2014-07-16,-0.151791,0.030364,-0.941099,0.273976,0.273979,1.287175,2.70794,5.063738,6.616561,7.022449,8.045927,0.0,29.1443,31.0726503,1.267213892676528,28.538222514646943,33.60707808535305,30.619794012773532,-0.6768820188433189,0.0027360405464636867
2014-07-17,2.754307,3.599365,0.0,-3.005459,-3.005469,2.917052,5.064156,7.428264,9.153354,9.862901,10.838801,-1.0,28.268377,30.855881749999998,1.3589993694050082,28.13788301118998,33.57388048881001,30.39584953536653,-0.7762656004726729,-0.03051559399251462
2014-07-18,0.280461,0.810215,-0.685569,0.438182,0.438175,1.414777,4.019946,6.124443,7.885635,9.012153,9.797445,0.0,28.392242,30.631150650000002,1.376977181453744,27.877196287092513,33.38510501290749,30.205029770093525,-0.8354029296640739,0.00437217946088429
2014-07-21,0.031033,0.279243,-1.179026,0.436273,0.436271,0.5647,2.907234,4.823667,6.714245,8.105494,8.784779,0.0,28.516109,30.430750449999998,1.3786367585056798,27.67347693298864,33.18802396701136,30.04418017294176,-0.862334205473136,0.004353216827938026
2014-07-22,1.478914,1.636243,-0.062936,-1.396212,-1.396204,1.31529,3.565128,5.321999,7.517299,9.091244,9.769237,-1.0,28.117966,30.231677649999995,1.4120543917983546,27.407568866403285,33.0557864335967,29.860731204090165,-0.9053677326115945,-0.014060424196420961
2014-07-23,0.251889,0.661206,-0.251889,-0.062936,-0.062938,0.636021,2.843198,4.561292,6.884444,8.589419,9.271617,0.0,28.100269,30.03481635,1.4214687290472203,27.19187889190556,32.87775380809444,29.69306813703396,-0.930177604499427,-0.0006295822195254405
2014-07-24,-1.414643,0.408683,-1.697576,0.157428,0.15744,0.389807,1.879904,3.814305,6.023252,7.784961,8.686984,0.0,28.14451,29.8397248,1.3984334473596145,27.04285790528077,32.63659169471923,29.545586409697393,-0.9354860271522938,0.0015731596749302553
2014-07-25,0.890299,1.717008,-0.222582,-1.131713,-1.131727,1.131956,2.305247,4.468467,6.496023,8.291253,9.547426,-1.0,27.825991,29.6335737,1.3748256848964082,26.883922330207184,32.383225069792815,29.38181541829764,-0.9543931613999561,-0.011381796941424688
2014-07-28,-1.690144,0.56338,-1.784044,1.589825,1.58983,-0.62598,0.410013,2.330719,4.150228,5.994359,7.439741,1.0,28.268377,29.441579099999995,1.2755839588706057,26.890411182258784,31.992747017741205,29.275773664174057,-0.9230401165922792,0.01577324739361835
2014-07-29,1.493492,1.843025,-0.127102,-1.502354,-1.502357,0.692729,1.503025,3.287791,4.942806,6.999686,8.587016,-1.0,27.843685,29.219944400000003,1.1343885569194248,26.95116728616115,31.488721513838854,29.139384267586053,-0.9218353536621393,-0.015137569162049969
2014-07-30,1.999352,2.096098,-0.515963,-1.461706,-1.46171,1.702683,2.386333,4.121256,5.743313,7.91616,9.63023,-1.0,27.436691,29.01246595,1.0555494350996588,26.901367079800682,31.123564820199316,28.97722300400643,-0.9428529627207212,-0.014724985005618826
2014-07-31,-0.482625,1.319176,-0.900904,0.225734,0.225749,1.003852,1.875795,3.183173,4.940466,7.011571,8.764465,0.0,27.498629,28.857189299999998,1.0373421712226143,26.78250495755477,30.931873642445225,28.836404527434386,-0.9436340642598289,0.0022549436772205766
2014-08-01,-1.268237,1.712115,-1.395057,1.480055,1.480045,-0.412176,0.215597,1.204817,3.024727,4.87127,6.58317,1.0,27.905621,28.7496898,1.017831586531129,26.71402662693774,30.785352973062256,28.747758477202538,-0.9010257755595923,0.014691989184817069
2014-08-04,0.510201,0.542092,-2.232146,-0.570704,-0.570717,-0.216828,0.513404,1.46047,3.137764,4.844397,6.620969,-1.0,27.746359,28.616974400000004,0.9627898350663453,26.691394729867312,30.542554070132695,28.652387098421343,-0.8700797741498967,-0.005723513692291298
2014-08-05,0.481857,1.381304,-0.289104,-0.733425,-0.733419,0.301967,1.047231,1.84175,3.387417,4.931586,6.857274,-1.0,27.542862,28.4758535,0.8976918904126654,26.680469719174667,30.271237280825332,28.546718041428832,-0.8521522713457195,-0.0073612149071536365
2014-08-06,-0.449003,0.224503,-1.443233,0.16062,0.160633,0.250154,0.69916,1.30211,2.727703,4.183443,6.148163,0.0,27.587105,28.3395992,0.8064737300879267,26.726651739824145,29.95254666017585,28.455326323197514,-0.8248660139197028,0.001605043931845991
2014-08-07,-0.950567,0.760456,-1.108999,1.218727,1.218722,-0.652726,-0.592521,1e-06,1.047213,2.544995,4.377904,1.0,27.923315,28.215731600000005,0.6479126842364142,26.919906231527175,29.511556968472835,28.404658578131084,-0.7672675385697509,0.012113549536255245
2014-08-08,-1.618926,0.093409,-1.743462,1.774398,1.774388,-2.023655,-2.117052,-1.737225,-0.972903,0.526785,2.144053,1.0,28.418783,28.1422958,0.5188343908984645,27.10462701820307,29.179964581796927,28.406003761166218,-0.6738722255340939,0.017588296857934383
2014-08-11,0.217998,0.685148,-0.311439,-0.031127,-0.03112,-1.526009,-2.036752,-1.73155,-1.063533,0.277793,1.741926,0.0,28.409939,28.10778995,0.47268040758158464,27.16242913483683,29.05315076516317,28.406378545817056,-0.5937253081923792,-0.0003112510631999672
2014-08-12,0.596172,0.909943,-0.219649,-0.747431,-0.747432,-0.320051,-1.173519,-0.972702,-0.472231,0.725446,2.025937,-1.0,28.197594,28.0644362,0.41675215939228993,27.23093188121542,28.89794051878458,28.38649430335829,-0.5411052412358508,-0.0075023935772536195
2014-08-13,0.413351,0.858499,-0.381561,-1.317854,-0.348547,0.393165,-0.592043,-0.626565,-0.310062,0.762741,1.969144,0.0,28.099312,28.012186800000002,0.33090588451071634,27.35037503097857,28.673998569021435,28.35914360780036,-0.5015524110991301,-0.003491563101048717
2014-08-14,-0.879676,0.282752,-1.036758,1.208264,1.208272,-0.442834,-1.448218,-1.743937,-1.470239,-0.716149,0.497989,1.0,28.438828,28.020709349999997,0.3399235209235286,27.34086230815294,28.700556391847055,28.36673259753366,-0.4377641320905994,0.012010302467711087
2014-08-15,0.157236,1.257868,-0.503145,-0.094254,-0.094258,-0.353664,-1.177002,-1.513727,-1.373798,-0.830203,0.399978,0.0,28.412022,28.021698349999998,0.34108815954683713,27.339522030906323,28.703874669093672,28.371045873959023,-0.38493716555012014,-0.0009430290659350445
2014-08-18,0.345695,0.879943,-0.282841,0.062896,0.062896,-0.402261,-0.998691,-1.537758,-1.450953,-0.986828,0.105802,0.0,28.429892,28.0173875,0.33500117954155045,27.347385140916902,28.6873898590831,28.376650266915306,-0.33773624116028245,0.000628761395639458
2014-08-19,-0.156442,0.12516,-0.876092,0.439972,0.439977,-0.588237,-1.077922,-1.803008,-1.806126,-1.491953,-0.544035,0.0,28.554977,28.03923805,0.35552981374224607,27.32817842251551,28.750297677484493,28.393633765304322,-0.2869283232917752,0.004390119801747782
2014-08-20,-0.03126,0.093779,-0.437637,0.09387,0.093868,-0.343859,-0.82268,-1.628006,-1.813978,-1.663058,-0.839113,0.0,28.581781,28.063313650000005,0.3756161889175487,27.312081272164907,28.814546027835103,28.411552549561055,-0.24171350076469267,0.0009382402118890389
2014-08-21,-0.992248,0.744192,-0.992248,0.812754,0.812749,-0.886819,-1.313102,-2.116724,-2.489363,-2.380092,-1.822087,1.0,28.814079,28.096792100000005,0.4113714250356381,27.27404924992873,28.91953495007128,28.449888401983813,-0.18500331786438906,0.008094634993046818
2014-08-22,-0.617475,0.710096,-0.648345,0.434105,0.4341,-0.950902,-1.559833,-2.301704,-2.718498,-2.726433,-2.355669,0.0,28.939161,28.1524506,0.4466010401891264,27.25924851962175,29.045652680378254,28.49648579227107,-0.12848591168478407,0.0043316079088989295
2014-08-25,-1.127027,0.274127,-1.43162,1.358453,1.35845,-1.663111,-2.564723,-3.250648,-3.840952,-3.918834,-3.63795,1.0,29.332285,28.205646,0.5186811495182243,27.168283700963553,29.24300829903645,28.57608571681668,-0.05138134659609506,0.013493056767897695
2014-08-26,1.6713,2.259362,-0.092857,-1.58392,-1.583907,0.136173,-0.764475,-1.387612,-2.116009,-2.268622,-2.109847,-1.0,28.867689,28.256846200000002,0.5314542373314043,27.193937725337193,29.31975467466281,28.603857458072234,-0.027448033816110495,-0.015965844557546405
2014-08-27,-1.312176,0.030513,-1.312176,1.423705,1.423702,-0.793411,-1.754655,-2.386685,-3.175462,-3.479502,-3.468649,1.0,29.278679,28.3489456,0.5413564955706514,27.266232608858697,29.431658591141304,28.668126176351066,0.024401462337053204,0.014136629977583108
2014-08-28,-1.151518,0.515145,-1.515152,0.701861,0.701855,-1.030301,-2.084845,-2.714089,-3.513581,-3.970469,-4.003986,1.0,29.484173,28.448222800000003,0.558986579789599,27.330249640420806,29.5661959595792,28.74584492146049,0.08113889137629116,0.006994038943899513
2014-08-29,-1.137035,0.0,-1.316571,1.272721,1.272734,-1.657692,-2.830642,-3.615068,-4.398995,-4.904908,-5.046617,1.0,29.859428,28.54591315,0.6258917530756443,27.294129643848713,29.797696656151288,28.851900452749966,0.15460150510929438,0.01264702496691474
2014-09-02,1.827591,1.918967,-0.700591,-1.765398,-1.765416,0.10966,-0.776725,-1.673262,-2.410571,-3.05083,-3.247419,-1.0,29.332285,28.62520945,0.6196945354731497,27.3858203790537,29.8645985209463,28.89765136201187,0.1683445499985794,-0.017811849330850952
2014-09-03,-0.691518,0.270595,-0.841846,1.309765,1.309789,-0.613356,-1.668678,-2.603735,-3.306536,-4.052154,-4.318983,1.0,29.716476,28.73389015,0.6104166746958475,27.513056800608304,29.954723499391697,28.975634660867883,0.2078411515500278,0.013012852932811483
2014-09-04,-1.251857,0.0,-1.490313,0.871921,0.871897,-1.00744,-2.053639,-3.028303,-3.743913,-4.542696,-4.937475,1.0,29.975573,28.853313550000003,0.6078860250062635,27.637541499987474,30.06908560001253,29.07086688364237,0.257085928816263,0.008681177192908352
2014-09-05,-0.976046,0.23661,-1.271813,0.774969,0.774974,-1.289559,-2.34546,-3.383613,-4.105997,-4.918029,-5.440834,1.0,30.207876,28.967541599999997,0.6378402765076702,27.691861046984656,30.24322215301534,29.17915346615262,0.3112695585397667,0.007719868420971161
2014-09-08,1.106465,1.525126,-0.358849,-1.094357,-1.09435,-0.185408,-0.950956,-1.987639,-2.800885,-3.602017,-4.165717,-1.0,29.877296,29.04046725,0.6549454861629481,27.730576277674103,30.350358222325895,29.245643231280944,0.3238028347215476,-0.01100382422670691
2014-09-09,0.543478,0.543478,-0.332129,-0.956938,-0.956937,0.954105,0.0936,-0.778985,-1.662136,-2.421235,-3.090751,-1.0,29.591389,29.09953975,0.6483288599610373,27.802882030077928,30.396197469922075,29.278571399730378,0.30712489629163997,-0.00961545401037585
2014-09-10,0.302657,0.332933,-1.361988,-0.24154,-0.241536,1.065365,0.556892,-0.320832,-1.200068,-1.917082,-2.666836,0.0,29.519915,29.165655800000003,0.6182342630438737,27.929187273912255,30.40212432608775,29.30155650451796,0.28485650696574183,-0.002418286520368819
2014-09-11,-0.541353,0.75188,-0.631576,0.63559,0.635584,0.246618,0.066165,-0.697745,-1.553383,-2.251037,-3.026763,1.0,29.707539,29.24606715,0.5753391253720656,28.095388899255866,30.39674540074413,29.34022150408768,0.27913069188743833,0.0063357316566483475
2014-09-12,0.699936,0.912961,-0.852097,-1.172929,-1.172935,0.858189,1.211201,0.604587,-0.228239,-0.895282,-1.664601,-1.0,29.359089,29.292080200000004,0.5432883286245083,28.20550354275099,30.37865685724902,29.34201840846028,0.24366709669061848,-0.011798677326417274
2014-09-15,-0.993073,0.48149,-0.993073,1.125986,1.126006,-0.391223,0.027071,-0.347089,-1.123998,-1.827558,-2.559234,1.0,29.689674,29.355962799999997,0.5083534107979678,28.33925597840406,30.372669621595932,29.375128464797395,0.23947684863965435,0.011197133932833815
2014-09-16,-1.803669,0.206975,-2.158486,1.775504,1.775493,-1.71496,-1.425194,-1.890402,-2.553225,-3.301007,-3.986581,1.0,30.216812,29.4453088,0.4938485107237164,28.457611778552568,30.43300582144743,29.45528880148336,0.2755157044556853,0.017599149641453565
2014-09-17,0.623512,0.950119,-0.356292,-0.413956,-0.413948,-0.926371,-0.890745,-1.211411,-1.892824,-2.647278,-3.305139,0.0,30.09173,29.52214645,0.46684438091827457,28.58845768816345,30.45583521183655,29.515902248961133,0.29063344386191403,-0.004148075055509726
2014-09-18,-0.444044,0.621679,-0.50325,0.296909,0.296899,-0.905855,-1.11604,-1.304516,-1.918292,-2.659558,-3.304886,0.0,30.181072,29.602110999999997,0.433039378278662,28.736032243442672,30.468189756557322,29.579251749060074,0.30629276170027353,0.002964589747595106
2014-09-19,-1.685551,0.029056,-1.743676,1.865012,1.865023,-1.819243,-2.752114,-2.838331,-3.400184,-4.141829,-4.769433,1.0,30.743956,29.69860485,0.4622333239088123,28.774138202182375,30.623071497817623,29.690175963435305,0.3599733695599525,0.018478449167020336
2014-09-22,-0.145812,1.808104,-0.612421,-0.348733,-0.348745,-0.85739,-2.163894,-2.329154,-2.785069,-3.515895,-4.194842,0.0,30.636738,29.783483699999998,0.4712125306161389,28.84105863876772,30.725908761232276,29.78032472882242,0.3893755623895032,-0.0034935450240539527
2014-09-23,0.263775,0.791325,-0.498236,-0.495777,-0.495771,-0.187571,-1.383351,-1.590465,-2.111665,-2.765535,-3.490622,0.0,30.48485,29.84111195,0.48344693537338296,28.874218079253232,30.808005820746764,29.847422373696475,0.3958577184538008,-0.00497003816891005
2014-09-24,0.707762,0.76673,-0.206429,-0.615472,-0.615473,0.566204,-0.516072,-0.853241,-1.26954,-1.933356,-2.661951,-1.0,30.297224,29.912588699999997,0.43522560960553314,29.04213748078893,30.783039919211063,29.89026062382062,0.38145781544487534,-0.006173747738493599
2014-09-25,0.922625,1.309533,0.0,-0.914191,-0.914196,1.386915,0.505963,0.071438,-0.235111,-0.836897,-1.550587,-1.0,30.020248,29.949667150000003,0.40918777583145705,29.13129159833709,30.768042701662917,29.90264037393294,0.3437337909741238,-0.009184003826078936
2014-09-26,-0.02968,0.237383,-0.949555,0.297628,0.297619,0.664694,0.456983,-0.247271,-0.427292,-0.959043,-1.657757,0.0,30.109594,29.980938200000004,0.3954073385505296,29.190123522898944,30.771752877101065,29.922350243082185,0.31738805338622456,0.002971771179919594
2014-09-29,-1.671064,0.175893,-2.081498,1.216617,1.216635,-0.650846,-0.492532,-1.31536,-1.523023,-1.947825,-2.614101,1.0,30.475918,30.011762700000002,0.4092245286361209,29.19331364272776,30.830211757272245,29.975070981836264,0.3223522754653736,0.012092939454987522
2014-09-30,0.557345,1.437378,-0.234679,-0.058637,-0.058656,-0.61014,-0.35493,-1.067748,-1.280422,-1.742434,-2.334984,0.0,30.458042,30.06805055,0.3877016222201377,29.292647305559722,30.843453794440276,30.02106822166138,0.3211420873454429,-0.0005867335887189698
2014-10-01,-1.099222,2.256286,-1.157078,1.408038,1.408065,-1.608346,-1.481067,-2.146382,-2.461686,-2.845255,-3.439412,1.0,30.886911,30.1265723,0.41891905244177985,29.28873419511644,30.96441040488356,30.103529438646014,0.3507459674526707,0.013982437553548974
2014-10-02,-0.748629,0.691048,-0.950181,0.462829,0.462814,-1.410883,-1.661386,-2.31308,-2.741145,-3.067089,-3.621269,0.0,31.02986,30.17928665,0.46293810566902077,29.25341043866196,31.105162861338044,30.191751396870202,0.3813461246027501,0.004617464757143624
2014-10-03,-0.258028,0.086006,-1.519504,0.431906,0.431923,-1.15827,-1.949558,-2.34711,-3.006037,-3.268366,-3.784422,0.0,31.163885,30.2270871,0.5127244567998468,29.201638186400306,31.25253601359969,30.284335549549233,0.4116662349100473,0.00430992561919505
2014-10-06,0.546131,0.689848,-0.51739,-0.258028,-0.258052,-0.511633,-1.552163,-1.795528,-2.561073,-2.860586,-3.305542,0.0,31.083466,30.287395600000004,0.539645580899083,29.208104438201836,31.36668676179817,30.360443211496925,0.42431476310054705,-0.00258385436327399
2014-10-07,-0.172604,1.898734,-0.489062,-0.08624,-0.086245,-0.040255,-1.283066,-1.530475,-2.241062,-2.554642,-3.036997,0.0,31.056658,30.36065905,0.5396450342774756,29.28136898144505,31.43994911855495,30.426749381830554,0.42725055284409663,-0.0008628242088200647
2014-10-08,-2.651412,0.083726,-2.846779,3.078263,3.078267,-2.322075,-3.695226,-4.071074,-4.771138,-5.177781,-5.60517,1.0,32.012665,30.485296549999997,0.6174950019182522,29.250306546163493,31.7202865538365,30.577788964513356,0.5009443875110478,0.03031839201458515
2014-10-09,3.017239,3.390808,-0.057471,-2.874694,-2.874675,0.609187,-0.500008,-1.036406,-1.729892,-2.227594,-2.616867,-1.0,31.092405,30.554539849999998,0.6031706855429211,29.348198478914156,31.76088122108584,30.626800015512085,0.47956190028417467,-0.02916802860710763
2014-10-10,0.373233,1.579096,-0.143563,0.086216,0.086208,0.493816,-0.261276,-1.041257,-1.531733,-2.194668,-2.525609,0.0,31.119209,30.642545849999998,0.5451861118990297,29.552173626201938,31.732918073798057,30.67369610927284,0.4594823572969169,0.000861704107486204
2014-10-13,2.286714,3.048962,-0.058637,-2.067186,-2.067183,2.21635,1.844026,1.012402,0.675747,-0.051606,-0.400673,-1.0,30.475918,30.68185805,0.49927426973876937,29.68330951052246,31.68040658947754,30.654860098865903,0.3871975944744541,-0.020888483284038604
2014-10-14,-1.327942,0.721709,-1.674359,1.553791,1.553784,0.583148,0.444578,-0.433022,-0.746243,-1.405308,-1.750382,1.0,30.949448,30.718489849999997,0.4901514217880477,29.738187006423903,31.69879269357609,30.682916089450103,0.36392619802409953,0.015418365788135083
2014-10-15,2.623047,3.183018,-1.856767,-2.049651,-2.049665,1.567951,2.35781,1.654401,1.367536,0.762762,0.371367,-1.0,30.315088,30.72965775,0.47750065376308215,29.774656442473837,31.684659057526165,30.647884842835808,0.29094209883337996,-0.020709621380608424
2014-10-16,-1.90672,1.056031,-2.99208,0.471559,0.471561,0.674695,1.689657,1.273113,0.937238,0.388397,-0.046922,0.0,30.458042,30.743506250000003,0.4645951142797263,29.81431602144055,31.672696478559455,30.62980457208954,0.2418489829565047,0.00470452200375443
2014-10-17,-0.11635,1.105285,-1.27982,0.850692,0.850692,-0.436296,0.686452,0.550718,0.081452,-0.281548,-0.834777,1.0,30.717146,30.742165749999998,0.4646324243697913,29.812900901260416,31.67143059873958,30.638122803319106,0.22129886672298582,0.008470935941219017
2014-10-20,-1.829105,0.057148,-1.886253,1.77429,1.774315,-1.669069,-1.011736,-1.034598,-1.563321,-1.818822,-2.415944,1.0,31.262165,30.773437100000002,0.4780172188405645,29.817402662318873,31.729471537681132,30.697555393479192,0.24615372304460692,0.017587580114782203
2014-10-21,0.571431,0.999994,-0.942863,0.028574,0.028542,-1.491417,-0.97141,-0.889504,-1.465696,-1.711981,-2.264742,0.0,31.271088,30.812749000000004,0.48530913441605167,29.8421307311679,31.78336726883211,30.752177546481175,0.2635335367091862,0.00028538416386418976
2014-10-22,-0.143346,1.490829,-0.229364,-0.342854,-0.342818,-0.607818,-0.903115,-0.489316,-0.987691,-1.236257,-1.752694,0.0,31.163885,30.856082049999998,0.47544713378319403,29.90518778243361,31.806976317566384,30.791387780149634,0.26559516238133085,-0.0034340722899778194
2014-10-23,0.458716,1.232798,-0.114682,0.0,0.0,-0.154831,-0.880178,-0.460645,-0.804204,-1.110109,-1.596921,0.0,31.163885,30.913263899999997,0.43683541287738065,30.039593074245236,31.786934725754758,30.826863705849668,0.2641836706728249,0.0
2014-10-24,-2.071083,0.699692,-2.267008,2.436924,2.436885,-1.774395,-2.986266,-2.670006,-2.879911,-3.314841,-3.670097,1.0,31.923313,31.003949849999998,0.4492984839917276,30.105352882016543,31.902546817983453,30.9312874481497,0.3206483119761607,0.024076665616044535
2014-10-27,1.022727,1.960222,-0.48296,-1.483345,-1.483305,-0.176154,-1.215931,-1.126915,-1.262804,-1.755702,-2.033164,-1.0,31.449793,31.0526436,0.44176978290283125,30.169104034194337,31.936183165805662,30.9806689292783,0.32345920402890016,-0.01494415667374505
2014-10-28,-1.147174,0.0,-1.734759,1.534094,1.534064,-1.270274,-2.400667,-2.437972,-2.523777,-3.058753,-3.334261,1.0,31.932253,31.126354149999997,0.4599511994053525,30.20645175118929,32.0462565488107,31.071295983632744,0.3604621627137661,0.015224163589928676
2014-10-29,1.502273,1.899099,-1.162132,-1.287082,-1.28705,0.243752,-0.745481,-1.269858,-1.152228,-1.639473,-1.922731,-1.0,31.521269,31.158072050000005,0.4644210444433066,30.22922996111339,32.08691413888662,31.1141505566201,0.35256020541314825,-0.012954040507179366
2014-10-30,-3.269757,0.245232,-3.378752,4.024949,4.02493,-2.643054,-3.874661,-4.744781,-4.708451,-5.107361,-5.45232,1.0,32.789978,31.246077949999993,0.5889253886751974,30.0682271726496,32.423928727350386,31.273753170275327,0.44355898866294297,0.03946039558852627
2014-10-31,0.819893,0.819893,-1.065862,-0.29973,-0.29972,-1.880298,-2.981696,-4.137753,-4.188315,-4.50616,-4.969493,0.0,32.6917,31.3224687,0.6710630079368444,29.980342684126313,32.66459471587369,31.4087957254872,0.5019596879194701,-0.0030016968652482336
2014-11-03,0.41208,1.208786,-0.604401,-0.519262,-0.519269,-0.708794,-2.087918,-3.217958,-3.467042,-3.756053,-4.280229,-1.0,32.521942,31.3943925,0.7194419949728758,29.955508510054248,32.83327648994575,31.514809656393183,0.528452934483191,-0.005206223061036497
2014-11-04,-0.35646,0.356449,-1.233894,0.192305,0.192307,-0.499039,-1.872774,-3.069197,-3.417885,-3.679745,-4.249163,0.0,32.584484,31.4707838,0.7615731457439611,29.947637508512077,32.99393009148792,31.616683403403357,0.5481766013410052,0.0019212241580395869
2014-11-05,-1.998934,0.479747,-2.611938,2.879076,2.87907,-2.089546,-3.91524,-5.143921,-5.895521,-6.060767,-6.608032,1.0,33.522614,31.546281250000003,0.8832432491328778,29.779794751734247,33.312767748265756,31.798200603079227,0.6322191710861169,0.028384031715073647
2014-11-06,0.026715,0.614314,-1.095085,-0.213222,-0.213229,-1.485029,-3.026163,-4.344718,-5.341871,-5.570504,-6.066587,0.0,33.451134,31.664217700000002,0.9724232977392027,29.719371104521596,33.609064295478404,31.955622831357395,0.6851576041219012,-0.0021345685220079615
2014-11-07,-0.767805,0.344194,-1.032563,0.881413,0.88142,-1.720941,-3.333329,-4.582117,-5.779719,-6.08949,-6.528109,1.0,33.745979,31.7955562,1.0676642958787421,29.660227608242515,33.930884791757485,32.12613294265669,0.7423459194163584,0.00877558213508488
2014-11-10,0.265965,0.398942,-1.329787,-0.450098,-0.450095,-0.638296,-2.257974,-3.687939,-4.889626,-5.365956,-5.796097,0.0,33.59409,31.951464800000004,1.0922059509122564,29.767052898175493,34.135876701824515,32.265938376689384,0.7665752955653851,-0.004511110838923244
2014-11-11,0.213055,0.905459,-0.319571,-0.132976,-0.132973,0.069236,-1.645805,-3.106968,-4.375502,-4.942746,-5.363518,0.0,33.549419,32.08146335,1.1210143536976758,29.839434642604648,34.32349205739535,32.38817462652849,0.7732590256472136,-0.0013306128099723532
2014-11-12,2.978013,2.978013,-0.222661,-4.314245,-3.517721,3.005103,2.202135,0.673981,-0.571755,-1.432917,-1.760446,-1.0,32.369244,32.18417115,1.0419755635213772,30.10022002295724,34.26812227704275,32.38637170971625,0.6755384833962594,-0.03581083312395357
2014-11-13,2.149316,2.884615,-0.424214,-1.586415,-1.586426,3.663901,3.556357,2.441631,1.250405,0.251831,-0.090408,-1.0,31.85573,32.25405555,0.964070962222304,30.325913625555387,34.18219747444461,32.33583440402899,0.5503142809671999,-0.015991441061586648
2014-11-14,-0.564815,0.395366,-0.649534,0.1414,0.141419,2.360671,3.162185,2.292255,1.292938,0.208257,-0.154501,0.0,31.90078,32.31323725,0.8988848869821503,30.5154674760357,34.1110070239643,32.29440065126432,0.44952649523541055,0.0014131892569859328
2014-11-17,-1.036122,0.448054,-1.288152,0.847215,0.847211,0.616073,2.186454,1.582366,0.58324,-0.422822,-0.88061,1.0,32.171047,32.358681350000005,0.8652972908298523,30.6280867683403,34.08927593165971,32.28265268447724,0.38699865746565365,0.00843642566897488
2014-11-18,0.08382,0.977921,-0.335298,0.224032,0.224024,-0.41911,1.85217,1.419581,0.509147,-0.484911,-0.979507,0.0,32.243118,32.40728285,0.8274660783534199,30.752350693293163,34.06221500670684,32.27888747643179,0.3393486232304781,0.002237738549415955
2014-11-19,-1.02635,0.055481,-1.775309,0.726454,0.72644,-1.070719,0.795766,0.884397,-0.013514,-0.936306,-1.645951,1.0,32.477345,32.472955850000005,0.7739819710461168,30.92499190790777,34.020919792092236,32.297788192962095,0.31683352947664645,0.007238144220613274
2014-11-20,0.222596,0.389546,-0.445186,-0.305132,-0.30512,-0.445182,0.772896,1.108383,0.480026,-0.395895,-1.212557,0.0,32.37825,32.5336741,0.7109475637125531,31.111778972574893,33.9555692274251,32.3054512222038,0.287677846000264,-0.003055868259789847
2014-11-21,0.110348,0.358623,-1.131034,0.862551,0.862548,-0.833102,-0.422178,0.236757,-0.266839,-1.010017,-1.900344,1.0,32.657528,32.570384849999996,0.696582932738478,31.17721898452304,33.963550715476956,32.33898234389868,0.28383528092901855,0.008588494679922598
2014-11-24,2.52482,2.836879,-0.141841,-2.758621,-2.758623,1.71915,1.82412,2.919693,2.610783,1.860493,1.017057,-1.0,31.75663,32.585726699999995,0.6736034783887834,31.23851974322243,33.932933656777564,32.283520215908325,0.20572362703070723,-0.027973873324955913
2014-11-25,0.3411,0.483223,-1.39284,-0.198582,-0.198582,1.574758,1.441166,2.937078,2.7773,2.116493,1.296319,0.0,31.693567,32.5737924,0.6877562213166157,31.198279957366772,33.94930484263323,32.22733419534563,0.13714994232940114,-0.0019877959012559103
2014-11-26,-0.980664,0.084063,-1.092743,1.449684,1.449682,-0.078448,-0.075642,1.182168,1.406888,0.780336,0.039369,1.0,32.153023,32.6053801,0.6503622271609594,31.30465564567808,33.906104554321914,32.220256938646045,0.118512919360235,0.014392747721601467
2014-11-28,-1.437645,0.08295,-1.88,1.344912,1.3449,-1.277287,-1.177751,-0.337684,0.029782,-0.382569,-1.070582,1.0,32.585449,32.59515365,0.6489132113857451,31.29732722722851,33.89298007277149,32.25503713496547,0.1370562099757322,0.01335936477868142
2014-12-01,-0.827823,0.8554,-1.545259,0.193542,0.193559,-1.473522,-1.139633,-0.754312,-0.170073,-0.486165,-1.06451,0.0,32.648521,32.5929947,0.6486468675697896,31.29570096486042,33.89028843513958,32.292511788778285,0.15505391960353165,0.0019337170389465434
2014-12-02,-1.253403,0.354226,-1.716624,1.269313,1.269319,-1.918269,-2.109003,-2.105366,-1.339538,-1.53832,-2.123028,1.0,33.062935,32.62004435,0.6567573510673188,31.306529647865364,33.93355905213464,32.36588542794226,0.2004463596868149,0.012613310357097063
2014-12-03,1.29762,1.739362,-1.131971,-1.307902,-1.307891,-0.044194,-0.693009,-0.995785,-0.025015,-0.147888,-0.687069,-1.0,32.630508,32.62234555,0.6567068233353398,31.30893190332932,33.93575919667068,32.39108757766205,0.19923034710605947,-0.013165187452486774
2014-12-04,1.653124,2.493704,-0.364242,-1.463285,-1.463309,1.440189,0.68087,0.429635,1.246673,1.413548,0.890311,-1.0,32.153023,32.553866000000006,0.6286997686536406,31.296466462692724,33.811265537307285,32.36841476074186,0.1579172278806098,-0.014741204722238466
2014-12-05,-0.899129,0.280975,-1.404889,-0.280188,-0.280198,1.399288,0.865425,0.754909,1.31468,1.607803,1.267265,0.0,32.062931,32.48445585,0.6004198756720248,31.283616098655955,33.68529560134405,32.33932106924263,0.11656294668824785,-0.002805908921287278
2014-12-08,-0.307008,0.306997,-1.088482,0.674352,0.674364,0.491208,0.07256,0.158151,0.408817,0.876063,0.625675,1.0,32.279152,32.411114500000004,0.5227813498556282,31.36555180028875,33.45667719971126,32.33359068169571,0.10008291502256839,0.0067210075846093655
2014-12-09,-1.540159,0.605063,-1.67767,1.479204,1.479202,-1.160614,-1.080858,-1.182618,-1.182615,-0.56569,-0.708102,1.0,32.756626,32.3692413,0.45175600778620967,31.465729284427578,33.272753315572416,32.37387975962945,0.12411975727854951,0.014683689307518405
2014-12-10,1.307738,2.365058,-0.027821,-1.155121,-1.155113,-0.161385,0.286587,-2e-06,-0.208681,0.570833,0.49815,-1.0,32.37825,32.31068285,0.35661170336922166,31.597459443261556,33.02390625673844,32.37429597299808,0.11135373047307695,-0.011618361146152634
2014-12-11,-0.799559,1.185556,-0.909846,0.9182,0.918206,-0.749941,-0.465959,-0.869415,-1.069763,-0.447906,-0.298483,1.0,32.675549,32.32599810000001,0.36572012552693556,31.594557848946135,33.057438351053875,32.40298673747445,0.12379902878248572,0.009140160123661874
2014-12-12,0.361918,1.503344,-0.334073,-0.96499,-0.964991,0.40089,0.434298,0.092795,-0.027842,0.387278,0.628736,-1.0,32.360233,32.351223250000004,0.3485735422474135,31.654076165505177,33.048370334494834,32.39891495295307,0.10698539037780819,-0.009696768793814434
2014-12-15,1.689673,1.858631,-0.506888,-1.141425,-1.141441,1.379905,1.388355,1.109558,1.140536,1.326918,1.717591,-1.0,31.99086,32.35572725,0.34298408762409155,31.669759074751816,33.041695425248186,32.36005257648135,0.06312745270601994,-0.011480055410450754
2014-12-16,0.0,2.113867,-0.704622,-0.084478,-0.084471,0.969561,1.130214,1.238255,1.193629,1.20857,1.745383,0.0,31.963837,32.345366750000004,0.3518707879623213,31.64162517407536,33.04910832592465,32.3223177596736,0.02589073854485946,-0.0008450669888461369
2014-12-17,-2.59705,0.874795,-2.67907,3.100344,3.100357,-1.716799,-1.812484,-1.550956,-1.741407,-1.907069,-1.276768,1.0,32.95483,32.380952349999994,0.3761377074731584,31.628676935053676,33.13322776494631,32.38255702065707,0.07547519624144172,0.03053266592954938
2014-12-18,-2.211559,0.0,-2.771109,2.597039,2.597018,-3.533164,-3.807611,-3.716128,-4.031432,-4.219547,-3.74733,1.0,33.810673,32.44761875,0.4938587770098352,31.459901195980326,33.435336304019664,32.518568066308774,0.1817356779553947,0.025638685933290717
2014-12-19,-0.186121,0.771074,-1.16991,0.213168,0.213172,-2.839671,-3.475138,-3.665689,-4.01356,-4.183992,-3.909616,0.0,33.882748,32.52284365,0.5882910830752964,31.346261483849407,33.699425816150594,32.648489964755555,0.2686667029112755,0.00212945441879194
2014-12-22,0.567422,1.188876,-1.21588,-1.595328,-1.595334,-0.453918,-1.591448,-1.96522,-2.354756,-2.4577,-2.392168,-1.0,33.342205,32.557077500000005,0.615818479240804,31.325440541518397,33.788714458481614,32.71455806335026,0.2905930876725904,-0.01608196438556982
2014-12-23,-0.268537,0.886139,-0.725029,0.621465,0.621477,-0.123531,-1.962951,-2.47405,-2.690664,-2.895819,-2.99947,1.0,33.549419,32.64671695,0.6236031303960236,31.39951068920795,33.893923210792046,32.79406862874547,0.32099016875142894,0.0061955339227271235
2014-12-24,-1.5852,1.056809,-1.5852,1.638013,1.638019,-1.062094,-3.038312,-3.758701,-3.906213,-4.243069,-4.50903,1.0,34.098965,32.76698685,0.6609390853044408,31.44510867939112,34.088865020608885,32.91834447362685,0.3849859653943781,0.016247486091603716
2014-12-26,-0.837477,1.151539,-1.12536,0.951126,0.951108,-1.638307,-3.444116,-4.225761,-4.481801,-4.919122,-5.209795,1.0,34.423283,32.88049985,0.7401504228052279,31.400199004389545,34.36080069561046,33.06167195232906,0.4566093392269508,0.009466134904948147
2014-12-29,-1.139016,0.776596,-1.190792,1.099194,1.099207,-2.179661,-3.792397,-4.742435,-5.201921,-5.674354,-5.958242,1.0,34.801666,32.9913107,0.8512181302933525,31.288874439413295,34.69374696058671,33.22738567115486,0.5377053917826515,0.010932092370111956
2014-12-30,1.128612,1.574811,-0.603672,-1.371998,-1.372018,-0.246701,-1.77426,-3.020104,-3.639088,-4.167961,-4.41468,-1.0,34.324181,33.075093700000004,0.8969398394974983,31.281214021005006,34.868973378995,33.33184236914011,0.5570245168130938,-0.013815167988600859
2014-12-31,2.831712,3.155334,-0.188792,-2.677155,-2.677153,2.411006,1.359229,-0.222935,-0.937156,-1.334406,-1.662165,-1.0,33.40527,33.092210449999996,0.8999569969364598,31.292296456127076,34.892124443872916,33.338835476841055,0.4925092840954832,-0.027136419242005258
2015-01-02,-1.304227,0.212941,-1.304227,1.321462,1.32148,0.926261,0.300763,-1.235034,-2.049514,-2.366788,-2.786804,1.0,33.846714,33.15302075,0.9081698755208559,31.33668099895829,34.96936050104171,33.38720485999905,0.4715654261646449,0.013128247346681934
2015-01-05,2.191778,2.904112,-0.794523,-2.848017,-2.848025,2.947945,2.958905,1.702285,0.932879,0.584112,0.104112,-1.0,32.882751,33.18950715,0.8801047492479934,31.42929765150401,34.949716648495986,33.33916163523723,0.3728851223594134,-0.02889368474259165
2015-01-06,1.104357,2.512424,-0.138054,-0.767121,-0.767098,2.413008,3.371042,2.543691,1.800088,1.367179,0.903714,-1.0,32.630508,33.21788600000001,0.8505200288100546,31.5168459423799,34.91892605762012,33.27167081283369,0.2712001422002217,-0.007700555591937462
2015-01-07,0.192997,0.771985,-0.523843,0.138043,0.138033,1.262747,3.024529,2.542036,1.720421,1.23076,0.766464,0.0,32.675549,33.23770585,0.8319081882055899,31.573889473588817,34.901522226411174,33.21489730684953,0.19203483703617508,0.0013793822261112003
2015-01-08,-0.328315,1.614227,-0.766071,0.771985,0.771972,0.197002,2.046518,1.951671,0.967175,0.438857,0.113093,1.0,32.927795,33.2462643,0.8275676283387512,31.591129043322496,34.901399556677504,33.18755423000672,0.14794449439156665,0.007690072722289402
2015-01-09,1.178394,1.397638,-0.60291,-0.16415,-0.164159,-0.23019,1.841606,2.102864,1.208557,0.633604,0.397375,0.0,32.873741,33.271038850000004,0.8073851434527017,31.6562685630946,34.88580913690541,33.15766725572036,0.10740280150030657,-0.0016429407410425826
2015-01-12,0.382198,0.764398,-1.173901,0.383664,0.383665,-0.54053,1.021029,1.548829,0.870878,0.351632,0.099198,0.0,32.999866,33.2872547,0.7979978929135324,31.691258914172934,34.88325048582706,33.142638564699375,0.08447665691028305,0.003829307665525896
2015-01-13,1.068212,1.972068,-0.493005,-0.327609,-0.327601,-0.054774,0.772398,1.681739,1.283218,0.78226,0.459244,0.0,32.891758,33.313830949999996,0.7739894794250686,31.76585199114986,34.861809908850134,33.11874517758515,0.05692788087068834,-0.0032813911827287053
2015-01-14,-1.706384,0.162519,-1.841809,1.12298,1.122974,-0.812562,-0.666293,0.536308,0.349417,-0.218838,-0.594966,1.0,33.261124,33.37734415,0.7091129346437648,31.95911828071247,34.79557001928753,33.13230506543418,0.0641604252172101,0.011167157871883618
2015-01-15,-0.214653,0.321972,-1.046415,0.948001,0.948032,-1.357684,-1.548182,-0.40249,-0.352852,-1.058245,-1.477527,1.0,33.57645,33.4579748,0.6268382049921353,32.20429839001573,34.711651209984275,33.17460458301188,0.09424998645488358,0.009435660830455179
2015-01-16,-0.481541,0.401279,-0.535048,0.295146,0.295121,-1.17175,-1.888708,-0.779382,-0.539058,-1.19529,-1.66399,0.0,33.675541,33.49401035,0.6170304826495876,32.25994938470083,34.728071315299175,33.22231281320122,0.12465505025699741,0.0029468591259601065
2015-01-20,0.671141,0.885911,-1.234897,-0.347782,-0.347775,-0.493963,-1.344968,-0.604925,-0.229534,-0.745238,-1.181211,0.0,33.558426,33.481398,0.6127804805048056,32.255837038990386,34.70695896100961,33.25432359289634,0.13771360394517984,-0.003483808071335454
2015-01-21,-2.158473,0.078963,-2.895507,1.986583,1.986601,-1.653086,-2.800761,-2.653355,-2.122952,-2.460673,-2.895523,1.0,34.225098,33.4985155,0.6291450389152327,32.24022542216954,34.75680557783047,33.34677829833478,0.1995570906929558,0.019671255147947594
2015-01-22,2.60403,2.684564,-0.671141,-1.947886,-1.947904,0.47786,-0.606713,-0.871589,-0.14631,-0.336109,-0.839376,-1.0,33.558426,33.50932655,0.6281746672701499,32.252977215459694,34.7656758845403,33.3669352223029,0.1925539980800366,-0.019671255147947594
2015-01-23,0.0,0.749272,-0.133794,0.322145,0.322161,0.208717,-0.706462,-1.13818,-0.449573,-0.453854,-1.067716,0.0,33.666538,33.5151825,0.6291132870893666,32.256955925821266,34.77340907417874,33.39546882017881,0.19349721614022997,0.0032164269572584666
2015-01-26,-0.214253,0.214242,-1.044454,-0.080276,-0.08029,0.267816,-0.399036,-1.099803,-0.43787,-0.292451,-0.863241,0.0,33.639507,33.4922096,0.6149020685040714,32.26240546299186,34.72201373700815,33.41871055159036,0.18987478908037758,-0.0008032265587231461
2015-01-27,-0.427693,0.775196,-0.454419,0.187467,0.187461,0.165742,-0.376898,-1.122689,-0.731084,-0.491844,-0.947159,0.0,33.702568,33.456173850000006,0.5774430023302277,32.30128784533955,34.61105985466046,33.44574459429604,0.18990339706391524,0.00187285641057787
2015-01-28,1.02703,2.081081,-0.081078,-1.095964,-1.095958,0.740542,0.859461,0.113512,0.148647,0.544862,0.247745,-1.0,33.333202,33.38275065,0.4829907715190425,32.416769106961915,34.34873219303808,33.43502625198213,0.1582965754320469,-0.01102007892330342
2015-01-29,-0.081013,0.567116,-1.350257,0.081078,0.081072,0.540111,0.807465,0.169239,-0.076957,0.465575,0.303364,0.0,33.360226,33.3345529,0.42920228428867846,32.47614833142264,34.192957468577355,33.42790241846002,0.13388520719703223,0.000810394735714485
2015-01-30,1.886792,2.663704,-0.083249,-2.673503,-2.673519,2.563832,3.235314,2.826507,2.523604,3.092137,3.11045,-1.0,32.468334,33.2877061,0.47024737258359245,32.347211354832815,34.22820084516719,33.33651495003526,0.04208565422432997,-0.02709907615005001
2015-02-02,-0.138693,1.02635,-0.943135,0.027741,0.027753,1.819699,2.837738,2.716608,2.284339,2.863811,3.032835,0.0,32.477345,33.219237650000004,0.4840593669678104,32.251118916064385,34.18735638393562,33.25468924050809,-0.029597854847999372,0.00027749344364615396
2015-02-03,-2.247501,0.162475,-2.653666,2.441057,2.441077,-0.866519,0.30056,0.323124,-0.094784,0.274021,0.523501,1.0,33.270142,33.238607200000004,0.47759376825878863,32.28341966348243,34.19379473651758,33.256160931888274,-0.02217978526253006,0.024117588789154328
2015-02-04,1.630285,1.685549,-0.414474,-2.003794,-2.003803,0.7129,1.854104,2.315559,1.943908,2.054712,2.44819,-1.0,32.603474,33.237255499999996,0.47944009806158583,32.27837530387683,34.196135696123164,33.19400027170844,-0.06929663917405549,-0.020241511018429158
2015-02-05,-0.737694,0.874317,-1.50273,1.132907,1.132913,-0.650279,0.535516,1.111111,0.846992,0.747539,1.263203,1.0,32.972843,33.2521202,0.4655146522002337,32.32109089559953,34.18314950440047,33.172937674402874,-0.07595651458423447,0.011265436159774421
2015-02-06,3.885717,4.114283,-0.828574,-4.371579,-4.371588,3.297144,4.454285,5.300955,5.235716,5.115431,5.679049,-1.0,31.531406,33.182300749999996,0.6015571612866312,31.979186427426733,34.38541507257326,33.01660132445974,-0.19529519173369891,-0.04470021825764106
2015-02-09,1.450116,1.711137,-0.435029,-1.485714,-1.485709,3.944315,5.20011,6.328304,6.531319,6.342224,6.947018,-1.0,31.062941,33.09176075,0.7646146654639757,31.562531419072048,34.62099008092795,32.83053843641596,-0.32393899643218305,-0.01496856407522208
2015-02-10,-1.571426,0.285709,-2.057146,1.508121,1.508115,1.297145,2.948571,4.320003,4.715717,4.59086,5.052382,1.0,31.531406,33.01833775,0.8406300803688854,31.33707758926223,34.69959791073777,32.706811537709676,-0.38366626226225264,0.014968564075221926
2015-02-11,0.700531,0.817288,-0.43782,-2.114291,-1.239558,1.628983,3.536582,4.968992,5.748843,5.712212,5.97902,-1.0,31.140556,32.930777649999996,0.939855144316947,31.0510673613661,34.81048793863389,32.55764434364209,-0.457267780935247,-0.012473043918863986
2015-02-12,-0.348429,0.522648,-1.567936,0.525397,0.525408,0.031705,2.338637,3.940283,4.883563,4.984462,5.103531,0.0,31.304171,32.83293,1.0033749203336537,30.82618015933269,34.8396798406673,32.43826592996189,-0.4966698507681073,0.005240326358361758
2015-02-13,-2.327658,1.492092,-2.685757,-2.700351,-2.700362,2.103621,4.519107,6.122861,7.282629,7.573867,7.698027,-1.0,30.458845,32.677049749999995,1.1174677184636812,30.442114313072633,34.91198518692736,32.2497496509179,-0.5893137761269784,-0.027374919287545117
2015-02-17,1.027501,1.480816,-0.543971,-1.253351,-1.253357,2.744036,5.047697,6.680222,8.046125,8.567333,8.647226,-1.0,30.077087,32.49712705,1.232057028326265,30.033012993347473,34.96124110665254,32.04282939844953,-0.6856358512528473,-0.012612775529487252
2015-02-18,-2.359894,0.353976,-2.62538,2.447875,2.44787,-0.176989,1.740387,3.50612,5.019053,5.689404,5.827364,1.0,30.813335,32.3598725,1.2601869092023086,29.839498681595384,34.880246318404616,31.925734693835285,-0.6945563163656772,0.024183898190353232
2015-02-19,1.705578,1.76541,-0.568516,-1.415941,-1.415913,0.754029,2.468701,4.343956,5.894006,6.876233,7.100032,-1.0,30.377045,32.167469849999996,1.254161766841597,29.659146316316804,34.67579338368319,31.778240437279543,-0.728433873746205,-0.014260326329847552
2015-02-20,0.149745,0.479185,-0.868527,-0.089764,-0.089778,0.215633,1.696499,3.776439,5.460549,6.588565,6.940829,0.0,30.349773,32.0070372,1.271964976642412,29.463107246715175,34.55096715328482,31.642195919443395,-0.7488504229902482,-0.0008981864267430581
2015-02-23,-0.947306,0.0,-1.33214,1.168014,1.168005,-0.78152,0.253,2.195293,3.760596,4.983803,5.464783,1.0,30.70426,31.858923299999997,1.2406393537304246,29.37764459253915,34.340202007460846,31.552868689020215,-0.7280342217086293,0.011612369110932615
2015-02-24,-2.903139,0.48864,-3.219324,2.989941,2.989947,-2.684682,-2.480601,-0.951845,0.429324,1.676251,2.271073,1.0,31.622301,31.758063,1.168142698391402,29.421777603217194,34.094348396782806,31.55948129006591,-0.6301945059272036,0.02946119235062125
2015-02-25,0.695848,1.246727,-0.144978,-0.862314,-0.862309,-1.496093,-1.690355,-0.498724,0.927592,2.278812,2.985169,-1.0,31.349619,31.640415549999993,1.0769229623177712,29.48656962536445,33.79426147463553,31.539494405297727,-0.5681101644354634,-0.00866048563713874
2015-02-26,1.943463,1.943463,-1.383972,-1.536686,-1.536698,0.359256,-0.244395,0.679327,2.103414,3.440013,4.373886,-1.0,30.86787,31.51714895,1.0121084255570552,29.492932098885888,33.54136580111411,31.475530176221753,-0.5514245160936682,-0.015486276789689422
2015-02-27,-0.05895,0.383258,-0.678063,-0.117789,-0.117766,0.790086,-0.280079,0.335017,1.813714,3.208193,4.234272,0.0,30.831518,31.390713549999997,0.9238462054876794,29.54302113902464,33.238405960975356,31.414195683248252,-0.5349675492607133,-0.0011783586639893177
2015-03-02,3.320122,3.320122,-0.152309,-3.213432,-3.213423,3.557699,2.82361,3.288551,4.753779,6.121996,7.277677,-1.0,29.840771,31.259335399999998,0.9490215494358595,29.36129230112828,33.157378498871715,31.264345713415086,-0.5950113667077055,-0.03266186563797507
2015-03-03,-0.15142,0.363413,-1.271962,0.578733,0.578728,1.889756,2.210768,2.461118,3.740566,5.028117,6.253688,1.0,30.013468,31.136141549999998,0.9424855108117867,29.251170528376424,33.02111257162357,31.145214502613648,-0.6214970884487059,0.005770601451690693
2015-03-04,1.624779,1.624779,-0.214592,-1.21139,-1.211406,1.992652,3.071742,3.294506,4.402195,5.769297,7.117225,-1.0,29.649883,30.955128600000002,0.8546157221756472,29.245897155648706,32.6643600443513,31.002801978555205,-0.6641693537620412,-0.012188034856219873
2015-03-05,1.000904,1.000904,-0.515626,1.072968,1.072959,0.309386,1.841075,1.937121,2.854182,4.197313,5.506588,1.0,29.968014,30.823355600000003,0.7876367992946027,29.248082001410797,32.398629198589205,30.904250742502327,-0.6646551872267672,0.010672433467750344
2015-03-06,0.712736,1.084596,-0.464831,-2.123145,-2.12314,1.462669,3.703136,3.700035,4.464616,5.908189,7.314902,-1.0,29.331751,30.641301,0.6777972634636165,29.285706473072764,31.996895526927233,30.75448886226401,-0.7082174306851527,-0.02146003169330668
2015-03-09,0.716523,1.090352,-1.028031,-0.526811,-0.526801,1.545172,3.728975,3.956387,4.614424,6.017882,7.370355,-1.0,29.177231,30.52359225,0.7182903874793697,29.087011475041262,31.96017302495874,30.60427382776268,-0.7466029213641114,-0.005281936344202587
2015-03-10,0.0,1.493931,-0.622474,0.093467,0.09346,0.896354,2.804234,3.66013,4.198566,5.470624,6.763899,0.0,29.2045,30.4306702,0.7636235527687155,28.90342309446257,31.957917305537432,30.470962034642426,-0.7659934235044439,0.0009341621605240927
2015-03-11,1.382344,1.759343,-0.377006,-0.93371,-0.933712,1.350928,2.937486,4.203587,4.731389,5.864898,7.220507,-1.0,28.931814,30.300690599999996,0.7872789365600865,28.726132726879822,31.87524847312017,30.32437650753362,-0.7942088719220379,-0.009380986890935018
2015-03-12,-1.98837,0.917721,-1.98837,2.70185,2.70186,-1.486696,-0.159069,1.313346,1.736003,2.690782,3.993706,1.0,29.713511,30.22933835,0.7716672815885158,28.68600378682297,31.77267291317703,30.266198840149467,-0.7449065836802973,0.026660038092057213
2015-03-13,0.648345,0.648345,-1.667178,-0.917712,-0.917714,-0.500154,0.293303,2.0459,2.36184,3.162038,4.51315,-1.0,29.440826,30.136171100000002,0.7471638038946091,28.641843492210782,31.630498707789222,30.187591902992374,-0.7195431204290159,-0.00921950765843571
2015-03-16,-0.397669,1.193035,-0.397669,0.926212,0.926214,-1.052311,-0.669931,0.887121,1.297031,1.970583,3.244976,1.0,29.713511,30.0989044,0.7488084648281624,28.601287470343674,31.596521329656323,30.142441340802623,-0.6697188900135806,0.009219507658435825
2015-03-17,-0.880659,1.062858,-1.548746,0.734173,0.734174,-1.287585,-1.421204,-0.224724,0.534461,1.076215,2.209002,1.0,29.93166,30.091633050000002,0.7497369876633583,28.592159074673287,31.591107025326718,30.12236692739285,-0.6056484885198508,0.007314924882278087
2015-03-18,-2.520765,0.800715,-2.906284,2.399031,2.399015,-2.479234,-3.404503,-2.714504,-1.847561,-1.406875,-0.470546,1.0,30.649725,30.083452549999997,0.7423036678637654,28.598845214272465,31.56805988572753,30.17259150573639,-0.49126736497325396,0.023706907001418132
2015-03-19,0.992487,2.315789,-0.541353,-1.393834,-1.393827,-0.763908,-1.954887,-1.481701,-0.485713,-0.134736,0.673728,-1.0,30.222521,30.075726350000004,0.7398872458520308,28.59595185829594,31.555500841704067,30.177346695666255,-0.43013298766497243,-0.014036315134109427
2015-03-20,0.692768,1.867467,-0.09037,-0.150373,-0.150361,-0.126517,-1.52712,-1.477922,-0.36447,-0.133748,0.516513,0.0,30.177078,30.067091599999998,0.7375246296456743,28.592042340708648,31.542140859291347,30.1773211056028,-0.38095896569791776,-0.0015047453733776203
2015-03-23,-0.329739,0.929248,-0.449646,0.481928,0.481929,-0.203846,-1.621714,-1.844537,-0.905288,-0.630709,-0.098475,0.0,30.32251,30.048004100000004,0.7250000850570091,28.598003929885984,31.498004270114023,30.191148619354912,-0.3264894844907005,0.004807711422009803
2015-03-24,0.240897,0.933457,-0.933445,-0.449646,-0.449663,0.415548,-0.852143,-1.363035,-0.695563,-0.16741,0.255955,0.0,30.186161,29.9761971,0.6251075291924432,28.725982041615115,31.226412158384885,30.190673607987776,-0.29097013044526676,-0.004506766667585706
2015-03-25,1.187576,1.735688,-0.274056,-1.114119,-1.114116,1.010968,0.572477,-0.207062,0.17205,0.828262,1.197729,-1.0,29.849852,29.901208750000002,0.5351654615846092,28.830877826830783,30.97153967316922,30.158214407227035,-0.2866537461595833,-0.011203692619003315
2015-03-26,0.707257,1.35301,-0.368998,-0.974421,-0.974417,1.555967,1.50984,0.682655,0.936347,1.709716,2.015168,-1.0,29.55899,29.83576475,0.48875032438099936,28.858264101238,30.813265398762,30.101145416062558,-0.30320792090829585,-0.00979195400041439
2015-03-27,0.70922,1.387607,-0.215846,-0.276753,-0.276748,1.362931,1.803881,0.994958,0.986736,1.873568,2.091678,0.0,29.477186,29.768048150000006,0.4343176220004703,28.899412905999064,30.636683394000947,30.041720709770885,-0.31924803023098036,-0.0027713194823458616
2015-03-30,-3.18737,0.476616,-3.366104,3.515264,3.515254,-1.954124,-1.391118,-2.142782,-2.332436,-1.610958,-1.369275,1.0,30.513384,29.8016788,0.46518930175153095,28.87130019649694,30.732057403503063,30.08664102312604,-0.24551724374327577,0.03454879881269606
2015-03-31,-0.862841,0.327284,-1.547162,0.119157,0.119154,-1.832785,-1.306155,-1.965681,-2.360902,-1.868488,-1.435086,0.0,30.549742,29.828492500000003,0.49268250898959304,28.843127482020815,30.81385751797919,30.130745878066417,-0.1820526874495627,0.0011908333777919165
2015-04-01,-0.700149,0.608831,-1.674274,-2.261241,-2.26125,0.444462,0.71235,0.509407,-0.066951,0.202152,0.738733,-1.0,29.858936,29.83894515,0.4909081452285466,28.857128859542907,30.820761440457094,30.104859223012472,-0.18536210132258546,-0.02287208188770291
2015-04-02,-1.497903,0.599164,-1.497903,1.613403,1.613423,-0.635121,-0.84782,-0.948679,-1.592278,-1.458364,-0.864797,1.0,30.340687,29.8575788,0.5029893371129722,28.851600125774056,30.863557474225942,30.127319011296997,-0.14741227912825394,0.016005458516719966
2015-04-06,-1.064147,0.738989,-1.359749,1.348116,1.348107,-1.129181,-1.980493,-1.982463,-2.670708,-2.779782,-2.140114,1.0,30.749712,29.92847685,0.5244467407183108,28.879583368563377,30.97737033143662,30.186594534030615,-0.08337082551015484,0.013391011315897209
2015-04-07,0.029592,0.591719,-0.207098,-0.088688,-0.088681,-0.905328,-1.763316,-1.676529,-2.33284,-2.578698,-2.051282,0.0,30.722443,30.005737449999998,0.5217617528047446,28.96221394439051,31.049260955609487,30.237627721265792,-0.03442110742748028,-0.0008871984978782469
2015-04-08,1.107778,1.137716,-0.179647,-1.183423,-1.183431,0.155686,-0.529942,-0.405191,-0.973055,-1.366469,-1.016966,-1.0,30.358864,30.063455649999998,0.49142972426409764,29.080596201471803,31.046315098528193,30.24917403352619,-0.024681378360686068,-0.011904895684567932
2015-04-09,-0.328852,0.298948,-1.046347,0.149698,0.149689,0.364734,-0.496255,-0.607863,-0.878914,-1.414639,-1.26855,0.0,30.404308,30.13708035,0.41774557072833074,29.30158920854334,30.972571491456662,30.263948696999886,-0.01314410483700712,0.0014957747259414006
2015-04-10,0.389446,0.928694,-0.299587,-0.209268,-0.20925,0.575187,-0.029967,-0.373484,-0.567712,-1.158785,-1.119439,0.0,30.340687,30.16843915,0.40769525914879867,29.353048631702404,30.9838296682976,30.27125710680942,-0.009030319542535636,-0.0020946918593924622
2015-04-13,0.452756,0.87533,-0.181108,-0.748951,-0.748961,0.911562,0.935708,0.364224,0.294298,-0.309083,-0.452759,-1.0,30.113447,30.202070199999998,0.37056680286615645,29.460936594267686,30.94320380573231,30.25622757282757,-0.0238317661688896,-0.007517800858708008
2015-04-14,-0.657493,0.149429,-1.075915,0.99607,0.99608,-0.286912,-0.092651,-0.605701,-0.579798,-1.129708,-1.371789,1.0,30.413401,30.2370647,0.3547091964487871,29.527646307102426,30.946483092897576,30.271196470653518,-0.011228799666245237,0.009911517466558283
2015-04-15,-0.356397,1.039507,-0.445495,0.627612,0.627605,-0.748435,-0.697944,-1.134534,-1.089983,-1.563401,-1.922574,1.0,30.604277,30.27069555,0.3561124769031899,29.55847059619362,30.98292050380638,30.302918425829372,0.013999858416067212,0.00625643678611356
2015-04-16,0.359386,0.389341,-1.018269,-0.831598,-0.831596,0.047921,0.296499,-0.195665,-0.30997,-0.55106,-1.023257,-1.0,30.349773,30.255697950000002,0.3454666704109962,29.56476460917801,30.946631290821994,30.307380766226572,0.013304045136784737,-0.008350732362458207
2015-04-17,0.66686,1.545917,-0.545623,-1.197955,-1.19796,1.02455,1.394361,1.109425,0.859351,0.691118,0.178842,-1.0,29.986195,30.24388165,0.35066371790663,29.54255421418674,30.945209085813257,30.276791645633566,-0.016396093986717375,-0.012051928984300775
2015-04-20,-1.544863,1.099225,-1.723108,2.030912,2.030925,-0.671427,-0.674398,-0.659544,-1.079923,-1.162216,-1.677566,1.0,30.595192,30.26478735,0.35883958346607087,29.547108183067856,30.982466516932142,30.307115488906557,0.00910237358303334,0.020105763343714646
2015-04-21,1.661126,2.506789,-0.362425,-1.633984,-1.633995,0.767141,0.767141,0.898018,0.525522,0.530356,0.057387,-1.0,30.095268,30.25342525,0.3605094382261926,29.532406373547616,30.974444126452383,30.286939537582125,-0.01090390252138107,-0.016474922336204127
2015-04-22,0.573839,0.906068,-0.332229,0.0,0.0,0.428875,0.679554,0.797343,0.510421,0.552101,0.156048,0.0,30.095268,30.248880599999996,0.3619719533683132,29.52493669326337,30.97282450673662,30.268685105431448,-0.02645407436932956,0.0
2015-04-23,0.090659,0.725301,-0.423086,-0.060408,-0.060411,0.308258,0.631619,0.906627,0.608953,0.536727,0.343516,0.0,30.077087,30.26024235,0.3522228388244809,29.555796672351036,30.96468802764896,30.25043766681893,-0.039786122690433245,-0.0006042974569724452
2015-04-24,-2.818564,0.85143,-2.935995,2.931402,2.931414,-1.920147,-2.034652,-1.834025,-2.030247,-2.231362,-2.380119,1.0,30.958771,30.330231400000002,0.34453444634862856,29.641162507302745,31.01930029269726,30.317897984264746,0.020555709795207378,0.02889269891432082
2015-04-27,2.187591,2.39736,-0.659266,-2.025843,-2.025846,-0.065926,0.062933,0.103888,0.136352,-0.189389,-0.263706,-1.0,30.331594,30.3729518,0.28014943948100124,29.812652921037998,30.933250678962,30.319202366715725,0.01756660749996186,-0.020466476005813927
2015-04-28,-1.482799,0.118615,-1.779365,1.048852,1.048844,-0.741397,-0.898572,-0.950964,-0.880778,-1.182676,-1.197108,1.0,30.649725,30.379768849999998,0.28535695268025174,29.809054944639495,30.9504827553605,30.3506807127428,0.04040250048801397,0.01043381452907152
2015-04-29,-0.975748,0.443527,-1.951508,0.296557,0.29657,-0.615027,-1.147255,-1.161054,-1.14282,-1.402725,-1.401542,0.0,30.740623,30.3893129,0.294390207079285,29.80053248584143,30.97809331415857,30.387818073433962,0.06508456478933411,0.0029613145840649783
2015-04-30,-0.617281,0.058792,-1.851855,0.591366,0.591374,-0.652567,-1.543221,-1.630425,-1.55204,-1.843633,-1.951805,1.0,30.922415,30.44248685,0.28955456719247186,29.86337771561506,31.021595984384945,30.438732066440252,0.0981825859394938,0.0058963207972494045
2015-05-01,-0.175844,0.293089,-1.230944,0.293942,0.293932,-0.908556,-1.500585,-1.774131,-1.732122,-1.943728,-2.154161,0.0,31.013306,30.476117799999997,0.31504766363262227,29.846022472734752,31.106213127265242,30.493453393445943,0.13024575822592155,0.0029350127448053175
2015-05-04,-2.010916,0.488363,-2.556745,2.02228,2.022287,-2.045397,-3.122676,-3.399417,-3.539224,-3.613916,-3.939492,1.0,31.640484,30.5206564,0.4056876358971669,29.709281128205667,31.332031671794333,30.60269440359395,0.20391348855601876,0.02002110167418979
2015-05-05,1.851858,2.469139,-0.558489,-2.269466,-2.269463,0.40564,-0.605535,-1.046454,-1.266913,-1.322763,-1.644142,-1.0,30.922415,30.530655000000003,0.4133151850185877,29.704024629962827,31.35728537003718,30.633143984204054,0.2020247133040307,-0.022956114418994877
2015-05-06,1.943783,2.153113,-0.867216,-1.704882,-1.704909,1.919878,1.217124,0.624022,0.451573,0.368439,0.084747,-1.0,30.395216,30.5324726,0.4125992641532869,29.707274071693426,31.35767112830657,30.61048417618462,0.15618686701482076,-0.01719609784833285
2015-05-07,-1.005025,0.561626,-1.152832,1.166277,1.166289,0.632574,0.268991,-0.449307,-0.650312,-0.672778,-0.971527,1.0,30.749712,30.5497428,0.41417810171568026,29.72138659656864,31.378099003431362,30.62374396892894,0.14677300035501517,0.011595400747594117
2015-05-08,0.884173,1.768344,-0.559971,0.29559,0.295603,0.223985,-0.064847,-0.55802,-0.862078,-0.900687,-1.124874,0.0,30.840609,30.5747389,0.41597882140927506,29.74278125718145,31.40669654281855,30.644397781411897,0.14497587974855364,0.0029516672268613616
2015-05-11,1.40802,2.336726,-0.389458,-1.620981,-1.620986,1.018569,1.584777,1.024559,0.808861,0.678243,0.599153,-1.0,30.340687,30.5861009,0.4056922213859307,29.77471645722814,31.397485342771862,30.615472945086953,0.10203591483183061,-0.016342678542758556
2015-05-12,-1.069839,0.356606,-2.080241,0.808871,0.808864,-0.01189,0.748886,0.320948,0.028228,-0.147403,-0.200103,1.0,30.586102,30.59473595,0.4036557192602795,29.78742451147944,31.40204738852056,30.61267571222153,0.08680795468531954,0.008056105740345714
2015-05-13,0.906615,1.601689,-0.423086,-1.664196,-0.74985,0.718194,1.383606,1.136313,0.743188,0.60672,0.532709,-1.0,30.356752,30.5823597,0.4071274694788224,29.768104761042355,31.396614638957647,30.588302025343292,0.055592225742206125,-0.007526758847303583
2015-05-14,-1.043536,0.089442,-1.073348,1.35993,1.359931,-0.620211,-0.026313,-0.070579,-0.54025,-0.69562,-0.717471,1.0,30.769583,30.6033502,0.40532292005533,29.792704359889342,31.41399604011066,30.6055668800725,0.06343431587803394,0.013507673148769796
2015-05-15,-2.347829,0.637684,-2.956522,2.862251,2.862258,-2.873925,-2.606937,-2.70557,-3.044943,-3.293368,-3.342196,1.0,31.650288,30.68655485,0.4411817062981592,29.80419143740368,31.56891826259632,30.70506412958941,0.13911117492031266,0.02822061099392796
2015-05-18,-0.376924,0.260945,-0.840826,-0.02898,-0.028989,-2.023776,-2.578497,-2.401446,-2.85155,-3.072202,-3.22026,0.0,31.641113,30.7388509,0.4891626150845266,29.760525669830947,31.71717613016905,30.794211641057085,0.1960849399828355,-0.00028992880294335954
2015-05-19,-0.982091,0.375508,-1.213166,0.376912,0.376918,-1.652222,-2.68048,-2.5348,-2.954209,-3.266526,-3.474737,0.0,31.760374,30.822106199999997,0.51488388118763,29.792338437624736,31.851873962375258,30.886227103813553,0.24800161699782564,0.0037620928563326084
2015-05-20,0.786472,1.048637,-0.203915,-0.837657,-0.837663,-0.099039,-1.509396,-1.55193,-1.912312,-2.336337,-2.539173,-1.0,31.494329,30.89205925,0.5058980524928244,29.88026314501435,31.903855354985648,30.944141570117026,0.26462788398110604,-0.008411914250344784
2015-05-21,-0.319214,0.493331,-0.638413,0.378669,0.378687,0.058031,-1.607697,-1.777578,-2.039342,-2.544873,-2.779346,0.0,31.613594,30.968884600000003,0.4921015026843563,29.98468159463129,31.953087605368715,31.007898944391595,0.28415247624457507,0.003779720083253921
2015-05-22,-0.14536,0.436038,-0.726744,-0.174106,-0.174134,0.174428,-1.208571,-1.491061,-1.773437,-2.175582,-2.481122,0.0,31.558544,30.998873249999995,0.5094229671876358,29.980027315624724,32.01771918437527,31.060341330640014,0.2918198636163005,-0.0017428573949726117
2015-05-26,1.386846,1.44586,-0.855713,-1.482567,-1.482559,1.327833,0.519336,-0.126525,-0.17318,-0.639706,-0.908819,-1.0,31.09067,31.03682705,0.4847722556769436,30.06728253864611,32.00637156135389,31.063229775340965,0.25717821140194275,-0.014936586389990389
2015-05-27,-0.147272,0.441817,-0.324009,0.177049,0.177024,0.754072,0.52138,-0.255217,-0.269963,-0.68038,-1.00555,0.0,31.145708,31.0616262,0.4765437940305962,30.10853861193881,32.014713788061194,31.07108484435611,0.23149700569095444,0.0017686766523452838
2015-05-28,0.0,0.412368,-0.736377,0.0,0.0,0.530207,0.774691,-0.094576,-0.204932,-0.545474,-0.947604,0.0,31.145708,31.08188045,0.4707557063841871,30.140369037231626,32.02339186276837,31.07819181156029,0.20873826041093935,0.0
2015-05-29,0.472953,0.561626,-0.738989,-0.353458,-0.353445,0.514332,1.217859,0.321203,0.167279,-0.069169,-0.522603,0.0,31.035625,31.087540949999998,0.4694160582142252,30.148708833571547,32.02637306642845,31.07413782950693,0.1797470011697726,-0.0035407126124472133
2015-06-01,0.058829,0.676667,-0.676681,0.472953,0.47296,-0.20007,0.591348,-0.077966,-0.277127,-0.510889,-0.863003,0.0,31.182411,31.095996200000002,0.4695315107419369,30.156933178516127,32.03505922148388,31.08444956003008,0.1666940772495451,0.004718447632573169
2015-06-02,0.118589,0.504008,-1.215535,-0.764937,-0.764941,0.474353,1.141423,0.822225,0.379016,0.335159,-0.061257,-1.0,30.943884,31.061166200000002,0.45254517256654664,30.15607585486691,31.966256545133096,31.07106236383674,0.13553998497872044,-0.0076788152921424355
2015-06-03,1.077202,1.256739,-0.299216,-0.919069,-0.91906,1.089166,1.720529,1.773395,1.267239,1.267127,0.927104,-1.0,30.659491,31.04802,0.4605363092352903,30.12694738152942,31.969092618470583,31.031865091090385,0.08690027183230598,-0.00923309868574703
2015-06-04,-0.833578,1.309911,-0.952664,0.508683,0.508684,0.363199,0.985407,1.357546,0.822901,0.764317,0.494205,0.0,30.815451,31.06903175,0.43823122681386956,30.192569296372262,31.94549420362774,31.011254225272253,0.060243171540015794,0.005073948165689606
2015-06-05,-0.239312,0.29913,-1.046958,-0.476332,-0.476339,0.60425,1.160633,1.820725,1.292245,1.213499,1.039487,0.0,30.668665,31.0649794,0.44170039595182814,30.18157860809634,31.948380191903656,30.97862668000823,0.02696202263249603,-0.004774770735067833
2015-06-08,1.238294,1.268493,-0.211416,-0.957221,-0.957198,1.044981,1.748691,2.524896,2.194558,2.107633,1.951931,-1.0,30.375105,31.041704199999998,0.4657554965392745,30.110193206921448,31.97321519307855,30.92114842476935,-0.02283810283786991,-0.009618090856528703
2015-06-09,-0.18122,0.543642,-0.543645,0.0,0.0,0.670478,1.513115,2.247035,2.200223,1.941,1.956706,0.0,30.375105,31.0434251,0.46308494261073574,30.117255214778528,31.969594985221473,30.86914428907703,-0.06159503187775428,0.0
2015-06-10,-0.380342,0.321829,-0.965483,3.231649,3.231637,-2.036276,-1.59743,-1.039599,-0.876246,-1.194832,-1.159863,1.0,31.356718,31.081955900000004,0.45502002210469966,30.171915855790605,31.991995944209403,30.915579880593505,-0.01295289899586649,0.031805175948320226
2015-06-11,0.408756,0.496345,-0.583945,0.204798,0.204776,-1.851074,-1.710932,-1.257405,-0.909471,-1.266171,-1.289679,0.0,31.420929,31.13516475,0.42711884340181233,30.280927063196376,31.989402436803626,30.963708368156027,0.030426890572520904,0.002045665151872432
2015-06-12,0.560466,1.209437,-0.088504,-1.021892,-1.021876,-0.56047,-0.675519,-0.34809,0.166663,-0.201784,-0.251551,-1.0,31.099846,31.1516779,0.4185390214530857,30.314599857093828,31.98875594290617,30.97667385690307,0.03845370131045556,-0.010271332140614285
2015-06-15,-0.207036,0.53239,-0.621127,-0.26549,-0.265484,0.118304,-0.464365,-0.199162,0.331256,0.086653,0.014397,0.0,31.017281,31.120027550000003,0.40247516686415774,30.31507721627169,31.924977883728317,30.980541203864682,0.037717912557436506,-0.00265836662482148
2015-06-16,-0.705888,0.264706,-1.205882,0.561961,0.561961,0.082349,-0.941178,-0.7353,-0.301475,-0.363532,-0.592476,1.0,31.191586,31.097551199999998,0.3839699671837354,30.329611265632526,31.86549113436747,31.000640708258523,0.0506162784910309,0.005603878178587109
2015-06-17,-0.526624,0.380342,-1.111764,0.529412,0.529412,-0.444709,-1.240492,-1.21319,-0.890876,-0.789939,-1.069812,0.0,31.356718,31.0773684,0.3569543857036294,30.363459628592743,31.79127717140726,31.03455283128152,0.0733179352368225,0.005280155434976184
2015-06-18,-0.14594,0.788094,-0.204317,0.234049,0.234026,-0.671314,-1.275515,-1.383514,-1.132494,-0.884973,-1.191039,0.0,31.430101,31.074156999999996,0.3532756579380177,30.367605684123962,31.78070831587603,31.072224085445185,0.09612251604635347,0.0023375299014274527
2015-06-19,1.789448,2.117516,-0.089469,-2.130762,-2.130747,1.270507,0.903676,0.703853,0.881304,1.271703,0.961326,-1.0,30.760405,31.03149755,0.33578827809296213,30.359920993814075,31.703074106185927,31.0425270296885,0.05947089683961693,-0.02153775329390771
2015-06-22,0.838317,1.017964,-0.658689,-0.387704,-0.38769,1.419144,1.383218,0.978028,1.124233,1.534115,1.332568,0.0,30.64115,30.985627850000004,0.3223951684501144,30.340837513099775,31.630418186900233,31.004300645908643,0.020564290374625926,-0.003884434195566727
2015-06-23,1.402436,1.646345,-0.09146,-1.796416,-1.796414,2.542673,3.143283,2.636171,2.807916,3.185356,3.158528,-1.0,30.090708,30.935629749999997,0.3779923232814635,30.17964510343707,31.691614396562922,30.91729182248877,-0.05406234762927653,-0.018127457028228135
2015-06-24,0.061013,0.488103,-0.305061,-0.060976,-0.060986,1.751067,2.779134,2.568642,2.692191,3.023795,3.164533,0.0,30.072357,30.881962199999997,0.4204126158683412,30.041136968263313,31.72278743173668,30.836821839394602,-0.11337831361376871,-0.0006100420771153548
2015-06-25,2.27911,2.27911,0.0,-2.287981,-2.287978,2.741183,4.492663,4.645646,4.797064,5.148921,5.469871,-1.0,29.384308,30.7938922,0.5319511424836603,29.72998991503268,31.857794484967318,30.698487188023687,-0.21344597569718715,-0.02314558734245061
2015-06-26,-0.093426,0.342572,-1.183435,0.249772,0.249763,1.600754,3.674871,4.110873,4.268144,4.594208,5.058655,0.0,29.457699,30.714995899999998,0.6060638033052718,29.502868293389454,31.927123506610542,30.580316884402386,-0.28355958017055016,0.002494511720405161
2015-06-29,0.880513,1.949682,-0.03144,-0.965438,-0.965428,1.584906,4.053458,4.851153,4.940251,5.28679,5.799789,-1.0,29.173306,30.61454065,0.6857749771671189,29.24299069566576,31.986090604334237,30.446315847792633,-0.3579470642431808,-0.009701189001325002
2015-06-30,1.686827,2.227877,-0.445573,-1.194965,-1.194969,1.935073,4.49077,5.760662,5.841821,6.245702,6.753659,-1.0,28.824694,30.508581149999998,0.7882690811747112,28.932042987650576,32.08511931234942,30.29187567181238,-0.43995819205800046,-0.012021662762554446
2015-07-01,-0.69335,0.031516,-0.913958,0.986633,0.986623,0.277348,2.69777,4.212636,4.541454,4.927838,5.40709,1.0,29.109085,30.43106085,0.8467157136526581,28.737629422694685,32.124492277305315,30.179228941163583,-0.4765116945675203,0.00981787445223108
2015-07-02,-0.343207,0.873644,-0.561616,1.008506,1.008527,-0.711397,0.982833,2.714501,3.257403,3.64305,4.117515,1.0,29.402658,30.3604212,0.8715286004489249,28.617363999102153,32.10347840089785,30.105269803909906,-0.4763012171084,0.01003475365523256
2015-07-06,0.031309,0.845329,-0.970576,-0.343207,-0.343224,-0.47589,0.832816,2.659155,3.379779,3.763309,4.213109,0.0,29.301741,30.292075,0.8992407730721755,28.49359345385565,32.09055654614435,30.02874325115658,-0.4787587379924645,-0.003438144368372198
2015-07-07,-2.075069,0.39671,-2.105578,2.598619,2.598631,-2.404643,-1.91334,-0.152584,0.709486,0.986263,1.407785,1.0,30.063185,30.276479000000002,0.9004290596573626,28.475620880685277,32.07733711931473,30.032023417713095,-0.41448623454844835,0.025654399416214703
2015-07-08,-0.092018,0.889574,-0.613485,-0.518773,-0.518781,-1.171772,-1.463183,0.081807,1.156449,1.374242,1.80471,-1.0,29.907223,30.253084899999998,0.9038034999931405,28.445477900013717,32.06069189998628,30.02013766364518,-0.37184820780970185,-0.005201310339971457
2015-07-09,0.523071,1.076917,-0.461545,-0.306742,-0.306742,-0.393844,-1.246153,0.045129,1.209232,1.572925,1.969232,0.0,29.815485,30.176023249999997,0.8698176536204818,28.436387942759033,31.91565855724096,30.00064693377421,-0.34152289104504874,-0.003072133706729015
2015-07-10,-0.763359,0.458021,-1.068696,0.769231,0.769221,-0.72671,-1.780144,-1.025943,0.207644,0.694973,1.068713,1.0,30.044832,30.1072184,0.819107695845395,28.469003008309212,31.74543379169079,30.004855035319522,-0.2955762537958755,0.007662776735205486
2015-07-13,0.489297,0.733939,-0.764526,-0.152669,-0.152645,-0.110107,-1.449557,-1.043847,0.177355,0.759619,1.108038,0.0,29.99897,30.0521746,0.7851792519419332,28.481816096116134,31.622533103883868,30.004294555765284,-0.25986829294486213,-0.001527618418257367
2015-07-14,0.030513,0.549286,-0.671349,0.214064,0.214057,-0.323472,-1.364058,-1.383384,-0.195306,0.502894,0.767974,0.0,30.063185,30.0044698,0.7517277853699886,28.501014229260022,31.507925370739976,30.009903169501925,-0.22380794421036754,0.0021382857297523776
2015-07-15,-0.304408,0.091333,-1.035008,0.24412,0.244123,-0.414003,-1.168952,-1.613396,-0.613396,0.226482,0.433281,0.0,30.136576,29.9517193,0.6992233839813011,28.553272532037397,31.350166067962604,30.02196724859698,-0.1871504636439063,0.0024382500907109204
2015-07-16,-2.203043,0.327481,-2.203043,2.25267,2.252661,-1.958914,-2.792497,-3.620125,-2.890742,-2.051801,-1.762428,1.0,30.815451,29.924655950000005,0.6507775138344203,28.623100922331165,31.226210977668845,30.097537129682983,-0.10214217586512575,0.022276636476574962
2015-07-17,0.298591,0.865921,-0.686784,-0.297702,-0.297708,-1.224241,-2.07226,-3.041704,-2.715735,-1.850104,-1.479047,0.0,30.723711,29.889336450000002,0.5801039339950259,28.72912858200995,31.049544317990055,30.15717273637984,-0.0416945181938253,-0.002981518271563166
2015-07-20,0.149745,0.149745,-0.89847,-0.298606,-0.298597,-0.515123,-1.344713,-2.495757,-2.445341,-1.61725,-1.187979,0.0,30.631971,29.882914750000005,0.5705865773104575,28.74174159537909,31.02408790462092,30.20239161862938,-0.0011783816343324816,-0.0029904343127312477
2015-07-21,1.616846,1.769378,-0.030503,-1.826894,-1.826895,1.342283,0.494205,-0.482,-0.724526,0.08786,0.617248,-1.0,30.072357,29.854475100000002,0.5443781193556351,28.765718861288732,30.94323133871127,30.190007369236106,-0.014063113599014798,-0.018437889752372427
2015-07-22,0.030513,0.671144,-0.244045,0.0,0.0,1.299574,0.549117,-0.205409,-0.727577,-0.061012,0.58369,0.0,30.072357,29.853557549999998,0.5439743076931953,28.765608934613606,30.94150616538639,30.178802572166003,-0.023997725667079806,0.0
2015-07-23,4.513451,4.545455,-0.512164,-4.697984,-4.697989,4.788735,5.102437,4.609479,3.919658,4.48912,5.228343,-1.0,28.659561,29.782917750000003,0.6026349089573304,28.57764793208534,30.988187567914665,30.034112898626386,-0.1442094504991296,-0.04811927293278081
2015-07-24,1.067616,1.811708,-0.032352,-1.056338,-1.056332,4.238107,5.629245,5.480424,4.847943,5.17114,5.991586,-1.0,28.356821,29.7315434,0.6775452428938304,28.37645291421234,31.08663388578766,29.874370813042923,-0.26089921268379257,-0.0106195038854361
2015-07-27,0.881492,2.285345,0.0,-0.905859,-0.905856,3.388832,5.919032,6.159536,5.564803,5.753835,6.604634,-1.0,28.099949,29.6636559,0.7683618543357786,28.126932191328443,31.200379608671554,29.70537825941979,-0.369840818809287,-0.009099839490140255
2015-07-28,-0.483871,1.193552,-0.709674,1.207969,1.207963,1.006452,4.083872,4.511829,4.175807,4.181936,5.030108,1.0,28.439386,29.626959900000003,0.8094403745819487,28.008079150836107,31.2458406491639,29.584807568046475,-0.4239016233941122,0.012007253999723843
2015-07-29,0.931281,1.926786,-1.573536,0.45161,0.451613,-0.500963,3.066795,3.729395,3.662492,3.500321,4.251766,0.0,28.567822,29.6141163,0.8247335785368676,27.964649142926262,31.263583457073736,29.487951799661094,-0.4511805600529435,0.004505964133888536
2015-07-30,-1.674562,0.410746,-1.674562,1.637768,1.637766,-1.845181,0.793048,1.878884,1.979463,1.689731,2.305423,1.0,29.035696,29.61044685,0.827258254335707,27.955930341328585,31.264963358671412,29.444879818740986,-0.4300880054688001,0.016244990081064403
2015-07-31,-0.43627,1.215332,-0.654413,1.390205,1.390213,-2.455599,-1.025249,0.344857,0.587403,0.30289,0.677255,1.0,29.439354,29.61228165,0.8268137127195507,27.9586542245609,31.2659090754391,29.444353550289463,-0.3764605737522366,0.013806381079032525
2015-08-03,-1.171035,0.400619,-1.232672,1.121848,1.121842,-2.416027,-2.412947,-0.819726,-0.449927,-0.767955,-0.550594,1.0,29.769617,29.63567545,0.8241796851469348,27.98731607970613,31.284034820293872,29.47533102169047,-0.3038088643019137,0.011155958959144797
2015-08-04,2.236217,2.45669,-0.125987,-2.157168,-2.157162,0.207871,-0.585832,1.15275,1.584245,1.413537,1.46876,-1.0,29.127438,29.588888100000002,0.825193141111438,27.938501817777126,31.239274382222877,29.442198352958044,-0.29465375445562714,-0.021807693107249025
2015-08-05,0.567286,1.449729,-0.063035,-0.062992,-0.063009,0.642937,-0.85407,0.981206,1.511199,1.516556,1.420327,0.0,29.109085,29.548981199999997,0.8282814604084009,27.892418279183193,31.2055441208168,29.410473271723944,-0.28558712703240374,-0.0006302917709420924
2015-08-06,-0.656452,0.156302,-2.281963,0.819414,0.819431,0.037508,-1.425451,-0.172977,0.606433,0.72397,0.513695,1.0,29.347614,29.52558765,0.8269644135937455,27.871658822812506,31.17951647718749,29.4044866744169,-0.25620113543833867,0.008160923484503955
2015-08-07,-1.633782,0.647358,-1.942047,1.406686,1.40668,-1.134399,-2.321205,-1.773528,-0.836926,-0.625152,-0.838469,1.0,29.760441,29.5113681,0.8199817127169337,27.871404674566133,31.151331525433864,29.438387086377194,-0.19732618321577178,0.013968780152883636
2015-08-10,0.839034,1.243014,-0.683658,-0.801477,-0.80148,-0.503416,-1.050338,-1.230575,-0.116529,0.207585,-0.030037,-1.0,29.521917,29.48751545,0.8119504412793479,27.863614567441303,31.111416332558697,29.44634231624603,-0.16797790801899737,-0.008047091755269834
2015-08-11,0.436273,1.402309,-0.467432,-0.279677,-0.279667,-0.012472,-0.433162,-1.096921,0.057644,0.403857,0.280454,0.0,29.439354,29.4563239,0.8005745535952887,27.855174792809425,31.057473007190577,29.445676762317838,-0.14965618918369472,-0.0028005859630715574
2015-08-12,-2.600181,0.30591,-2.691955,1.869738,2.863419,-2.020966,-2.638641,-3.803871,-2.703605,-2.341547,-2.350613,1.0,30.282326,29.4636114,0.8077241288416366,27.84816314231673,31.079059657683274,29.52535764209709,-0.06635045289753805,0.028231891314327007
2015-08-13,-0.70229,0.427478,-1.770998,0.183545,0.183553,-1.547636,-2.387786,-3.611306,-2.960572,-2.451593,-2.394508,0.0,30.33791,29.43973435,0.771924204264094,27.89588594147181,30.983582758528186,29.60274358094499,0.004107755906687771,0.0018338435890395757
2015-08-14,-1.481264,0.241832,-1.813791,1.00764,1.00763,-1.953366,-2.968559,-4.075358,-3.941687,-3.346555,-3.233212,1.0,30.643604,29.435729,0.7650888426333857,27.905551314733227,30.96590668526677,29.701873144664514,0.08364909037260304,0.010025876387605841
2015-08-17,-1.37683,0.808141,-1.466633,0.997576,0.997575,-1.999395,-3.545794,-4.40906,-4.839211,-4.178399,-4.011552,1.0,30.949297,29.451595299999997,0.7939480356807799,27.86369922863844,31.039491371361557,29.820675416601226,0.16940030010660934,0.009926322841594322
2015-08-18,-1.101185,0.059527,-1.696426,0.568686,0.568679,-1.470225,-3.44933,-4.3743,-5.208164,-4.583739,-4.440585,1.0,31.125299,29.5042424,0.868671727357794,27.76689894528441,31.241585854715588,29.944925281686825,0.24869385417049727,0.005670676346723161
2015-08-19,-2.018719,0.292566,-2.486829,1.726197,1.726213,-2.27034,-4.281245,-5.345379,-6.565585,-6.010093,-5.877353,1.0,31.662588,29.583753950000006,0.9879931980093731,27.607767553981258,31.559740346018753,30.108512207240462,0.3508449765376973,0.01711483347256568
2015-08-20,0.591719,1.893491,-0.147926,-1.111764,-1.111763,-0.550301,-2.578183,-3.796844,-5.091795,-4.890147,-4.66,-1.0,31.310575,29.71630465,1.0342265148263374,27.647851620347325,31.784757679652678,30.222994377979468,0.39879886469960724,-0.011179894727614452
2015-08-21,2.303024,2.878791,-0.24243,-2.366861,-2.366858,1.812112,0.048214,-1.218187,-2.429086,-2.604637,-2.291523,-1.0,30.569498,29.8269385,0.9988891545369013,27.8291601909262,31.824716809073802,30.255994722933806,0.3727076048298805,-0.023953185469572195
2015-08-24,0.061278,2.757359,-1.501216,-1.090912,-1.090917,2.463235,1.387869,-0.02584,-0.999697,-1.582798,-1.187715,-1.0,30.23601,29.93374155,0.9152083526714907,28.10332484465702,31.76415825534298,30.25409141598773,0.321415323110525,-0.010969116278358315
2015-08-25,9.111836,10.065786,-0.098681,-6.862742,-6.862744,7.907897,8.404604,7.111885,6.245632,5.397503,5.868032,-1.0,28.16099,29.91982175,0.9408896847571108,28.03804238048578,31.80160111951422,30.054748423988897,0.11203754885050898,-0.07109591123957855
2015-08-26,-0.826975,1.240455,-2.417306,3.421056,3.421055,2.59542,4.421117,3.572245,2.826693,1.780874,2.250187,1.0,29.124393,29.9476503,0.9063956841070213,28.134858931785956,31.760441668214042,29.966143145513765,0.023571012904909594,0.033638383545091896
2015-08-27,-0.189152,0.220687,-1.670864,0.890579,0.890583,0.378312,3.174652,2.666193,1.978249,0.981018,1.185191,1.0,29.38377,29.965054,0.8911775816641563,28.182698836671687,31.74740916332831,29.910679036417218,-0.02531794845309676,0.008866410630709708
2015-08-28,0.636943,1.464971,-1.496815,-1.008824,-1.008832,0.38217,3.691086,3.558207,2.957012,2.110588,2.028858,-1.0,29.087337,29.94745315,0.9054682709088102,28.13651660818238,31.758389691817623,29.83226550913939,-0.08697981905035945,-0.010139556266660963
2015-08-31,1.30039,1.430432,-1.462942,-2.038217,-2.038217,1.248378,4.987,5.47248,4.875408,4.290508,3.901648,-1.0,28.494474,29.883695999999997,0.961791262871812,27.960113474256374,31.80727852574362,29.704856793983257,-0.18159309294792436,-0.020592751093267733
2015-09-01,1.502006,2.269693,-0.700931,-2.600783,-2.600781,3.658215,6.575441,7.88385,7.428276,6.976434,6.397539,-1.0,27.753395,29.814993849999997,1.0624614596883517,27.690070930623293,31.9399167693767,29.519003289794377,-0.31276827799077367,-0.026351998686176208
2015-09-02,0.801075,1.268361,-0.433909,0.0,0.0,2.670229,5.166895,7.276373,7.184038,6.859053,6.119019,0.0,27.753395,29.747209350000002,1.1495456873351684,27.448117975329666,32.04630072467034,29.35085011933777,-0.4119765480045068,0.0
2015-09-03,-0.528751,0.297422,-1.057498,1.001338,1.001348,0.687367,2.954388,5.664235,5.8866,5.656306,4.992225,1.0,28.031303,29.681393800000002,1.2097340917899733,27.261925616420054,32.10086198357995,29.225178965115127,-0.4628396364995453,0.009963674952644495
2015-09-04,0.94213,1.278604,-0.437413,-1.784537,-1.784548,1.386276,3.721406,6.830423,7.405648,7.298797,6.799927,-1.0,27.531071,29.5699253,1.301311282766775,26.96730273446645,32.17254786553355,29.063835349389876,-0.5373196558446658,-0.01800662859151017
2015-09-08,-0.726316,0.132053,-1.056461,1.917907,1.917909,-0.831961,0.993724,4.133374,5.123801,5.035783,4.785293,1.0,28.059092,29.496784049999995,1.3445431556941305,26.807697738611733,32.185870361388254,28.96814550659084,-0.5474283130997364,0.018997493507816612
2015-09-09,1.846254,2.416915,-0.201413,-1.65071,-1.650698,0.71835,2.484041,5.02852,6.554198,6.576716,6.44213,-1.0,27.595921,29.4046124,1.4102668563430103,26.58407868731398,32.22514611268602,28.837457458344094,-0.5860578159280685,-0.01664474297448761
2015-09-10,1.0084,1.210087,-0.369751,-0.134277,-0.134288,0.712609,2.053782,4.177033,6.203363,6.495023,6.463225,0.0,27.558863,29.26843925,1.4519269711997627,26.364585307600475,32.17229319239952,28.715686557549418,-0.6126005681049342,-0.0013437820942770776
2015-09-11,-0.067343,0.437707,-0.505057,-0.168064,-0.168062,0.505049,1.545451,3.432096,5.868683,6.407505,6.45791,0.0,27.512547,29.127171099999998,1.4795803595803911,26.168010380839217,32.08633181916078,28.601101837782807,-0.6301096922537006,-0.0016820346862345614
2015-09-14,-0.895229,0.895225,-0.895229,1.548818,1.548806,-0.736062,-0.414446,1.226801,3.769905,4.523769,4.655185,1.0,27.938663,28.99192405,1.457126773402362,26.07767050319528,31.906177596804724,28.538012424660636,-0.6026547702363096,0.015369344977163153
2015-09-15,-0.590361,0.327976,-1.279108,1.094164,1.094186,-1.679246,-1.580856,-0.338919,2.167914,3.211535,3.34245,1.0,28.244364,28.856677400000002,1.3898666024174509,26.0769441951651,31.636410604834904,28.51004590802629,-0.5498902385105922,0.010882433121329462
2015-09-16,-1.706368,0.193181,-1.963934,1.869462,1.86946,-2.665811,-3.032843,-2.02619,-0.115908,1.224722,1.404825,1.0,28.772381,28.7390315,1.2832217891148476,26.172587921770305,31.305475078229694,28.535030202499975,-0.46016293600741776,0.01852200069429169
2015-09-17,-1.647137,1.172002,-2.058917,1.641987,1.641981,-3.085208,-4.089325,-3.581461,-2.142858,-0.552425,-0.217854,1.0,29.244818,28.618142999999996,1.0931090817472457,26.431924836505505,30.804361163494487,28.60262904035712,-0.34693246326552796,0.016286461631284787
2015-09-18,0.291168,2.070524,-0.129405,-2.090592,-2.090596,-0.232932,-1.83112,-1.697399,-0.520865,1.332904,1.829588,-1.0,28.633427,28.4842856,0.8913487498317052,26.70158810033659,30.26698309966341,28.605562179370725,-0.303037415239654,-0.021127584027208532
2015-09-21,1.343381,2.22805,-0.065531,-1.261728,-1.261732,1.277858,-0.314541,-0.633459,0.344042,2.292273,2.95535,-1.0,28.27215,28.369418200000002,0.7444019022969299,26.88061439540614,29.858222004593863,28.573808638478273,-0.2940131079231989,-0.012697590396401625
2015-09-22,7.097685,7.449055,-0.175682,-6.749676,-6.749667,7.18201,6.257907,6.020146,6.872804,9.000703,10.008199,-1.0,26.363874,28.175811399999997,0.7368824937005191,26.70204641259896,29.649576387401034,28.363338672908913,-0.43581935024879215,-0.06988255723135377
2015-09-23,-0.964852,1.619573,-1.929707,1.967678,1.967666,3.707793,3.942116,3.758336,4.572716,6.266032,7.568352,1.0,26.882627,28.111893249999998,0.7916443912395732,26.52860446752085,29.695182032479146,28.222318513584256,-0.5005724990765472,0.019485577599752817
2015-09-24,-0.687991,0.584795,-2.132779,0.172295,0.172301,1.809424,3.529413,3.375762,3.985209,5.380119,6.968239,0.0,26.928946,28.0021209,0.7960602026123865,26.41000049477523,29.594241305224774,28.09914017895718,-0.5419055302199354,0.0017215260159538475
2015-09-25,-0.406783,0.745759,-1.491529,1.479188,1.479196,-0.630517,1.952535,1.697169,2.093214,3.261011,5.041801,1.0,27.327278,27.899296300000003,0.7389724663458594,26.421351367308283,29.377241232691723,28.025629495246974,-0.5363376255007033,0.01468362991758832
2015-09-28,0.342459,2.191777,-0.410962,-1.016946,-1.016947,-0.513706,2.671226,2.623281,2.765403,3.801362,5.678073,-1.0,27.049374,27.79739815,0.7063169247672435,26.384764300465513,29.210031999534486,27.93265278141393,-0.5480321773531536,-0.010221534772241019
2015-09-29,0.823324,1.406515,-0.720408,-0.171236,-0.171242,0.130362,2.387652,2.538596,2.665525,3.500516,5.372214,0.0,27.003054,27.72282715,0.7075770210338007,26.3076731079324,29.137981192067603,27.84411956413641,-0.5546442373246911,-0.0017138919768215767
2015-09-30,-1.178455,0.202017,-1.919199,1.886796,1.886798,-1.265994,0.033666,0.619525,0.720536,1.489559,2.983162,1.0,27.512547,27.710784750000006,0.709077329807118,26.29263009038577,29.12893940961424,27.812541224694847,-0.5128605779026785,0.01869218444666266
2015-10-01,1.609586,1.883558,-0.479459,-1.683502,-1.683497,0.513695,0.934924,2.216888,2.315062,2.92054,4.178075,-1.0,27.049374,27.675583699999997,0.7241651745892544,26.22725335082149,29.123914049178506,27.739858631866767,-0.5112278011144653,-0.016978292469841137
2015-10-02,-1.10664,0.0,-2.347414,2.123284,2.123284,-1.361502,-1.529178,0.118485,0.114014,0.525818,1.567177,1.0,27.623709,27.655203999999998,0.7193468134479096,26.216510373104178,29.093897626895817,27.728796762165167,-0.4583067047577245,0.02101056301853813
2015-10-05,-1.023099,1.485152,-1.254122,1.609655,1.609657,-2.19802,-3.161717,-1.436745,-1.376239,-1.211884,-0.338837,1.0,28.068356,27.682068249999997,0.7244812567837903,26.233105736432417,29.131030763567576,27.76113573719706,-0.3761510229425227,0.01596839507835697
2015-10-06,0.099308,0.728239,-1.125449,-0.29703,-0.297036,-1.204893,-2.293938,-1.204895,-1.09566,-0.990397,-0.310049,0.0,27.984983,27.678362800000002,0.7226386069085121,26.233085586182977,29.123640013817027,27.78245452413067,-0.31414825202813645,-0.0029747759177257468
2015-10-07,0.597411,1.294394,-0.265516,-0.264813,-0.264813,-0.657147,-1.666108,-1.148354,-0.776631,-0.704941,-0.075226,0.0,27.910875,27.6941105,0.7241775748848033,26.245755350230393,29.14246564976961,27.794685045642037,-0.2679022947359151,-0.0026516470477128793
2015-10-08,-2.623054,0.323837,-3.335489,2.489213,2.489216,-1.981865,-3.468262,-3.698186,-3.003561,-2.997408,-2.562607,1.0,28.605637,27.7464492,0.7512106692724673,26.244027861455066,29.248870538544935,27.8719185651047,-0.17319407982336443,0.024587398479526422
2015-10-09,0.162236,0.648929,-0.55159,-0.194297,-0.194301,-1.142115,-2.852042,-3.530174,-2.633029,-2.735884,-2.470257,0.0,28.550056,27.79832465,0.7698012158491732,26.258722218301656,29.337927081698346,27.936503082713777,-0.10145257720158796,-0.001944898735466303
2015-10-12,-0.290042,1.095714,-0.418953,0.681379,0.681382,-1.340644,-2.919759,-4.073482,-3.151793,-3.22527,-3.170056,1.0,28.744591,27.83862105,0.798107415344739,26.242406219310524,29.434835880689477,28.013463836741035,-0.028570230962856158,0.006790712841339386
2015-10-13,1.372998,1.928735,-0.196139,-1.417986,-1.417989,0.326905,-1.05263,-2.229485,-1.742398,-1.794049,-1.795793,-1.0,28.336996,27.84325265,0.8008500318601789,26.241552586279642,29.444952713720358,28.044276423718077,-0.0036577918189735215,-0.014281380356818798
2015-10-14,0.855548,1.020079,-0.526486,-0.653812,-0.653795,1.158266,-0.17441,-1.285521,-1.206,-1.068784,-1.102348,-1.0,28.15173,27.8122201,0.7745447932606923,26.263130513478618,29.361309686521384,28.05451009764969,0.0011231310637747072,-0.006559420875266334
2015-10-15,-1.453485,0.613698,-3.779063,1.875617,1.875597,-0.652446,-1.44379,-2.695943,-3.123378,-2.733842,-2.815453,1.0,28.679743,27.783966350000004,0.7284723326659779,26.327021684668047,29.24091101533196,28.11405608834972,0.046976764307363084,0.01858224556242071
2015-10-16,2.06829,2.232436,-0.361126,-1.614987,-1.614983,0.741961,0.384114,-0.888593,-1.607022,-1.037423,-1.198289,-1.0,28.21657,27.7631235,0.7085805263419184,26.34596244731616,29.180284552683837,28.1238193180307,0.0454183542924298,-0.016281660708942026
2015-10-19,0.629559,0.927763,-0.728963,-0.919235,-0.919236,1.113321,1.27568,0.247407,-0.750495,-0.116631,-0.230835,-1.0,27.957193,27.747375650000002,0.7001216428684799,26.347132364263043,29.14761893573696,28.10795014488492,0.022988746966852602,-0.009234875127249189
2015-10-20,-1.209944,0.425111,-1.373447,1.325381,1.325387,-0.215831,0.071938,-0.752129,-1.702096,-1.411384,-1.504255,1.0,28.327734,27.84556865,0.6300851101794254,26.58539842964115,29.105738870358852,28.128881940610167,0.034712538982805796,0.013166805856009533
2015-10-21,0.558109,1.280371,-0.26264,-0.392417,-0.392421,0.223245,0.574528,-0.194787,-1.078459,-1.101769,-1.042894,0.0,28.21657,27.9122658,0.5922549619601236,26.727755876079755,29.096775723920246,28.13723318436158,0.03463447815219567,-0.003931930728760283
2015-10-22,-1.386649,0.128987,-1.547885,1.80565,1.805659,-1.522097,-1.167373,-1.575843,-2.520162,-2.928096,-2.66259,1.0,28.726065,28.002121750000004,0.5711678863338339,26.859785977332336,29.144457522667672,28.193312404898574,0.07482210025753133,0.017895504731615778
2015-10-23,3.348962,3.516406,-0.066983,-3.708478,-3.708479,1.868713,2.317473,2.223701,1.294364,0.669782,1.104031,-1.0,27.660765,28.018796099999996,0.5550709768792595,26.908654146241478,29.128938053758514,28.142593604432044,0.020474258884132013,-0.037789915644579265
2015-10-26,2.399729,2.845389,-0.651354,-2.310787,-2.3108,3.585885,4.10011,4.383506,3.6853,2.865965,3.382478,-1.0,27.02158,28.0174064,0.5576545863048205,26.902097227390357,29.13271557260964,28.035830404009943,-0.07332840041279809,-0.023379177094970678
2015-10-27,1.716294,1.996504,-0.525391,-2.125475,-2.125475,4.413321,5.646246,6.262708,5.831885,5.112445,5.401062,-1.0,26.447243,27.98961585,0.6211047090652219,26.747406431869557,29.231825268130443,27.884536365532806,-0.19180091809086974,-0.021483887559009197
2015-10-28,0.280112,1.435574,-1.260497,0.035026,0.035036,3.04622,4.968487,5.859011,5.595239,5.011206,5.072363,0.0,26.456509,27.936813949999998,0.7032522661044991,26.530309417791,29.343318482208996,27.748533759291586,-0.2816963331595481,0.00035029651941321225
2015-10-29,-0.454708,0.174883,-2.378454,0.105046,0.105048,1.245185,4.029376,5.213939,5.377749,4.833854,4.614662,0.0,26.484301,27.908560299999998,0.7505433146495079,26.40747367070098,29.409646929299015,27.628130639359053,-0.3466999736474321,0.0010499273642785214
2015-10-30,2.686246,4.226361,-0.752153,-2.343477,-2.34349,2.285105,5.616055,7.046332,7.56627,7.123219,6.768156,-1.0,25.863644,27.82055705,0.8780552987866472,26.064446452426708,29.576667647573295,27.46008429275343,-0.4431888546718703,-0.023713866327875685
2015-11-02,-1.409947,0.211487,-1.409947,1.611751,1.611745,0.098702,3.302795,4.72331,5.519926,5.307026,4.822007,1.0,26.2805,27.73116425,0.9403020508722166,25.850560148255568,29.61176835174443,27.347742931538818,-0.4804815010053005,0.015988943287805753
2015-11-03,-0.526128,0.245528,-1.438092,0.493475,0.493491,-0.420909,2.069447,3.722669,4.703611,4.700104,4.313105,0.0,26.410192,27.6524247,0.9828994804136139,25.686625739172772,29.61822366082723,27.258452366630358,-0.49387801307844015,0.004922776945499228
2015-11-04,-1.993127,0.0,-2.199316,2.069449,2.069443,-2.068727,-0.467351,1.324172,2.403784,2.49485,2.207336,1.0,26.956736,27.60471775,0.9928004922684516,25.619116765463097,29.5903187345369,27.229717474570325,-0.4551466648385514,0.02048321420938653
2015-11-05,1.35699,1.635348,-0.208768,-1.237113,-1.237105,-0.737656,-0.010445,2.078399,3.314191,3.714678,3.449312,-1.0,26.623253,27.505598549999995,0.9865502074832615,25.53249813503347,29.47869896496652,27.171958953182678,-0.4462173673305081,-0.01244820361214091
2015-11-06,0.925596,1.459594,-1.281595,-2.261656,-2.261658,1.680309,1.673188,3.878008,5.218937,5.868278,5.675802,-1.0,26.021126,27.379152050000005,1.0074809118060573,25.36419022638789,29.39411387361212,27.062355814784326,-0.4821693038432322,-0.02287626030100159
2015-11-09,-2.117314,1.388407,-2.221447,2.563186,2.563183,-0.555358,-0.992709,0.964947,2.2041,3.015624,2.989707,1.0,26.688095,27.27632725,0.9648292866642063,25.346668676671587,29.205985823328415,27.02671192766201,-0.45163646431510074,0.025308839269925356
2015-11-10,-0.661103,0.939457,-0.835073,-0.242968,0.842102,-1.012256,-1.646489,-0.22867,1.086037,1.99602,2.118497,1.0,26.912836,27.205119250000003,0.9345055433930397,25.336108163213922,29.074130336786084,27.015866601218008,-0.40463981266981364,0.008385761695050693
2015-11-11,-0.103918,0.381015,-0.658126,0.452335,0.452345,-1.400421,-1.875558,-0.969426,0.424222,1.407067,1.599715,0.0,27.034575,27.1492615,0.9079567363477299,25.33334802730454,28.96517497269546,27.01764835348296,-0.35349642106544366,0.0045132548305792585
2015-11-12,0.52521,1.470592,-0.035014,-1.073786,-1.073792,-0.239668,-0.71326,-0.38851,1.152427,2.229394,2.6645,-1.0,26.74428,27.052488349999997,0.8365863849058364,25.379315580188326,28.72566111981167,26.99161327219887,-0.3325557989131269,-0.01079598364686809
2015-11-13,0.811574,1.90543,-0.282287,-0.770305,-0.770299,0.924484,0.31169,0.102771,1.621448,2.719751,3.325127,-1.0,26.538269,26.968573300000003,0.7969071645233395,25.374758970953323,28.562387629046682,26.94843762722755,-0.32879344481757045,-0.007732814229999741
2015-11-16,-1.082024,0.034904,-1.326353,1.09386,1.093858,-0.062829,-0.569422,-1.028327,0.31154,1.32263,2.053087,1.0,26.82856,26.912141650000002,0.762430453740162,25.38728074251968,28.437002557480326,26.937020710348733,-0.29894168084165074,0.010879187262626846
2015-11-17,3.250267,4.044774,-0.325031,-3.350782,-3.350787,2.643556,2.692446,2.269887,3.326865,4.464067,5.326997,-1.0,25.929592,26.79223455,0.7151978599898172,25.361838830020364,28.222630269979636,26.84107511888695,-0.3438593508794163,-0.034082126977152266
2015-11-18,-1.493599,0.213368,-2.240402,1.552907,1.552913,0.540536,0.884953,0.674553,1.38903,2.590251,3.516538,1.0,26.332256,26.69801885,0.6375928592658665,25.422833131468266,27.973204568531735,26.79261615518343,-0.34301128779356915,0.015409786813097185
2015-11-19,0.106538,1.526989,-0.177553,0.142244,0.142248,0.113634,0.645503,0.50258,0.79822,2.094119,3.08686,0.0,26.369713,26.58020125,0.4255746725724962,25.729051904855005,27.43135059514499,26.752339664213583,-0.33544986756626827,0.0014214651565302705
2015-11-20,1.000004,1.75,-1.5,-0.568182,-0.56819,0.442862,1.296432,1.167465,1.099449,2.372916,3.379701,-1.0,26.219883,26.50815715,0.3478933906076445,25.81237036878471,27.20394393121529,26.70162950571705,-0.3376551381281665,-0.005698100643108166
2015-11-23,1.120347,1.445609,-0.216838,-1.178571,-1.178567,0.932418,2.204553,2.278908,2.09085,3.277936,4.248083,-1.0,25.910864,26.452621349999998,0.35026591371060994,25.75208952257878,27.153153177421217,26.62631850517257,-0.3601860807264856,-0.011855675866609511
2015-11-24,-0.755943,0.323974,-1.367894,0.397546,0.397548,0.597549,1.454279,1.772344,1.603302,2.513194,3.537611,0.0,26.013872,26.4309528,0.36376102190844417,25.70343075618311,27.15847484381689,26.567990266584705,-0.3655166815573452,0.00396759398555595
2015-11-25,0.180502,0.433209,-0.794227,-0.287977,-0.287981,0.584838,1.324909,1.804692,1.796981,2.458039,3.552284,0.0,25.938957,26.4050752,0.37989841331608987,25.64527837336782,27.164872026632178,26.50808233643378,-0.371503771307367,-0.002883964294760257
2015-11-27,0.47067,0.796521,-0.217241,-0.288809,-0.28882,0.485165,1.27807,1.903884,1.971935,2.31219,3.489346,0.0,25.86404,26.374062149999997,0.3979777472758762,25.578106655448245,27.17001764455175,26.446744971059136,-0.3779371348288052,-0.0028923829340943845
2015-11-30,1.135123,1.537902,-0.109843,-1.122382,-1.122365,1.120468,2.050531,2.943976,3.072746,3.14711,4.319588,-1.0,25.573751,26.359567500000004,0.4220943278588239,25.515378844282356,27.203756155717652,26.363602688101125,-0.4018275007236234,-0.011287113082632977
2015-12-01,-1.328546,0.107716,-1.543986,1.977301,1.977305,-0.710957,-0.215446,0.792334,1.03565,1.002617,2.056861,1.0,26.079422,26.3495136,0.4264490482375189,25.496615503524964,27.20241169647504,26.336537860662922,-0.3756273657326865,0.01958010034567761
2015-12-02,1.499634,1.792246,-0.292612,-1.831239,-1.831241,0.819308,1.517919,2.331135,2.762501,2.754637,3.605722,-1.0,25.601845,26.30909625,0.457566345358496,25.39396355928301,27.22422894071699,26.26656711202836,-0.38891685124425734,-0.018482155035094955
2015-12-03,0.294768,1.252767,-0.368452,-0.731533,-0.731529,1.149591,1.904934,2.660277,3.216375,3.347864,4.001707,-1.0,25.41456,26.231987450000002,0.47238558980900824,25.287216270381986,27.176758629618018,26.185423577549468,-0.4098368544086597,-0.007342181062738752
2015-12-04,2.358671,2.770506,-0.224631,-1.584377,-1.584383,2.096598,3.002623,3.851245,4.555927,4.776178,5.181033,-1.0,25.011896,26.151419599999997,0.5353565270673437,25.08070654586531,27.222132654134683,26.07365904635428,-0.4536780095442019,-0.015970686446088955
2015-12-07,-0.18685,0.523169,-1.793718,0.1872,0.187199,1.49477,2.346786,3.263577,4.168534,4.451918,4.638376,0.0,25.058718,26.1032992,0.58831760653028,24.926663986939438,27.27993441306056,25.97699799432054,-0.47912128482653316,0.001870239244432335
2015-12-08,0.22607,0.602864,-1.205735,-0.822119,-0.822113,1.3489,2.769396,3.589541,4.662763,5.087948,5.214856,-1.0,24.852707,26.011529799999998,0.6336941311154282,24.744141537769142,27.278918062230854,25.869922661528108,-0.5100293291665174,-0.008255110725267852
2015-12-09,-0.715096,1.844181,-0.978551,0.113033,0.113022,0.65488,2.197973,3.191575,4.136249,4.723434,4.886214,0.0,24.880796,25.909927800000002,0.6443905123863117,24.621146775227377,27.198708824772627,25.775720122334956,-0.5261920154252877,0.0011295807169138601
2015-12-10,0.49094,1.019637,-0.60423,-0.338728,-0.338719,0.498487,2.084589,3.129403,4.038894,4.730887,5.019543,0.0,24.79652,25.79802505,0.6330354863295731,24.531954077340853,27.064096022659147,25.682462967826865,-0.5395814702955484,-0.00339294018417025
2015-12-11,1.233612,2.31303,-0.231311,-2.039271,-2.039286,1.996924,3.562075,4.705739,5.6997,6.527031,6.904777,-1.0,24.290848,25.67535345,0.6762575970120441,24.32283825597591,27.02786864402409,25.54992820898621,-0.5842612144782819,-0.020603666853259185
2015-12-14,2.081701,2.160255,-1.453256,-1.850432,-1.850425,2.898672,4.787912,6.014673,7.126875,8.169687,8.637524,-1.0,23.841364,25.5405082,0.7589602180872378,24.022587763825527,27.058428636174476,25.387207808130377,-0.6484647381031792,-0.01867759856535034
2015-12-15,-0.584795,1.55945,-0.740745,0.746273,0.746279,1.442491,3.153995,4.704352,5.748537,6.923975,7.518986,1.0,24.019287,25.400044549999997,0.7679373398424252,23.864169870315145,26.93591922968485,25.256929635927484,-0.6771834447824787,0.0074350772887207504
2015-12-16,-2.874436,0.567318,-3.063548,3.079926,3.079921,-1.68684,-0.268533,1.238023,2.352496,3.381241,4.084137,1.0,24.759062,25.34151805,0.7700566795311002,23.8014046909378,26.8816314090622,25.209513670601055,-0.6329532754311273,0.0303344308011621
2015-12-17,-0.6015,0.714289,-1.466169,0.60514,0.605128,-2.187961,-1.071415,0.353398,1.451143,2.41806,3.184038,1.0,24.908886,25.27034955,0.7388137077843329,23.792722134431333,26.747976965568665,25.180882463877147,-0.5791350940255846,0.006033043863061021
2015-12-18,-1.486989,0.52045,-2.379182,1.12782,1.127834,-2.56506,-2.10409,-0.944238,0.085502,1.028997,1.843587,1.0,25.189817,25.21135475,0.6920353645231574,23.827284020953687,26.595425479046316,25.18173337207932,-0.50795957190984,0.011215218272024713
2015-12-21,-1.312432,0.291651,-2.15093,1.97026,1.970264,-3.011307,-3.751372,-2.829023,-1.952246,-1.055782,-0.167704,1.0,25.686123,25.18466675,0.6606765528624994,23.863313644275003,26.506019855725,25.22977047950034,-0.40681519906235053,0.01951105942967678
2015-12-22,-0.508725,0.363376,-1.162787,0.328108,0.328099,-1.969475,-3.710027,-3.22674,-2.300141,-1.5436,-0.612883,0.0,25.770399,25.177643500000002,0.6532554084419474,23.87113268311611,26.484154316883895,25.281258910024114,-0.3162120898620415,0.0032756226841254275
2015-12-23,-0.935588,0.251889,-1.295434,0.981108,0.981102,-1.95034,-4.206545,-4.059009,-3.247565,-2.48578,-1.692449,1.0,26.023233,25.17811155,0.6538891368048486,23.870333276390305,26.485889823609696,25.351923109069435,-0.22145409729926513,0.009763208278056953
2015-12-24,-0.288288,0.3964,-0.36036,-0.14394,-0.143925,-0.980185,-3.610818,-3.77418,-3.099104,-2.398563,-1.68529,0.0,25.985779,25.18045265,0.6568337271541094,23.86678519569178,26.49412010430822,25.412290336777108,-0.14767759489482302,-0.0014402890973837263
2015-12-28,-0.396254,0.216138,-1.440919,0.036036,0.036031,-0.396254,-2.989916,-3.556677,-3.10879,-2.491355,-1.816762,0.0,25.995142,25.18700775,0.6646228864480115,23.857761977103976,26.516253522896022,25.467800018988815,-0.0874456503341321,0.00036024756472708314
2015-12-29,-0.143116,0.178887,-0.858683,0.684442,0.684447,-0.701261,-2.758507,-3.928453,-3.65296,-3.161368,-2.530718,1.0,26.173065,25.21697345,0.6957588714923751,23.82545570701525,26.60849119298475,25.53496811241845,-0.02506556100215107,0.0068211541128248
2015-12-30,0.180567,0.938967,-0.686172,-0.930233,-0.930243,0.353921,-1.108703,-2.749488,-2.777175,-2.249186,-1.731069,-1.0,25.929592,25.20948195,0.6867318860450371,23.836018177909928,26.582945722090074,25.57255133980717,0.004671028200991856,-0.009345963766027744
2015-12-31,-0.468135,0.288081,-1.620454,0.288909,0.288917,0.050414,-0.91466,-2.741571,-2.979837,-2.532232,-2.004564,0.0,26.004507,25.22961505,0.7045126055320857,23.820589838935827,26.63864026106417,25.61368997411125,0.03389181999034108,0.0028850043961041482
