date,c_open,c_high,c_low,n_close,n_adj_close,adj_sum_5,adj_sum_10,adj_sum_15,adj_sum_20,adj_sum_25,adj_sum_30,label,closing_price_for_label,melody_ma20,melody_std20,melody_lb20,melody_ub20,melody_ema20,melody_macd_12_26,melody_str_log_return
2013-06-03,-1.142124,0.592225,-1.353634,1.372208,1.372204,-0.338412,-0.135365,-0.758604,-1.467855,-2.291035,-3.210664,1.0,20.561911,,,,,,,
2013-06-04,-0.295858,0.422654,-1.056636,0.084607,0.084608,-0.371941,-0.181748,-0.614266,-1.322916,-2.138639,-2.967042,0.0,20.579308,,,,,,,0.0008457212236188671
2013-06-05,0.986274,1.114923,-0.471702,-1.437025,-1.437021,0.806168,1.127777,0.923374,0.252991,-0.535174,-1.292179,-1.0,20.283579,,,,,,,-0.01447446251976663
2013-06-06,-0.556027,0.042772,-1.197601,0.257286,0.257257,0.359305,0.662983,0.704326,0.074871,-0.579963,-1.343009,0.0,20.33576,,,,,,,0.0025692702042514727
2013-06-07,-1.341157,0.3772,-1.634543,2.053045,2.053034,-1.207022,-1.278268,-1.156726,-1.712048,-2.321856,-3.060889,1.0,20.75326,,,,,,,0.02032243012366796
2013-06-10,0.420513,0.588726,-0.588738,-0.335289,-0.335273,-0.756938,-0.841039,-0.734505,-1.196378,-1.789734,-2.514713,0.0,20.68368,,,,,,,-0.003358359251283447
2013-06-11,-0.381679,0.466501,-0.424088,-0.841047,-0.841059,0.016974,-0.008463,0.110283,-0.203542,-0.787087,-1.502665,-1.0,20.509718,,,,,,,-0.00844616091969714
2013-06-12,0.851068,0.978723,-0.340426,-0.339271,-0.339244,0.510621,0.272333,0.405667,0.240419,-0.309793,-0.99575,0.0,20.44014,,,,,,,-0.003398207972108562
2013-06-13,-0.97128,0.464531,-1.435811,0.765957,0.765949,-6e-06,-0.45608,-0.408217,-0.428629,-0.954389,-1.532936,1.0,20.596701,,,,,,,0.007630302712670836
2013-06-14,0.680272,0.977891,-0.255106,-0.675676,-0.675681,0.391159,0.306127,0.229599,0.301879,-0.154754,-0.693019,-1.0,20.457533,,,,,,,-0.006779740821357843
2013-06-17,-0.08414,0.336559,-0.504838,1.062925,1.062929,-0.673119,-0.694152,-0.757255,-0.687838,-1.058473,-1.569201,1.0,20.674982,,,,,,,0.01057319377426041
2013-06-18,-2.055076,0.493222,-2.301685,2.355911,2.355915,-2.342788,-2.704485,-2.841486,-2.81751,-3.092479,-3.595012,1.0,21.162067,,,,,,,0.023285916236626788
2013-06-19,0.917435,1.542952,0.0,-1.438553,-1.438565,-0.517091,-1.009171,-1.328876,-1.33235,-1.516253,-2.007217,-1.0,20.857637,,,,,,,-0.014490122376116719
2013-06-20,1.634404,1.892477,-0.215049,-3.044204,-2.269874,1.584992,1.313745,0.91611,0.868771,0.804523,0.329303,-1.0,20.384195,,,,,,,-0.022960318482672912
2013-06-21,0.941777,1.198622,-0.642132,0.473123,0.473146,1.129177,0.70353,0.505024,0.369674,0.376799,-0.034648,0.0,20.480642,,,,,,,0.004720301665703139
2013-06-24,0.828613,0.959442,-0.741387,-1.840758,-1.840763,2.457239,2.303482,2.237808,2.161708,2.199117,1.870722,-1.0,20.103642,,,,,,,-0.01857915465500416
2013-06-25,0.259624,0.605794,-0.735612,0.785002,0.784992,0.770231,1.384132,1.336916,1.300434,1.355815,1.140888,1.0,20.261454,,,,,,,0.007819270592809952
2013-06-26,0.774194,0.817209,-0.989247,0.605794,0.605786,-0.301064,0.746214,0.759635,0.646874,0.707226,0.592426,1.0,20.384195,,,,,,,0.006039582396491259
2013-06-27,0.385935,0.686106,-0.25729,0.301075,0.301081,-0.540302,0.369877,0.492982,0.324811,0.344728,0.328225,0.0,20.445568,,,,,,,0.003006289613924796
2013-06-28,0.560582,1.078051,-0.12937,-0.557457,-0.557431,-0.129388,0.870566,0.91804,0.898997,0.858482,0.905625,-1.0,20.331598,20.5143785,0.23640841002706847,20.04156167994586,20.987195320054138,20.48631662026905,,-0.005589907683573477
2013-07-01,-0.556988,1.285343,-0.642669,0.646826,0.646845,-0.41991,0.118745,0.197593,0.226391,0.209666,0.266526,1.0,20.463112,20.50943855,0.236395146851617,20.036648256296765,20.982228843703233,20.4841066564339,,0.006447623018096814
2013-07-02,1.615721,1.921397,-0.087341,-1.885176,-1.885202,1.310043,1.502178,1.979243,2.027157,2.045511,2.122729,-1.0,20.077341,20.4843402,0.2545376254746514,19.975264949050697,20.9934154509493,20.44536707010686,,-0.019031984882515576
2013-07-03,-0.349192,0.305543,-0.654736,0.043668,0.043671,0.969011,1.07376,1.817223,1.933464,1.906213,1.996303,0.0,20.086109,20.4744667,0.266293463173146,19.94187977365371,21.00705362634629,20.41115201581097,,0.00043661588530307673
2013-07-05,-0.301205,0.0,-1.247844,1.440419,1.440398,-0.533541,-0.365735,0.299076,0.495799,0.429422,0.4862,1.0,20.375429,20.476450149999998,0.2653520202103489,19.9457461095793,21.007154190420696,20.407749823828972,,0.014301232498230383
2013-07-08,0.171531,0.900519,-0.214408,0.344234,0.344233,-0.763276,-0.724687,-0.048904,0.075799,0.116588,0.119675,0.0,20.445568,20.46106555,0.2572545834846092,19.94655638303078,20.97557471696922,20.41135155489288,,0.00343642116445862
2013-07-09,-0.423374,0.762058,-0.465711,1.286454,1.286455,-1.786618,-1.693473,-1.307579,-1.189264,-1.126676,-1.11295,1.0,20.708591,20.4623111,0.2584466880692994,19.945417723861404,20.979204476138598,20.439660073474514,-0.03761500238110216,0.01278250304275833
2013-07-10,0.764647,0.807133,-0.764656,-0.338696,-0.338686,-0.909098,-1.176723,-1.141324,-0.822281,-0.779205,-0.758913,0.0,20.638454,20.4687479,0.2612771648001213,19.946193570399757,20.991302229600244,20.4585928283817,-0.01723599504520479,-0.0033926036200000575
2013-07-11,-0.125317,0.083534,-1.294912,1.699235,1.699241,-1.704273,-2.539688,-2.751331,-2.348606,-2.30257,-2.349231,1.0,20.989151,20.49619845,0.28580262794959116,19.92459319410082,21.067803705899184,20.509122178059634,0.026902714349535728,0.016849650474995367
2013-07-12,0.968013,1.010101,-0.715488,-0.751884,-0.751884,-0.521891,-1.616161,-1.871496,-1.552501,-1.467274,-1.560769,-1.0,20.831337,20.50793025,0.2948187742388051,19.91829270152239,21.097567798477613,20.539809303958716,0.04858858963773116,-0.007547245699371515
2013-07-15,0.423195,0.465514,-0.296234,-0.547142,-0.547152,0.287779,-0.88869,-1.255457,-0.948174,-0.932117,-0.9494,-1.0,20.717358,20.5209215,0.29818651275237384,19.924548474495253,21.117294525504747,20.556718703581698,0.05593288976793431,-0.005486539874107591
2013-07-16,0.981647,1.024328,-0.384123,-0.846378,-0.846368,0.981645,-0.004274,-0.270313,-0.13504,-0.114067,-0.107141,-1.0,20.542013,20.51427305,0.2960454185749349,19.92218221285013,21.106363887149868,20.555318160383443,0.047061923889685886,-0.00849969601554228
2013-07-17,0.0,0.297366,-0.467294,0.469488,0.469482,0.50977,-0.199664,-0.614559,-0.728551,-0.555871,-0.564376,0.0,20.638454,20.4880924,0.25621642633182773,19.975659547336345,21.000525252663653,20.563235859394542,0.0472687178723703,0.004683831114025884
2013-07-18,-0.126953,1.3119,-0.296234,0.382319,0.382315,-0.135413,-0.275067,-0.885869,-1.140491,-0.881089,-0.873292,0.0,20.717358,20.481078450000002,0.2473337697360385,19.986410910527926,20.975745989472077,20.577914158499826,0.05318639728475816,0.0038158649015163373
2013-07-19,-2.063107,0.930429,-2.508087,4.612781,4.612779,-3.76213,-4.073617,-4.878629,-5.202256,-5.052979,-5.0385,1.0,21.673004,20.5455189,0.3620522324428237,19.821414435114352,21.26962336488565,20.68220842911889,0.13345051195503999,0.04509553115895798
2013-07-22,-0.362031,0.241348,-0.522932,0.566351,0.566364,-3.314572,-3.994378,-4.966487,-5.434442,-5.342103,-5.413865,1.0,21.795752,20.6112744,0.456701712966077,19.697870974067847,21.52467782593215,20.788260197774235,0.2046065617741455,0.0056476576538969725
2013-07-23,0.647519,0.687981,-0.323756,-0.603387,-0.603402,-1.691614,-2.970445,-4.019954,-4.500191,-4.584816,-4.688794,-1.0,21.664236,20.6893041,0.4969495067964698,19.69540508640706,21.683203113592942,20.87168646465288,0.24753260010223244,-0.006052298102602778
2013-07-24,0.690496,0.893578,-0.243712,-0.364217,-0.364218,-0.454914,-2.177088,-3.203354,-3.844431,-4.157591,-4.174282,0.0,21.585331,20.75549795,0.524373983441559,19.70674998311688,21.80424591688312,20.939652610876415,0.2720488113267763,-0.0036488267059255485
2013-07-25,-0.324018,0.0,-0.688542,0.284322,0.284337,0.121496,-2.150679,-2.997176,-3.825443,-4.283525,-4.26018,0.0,21.646706,20.8186235,0.5525578141767067,19.713507871646588,21.923739128353414,21.006991028888184,0.293052409165643,0.0028393314537899076
2013-07-26,0.0,0.040568,-0.608519,-0.162013,-0.162025,0.227186,-1.630828,-2.458413,-3.399587,-3.901008,-3.948266,0.0,21.611633,20.876926750000003,0.5722895340070365,19.732347681985928,22.021505818014077,21.06457597851788,0.3033707446899321,-0.0016215605358886431
2013-07-29,0.163336,0.449163,-0.122503,-0.649087,-0.649076,0.579822,-0.637,-1.502659,-2.503066,-3.088612,-3.163352,-1.0,21.471357,20.9339147,0.5718760562983767,19.790162587403245,22.077666812596753,21.103317028182843,0.296807585973184,-0.006511920166227283
2013-07-30,0.367647,0.653591,-0.326797,-0.040833,-0.040845,0.433013,-0.167478,-1.228207,-2.230386,-2.795745,-3.00146,0.0,21.462587,20.983888450000002,0.5722390904553917,19.839410269089218,22.128366630910786,21.137533215974955,0.2875834862837223,-0.0004085345675197866
2013-07-31,0.820677,1.31309,-0.041034,-0.449342,-0.449307,0.68114,0.623686,-0.555358,-1.487516,-2.150215,-2.531832,0.0,21.366154,21.0483291,0.536211892544942,19.975905314910115,22.120752885089885,21.15930662397734,0.26938666189701266,-0.004503198586297448
2013-08-01,-0.081239,1.015435,-0.406178,1.025851,1.025814,-0.398042,0.004068,-1.380985,-2.140531,-2.921196,-3.409147,1.0,21.585331,21.1232902,0.49805204071363773,20.127186118572723,22.119394281427276,21.199880374074738,0.2695441623131529,0.01020588240214298
2013-08-02,-0.728749,0.0,-1.214579,0.324939,0.324929,-0.680145,-0.327919,-1.446679,-2.161929,-3.012129,-3.526301,0.0,21.655468,21.18729215,0.47876225910882536,20.22976763178235,22.14481666821765,21.243269671781906,0.27219080608860935,0.003244022457044717
2013-08-05,0.203915,0.326264,-0.122349,-0.728749,-0.72873,0.073411,0.26509,-0.481239,-1.199021,-2.083196,-2.660412,-1.0,21.497658,21.239896650000002,0.44990527025964955,20.3400861094807,22.139707190519303,21.2674971316122,0.25857366595726106,-0.007313987102366792
2013-08-06,0.74044,0.781576,-0.246808,-0.856448,-0.856442,0.798027,0.96668,0.619771,-0.203621,-1.077747,-1.630331,-1.0,21.313543,21.27014425,0.43229619700604927,20.405551855987902,22.1347366440121,21.271882452411035,0.2302710215129622,-0.008601306705017832
2013-08-07,-0.534104,0.0,-1.027116,0.12341,0.12341,0.649129,0.727195,0.714867,-0.162289,-0.963029,-1.583132,0.0,21.339846,21.305213849999998,0.4060041652688056,20.493205519462386,22.11722218053761,21.27835517122903,0.20757065881143788,0.0012333370900103212
2013-08-08,0.575417,0.863136,-0.452121,-0.041085,-0.041097,0.452121,0.620641,0.948082,-0.041095,-0.688855,-1.394703,0.0,21.331076,21.3223101,0.39913562874027686,20.524038842519445,22.120581357480553,21.283376202540552,0.18672039562578746,-0.0004110527596983157
2013-08-09,0.371134,0.783509,-0.164953,-0.328812,-0.328802,0.412368,0.787627,1.151888,0.389687,-0.194642,-0.941582,0.0,21.260939,21.343790199999997,0.3825372142570564,20.578715771485886,22.10886462851411,21.28123932610812,0.16266187722533942,-0.0032934372039643855
2013-08-12,-0.535645,0.123605,-0.86527,0.082474,0.08248,0.123603,0.613919,0.906461,0.438805,-0.120321,-0.874887,0.0,21.278475,21.37184605,0.3536624799906194,20.66452109001876,22.079171009981238,21.280976056954966,0.14335779725660558,0.0008244589825951571
2013-08-13,0.413215,0.413215,-0.413227,-0.288418,-0.288418,0.322306,0.789247,1.057841,0.888418,0.264452,-0.469709,0.0,21.217104,21.4056006,0.2981522627222054,20.80929607455559,22.00190512544441,21.274893003911636,0.12170411867989017,-0.0028883495229443837
2013-08-14,0.540096,0.914005,-0.083095,-0.537194,-0.537189,0.639793,1.208962,1.451312,1.543403,0.894047,0.229873,-1.0,21.103128,21.428834300000002,0.24933388469727544,20.93016653060545,21.927502069394553,21.258534432110526,0.09425994180434216,-0.005386372908610798
2013-08-15,-0.125004,1.083333,-0.333333,-0.290818,-0.290838,0.658346,1.245842,1.555565,1.916675,1.198341,0.673618,0.0,21.041752,21.445054,0.20768814466536045,21.02967771066928,21.86043028933072,21.23788848619524,0.0667878152858421,-0.0029126215753646797
2013-08-16,-0.292284,0.417528,-0.375783,-0.208329,-0.208314,0.61795,1.144042,1.572712,1.968675,1.441325,0.982591,0.0,20.997919,21.41129975,0.2229862470529001,20.965327255894202,21.8572722441058,21.21503424941474,0.04100630516125392,-0.0020853167896652002
2013-08-19,0.209644,0.461212,-0.377358,-0.417541,-0.417551,0.687639,1.287218,1.819712,2.18449,1.903568,1.480088,0.0,20.910242,21.36702425,0.23042105617188818,20.906182137656224,21.827866362343777,21.186006416137147,0.013345631358099297,-0.0041842507916476515
2013-08-20,0.210797,0.548065,-0.379427,-0.545078,-0.545077,0.834747,1.593602,2.164147,2.535843,2.510969,2.050317,-1.0,20.796265,21.3236257,0.25220564016612096,20.81921441966776,21.828036980332243,21.14888818602885,-0.01757010602451814,-0.0054656835079819385
2013-08-21,0.465896,0.762389,-0.211783,-0.463735,-0.463737,0.914866,1.757732,2.425526,2.799663,3.000424,2.53565,0.0,20.699825,21.2793504,0.2800354882746354,20.71927942345073,21.839421376549268,21.10612026354991,-0.04928482783683208,-0.004648157146133517
2013-08-22,-0.50463,0.084096,-0.714886,0.720034,0.720035,0.00841,0.798993,1.457807,1.873424,2.289319,1.780207,1.0,20.848871,21.23945865,0.28177192734763457,20.67591479530473,21.803002504695268,21.081620333688015,-0.061681184495064656,0.0071745519683553485
2013-08-23,0.210257,0.294361,-0.588738,0.0,0.0,-0.134569,0.601348,1.199889,1.690497,2.131203,1.78301,0.0,20.848871,21.20132055,0.28036326378141846,20.64059402243716,21.762047077562837,21.059453730479632,-0.070690510258693,0.0
2013-08-26,0.55061,0.762389,-0.211783,-0.714886,-0.714888,0.381194,1.046169,1.67161,2.236342,2.654808,2.51306,-1.0,20.699825,21.16274395,0.2939998795985448,20.57474419080291,21.75074370919709,21.025203375195858,-0.08883321836114888,-0.007174551968355408
2013-08-27,0.776536,0.905949,-0.30198,-1.821266,-1.821247,1.777382,2.480574,3.232659,3.852446,4.295068,4.37876,-1.0,20.32283,21.1057561,0.33972744049606013,20.42630121900788,21.785210980992122,20.95831067279625,-0.13210892165098187,-0.01838036146287903
2013-08-28,-0.172418,0.862065,-0.172418,0.086286,0.086272,1.336205,2.017237,2.816089,3.510771,3.960341,4.239937,0.0,20.340363,21.05446655,0.37404524881871504,20.30637605236257,21.802557047637432,20.899458513482323,-0.16311022854015533,0.000862352402406579
2013-08-29,0.216352,0.822146,-0.086547,-0.387931,-0.387943,1.151026,2.029432,2.86457,3.587199,4.091743,4.5709,0.0,20.261454,20.988272700000003,0.39187178621131563,20.204529127577374,21.772016272422633,20.83869617886496,-0.19183493076340952,-0.0038869737947994933
2013-08-30,1.296465,1.555752,-0.432143,0.129805,0.129823,0.466725,1.547102,2.411409,3.115816,3.695764,4.20772,0.0,20.287758,20.9198872,0.3886377141347306,20.14261177173054,21.697162628269464,20.786225876115918,-0.2100555614994235,0.0012973866761998064
2013-09-03,1.084128,1.691249,-0.607108,-0.345722,-0.345721,0.338249,1.556806,2.416882,3.15698,3.807457,4.309046,0.0,20.217619,20.855885249999996,0.3938462643851128,20.06819272122977,21.643577778770222,20.732072840295352,-0.22753232277123914,-0.0034631979898570296
2013-09-04,-0.776867,0.043159,-0.906349,0.477021,0.476995,-0.146726,0.837308,1.634316,2.421254,3.088496,3.592308,0.0,20.314056,20.8059109,0.39612347399145403,20.013663952017094,21.598157847982907,20.692261712648175,-0.23093900100105458,0.004758608272635461
2013-09-05,0.777202,0.82038,-0.302245,-0.043159,-0.043143,-0.138172,0.68653,1.416236,2.21071,2.924008,3.426888,0.0,20.305292,20.7541832,0.3902347349840594,19.973713730031882,21.534652669968118,20.65540745430073,-0.23167538991613768,-0.00043151850374325456
2013-09-06,-0.043178,0.949909,-0.863562,0.0,0.0,-0.094993,0.418827,1.17444,1.95812,2.671849,3.20668,0.0,20.305292,20.702893999999997,0.377628764054573,19.947636471890853,21.45815152810914,20.622063125319706,-0.22961215741466745,0.0
2013-09-09,-0.598542,0.299273,-0.897815,0.993087,0.993106,-0.86363,-0.735368,0.019939,0.771686,1.43821,2.012244,1.0,20.506945,20.665194300000003,0.3560028552783562,19.95318858944329,21.377200010556717,20.611099494336877,-0.20929272274924315,0.009882067529745367
2013-09-10,-0.837876,0.293255,-1.04734,2.052168,2.052139,-2.178463,-2.622531,-1.985749,-1.338492,-0.710507,-0.125673,1.0,20.927776,20.64765935,0.33203591032113033,19.98358752935774,21.31173117064226,20.641259161542887,-0.15741727139884887,0.020313662594576898
2013-09-11,-0.58115,0.0,-1.535911,0.921655,0.92166,-2.308007,-3.134076,-2.778464,-2.262344,-1.653792,-1.091733,1.0,21.120659,20.6428371,0.3239318842221149,19.994973331555773,21.29070086844423,20.68691628901499,-0.09959350442747095,0.00917438914919069
2013-09-12,1.29979,1.467509,-0.33543,-0.996264,-0.996262,-0.746329,-1.886792,-1.733051,-1.324945,-0.746327,-0.169109,-1.0,20.910242,20.633192799999996,0.3121641660012196,20.008864467997558,21.257521132002434,20.7081854043469,-0.06994041629402759,-0.010012574219360726
2013-09-13,-0.042056,0.504622,-0.126161,-0.293497,-0.293497,0.067282,-1.316234,-1.443791,-1.080741,-0.546677,0.007008,0.0,20.848871,20.62354875,0.3016811820284919,20.020186385943017,21.226911114056985,20.72158403250434,-0.05080659036276458,-0.0029392886857600594
2013-09-16,-0.3314,0.372829,-0.869921,1.513869,1.513876,-0.803648,-2.373655,-2.814139,-2.51657,-2.048051,-1.561722,1.0,21.164497,20.63187765,0.3145844117161271,20.002708826567744,21.261046473432256,20.76376621988488,-0.010058566167469252,0.015025309941978406
2013-09-17,-1.308802,0.081791,-1.390593,1.284184,1.284179,-1.586916,-3.042949,-3.817317,-3.629859,-3.260533,-2.819361,1.0,21.436287,20.6581799,0.3580690328705452,19.94204183425891,21.374317965741092,20.82781581799108,0.04366240510995212,0.012760032195255306
2013-09-18,-1.568793,0.201122,-1.850366,1.676892,1.6769,-2.590515,-3.962197,-4.95308,-4.989953,-4.749808,-4.348359,1.0,21.795752,20.70815425,0.43896464840361366,19.830224953192772,21.586083546807227,20.920000216277643,0.113929178559669,0.016629948186684725
2013-09-19,1.390025,1.757972,-0.245294,-1.609018,-0.851239,-1.106389,-2.53382,-3.745312,-3.963607,-3.838179,-3.48544,-1.0,21.610218,20.753673900000003,0.4830450643873226,19.787583771225357,21.719764028774648,20.98573524329882,0.15288272267487102,-0.00854883003141079
2013-09-20,2.249059,2.290708,-0.041649,-1.839734,-1.839745,1.09008,-0.279342,-1.642343,-2.077923,-2.003664,-1.695149,-1.0,21.212645,20.7718626,0.4935528317576068,19.784756936484786,21.75896826351521,21.007345696317977,0.14994440284860389,-0.018568792260966374
2013-09-23,-0.329489,0.411853,-0.535424,1.124536,1.124527,0.233231,-0.948076,-2.374528,-3.026446,-3.008884,-2.758758,1.0,21.451187,20.801978400000003,0.5163488047697121,19.769280790460577,21.83467600953943,21.049616296668646,0.1649625237499741,0.011182515709069928
2013-09-24,-0.411188,0.904609,-0.411188,0.164741,0.164751,0.115133,-0.850949,-2.141395,-3.002879,-3.061132,-2.886424,0.0,21.486528,20.84131355,0.5376818386552072,19.765949872689585,21.916677227310412,21.091226935081156,0.17766816806016905,0.001646152245439054
2013-09-25,0.288894,1.031779,-0.123809,-0.370066,-0.37005,0.123801,-0.348916,-1.43755,-2.389376,-2.586955,-2.496148,0.0,21.407017,20.8955229,0.5373108265361418,19.820901246927715,21.970144553072284,21.121302179359144,0.17925526638797962,-0.0037073686061823616
2013-09-26,0.206181,1.072165,-1.19588,0.082542,0.082534,-0.131963,-0.190977,-1.170511,-2.216817,-2.531955,-2.526526,0.0,21.424685,20.949739,0.533033911504911,19.88367117699018,22.01580682300982,21.15019578132494,0.1798653375406758,0.0008249964478225677
2013-09-27,0.207904,0.207904,-0.457372,-0.824746,-0.824745,0.731809,0.826875,-0.052866,-1.171501,-1.646273,-1.68358,-1.0,21.247986,20.9990656,0.5111869895749382,19.976691620850126,22.021439579149877,21.159509135484466,0.16419791935500427,-0.008281647517088805
2013-09-30,-0.041859,0.795316,-0.293005,-0.665281,-0.665282,1.079953,1.474732,0.805931,-0.315626,-0.938713,-1.00795,-1.0,21.106627,21.040009050000002,0.4832463825604369,20.07351628487913,22.006501815120874,21.1544727416288,0.138775173832272,-0.006675047408347967
2013-10-01,-0.951589,0.206864,-1.117087,1.172043,1.172035,-0.215136,0.260658,-0.228795,-1.204344,-1.963755,-2.085459,1.0,21.354004,21.096828300000002,0.4469023883633492,20.203023523273302,21.990633076726702,21.173475718616537,0.13700936268104513,0.01165219607471204
2013-10-02,-0.780933,0.082203,-1.150847,0.661978,0.661988,-0.789154,-0.538436,-0.768713,-1.579277,-2.390283,-2.620969,1.0,21.495365,21.155893749999997,0.41492152902357643,20.326050691952844,21.98573680804715,21.20413184065306,0.1453411931160531,0.006598067422630735
2013-10-03,0.497921,0.622407,-1.078838,-0.945335,-0.945325,0.033182,0.261396,0.297879,-0.408257,-1.27994,-1.598903,-1.0,21.292164,21.20523735,0.363997401408508,20.477242547182986,21.933232152817016,21.212515855828958,0.13400290421908068,-0.00949821279296615
2013-10-04,0.540545,0.540545,-0.623696,-0.207473,-0.207485,0.241167,0.486488,0.631639,0.020642,-0.888967,-1.331699,0.0,21.247986,21.25237205,0.2960156709595642,20.660340708080874,21.84440339191913,21.215893964797626,0.12006835987850195,-0.002077003296028736
2013-10-07,-0.417715,0.793642,-0.584804,-0.457372,-0.457385,0.743532,0.806188,1.08971,0.632429,-0.270349,-0.830749,0.0,21.150801,21.28456485,0.24048284056398897,20.803599168872022,21.765530531127975,21.2096946348169,0.10003003186376347,-0.00458433729269056
2013-10-08,1.056189,1.056189,0.0,-1.127824,-1.12782,1.470223,1.68146,2.075769,1.776618,1.00012,0.334321,-1.0,20.912258,21.283788949999998,0.24171645003851036,20.80035604992298,21.767221850077018,21.18136733626291,0.06416147251474058,-0.01134228289588767
2013-10-09,1.145524,1.145524,-0.296988,-0.422476,-0.42247,1.255834,1.832838,2.197708,2.137166,1.526561,0.840211,0.0,20.82391,21.2689515,0.2606251867883944,20.747701126423213,21.790201873576788,21.147323780428344,0.028280436300949674,-0.0042336484729887025
2013-10-10,-1.443299,0.0,-1.773196,2.885023,2.885025,-1.459797,-1.022682,-0.725776,-0.60683,-1.111379,-1.818772,1.0,21.424685,21.29467365,0.24846180574854976,20.7977500385029,21.7915972614971,21.173739134673262,0.047771300392124516,0.028441916178655775
2013-10-11,-0.327869,0.368852,-0.819668,0.618557,0.618548,-1.778685,-1.487699,-1.229502,-1.053553,-1.486997,-2.221978,1.0,21.557207,21.33009045,0.23147454925134614,20.86714135149731,21.79303954850269,21.210259883752002,0.07306907367846449,0.006166430269160655
2013-10-14,-0.697293,0.0,-0.902375,-0.081971,-0.081982,-1.337147,-1.205888,-1.121118,-0.88531,-1.21441,-1.948034,0.0,21.539534,21.3488423,0.23254220267302364,20.883757894653954,21.81392670534605,21.24161932339467,0.09064675846202164,-0.0008201548692811256
2013-10-15,0.330711,1.074824,-0.165362,-0.779319,-0.779307,-0.132291,-0.421663,-0.380323,-0.121953,-0.35544,-0.997909,-1.0,21.371675,21.3456117,0.23171076180177405,20.882190176396453,21.809033223603546,21.254005578309464,0.08999497578860627,-0.007823590157984417
2013-10-16,-0.041055,0.1642,-0.944179,0.70277,0.702776,-0.180634,-1.104277,-1.039963,-0.882602,-0.976263,-1.501749,1.0,21.52187,21.331917600000004,0.21086261387815275,20.9101923722437,21.75364282775631,21.279516475613324,0.10044010359958833,0.0070031802618854
2013-10-17,-1.215563,0.0,-1.823339,1.313625,1.313608,-1.126411,-2.15153,-2.206903,-2.123164,-2.096116,-2.549653,1.0,21.804583,21.34163585,0.22813550644930788,20.885364837101385,21.797906862898614,21.329522811269197,0.13003159571817235,0.01305054962861344
2013-10-18,-1.330724,0.782783,-1.800388,3.525118,3.52513,-3.592956,-4.896281,-5.145463,-5.154595,-5.12428,-5.533031,1.0,22.573223,21.409664749999997,0.35514859904818996,20.699367551903617,22.11996194809638,21.44797044829118,0.21304998303936173,0.0346442037539491
2013-10-21,-1.032892,0.80337,-1.338937,2.309198,2.309187,-4.422332,-6.201215,-6.712562,-6.939543,-6.931413,-7.291743,1.0,23.094481,21.49182945,0.5180093964403352,20.45581065711933,22.527848242880673,21.604780977025353,0.3172467938119219,0.02282929042174198
2013-10-22,0.653347,0.845503,-0.153728,-0.459063,-0.459058,-2.574943,-4.865487,-5.808349,-6.1837,-6.232125,-6.565396,0.0,22.988464,21.56692625,0.6166734717603335,20.333579306479336,22.800273193520667,21.736560312546747,0.38680992710881057,-0.004601146347588191
2013-10-23,1.128401,1.167311,-0.233471,-1.229819,-1.229817,-0.319074,-2.852146,-4.280159,-4.729574,-4.904282,-5.169314,-1.0,22.705748,21.6318628,0.6654023770465726,20.301058045906856,22.962667554093144,21.82886390182801,0.41435002382735675,-0.012374416593186678
2013-10-24,-0.385509,0.3084,-1.040867,0.933852,0.933852,-0.269859,-3.099466,-4.692885,-5.285276,-5.5559,-5.754706,1.0,22.917786,21.70651785,0.7222645108808347,20.26198882823833,23.15104687176167,21.93257076832058,0.44811979733815477,0.00929518202945989
2013-10-25,0.734162,0.772801,-0.309119,-0.231311,-0.231309,0.216384,-2.302936,-4.000513,-4.712129,-5.047909,-5.242314,0.0,22.864775,21.7873573,0.7578453627994629,20.271666574401074,23.303048025598926,22.02135212371862,0.4652420210592858,-0.0023157736278949276
2013-10-28,-0.80491,0.268302,-1.264852,0.811441,0.811436,-0.628589,-2.433879,-4.223837,-5.057488,-5.534682,-5.732314,1.0,23.050308,21.88454135,0.7899039989044865,20.304733352191025,23.464349347808973,22.119347921459706,0.4881553186065055,0.008081614915120479
2013-10-29,-0.076299,0.34338,-0.534143,0.459943,0.45995,-0.938573,-2.109883,-4.01628,-5.103013,-5.678747,-5.916315,0.0,23.156328,21.97465755,0.8280786587207086,20.318500232558584,23.630814867441416,22.218107928939734,0.5090017446778958,0.004588959302391127
2013-10-30,-0.303375,0.417137,-0.682594,0.610462,0.610451,-1.031473,-1.9416,-3.890783,-5.291995,-5.926427,-6.272275,1.0,23.297686,22.064773600000002,0.8701734829215592,20.324426634156882,23.805120565843122,22.320924888088328,0.530810246646336,0.006085951423301131
2013-10-31,0.80337,1.147674,-0.076503,-0.872211,-0.872211,-0.007644,-0.520267,-2.563113,-4.068468,-4.809476,-5.233347,-1.0,23.094481,22.15488945,0.8792278407903107,20.396433768419378,23.91334513158062,22.39459689874658,0.525637474722501,-0.008760371101603109
2013-11-01,-1.846277,0.376782,-1.921628,1.53023,1.530249,-1.017348,-1.646587,-3.494113,-5.04523,-5.868891,-6.343896,1.0,23.447884,22.26488435,0.8972230199367096,20.47043831012658,24.05933038987342,22.49490995600881,0.5437862548423205,0.015186585045891474
2013-11-04,0.605373,0.605373,-0.454033,-0.414472,-0.414481,-0.348092,-1.127509,-2.57536,-4.178967,-5.0927,-5.682937,0.0,23.350697,22.374879149999998,0.8882568405885478,20.5983654688229,24.151392831177095,22.576413484007972,0.5440555810918362,-0.004153422502862149
2013-11-05,-0.378501,0.378501,-0.605602,-0.037836,-0.037845,-0.151395,-0.938677,-1.975771,-3.622251,-4.716118,-5.382279,0.0,23.34186,22.49635925,0.8426664172392493,20.811026415521503,24.1816920844785,22.64931315219769,0.5373615822150555,-0.0003785185765478496
2013-11-06,-1.598517,0.297398,-1.672859,1.816805,1.816813,-1.539035,-2.260225,-3.095418,-4.723051,-6.034202,-6.739778,1.0,23.765938,22.64346065,0.7905232908816456,21.06241406823671,24.224507231763294,22.75565837579791,0.559822801531368,0.018005063895682957
2013-11-07,1.278199,2.218049,0.0,-1.115242,-1.115247,-0.082701,-0.909772,-1.5213,-3.206764,-4.598493,-5.393479,-1.0,23.500889,22.74727085,0.7576922209811141,21.23188640803777,24.26265529196223,22.826632720960014,0.5498973659355286,-0.011215128873783259
2013-11-08,-2.329017,0.036969,-2.402954,1.691726,1.691745,-1.367847,-2.125704,-2.789906,-4.327183,-5.74197,-6.597668,1.0,23.898464,22.8643337,0.7449045158696941,21.374524668260612,24.354142731739387,22.928711890392396,0.5675697754722862,0.016775938867956787
2013-11-11,0.037023,0.111074,-0.444284,-0.147871,-0.147888,-0.792296,-1.64013,-2.431195,-3.698627,-5.147721,-6.07429,0.0,23.863121,22.98051305,0.7076759969190086,21.565161056161983,24.395865043838015,23.01770323416455,0.5721282641353049,-0.0014799762801452178
2013-11-12,-0.480588,0.332717,-0.887246,0.14809,0.148107,-0.473205,-1.475055,-2.321636,-3.312395,-4.78818,-5.858296,0.0,23.898464,23.1068525,0.6261974616534385,21.85445757669312,24.359247423306876,23.101585211863167,0.5719991340093458,0.0014799762801451853
2013-11-13,-0.662987,0.0,-1.473297,0.369689,0.369676,-0.655615,-1.550644,-2.325354,-3.154698,-4.61142,-5.85881,0.0,23.986811,23.23009955,0.5335434026830196,22.16301274463396,24.297186355366037,23.18589242978096,0.5724270789646795,0.0036899485381387807
2013-11-14,0.592812,0.77807,-0.481656,-0.589319,-0.589324,0.222312,-0.652087,-1.486966,-2.152646,-3.639864,-4.943803,-1.0,23.845451,23.332142949999998,0.4320700206050252,22.46800290878995,24.196282991210047,23.248707531706586,0.5549623967620008,-0.005910672238180347
2013-11-15,-0.698533,0.845585,-0.845596,0.77807,0.778077,-0.441181,-1.176476,-1.924026,-2.604786,-3.972066,-5.291673,1.0,24.030987,23.40503115,0.42009868972937975,22.564833770541238,24.24522852945876,23.323210338210718,0.5497554759848349,0.007750657173071185
2013-11-18,0.220434,1.028659,-0.404107,0.073522,0.073513,-0.360019,-0.958845,-1.719315,-2.477949,-3.625267,-4.95958,0.0,24.048653,23.45273975,0.43682230236270775,22.579095145274582,24.326384354725416,23.392300115523984,0.5408202135413553,0.0007348641044321325
2013-11-19,0.369952,1.109874,-0.406959,-0.698009,-0.697993,0.325552,-0.037008,-0.826255,-1.605636,-2.527575,-3.877187,-1.0,23.880795,23.4973563,0.4324548864408085,22.632446527118383,24.362266072881617,23.43882343785503,0.5142660767148008,-0.007004407239698193
2013-11-20,0.11128,0.778935,-0.296736,-0.258979,-0.258978,0.445099,0.244803,-0.422854,-1.116475,-1.888731,-3.208464,0.0,23.818949,23.55301635,0.39524440726882776,22.762527535462343,24.343505164537657,23.47502587234503,0.4826673874436871,-0.0025931390598775217
2013-11-21,0.40877,0.40877,-0.557414,-0.185456,-0.185457,0.572274,0.54626,-0.047077,-0.752517,-1.374963,-2.69913,0.0,23.774775,23.595865800000002,0.3682878223726005,22.8592901552548,24.332441444745204,23.50357340831217,0.44888624471054683,-0.0018562957033866712
2013-11-22,-0.775476,0.036928,-0.812404,0.631735,0.631728,-0.147708,-0.073855,-0.541605,-1.153989,-1.768097,-2.980062,1.0,23.924967,23.6488754,0.33203487215436006,22.984805655691282,24.31294514430872,23.543706131330058,0.429285152885889,0.006297413363446577
2013-11-25,1.533853,1.646091,0.0,-1.292467,-1.292478,0.79313,1.129829,0.835526,0.260018,-0.393556,-1.416626,-1.0,23.615742,23.677147100000003,0.3010092741742859,23.07512855165143,24.279165648348574,23.550566690251006,0.3843685122496332,-0.01300903446608383
2013-11-26,-0.224055,0.634802,-0.224055,0.187059,0.18707,0.41822,0.840176,0.736865,0.179234,-0.466024,-1.278322,0.0,23.65992,23.7023267,0.27509702332144503,23.15213265335711,24.25252074664289,23.560981291179484,0.3483213150303506,0.0018689537487359257
2013-11-27,0.0,0.260902,-0.298174,0.186703,0.186687,0.134191,0.533,0.531759,0.078286,-0.483027,-1.15541,0.0,23.70409,23.7226469,0.2581207260521069,23.206405447895786,24.238888352104215,23.574610692019533,0.31963326803484193,0.0018651297812219462
2013-11-29,0.337584,0.787701,-0.112532,-0.633619,-0.633604,0.585142,1.050263,1.187797,0.813954,0.259564,-0.277571,-1.0,23.5539,23.745617850000002,0.21633668966322575,23.31294447067355,24.178291229326454,23.57263824516053,0.2815333649126046,-0.006356195244637849
2013-12-02,-0.037509,0.300075,-0.375098,0.0,0.0,0.270063,0.847711,1.090272,0.836459,0.376593,-0.138786,0.0,23.5539,23.75091865,0.2098593540990342,23.33119994180193,24.170637358198068,23.570853650383334,0.2484746560286588,0.0
2013-12-03,0.150606,0.150606,-0.82831,-0.375098,-0.375101,0.519582,0.978923,1.357939,1.240594,0.825308,0.289916,0.0,23.465549,23.75666125,0.19965456227030728,23.357352125459386,24.155970374540615,23.56082463606111,0.21269439515344502,-0.003758066326221744
2013-12-04,-1.126122,0.075079,-1.651644,0.301205,0.301203,0.112615,0.529286,0.950959,0.977861,0.587095,0.066324,0.0,23.536228,23.766379649999998,0.18238460449864402,23.40161044100271,24.131148858997285,23.558482099293386,0.18787577030644087,0.0030075055789835765
2013-12-05,0.680522,0.718329,-0.378076,-0.713206,-0.71319,0.544409,1.058585,1.49967,1.618133,1.321724,0.879632,-1.0,23.36837,23.74650125,0.20294246085134787,23.340616328297305,24.152386171702698,23.54037618507497,0.15289956257381832,-0.007157452521006601
2013-12-06,-0.631036,0.148474,-0.965111,1.852552,1.852534,-1.076464,-0.768373,-0.358819,-0.167035,-0.402372,-0.831475,1.0,23.801277,23.76152065,0.19475903652062654,23.37200257695875,24.151038723041253,23.565223881734493,0.15828799739784571,0.018355836121497836
2013-12-09,-0.956238,0.514891,-1.140132,0.927988,0.928005,-1.596187,-1.640323,-1.277443,-1.059226,-1.222521,-1.582703,1.0,24.022154,23.76770515,0.20119404943596778,23.365317051128066,24.170093248871936,23.60874103585502,0.17832567143492994,0.009237253201647573
2013-12-10,-0.184226,0.92115,-0.257918,-0.183898,-0.183914,-0.987462,-1.308025,-1.115196,-0.852975,-0.935879,-1.272406,0.0,23.977974,23.7734478,0.20565058630561983,23.36214662738876,24.18474897261124,23.643906080059303,0.18846817193195875,-0.0018408289442846722
2013-12-11,1.993984,2.069221,-0.150485,-2.063371,-2.063364,1.053425,0.696009,0.855278,1.147477,1.175318,0.854024,-1.0,23.483221,23.75268565,0.21318787328902047,23.326309903421958,24.179061396578042,23.628602739101275,0.15479931423667637,-0.020849492826857073
2013-12-12,-0.15072,0.602864,-0.226078,-0.150485,-0.150478,1.273539,0.738496,0.90177,1.184991,1.273537,1.027367,0.0,23.447884,23.7257393,0.21607741884943787,23.293584462301126,24.157894137698875,23.611391430615438,0.12383757884308721,-0.001505909851387535
2013-12-13,-0.931446,0.372582,-1.229508,1.130365,1.130349,0.067073,-0.32041,-0.243412,0.026087,0.177354,-0.014896,1.0,23.712927,23.719113099999998,0.21423728865831712,23.290638522683363,24.147587677316633,23.62106148484254,0.11931158582710566,0.011240086199746117
2013-12-16,-0.148254,0.407709,-0.407706,0.52161,0.521606,-0.60785,-0.719041,-0.785759,-0.533719,-0.352844,-0.479357,0.0,23.836615,23.709394500000002,0.20348374362391727,23.30242701275217,24.116361987247835,23.64159039104801,0.12427275271399196,0.005202501381753297
2013-12-17,0.258968,0.406948,-0.332963,0.185326,0.185345,-0.873114,-0.72883,-0.895314,-0.752879,-0.534233,-0.589481,0.0,23.880795,23.7010016,0.1918853866565965,23.31723082668681,24.084772373313193,23.66437178237677,0.1302678236058341,0.0018517355667106163
2013-12-18,-1.386352,0.218895,-2.079533,1.405842,1.405837,-1.641738,-1.824153,-2.11602,-2.059471,-1.860638,-1.847261,1.0,24.21652,23.71778785,0.22092842624138698,23.275930997517225,24.159644702482776,23.716957326912315,0.16026176434895234,0.013960465467340283
2013-12-19,-0.549048,0.292826,-1.793558,-0.328347,0.478112,-1.382813,-1.895156,-2.409668,-2.42002,-2.270826,-2.23672,0.0,24.332302,23.7434555,0.25971599043437565,23.224023519131247,24.262887480868752,23.775561581492095,0.19117111661950048,0.004769723125549276
2013-12-20,-0.328951,0.402039,-1.242694,0.146417,0.146414,-0.989399,-1.806046,-2.32964,-2.440974,-2.327942,-2.261047,0.0,24.367928,23.773113149999997,0.2949566414313171,23.18319986713736,24.363026432862632,23.831977430873803,0.21605121749676925,0.001463073433330266
2013-12-23,0.109489,0.328467,-0.474453,0.146195,0.146196,-0.669302,-1.793104,-2.24011,-2.485337,-2.409458,-2.334738,0.0,24.403553,23.79704245,0.32573250010777743,23.145577449784444,24.448507450215555,23.88641319936201,0.23592393222970642,0.0014608949986959978
2013-12-24,-0.833039,0.18109,-0.905469,0.766427,0.766417,-0.847512,-2.290929,-2.678655,-3.028807,-3.063567,-2.978957,1.0,24.590586,23.84578465,0.36744187096753905,23.11090090806492,24.580668391935077,23.95347727561325,0.26372514255062285,0.0076349503172350236
2013-12-26,-0.538987,0.467118,-0.826446,0.796809,0.796829,-1.171406,-2.537535,-3.111724,-3.568131,-3.683713,-3.626509,1.0,24.786531,23.902115199999997,0.42004087845646015,23.062033443087078,24.742196956912917,24.032815725554844,0.2981322430293929,0.007936714027683095
2013-12-27,0.035932,0.395261,-0.251527,0.0,0.0,-0.804894,-1.997465,-2.730291,-3.349778,-3.527567,-3.518962,0.0,24.786531,23.956237249999997,0.4609284596531083,23.034380330693782,24.878094169306213,24.10459813264486,0.3216918545950449,0.0
2013-12-30,-0.179272,0.3227,-0.322696,0.215591,0.215589,-0.638222,-1.754572,-2.660774,-3.298826,-3.563574,-3.59306,0.0,24.839968,24.020540649999997,0.490598564815006,23.039343520369986,25.00173777963001,24.174633358107254,0.3407470163106403,0.002153568022308126
2013-12-31,-0.463792,0.214053,-0.713525,0.501979,0.501961,-0.684972,-1.793408,-2.895249,-3.499254,-3.878644,-3.949903,0.0,24.964655,24.091078399999997,0.520482519566652,23.050113360866693,25.1320434391333,24.249873514477994,0.3617396584945318,0.005007055690316947
2014-01-02,1.309095,1.600004,-0.327273,-1.890835,-1.890833,1.149101,0.349101,-0.883693,-1.429751,-1.882916,-2.038333,-1.0,24.492615,24.1424317,0.5059821295352729,23.130467440929454,25.154395959070545,24.272991751194375,0.33640888347057896,-0.019089380969468953
2014-01-03,0.14556,0.436681,-0.254731,-0.072727,-0.072712,0.967971,0.527651,-0.541475,-1.166283,-1.678342,-1.88615,0.0,24.474806,24.1893606,0.4900743074202079,23.209211985159584,25.169509214840417,24.29221215584253,0.3113084542242248,-0.0007273816109370242
2014-01-06,1.467351,1.724138,-0.403522,-0.800582,-0.800587,1.364634,1.316947,0.489379,-0.18114,-0.790144,-1.031181,-1.0,24.278864,24.2348853,0.45048623065562327,23.33391283868875,25.135857761311247,24.290940902905145,0.2724645002081445,-0.008038084312270464
2014-01-07,0.696222,0.732865,-0.293155,0.110055,0.110055,0.813479,1.179915,0.541465,-0.187131,-0.775503,-1.067185,0.0,24.305584,24.260100650000002,0.4389032327731824,23.382294184453638,25.137907115546366,24.292335483580846,0.24105770432423057,0.0010999405692115607
2014-01-08,0.51452,0.551275,-0.330753,-0.293155,-0.293163,0.507176,1.407581,0.94649,0.150119,-0.37145,-0.733746,0.0,24.234329,24.270709399999998,0.43539936689764325,23.39991066620471,25.141508133795284,24.286811056573146,0.2080199844228794,-0.0029359365017069773
2014-01-09,0.404118,0.514335,-1.065389,0.036751,0.036762,0.264512,1.227039,1.009062,0.168025,-0.279747,-0.683947,0.0,24.243238,24.283972600000002,0.4300197045131829,23.423933190973635,25.14401200902637,24.28266124166142,0.1804758222845244,0.00036755145324437517
2014-01-10,0.853123,1.001487,-0.370912,-0.95518,-0.95519,0.845705,1.880573,1.92632,1.244087,0.761158,0.322689,-1.0,24.011669,24.310395,0.39285763059098455,23.52467973881803,25.09611026118197,24.256852456741285,0.13836619300479214,-0.00959781261776489
2014-01-13,0.935279,1.384212,-0.187056,-0.853112,-0.853114,1.316876,2.345685,2.656199,2.190632,1.701831,1.200305,-1.0,23.806822,24.3283419,0.35803733686317946,23.612267226273644,25.04441657372636,24.213992413242114,0.0874564242756044,-0.008567742260425911
2014-01-14,-0.482013,0.111238,-0.852796,0.897864,0.897885,0.177962,1.093796,1.646264,1.345282,0.833311,0.36449,1.0,24.02058,24.34372455,0.3361448095454529,23.671434930909093,25.01601416909091,24.19557218340953,0.06362511915415325,0.008938784644980224
2014-01-15,-0.694952,0.219459,-1.207023,1.371898,1.371878,-1.082659,-0.526696,0.256042,0.079205,-0.477405,-0.88476,1.0,24.350113,24.369399449999996,0.3142719266306456,23.740855596738704,24.997943303261287,24.21029035641815,0.07051632888345338,0.013625527270054574
2014-01-16,0.073522,0.257349,-0.44118,-0.512067,-0.512051,-0.588248,-0.125012,0.671557,0.665429,0.075683,-0.270071,-1.0,24.225428,24.3866311,0.2949241568977803,23.79678278620444,24.97647941379556,24.21173203675928,0.06516543817126674,-0.005133664855498736
2014-01-17,1.128664,1.279157,-1.128664,-2.279415,-2.279411,1.444686,1.866052,2.706283,2.898783,2.442134,2.0755,-1.0,23.673231,24.359466649999998,0.3338663991838826,23.691733851632232,25.027199448367764,24.16044622373459,0.01618061566831841,-0.023057909207919874
2014-01-21,1.673636,1.711674,-0.950932,-1.091042,-1.091059,2.22899,2.620769,3.448714,3.837962,3.56654,3.20812,-1.0,23.414942,24.31359865,0.3951801791151554,23.52323829176969,25.10395900823031,24.089445821474154,-0.04298645171340354,-0.010970550523688824
2014-01-22,1.192763,1.231239,0.0,-1.141122,-1.141113,2.654867,3.305113,4.15544,4.772986,4.664329,4.305326,-1.0,23.147751,24.252589800000003,0.47289631524740644,23.306797169505188,25.198382430494817,23.999760600381375,-0.11016692385904392,-0.011476738802914848
2014-01-23,0.619675,0.619675,-1.123156,-0.654098,-0.654098,2.153372,3.446938,4.270588,5.156852,5.207286,4.843385,-1.0,22.996342,24.18222925,0.547979258243724,23.08627073351255,25.27818776648745,23.904196924154576,-0.173623944214075,-0.006562466982759236
2014-01-24,2.484966,2.565126,0.0,-3.369477,-3.369479,3.911823,6.144285,7.225112,8.290576,8.577149,8.235763,-1.0,22.221485,24.0637742,0.692154336419764,22.679465527160474,25.448082872839528,23.74393864566366,-0.2831743169228389,-0.0342755461406188
2014-01-27,0.757878,0.877547,-0.678101,0.480958,0.480962,2.20981,4.882327,6.070996,7.221774,7.719181,7.545276,0.0,22.328362,23.94086575,0.7708376596583474,22.399190430683305,25.482541069316696,23.60912182226712,-0.35725152269839455,0.004798095268023338
2014-01-28,-0.510601,0.628445,-0.628437,1.55564,1.55564,-0.007853,2.776907,3.974862,5.113902,5.776904,5.784376,1.0,22.675711,23.83532475,0.7931387356630234,22.249047278673956,25.421602221326047,23.520225553479776,-0.38350922497042816,0.015436642699143112
2014-01-29,0.197703,0.909446,-0.514041,-0.667706,-0.66771,0.110714,2.803478,4.146561,5.306439,6.160532,6.319555,-1.0,22.524303,23.7195415,0.807649832140173,22.10424183571965,25.334841164280345,23.425375786481702,-0.41178915438617736,-0.0066994920092629485
2014-01-30,0.0,0.352941,-0.666667,0.830364,0.830361,-0.964702,1.2353,2.841833,3.943139,4.988237,5.278832,1.0,22.711336,23.60687555,0.7815627109675823,22.043750128064836,25.170000971935167,23.35737199729297,-0.4143330289496667,0.008269323477527452
2014-01-31,0.318345,0.994827,-0.198961,-1.450984,-1.450985,0.636696,1.902118,3.801572,5.001996,6.139282,6.605657,-1.0,22.381798,23.5013347,0.7980063435369232,21.905322012926156,25.097347387073846,23.264460188026973,-0.43789228077064024,-0.01461614385129995
2014-02-03,3.203281,3.531823,-0.123203,-3.103856,-3.103857,3.268996,4.250517,6.412051,7.722796,8.967559,9.631762,-1.0,21.687099,23.36194935,0.8600706106115461,21.64180812877691,25.08209057122309,23.114235312976785,-0.5067777426728775,-0.031530471623053176
2014-02-04,-0.162796,0.854705,-0.691901,0.903491,0.903496,1.619859,2.617012,4.873152,6.210824,7.461129,8.277029,1.0,21.883041,23.2421582,0.8918976425065281,21.458362914986942,25.025953485013055,22.996978711740898,-0.5393418881213776,0.00899438564838672
2014-02-05,-0.244702,0.489392,-0.815661,-0.2035,-0.203518,1.199033,2.22677,4.420898,5.862577,7.130522,8.111762,0.0,21.838505,23.11880425,0.9075470300592505,21.3037101898815,24.9338983101185,22.88664788205129,-0.5622614905312133,-0.0020372571181986564
2014-02-06,-0.60121,0.601198,-1.322645,1.753675,1.753691,-0.98598,0.116228,1.982629,3.585166,4.790375,5.92117,1.0,22.221485,23.01816205,0.8887424570339233,21.240677135932152,24.79564696406785,22.82329903614164,-0.5432597945214681,0.01738491750873408
2014-02-07,0.039698,0.357285,-0.754272,0.961924,0.961929,-1.881709,-0.742368,0.479018,2.195306,3.425159,4.591759,1.0,22.43524,22.92776215,0.8486194404184656,21.23052326916307,24.62500103083693,22.78634103269958,-0.5051297501318217,0.009573323279973128
2014-02-10,1.357285,1.357285,-0.479038,-0.555784,-0.5558,-0.77444,-0.195597,0.633413,2.385244,3.615183,4.806401,-1.0,22.310545,22.84270595,0.818996688704677,21.204712572590644,24.480699327409354,22.741027124823425,-0.4794464988278939,-0.0055735002880222
2014-02-11,-0.865124,0.353913,-1.061738,1.51697,1.516987,-1.580818,-1.698789,-1.095825,0.59968,1.778994,2.925671,1.0,22.648993,22.7848145,0.7875789850295506,21.209656529940897,24.359972470059102,22.732261970078337,-0.4268618147712182,0.015055955126091583
2014-02-12,0.708944,0.945254,-0.157538,-0.157298,-0.157314,-0.740437,-1.50452,-1.097533,0.447039,1.640028,2.759629,0.0,22.613363,22.71445365,0.7322854906729004,21.249882668654198,24.1790246313458,22.720938258642306,-0.383640745327714,-0.0015743770545026546
2014-02-13,-0.825476,0.0,-1.29717,0.196936,0.196932,-0.55031,-1.721693,-1.391503,-0.123812,1.161957,2.218299,0.0,22.657896,22.6298428,0.6229486798549576,21.383945440290084,23.875740159709913,22.714934234009707,-0.3418536197485835,0.0019673857254176477
2014-02-14,-1.048955,0.42735,-1.398605,1.179241,1.17924,-1.282046,-2.630139,-2.336172,-1.571472,-0.247074,0.799028,1.0,22.925087,22.56482575,0.504191315416565,21.55644311916687,23.57320838083313,22.734948783151637,-0.2839042692834681,0.01172341266849764
2014-02-18,1.403509,1.520472,0.0,-0.34965,-0.349634,-0.467844,-1.781683,-1.84276,-1.407411,-0.101368,0.914876,0.0,22.844933,22.52341085,0.43803164766240954,21.647347554675182,23.39947414532482,22.745423470470527,-0.241661031519822,-0.0035024709160900325
2014-02-19,1.102362,1.456693,-0.118106,-0.974659,-0.974667,0.488187,-0.488188,-0.892386,-0.612201,0.672446,1.664046,-1.0,22.622271,22.4837773,0.3858750776071895,21.712027144785623,23.255527455214377,22.73369466375905,-0.2235727166734307,-0.009794478676451054
2014-02-20,0.756361,0.796174,-0.398093,-1.102358,-0.238287,0.688333,0.072902,-0.642645,-0.503169,0.655519,1.650291,0.0,22.568365,22.454808,0.3538213593786494,21.7471652812427,23.1624507187573,22.717948981496285,-0.21115331653254898,-0.0023857166147345796
2014-02-21,0.721732,1.002406,0.0,-0.71656,-0.716547,1.190761,0.877786,-0.016218,0.08333,1.035025,2.112025,-1.0,22.406652,22.4253235,0.3300936665373673,21.765136166925267,23.085510833074736,22.688301649925208,-0.2119168940115408,-0.007191267850151675
2014-02-24,-1.06762,0.632661,-1.304871,1.403368,1.40336,-0.389216,-0.392489,-1.300376,-1.191817,-0.628071,0.47555,1.0,22.721098,22.45030415,0.33274982766044864,21.784804494679104,23.115803805320898,22.69142511183709,-0.1850161197399629,0.013936041088462406
2014-02-25,0.435295,0.831025,-0.395726,-0.079087,-0.079076,-0.435304,-0.140739,-0.923914,-1.031084,-0.720348,0.362942,0.0,22.703131,22.4690426,0.33605728257947687,21.79692803484105,23.141157165158955,22.692539958328798,-0.16326483368969846,-0.0007910756586307101
2014-02-26,0.118581,0.237162,-0.79051,0.118714,0.118702,-0.458488,-0.223459,-0.792945,-1.136463,-0.958576,0.086048,0.0,22.73008,22.47176105,0.3380311682570655,21.79569871348587,23.147823386514133,22.696115200392722,-0.1422128821267883,0.0011863129445343198
2014-02-27,-1.137259,0.23529,-1.372549,0.790518,0.790508,-0.941163,-0.876637,-1.259301,-1.827731,-1.776918,-0.860556,1.0,22.909763,22.491034050000003,0.35188906929266356,21.787255911414675,23.19481218858533,22.71646260987913,-0.10976484164728006,0.00787399414840108
2014-02-28,0.274841,0.863769,-0.62819,-0.117651,-0.117631,-0.408327,-0.661608,-0.950343,-1.674646,-1.681086,-0.957541,0.0,22.882814,22.49960795,0.35954509046626343,21.780517769067476,23.218698130932527,22.73230559941445,-0.0852414841018252,-0.0011770031248130208
2014-03-03,0.358272,0.358272,-0.796182,-1.374158,-1.374171,0.843949,0.564428,0.469058,-0.263327,-0.24971,0.177688,-1.0,22.568365,22.5089363,0.35874699740688987,21.79144230518622,23.226430294813778,22.716692208994026,-0.09014086512345898,-0.013837001547802555
2014-03-04,-0.506823,0.311891,-0.740745,2.109869,2.109856,-0.943459,-1.426884,-1.394558,-2.029625,-2.186502,-1.983185,1.0,23.044525,22.576807600000002,0.32155847429628004,21.933690651407442,23.219924548592562,22.747914379566026,-0.054967891677463854,0.020879067201962677
2014-03-05,-0.578477,0.115692,-1.07983,1.091618,1.091635,-1.527193,-2.202082,-2.274166,-2.784275,-3.136218,-3.058623,1.0,23.296087,22.6474599,0.3162954153391069,22.014869069321787,23.280050730678216,22.800121295797833,-0.00671668009809423,0.010857192440348223
2014-03-06,-0.610221,0.228841,-0.762773,1.118392,1.118394,-2.067125,-2.864224,-3.088087,-3.494825,-4.032262,-4.072961,1.0,23.556629,22.7333661,0.3183341445150266,22.09669781096995,23.370034389030053,22.87216964857899,0.05194749626863171,0.01112186049818948
2014-03-07,0.765408,0.841948,-0.612323,-0.343249,-0.343249,-1.224648,-2.074244,-2.522031,-2.895286,-3.571468,-3.674483,0.0,23.475771,22.7960804,0.3352828366300466,22.125514726739908,23.466646073260094,22.929655491571467,0.09086725272382878,-0.003438399046723246
2014-03-10,0.30722,0.345614,-0.768053,-0.344424,-0.344423,-0.176661,-1.44778,-2.051251,-2.354575,-3.064977,-3.174377,0.0,23.394915,22.84406415,0.34930195871185543,22.14546023257629,23.542668067423712,22.973965920945613,0.11387436387563454,-0.0034501769488612124
2014-03-11,0.617757,0.772201,-0.540541,-0.537638,-0.537634,0.555979,-0.671823,-1.400263,-1.620783,-2.26905,-2.516229,-1.0,23.269136,22.8919937,0.33781993551691897,22.216353828966163,23.567633571033838,23.002077357046034,0.1205685123407143,-0.005390843782817251
2014-03-12,-0.310559,0.271739,-0.504662,-0.540541,-0.540553,0.970503,0.046587,-0.71428,-0.979297,-1.520064,-1.919059,-1.0,23.143354,22.91671175,0.33718938050019354,22.242332988999614,23.591090511000388,23.0155322754226,0.11440532367556955,-0.005420192191378495
2014-03-13,2.604578,2.604578,-0.513027,-1.630435,-1.630438,1.949495,1.64168,0.989222,0.695459,0.275167,-0.258014,-1.0,22.766016,22.924344400000003,0.3316434742421783,22.261057451515647,23.587631348484358,22.99176882062045,0.07817181319802913,-0.01643875737721192
2014-03-14,0.557543,1.075261,-0.079654,-0.907652,-0.907638,2.07088,2.4293,1.959369,1.595947,1.253551,0.633122,-1.0,22.559383,22.919418750000002,0.33650504956014043,22.246408650879722,23.59242884912028,22.950589218656596,0.0324093441549671,-0.009117820740123309
2014-03-17,-0.668502,0.786469,-0.707825,1.274389,1.274392,0.306718,1.262279,0.713059,0.300392,0.051491,-0.565346,1.0,22.846878,22.915508300000003,0.3368899178459237,22.241728464308157,23.58928813569185,22.94071195973692,0.019120294686413075,0.012663400843442151
2014-03-18,-0.506823,0.311891,-0.701758,0.86512,0.865094,-0.748524,0.393779,-0.051967,-0.516553,-0.679223,-1.221824,1.0,23.044525,22.9254879,0.3376446361240909,22.250198627751818,23.600777172248183,22.950598915952447,0.024257463396960333,0.008613736305135521
2014-03-19,1.424043,1.661392,-0.672468,-1.442491,-1.442473,0.324361,1.606007,1.405583,0.95925,0.785537,0.345557,-1.0,22.712114,22.92998005,0.3339759249349674,22.262028200130068,23.597931899869934,22.927886066814118,0.0014887555388760632,-0.014529775582565373
2014-03-20,0.39573,0.39573,-0.593585,-0.039561,-0.039552,0.308659,1.270271,1.38503,1.028877,0.841231,0.512208,0.0,22.703131,22.93671835,0.3275945346604686,22.281529280679063,23.591907419320936,22.90648082235563,-0.01708353415665087,-0.0003955940397172241
2014-03-21,1.141736,1.692913,-0.23622,0.514444,0.514422,0.023632,0.464578,0.847778,0.602372,0.353537,0.085211,0.0,22.819921,22.9573818,0.30462894823006986,22.34812390353986,23.56663969646014,22.89823702975033,-0.02212320803027623,0.005131038061015195
2014-03-24,0.314837,0.472259,-0.826442,0.03937,0.039378,-0.031484,0.177098,0.884168,0.586385,0.297183,0.103296,0.0,22.828907,22.96277225,0.301161936415397,22.360448377169206,23.565096122830795,22.891634169774107,-0.025102722227213548,0.0003937012409637254
2014-03-25,-0.46693,0.038903,-1.206233,1.141287,1.141299,-1.120632,-1.031141,-0.241257,-0.464994,-0.79223,-0.913842,1.0,23.089453,22.98208835,0.2959768773239907,22.39013459535202,23.574042104647983,22.91047405836705,-0.0063667322421707695,0.01134834938338874
2014-03-26,0.702568,1.170956,-0.078068,-0.311284,-0.311281,-0.546459,-0.776751,-0.010423,-0.091741,-0.413755,-0.551065,0.0,23.01758,22.99646335,0.2900147512172755,22.416433847565447,23.57649285243455,22.920674624236856,0.0026515588542821433,-0.003117661386539382
2014-03-27,-0.891124,0.154983,-1.162336,0.7416,0.741607,-0.860141,-1.325078,-0.852395,-0.767158,-1.039921,-1.200512,1.0,23.18828,23.0103892,0.2923102761316788,22.425768647736643,23.595009752263355,22.946160850500014,0.023304048358863128,0.007388706825695077
2014-03-28,0.077284,0.540962,-0.386391,0.271213,0.271193,-0.75733,-1.294428,-1.184949,-0.956332,-1.162282,-1.382672,0.0,23.251165,23.028806749999998,0.29543670480386264,22.437933340392274,23.61968015960772,22.975208864738107,0.04423566778998733,0.002708259689008968
2014-03-31,0.502128,0.733878,-0.309,0.03864,0.038639,-0.424862,-1.154879,-1.261741,-0.84588,-1.107758,-1.372745,0.0,23.260149,23.06339595,0.278714951605542,22.505966046788917,23.620825853211084,23.002346020477336,0.060847646913629205,0.00038631461204156116
2014-04-01,-0.154623,0.463854,-0.463862,-0.077242,-0.077244,-0.216463,-0.993426,-1.193144,-0.72671,-0.93854,-1.239531,0.0,23.242182,23.0732788,0.28150099421712416,22.510276811565753,23.63628078843425,23.02518754233664,0.07173604483769935,-0.0007727354955189761
2014-04-02,-0.460833,0.076797,-0.652842,0.657132,0.657137,-0.545319,-1.347928,-1.766517,-1.353691,-1.471588,-1.774198,1.0,23.394915,23.078220199999997,0.2864420018123772,22.505336196375243,23.65110420362475,23.06039968116172,0.0916331652074085,0.006549873635180866
2014-04-03,-0.304994,0.114373,-0.686241,0.729643,0.729637,-0.94548,-1.696525,-2.251868,-2.066331,-2.073957,-2.344639,1.0,23.565613,23.078669400000003,0.2872376710381469,22.50419405792371,23.653144742076297,23.108515235336792,0.11979475905595649,0.00726988213585048
2014-04-04,1.345123,1.460415,-0.115296,-0.80061,-0.800607,-0.038432,-0.664869,-1.229821,-1.297077,-1.199076,-1.418139,-1.0,23.376945,23.0737281,0.28082532851016084,22.512077442979677,23.635378757020323,23.134079974828524,0.12544306467454902,-0.00803829292320033
2014-04-07,0.386851,0.735014,-0.425532,-0.653344,-0.653332,0.587999,0.158601,-0.471963,-0.684729,-0.436374,-0.697625,-1.0,23.224216,23.06519315,0.2730358674537976,22.519121415092403,23.611264884907595,23.142664358178187,0.11625531477829654,-0.006554752866793636
2014-04-08,0.038835,0.660194,-0.31068,-0.386847,-0.386842,0.885426,0.566979,-0.059559,-0.328169,-0.034189,-0.249854,0.0,23.134375,23.058455099999996,0.26937632933910194,22.519702441321794,23.5972077586782,23.141874895494553,0.10056528491908523,-0.003875920753140741
2014-04-09,-0.346821,0.038528,-1.387287,0.776703,0.776684,0.038539,-0.080923,-0.657672,-1.059729,-0.801541,-0.935132,1.0,23.314056,23.0669902,0.2748564761906951,22.51727724761861,23.61670315238139,23.15827309592364,0.1014600104149288,0.007736833835650195
2014-04-10,1.993745,2.071935,-0.039093,-1.425823,-1.425809,0.977323,1.274425,0.86004,0.418288,0.533221,0.5082,-1.0,22.981642,23.0777715,0.2665322815601136,22.544706936879773,23.610836063120228,23.141451086788052,0.07448741061350006,-0.014360717179270049
2014-04-11,0.314589,1.29768,0.0,-0.586396,-0.586398,1.108928,1.694845,1.462836,1.073531,1.016118,1.095812,-1.0,22.846878,23.09214625,0.24389408700217863,22.60435807599564,23.579934424004357,23.113396507093952,0.041755767913077335,-0.0058812454971847875
2014-04-14,-0.505636,0.155585,-1.089067,1.101058,1.101052,-0.101119,0.517315,0.435635,0.027231,-0.135352,0.071311,1.0,23.098434,23.104724049999998,0.236967817946379,22.63078841410724,23.578659685892756,23.111971506418335,0.03570261459607593,0.010950345213438534
2014-04-15,-0.580945,0.271104,-0.929512,0.427853,0.427856,-0.472502,0.069713,0.038729,-0.365996,-0.573201,-0.333078,0.0,23.197262,23.1123609,0.23738643879081744,22.637588022418363,23.587133777581634,23.12009441056897,0.03843696325544599,0.00426943144434228
2014-04-16,-0.421137,0.306279,-0.880559,1.161894,1.161909,-1.485466,-1.049021,-0.982662,-1.349559,-1.66005,-1.453568,1.0,23.466793,23.150094850000002,0.23029061936841605,22.68951361126317,23.610676088736835,23.153113323848114,0.06164227957540547,0.01155210353782091
2014-04-17,-0.338855,0.753016,-0.414149,1.684525,1.684516,-2.379517,-2.564005,-2.434742,-2.740966,-3.105424,-3.043427,1.0,23.862095,23.208043049999997,0.25625329479176545,22.695536460416466,23.720549639583528,23.220635388243533,0.11065466951753322,0.016704858666939718
2014-04-21,0.150429,0.451294,-0.112828,0.112956,0.112936,-1.617136,-2.459556,-2.366792,-2.626915,-2.992091,-3.095138,0.0,23.889044,23.2614992,0.28131473659542516,22.69886972680915,23.82412867319085,23.28429335126796,0.14994344603039522,0.0011287271225567592
2014-04-22,0.451471,0.714823,-0.037622,-0.037608,-0.037599,-0.925503,-2.148227,-2.157007,-2.370199,-2.782541,-2.990969,0.0,23.880062,23.31405695,0.294140963684802,22.725775022630398,23.902338877369605,23.341033222575774,0.1782999809503849,-0.00037605895768078864
2014-04-23,0.567752,0.908403,-0.113554,-0.601956,-0.601954,0.128692,-1.302042,-1.425686,-1.642694,-2.077213,-2.337876,-1.0,23.736315,23.34640005,0.3035572111093334,22.73928562778133,23.953514472218668,23.378679106139984,0.18701773359766705,-0.006037730954688056
2014-04-24,-0.075578,0.680272,-0.869233,0.151397,0.151405,0.23431,-1.258506,-1.468887,-1.632657,-2.046867,-2.397334,0.0,23.772253,23.3841337,0.30741230420948346,22.769309091581032,23.998958308418967,23.416162334126653,0.19458347446265734,0.0015129063395397876
2014-04-25,-0.112782,0.751876,-0.187974,0.529104,0.529087,-0.263153,-1.394728,-1.894727,-2.001872,-2.362398,-2.753125,0.0,23.898029,23.419621149999998,0.3241252759932769,22.771370598013444,24.06787170198655,23.462054397543163,0.20832698682739093,0.005276926696704024
2014-04-28,-0.224055,0.261385,-0.933532,0.676695,0.676696,-0.791633,-1.553394,-2.364943,-2.492528,-2.812542,-3.198901,1.0,24.059746,23.4600502,0.351296761910952,22.757456676178098,24.162643723821905,23.51897740730096,0.22962110065357777,0.006744166632332461
2014-04-29,0.261584,0.448427,-0.635277,-0.074686,-0.074677,-0.582963,-1.087445,-2.065272,-2.257101,-2.538117,-2.960889,0.0,24.041779,23.4991317,0.3708226642278854,22.75748637154423,24.24077702845577,23.568768035177058,0.24225449352989514,-0.0007470449569148366
2014-04-30,-0.334697,0.037192,-0.892521,0.485796,0.485796,-0.71402,-1.167718,-2.256103,-2.539975,-2.832277,-3.276309,0.0,24.158573,23.54495125,0.3933346355116001,22.7582819789768,24.3316205210232,23.624939936588767,0.2587086162275227,0.004846198159785231
2014-05-01,-0.149421,0.224131,-0.485622,-0.446259,-0.446264,-0.037355,-0.481882,-1.613743,-1.96675,-2.224875,-2.6572,0.0,24.050762,23.5777436,0.4072602587314969,22.763223082537007,24.392264117462997,23.665494418818408,0.2600514688683724,-0.004472626711170317
2014-05-02,0.337331,0.712148,-0.074963,-0.336197,-0.336197,0.359821,-0.101199,-1.006994,-1.55172,-1.764615,-2.152671,0.0,23.969904,23.59795815,0.4165540033061119,22.764850143387775,24.431066156612225,23.69448580750237,0.2516898010642734,-0.0033676366095119693
2014-05-05,0.413849,0.413849,-0.300978,-0.374813,-0.374812,0.586908,0.270881,-0.346123,-1.075994,-1.289689,-1.636566,0.0,23.880062,23.623114,0.41769460952282383,22.787724780954353,24.45850321904565,23.712159730597385,0.2351034937982206,-0.0037551585960763174
2014-05-06,1.221837,1.298205,0.0,-1.467265,-1.467274,1.649489,1.615126,1.26003,0.462017,0.226048,-0.072538,-1.0,23.529676,23.638387,0.407808824181397,22.82276935163721,24.454004648362794,23.694780327683347,0.19147826168039117,-0.01478145184722892
2014-05-07,-0.980026,0.0,-0.980026,1.298205,1.298207,0.075388,0.354319,0.140726,-0.678472,-0.958909,-1.248895,1.0,23.83514,23.67342525,0.3920246214157983,22.889376007168405,24.457474492831597,23.70814791552303,0.17948435889086056,0.01289852936595378
2014-05-08,0.151282,0.60514,-0.529508,-0.339239,-0.339222,0.166402,0.688338,0.562267,-0.247742,-0.561281,-0.809391,0.0,23.754286,23.695436750000002,0.383040801216006,22.92935514756799,24.461518352432016,23.71254201880655,0.1615921289686817,-0.0033979849976355147
2014-05-09,0.529898,0.567752,-0.416355,-0.075647,-0.075654,0.045419,0.69644,0.603076,-0.013248,-0.457229,-0.657331,0.0,23.736315,23.7331704,0.3442288385023482,23.044712722995303,24.421628077004694,23.71480611225354,0.1442989103234602,-0.0007568234757773879
2014-05-12,-1.005587,0.037248,-1.266294,1.627555,1.627557,-1.355682,-0.890133,-0.943517,-1.350096,-1.927748,-2.127873,1.0,24.122637,23.79695835,0.28434304104193847,23.228272267916125,24.365644432083876,23.753647149181777,0.15992336967180876,0.0161445403600336
2014-05-13,-0.111445,0.111445,-0.557207,0.260708,0.260705,-1.069835,-1.088411,-1.11689,-1.381872,-2.023773,-2.254829,0.0,24.185526,23.85131295,0.2449627721502269,23.361387405699546,24.341238494300455,23.794778468307324,0.1753590529826603,0.0026036608151421624
2014-05-14,0.560538,0.74738,-0.336323,-0.594354,-0.594351,-0.306427,-0.545593,-0.44096,-0.616594,-1.286997,-1.559543,-1.0,24.041779,23.893538799999998,0.193712029609498,23.506114740781,24.280962859218995,23.818302328468533,0.1739871461409308,-0.005961246463514219
2014-05-15,0.451124,0.751876,-1.052632,-0.597907,-0.597917,0.413541,-0.011271,0.192989,0.071435,-0.595481,-0.897235,-1.0,23.898029,23.9151006,0.16568400767516533,23.583732584649667,24.24646861535033,23.825895344804866,0.1594622943858326,-0.005997121675417587
2014-05-16,-0.674916,0.037495,-1.124856,0.263158,0.263156,0.337465,-0.277457,-0.052485,-0.170596,-0.692904,-1.102352,0.0,23.960918,23.920041750000003,0.16549351375932164,23.58905472248136,24.251028777518645,23.838754645299638,0.15128197697787016,0.002628099452224181
2014-05-19,-0.225487,0.300639,-0.488542,-0.224968,-0.224962,0.383312,-0.041339,0.130276,0.058248,-0.29162,-0.805461,0.0,23.907015,23.9209403,0.1653650899803822,23.590210120039238,24.251670479960765,23.84525563146158,0.13884893083798033,-0.002252155854898654
2014-05-20,1.178715,1.216738,-0.570338,-1.164983,-1.164984,1.095061,1.178715,1.193924,1.184418,0.973393,0.420795,-1.0,23.628502,23.9083623,0.17774192540934217,23.552878449181318,24.263846150818683,23.824612428465237,0.1053080550208243,-0.011718235316177519
2014-05-21,-0.452997,0.11325,-0.528501,0.722437,0.722433,0.166103,0.437909,0.367442,0.471884,0.35033,-0.206358,1.0,23.799202,23.91150665,0.17507436131940166,23.561357927361197,24.261655372638803,23.822192387659022,0.09144659328349647,0.007198355504898319
2014-05-22,-0.339495,0.22633,-0.754436,0.0755,0.075494,0.02264,0.388544,0.226342,0.40552,0.333473,-0.211226,0.0,23.817169,23.91375245,0.17347481974913923,23.566802810501724,24.260702089498277,23.821713969786735,0.08097761222680688,0.0007546564542976574
2014-05-23,0.150883,0.264051,-0.301773,0.0,0.0,-0.09807,0.422492,0.18359,0.388545,0.325927,-0.09429,0.0,23.817169,23.90970945,0.17479777302070085,23.560113903958598,24.259304996041404,23.82128111552133,0.0718525972994648,0.0
2014-05-27,-0.075277,0.225815,-0.451633,0.22633,0.226345,-0.353792,0.090321,-0.045167,0.122316,0.096347,-0.176893,0.0,23.871078,23.90027605,0.1713311059552198,23.55761383808956,24.24293826191044,23.82602367594787,0.06818496911080985,0.002260893463482116
2014-05-28,-0.375098,0.187543,-0.487618,0.338728,0.338732,-0.420116,-0.345096,-0.265073,-0.234441,-0.229564,-0.395104,0.0,23.951937,23.89578395,0.16858151224367754,23.558620925512642,24.232946974487355,23.838015421095694,0.07098472515547272,0.003381596791971488
2014-05-29,-0.186982,0.0,-0.71055,0.300075,0.300076,-0.531049,-0.650721,-0.511102,-0.560965,-0.480187,-0.578416,0.0,24.023811,23.88904585,0.15999993421652273,23.569045981566955,24.209045718433043,23.8557102381342,0.0781028619408346,0.002996266103923439
2014-05-30,-0.559918,0.0,-0.709224,0.18699,0.186981,-0.507654,-0.765216,-0.609684,-0.742817,-0.616651,-0.680605,0.0,24.068731,23.8899443,0.16100312121005117,23.567938057579898,24.2119505424201,23.875997929740468,0.08637305045425592,0.0018680656582051535
2014-06-02,-0.447264,0.074543,-0.819974,0.149306,0.14931,-0.417442,-0.853527,-0.655986,-0.862843,-0.730528,-0.795133,0.0,24.104668,23.8966825,0.1672254612131379,23.562231577573726,24.231133422426275,23.89777603166995,0.09473500384278566,0.001491985511189474
2014-06-03,-0.149313,0.074647,-0.447932,-0.149083,-0.149087,-0.104515,-0.638302,-0.522587,-0.675628,-0.580816,-0.622125,0.0,24.068731,23.906115949999997,0.17150531500662822,23.56310531998674,24.249126580013254,23.91405745722519,0.09734002141108888,-0.0014919855111895064
2014-06-04,0.715635,0.715635,-0.037657,-0.895864,-0.895872,0.715644,0.35406,0.283752,0.290031,0.286265,0.272455,-1.0,23.853106,23.92228745,0.1477444555969109,23.626798538806177,24.21777636119382,23.90825255653708,0.0810708468972372,-0.008999089712373896
2014-06-05,-0.859167,0.037359,-1.195364,0.828629,0.828638,-0.089654,-0.366083,-0.537918,-0.489354,-0.555847,-0.508032,1.0,24.050762,23.93306855,0.14891298212200763,23.635242585755986,24.230894514244017,23.92182488448593,0.08316788855280066,0.008252240578479814
2014-06-06,-1.434875,0.220751,-1.545254,1.531565,1.531573,-1.309794,-1.622524,-1.896012,-1.854313,-1.995593,-1.920538,1.0,24.419117,23.966310099999998,0.17822314978696485,23.60986380042607,24.322756399573926,23.96918603834441,0.1132475321455857,0.015199629101124353
2014-06-09,-1.384847,0.327988,-1.567059,0.956589,0.956591,-1.800302,-2.215753,-2.638497,-2.598409,-2.813423,-2.747826,1.0,24.652708,24.01212975,0.2270823935627631,23.557964962874472,24.466294537125528,24.034283368025896,0.1541576741952575,0.009520443324268628
2014-06-10,-0.364834,0.182412,-0.620212,-0.109333,-0.109339,-1.240424,-1.802262,-2.33735,-2.389642,-2.585921,-2.56476,0.0,24.625753,24.03728555,0.2647170496390899,23.50785145072182,24.56671964927818,24.090613809166285,0.18230274076756103,-0.0010939871960827447
2014-06-11,0.626151,0.773484,-0.331495,-0.948559,-0.948556,0.147329,-0.681403,-1.193376,-1.41253,-1.511608,-1.5838,-1.0,24.392164,24.04761745,0.2746534401107635,23.498310569778475,24.596924330221526,24.119332874959973,0.18364231439808876,-0.009530832091579499
2014-06-12,0.519292,0.741843,-0.259644,-0.69982,-0.699823,0.994072,0.100152,-0.380809,-0.680638,-0.753708,-0.881552,-1.0,24.221462,24.0566016,0.2773776897045371,23.501846220590927,24.611356979409074,24.129059458297117,0.1689817944288592,-0.007022833540018609
2014-06-13,-0.591723,0.110943,-0.591723,0.296743,0.296741,0.591717,-0.103552,-0.544874,-0.893126,-0.958584,-1.141522,0.0,24.293337,24.076366999999998,0.27955926135426395,23.51724847729147,24.635485522708525,24.1447049384593,0.1613035318383922,0.0029630155773832756
2014-06-16,0.484717,0.55928,-0.260999,-0.813613,-0.813635,0.954531,0.712177,0.348022,-0.052179,-0.086482,-0.313178,-1.0,24.095678,24.083105,0.2782511797686142,23.526602640462773,24.639607359537226,24.14003570622508,0.13768191263687868,-0.008169626902239335
2014-06-17,-0.29773,0.409375,-0.707112,0.186432,0.186465,0.364704,0.554508,0.235689,-0.189819,-0.269461,-0.462737,0.0,24.140608,24.09478465,0.2753582627315712,23.54406812453686,24.645501175463142,24.14009021039412,0.12119008092473038,0.0018629134504232563
2014-06-18,-0.037189,0.18595,-0.743764,0.074425,0.074418,0.096689,0.606175,0.218173,-0.154334,-0.348086,-0.449982,0.0,24.158573,24.121288200000002,0.25269306999943686,23.61590206000113,24.626674339998875,24.14185047607087,0.10832115202290638,0.0007439049878911808
2014-06-19,-1.002599,0.185667,-1.002599,0.148758,0.974892,-0.728189,-0.224414,-0.648218,-0.99639,-1.252435,-1.334739,1.0,24.394093,24.15103275,0.24774882637861034,23.65553509724278,24.646530402757218,24.16587357358793,0.11579214901409429,0.009701706073970322
2014-06-20,0.185395,0.259555,-0.370775,0.14853,0.148511,-0.763258,-0.367786,-0.696876,-1.017713,-1.311716,-1.388811,0.0,24.430321,24.18169035,0.24213407472724652,23.697422200545507,24.665958499454494,24.191059042770032,0.12321590849136044,0.0014840119391383055
2014-06-23,1.386803,1.424284,-0.29985,-1.075265,-1.075254,0.374934,0.514445,0.39986,0.130673,-0.204819,-0.257476,-1.0,24.167633,24.199213550000003,0.2265449689825474,23.746123612034907,24.6523034879651,24.18882799107765,0.10667290627564086,-0.010810766165817214
2014-06-24,0.300978,1.128664,-0.263356,-0.374813,-0.374824,0.69978,0.664719,0.779901,0.550171,0.198892,0.111478,0.0,24.077047,24.209512,0.2152428740518373,23.779026251896326,24.639997748103674,24.17818218240359,0.08526998537984554,-0.0037552785697616796
2014-06-25,0.189247,0.340651,-0.302801,-0.601956,-0.601943,1.120357,1.082102,1.412222,1.15495,0.856431,0.682445,-1.0,23.932117,24.208520999999998,0.21653295185622165,23.775455096287555,24.64158690371244,24.154747403127057,0.0559682099158465,-0.00603761566264549
2014-06-26,0.646626,0.646626,-0.342335,-0.492048,-0.492063,1.133513,1.410999,1.847521,1.61118,1.357707,1.148483,0.0,23.814356,24.19804825,0.23054838044900958,23.73695148910198,24.65914501089802,24.122329174257814,0.022979124182899824,-0.004932772260783947
2014-06-27,-0.529697,0.0,-0.756716,0.532518,0.532519,0.189185,0.726731,1.174947,1.046308,0.841535,0.618708,0.0,23.941172,24.1916703,0.23601376527295329,23.71964276945409,24.663697830545907,24.105076110042784,0.006987480099450494,0.005311062547377073
2014-06-30,0.608828,0.64688,-0.228318,-0.567533,-0.567533,0.456621,1.179669,1.515109,1.560173,1.415115,1.171221,-1.0,23.805298,24.1767018,0.25084913527803576,23.675003529443927,24.678400070556073,24.07652581384823,-0.016460166747691574,-0.005691493707555086
2014-07-01,-0.492424,0.378788,-0.530303,0.456617,0.456629,-0.136369,0.624994,0.855248,1.066176,0.961309,0.712317,0.0,23.914,24.168965250000003,0.2566728352425549,23.655619579514894,24.68231092048511,24.061047164910306,-0.025971865368696,0.004555900550768445
2014-07-02,-0.97708,0.150316,-1.01466,0.795458,0.795446,-0.781661,-0.191655,-0.020308,0.320683,0.189825,-0.016687,1.0,24.104223,24.1815211,0.24634266340090957,23.688835773198182,24.67420642680182,24.06515914920456,-0.017953590893771576,0.00792299186431802
2014-07-03,-0.186158,0.111683,-0.297841,0.939496,0.939495,-1.280713,-1.146685,-0.920944,-0.555529,-0.692243,-0.874469,1.0,24.330681,24.19551705,0.24647434473354304,23.702568360532915,24.688465739467084,24.090446944518412,0.006598157950044481,0.009351093177643235
2014-07-07,0.186912,0.336449,-0.261682,-0.409535,-0.409532,-0.635511,-0.822426,-0.530654,-0.185406,-0.25708,-0.409915,0.0,24.231039,24.18611315,0.2410218000854703,23.70406954982906,24.66815675017094,24.10383666408809,0.01781001635530899,-0.004103731903895116
2014-07-08,0.948047,1.061809,-0.075848,-1.420557,-1.420554,0.864616,0.489189,0.844433,1.092631,1.143761,1.034923,-1.0,23.886824,24.147818949999998,0.22316774200974107,23.701483465980516,24.59415443401948,24.083168791317792,-0.0010674736845004418,-0.014307404789224291
2014-07-09,0.417933,0.417933,-0.227964,-0.189613,-0.189619,0.995445,0.581313,0.952388,1.120221,1.297795,1.222738,0.0,23.84153,24.1086078,0.2027332522068666,23.703141295586267,24.514074304413736,24.06015557309705,-0.019458561622418102,-0.0018979918560426002
2014-07-10,-0.267183,0.343511,-0.381683,-0.455923,-0.455919,1.145035,0.958013,1.295164,1.444451,1.741474,1.655571,0.0,23.732832,24.0756412,0.2077425099610113,23.660156180077976,24.491126219922023,24.02898189946876,-0.04231684919061962,-0.004569612058979307
2014-07-11,-1.355925,0.0,-1.619578,1.33587,1.335862,-0.421836,-0.274942,-0.135581,0.071483,0.400116,0.319106,1.0,24.04987,24.0670616,0.20492749895957738,23.657206602080844,24.476916597919153,24.0309712423765,-0.03445274002962506,0.013270185200547152
2014-07-14,-0.112532,0.750191,-0.150034,0.414316,0.414318,-0.900222,-0.600145,-0.62515,-0.371198,-0.058799,-0.08367,0.0,24.149513,24.0598704,0.19900723688702077,23.66185592622596,24.45788487377404,24.04226093357874,-0.019950047780646685,0.004134623132027075
2014-07-15,0.526114,0.71401,-0.225487,-0.187543,-0.18754,-0.533638,-0.289366,-0.45597,-0.182231,0.037964,0.104004,0.0,24.104223,24.06029765,0.19909731082702126,23.662103028345957,24.45849227165404,24.048162082761714,-0.011973066129385757,-0.001877160902076221
2014-07-16,-1.221314,0.481125,-1.332346,1.54077,1.54078,-1.524804,-1.572916,-1.857889,-1.628429,-1.504549,-1.35956,1.0,24.475616,24.07704805,0.21927909468107257,23.638489860637854,24.515606239362143,24.08887197964155,0.024039943040452982,0.015290303277471195
2014-07-17,1.164972,1.390451,-0.037584,-1.517391,-1.5174,0.300636,-0.056371,-0.298134,-0.124013,-0.034733,0.194998,-1.0,24.104223,24.07433055,0.21855115867781177,23.637228232644375,24.511432867355623,24.09033398158045,0.022354512127474635,-0.015290303277471108
2014-07-18,1.171584,1.20938,-0.793647,-0.563705,-0.563698,0.801209,0.359031,0.309901,0.353363,0.489722,0.751535,-1.0,23.968348,24.053043300000002,0.20614875906951696,23.640745781860968,24.465340818139037,24.07871626904898,0.009940234208443144,-0.005652926773156868
2014-07-21,1.34719,1.34719,-1.000774,-1.814055,-1.814059,2.140109,1.916858,2.047729,2.016936,2.217203,2.487562,-1.0,23.533548,24.008204650000003,0.21701027377820292,23.574184102443596,24.44222519755641,24.026795481520505,-0.034584231217674954,-0.018307148986035256
2014-07-22,0.19216,0.307456,-0.653344,0.153965,0.15395,1.529605,1.625684,1.824251,1.733295,1.970832,2.176872,0.0,23.569778,23.9783119,0.23437539818080377,23.509561103638394,24.44706269636161,23.98327000708998,-0.06618380690802184,0.0015383205485168907
2014-07-23,0.617522,0.694712,0.0,-0.422752,-0.422741,1.10382,1.898881,2.130452,2.035895,2.289466,2.446524,0.0,23.470139,23.9479665,0.25892276113838897,23.43012097772322,24.46581202227678,23.934400387367127,-0.09813548806816996,-0.004236365851440009
2014-07-24,0.03855,0.539703,-0.154206,0.115789,0.115785,0.470315,1.680801,1.840145,1.825368,2.058599,2.201099,0.0,23.497314,23.92622635,0.27788323135906756,23.370459887281864,24.481992812718136,23.89277311237978,-0.11988269709030774,0.0011571844456820222
2014-07-25,0.697937,0.77549,-0.232652,-0.578257,-0.578241,0.535076,1.977496,2.155859,2.320652,2.475363,2.672793,-1.0,23.361443,23.9035807,0.3046457358525981,23.294289228294804,24.512872171705194,23.842170244534085,-0.14639363638582026,-0.005799188432800378
2014-07-28,0.312622,0.547089,-0.586163,-0.775498,-0.775517,1.016028,2.356397,2.652085,2.956241,3.060579,3.315202,-1.0,23.180271,23.86553565,0.34459638959976174,23.17634287080048,24.554728429199525,23.779132221245124,-0.1799484790089636,-0.007785399356179244
2014-07-29,0.471509,1.060896,0.0,-0.547085,-0.547077,1.12377,2.463651,2.975765,3.359525,3.434181,3.732828,-1.0,23.053457,23.827943599999998,0.38958592577132456,23.048771748457348,24.607115451542647,23.710020295412257,-0.21430340722927355,-0.005485792451232053
2014-07-30,-0.234005,0.585031,-0.936034,0.746554,0.746552,0.163813,1.166152,2.035887,2.445404,2.521067,2.83282,1.0,23.225563,23.79352175,0.41138572537153867,22.970750299256924,24.616293200743076,23.663881505372995,-0.22504820390069114,0.007437789020512836
2014-07-31,1.510938,1.630215,0.0,-1.911073,-1.911071,1.487079,2.55666,3.745526,4.151093,4.316501,4.634859,-1.0,22.781706,23.727395899999998,0.4619927870353989,22.8034103259292,24.651381474070796,23.579864790575567,-0.26630923600620804,-0.019295680056064086
2014-08-01,-1.104536,0.039452,-2.366864,0.795229,0.79523,0.339248,1.309663,2.611439,3.031557,3.345167,3.601577,1.0,22.962873,23.6590055,0.4691709814399523,22.720663537120096,24.597347462879902,23.52110366766361,-0.28114932399764214,0.007920848815688003
2014-08-04,0.237436,0.593589,-0.672734,-0.315582,-0.315583,0.403641,1.349426,2.569582,3.064899,3.488722,3.705317,0.0,22.890406,23.59197385,0.47881239106580087,22.634349067868396,24.5495986321316,23.461037223124215,-0.2953530359681622,-0.0031608234749636414
2014-08-05,0.319744,1.079141,-0.279772,-0.989315,-0.989314,1.063148,1.962429,3.170796,3.824938,4.321342,4.520383,-1.0,22.663948,23.53083005,0.5158278421838701,22.499174365632257,24.56248573436774,23.38512396377905,-0.32118047940981853,-0.00994240267222619
2014-08-06,-1.218561,0.511002,-1.37579,1.678661,1.67867,-0.76259,0.094327,1.053445,1.937879,2.448099,2.645427,1.0,23.044401,23.4909736,0.5213240694460076,22.448325461107984,24.533621738892016,23.352674157704854,-0.30740595242638946,0.01664736507352051
2014-08-07,0.431376,0.784318,-0.313725,0.235845,0.235823,-0.721556,-0.313713,0.525502,1.560796,2.032953,2.283672,0.0,23.098745,23.45926925,0.5251085800058852,22.40905208998823,24.509486410011768,23.32849042839963,-0.2887756084658548,0.002355453836016186
2014-08-08,-0.779427,0.038971,-1.402966,0.627451,0.627471,-1.098993,-0.985978,-0.309179,0.754084,1.209656,1.564035,1.0,23.243683,23.4189599,0.5080516294971889,22.402856641005624,24.435063158994378,23.320413530456804,-0.25932628931197854,0.006255109144249249
2014-08-11,0.19387,0.814265,-0.271431,0.506629,0.506632,-1.194271,-1.407535,-0.860813,0.077535,0.550586,0.969353,0.0,23.361443,23.379556400000002,0.4780861160084722,22.42338416798306,24.335728632016945,23.32432109898473,-0.22390421545281924,0.005053532120678608
2014-08-12,0.93713,0.976181,-0.078098,-0.697945,-0.697971,-0.039034,-0.652078,-0.270716,0.58572,1.138628,1.591837,-1.0,23.198387,23.3342646,0.4477672139261941,22.43873017214761,24.22979902785239,23.312327375271895,-0.20660757963207743,-0.007004177919312319
2014-08-13,-0.425865,0.348432,-0.503287,0.859035,0.859051,-0.588464,-1.424699,-1.140792,-0.501356,0.201315,0.652987,1.0,23.397673,23.28036745,0.35928683972730857,22.561793770545382,23.998941129454618,23.320455530007905,-0.17480412330947814,0.00855382258112419
2014-08-14,0.03864,0.270487,-0.579594,0.193569,0.193558,-0.486848,-1.333061,-1.347229,-0.834607,-0.041717,0.364517,0.0,23.442961,23.24730435,0.305948822210438,22.635406705579125,23.859201994420875,23.3321227176262,-0.14428209771987,0.0019337062821060875
2014-08-15,1.209056,1.287052,-0.507016,-0.927357,-0.927349,0.42902,-0.296406,-0.462813,-0.066297,0.751956,1.145351,-1.0,23.225563,23.2101651,0.2545864776776996,22.7009921446446,23.7193380553554,23.32197417309037,-0.13606687997621592,-0.009316753730816404
2014-08-18,-0.767161,0.0,-0.843882,1.677071,1.67707,-1.012662,-1.63406,-1.981841,-1.697351,-1.000381,-0.609894,1.0,23.615072,23.2142413,0.26061789000644475,22.69300551998711,23.735477080012892,23.34988825184367,-0.09700789308331181,0.016631626727449455
2014-08-19,0.345489,0.422269,0.0,-0.07672,-0.076714,-0.598853,-1.163148,-1.75304,-1.616123,-1.010365,-0.574537,0.0,23.596956,23.2156002,0.26263234975329597,22.690335500493408,23.740864899506594,23.373418513572844,-0.06674577066769771,-0.0007674315913361198
2014-08-20,-1.062219,0.151741,-1.327773,1.190027,1.190001,-1.365696,-1.976466,-2.726337,-2.687768,-2.274642,-1.738729,1.0,23.87776,23.23598125,0.2969934544423443,22.64199434111531,23.829968158884686,23.421451036089714,-0.01987517594699284,0.011829761117939631
2014-08-21,-0.037836,0.075675,-0.491869,0.26555,0.265569,-1.210749,-1.884223,-2.661116,-2.852817,-2.560725,-1.969982,0.0,23.941172,23.258174150000002,0.3320625986566166,22.59404895268677,23.922299347313235,23.470948270747837,0.02213180482787891,0.0026521728745473473
2014-08-22,0.726577,0.841304,-0.15296,-1.059402,-1.059397,0.237087,-0.646278,-1.414918,-1.74379,-1.564822,-0.971323,-1.0,23.68754,23.274479,0.34514828500534983,22.5841824299893,23.964775570010698,23.49157605448614,0.03455829056513693,-0.010650483158601993
2014-08-25,-0.190844,0.343511,-0.687027,0.191208,0.191206,0.145031,-0.679398,-1.366418,-1.814891,-1.719089,-1.218834,0.0,23.732832,23.30210705,0.3590459270292419,22.584015195941518,24.020198904058482,23.514552811201746,0.04751335157791914,0.0019102344356355767
2014-08-26,0.807378,1.038066,0.0,-0.725195,-0.725206,0.845835,0.19993,-0.392148,-0.989994,-1.002681,-0.574128,-1.0,23.56072,23.3274702,0.35847290139039345,22.610524397219212,24.04441600278079,23.51894968632539,0.04339213326510816,-0.007278487343131161
2014-08-27,-0.306162,0.267899,-0.420968,0.461357,0.46137,0.20666,-0.145429,-0.673556,-1.350936,-1.423649,-1.144277,0.0,23.669422,23.34966315,0.3655024670599303,22.618658215880142,24.08066808411986,23.533280382865826,0.04834014588880109,0.004603085543762344
2014-08-28,0.076897,0.307574,-0.192238,-0.459238,-0.459251,0.346028,0.365251,-0.084575,-0.730479,-0.958083,-0.765081,0.0,23.56072,23.388613850000002,0.34258118854836267,22.70345147290328,24.073776227096726,23.535893679735747,0.04299452448697849,-0.0046030855437624064
2014-08-29,0.19246,0.423403,-0.307929,-0.11534,-0.115328,0.331019,0.612004,0.112902,-0.494615,-0.814476,-0.712089,0.0,23.533548,23.4171476,0.32874103412974465,22.75966553174051,24.07462966825949,23.535670281665674,0.03614882652843576,-0.0011539409855628362
2014-09-02,0.154735,0.696329,-0.309478,-0.500385,-0.500396,0.5648,1.032887,0.631855,0.117996,-0.275427,-0.229521,-1.0,23.415787,23.44341665,0.30453472373069673,22.834347202538606,24.052486097461394,23.524252826268942,0.020979395631815834,-0.005016524598681453
2014-09-03,0.115603,0.192674,-0.500967,0.386851,0.386871,0.131005,0.604992,0.331389,-0.088648,-0.582675,-0.623008,0.0,23.506376,23.485538050000002,0.2431151793153606,22.99930769136928,23.971768408630723,23.522550271386184,0.01608190537796972,0.0038612504948324477
2014-09-04,0.115566,0.654854,-0.269646,0.038528,0.038534,-0.038532,0.41216,0.326127,-0.026979,-0.571662,-0.654867,0.0,23.515434,23.5090897,0.2198316442484403,23.06942641150312,23.94875298849688,23.521872531254164,0.012784146285895304,0.0003852680325167479
2014-09-05,-0.766284,0.0,-1.149429,0.539295,0.539263,-0.505731,-0.25286,-0.155799,-0.448263,-0.959373,-1.167291,0.0,23.642244,23.53626465,0.19904651943529525,23.13817161112941,23.93435768887059,23.53333648065853,0.020170641056655114,0.0053781403595990545
2014-09-08,0.230058,0.728528,-0.076691,-0.076628,-0.076617,-0.352757,-0.203219,0.033232,-0.29141,-0.77147,-1.054445,0.0,23.62413,23.555287,0.18745527507426918,23.18037644985146,23.930197550148538,23.541983482500576,0.024282924525977023,-0.000766464585871727
2014-09-09,0.656371,0.810815,-0.19305,-0.690184,-0.690176,0.378376,0.374511,0.684678,0.422772,0.015438,-0.326904,-1.0,23.461082,23.56026895,0.18331060957654596,23.19364773084691,23.926890169153094,23.53427857940528,0.014221392491673868,-0.006925684086004844
2014-09-10,0.154139,0.308285,-0.38536,0.193054,0.19306,0.184959,0.157982,0.464981,0.294781,-0.033927,-0.454736,0.0,23.506376,23.5756684,0.1631363419450453,23.249395716109913,23.90194108389009,23.531621190890494,0.009789555228426394,0.001928740279760814
2014-09-11,-0.422752,0.269024,-0.730208,0.269746,0.269723,-0.038422,-0.153716,0.107621,0.061501,-0.213671,-0.673829,0.0,23.569778,23.58427365,0.15770178102667878,23.26887008794664,23.89967721205336,23.535255172710446,0.011263465575130027,0.002693594652365853
2014-09-12,0.38654,0.38654,-0.270591,-0.576476,-0.576459,0.363349,0.371079,0.543735,0.639727,0.422101,-0.005163,-1.0,23.433908,23.583821,0.15814111766829875,23.267538764663403,23.900103235336598,23.525603061023737,0.0014512475781032208,-0.005781264832377976
2014-09-15,-0.347222,0.115745,-0.655864,0.19327,0.193267,0.046298,0.154321,0.290636,0.499611,0.268515,-0.124745,0.0,23.479198,23.596502750000003,0.13660243712743306,23.323297875745137,23.86970762425487,23.52118353140243,-0.0026400485458175638,0.0019308043287569296
2014-09-16,-1.106444,0.228924,-1.259061,1.118823,1.11882,-0.824106,-0.816475,-0.816478,-0.58565,-0.7768,-1.110259,1.0,23.741888,23.60284355,0.14040022299673469,23.32204310400653,23.88364399599347,23.542203004602197,0.01513993367670352,0.011126076594319722
2014-09-17,0.190331,0.494861,-0.647126,0.228924,0.228929,-0.807008,-0.921205,-0.977036,-0.770846,-0.902936,-1.17752,0.0,23.79624,23.612807749999998,0.14688234599374747,23.319043058012504,23.906572441987493,23.566397004163893,0.033233356401737524,0.00228667076176267
2014-09-18,-0.076299,0.572308,-0.305227,-0.228401,0.614189,-1.101262,-1.347694,-1.505504,-1.363082,-1.416859,-1.65575,1.0,23.942394,23.61603945,0.15357709729183147,23.308885255416335,23.923193644583662,23.60220624186257,0.058689395785716414,0.006123110126667845
2014-09-19,0.22822,0.418406,-0.152153,0.305235,0.305241,-0.917895,-1.492492,-1.678995,-1.647776,-1.621502,-1.827782,0.0,24.015476,23.619754649999997,0.1624961375451418,23.294762374909713,23.944746925090282,23.64156526644709,0.08379466429697402,0.00304776073543746
2014-09-22,0.421783,0.728528,-0.191714,-0.798787,-0.798797,0.169104,-0.615535,-0.806108,-0.827251,-0.728911,-0.956124,-1.0,23.823641,23.6265597,0.16823284546258852,23.290094009074824,23.96302539092518,23.658905812499746,0.08720603234087321,-0.008020048875627314
2014-09-23,-0.115296,0.46118,-0.153728,-0.230061,-0.23004,0.422741,-0.256905,-0.478372,-0.591014,-0.474145,-0.670625,0.0,23.768837,23.62835995,0.1696168632851377,23.289126223429726,23.967593676570274,23.669375449404534,0.08451312659360966,-0.00230305403402729
2014-09-24,0.308523,0.308523,-0.925565,-0.345888,-0.345907,0.678756,0.165405,-0.082195,-0.219382,-0.113541,-0.257139,0.0,23.686619,23.634654899999997,0.1693103895316675,23.296034120936664,23.97327567906333,23.671017692318387,0.07488148674496742,-0.0034650634170977253
2014-09-25,1.291585,1.291585,-0.07827,-1.465488,-1.465477,1.659492,1.556472,1.3536,1.193949,1.279793,1.218001,-1.0,23.339497,23.61815865,0.1813866271216361,23.25538539575673,23.980931904243274,23.63944429304997,0.03879133601745721,-0.014763213898094117
2014-09-26,-0.19508,0.273125,-0.780332,0.313112,0.313117,0.82715,1.230363,0.971838,0.846445,0.873349,0.897734,0.0,23.412577,23.6107515,0.18679969012049769,23.237152119759003,23.984350880240996,23.617837884188067,0.01590325398288428,0.0031262809654780377
2014-09-29,-0.236031,0.393391,-0.472073,-0.819348,-0.819346,1.140826,1.95534,1.69017,1.612198,1.626269,1.730573,-1.0,23.220747,23.595111449999997,0.20573862655539893,23.183634196889198,24.006588703110797,23.580019704741584,-0.0175129157477123,-0.00822721031130919
2014-09-30,-1.014832,0.312256,-1.131932,0.786786,0.786775,0.03903,1.014829,0.879924,0.816342,0.776643,0.906288,1.0,23.403442,23.594494200000003,0.20632263523875058,23.181848929522502,24.007139470477505,23.56320278048048,-0.02892013800675386,0.007836959268565228
2014-10-01,1.073132,1.23211,-0.317965,-1.795476,-1.795488,1.255975,2.507961,2.572582,2.545774,2.518653,2.662164,-1.0,22.983236,23.5683372,0.24719474140010364,23.07394771719979,24.062726682800207,23.50796784900615,-0.07104855273384558,-0.01811802495411619
2014-10-02,0.278662,0.517512,-0.437902,-0.158979,-0.158964,1.074837,2.237255,2.554873,2.585119,2.555897,2.69037,0.0,22.946701,23.539900550000002,0.2836286971095543,22.972643155780894,24.10715794421911,23.454513863386516,-0.10615994828659225,-0.0015909017121335557
2014-10-03,-0.433067,0.11811,-0.984252,1.114646,1.114653,-0.220478,0.759834,1.357848,1.359489,1.363597,1.452224,1.0,23.202477,23.5179122,0.2921940809839889,22.933524038032022,24.10230036196798,23.4305103525878,-0.11205529296995209,0.011084861317191405
2014-10-06,1.506745,1.625694,-0.594762,-0.708665,-0.708679,0.333077,1.137995,1.953617,1.95573,2.001034,2.082352,-1.0,23.038046,23.488608000000003,0.30983738216856466,22.868933235662873,24.108282764337133,23.393132795198486,-0.12851417221794392,-0.007112017011003406
2014-10-07,1.168888,1.531649,-0.040306,-1.625694,-1.625689,1.338172,2.321648,3.321245,3.464647,3.553886,3.612044,-1.0,22.663519,23.44872985,0.3607152036462031,22.727299442707594,24.170160257292405,23.323645767084347,-0.16982155428154755,-0.01639048398549008
2014-10-08,-1.188115,0.0,-2.336634,1.773483,1.773467,-0.356423,0.269321,1.309584,1.566128,1.672928,1.734964,1.0,23.065449,23.426683500000003,0.37035217983693286,22.685979140326136,24.16738785967387,23.2990555987906,-0.16818680741649317,0.01757924432685016
2014-10-09,1.815977,2.138813,-0.20178,-1.861382,-1.861377,1.259081,1.860376,2.846386,3.286281,3.445956,3.51239,-1.0,22.636114,23.3800003,0.40826924038489015,22.56346181923022,24.196538780769778,23.235918303667685,-0.1992383099305748,-0.018789188051706825
2014-10-10,2.142567,2.472192,-0.247223,-2.058115,-2.058109,2.455703,3.440463,4.452687,5.171703,5.354144,5.478495,-1.0,22.170238,23.316816799999998,0.48924040851646156,22.338335982967074,24.295297617032922,23.13442494141362,-0.2584597855763029,-0.020795836694693863
2014-10-13,1.210852,1.586635,-0.208772,-1.318496,-1.318497,2.764087,4.208766,5.255393,6.21096,6.442532,6.635556,-1.0,21.877924,23.236753099999998,0.5832580129531213,22.070237074093754,24.40326912590624,23.014758185088514,-0.32523146267109126,-0.01327266691612402
2014-10-14,0.33195,2.24066,-0.207473,0.626301,0.626312,1.53526,2.929451,4.069149,5.157669,5.517264,5.759737,1.0,22.014948,23.150406099999998,0.6304609270757293,21.88948424584854,24.411327954151457,22.919538167461035,-0.36290842378328847,0.0062435852967769176
2014-10-15,-1.729819,0.49423,-2.429983,0.746892,0.746888,-0.01648,1.803947,2.844584,4.013584,4.495689,4.776252,1.0,22.179375,23.06956285,0.646741874002679,21.776079101994643,24.363046598005358,22.849046437226647,-0.3751750181158293,0.0074411258069377794
2014-10-16,-1.072165,1.072165,-1.19588,-0.123563,-0.12357,-0.329891,1.571137,2.614438,3.738149,4.368959,4.700715,0.0,22.151968,22.98004155,0.643472929518692,21.693095690962615,24.266987409037384,22.782658014633633,-0.3826964123294587,-0.0012364616831814237
2014-10-17,0.725222,1.732474,-0.483477,2.350515,2.350532,-2.175672,-0.995178,0.040279,1.059618,1.83777,2.153662,1.0,22.672657,22.9129006,0.5982119597705505,21.7164766804589,24.1093245195411,22.772181727525666,-0.3426915854332542,0.023233319701317038
2014-10-20,-0.479429,0.359569,-1.278474,0.846096,0.846076,-2.133433,-1.901715,-0.902913,0.002002,0.875833,1.185869,1.0,22.864485,22.8649428,0.5584843403521246,21.74797411929575,23.98191148070425,22.780972515380363,-0.29214093660650065,0.00842517234470664
2014-10-21,-0.707273,0.314342,-1.257375,1.677986,1.677987,-2.687618,-3.269152,-2.582839,-1.760311,-0.873867,-0.514527,1.0,23.248148,22.83890835,0.5252796778223454,21.78834899435531,23.88946770564469,22.82546541867747,-0.21860089052734466,0.016640639597869954
2014-10-22,0.59547,1.151246,-0.158797,-1.021611,-1.021617,-0.960691,-2.294552,-1.569397,-0.893202,0.012713,0.440512,-1.0,23.010641,22.80510945,0.4883100558832979,21.828489338233403,23.781729561766596,22.843101188327235,-0.17743929441943607,-0.010268711834142047
2014-10-23,-0.07862,0.982704,-0.157237,0.992457,0.992467,-0.998429,-2.995283,-2.452831,-1.888758,-1.091195,-0.593975,1.0,23.239014,22.8000853,0.4830106115271882,21.834064076945623,23.766106523054376,22.880807170391307,-0.12495029126458235,0.00987574312086394
2014-10-24,-0.780023,0.039005,-0.897032,0.786156,0.786156,-1.131043,-3.217622,-3.151321,-2.6521,-1.964112,-1.371102,1.0,23.421709,22.8005419,0.4836240132838677,21.833293873432265,23.767789926567733,22.932321630354043,-0.06782853333682581,0.00783082309280764
2014-10-27,0.548589,0.705333,-0.548593,-0.468015,-0.468023,-0.282127,-2.147326,-2.617546,-2.174755,-1.590898,-0.93122,0.0,23.31209,22.805109050000002,0.48821066924003453,21.828687711519933,23.78153038848007,22.9684900465108,-0.03104658016451367,-0.004691217208204106
2014-10-28,-1.159192,0.0,-1.236476,1.410654,1.410671,-1.336946,-2.820714,-3.696552,-3.48532,-2.981455,-2.323547,1.0,23.640947,22.8169843,0.5060916196432526,21.804801060713498,23.829167539286505,23.032533565890727,0.024358603433896064,0.014008140839194773
2014-10-29,0.857362,0.935308,-1.052225,-0.850073,-0.85008,-0.12471,-1.449729,-2.764354,-2.560405,-2.191738,-1.536762,-1.0,23.43998,22.8398215,0.5239776553280356,21.791866189343928,23.88777681065607,23.071337988186848,0.051458076584403045,-0.008537139491079523
2014-10-30,-0.973899,0.194776,-1.363459,0.038971,0.038976,0.015576,-0.934949,-2.571099,-2.49124,-2.211146,-1.645245,0.0,23.449116,22.86494225,0.5411340237227433,21.78267420255451,23.947210297445487,23.10731684645477,0.0728322384364013,0.00038968548745812537
2014-10-31,0.193731,0.46494,-0.542422,0.54538,0.545377,-0.395194,-1.088725,-2.701793,-2.94072,-2.713674,-2.240731,0.0,23.577002,22.8836685,0.5595948032332807,21.764478893533436,24.00285810646656,23.15204876584003,0.09895011181405167,0.0054389484269934925
2014-11-03,-0.817124,0.544743,-0.856035,-0.426184,-0.42617,0.171191,-0.404689,-1.831406,-2.431926,-2.253715,-1.871613,0.0,23.476524,22.9055924,0.5743560520433646,21.75688029591327,24.05430450408673,23.182951169093357,0.11026985748812024,-0.004270802265676626
2014-11-04,0.116728,0.389097,-0.428019,0.0,0.0,0.031117,-0.307411,-1.41636,-2.258773,-2.241263,-1.913118,0.0,23.476524,22.94624265,0.5849933477016129,21.776255954596774,24.116229345403223,23.21091048632256,0.11788196754628544,0.0
2014-11-05,0.309837,0.309837,-0.580945,0.466922,0.466909,-0.309831,-0.526723,-1.476892,-2.602634,-2.59334,-2.383166,0.0,23.586138,22.9722771,0.60191917509452,21.768438749810958,24.17611545018904,23.246646440006128,0.1312466239446053,0.004658223464276616
2014-11-06,-1.783012,0.113801,-1.858877,2.091406,2.091406,-1.828526,-2.215481,-2.961562,-4.298183,-4.400612,-4.28048,1.0,24.07942,23.0444424,0.644508394225675,21.755425611548652,24.33345918845135,23.32595820762459,0.17957195161913475,0.020698367192622823
2014-11-07,-0.45437,0.378644,-0.757293,0.189678,0.189672,-1.560004,-2.109044,-2.743907,-4.07421,-4.428623,-4.363243,0.0,24.125092,23.1421851,0.653127208180793,21.835930683638413,24.448439516361585,23.40206618785082,0.2190306220009539,0.0018949269174796013
2014-11-10,-0.226668,0.226679,-0.340008,0.227183,0.227187,-1.201353,-1.972037,-2.601684,-3.815636,-4.456363,-4.447799,0.0,24.179901,23.25728395,0.6206308804658169,22.016022189068366,24.498545710931637,23.47614569376979,0.2518216871490928,0.0022692901961801903
2014-11-11,0.341168,0.454894,-0.530701,-0.340008,-0.34001,-0.348745,-1.448058,-2.034364,-3.055339,-3.892338,-4.025772,0.0,24.097687,23.361420900000002,0.5742024075848473,22.213016084830308,24.509825715169697,23.535340103886952,0.26808454802413806,-0.0034058900984910976
2014-11-12,-0.942685,0.301659,-0.942685,0.530709,0.530711,-0.346909,-1.644039,-2.217194,-3.144796,-4.208145,-4.361488,0.0,24.225576,23.463730950000002,0.5333431941993974,22.397044561601206,24.5304173383988,23.60107685589772,0.28797298263536675,0.005293073796972722
2014-11-13,0.189247,0.946253,-0.189247,-0.377074,-0.377073,0.075697,-0.987887,-1.599799,-2.367526,-3.597276,-3.83548,0.0,24.134228,23.56284395,0.4552050327433954,22.65243388451321,24.47325401548679,23.651853155336035,0.2929863261896273,-0.0037778527243203636
2014-11-14,-0.113375,0.188968,-0.302343,0.151397,0.151391,-0.037788,-0.891902,-1.541941,-2.205208,-3.411934,-3.84731,0.0,24.170765,23.63774935,0.42314235709329495,22.79146463581341,24.48403406418659,23.701273331018317,0.2964899164251342,0.0015127631616782104
2014-11-17,-0.526125,0.263055,-0.714021,0.566901,0.5669,-0.496055,-1.108604,-1.823872,-2.4596,-3.556556,-4.215206,1.0,24.307789,23.70991455,0.4070948866977255,22.89572477660455,24.524104323395452,23.759036728064192,0.3067867815221845,0.00565298894426424
2014-11-18,-1.147719,0.14809,-1.184743,1.50319,1.503197,-1.503149,-2.088118,-2.998889,-3.615329,-4.55387,-5.362213,1.0,24.673183,23.7811663,0.4449671904663267,22.891231919067344,24.671100680932653,23.846098277772363,0.34050621962930805,0.014920111357921316
2014-11-19,0.26003,0.297177,-0.557207,-0.33321,-0.333204,-0.876679,-1.352162,-2.362561,-2.971774,-3.842503,-4.839036,0.0,24.590971,23.8601828,0.4412376421406729,22.977707515718656,24.742658084281345,23.917038537032138,0.3564859478371183,-0.003337602278415765
2014-11-20,-0.186223,0.446924,-0.372439,-0.26003,-0.26003,-0.297957,-0.912484,-1.815026,-2.456244,-3.204475,-4.33396,0.0,24.527027,23.92458345,0.4397968499065663,23.04498975018687,24.804177149813132,23.975132676362414,0.35984221412144635,-0.0026036906522175275
2014-11-21,0.370508,0.407558,-0.481656,0.521415,0.5214,-0.422369,-1.211553,-2.032842,-2.712107,-3.384949,-4.494249,0.0,24.654911,23.98624355,0.4518651623375797,23.082513225324842,24.88997387467516,24.039873469089805,0.3685725741547934,0.005200457461267608
2014-11-24,0.037037,0.333333,-0.703707,0.037051,0.037064,-0.170373,-1.051856,-1.748151,-2.474077,-3.128893,-4.15309,0.0,24.664049,24.053841499999997,0.44680196578402837,23.160237568431942,24.947445431568052,24.09931875774792,0.3719412998315761,0.00037056742901987646
2014-11-25,0.558447,0.632911,-0.074464,-0.518515,-0.518532,0.238282,-0.3574,-0.948118,-1.783311,-2.41399,-3.310986,-1.0,24.536158,24.09860205,0.4481003845038156,23.20240128099237,24.99480281900763,24.14092249510526,0.3601398364748505,-0.005198810974480128
2014-11-26,0.074425,0.372155,-0.334946,0.03723,0.037235,0.163754,-0.264232,-0.724473,-1.59471,-2.200219,-3.025675,0.0,24.545294,24.15386775,0.43040677692128637,23.293054196157428,25.014681303842572,24.179434067,0.34751831576545555,0.0003722791292120932
2014-11-28,1.170249,1.547754,-0.188747,-1.41422,-1.41421,1.328798,1.1929,0.732348,-0.028314,-0.638734,-1.352714,-1.0,24.198172,24.19132055,0.39715988240577405,23.397000785188453,24.985640314811548,24.181218632047617,0.3059786933775719,-0.014243052318391831
2014-12-01,0.538048,0.768636,-0.653344,-1.774254,-1.774246,2.413517,2.851642,2.451948,1.817823,1.21444,0.582874,-1.0,23.768837,24.200912300000002,0.38362869297799146,23.43365491404402,24.968169685955985,24.141944190900226,0.23569752263632893,-0.017901740163537523
2014-12-02,0.076779,0.575823,-0.076768,0.115292,0.115281,1.566222,2.518238,2.226491,1.767758,1.179275,0.597572,0.0,23.796238,24.216897999999997,0.3576355492204339,23.501626901559128,24.932169098440866,24.109019791766872,0.1801337504300946,0.0011521480006541052
2014-12-03,-0.833961,0.341168,-1.099314,1.266795,1.266793,-0.068228,0.996973,0.947693,0.623583,-0.010608,-0.543336,1.0,24.097687,24.24795615,0.3143017293415213,23.61935269131696,24.876559608683042,24.107940478265267,0.15859528787045107,0.012588359830372382
2014-12-04,0.651591,0.728252,-0.651591,-1.099314,-1.099309,0.444613,1.801453,1.959879,1.793787,1.166728,0.67714,-1.0,23.832779,24.260288199999998,0.2909379728923045,23.678412254215388,24.842164145784608,24.081734623192386,0.11878080822548043,-0.011053958766865187
2014-12-05,0.499804,0.538255,-0.307574,-0.306631,-0.306645,0.384477,1.791627,2.168406,2.03961,1.530192,1.059859,0.0,23.759697,24.24430205,0.3095854852823579,23.625131079435285,24.86347302056472,24.05106437336454,0.08040359701389477,-0.0030711601322273387
2014-12-08,0.73958,1.557022,-0.311405,-1.230292,-1.230281,1.377961,2.553517,3.241204,3.170488,2.776173,2.325154,-1.0,23.467386,24.21141675,0.35457750506450225,23.502261739870995,24.920571760129008,23.99547595685363,0.026101444674168306,-0.012379114452705673
2014-12-09,-0.46912,0.430027,-1.211884,-0.428186,-0.42819,1.446443,2.439407,3.416735,3.44019,3.199378,2.773003,0.0,23.366901,24.17076675,0.4018342217983624,23.367098306403275,24.974435193596722,23.935611675248524,-0.02475632647147563,-0.004291093582352147
2014-12-10,1.385046,1.42461,-0.474871,-1.211884,-1.211894,1.812435,3.066889,4.226367,4.489525,4.397321,3.953317,-1.0,23.083719,24.12006835,0.4697630813856829,23.180542187228635,25.059594512771366,23.85447903951057,-0.08691005228106619,-0.012192970011824298
2014-12-11,-0.354191,1.101932,-0.39355,0.554017,0.554027,0.716251,1.92444,3.255937,3.695397,3.757577,3.347766,1.0,23.211609,24.06937,0.5107079592181177,23.047954081563763,25.090785918436236,23.793253321461943,-0.1244135120773997,0.005524977610010521
2014-12-12,1.848136,1.928493,-0.120522,-2.046442,-2.046442,1.920452,3.411012,4.888178,5.554444,5.689036,5.402443,-1.0,22.736597,23.999488449999998,0.5907193857502976,22.818049678499403,25.180927221500593,23.692619386084615,-0.19027144197962542,-0.02067671252403443
2014-12-15,1.748678,1.789349,-0.732005,-1.205299,-1.205308,2.269219,4.0911,5.517156,6.461985,6.6824,6.522987,-1.0,22.462551,23.914077749999997,0.6812133052006638,22.55165113959867,25.276504360401326,23.575470015981317,-0.26156241905994904,-0.012126306369120361
2014-12-16,0.204169,2.817477,-0.367497,-0.406669,-0.406672,1.796656,3.879142,5.264744,6.463874,6.794622,6.793262,0.0,22.371202,23.8172484,0.7558515012744854,22.30554539745103,25.32895140254897,23.460777823983097,-0.321723504589432,-0.004075015821668267
2014-12-17,-0.202753,0.243305,-2.433094,0.694161,0.694174,0.600156,2.465527,3.944306,5.253445,5.779398,5.916462,1.0,22.526497,23.7099141,0.7799433328131523,22.150027434373694,25.269800765626304,23.37179869788947,-0.35280368835653064,0.006917754039340822
2014-12-18,-0.039777,0.039781,-1.829749,1.946468,2.906257,-2.26723,-0.709376,0.616426,1.976817,2.611783,2.86696,1.0,23.181175,23.639424299999998,0.7595652490022283,22.12029380199554,25.158554798004456,23.353644059995236,-0.3209086791899374,0.028648266101590242
2014-12-19,-1.9516,0.312256,-2.419988,1.909316,1.909325,-3.347213,-2.627172,-1.430771,-0.124947,0.602867,0.875401,1.0,23.623779,23.5942619,0.7303013565873863,22.133659186825227,25.05486461317477,23.37937119713855,-0.2569551913336028,0.01891326262742147
2014-12-22,-0.233368,0.233376,-0.583431,0.35128,0.351269,-2.635868,-2.867042,-1.793258,-0.674523,0.172427,0.463478,0.0,23.706762,23.54685445,0.6873362691194305,22.17218191176114,24.921526988238863,23.410551273601545,-0.19730119154492343,0.0035065343972469592
2014-12-23,-0.73415,0.463682,-1.081913,0.661221,0.661229,-2.02473,-3.296987,-2.419568,-1.494709,-0.56006,-0.240646,1.0,23.863518,23.5068279,0.6405713501219553,22.22568519975609,24.787970600243913,23.453690961829967,-0.1358105285589808,0.006590525319224675
2014-12-24,0.232284,0.425865,-0.503287,-0.193196,-0.193211,-0.751056,-2.801736,-2.309118,-1.454904,-0.511281,-0.086752,0.0,23.817411,23.47089055,0.5985690384524274,22.273752473095144,24.668028626904857,23.48833096546521,-0.08976443615052077,-0.0019339813773806922
2014-12-26,0.232735,0.465473,-0.155163,-0.193569,-0.193547,-0.062077,-2.377793,-2.136911,-1.4266,-0.456274,0.043304,0.0,23.771313,23.4321915,0.5483646274321631,22.335462245135673,24.528920754864323,23.515281635420905,-0.05634281462080892,-0.00193735030249608
2014-12-29,0.0,0.583654,-0.077825,-0.310318,-0.310336,0.311286,-1.668388,-1.849747,-1.225368,-0.286404,0.293316,0.0,23.697542,23.407159999999998,0.5223693374465449,22.362421325106908,24.451898674893087,23.532639765380818,-0.03540056624715149,-0.0031081878587870112
2014-12-30,0.156437,0.508412,-0.586625,-0.50584,-0.505837,0.711775,-0.695506,-1.319559,-0.763728,0.037793,0.719366,-1.0,23.577671,23.3976017,0.5171257251281361,22.36335024974373,24.43185315025627,23.536928454392168,-0.028151755512833887,-0.00507120959540036
2014-12-31,0.593589,0.989315,0.0,-1.17325,-1.173258,1.424624,0.882481,-0.16688,0.308132,0.991447,1.771074,-1.0,23.301044,23.372842,0.5088228381101313,22.355196323779737,24.39048767622026,23.514463268259583,-0.044218781227964854,-0.011801953652132878
2015-01-02,1.117322,1.596169,-0.758172,-0.831029,-0.83101,1.660013,1.979246,0.676531,0.934411,1.590406,2.39802,-1.0,23.10741,23.323328150000002,0.4820534135521934,22.359221322895614,24.28743497710439,23.4756962903301,-0.07174957594805065,-0.008344821124937177
2015-01-05,1.666667,1.666667,-0.325203,-1.835591,-1.835606,2.60163,3.666674,2.403826,2.568427,3.16172,4.032449,-1.0,22.683249,23.26585165,0.4866223308893321,22.292606988221333,24.239096311778663,23.40022511982247,-0.12633783305412294,-0.01852662274193754
2015-01-06,1.62027,2.077275,-0.581637,-2.154472,-2.154475,3.506446,5.305369,4.495852,4.474298,5.072151,5.972847,-1.0,22.194544,23.187593999999997,0.5271849880582056,22.133224023883585,24.24196397611641,23.285398346506042,-0.20665167741866242,-0.021780229660822267
2015-01-07,0.539863,1.287371,-0.415282,0.041545,0.041551,2.225913,4.584721,4.374751,4.146355,4.746564,5.560855,0.0,22.203766,23.124413,0.5661668628939668,21.992079274212067,24.256746725787934,23.182385742076896,-0.2664849665655957,0.0004154212235836772
2015-01-08,-0.205174,0.041026,-0.984826,1.204323,1.204327,0.270819,2.720553,3.162355,2.707712,3.264214,3.979398,1.0,22.471172,23.07962655,0.5812038444836853,21.91721886103263,24.24203423896737,23.114651099974335,-0.2889945011785393,0.011971329139803923
2015-01-09,2.039114,2.080732,-0.332917,-1.395158,-1.395152,0.832282,3.424876,4.511019,3.951946,4.37507,5.09278,-1.0,22.157665,23.03332385,0.6166666684255951,21.79999051314881,24.266657186851187,23.023509566643444,-0.3283458972293829,-0.014049756979331047
2015-01-12,0.375313,0.667219,-0.87573,-0.208077,-0.208081,0.525436,2.889906,4.406449,3.919951,4.281338,4.945028,0.0,22.111559,22.978321349999998,0.6481811460116841,21.68195905797663,24.274683642023366,22.93665713172502,-0.3591129010044938,-0.0020829828266454584
2015-01-13,1.676442,1.96982,-0.963965,-0.500413,-0.500412,0.854985,2.636205,4.439782,4.2754,4.486033,5.139922,-1.0,22.00091,22.941537,0.6825832388215742,21.576370522356854,24.306703477643147,22.84753835727502,-0.3879523495348032,-0.005016687325296446
2015-01-14,-0.546682,0.294361,-1.555933,-0.335289,-0.335291,0.941969,2.228759,4.250066,4.504114,4.556569,5.213661,0.0,21.927143,22.9147666,0.7122134582892995,21.4903396834214,24.3391935165786,22.75988165658216,-0.41201079667923324,-0.0033585403541420817
2015-01-15,1.187451,1.65394,-0.084822,-0.841047,-0.841063,1.128092,2.37915,4.484042,5.245988,5.144614,5.791259,-1.0,21.742722,22.8833426,0.7503048120139925,21.382732975972015,24.383952224027983,22.66300930833624,-0.4408763743943389,-0.008446194938043274
2015-01-16,-0.339127,0.254345,-0.593468,0.042409,0.042428,0.712162,1.712586,3.806694,5.023312,4.855121,5.386925,0.0,21.751947,22.844615100000002,0.7887001212531762,21.26721485749365,24.422015342506356,22.576241469447073,-0.4577317258874345,0.0004241899226006902
2015-01-20,-0.041929,0.083862,-1.257866,1.102162,1.102159,-0.49476,0.289307,2.135568,3.607967,3.490162,3.958997,1.0,21.991688,22.78514075,0.8066296955624004,21.1718813588752,24.3984001411248,22.520569710452115,-0.4465965314630793,0.010961293015582489
2015-01-21,-0.873548,0.166385,-1.37272,0.79665,0.796642,-1.131446,-0.515803,0.868,2.460486,2.569427,2.897843,1.0,22.166883,22.71229595,0.792570072705844,21.127155804588313,24.29743609541169,22.486885261837628,-0.41880728760966335,0.00793485455934653
2015-01-22,0.082364,0.329489,-1.317965,0.998336,0.99835,-1.696881,-1.416812,-0.483261,1.153203,1.542261,1.720037,1.0,22.388186,22.64636715,0.7596512871923762,21.127064575615247,24.165669724384752,22.47748533213881,-0.37460855481727506,0.009933990672184229
2015-01-23,-0.204248,1.674833,-0.77614,0.823719,0.823716,-1.764706,-2.177288,-1.51144,0.040847,0.748364,0.771703,1.0,22.572601,22.581821299999998,0.7035621172109732,21.17469706557805,23.988945534421944,22.48654396717321,-0.3209997065632102,0.008203416643878768
2015-01-26,0.528666,0.610004,-0.772672,0.449346,0.449337,-1.390802,-2.387142,-2.07943,-0.658797,0.323716,0.260695,0.0,22.674028,22.52465215,0.6416035559545834,21.241445038090834,23.80785926190917,22.504399589347187,-0.2672493131269711,0.004483302828602012
2015-01-27,0.041017,0.328138,-0.738302,-0.85401,-0.854004,-0.10664,-1.382276,-1.29614,-0.090234,1.063172,1.015877,-1.0,22.480391,22.46010605,0.5705915273795958,21.318922995240808,23.601289104759193,22.50211305702841,-0.237538431510238,-0.008576710376573442
2015-01-28,2.642613,2.72651,-0.125843,-2.214926,-2.214921,1.988252,0.843116,0.875276,1.782713,3.053687,3.189626,-1.0,21.982468,22.374352350000002,0.49924867584948995,21.375854998301023,23.372849701698982,22.452623051597133,-0.251274037861684,-0.02239819154610375
2015-01-29,-0.996678,0.498343,-1.245843,1.006711,1.006702,0.805651,-0.037372,-0.130116,0.458891,1.755819,2.122317,1.0,22.203766,22.3056571,0.41183023765734744,21.481996624685305,23.129317575314698,22.428922380016452,-0.24151862930100165,0.010016687564136668
2015-01-30,-0.041859,0.920896,-0.293005,-0.789041,-0.789019,1.113424,0.887389,0.530197,0.969012,2.231884,2.882644,-1.0,22.028574,22.242033600000003,0.34239863785531316,21.557236324289377,22.92683087571063,22.390793962872028,-0.24509858408336171,-0.007921485325270415
2015-02-02,-0.867406,0.041305,-1.280459,1.339473,1.339465,-0.536971,-0.190008,-0.749006,-0.541103,0.612966,1.492492,1.0,22.323639,22.20284505,0.2766879294257716,21.64946919114846,22.756220908851542,22.38439825212231,-0.22157229698596836,0.013305733052901584
2015-02-03,-0.735586,0.245206,-0.85819,1.073936,1.07392,-1.520217,-0.997128,-1.670061,-1.624427,-0.670198,0.322856,1.0,22.563377,22.19685145,0.26685742916243543,21.66313659167513,22.73056630832487,22.40144384715828,-0.18149058148817687,0.01068194328545433
2015-02-04,1.034768,1.11755,-0.331126,-1.266853,-1.266858,0.008288,0.322859,-0.325596,-0.343531,0.349349,1.408676,-1.0,22.277531,22.2010008,0.267464152624013,21.666072494751972,22.735929105248026,22.389642623619398,-0.17082178921510405,-0.01274951310146494
2015-02-05,-1.020408,0.0,-1.061224,1.407285,1.407297,-1.036736,-0.979593,-1.512926,-1.640816,-1.21796,-0.163265,1.0,22.591042,22.2203646,0.281334203039386,21.65769619392123,22.78303300607877,22.408823516608027,-0.13550693727221486,0.01397486397848765
2015-02-06,0.08157,0.93801,-0.203919,0.081633,0.081643,-0.603601,-1.044056,-1.337693,-1.690466,-1.420891,-0.429591,0.0,22.609486,22.2272803,0.2894081361484717,21.648464027703056,22.806096572296944,22.427934229312026,-0.1048230511372168,0.0008160967068199446
2015-02-09,-0.689935,0.446433,-0.771096,0.489392,0.489392,-0.738643,-1.505687,-1.534096,-2.04546,-1.969161,-1.075492,0.0,22.720135,22.2554038,0.3089562357342675,21.637491328531464,22.873316271468536,22.455762874139452,-0.0707617038674968,0.004881983009080835
2015-02-10,0.202269,0.323625,-0.687702,0.324675,0.324668,-0.857603,-1.686891,-1.618121,-2.212781,-2.266988,-1.538564,0.0,22.7939,22.28952085,0.3292441523515387,21.63103254529692,22.948009154703076,22.487966409935698,-0.03738467448104643,0.003241420567796798
2015-02-11,-0.242233,0.201857,-0.686314,0.202269,0.202273,-0.565202,-1.509896,-1.620245,-2.22649,-2.351237,-1.862474,0.0,22.840006,22.33147565,0.34367718161302135,21.64412128677396,23.018830013226044,22.52149398994182,-0.007130572546010683,0.0020206911802949467
2015-02-12,-0.321414,0.401772,-0.723182,0.484453,0.484461,-0.731222,-1.659309,-1.931173,-2.474899,-2.691853,-2.426687,0.0,22.950657,22.38265135,0.3562736754821654,21.670103999035668,23.095198700964332,22.562366657566407,0.02548090415575288,0.004832916062979149
2015-02-13,-0.636183,0.079523,-0.834986,1.0446,1.044571,-1.256446,-2.174937,-2.767382,-3.17096,-3.573743,-3.451279,1.0,23.190393,22.4550349,0.3663358495705533,21.722363200858894,23.18770659914111,22.62217869017913,0.06986506505706913,0.010391534535961916
2015-02-17,-0.198645,0.158915,-0.754867,0.079523,0.07955,-0.913797,-1.871288,-2.691046,-2.93406,-3.469221,-3.513454,0.0,23.208841,22.5278796,0.3640128087567,21.7998539824866,23.255905217513398,22.67805129111445,0.1053144325432065,0.0007951855831105284
2015-02-18,0.15842,0.15842,-0.39604,0.317839,0.317814,-0.807909,-1.873256,-2.769625,-2.964345,-3.57385,-3.733322,0.0,23.282602,22.592425300000002,0.3781104471907645,21.836204405618474,23.34864619438153,22.73562754910355,0.13777205741077125,0.0031731027100638256
2015-02-19,0.079972,0.799676,-0.2399,-0.950495,-0.039953,-0.39591,-1.406177,-2.361003,-2.687861,-3.316624,-3.540341,0.0,23.2733,22.64774615,0.39321072924922673,21.861324691501547,23.434167608498452,22.786834449188927,0.1608897286613029,-0.0003996056235268688
2015-02-20,-1.309004,0.039667,-1.626339,0.799676,0.799663,-0.75236,-1.818184,-2.778765,-3.231543,-3.822369,-4.12716,1.0,23.459408,22.701307250000003,0.427460464958647,21.846386320082708,23.556228179917298,22.8508890730757,0.1920145852973434,0.007964827711946515
2015-02-23,0.198645,0.516484,-0.278109,-0.158663,-0.15864,-0.396732,-1.3152,-2.227623,-2.896421,-3.382734,-3.839481,0.0,23.422192,22.743786800000002,0.4553047454629167,21.83317730907417,23.654396290925835,22.905298875639918,0.21124315861279186,-0.001587659457758117
2015-02-24,-1.063403,0.236321,-1.181564,0.874052,0.874039,-0.905867,-1.78648,-2.70705,-3.536137,-3.90246,-4.465395,1.0,23.626911,22.79143095,0.49568605171565555,21.80005884656869,23.78280305343131,22.974023839864685,0.24023181111221348,0.008702409989790789
2015-02-25,-1.775372,0.578923,-1.813968,2.048054,2.04805,-2.207639,-3.211386,-4.231803,-5.134008,-5.479524,-6.106327,1.0,24.110802,22.8729515,0.5702940465501146,21.73236340689977,24.01353959310023,23.08228842654424,0.298807025336977,0.020273596848196376
2015-02-26,0.193132,0.463503,-0.309,-0.077194,-0.077185,-1.4523,-2.616874,-3.655683,-4.622885,-5.086855,-5.744454,0.0,24.092192,22.9784377,0.5916306838924814,21.79517633221504,24.161699067784962,23.17846971925431,0.33980952052347746,-0.0007721512454032873
2015-02-27,-0.615621,1.077337,-0.923432,0.386253,0.386245,-1.231239,-2.481092,-3.586934,-4.580211,-5.154826,-5.795888,0.0,24.185247,23.07751175,0.6202915083994149,21.83692873320117,24.31809476679883,23.274353269801516,0.37548470027901715,0.0038550145645421417
2015-03-02,-0.880896,0.0383,-0.995791,0.46172,0.461711,-0.965143,-2.473862,-3.567036,-4.551954,-5.306851,-5.878426,0.0,24.296913,23.190928699999997,0.625757245122229,21.93941420975554,24.442443190244454,23.3717399107728,0.4080641408250507,0.004606486074876912
2015-03-03,0.734718,0.850731,-0.309358,-0.957488,-0.957484,0.355762,-1.17556,-2.262406,-3.267556,-4.160325,-4.648217,-1.0,24.064274,23.277960450000002,0.6198013495756804,22.03835775084864,24.517563149151364,23.437695538318245,0.4103809430668157,-0.009620971233780458
2015-03-04,0.389712,0.428683,-0.740456,-0.773399,-0.773395,0.943103,-0.155883,-1.197895,-2.238289,-3.179178,-3.641675,-1.0,23.878162,23.343699700000002,0.6096634084121636,22.124372883175674,24.56302651682433,23.47964472514508,0.39267285430389975,-0.007764016617802353
2015-03-05,-0.774589,0.0,-0.929512,0.623539,0.62354,0.26336,-0.460883,-1.480785,-2.480022,-3.438774,-3.980719,1.0,24.027052,23.43117575,0.5730487919963659,22.28507816600727,24.577273333992732,23.53177875132174,0.3862013562212354,0.006216044851223664
2015-03-06,1.14083,1.416212,-0.354052,-1.549187,-1.549183,1.392599,1.188038,0.267932,-0.72063,-1.673952,-2.291308,-1.0,23.654829,23.484365099999998,0.5393430390391312,22.405679021921735,24.56305117807826,23.54349782262443,0.3470369362849972,-0.015613082097898806
2015-03-09,-0.468015,0.234017,-0.58502,0.865456,0.86546,0.156004,0.503117,-0.405429,-1.310517,-2.210663,-2.949886,1.0,23.859552,23.5468684,0.5038873036877362,22.539093792624527,24.554643007375475,23.573598220469727,0.3287289042975168,0.008617360157707393
2015-03-10,1.311085,1.867298,0.0,-1.833069,-1.83306,1.477938,2.292396,1.515016,0.68217,-0.197045,-1.031205,-1.0,23.422192,23.581971250000002,0.4663157824352127,22.649339685129576,24.51460281487043,23.55917858042499,0.27574968944353984,-0.018500691291452744
2015-03-11,0.357285,1.190945,-0.198499,0.079464,0.079446,1.024218,1.925366,1.479422,0.740232,-0.126545,-0.973197,0.0,23.4408,23.61431625,0.4297800426573839,22.754756164685233,24.47387633531477,23.547904429908325,0.23258370983494103,0.0007941448116651236
2015-03-12,-0.511811,0.03937,-0.905512,0.83366,0.833662,-0.141727,0.889765,0.742783,0.075773,-0.722336,-1.558698,1.0,23.636217,23.6541268,0.3892457279645535,22.875635344070893,24.432618255929107,23.556315150869438,0.21170250404660962,0.008302060532519511
2015-03-13,0.958466,1.277955,-0.918538,-1.417319,-1.417321,0.990418,1.960862,2.1459,1.589783,0.826889,0.013585,-1.0,23.301216,23.671654750000002,0.3629023495344578,22.945850050931085,24.39745944906892,23.532019993643775,0.1662062943372682,-0.014274606300692971
2015-03-16,-1.532424,0.117874,-1.925352,1.63738,1.637395,-0.785864,0.058926,0.573659,0.057103,-0.616176,-1.364826,1.0,23.682749,23.69627255,0.34478472913796965,23.00670309172406,24.38584200827594,23.546375137106274,0.15910270787739478,0.016241344753897942
2015-03-17,-0.03951,0.316081,-0.869218,-0.550106,-0.550114,-0.126429,0.395103,1.108917,0.683524,0.07493,-0.645306,-1.0,23.552467,23.71345385,0.32733696290308395,23.058779924193832,24.36812777580617,23.546955314524723,0.14133121754128197,-0.005516321990406064
2015-03-18,-1.794068,0.819037,-2.067075,1.303833,1.303834,-1.060841,-0.904834,-0.262611,-0.49142,-1.034432,-1.742969,1.0,23.859552,23.742301349999998,0.3124527792558698,23.11739579148826,24.367206908511736,23.576726427427133,0.15029388217775974,0.012954069484469146
2015-03-19,0.434272,1.105413,-0.276352,-1.209045,-1.209046,0.09475,0.114489,0.810631,0.789575,0.300813,-0.357529,-1.0,23.571079,23.757190299999998,0.29556629465852663,23.166057710682946,24.34832288931705,23.57618857719598,0.13259107091371902,-0.012164145866760347
2015-03-20,-0.23622,0.511815,-0.393705,0.276352,0.276347,0.102367,-0.169286,0.377956,0.549215,0.140417,-0.484732,0.0,23.636217,23.76603075,0.2887565379729893,23.18851767405402,24.34354382594598,23.581905569843983,0.12240653136595014,0.002759659919492389
2015-03-23,0.039266,1.060075,-0.078516,0.275587,0.275586,-0.157042,-0.510395,-0.065429,0.33177,-0.048563,-0.604668,0.0,23.701355,23.7799889,0.2778003537026287,23.22438819259474,24.335589607405257,23.593281706049318,0.11822843877022038,0.002752065150793264
2015-03-24,0.435295,0.831025,0.0,-0.785234,-0.785229,0.601502,0.316581,0.569846,1.102096,0.794616,0.294698,-1.0,23.515245,23.7744056,0.2821273245754399,23.210150950849123,24.33866024915088,23.58584963880653,0.09876128999841072,-0.00788328527825252
2015-03-25,1.284625,1.68607,0.0,-1.424614,-1.424616,1.469289,1.653956,1.822564,2.362506,2.233642,1.799719,-1.0,23.180243,23.72787765,0.29990264848970455,23.128072353020592,24.327682946979408,23.547220435110667,0.05565995930826162,-0.014348613192491479
2015-03-26,0.0,0.483875,-0.52419,-0.441594,-0.4416,1.491943,1.862915,2.000013,2.596785,2.653237,2.285618,0.0,23.077879,23.677162,0.32013337098442524,23.036895258031148,24.31742874196885,23.50252125081441,0.013091019772581092,-0.004425781361733495
2015-03-27,0.241348,0.241348,-0.603387,0.241944,0.241959,0.812537,1.544639,1.603636,2.121871,2.349143,2.065104,0.0,23.133718,23.62458555,0.3186416466947272,22.987302256610544,24.261868843389454,23.46739713168923,-0.015955505729994712,0.002416667278401291
2015-03-30,-0.557329,0.318471,-0.597142,1.045857,1.04585,-0.509558,0.362256,0.414009,0.86783,1.281842,1.035123,1.0,23.375662,23.578523,0.2806590968857103,23.01720480622858,24.13984119377142,23.45866045248073,-0.019230549861866564,0.010404188680861444
2015-03-31,1.128581,1.128581,0.0,-1.234084,-1.234083,0.362759,1.414753,1.571949,1.916568,2.45385,2.279995,-1.0,23.087187,23.529668649999998,0.27666654118802697,22.976335567623945,24.08300173237605,23.423282028434944,-0.04458956677587622,-0.012417607315531489
2015-04-01,-0.483096,0.322061,-1.086957,0.120923,0.120907,0.185197,0.970221,1.355354,1.628436,2.157823,2.132327,0.0,23.115101,23.4915156,0.2786857069770148,22.93414418604597,24.04888701395403,23.393931454298283,-0.061722841374876936,0.0012083385738989837
2015-04-02,-0.521259,0.240573,-0.96231,0.402581,0.40259,-0.10425,0.40898,0.825982,1.044508,1.59583,1.713445,0.0,23.20816,23.450571,0.25501400344785613,22.940542993104287,23.960599006895713,23.376238934841304,-0.0670194429396247,0.004017814082055582
2015-04-06,-1.111994,0.913423,-1.548844,0.962305,0.962325,-0.802238,-0.63544,-0.097976,0.033743,0.498793,0.73999,1.0,23.431498,23.43940445,0.25044794701562967,22.938508555968742,23.94030034403126,23.381501702951656,-0.05258931091269048,0.009577244632087414
2015-04-07,0.59952,1.039173,-0.079936,-0.635425,-0.635452,-0.247792,-0.179845,0.426337,0.549573,0.967239,1.364254,-1.0,23.282602,23.41055695,0.23205929239523598,22.946438365209527,23.874675534790473,23.372082683622928,-0.05256208712049926,-0.006374799224935189
2015-04-08,0.159932,0.439828,-0.559772,-0.039968,-0.039953,-0.047985,-0.243906,0.386508,0.557774,0.871648,1.354121,0.0,23.2733,23.40311235,0.23404615414195856,22.935020041716083,23.87120465828392,23.362674808992175,-0.05268379968080694,-0.0003996056235268688
2015-04-09,-2.487369,0.388651,-3.148076,2.878848,2.878853,-2.153133,-2.71668,-2.399282,-2.151192,-1.940154,-1.505383,1.0,23.943304,23.42823755,0.2634323631729232,22.901372823654153,23.955102276345844,23.417972827183394,0.0012688391928143972,0.02838192154960945
2015-04-10,-4.84041,0.596282,-5.296387,10.804508,10.804499,-9.189755,-10.901436,-11.172687,-11.146964,-11.124516,-10.803226,1.0,26.530258,23.5729396,0.7426495009683468,22.08764059806331,25.058238601936694,23.714380938880215,0.24989166635370808,0.10259719063917079
2015-04-13,1.556279,2.02679,-0.470499,-3.08664,-3.08663,-4.524072,-7.061169,-7.80553,-7.848357,-7.973945,-7.764511,-1.0,25.711367,23.69344715,0.8792231613794589,21.935000827241083,25.45189347275892,23.904570087558287,0.37650922419938126,-0.0313527031050679
2015-04-14,-0.901551,0.396682,-1.262175,0.361929,0.361922,-2.91381,-6.455103,-7.594663,-7.769564,-8.004327,-7.902392,0.0,25.804422,23.7995308,0.997857165540455,21.803816468919088,25.79524513108091,24.085508364933688,0.47884350200781967,0.0036126827528058045
2015-04-15,0.837589,1.420251,-0.109246,-0.973678,-0.973682,-0.174792,-4.570278,-6.1544,-6.471225,-6.766199,-6.802616,-1.0,25.553169,23.8995659,1.0694987887637795,21.76056832247244,26.038563477527557,24.225285568273335,0.5335200501254569,-0.009784532320283233
2015-04-16,0.109963,0.806448,-0.366573,-0.655492,-0.655492,1.620234,-3.046187,-4.956012,-5.55352,-5.844575,-5.989736,-1.0,25.38567,23.9758718,1.1197550954167548,21.73636160916649,26.21538199083351,24.335798371294924,0.5569160573386966,-0.006576498679074761
2015-04-17,0.550459,1.65138,-1.211009,-0.109974,-0.109983,0.807349,-2.091731,-4.251976,-5.097237,-5.469346,-5.711303,0.0,25.35775,24.06520535,1.1564304991088816,21.752344351782234,26.378066348217764,24.433127097838266,0.5666724042170088,-0.0011004383550620753
2015-04-20,1.110289,1.554408,-0.03701,-0.844037,-0.84403,1.213916,-0.577347,-2.904018,-3.989633,-4.371572,-4.71132,-1.0,25.143723,24.14058065,1.1759618478871934,21.788656954225615,26.492504345774385,24.500802898044146,0.5507850816377129,-0.008476120345602614
2015-04-21,1.540195,1.652885,-0.262968,-1.480381,-1.480381,1.900823,1.517657,-1.069371,-2.330953,-2.758827,-3.156773,-1.0,24.7715,24.194087900000003,1.1792664674675426,21.83555496506492,26.552620834935087,24.526583574420894,0.5023679932164669,-0.014914484096566842
2015-04-22,-0.780375,0.40877,-1.151988,1.089403,1.089401,0.393908,1.129697,-1.615256,-3.078776,-3.568928,-3.984882,1.0,25.041361,24.2703937,1.1823996818558706,21.90559433628826,26.63519306371174,24.57560999590462,0.4802367587756997,0.010835098996654169
2015-04-23,-0.260704,0.819367,-0.521419,-0.222965,-0.222967,0.297953,1.772817,-0.896331,-2.500924,-3.173177,-3.564238,0.0,24.985527,24.3606579,1.163555027025951,22.0335478459481,26.6877679540519,24.614649710580373,0.45297069465514994,-0.0022321605606540258
2015-04-24,0.298507,0.522396,-0.373127,-0.186223,-0.186212,0.14925,1.324624,-0.248757,-1.945896,-2.773135,-3.210199,0.0,24.939001,24.453714,1.1294879137192149,22.19473817256157,26.71268982743843,24.645540309572716,0.4227348587241764,-0.001863853914416058
2015-04-27,0.297619,0.446432,-0.260417,0.298507,0.298504,-0.252977,0.744047,-0.124007,-1.861977,-2.84226,-3.270087,0.0,25.013445,24.54770035,1.0914345140356456,22.36483132192871,26.73056937807129,24.68057885151817,0.40016687491814906,0.002980596990710365
2015-04-28,-0.626844,0.147489,-1.769919,0.892865,0.89286,-0.766965,-0.372422,-0.491643,-2.361727,-3.458702,-3.920846,1.0,25.23678,24.640756250000003,1.0652730198556053,22.510210210288793,26.771302289711212,24.73355038946882,0.3957409972932808,0.008888973951648053
2015-04-29,-0.516792,0.590624,-0.701366,-0.110623,-0.110616,-0.524183,-0.398677,0.130425,-1.832784,-3.08306,-3.595426,0.0,25.208864,24.7468401,1.0064376694235964,22.73396476115281,26.75971543884719,24.77881835237655,0.38553664305963053,-0.0011067755562659998
2015-04-30,-0.073859,0.997046,-0.406208,-0.036914,-0.036916,-0.317579,-0.43575,0.499751,-1.382941,-2.726737,-3.382572,0.0,25.199558,24.85106295,0.9338813128559689,22.983300324288063,26.718825575711936,24.818888795007357,0.3724058396793133,-0.000369224019975017
2015-05-01,-0.805562,0.03662,-1.171728,0.849332,0.84934,-0.7836,-1.252296,-0.639578,-1.779574,-3.178329,-3.954602,1.0,25.413588,24.96133435,0.8566968547898494,23.247940640420303,26.6747280595797,24.875526814530467,0.3749478502539425,0.008457536932970326
2015-05-04,0.330037,1.246795,-0.073341,-0.146463,-0.146473,-0.352033,-1.015769,-0.581837,-1.252293,-2.682802,-3.585137,0.0,25.376364,25.05857765,0.7809368760739086,23.496703897852182,26.62045140214782,24.92322559409899,0.3696971081086602,-0.0014658020021315855
2015-05-05,1.225854,1.634476,-0.26003,-1.283462,-1.283458,0.794947,0.382611,0.510148,0.384469,-1.150078,-2.152059,-1.0,25.050669,25.146981,0.6600261428377685,23.826928714324463,26.467033285675537,24.935363061327656,0.33538883881410797,-0.012917655850768999
2015-05-06,0.708695,1.380086,-0.745983,-0.408622,-0.408636,0.999641,0.757193,0.760922,1.132054,-0.446089,-1.559106,0.0,24.948303,25.23073115,0.49553619979186825,24.239658750416265,26.221803549583736,24.93659543643931,0.29652109690169226,-0.00409472990881729
2015-05-07,-0.961538,0.295858,-1.405329,0.857896,0.857906,0.110944,-0.029589,-0.15533,0.514049,-0.967459,-2.133879,1.0,25.162336,25.29168275,0.3932639170029973,24.505154915994005,26.078210584005994,24.958094537730805,0.2797638621053409,0.008542469457031637
2015-05-08,-0.40205,0.475143,-0.511703,1.183432,1.183427,-1.023392,-0.994151,-1.296296,-0.87171,-1.771929,-2.966617,1.0,25.460114,25.23817555,0.2690640392312775,24.700047471537445,25.776303628462557,25.005905915089777,0.2872011526540028,0.011764797421876423
2015-05-11,1.225854,1.411586,-0.222879,-1.608191,-1.608182,0.334319,0.638927,0.292219,0.616637,0.09212,-1.125561,-1.0,25.050669,25.205140649999997,0.24761346708138482,24.709913715837228,25.700367584162766,25.010169066033605,0.25709286288268274,-0.016212536970090737
2015-05-12,-0.776918,0.221972,-1.03589,0.408622,0.408616,0.007396,0.196078,-0.0148,0.077689,-0.01776,-1.292393,0.0,25.15303,25.17257105,0.203560150042823,24.765450749914354,25.579691350085643,25.023774869268497,0.2387394636272866,0.004077832665052074
2015-05-13,-0.698269,0.110257,-1.065781,0.665919,0.665924,-0.360159,-0.422637,-0.602718,-0.630283,-0.355751,-1.651353,1.0,25.32053,25.1609391,0.1866080842650752,24.78772293146985,25.53415526853015,25.052037262671497,0.2350011654798685,0.006637162700275234
2015-05-14,-0.328347,0.072966,-0.948559,0.735028,0.73502,-0.817215,-1.028817,-1.191774,-1.331627,-0.837646,-2.056422,1.0,25.506641,25.166987650000003,0.19599987812231492,24.774987893755373,25.558987406244633,25.095332856702786,0.24424068498853302,0.007323320504153242
2015-05-15,0.40337,0.623399,-0.073341,-0.510762,-0.510757,-0.374038,-0.535388,-0.569613,-0.821417,-0.510452,-1.268794,-1.0,25.376364,25.16791835,0.1969950506948792,24.773928248610243,25.56190845138976,25.122097727492996,0.23830378790855633,-0.005120660018711643
2015-05-18,-0.366166,0.292933,-0.366166,0.146678,0.146688,-0.234353,-0.666429,-0.610283,-0.913592,-0.703047,-1.153431,0.0,25.413588,25.181411599999997,0.20435530925913142,24.772700981481734,25.59012221851826,25.149858705826997,0.23390609603212553,0.0014658020021315243
2015-05-19,-0.292505,0.146249,-0.511887,0.14647,0.146457,-0.14625,-0.654477,-0.69957,-0.925043,-0.903837,-1.014013,0.0,25.450808,25.215376999999997,0.18847513986571982,24.838426720268558,25.592327279731435,25.17852054336728,0.23076413121689043,0.001463499405094415
2015-05-20,-1.08538,0.217084,-1.591889,1.060325,1.060324,-0.882773,-1.396519,-1.608772,-1.832482,-1.917504,-1.7354,1.0,25.720669,25.2493424,0.2148316547372057,24.81967909052559,25.67900570947441,25.230153729713255,0.2472000604218536,0.010547418898530541
2015-05-21,-0.144297,0.252532,-0.613276,0.289436,0.289433,-0.945158,-1.435777,-1.738807,-1.958864,-2.137076,-1.779692,0.0,25.795113,25.289821699999997,0.23757499266356044,24.814671714672876,25.76497168532712,25.28395937450247,0.2631986709337575,0.0028901454633397843
2015-05-22,0.036131,0.361275,-0.216759,-0.144297,-0.144279,-0.505791,-1.177756,-1.507718,-1.658247,-1.933537,-1.737727,0.0,25.757896,25.33076645,0.24439878987591293,24.841968870248174,25.819564029751824,25.329096195978423,0.26976490229284167,-0.0014438344991810612
2015-05-26,0.0,0.218023,-0.508725,-0.578035,-0.578048,0.225291,-0.385172,-0.874513,-0.9702,-1.290695,-1.179746,-1.0,25.609003,25.360544349999998,0.23994218710709087,24.880659975785814,25.84042872421418,25.35575398683762,0.2599576373771093,-0.0057972515335597856
2015-05-27,0.181686,0.363376,-0.218027,0.0,0.0,0.348837,-0.207121,-0.729165,-0.897526,-1.159881,-1.205182,0.0,25.609003,25.3791555,0.24423450748295264,24.890686485034095,25.867624514965904,25.37987294047213,0.24931140261546858,0.0
2015-05-28,-0.470499,0.0,-1.194354,0.399706,0.399719,-0.057914,-0.452414,-0.926535,-1.19436,-1.449156,-1.578002,0.0,25.711367,25.40428065,0.2515320656311588,24.901216518737684,25.907344781262317,25.411443803284307,0.24629496908295323,0.00398922048888831
2015-05-29,0.843418,0.843418,0.0,-1.302928,-1.302937,0.931428,0.810414,0.437599,0.144847,-0.086542,-0.279918,-1.0,25.376364,25.41312095,0.24702484198699093,24.919071266026016,25.907170633973983,25.40810286963818,0.21440100014342534,-0.013115000225243879
2015-06-01,-0.073317,0.219938,-0.769798,0.036674,0.036672,0.601171,0.777124,0.38123,0.102637,-0.052788,-0.312808,0.0,25.38567,25.41172505,0.24710093232898953,24.917523185342024,25.90592691465798,25.40596640586312,0.18771189057378734,0.00036665197869164916
2015-06-02,-0.402492,0.329308,-0.658617,0.183281,0.183277,0.278088,0.600078,0.297602,-0.069516,-0.169771,-0.457368,0.0,25.432196,25.414516650000003,0.2469957744923943,24.920525101015215,25.90850819898479,25.408464462447583,0.16837392848277588,0.0018310888143038908
2015-06-03,-0.363244,0.108965,-0.617508,0.7318,0.731801,-0.443151,-0.065383,-0.309964,-0.684707,-0.835451,-1.070346,1.0,25.618309,25.44289865,0.2353236059414897,24.97225143811702,25.91354586188298,25.428449656500195,0.16615093335753528,0.007291360762875676
2015-06-04,0.586941,1.32062,-0.183423,-0.980752,-0.980748,0.27146,0.785033,0.689655,0.381512,0.171681,-0.047688,-1.0,25.367058,25.463836399999998,0.20577529267638908,25.05228581464722,25.875386985352776,25.422602832071608,0.14247299776530653,-0.009855888017546064
2015-06-05,-0.109934,0.329784,-0.476369,0.110055,0.110056,0.175884,0.51667,0.549648,0.316962,0.092338,-0.103827,0.0,25.394976,25.4754684,0.19407800187892407,25.08731239624215,25.86362440375785,25.419971705207644,0.1245253616430162,0.0010999560346554344
2015-06-08,0.293686,0.440532,-0.110136,-0.183221,-0.183217,0.330393,0.539644,0.726868,0.479071,0.265782,0.133379,0.0,25.348448,25.4698851,0.19613825750595945,25.07760858498808,25.862161615011917,25.413159923759295,0.10533309560255688,-0.0018338539015241974
2015-06-09,-0.182945,0.512254,-0.585437,0.330396,0.330387,6e-06,0.139047,0.400054,0.223203,-0.055611,-0.141475,0.0,25.432196,25.488961449999998,0.17003626428455934,25.148888921430878,25.829033978569118,25.414972883401266,0.09577679490871915,0.003298425121539247
2015-06-10,-0.977191,0.180966,-1.121965,1.097691,1.097707,-1.013396,-0.908438,-0.622518,-0.756431,-1.038009,-1.1642,1.0,25.711367,25.5168783,0.1573399891549504,25.202198321690098,25.8315582783099,25.443200894505907,0.1094682425712783,0.01091725943224841
2015-06-11,0.218103,0.472552,-0.545253,-0.434307,-0.434329,-0.399843,-0.5198,-0.220514,-0.268982,-0.504532,-0.682164,0.0,25.599695,25.530836549999997,0.15127021266995286,25.22829612466009,25.833376975339903,25.458105095029154,0.11003935122347386,-0.004352752485054633
2015-06-12,0.182556,0.328591,-0.401599,-0.436209,-0.436201,0.109534,-0.040155,0.13631,0.1643,-0.017518,-0.209315,0.0,25.488029,25.52990595,0.15148399410899108,25.226937961782017,25.832873938217983,25.460954990740664,0.1003249622618192,-0.004371546394665594
2015-06-15,0.661522,0.661522,-0.367505,-0.657174,-0.657167,0.749721,0.595368,0.683572,0.815876,0.62183,0.438564,-1.0,25.32053,25.52711425,0.1549376606733798,25.21723892865324,25.83698957134676,25.447581182098695,0.07820892575611538,-0.0065933618309651125
2015-06-16,-0.183685,0.073479,-0.808226,0.036751,0.036753,0.631885,0.517999,0.573106,0.762305,0.628948,0.395541,0.0,25.329836,25.52292665,0.1592395867557429,25.204447476488514,25.841405823511483,25.436367355232154,0.06073263589260591,0.00036746033008771005
2015-06-17,-0.293359,0.476714,-0.586722,0.183692,0.183689,0.183347,0.238355,0.327587,0.562888,0.479646,0.254246,0.0,25.376364,25.51920445,0.16186252923766462,25.19547939152467,25.84292950847533,25.430652749971948,0.0500599115164313,0.0018352001553538246
2015-06-18,-1.059558,0.146142,-1.242236,0.366707,1.220419,-0.95732,-0.84603,-0.888635,-0.65634,-0.674918,-0.858783,1.0,25.686062,25.517474099999998,0.1597668834527546,25.19794033309449,25.837007866905505,25.45497744045081,0.065832860663118,0.012130320542350234
2015-06-19,0.110132,0.513946,-0.220264,-0.474976,-0.474981,-0.425159,-0.306679,-0.36668,-0.227416,-0.191907,-0.333253,0.0,25.564058,25.50592135,0.1464314217449475,25.213058506510105,25.798784193489897,25.465366065169782,0.06770783950267756,-0.00476112955322157
2015-06-22,-0.43764,0.291758,-0.474103,0.660793,0.660799,-0.758264,-0.811693,-0.930755,-0.887224,-0.791674,-0.952179,1.0,25.732985,25.5046758,0.14426523694467108,25.21614532611066,25.793206273889343,25.490853582772658,0.08188089882708738,0.0065862514005912585
2015-06-23,-0.471866,0.181492,-0.580762,0.474103,0.474096,-0.820319,-1.116199,-1.289207,-1.307327,-1.191509,-1.31585,0.0,25.854984,25.516974850000004,0.16290828077118918,25.191158288457626,25.842791411542382,25.525532670127642,0.10178414588949636,0.0047297550106035905
2015-06-24,1.063826,1.210565,-0.036684,-1.052628,-1.052617,0.396179,-0.114501,-0.248352,-0.262535,-0.119727,-0.210032,-1.0,25.58283,25.515666200000002,0.16223383384312254,25.191198532313756,25.840133867686248,25.530989558686915,0.09450763409064677,-0.010581963673623263
2015-06-25,0.887574,1.146446,-0.073968,-0.80704,-0.807049,0.968934,0.610175,0.565688,0.482938,0.638642,0.609209,-1.0,25.376364,25.49891605,0.15820896729677073,25.182498115406457,25.81533398459354,25.516263315002448,0.07125943101074483,-0.00810323372670047
2015-06-26,-0.184566,0.147652,-0.664452,0.184908,0.18492,0.671827,0.399005,0.387489,0.306697,0.394383,0.412577,0.0,25.42329,25.501262349999998,0.15663596100759736,25.187990427984804,25.81453427201519,25.507408713573643,0.055976338215828036,0.0018474934237720248
2015-06-29,0.97598,1.238739,-0.412905,-1.661133,-1.661142,1.786791,1.96713,1.990581,1.924143,1.969144,2.058699,-1.0,25.000973,25.4820275,0.1913511396950348,25.09932522060993,25.86472977939007,25.459176740852342,0.00967539271307416,-0.016750938924789446
2015-06-30,0.940911,1.467817,-0.150542,-0.262759,-0.262762,1.31728,2.077534,2.126424,2.093025,2.129711,2.263637,0.0,24.93528,25.4571817,0.22708603625758386,25.003009627484833,25.911353772515167,25.40928181315212,-0.03195100496245118,-0.002631075979888904
2015-07-01,0.037509,0.787701,-0.712682,0.338728,0.338729,0.525133,1.5904,1.597373,1.628755,1.690729,1.860979,0.0,25.019743,25.4272534,0.24357748535172086,24.940098429296558,25.914408370703445,25.372182878566203,-0.05746237630410178,0.003381565072487736
2015-07-02,-0.29873,0.186703,-0.672147,0.450116,0.450109,-0.119487,0.914867,1.018157,1.126673,1.142908,1.326521,0.0,25.132359,25.41551845,0.25213351475330614,24.91125142049339,25.91978547950661,25.349342509178946,-0.06781146352272671,0.004490985812672232
2015-07-06,0.836192,1.254276,-0.418084,-1.755048,-1.755044,1.07184,2.364128,2.607617,2.790696,2.838736,2.987595,-1.0,24.691275,25.3803334,0.29975443491044884,24.780824530179103,25.9798422698209,25.286669413066665,-0.11033313056270089,-0.01770627665211776
2015-07-07,-0.340008,0.302229,-2.040042,0.608134,0.608142,0.332449,1.386474,1.858814,2.067311,2.129477,2.242095,1.0,24.841433,25.35498265,0.32312173488908924,24.708739180221823,26.001226119778178,25.244265945155554,-0.13041205339387574,0.006063002248279114
2015-07-08,0.772503,1.351877,-0.038625,-2.19116,-2.19117,2.054853,3.016618,3.857355,4.120298,4.230574,4.352603,-1.0,24.297115,25.2982286,0.3995027880323839,24.499223023935233,26.09723417606477,25.15406109323598,-0.18807860486110783,-0.02215532559388727
2015-07-09,0.57648,1.460415,-0.038432,0.502128,0.502142,1.053026,2.025357,3.077112,3.335482,3.513369,3.668798,0.0,24.419121,25.2336163,0.4323192609187178,24.368977778162566,26.098254821837436,25.08406679864208,-0.22138293316323043,0.005008853930342716
2015-07-10,0.456791,0.64713,-0.87552,0.960799,0.960792,-0.296919,0.761323,1.817028,2.160242,2.412551,2.539237,1.0,24.653738,25.18631845,0.4418026720624952,24.30271310587501,26.069923794124993,25.043083103533313,-0.2262372994037669,0.00956205904536482
2015-07-13,0.075561,0.226679,-0.868904,0.761321,0.761325,-0.929355,-0.23423,0.853796,1.258203,1.549618,1.6927,1.0,24.841433,25.15398865,0.4422201653421368,24.269548319315724,26.038428980684273,25.023878331768238,-0.2124895544423211,0.007584412618179777
2015-07-14,-1.162791,0.262566,-1.162791,0.717798,0.717793,-1.492873,-0.937735,-0.055014,0.476449,0.773346,0.919207,1.0,25.019743,25.1389493,0.4413720861600959,24.25620512767981,26.02169347232019,25.02348449064745,-0.18507283625951487,0.007152288591166458
2015-07-15,-0.59768,0.074714,-0.635039,0.412603,0.412606,-1.240195,-1.270082,-0.659945,0.022411,0.310024,0.463492,0.0,25.122976,25.1286063,0.4390812723883339,24.250443755223333,26.00676884477667,25.032959872490554,-0.1532482982386867,0.004117572716966872
2015-07-16,-0.221897,0.0,-0.739649,1.008595,1.008591,-1.471894,-2.115387,-1.706116,-0.976333,-0.744397,-0.571437,1.0,25.376364,25.1286063,0.4390812723883339,24.250443755223333,26.00676884477667,25.065665027491452,-0.10635483627662978,0.010035383691451714
2015-07-17,0.073421,0.330396,-0.770921,0.739641,0.739641,-1.48311,-2.665197,-2.378853,-1.727237,-1.478718,-1.275764,1.0,25.564058,25.122506100000003,0.4317145736083297,24.259076952783342,25.985935247216663,25.11313102487322,-0.05343018275904399,0.00736919098912887
2015-07-20,-0.073685,0.257922,-0.478994,-0.367111,-0.367113,-0.626375,-2.00073,-2.006871,-1.383559,-1.118499,-0.902154,0.0,25.470209,25.117813650000002,0.4271484909308395,24.263516668138323,25.972110631861682,25.147138451075772,-0.018842637322084244,-0.0036778859110505944
2015-07-21,0.595903,1.117318,-0.186223,-1.06853,-1.068519,0.588448,-0.800751,-0.896345,-0.424588,-0.069962,0.148267,-1.0,25.198055,25.091067149999997,0.4026462605739438,24.28577462885211,25.896359671147884,25.151987646211413,-0.013239692750996568,-0.010742685690963235
2015-07-22,0.938791,1.239204,-0.225306,-0.819371,-0.819381,1.314313,0.296665,-0.06258,0.225317,0.701472,0.916875,-1.0,24.991587,25.0478973,0.36051212400075316,24.326873051998493,25.768921548001504,25.13671139419128,-0.025169423440303262,-0.008227560766330397
2015-07-23,1.218583,1.294745,-0.228481,-1.389407,-1.389392,2.147741,1.801207,1.243958,1.447056,2.001512,2.19444,-1.0,24.644356,25.0009736,0.34808247316146546,24.304808653677068,25.69713854632293,25.089820404268302,-0.06192858653374955,-0.013991339477787386
2015-07-24,2.174753,2.213592,-0.31068,-1.942117,-1.942128,3.013592,3.615534,2.982523,3.205825,3.770097,4.020701,-1.0,24.165731,24.94044195,0.38289048796655795,24.174660974066885,25.706222925933115,25.001811889576086,-0.12820367344133388,-0.019612353553243377
2015-07-27,-1.579961,0.115603,-1.657037,0.776703,0.776699,1.302507,2.61657,2.096339,2.19075,2.771483,3.063703,1.0,24.353426,24.88694875,0.38659869217050885,24.11375136565898,25.660146134341016,24.9400608524736,-0.16369476804480954,0.007736982581884405
2015-07-28,0.0,0.536398,-0.574709,0.578031,0.578038,0.145592,1.812258,1.415067,1.499996,1.978541,2.358927,1.0,24.494198,24.861610000000002,0.39524296351653376,24.071124072966935,25.65209592703307,24.89759772366659,-0.1784060385399009,0.005763735395243887
2015-07-29,-0.647372,0.076165,-0.799699,0.613027,0.613035,-0.746388,0.997705,0.891079,0.822532,1.16069,1.642538,1.0,24.644356,24.847063799999997,0.39773458466303996,24.051594630673918,25.642532969326076,24.87347946426977,-0.1759204295142318,0.006111635576115119
2015-07-30,0.421129,0.459414,-0.421137,-0.533126,-0.533128,-0.3216,1.186819,1.457365,1.259558,1.528318,2.069921,-1.0,24.51297,24.82172515,0.4022713678413417,24.017182414317315,25.626267885682683,24.83914522957741,-0.18244915828882924,-0.005345543525331804
2015-07-31,0.498084,0.727973,-0.191575,-0.076574,-0.07658,0.022992,0.827586,1.491697,1.206894,1.462067,1.985949,0.0,24.494198,24.7898171,0.40164405467365916,23.986528990652683,25.593105209347318,24.8062931124748,-0.18698254797503822,-0.0007660920507833609
2015-08-03,0.96637,1.005017,-1.043684,-0.881222,-0.881225,0.850409,1.233089,2.2394,2.021644,2.175489,2.716141,-1.0,24.278349,24.7691708,0.4172847484323468,23.934601303135306,25.603740296864697,24.756012720810535,-0.20562221741038655,-0.008851307651985487
2015-08-04,-0.038614,0.617757,-0.27027,0.115961,0.115972,0.579148,0.749028,1.925345,1.793427,1.942847,2.401534,0.0,24.306505,24.742424399999997,0.42937746140517785,23.883669477189642,25.601179322810353,24.71320246168572,-0.21563661121403044,0.0011590444689627223
2015-08-05,-0.038314,0.881226,-0.268195,0.772201,0.772192,-0.314172,-0.226051,0.97318,1.05364,1.089653,1.431671,1.0,24.494198,24.75227855,0.4207955423878665,23.910687465224267,25.593869634775732,24.692344893906128,-0.20605258799792026,0.007692263183022737
2015-08-06,0.461003,0.576254,-0.268928,-0.268195,-0.268215,-0.115238,-0.046085,0.986056,1.327329,1.264708,1.546946,0.0,24.428501,24.75274755,0.4204097268967423,23.911928096206513,25.593567003793485,24.667216904010306,-0.2014363465836162,-0.0026857487764817374
2015-08-07,0.620395,1.04691,-0.697945,-0.922013,-0.922001,0.573867,0.899577,1.550991,2.177202,2.05351,2.330361,-1.0,24.20327,24.73022415,0.43770448135279816,23.854815187294406,25.605633112705597,24.623031484580753,-0.21349120762273444,-0.009262776401092961
2015-08-10,-1.295732,0.228655,-1.295732,1.744858,1.744872,-0.868909,-0.720279,-0.419213,0.381091,0.292675,0.467471,1.0,24.625586,24.719431800000002,0.4374790993309394,23.844473601338123,25.59438999866188,24.62327477176354,-0.18681392544400666,0.01729823572816228
2015-08-11,1.24466,1.24466,-0.272268,-2.019821,-2.019822,1.026834,1.174641,1.338,2.265654,2.241927,2.417992,-1.0,24.128193,24.6748543,0.4504970772924573,23.773860145415085,25.575848454584914,24.57612412683368,-0.20346206133880784,-0.020404992930465538
2015-08-12,-1.237432,0.077332,-1.972162,0.583438,0.583434,0.255215,0.433098,0.551686,1.496515,1.644233,1.732399,1.0,24.268965,24.63215375,0.44623990731735963,23.739673935365282,25.52463356463472,24.546870876659042,-0.20295714146904942,0.005817382789278859
2015-08-13,-0.077553,0.465293,-0.65917,-0.270688,-0.270696,0.341222,0.577746,0.703119,1.529665,1.884454,1.896085,0.0,24.20327,24.57349905,0.4195709551018703,23.73435713979626,25.41264096020374,24.514146983643894,-0.2054892738620424,-0.0027106255869756802
2015-08-14,-1.648773,0.076687,-1.7638,1.124463,1.124468,-0.552144,-0.548311,-0.332308,0.178299,0.722394,0.673569,1.0,24.475428,24.51906755,0.34897678059653475,23.82111398880693,25.21702111119307,24.510459461392095,-0.18342077047920924,0.011181927494381575
2015-08-17,-0.99198,0.114464,-1.564288,0.498462,0.498463,-1.068291,-0.911862,-0.760518,-0.495989,0.18314,0.16152,0.0,24.597429,24.475428549999997,0.2692381343750112,23.936952281249972,25.01390481875002,24.518742274592846,-0.1543080938062822,0.004972249785871726
2015-08-18,0.383583,0.537012,-0.498654,-0.534143,-0.534149,-0.260832,-0.314533,-0.235257,-0.111232,0.630616,0.64826,-1.0,24.466042,24.4388279,0.2088062885353076,24.021215322929386,24.856440477070613,24.5137232008221,-0.14022153409039007,-0.005355809990134876
2015-08-19,0.660707,1.165958,-0.427513,-1.304181,-1.304171,0.956076,0.858914,0.945715,1.03381,1.798675,1.957503,-1.0,24.146963,24.396596699999996,0.1735654386916679,24.04946582261666,24.743727577383332,24.478793657886662,-0.1530406849216348,-0.01312749879419061
2015-08-20,1.270341,1.786415,-0.039702,-2.098714,-2.098728,2.64391,2.687581,2.863576,2.987304,3.687184,4.033353,-1.0,23.640184,24.346388100000002,0.23314008668407254,23.880107926631858,24.812668273368146,24.398926071421265,-0.20176694058803335,-0.021210640571547094
2015-08-21,1.260675,2.196011,-0.122005,-2.381901,-2.381889,3.936555,4.705162,4.964075,5.264334,5.78609,6.34404,-1.0,23.077101,24.2919566,0.36648606571939846,23.558984468561203,25.024928731438795,24.273037969381143,-0.28256174556213054,-0.024107148760600182
2015-08-24,-4.315044,0.712191,-18.852115,-2.928015,-2.928015,5.111011,6.870542,7.571561,8.003764,8.428984,9.188654,-1.0,22.4014,24.1943553,0.5587502118872439,23.076854876225514,25.31185572377449,24.094786734201985,-0.39654451589155215,-0.02971737025699189
2015-08-25,6.274173,6.317147,0.0,-2.51362,-2.513629,5.414704,8.577574,9.591755,10.180498,10.609376,11.518415,-1.0,21.838312,24.061560999999998,0.7622743687178177,22.53701226256436,25.586109737435635,23.879884378563702,-0.5262469312107179,-0.025457598395513443
2015-08-26,-0.666389,0.249896,-3.082049,3.18006,3.180076,0.73302,4.460632,5.633754,6.31611,6.76384,7.698172,1.0,22.532787,23.95598255,0.8212553228167468,22.31347190436651,25.598493195633495,23.751589390129066,-0.5664688015466908,0.03130559001231302
2015-08-27,-2.319072,0.0,-2.518996,4.164931,4.164922,-3.438622,-0.027989,1.138212,1.843263,2.295083,3.121418,1.0,23.47126,23.90389705,0.8170939759344195,22.269709098131163,25.53808500186884,23.724891352973916,-0.5166622349831691,0.040805245453193195
2015-08-28,-0.953895,0.039746,-1.51033,0.59976,0.599763,-3.561209,-0.989669,0.368307,1.049282,1.591413,2.231052,1.0,23.612032,23.85978875,0.8073031093814083,22.245182531237184,25.474394968762816,23.714142843166876,-0.46052243229114964,0.005979718642678132
2015-08-31,0.644641,0.644641,-0.966962,-1.351351,-1.351353,-1.474617,-0.193393,1.361804,2.221998,2.800967,3.319903,-1.0,23.29295,23.8105188,0.8104771441980932,22.189564511603812,25.43147308839619,23.67402923905574,-0.4367439722641677,-0.013605672941346143
2015-09-01,1.507542,2.010059,-0.837517,-3.787272,-3.787275,2.91458,2.818264,4.840877,5.82287,6.475719,6.972368,-1.0,22.410782,23.71573265,0.8588291705060455,21.99807430898791,25.43339099101209,23.55371997819329,-0.48350936144799306,-0.03860855733916058
2015-09-02,-1.750106,0.0407,-3.011803,2.889452,2.889453,0.48026,-0.54131,1.546601,2.539682,3.21042,3.688781,1.0,23.058331,23.6439393,0.8503016883905852,21.94333592321883,25.34454267678117,23.506540075508212,-0.4629825027008714,0.02848495347213275
2015-09-03,1.019992,1.79519,-0.4896,-0.2442,-0.244202,0.318239,-0.575272,1.44703,2.480623,3.200329,3.704613,0.0,23.002022,23.57261535,0.8408024020440609,21.89101054591188,25.25422015408812,23.45849073498362,-0.446115938124624,-0.0024450107037445163
2015-09-04,0.75,0.75,-0.625,-2.080783,-2.080787,1.483337,1.291672,3.025005,4.285422,5.043339,5.665284,-1.0,22.523399,23.488621799999997,0.8582128382525048,21.772196123494986,25.20504747650501,23.369434379270896,-0.4659982030506491,-0.02102740072173714
2015-09-08,-1.802881,0.080132,-2.764419,3.999996,4.0,-2.307691,-2.167464,-1.271363,0.018034,0.857377,1.469023,1.0,23.424335,23.42855925,0.8154221135289907,21.79771502294202,25.05940347705798,23.374663009816526,-0.40439541684681046,0.03922071486090704
2015-09-09,2.647666,2.729124,-0.285128,-1.642628,-1.642621,-0.130351,-0.012222,-0.035304,1.452136,2.321789,2.953155,-1.0,23.039562,23.374127700000003,0.8024937069787752,21.76914028604245,24.979115113957555,23.34274862792924,-0.38221677333273263,-0.01656261401734921
2015-09-10,-0.486228,0.72934,-0.729335,0.529536,0.529524,-0.567259,-0.267419,-0.845484,0.678691,1.552679,2.197466,0.0,23.161562,23.318757549999997,0.7752439398155857,21.768269670368827,24.869245429631167,23.325492758602646,-0.3507524027922706,0.005281269068974753
2015-09-11,-0.841687,0.040072,-1.803611,1.094007,1.094024,-1.290596,-1.370756,-1.982646,-0.579173,0.280546,0.935189,1.0,23.414955,23.2793418,0.7474475797995315,21.784446640400937,24.774236959599065,23.33401297206906,-0.30188996544242386,0.010880826489388956
2015-09-14,0.807424,0.8478,-0.686314,-0.721447,-0.721453,0.048444,-0.81147,-1.221912,-0.121119,0.844566,1.489701,-1.0,23.246027,23.21787175,0.6924326356573395,21.83300647868532,24.60273702131468,23.325633355681532,-0.2736428254624279,-0.0072406850776965135
2015-09-15,-1.581024,0.592893,-2.371534,2.139681,2.139665,-1.778641,-2.699591,-2.914346,-2.393266,-1.416586,-0.711447,1.0,23.743414,23.175171,0.6260294895122481,21.923112020975502,24.427229979024496,23.36542198847377,-0.20871584313665537,0.021170951050287642
2015-09-16,-1.542611,0.385658,-1.966834,2.490123,2.490131,-3.100653,-4.27304,-4.589275,-4.791744,-3.77786,-3.119935,1.0,24.334656,23.1686017,0.6123096879664802,21.94398232406704,24.39322107593296,23.457729989571504,-0.10830399267472757,0.024596320406143964
2015-09-17,0.591716,2.287968,-0.315582,-2.236791,-1.361868,-1.06148,-2.557703,-2.86356,-3.507167,-2.493628,-1.850518,-1.0,24.00325,23.16141605,0.6009621323393507,21.959491785321298,24.3633403146787,23.50968427627898,-0.05483645179800689,-0.013712269320819004
2015-09-18,1.411294,1.653226,-0.362903,-2.169629,-2.169623,1.190221,-0.192088,-0.706145,-1.400788,-0.453972,0.191893,-1.0,23.48247,23.15353035,0.5953578052506674,21.962814739498665,24.344245960501336,23.507092440442886,-0.05386471519319613,-0.02193505250799541
2015-09-21,-0.797134,0.438426,-0.996413,1.169359,1.169345,0.450852,-0.826415,-1.813114,-2.397319,-1.725506,-1.028761,1.0,23.757061,23.18752835,0.6099981850297795,21.967531979940443,24.40752472005956,23.530898969924515,-0.030584845030528385,0.01162560621874832
2015-09-22,-1.393871,0.19912,-2.031067,0.079717,0.079724,0.398244,-0.757508,-1.755885,-2.185997,-1.941986,-1.226711,0.0,23.776001,23.2562584,0.5939911310128689,22.068276137974262,24.444240662025738,23.554242020407894,-0.01048620208221962,0.0007969190372112184
2015-09-23,-0.5171,0.755772,-0.636432,0.119466,0.119473,-0.167067,-0.554631,-1.482822,-1.88975,-2.170178,-1.389918,0.0,23.804407,23.35456315,0.5026405133562973,22.349282123287406,24.359844176712595,23.578067256559525,0.007646104524944519,0.0011940210085981395
2015-09-24,-0.160574,2.167808,-1.043758,-0.914873,-0.914877,0.401444,0.543786,-0.423868,-0.760477,-1.361918,-0.575858,-1.0,23.586626,23.4072551,0.46585012958312716,22.475554840833745,24.338955359166256,23.578882374982427,0.004392349251070016,-0.009190875119108021
2015-09-25,0.321027,0.481545,-0.240766,0.040145,0.04015,0.457458,0.580201,-0.295987,-0.773853,-1.408979,-0.701534,0.0,23.596096,23.413496900000002,0.46758593797029774,22.478325024059405,24.3486687759406,23.580521767841244,0.0025484971219533747,0.00040141813467916746
2015-09-28,1.563151,1.768824,0.0,-2.447837,-2.447841,2.336491,3.005179,2.349243,1.587068,1.054747,1.579148,-1.0,23.018501,23.38382035,0.47312439674163037,22.43757155651674,24.33006914348326,23.52699598042779,-0.04500111348772151,-0.024782990734536364
2015-09-29,-0.976801,0.1221,-1.261701,1.069523,1.069518,0.814004,1.709404,1.220435,0.506,0.133814,0.313284,1.0,23.264688,23.38240725,0.47345217956297525,22.435502890874048,24.329311609125952,23.502014268006096,-0.062103399709112495,0.010638390619714947
2015-09-30,-1.942899,0.079306,-2.101499,2.645499,2.645507,-1.720857,-1.102301,-1.153673,-1.776709,-2.104943,-2.353896,1.0,23.880157,23.455876,0.4264127234068587,22.603050553186282,24.308701446813718,23.538027861529326,-0.0256976535895852,0.026111188538237438
2015-10-01,-0.158797,0.476372,-1.587932,-0.118945,-0.118952,-1.381502,-1.048037,-0.843042,-1.493408,-1.767163,-2.278861,0.0,23.851751,23.495547,0.42438361660188156,22.646779766796236,24.34431423320376,23.567906255669392,0.0008522119295832908,-0.0011902312119367782
2015-10-02,-2.355705,0.078528,-2.512756,1.111544,1.111541,-2.033759,-1.872784,-1.739064,-2.345177,-2.739977,-3.287245,1.0,24.116873,23.55128955,0.42933621114475984,22.69261712771048,24.40996197228952,23.620188802748498,0.042793010134861476,0.01105408817491085
2015-10-05,-1.677849,1.416857,-2.23714,5.300357,5.300364,-5.093216,-6.167041,-6.12091,-6.695284,-7.354764,-7.851081,1.0,25.395155,23.694877350000002,0.5347500031027769,22.625377343794447,24.764377356205557,23.789233202486738,0.1771361539123859,0.05164668779314865
2015-10-06,-1.099307,0.439718,-1.209241,1.752427,1.752429,-4.73434,-6.984249,-7.196781,-7.834762,-8.556038,-8.994517,1.0,25.840187,23.81566995,0.7134252823893513,22.388819385221296,25.242520514778704,23.98456213558324,0.31587323631458375,0.01737250793204534
2015-10-07,-0.972272,0.0,-1.620454,1.758882,1.758888,-4.544479,-7.644947,-8.303932,-8.808855,-9.545807,-10.002607,1.0,26.294687,23.978426199999998,0.8791122041837129,22.220201791632572,25.736650608367423,24.204574027432454,0.4572270959024607,0.017435987836452012
2015-10-08,-1.42705,0.606493,-2.140567,0.936266,0.936258,-3.403498,-7.388514,-8.517068,-9.018095,-9.859979,-10.334013,1.0,26.540873,24.147391750000004,1.0262811357723745,22.094829478455257,26.19995402154475,24.427078691486507,0.5824026258256971,0.009319018541591752
2015-10-09,-0.320627,0.356252,-0.641258,0.142701,0.142701,-1.688632,-6.398289,-7.870799,-8.552569,-9.450142,-10.072064,0.0,26.578747,24.30558135,1.1444684399592175,22.016644470081566,26.594518229918435,24.63199948277351,0.6768588429926119,0.0014259893582781377
2015-10-12,-0.391598,0.284799,-0.640797,0.07125,0.071237,-0.854383,-5.119247,-7.224385,-7.987602,-8.901874,-9.761907,0.0,26.597681,24.47316405,1.223793462737272,22.02557712452546,26.920750975474544,24.819207246318886,0.7446599152117876,0.0007121200694467775
2015-10-13,0.358802,1.471116,0.0,-0.783193,-0.783185,0.344457,-3.186221,-5.831837,-6.759956,-7.733347,-8.658477,-1.0,26.389372,24.60546195,1.2823703676069436,22.04072121478611,27.170202685213887,24.968746746669467,0.7726770183440586,-0.007862678196769408
2015-10-14,0.507246,0.869565,-0.434783,-0.968787,-0.96878,1.202894,-1.376814,-4.316427,-5.503626,-6.357153,-7.290065,-1.0,26.133717,24.695415,1.3247720369105,22.045870926179,27.344959073821002,25.079696294605707,0.7654281730107151,-0.009735033636384942
2015-10-15,-0.820557,0.499461,-1.391373,1.557975,1.557972,-0.349631,-1.876564,-5.04222,-6.475208,-7.284402,-8.274921,1.0,26.540873,24.82229615,1.3755390209287008,22.0712181081426,27.5733741918574,25.218855980833737,0.7835057309631033,0.015459602405429367
2015-10-16,-1.276739,0.724641,-2.622502,3.389222,3.389225,-2.988272,-3.881989,-7.221075,-8.819878,-9.736942,-10.742627,1.0,27.440403,25.0201928,1.4550480557812056,22.11009668843759,27.93028891156241,25.430431887421,0.8604975985216647,0.03333056723039469
2015-10-19,-0.655402,1.966192,-0.827872,0.034507,0.034497,-2.400821,-3.166602,-6.176836,-8.178676,-9.155484,-10.175169,0.0,27.449869,25.2048332,1.5192123131213753,22.16640857375725,28.24325782624275,25.62275923147614,0.9117677443465055,0.00034490629209624646
2015-10-20,0.138982,0.764416,-0.277971,-0.724384,-0.724386,-1.056285,-1.942317,-4.517021,-6.871086,-7.977758,-9.051663,-1.0,27.251026,25.378584449999998,1.5456844604786089,22.28721552904278,28.469953370957217,25.777832257049845,0.9256840267523287,-0.007270223854250628
2015-10-21,-0.207969,1.35182,-0.242631,0.243221,0.243228,-0.429809,-1.805892,-3.909877,-6.454071,-7.764297,-8.750356,0.0,27.317308,25.554229499999998,1.5569413209944973,22.440346858011004,28.668112141988992,25.924448994473668,0.9313254442867809,0.002429322199850261
2015-10-22,-2.129814,0.540906,-2.265044,2.530329,2.530337,-1.839087,-3.705213,-5.291869,-7.973298,-9.468565,-10.425453,1.0,28.008528,25.775324599999998,1.576667304498074,22.62198999100385,28.928659208996145,26.1229327092857,0.9802720199130697,0.024988541254858422
2015-10-23,0.643853,1.084378,-0.304981,-0.236646,-0.236653,-1.247036,-2.988818,-4.154523,-6.977295,-8.615384,-9.672893,0.0,27.942245,25.992632049999997,1.559921930650429,22.87278818869914,29.112475911300855,26.296200546496586,1.0021617527266784,-0.002369333878835681
2015-10-26,-0.101519,0.372254,-0.47377,0.135544,0.13554,-1.001686,-2.626051,-3.668351,-6.216575,-8.135357,-9.231174,0.0,27.980118,26.2407129,1.4529015415784121,23.334909816843172,29.146515983156824,26.456573637306434,1.0109123895153864,0.0013544851740347106
2015-10-27,-0.169718,0.610998,-0.780716,-0.304569,-0.304563,-0.23761,-1.788865,-2.883004,-5.100134,-7.264085,-8.457795,0.0,27.894901,26.472223550000002,1.3161987800678618,23.83982598986428,29.104621110135724,26.593557195658203,0.9994499950961,-0.003050274258440903
2015-10-28,-0.204148,0.646482,-0.816601,-0.23761,-0.23762,0.367481,-0.94589,-2.284214,-4.164671,-6.464773,-7.821244,0.0,27.828617,26.66964655,1.197732127098283,24.274182295803435,29.065110804196564,26.71118193892885,0.9737921305784774,-0.002379032539288731
2015-10-29,-0.579414,0.136329,-0.954332,-0.170122,-0.170113,0.374909,-0.33061,-1.820044,-3.29414,-5.701433,-7.210863,0.0,27.781277,26.86612285,1.0203149904449664,24.825492869110068,28.906752830889932,26.813095754268957,0.9388160585993894,-0.001702575136561805
2015-10-30,1.037341,1.417704,-0.034578,-1.431493,-1.431489,1.424612,1.09612,-0.198255,-1.293228,-3.778705,-5.388433,-1.0,27.383591,27.029458749999996,0.7932490529053845,25.442960644189228,28.615956855810765,26.867428634814768,0.8689901553838695,-0.014418339204768628
2015-11-02,-1.564622,0.0,-1.768711,1.659751,1.659738,-0.333329,-0.414961,-1.530606,-2.46598,-4.657137,-6.444438,1.0,27.838087,27.15160535,0.7123043480354205,25.72699665392916,28.57621404607084,26.959872288641932,0.8406363206095016,0.016461153637386258
2015-11-03,-1.284221,0.675907,-1.385603,0.646259,0.646269,-0.885439,-0.780674,-1.775379,-2.70362,-4.590744,-6.540501,1.0,28.017996,27.2604958,0.6662481072567031,25.927999585486596,28.592992014513406,27.06064597543794,0.8231935917052553,0.006441898983708159
2015-11-04,0.033846,0.84631,-0.270826,-0.168973,-0.168977,-0.616115,-0.37915,-1.171296,-2.23934,-3.844282,-5.885807,0.0,27.970652,27.344294049999995,0.6433848207647495,26.057524408470496,28.631063691529494,27.147313215872423,0.7963697831141161,-0.0016912003763433806
2015-11-05,-0.573549,0.337385,-1.11336,0.338517,0.338519,-0.748985,-0.695006,-1.142599,-2.29757,-3.568149,-5.671388,0.0,28.065338,27.4205173,0.6334182887383608,26.15368072252328,28.68735387747672,27.234744147694098,0.773831838683865,0.003379474159952003
2015-11-06,-1.604275,0.100271,-2.239305,0.944673,0.944678,-1.009364,-1.487306,-1.858296,-2.902747,-3.875674,-5.997109,1.0,28.330465,27.5081032,0.632004231450413,26.244094737099175,28.772111662900826,27.339098514580375,0.7685050407549348,0.00940243561129541
2015-11-09,0.033613,0.672272,-1.243701,-0.568182,-0.56818,-0.208408,-0.85715,-1.127179,-2.068915,-2.932444,-4.850428,-1.0,28.169497,27.586694,0.6101854990766943,26.366323001846613,28.80706499815339,27.41818408462034,0.7427329792350612,-0.005698001549632069
2015-11-10,-1.626833,0.498005,-1.693227,1.243701,1.243682,-1.082329,-1.855903,-2.045146,-2.8984,-3.748997,-5.40504,1.0,28.519836,27.6932172,0.575116953785607,26.542983292428787,28.843451107571212,27.5231033146565,0.7420242703037054,0.012360119325111867
2015-11-11,-1.532439,0.489077,-1.532439,1.826026,1.826038,-2.119335,-3.198565,-3.406153,-4.139225,-5.096839,-6.509076,1.0,29.040619,27.8385623,0.5254260163786849,26.78771026724263,28.88941433275737,27.667628618022547,0.7745568399979028,0.018095659977491293
2015-11-12,0.828912,2.453581,-0.165779,-1.662863,-1.662864,-0.119362,-1.289787,-1.644563,-2.16512,-3.20955,-4.378868,-1.0,28.557713,27.9394043,0.4516155506249805,27.03617319875004,28.84263540124996,27.752398559163257,0.7526960459976557,-0.01676844792218734
2015-11-13,-1.387054,0.693524,-1.552186,0.397881,0.397882,-0.277414,-1.231839,-1.864821,-2.338181,-3.301193,-4.228317,0.0,28.671339,28.0009511,0.4637457017316656,27.07345969653667,28.928442503463334,27.839916696385803,0.7360550929091652,0.003970925442094687
2015-11-16,-1.581034,0.790511,-1.94335,0.264201,0.264194,-0.138338,-1.175885,-1.94554,-2.369892,-3.256914,-4.092004,0.0,28.747087,28.065812,0.4732324462209726,27.119347107558056,29.012276892441946,27.926313868158587,0.7206717924220669,0.0026384576945054678
2015-11-17,0.824538,1.418206,-1.055409,-0.131756,-0.131742,0.125324,-0.804755,-1.627096,-1.987144,-2.806076,-3.632373,0.0,28.709215,28.13872145,0.45299038281857656,27.232740684362845,29.04470221563715,28.00087588071491,0.6973854368561412,-0.0013182890010835255
2015-11-18,-0.982965,0.163827,-1.376147,0.659631,0.659624,-0.629095,-1.133683,-2.024902,-2.355833,-3.06029,-3.963523,1.0,28.898588,28.217785449999997,0.43988397080451486,27.33801750839097,29.097553391609026,28.086372273027777,0.6863004068616831,0.006574584423549808
2015-11-19,0.363393,0.792864,-0.066072,-0.819135,-0.819137,0.264291,-0.109017,-1.0109,-1.435414,-1.96366,-2.923687,-1.0,28.661869,28.2504525,0.4477157841127507,27.3550209317745,29.145884068225502,28.14118148512037,0.6509109000926756,-0.008225102679344906
2015-11-20,-1.304631,1.076321,-1.467714,1.288404,1.288402,-0.763206,-1.138287,-1.891712,-2.501628,-2.991517,-3.876927,1.0,29.031149,28.304897700000005,0.47371702687782435,27.357463646244355,29.252331753755655,28.225940296061285,0.645224524132999,0.012801723884416022
2015-11-23,0.0,0.75188,-1.078784,-0.228311,-0.228306,-0.385747,-0.637464,-1.407867,-2.108533,-2.560315,-3.384549,0.0,28.964869,28.354135250000002,0.48910994061807034,27.375915368763863,29.33235513123614,28.29631445834116,0.6281291067955479,-0.0022856751598224535
2015-11-24,-1.076321,0.684935,-1.239397,0.228833,0.228829,-0.391387,-0.688189,-1.400301,-2.136331,-2.537505,-3.301802,0.0,29.031149,28.410947649999997,0.49885345868815506,27.413240732623688,29.408654567376306,28.366298700403906,0.612864388291328,0.0022856751598223663
2015-11-25,0.92226,0.955201,-0.197635,-0.97847,-0.978473,0.487485,0.191044,-0.245934,-1.009549,-1.375491,-2.043256,-1.0,28.747087,28.45687115,0.484493333358159,27.487884483283683,29.42585781671632,28.402564252746394,0.5712604249243043,-0.009832916627537516
2015-11-27,-0.296446,0.06587,-0.559947,0.0,0.0,0.546773,0.25692,-0.087832,-0.841565,-1.272725,-1.787437,0.0,28.747087,28.50516165,0.4611827099724679,27.582796230055067,29.427527069944936,28.435375942961024,0.5321546368171006,0.0
2015-11-30,1.302602,1.703407,0.0,-1.383399,-1.383396,1.476284,1.549765,1.318191,0.719772,0.169672,-0.302829,-1.0,28.349401,28.55345215,0.38118938219841464,27.79107338560317,29.315830914396827,28.42718785315521,0.4637275192195247,-0.013930539168084326
2015-12-01,-0.596619,0.265164,-0.994362,0.7682,0.768207,0.424257,0.712624,0.638599,0.079546,-0.511771,-0.932498,1.0,28.567183,28.58990695,0.3420267569143589,27.90585343617128,29.27396046382872,28.440520724283285,0.42220480863202425,0.00765271024864198
2015-12-02,0.400404,0.867538,-0.3003,-0.662913,-0.662911,0.633964,1.267931,1.276829,0.810808,0.220217,-0.139031,-1.0,28.377808,28.60789755,0.3190524080490211,27.969792733901958,29.246002366098043,28.434548083875356,0.36975448200498917,-0.006651180193655534
2015-12-03,0.199797,0.732597,-0.199807,0.200207,0.200206,0.213114,0.902422,0.932393,0.690968,0.10522,-0.207579,0.0,28.434622,28.631096050000004,0.2853689633608865,28.06035812327823,29.201833976721776,28.434555123506275,0.32897936590682875,0.0020000559363174404
2015-12-04,-1.377501,0.098393,-1.738278,1.531798,1.531788,-1.213505,-0.547716,-0.518197,-0.688745,-1.254176,-1.613639,1.0,28.87018,28.671338150000004,0.2566959999589133,28.15794615008218,29.18473014991783,28.47604320698187,0.3280293647939452,0.01520174130721355
2015-12-07,0.164633,0.230491,-0.823181,-0.393568,-0.393565,-0.540006,-0.250248,-0.105368,-0.22226,-0.673034,-1.130503,0.0,28.756557,28.692642750000005,0.24429855762380884,28.204045634752386,29.181239865247623,28.50275880631693,0.31448289252836403,-0.003943417696600644
2015-12-08,-0.397486,0.629341,-0.927463,-0.59269,-0.592686,0.066244,0.211986,0.452684,0.445506,0.023844,-0.47036,-1.0,28.586121,28.71347395,0.21311481332291662,28.287244323354166,29.139703576645836,28.51069806285817,0.2866896747416128,-0.005944490485451396
2015-12-09,-1.476859,0.393833,-1.673778,0.927453,0.927454,-0.525105,-0.771249,-0.437589,-0.420085,-0.779783,-1.274477,1.0,28.851244,28.730044350000004,0.2101295236363505,28.309785302727303,29.150303397272705,28.54313100925263,0.2827966559657682,0.009231791289325615
2015-12-10,-0.685152,0.91354,-0.913537,0.590748,0.590744,-0.70473,-1.259378,-0.994017,-1.008155,-1.217617,-1.717236,1.0,29.021681,28.72909745,0.20869409839303502,28.31170925321393,29.146485646786072,28.588707198847615,0.29011993007625136,0.0058900597384527005
2015-12-11,0.198282,1.156646,-0.363516,-1.272431,-1.272421,0.422995,-0.019834,0.279789,0.284196,0.137468,-0.349204,-1.0,28.652403,28.733831950000003,0.2056533115568335,28.322525326886336,29.14513857311367,28.594773465624034,0.26309325389414084,-0.012805857357952173
2015-12-14,0.0,0.660935,-1.619299,0.0,0.0,0.350293,0.085917,0.191665,0.280891,0.182412,-0.201594,0.0,28.652403,28.732885149999998,0.20599946129530347,28.320886227409392,29.144884072590603,28.60026199270746,0.23892029387802083,0.0
2015-12-15,0.263852,0.956468,-0.329819,0.198282,0.19828,0.237465,-0.062668,-0.065968,0.075852,0.059361,-0.297939,0.0,28.709215,28.73099155,0.20603610466225927,28.318919340675482,29.143063759324516,28.610638469592462,0.22179063809469923,0.0019808373807092086
2015-12-16,-1.678505,0.806972,-1.807618,2.176781,2.176768,-1.568745,-1.865712,-2.126095,-1.949638,-1.961259,-2.272427,1.0,29.334148,28.762238200000002,0.24605979957659047,28.27011860084682,29.254357799153183,28.679544139155084,0.255694644098142,0.021534146781963227
2015-12-17,1.276602,1.636661,-0.06546,-1.387995,-0.650409,-0.840847,-0.98007,-1.394699,-1.265741,-1.30533,-1.498506,-1.0,29.143356,28.774476600000003,0.2589479743735728,28.256580651252857,29.29237254874715,28.72371669733079,0.2641238380427424,-0.00652533586225773
2015-12-18,0.363269,0.99075,0.0,-0.883791,-0.88379,0.204919,-0.091734,-0.483453,-0.346597,-0.379868,-0.52552,-1.0,28.88579,28.78567265,0.2586635882601888,28.26834547347962,29.302999826520377,28.739152249965954,0.24717137360568842,-0.008877183594673023
2015-12-21,0.065789,0.657895,-0.822368,0.396298,0.396288,0.049286,-0.402061,-0.726647,-0.745279,-0.727725,-0.841182,0.0,29.000261,28.78412825,0.25720890588455775,28.269710438230884,29.298546061769112,28.764019749969194,0.24020435020223374,0.0039550512511904575
2015-12-22,0.0,0.459164,-1.082322,0.296053,0.296059,0.013119,-0.524157,-0.900745,-1.017421,-0.974138,-1.028838,0.0,29.086119,28.79019075,0.26305573957166206,28.264079270856676,29.316302229143325,28.794695869019744,0.2388575557955086,0.002956220116584379
2015-12-23,-1.389341,0.161548,-1.389341,1.508695,1.508696,-1.344107,-1.774461,-2.11461,-2.404949,-2.335418,-2.386344,1.0,29.52494,28.814880300000006,0.3064544462463268,28.20197140750735,29.42778919249266,28.8642429291131,0.270086015382315,0.014974279842680727
2015-12-24,0.227052,0.324359,-0.4541,-0.387725,-0.38773,-0.778459,-1.259937,-1.512401,-1.912292,-1.885651,-1.964476,0.0,29.410463,28.848049099999997,0.33344230622278953,28.18116448755442,29.514933712445576,28.916263888245187,0.28234278553856385,-0.0038848345186777923
2015-12-28,-0.517799,0.323625,-0.938508,0.227052,0.227059,-0.601946,-1.203804,-1.598224,-2.010653,-1.997279,-2.082588,0.0,29.477242,28.884556850000003,0.3606664666811468,28.16322391663771,29.605889783362297,28.96969037507898,0.2940551862531322,0.002268012605526757
2015-12-29,-0.863175,0.639383,-0.895144,1.229777,1.229772,-1.246804,-2.006107,-2.55164,-2.951335,-3.079457,-3.141601,1.0,29.839745,28.959074050000005,0.3964621213586169,28.16614980728277,29.75199829271724,29.052552720309553,0.32879813055938456,0.012222721730550917
2015-12-30,0.740747,1.256045,-0.128821,-0.7353,-0.735294,-0.15459,-0.972626,-1.597029,-2.054681,-2.273011,-2.325859,-1.0,29.620335,29.01173165,0.4113324338716584,28.189066782256685,29.83439651774332,29.106627223137213,0.33476860680434584,-0.007380111021217135
2015-12-31,-0.930976,1.091493,-1.155695,0.322064,0.322063,-0.346711,-1.162121,-1.718985,-2.143993,-2.494592,-2.526516,0.0,29.715731,29.0786278,0.41160450134459015,28.25541879731082,29.90183680268918,29.164637106647955,0.343241240821861,0.0032154501848014267
