date,c_open,c_high,c_low,n_close,n_adj_close,adj_sum_5,adj_sum_10,adj_sum_15,adj_sum_20,adj_sum_25,adj_sum_30,label,closing_price_for_label,melody_ma20,melody_std20,melody_lb20,melody_ub20,melody_ema20,melody_macd_12_26,melody_str_log_return
2013-06-03,-0.628372,0.089765,-1.113104,1.53117,1.531163,-0.211842,0.997529,1.268455,1.189441,0.551106,-0.457072,1.0,43.636765,,,,,,,
2013-06-04,0.161379,0.735162,-0.322754,0.125671,0.12569,-0.383727,0.451843,1.09553,1.102727,0.541747,-0.341836,0.0,43.691612,,,,,,,0.0012561096197062469
2013-06-05,0.839261,0.985216,-0.09123,-1.721354,-1.721351,1.164014,1.689457,2.652203,2.718455,2.3335,1.569798,-1.0,42.939526,,,,,,,-0.017363384866523307
2013-06-06,-0.565688,0.0,-1.094887,-0.018248,-0.018275,0.708045,1.259139,2.415891,2.575775,2.386587,1.716516,0.0,42.931679,,,,,,,-0.00018276208006722723
2013-06-07,-0.982356,0.236487,-1.364381,0.310223,0.310228,0.436607,0.711303,1.895542,2.161744,2.080513,1.529183,0.0,43.064865,,,,,,,0.003097475788937359
2013-06-10,0.183283,0.274923,-0.348244,-0.745861,-0.745873,0.773475,1.32333,2.329709,2.731679,2.797693,2.338975,-1.0,42.743656,,,,,,,-0.007486680730056924
2013-06-11,-0.593472,0.57493,-0.945842,-1.173026,-1.173011,1.283385,2.15876,3.026711,3.743956,3.913949,3.540032,-1.0,42.242268,,,,,,,-0.011799455571531264
2013-06-12,1.557286,1.705603,-0.111231,0.037094,0.037096,0.923242,1.859477,2.527501,3.461739,3.684828,3.473924,0.0,42.257938,,,,,,,0.0003708866740426746
2013-06-13,-1.082172,0.146731,-1.412326,1.075271,1.075273,-0.253125,0.486058,1.101735,2.143112,2.431425,2.384814,1.0,42.712326,,,,,,,0.010695325871770193
2013-06-14,0.037518,0.73157,-0.393928,-2.219367,-2.219362,1.388096,2.476074,3.027566,4.148336,4.551944,4.613971,-1.0,41.764385,,,,,,,-0.022443600833171574
2013-06-17,-0.018595,0.743629,-0.650682,0.900394,0.900389,0.19706,1.20654,1.914851,2.895163,3.401216,3.590522,1.0,42.140427,,,,,,,0.008963598364032797
2013-06-18,0.201724,0.568496,-0.256739,1.375717,1.375719,-0.938933,-0.394282,0.364324,1.170912,1.878945,2.136433,1.0,42.720161,,,,,,,0.013663422156358473
2013-06-19,1.501218,2.007881,-0.093824,-2.273974,-2.273978,1.122163,1.638201,2.441983,3.11409,4.003391,4.311618,-1.0,41.748714,,,,,,,-0.023002314944178103
2013-06-20,1.205989,1.361605,-0.13616,-3.527868,-3.527857,3.610186,4.695572,5.579966,6.31588,7.379759,7.79162,-1.0,40.275879,,,,,,,-0.03591589464892901
2013-06-21,0.564416,0.681197,-1.070453,-0.058352,-0.058362,2.919425,4.057996,5.190084,5.903072,7.032278,7.552621,0.0,40.252373,,,,,,,-0.0005837951298783772
2013-06-24,-0.374897,0.611685,-0.591948,-1.3624,-1.362407,3.113663,4.729684,5.982643,6.905098,7.990236,8.641015,-1.0,39.703972,,,,,,,-0.013717725582170779
2013-06-25,-0.01922,0.23059,-1.268255,2.683506,2.68351,-0.538045,1.63144,2.735075,3.740393,4.701768,5.538352,1.0,40.769432,,,,,,,0.02648135185523297
2013-06-26,0.268302,0.364122,-0.402451,0.269022,0.269025,-1.230355,1.021466,2.123416,3.158298,3.999998,4.974779,0.0,40.879112,,,,,,,0.002686638624511284
2013-06-27,-0.2683,0.459943,-0.51744,0.0,0.0,-0.935225,0.573018,1.788679,2.782675,3.610578,4.67347,0.0,40.879112,,,,,,,0.0
2013-06-28,0.038528,0.867044,-0.250486,-0.5366,-0.536607,-0.200385,0.843934,1.943482,3.052025,3.833528,4.933184,-1.0,40.659752,41.9006977,1.196322288347133,39.508053123305736,44.29334227669427,41.66168760422422,,-0.0053805147249691146
2013-07-01,0.132701,0.985782,-0.265401,1.637761,1.637769,-1.023699,-0.9782,0.072036,1.111846,1.96322,2.956472,1.0,41.325665,41.7851427,1.129560396786157,39.52602190642769,44.044263493572316,41.62968545144096,,0.016245026710588355
2013-07-02,-0.36136,0.608596,-0.570565,-0.322271,-0.322286,-0.498281,-1.028899,0.225698,1.135421,2.040329,2.939022,0.0,41.192478,41.660185999999996,1.0424306067287397,39.57532478654252,43.745047213457475,41.58804664654182,,-0.00322806866013538
2013-07-03,-0.881224,0.306513,-0.99617,-0.72271,-0.722702,0.233717,-0.517239,0.733082,1.621649,2.541766,3.339082,-1.0,40.894779,41.55794865,1.0101239463394853,39.537700757321026,43.578196542678974,41.52202115639498,,-0.007253264782794979
2013-07-05,-0.074587,0.07458,-1.156075,2.739464,2.73947,-1.898196,-2.755924,-2.063523,-1.197095,-0.376658,0.358005,1.0,42.015079,41.512118650000005,0.9642690893483341,39.583580471303335,43.440656828696675,41.56897904626213,,0.02702617557055949
2013-07-08,0.186287,0.596125,-0.372578,0.09323,0.093238,-1.326387,-2.418042,-2.108801,-1.409287,-0.557386,0.104313,0.0,42.054253,41.46158805,0.9031612390890661,39.65526557182187,43.267910528178135,41.61519561328478,,0.0009319451434511001
2013-07-09,-0.480773,0.073959,-1.072489,0.74516,0.745147,-1.564349,-2.511094,-2.79709,-2.182877,-1.412722,-0.714373,1.0,42.367619,41.4427862,0.8786481217349063,39.68548995653019,43.20008244346981,41.68685498344814,-0.2930179350252118,0.007423844835440185
2013-07-10,-0.166482,0.702919,-0.517947,-0.036984,-0.036979,-0.980393,-2.101372,-2.819092,-2.133743,-1.502778,-0.791099,0.0,42.351952,41.4482704,0.88422543235079,39.67981953529842,43.216721264701576,41.75019755645308,-0.207575255049413,-0.00036985551257326876
2013-07-11,-0.272474,0.236151,-1.053584,1.831295,1.831302,-1.725706,-3.340605,-4.353623,-3.79292,-3.256683,-2.593405,1.0,43.127544,41.4917507,0.9453995301488675,39.60095163970226,43.382549760297735,41.88137340821945,-0.0763968675464497,0.018147352790369015
2013-07-12,-0.182247,0.109351,-0.510295,-0.326975,-0.326979,-0.951338,-2.533262,-3.619466,-3.445418,-2.934211,-2.348584,0.0,42.986526,41.5054607,0.9657997780140641,39.573861143971875,43.437060256028126,41.986626036008076,0.015999542805410272,-0.003275147163604935
2013-07-15,-0.180959,0.235253,-0.506692,0.710769,0.710769,-1.078536,-2.613101,-3.831585,-3.950416,-3.598264,-3.013633,1.0,43.292061,41.5818445,1.0445554116920823,39.492733676615835,43.67095532338417,42.11095317543588,0.112580724217203,0.007082551715870562
2013-07-16,0.290327,0.30847,-0.308478,-0.271439,-0.271459,-0.435479,-1.919784,-3.033919,-3.569212,-3.29594,-2.785325,0.0,43.174541,41.6335502,1.097893252824779,39.437763694350444,43.82933670564956,42.2122472539658,0.17759195496185498,-0.0027182766442748357
2013-07-17,0.179691,0.557048,-0.125786,0.97986,0.979869,-0.830187,-2.319853,-3.542375,-4.40431,-4.10997,-3.735847,1.0,43.597595,41.6774219,1.1594072151859123,39.358607469628176,43.99623633037182,42.34418513454048,0.26025073739756266,0.009750995459186762
2013-07-18,-0.159546,0.478639,-0.248183,1.365675,1.365685,-1.684104,-2.889561,-4.342024,-5.41571,-5.226736,-4.938255,1.0,44.193001,41.79963625,1.2889123407332301,39.22181156853354,44.37746093146646,42.52026283601282,0.36954284628711065,0.013564439845798042
2013-07-19,-0.496716,0.070962,-1.046656,-0.070911,-0.070921,-1.082132,-2.334568,-3.778599,-4.908633,-5.028199,-4.777949,0.0,44.161659,41.993925250000004,1.339028642906647,39.31586796418671,44.6719825358133,42.67658628020207,0.44845903591524916,-0.0007094589309634537
2013-07-22,-0.336161,0.159237,-0.389245,0.266101,0.266104,-0.898799,-2.091294,-3.489029,-4.706297,-5.053076,-4.939253,0.0,44.279175,42.19526535,1.3658535385572672,39.463558272885464,44.926972427114535,42.829213777325684,0.514551810855643,0.00265750703258909
2013-07-23,0.478384,0.81503,-0.336639,-0.141545,-0.141547,-0.287027,-1.534368,-2.916366,-4.060944,-4.730681,-4.693474,0.0,44.216499,42.4208917,1.3039668183308653,39.81295806333827,45.028825336661725,42.96133617948514,0.5554702663119997,-0.0014164762557649366
2013-07-24,0.746007,0.763767,-0.373,-0.248051,-0.248061,0.191841,-0.891639,-2.234443,-3.444035,-4.368013,-4.315556,0.0,44.106815,42.58776085,1.2950182232242478,39.99772440355151,45.177797296448496,43.07042940048655,0.5724490189765277,-0.00248369431392284
2013-07-25,-1.040197,0.017629,-1.181245,0.746007,0.746034,-0.440779,-1.331116,-2.427141,-3.758829,-4.834287,-4.860732,1.0,44.435867,42.7655986,1.2922412581031286,40.18111608379374,45.350081116206255,43.20047107663069,0.6054769873720858,0.0074326529854470795
2013-07-26,-0.441384,0.194211,-0.988695,-0.141047,-0.141046,-0.204814,-0.87925,-1.935039,-3.229178,-4.33052,-4.601588,0.0,44.373192,42.9403026,1.259552071783734,40.421198456432535,45.45940674356747,43.312158783618244,0.6194538630395883,-0.0014114553427511764
2013-07-29,-0.124775,0.19608,-0.730836,-0.953392,-0.953382,0.606045,0.224579,-0.703524,-1.923369,-3.073102,-3.517546,-1.0,43.950146,43.1048223,1.1566852601236874,40.79145177975263,45.41819282024738,43.3729194708927,0.5895978441119567,-0.00957955722112527
2013-07-30,0.124444,0.32,-0.604444,0.267383,0.267357,0.27023,0.160004,-0.711108,-1.873775,-2.935464,-3.629034,0.0,44.06765,43.24192155,1.095594225294956,41.05073309941009,45.43311000058991,43.43908428318863,0.5688608510021425,0.00267000709280555
2013-07-31,0.123348,0.634363,-0.246694,0.888889,0.888906,-0.454629,-0.528646,-1.26991,-2.370937,-3.458691,-4.347737,1.0,44.45937,43.40526615,1.0144882069891483,41.376289736021704,45.4342425639783,43.53625435145638,0.5773794934260508,0.008849785219925884
2013-08-01,-0.279232,0.06981,-0.680627,0.969161,0.969166,-1.207684,-1.328111,-1.955803,-2.863016,-4.027938,-5.032592,1.0,44.890255,43.605039950000005,0.8783655530604771,41.84830884387905,45.36177105612096,43.66520679417482,0.6118464127789522,0.009644994934999498
2013-08-02,-0.67276,0.0,-1.069524,1.169288,1.169285,-1.890637,-2.192524,-2.732462,-3.611364,-4.737637,-5.75299,1.0,45.41515,43.775043499999995,0.8834589104195891,42.00812567916082,45.54196132083917,43.831868051872455,0.6737497665423007,0.011625016492054118
2013-08-05,-0.614051,0.650173,-0.957195,-4.485082,-4.4851,2.452606,2.192535,1.848181,1.067373,-0.013718,-1.087225,-1.0,43.378235,43.8412426,0.7926698358798311,42.25590292824034,45.42658227175966,43.78866490407508,0.5520825392452906,-0.04588793220374328
2013-08-06,0.58129,0.744777,-0.563119,-0.57793,-0.577919,2.612175,2.534061,2.432938,1.742958,0.734601,-0.247658,-1.0,43.127544,43.87923885,0.7343851270726652,42.41046859585467,45.34800910414533,43.72570100844888,0.43046953165652013,-0.005795952702525986
2013-08-07,0.866681,0.995759,-0.110644,-1.489553,-1.489559,3.234377,3.702755,3.807243,3.297068,2.379495,1.395291,-1.0,42.485134,43.88589795,0.7202757191666458,42.445346511666706,45.326449388333295,43.607551769548984,0.2790366678002911,-0.015007638411050251
2013-08-08,-0.073329,0.238315,-0.843261,0.590077,0.590084,1.62053,2.69661,2.970972,2.645275,1.951233,0.945305,1.0,42.735832,43.86631235,0.7468186626273349,42.372675024745334,45.35994967525467,43.52453083911575,0.17721148195509073,0.005883498743032368
2013-08-09,-0.162896,0.289593,-0.398192,1.283228,1.283235,-0.651594,1.143885,1.531212,1.379174,0.776821,-0.148429,1.0,43.284233,43.8811977,0.7311629186036371,42.41887186279273,45.343523537207275,43.501645330628534,0.13916149894867402,0.012750709498452403
2013-08-12,0.018148,0.417499,-0.290434,-0.289593,-0.2896,-0.464695,1.254311,1.653051,1.658191,1.171896,0.334599,0.0,43.158882,43.87453875,0.7373907106946457,42.39975732861071,45.34932017138929,43.46900120390201,0.0977648627020713,-0.002900198306416067
2013-08-13,-0.809345,0.179862,-1.276977,0.925754,0.925742,-1.179844,0.208648,0.619918,0.769796,0.353248,-0.414858,1.0,43.558422,43.893732799999995,0.7230680561502743,42.447596687699445,45.339868912300545,43.47751747019706,0.09608960794815857,0.009214835073297607
2013-08-14,0.08962,0.28679,-0.250939,0.341732,0.341741,-0.957162,-0.304714,0.216288,0.439144,0.135504,-0.562231,0.0,43.707279,43.899217,0.7211170704512104,42.45698285909758,45.34145114090242,43.499399520654485,0.10555668062873025,0.0034115842231692644
2013-08-15,-0.45045,0.306303,-1.009011,-0.519808,-0.519804,-0.097301,-0.108112,0.593391,0.881977,0.691165,0.155549,-1.0,43.480087,43.863571300000004,0.723446988430018,42.416677323139965,45.31046527686004,43.49756023297311,0.09364739933141664,-0.0052115925654685445
2013-08-16,-0.144531,0.252943,-0.343266,-0.270274,-0.270292,0.209588,-0.310735,0.710647,1.06325,0.99875,0.530578,0.0,43.362564,43.823616550000004,0.7281685661233128,42.36727941775338,45.27995368224663,43.48470344888043,0.07387450487532732,-0.0027065749465284097
2013-08-19,0.401169,0.71116,-0.072941,-0.921406,-0.921394,1.050325,0.519694,1.494045,1.849928,1.907366,1.535982,-1.0,42.963024,43.757808999999995,0.7441290605420472,42.2695508789159,45.24606712108409,43.4350196918442,0.025668909448178567,-0.009256649439714389
2013-08-20,-0.579298,0.253438,-1.031868,0.729398,0.729395,0.188268,-0.173787,0.637221,1.003803,1.178856,0.870745,1.0,43.276394,43.710803750000004,0.7433213915540225,42.22416096689196,45.19744653310805,43.41991248309713,0.012606646256564602,0.007267474352607797
2013-08-21,0.859972,1.046919,-0.224347,-3.167994,-2.283536,1.858402,2.112473,2.646724,3.14913,3.419446,3.222965,-1.0,42.288162,43.6198711,0.8013054097333407,42.017260280533314,45.22248191946668,43.31212672280217,-0.0766043080531773,-0.023100124408732523
2013-08-22,-0.036961,0.443627,-0.406649,1.140393,1.140409,0.378048,0.96919,1.15891,1.791375,2.120296,2.031241,1.0,42.77042,43.53659875,0.7985760027328379,41.93944674453433,45.13375075546568,43.260535606344824,-0.10715522316134951,0.011339553429266003
2013-08-23,-0.03674,0.22043,-0.569431,0.628468,0.62846,-0.399106,0.281673,0.159111,1.00068,1.378201,1.398101,1.0,43.039215,43.4698999,0.7805287211973848,41.90884245760523,45.03095734239477,43.2394574533596,-0.10842764698499963,0.0062649346817468836
2013-08-26,0.07376,0.460999,-0.12908,-0.385744,-0.385732,-0.055328,0.603355,0.468421,1.266184,1.639588,1.758175,0.0,42.873199,43.41605255,0.7827986738929164,41.85045520221417,44.981649897785836,43.20457569589678,-0.12143235913190153,-0.0038647780666849854
2013-08-27,0.226115,0.885625,-0.226115,-2.139037,-2.139043,1.499902,2.420442,2.478323,3.228023,3.645725,3.885602,-1.0,41.956123,43.3104762,0.8311877757843067,41.64810064843138,44.97285175156861,43.08567543914471,-0.2033944514506203,-0.021622517035197138
2013-08-28,-1.073858,0.188391,-1.11153,0.018847,0.018858,1.326287,1.985718,2.376217,2.911242,3.421934,3.736256,0.0,41.964035,43.18570945,0.8369179472111956,41.51187355557761,44.859545344422386,42.97885254017854,-0.2646607237635692,0.000188560179389723
2013-08-29,-0.037544,0.600834,-0.187754,0.339103,0.339081,0.668434,1.314813,1.930583,2.232885,2.851134,3.220504,0.0,42.106327,43.04651305,0.7670956690079357,41.51232171198413,44.580704388015874,42.89575486968535,-0.29829435906557933,0.0033850725151772618
2013-08-30,1.01107,1.106452,-0.591372,-1.577169,-1.577145,1.510868,2.474928,3.267623,3.391754,4.216345,4.655797,-1.0,41.442249,42.847868,0.6221484239155364,41.603571152168925,44.09216484783107,42.75732573923913,-0.37422101511057093,-0.015897146718181966
2013-09-03,0.558769,0.689145,-0.596014,2.422741,2.422726,-1.091445,-0.070773,0.71299,0.836326,1.609473,2.036311,1.0,42.446281,42.8012703,0.6151961868168292,41.57087792636634,44.031662673633654,42.72770243074016,-0.349349363691573,0.023938432253641534
2013-09-04,-1.067554,0.147245,-1.196396,1.192034,1.192024,-1.792741,-1.323388,-0.567476,-0.371914,0.308658,0.736229,1.0,42.952251,42.79250565,0.611540973360426,41.56942370327915,44.015587596720856,42.7490880087649,-0.28551955857764,0.011849756867972254
2013-09-05,-0.757716,0.108248,-0.79379,2.02466,2.024686,-2.893753,-2.931637,-2.523283,-2.196516,-1.74016,-1.284559,1.0,43.821899,42.8593439,0.6481346182624049,41.56307466347519,44.155613136524806,42.85126048412062,-0.1628830382339217,0.020044612768678402
2013-09-06,0.668834,0.704987,-0.126537,-0.198448,-0.198465,-1.955888,-2.518073,-2.290595,-1.887803,-1.650427,-1.141678,0.0,43.734928,42.9092987,0.6760167340767166,41.557265231846564,44.26133216815344,42.935419295156755,-0.07188193496481432,-0.0019866190126719622
2013-09-09,-0.6483,0.090047,-0.684309,0.379608,0.379612,-1.206555,-2.690435,-2.578351,-2.1886,-2.160327,-1.551393,0.0,43.900951,42.9401346,0.7073581453655869,41.52541830926883,44.35485089073117,43.02737469561802,0.013478393066137073,0.0037889321249097246
2013-09-10,-0.197737,0.233681,-0.341546,0.180086,0.180096,-0.68669,-2.613708,-2.599329,-2.271086,-2.281484,-1.726113,0.0,43.980015,42.98119125,0.7436235331345502,41.4939441837309,44.4684383162691,43.1181023436544,0.08650964274205819,0.001799343474028636
2013-09-11,-0.63075,0.05406,-1.243473,-0.251661,-0.251685,-0.018009,-1.931869,-2.263462,-1.989061,-1.967285,-1.493218,0.0,43.869324,42.99673635,0.7594074789214733,41.47792139215705,44.51555130784295,43.18964726330636,0.13391194214350577,-0.0025200202947142725
2013-09-12,-0.162016,0.522054,-0.19802,0.108122,0.108146,-0.082816,-1.593168,-2.12182,-2.071091,-1.942794,-1.640818,0.0,43.916767,43.00721075,0.7710787365133915,41.465053276973215,44.54936822302678,43.258896762039086,0.1733090605675045,0.001080877484770519
2013-09-13,-0.805153,0.161032,-0.805153,0.612061,0.61203,-0.486651,-1.721217,-2.503707,-2.58697,-2.408044,-2.292307,1.0,44.185551,43.04248395,0.8090499875373593,41.42438397492528,44.66058392507472,43.34714954660679,0.22364217545163,0.006101651806829967
2013-09-16,0.410568,0.517674,-0.071403,0.232602,0.232617,-0.542662,-1.306673,-2.541945,-2.708527,-2.543845,-2.603873,0.0,44.288334,43.08877245,0.8535842192710185,41.381604011457966,44.795940888542034,43.43678616121567,0.2687275369653932,0.002323466325446608
2013-09-17,0.30714,0.686544,-0.216799,-1.196005,-1.195994,0.560065,0.187892,-1.227344,-1.439931,-1.309341,-1.395942,-1.0,43.758648,43.12855365,0.8658668935849729,41.39681986283006,44.860287437169944,43.46743966967132,0.25873424998084005,-0.012032039671815742
2013-09-18,-1.970442,0.211117,-2.638987,2.691964,2.691939,-1.600974,-1.996817,-3.374368,-3.83883,-3.773714,-3.846529,1.0,44.936604,43.21156415,0.9557074675632002,41.3001492148736,45.1229790851264,43.60736008208358,0.34192421316979704,0.0265634346373966
2013-09-19,1.122596,1.122596,-0.10691,-1.266715,-1.266705,-0.135425,-0.616531,-1.773575,-2.370805,-2.47966,-2.471508,-1.0,44.36739,43.315525550000004,0.9630341557770069,41.38945723844599,45.241593861554016,43.679743883789904,0.3577975779113558,-0.012747956347355928
2013-09-20,0.707291,1.450852,-0.018132,-1.746258,-1.746258,1.36743,1.11716,0.199498,-0.541343,-0.736111,-0.672625,-1.0,43.592621,43.3566356,0.9560638060137189,41.44450798797256,45.26876321202744,43.671446466286106,0.30435157504036425,-0.01761684721874491
2013-09-23,-0.018088,0.180901,-0.669318,0.253899,0.253903,0.842978,0.815846,0.290643,-0.717255,-0.95632,-0.892219,0.0,43.703304,43.38984005,0.9559914791097204,41.47785709178056,45.301823008219436,43.674480517115995,0.2678389451552192,0.002535812738357132
2013-09-24,0.145326,0.454133,-0.4178,-0.416064,-0.416049,1.155297,1.131683,0.874344,-0.227986,-0.491202,-0.450388,0.0,43.521477,43.42225395,0.9485132839919139,41.52522738201617,45.31928051798383,43.65990875358114,0.22167517022919014,-0.0041691652599371454
2013-09-25,0.0,0.473154,-0.327572,-0.181649,-0.181639,0.651479,1.217444,1.133126,0.124634,-0.294839,-0.278138,0.0,43.442425,43.49656905,0.883601594409681,41.72936586118064,45.26377223881936,43.63919601514484,0.17667461528453998,-0.0018180421981079044
2013-09-26,-0.582134,0.181916,-0.618519,0.036397,0.03637,0.196477,1.075131,1.040568,0.260143,-0.223393,-0.333497,0.0,43.458225,43.57127855,0.8070564853113538,41.957165579377296,45.18539152062271,43.62196068036914,0.14066478317366915,0.0003636336477138115
2013-09-27,0.0,0.292024,-0.219024,-0.327451,-0.327439,0.39788,1.206414,1.308013,0.729137,0.154762,-0.018711,0.0,43.315926,43.631758500000004,0.7334643331866989,42.164829833626605,45.0986871663734,43.59281452033399,0.0994974470962191,-0.0032797584514997835
2013-09-30,-0.110573,0.368598,-0.221156,-0.967335,-0.967344,1.002592,1.870627,2.141544,1.882606,1.119798,0.921715,-1.0,42.896912,43.70449165,0.5554360041244323,42.59361964175114,44.81536365824886,43.52653808982599,0.03268434393471864,-0.009720531397807628
2013-10-01,-0.292719,0.054883,-0.420783,0.737195,0.737195,0.120752,0.998902,1.275764,1.225759,0.41127,0.202463,1.0,43.213146,43.742834900000005,0.4861555063354782,42.77052388732905,44.71514591267096,43.49669122412828,0.005192068307515285,0.007344912522867425
2013-10-02,-0.604724,0.0,-0.916254,-0.164654,-0.164661,0.146607,0.749503,1.330406,1.414703,0.68683,0.357345,0.0,43.141991,43.7523219,0.47154766328904324,42.80922657342191,44.69541722657809,43.46291025040178,-0.02208281508482912,-0.0016479625549884473
2013-10-03,0.239016,0.330945,-0.514797,-0.329853,-0.32986,0.264766,0.764861,1.523576,1.654729,1.116395,0.744636,0.0,42.999683,43.7112111,0.5001373053435507,42.7109364893129,44.7114857106871,43.418793369411134,-0.05455257483569653,-0.003304048385722018
2013-10-04,-0.602626,0.127838,-0.657407,0.68027,0.680291,-0.423675,0.014607,0.700019,0.916722,0.542727,0.104085,1.0,43.292206,43.689074999999995,0.5087555407041408,42.671563918591715,44.706586081408275,43.40673742946721,-0.05603499544010759,0.006779875233134726
2013-10-07,0.0,0.461681,-0.055407,-1.113945,-1.113951,0.657426,0.932592,1.60418,1.926125,1.803133,1.213907,-1.0,42.809952,43.63452505,0.5422304653053132,42.550064119389376,44.718985980610626,43.349900721898905,-0.09502826519638319,-0.01120201988363033
2013-10-08,0.841273,0.953445,-0.018699,-1.218837,-1.218852,1.461962,1.886345,2.626045,2.983744,3.044317,2.416661,-1.0,42.288162,43.5499324,0.6128653797734857,42.32420164045303,44.77566315954697,43.24878274838473,-0.16611987808010298,-0.012263410194267065
2013-10-09,-0.148841,0.204653,-0.74419,0.486068,0.486091,0.666037,1.170223,1.746348,2.323711,2.502689,1.963402,0.0,42.493721,43.48115225,0.6511299024502314,42.178892445099535,44.78341205490047,43.17687210568142,-0.20352746221315954,0.0048491351104953916
2013-10-10,-0.64161,0.0,-0.69661,1.48837,1.488356,-0.751597,-0.390462,0.062336,0.731444,0.934928,0.557904,1.0,43.126179,43.44162285,0.647278804971566,42.14706524005687,44.736180459943135,43.17204419085461,-0.18006350719247166,0.014773890269153487
2013-10-11,-0.252934,0.108405,-1.571812,1.466543,1.466555,-1.972903,-1.729002,-1.358629,-0.773265,-0.521775,-0.769651,1.0,43.758648,43.4202777,0.6282134535307095,42.16385079293858,44.67670460706142,43.22791122029703,-0.10917469334786745,0.014559047732942698
2013-10-14,-0.827336,0.233817,-0.845318,0.451671,0.451666,-1.892086,-1.929856,-1.763786,-1.257193,-0.964028,-1.025179,0.0,43.956291,43.403675549999996,0.6081320238781865,42.18741150224362,44.61993959775637,43.29728072312589,-0.0366244751693543,0.004506491978189974
2013-10-15,0.786106,0.840949,-0.091406,-1.6187,-1.618683,0.164518,-0.308978,-0.190146,0.308023,0.597419,0.664818,-1.0,43.244778,43.37798205,0.6031804514470483,42.1716211471059,44.5843429528941,43.292280463780564,-0.03612463499906937,-0.016319267615535565
2013-10-16,-0.164084,0.419333,-0.309933,0.274218,0.274213,0.291699,-0.530547,-0.475245,-0.147685,0.27565,0.421138,0.0,43.363361,43.2993199,0.47902660064465885,42.34126669871068,44.25737310128932,43.299050038658606,-0.025861733042312096,0.002738381761138216
2013-10-17,-0.906454,0.126904,-1.015232,0.565181,0.565159,-0.050749,-0.949954,-1.011594,-0.795857,-0.316164,-0.159529,1.0,43.608433,43.26137205,0.41585926149572094,42.429653527008554,44.09309057299144,43.328515082595885,0.0020236258473715907,0.005635681118454635
2013-10-18,-0.597714,0.163014,-0.742619,0.090644,0.09065,-0.191987,-0.958155,-1.050531,-0.879365,-0.455711,-0.256593,0.0,43.647964,43.2641392,0.4183560501100398,42.427427099779926,44.10085130022008,43.358938789015326,0.02700153807322181,0.0009060883571566006
2013-10-21,-0.395756,0.287822,-0.431736,0.688283,0.688277,-0.877846,-1.376139,-1.567422,-1.529043,-1.16711,-0.934814,1.0,43.948383,43.276393150000004,0.4351487694230281,42.40609561115395,44.14669068884606,43.41507633291863,0.07022846602141186,0.006859194204878982
2013-10-22,-0.446269,0.339163,-0.571223,0.77352,0.773523,-1.167438,-1.681537,-2.16113,-2.198317,-1.877897,-1.672019,1.0,44.288334,43.314735999999996,0.4884071471589282,42.33792170568214,44.29155029431785,43.498243729783525,0.13041399115437713,0.007705469867532731
2013-10-23,-0.399421,0.217863,-0.544668,-1.677969,-0.792486,-0.116669,-0.567586,-1.258895,-1.360738,-1.185052,-0.881397,-1.0,43.937355,43.3394825,0.5073870856870263,42.32470832862595,44.35425667137405,43.540063850756525,0.1480833684961027,-0.007956432089819178
2013-10-24,-0.162543,0.108364,-0.343144,0.526501,0.526475,-0.386093,-0.852305,-1.599575,-1.796905,-1.720559,-1.381488,0.0,44.168674,43.375004950000005,0.5399616610660726,42.29508162786786,44.45492827213215,43.59993148401781,0.17869213571830045,0.005250935358803307
2013-10-25,-0.325497,0.198917,-0.506327,-0.126422,-0.126397,-0.049255,-0.646533,-1.351021,-1.582294,-1.549007,-1.262173,0.0,44.112846,43.41485095,0.5642311177921853,42.28638871441563,44.543313185584374,43.648780485539916,0.1961834703144021,-0.0012647722296150379
2013-10-28,-0.271497,0.307689,-0.434393,-0.090414,-0.090427,0.09774,-0.530138,-1.070688,-1.359797,-1.426351,-1.189095,0.0,44.072956,43.473653150000004,0.5686764808620327,42.33630018827594,44.611006111724066,43.68917815358374,0.20446969006560067,-0.0009046808401346634
2013-10-29,0.342957,0.46931,-0.270762,0.271497,0.271504,-0.216612,-0.584993,-1.051262,-1.516066,-1.632511,-1.423912,0.0,44.192616,43.52262664999999,0.586943079292633,42.34874049141472,44.69651280858526,43.737124615147195,0.21817713072461942,0.002711364591999276
2013-10-30,0.672848,0.836514,-0.181857,-0.740072,-0.740072,0.494628,0.27072,-0.105019,-0.699305,-0.860509,-0.770327,-1.0,43.865559,43.558805050000004,0.5845413386108893,42.38972237277822,44.727887727221784,43.74935646132366,0.20034021237228927,-0.007428237159820574
2013-10-31,-0.018172,0.363374,-0.272533,0.090924,0.090903,0.283446,0.2473,-0.077421,-0.686342,-0.909804,-0.89552,0.0,43.905434,43.6040926,0.5739336965574089,42.456225206885186,44.751959993114816,43.76422098881664,0.18726325112903908,0.0009086145976116875
2013-11-01,-0.326028,0.054343,-0.742619,0.308863,0.308891,-0.057969,0.027854,-0.342373,-0.907151,-1.149083,-1.166762,0.0,44.041054,43.641535,0.5769347869885133,42.48766542602297,44.795404573977024,43.790586037500766,0.1857024039882731,0.0030841506144342478
2013-11-04,0.477793,0.495493,-0.4247,2.354644,2.354619,-1.911151,-2.022636,-2.46905,-2.93516,-3.229558,-3.338716,1.0,45.078053,43.75494005,0.6257231938635379,42.50349366227292,45.00638643772708,43.91320193869117,0.2650868182912163,0.023273253997747177
2013-11-05,0.053462,0.213833,-0.623662,-0.690142,-0.69013,-0.972916,-1.234852,-1.564601,-1.983776,-2.41824,-2.574254,-1.0,44.766956,43.878879749999996,0.5621658418823999,42.754548066235195,45.0032114337648,43.99451184929201,0.2994447973799552,-0.006925220371800916
2013-11-06,-0.142675,0.214016,-0.642056,-0.089093,-0.089081,-0.499389,-0.970228,-1.27357,-1.646719,-2.189479,-2.391649,0.0,44.727077,43.990547549999995,0.4896807823189064,43.01118598536218,44.96990911463781,44.06427995888325,0.3197697348725015,-0.0008912103143124326
2013-11-07,1.194138,1.393163,-0.162837,-1.426788,-1.426805,1.024069,0.445094,0.228105,-0.113917,-0.674893,-0.931127,-1.0,44.088909,44.03868405,0.44557223023933307,43.14753958952134,44.929828510478664,44.06662558184674,0.2811417430518688,-0.014370813444514767
2013-11-08,-1.394349,0.01788,-1.412222,1.212229,1.212237,0.075078,-0.643547,-0.82662,-1.213379,-1.745203,-2.020027,1.0,44.623371,44.0819202,0.45872873429631084,43.164462731407376,44.99937766859262,44.119648955004195,0.290308897687531,0.012049481008239986
2013-11-11,-0.19643,0.0,-0.339284,0.10726,0.107251,-0.21428,-0.616066,-0.824994,-1.239193,-1.683805,-1.992601,0.0,44.67123,44.11766715,0.47595640211164225,43.16575434577672,45.069579954223286,44.172180483099034,0.29800058980735855,0.0010719350116739526
2013-11-12,0.071963,0.467791,-0.395828,-0.749996,-0.749997,0.345451,0.167328,-0.068367,-0.369808,-0.756091,-1.167559,-1.0,44.336197,44.1722381,0.43105839712975014,43.3101213057405,45.0343548942595,44.18780110375627,0.27390454699745703,-0.007528238790997009
2013-11-13,-0.85099,0.054315,-0.923409,-0.629726,-0.62972,0.677166,0.845553,0.583016,0.34028,0.014761,-0.472018,-1.0,44.057003,44.2069202,0.3883402941496625,43.43023961170067,44.98360078829933,44.175344141493774,0.22963257559941042,-0.0063171132724500695
2013-11-14,-0.362255,0.253575,-0.452817,-0.036214,-0.036201,0.691893,0.912867,0.600123,0.425733,0.134074,-0.357156,0.0,44.041054,44.228551249999995,0.36457055619203393,43.499410137615925,44.957692362384066,44.16255460420865,0.19105737777359622,-0.00036207382358586344
2013-11-15,-0.359705,0.251806,-0.467622,0.706392,0.706359,-0.136672,0.2752,-0.069522,-0.199273,-0.514746,-0.976395,1.0,44.352142,44.26376015,0.33862896200320464,43.58650222599359,44.941018074006415,44.18061054666497,0.18347348913202666,0.007038760865295573
2013-11-18,0.160456,0.427887,-0.249597,0.881299,0.881313,-0.977,-0.675696,-0.842689,-0.982345,-1.313529,-1.697466,1.0,44.743023,44.30349215,0.3462110248182199,43.611070100363555,44.99591419963644,44.23417363745879,0.20662222037714884,0.008774516729251555
2013-11-19,-0.285714,0.303568,-0.499998,-0.160456,-0.160456,-0.667856,-0.537497,-0.611901,-0.780352,-1.027197,-1.361657,0.0,44.67123,44.322636949999996,0.3557830718346835,43.61107080633063,45.03420309366936,44.2757980529389,0.21667694462473008,-0.001605851707514039
2013-11-20,0.339108,0.785297,-0.214169,0.05357,0.053569,-0.435479,-0.59789,-0.541372,-0.7487,-0.960998,-1.250287,0.0,44.69516,44.36052719999999,0.3529326841110345,43.65466183177792,45.066392568222064,44.31573728599234,0.22399427052098275,0.0005355481086781581
2013-11-21,-0.621342,0.159766,-0.798866,0.535433,0.535429,-0.568085,-0.939107,-0.918394,-1.192078,-1.370416,-1.642063,0.0,44.934471,44.39881705,0.3720462403144541,43.65472456937109,45.142909530628906,44.37466430637402,0.24626491308332987,0.005340010128494713
2013-11-22,-0.071385,0.017851,-0.553271,-0.532581,-0.532578,0.117795,-0.392644,-0.290317,-0.597889,-0.748605,-1.045581,-1.0,44.69516,44.42793275,0.3712734073114958,43.685385935377006,45.17047956462299,44.40518770576697,0.24181664827511185,-0.00534001012849457
2013-11-25,-0.107425,0.26858,-0.179047,-0.321258,-0.321254,0.35452,-0.098478,-0.047745,-0.223811,-0.374571,-0.682123,0.0,44.551575,44.451863700000004,0.3625102555459275,43.72684318890815,45.17688421109186,44.419129352836784,0.2241217211658153,-0.0032177115249297
2013-11-26,-0.33995,0.286277,-0.375736,0.071622,0.071625,0.24333,-0.114515,-0.146719,-0.251389,-0.419396,-0.653118,0.0,44.583485,44.471407150000005,0.35831006052857545,43.75478702894285,45.18802727105716,44.43478227161424,0.21024960766234813,0.0007159921441285858
2013-11-27,-0.071443,0.2679,-0.214329,0.178928,0.178921,0.050008,-0.157173,-0.334585,-0.34024,-0.532237,-0.733538,0.0,44.663254,44.511291899999996,0.33065113252721384,43.849989634945565,45.17259416505443,44.456541483841455,0.20334847477316487,0.0017876064074915027
2013-11-29,0.39216,0.623891,-0.106947,0.196457,0.196468,-0.228168,-0.194303,-0.431378,-0.44118,-0.675226,-0.843077,0.0,44.751003,44.55357035,0.30191681733217185,43.94973671533566,45.15740398466434,44.48458543776132,0.2026241629679788,0.0019627524986384655
2013-12-02,0.378036,0.576058,0.0,-0.98039,-0.980403,0.586865,0.784883,0.507656,0.575163,0.3262,0.188656,-1.0,44.312263,44.5671308,0.28319604881595584,44.00073870236809,45.13352289763191,44.468173777022145,0.16474837265943876,-0.009852401977462406
2013-12-03,0.417499,0.526413,-0.30859,-0.828081,-0.828076,1.150843,1.444906,1.236762,1.286076,1.152296,1.024989,-1.0,43.945324,44.51049435,0.2888496687803465,43.93279501243931,45.0881936875607,44.41837856016289,0.10392464666090007,-0.008315231058188158
2013-12-04,-0.570164,0.275889,-0.864442,-1.306954,-1.306963,1.93122,2.488512,2.429043,2.466443,2.416048,2.292329,-1.0,43.370975,44.4406953,0.3783998244284043,43.683895651143196,45.19749494885681,44.31862584014738,0.009269389577596598,-0.013155786269642523
2013-12-05,0.463994,0.593912,-0.259835,-0.901229,-0.901229,2.074985,3.021534,3.193521,3.195068,3.265039,3.148361,-1.0,42.980103,44.3533466,0.49307102062973646,43.36720455874053,45.33948864125947,44.191147474419054,-0.09617701855978567,-0.00905315089725159
2013-12-06,-0.405683,0.276602,-0.405683,0.64959,0.64958,0.726546,1.969405,2.407046,2.433172,2.538834,2.412583,1.0,43.259293,44.3118658,0.5482927808119047,43.21528023837619,45.40845136162381,44.102399429236286,-0.1554241244388166,0.00647478967432834
2013-12-09,-0.34972,0.147245,-0.460151,0.184403,0.184414,0.092027,1.468803,2.062704,2.09645,2.285296,2.164554,0.0,43.339069,44.247650699999994,0.5839385800173817,43.07977353996523,45.41552786003476,44.02970129311854,-0.19370768460684218,0.001842437217626219
2013-12-10,-0.074055,0.185156,-0.333264,-0.589001,-0.588993,0.285128,1.72931,2.410665,2.517128,2.706168,2.693332,-1.0,43.083805,44.16827945,0.6294451409108955,42.90938916817821,45.42716973182179,43.939615931869156,-0.2418573720934063,-0.005907342130787889
2013-12-11,0.804793,0.917084,-0.131011,-1.073872,-1.073865,1.021886,2.373189,3.201688,3.428777,3.619682,3.685189,-1.0,42.621143,44.08252675,0.7162103080977963,42.65010613380441,45.51494736619559,43.81404708121495,-0.31373278682397654,-0.01079672773014707
2013-12-12,0.244825,0.37665,-0.28248,-0.617634,-0.617628,1.355921,2.465148,3.475193,3.870987,4.039914,4.210913,-1.0,42.357903,43.997571750000006,0.813553462152799,42.370464825694405,45.624678674305606,43.67536669252782,-0.3874693335579096,-0.006195429447445741
2013-12-13,0.018845,0.188464,-0.376932,-0.075324,-0.075334,0.991328,1.969461,3.142348,3.746695,3.951747,4.165091,0.0,42.325993,43.911818700000005,0.8950368583864612,42.12174498322708,45.70189241677293,43.546854912287074,-0.4433700544057686,-0.00075362620326969
2013-12-16,-0.037432,0.54287,-0.187192,0.678472,0.678472,-0.029948,0.883563,2.121552,2.843503,3.062523,3.351429,1.0,42.613163,43.82486975,0.9336444775866636,41.95758079482667,45.69215870517333,43.457931873021636,-0.45920611712811166,0.006761807102617745
2013-12-17,0.094327,0.320698,-0.452741,-0.767503,-0.767493,0.365965,1.271448,2.554225,3.348414,3.634021,3.930695,-1.0,42.28611,43.7020241,0.9675009398414994,41.767022220317,45.637025979683,43.34632978987672,-0.49246986863844455,-0.007704532824817772
2013-12-18,-0.851535,0.074049,-1.795633,1.905305,1.905288,-1.292107,-0.68678,0.406025,1.232879,1.580899,1.857958,1.0,43.091782,43.623051700000005,0.9485003634011995,41.72605097319761,45.5200524268024,43.32208714322179,-0.44864888912502465,0.018873642742425947
2013-12-19,-1.4931,0.429263,-1.586417,-0.814509,-0.814501,-0.302357,0.072781,0.930687,1.835564,2.29189,2.539496,-1.0,42.740799,43.52533365000001,0.9327769271849774,41.65977979563005,45.390887504369964,43.26672636767686,-0.43720204888943925,-0.008178361927785326
2013-12-20,0.0,0.635158,-0.112083,-0.093324,-0.093323,-0.033626,0.035493,0.704896,1.669153,2.261904,2.526928,0.0,42.700912,43.41365570000001,0.8878106370340112,41.638034425931984,45.18927697406803,43.21283928504097,-0.4264332361819072,-0.0009336658273981463
2013-12-23,-0.184636,0.313888,-0.295421,1.176912,1.176914,-0.923193,-1.159531,-0.637624,0.313877,0.966019,1.224758,1.0,43.203465,43.33907095,0.8356093263122668,41.66785229737547,45.01028960262453,43.21194649598945,-0.3730467961839068,0.011700422046570876
2013-12-24,-0.25669,0.091674,-0.476718,0.701627,0.701599,-1.052421,-1.750988,-1.397123,-0.505116,0.148899,0.430283,1.0,43.50658,43.2868212,0.7870634449530213,41.71269431009396,44.86094808990604,43.24000682970474,-0.3027884537788168,0.0069914906562718515
2013-12-26,0.09159,0.476274,-0.164865,0.091674,0.09169,-0.934233,-1.628498,-1.460581,-0.715329,-0.046159,0.277832,0.0,43.546471,43.234970499999996,0.7291747161885664,41.77662106762286,44.69331993237713,43.26919389354238,-0.24110997521325572,0.0009164756969201171
2013-12-27,0.310449,0.401757,-0.054781,0.311409,0.311419,-0.810815,-1.630754,-1.659364,-1.135869,-0.449236,-0.062092,0.0,43.682083,43.185911950000005,0.6575072772287617,41.87089739554248,44.50092650445753,43.30851666558596,-0.17922063758822304,0.003109351308489913
2013-12-30,-0.38356,0.164384,-0.43836,-0.018258,-0.018259,-0.347038,-1.304113,-1.578085,-1.241101,-0.546489,-0.071848,0.0,43.674107,43.13206715,0.5593624065271219,42.013342336945755,44.25079196305424,43.34333479267301,-0.12932570198356785,-0.00018260869715507486
2013-12-31,-0.326501,0.03628,-0.344644,0.694066,0.694057,-0.682025,-1.674221,-2.159739,-1.959911,-1.297295,-0.789042,1.0,43.97723,43.1153155,0.5261911488777727,42.06293320224446,44.167697797755544,43.40370576479939,-0.06457967890888483,0.006916590637512921
2014-01-02,0.219899,0.329852,-0.384825,-1.015783,-1.015789,0.348186,-0.379319,-1.087276,-1.001456,-0.378219,0.136227,-1.0,43.530514,43.094575,0.49923824581023385,42.096098508379534,44.093051491620464,43.4157827395804,-0.048752251384172496,-0.010209836525887557
2014-01-03,-0.092437,0.610091,-0.110928,-0.879604,-0.879578,1.053786,0.517641,-0.128195,-0.148841,0.372697,0.907115,-1.0,43.147629,43.083407699999995,0.4952118786648225,42.09298394267035,44.07383145732964,43.390244288191795,-0.06633979675500967,-0.008834695279600954
2014-01-06,0.459897,0.827815,-0.036794,0.49917,0.499156,0.404708,0.161881,-0.46971,-0.600628,-0.245772,0.303529,0.0,43.363003,43.102552700000004,0.49839913939712494,42.10575442120575,44.099350978794256,43.387649879792576,-0.06218237165519014,0.004979143949849865
2014-01-07,-0.125988,0.557952,-0.39597,2.207505,2.207488,-1.47227,-1.636057,-2.3194,-2.627775,-2.439152,-1.909034,1.0,44.320236,43.15559985,0.5676144649633243,42.020370920073354,44.29082877992665,43.476467605526615,0.018143968484608308,0.02183475522131556
2014-01-08,0.449721,0.6476,-0.125922,0.053994,0.054018,-1.359965,-1.431922,-2.111898,-2.567015,-2.488945,-1.988375,0.0,44.344177,43.20585525,0.6261864546515972,41.9534823406968,44.4582281593032,43.559106595476464,0.08278076524958777,0.0005400362957761052
2014-01-09,0.126491,0.198773,-0.307196,-0.449721,-0.449737,-0.63606,-0.842061,-1.388983,-2.006678,-2.030351,-1.576309,0.0,44.144745,43.25890225,0.6593624535845442,41.94017734283091,44.57762715716909,43.61488168162156,0.11656965427913946,-0.004507509712132841
2014-01-10,0.500363,0.553969,-0.321658,1.120345,1.120358,-1.068625,-1.695857,-2.25042,-2.866335,-3.002148,-2.66262,1.0,44.639324,43.359811300000004,0.7091727084656636,41.94146588306867,44.778156716931335,43.71244761670522,0.18116759691734075,0.011141280670976215
2014-01-13,0.488601,0.941008,0.0,-1.250895,-1.250888,0.510306,-0.360124,-0.809515,-1.440471,-1.673551,-1.473648,-1.0,44.080936,43.44596295,0.6853101922949963,42.07534256541001,44.81658333458999,43.74754174844758,0.18517016055790947,-0.012587775850217425
2014-01-14,0.035973,0.143888,-0.305752,0.615273,0.615246,-0.08991,-0.81653,-1.167849,-1.81473,-2.17624,-2.106098,1.0,44.352142,43.547270399999995,0.6603394233610187,42.226591553277956,44.867949246722034,43.80512272478591,0.20783053764886006,0.006133606482763901
2014-01-15,-0.178896,0.268331,-0.26834,0.539576,0.539579,-0.515202,-1.211086,-1.490752,-2.11985,-2.588901,-2.610607,0.0,44.591457,43.6461851,0.6612190333098664,42.323747033380265,44.96862316661973,43.880011703377725,0.24230661043920776,0.005381288371566349
2014-01-16,0.776033,0.776033,-0.577513,-0.876569,-0.876538,0.389802,-0.185906,-0.514969,-1.037738,-1.62644,-1.730153,-1.0,44.200596,43.7419094,0.5885444099150308,42.564820580169936,44.91899821983006,43.91054354115127,0.23537665481411096,-0.008804020437692892
2014-01-17,0.377357,0.503141,-0.089854,0.433138,0.433116,-0.154538,-0.336031,-0.817012,-1.318061,-1.891106,-2.07727,0.0,44.392036,43.806922099999994,0.5847523930768685,42.63741731384626,44.97642688615373,43.95639996580353,0.24253641431223372,0.004321810824562582
2014-01-21,0.448591,0.502419,-0.394764,0.143752,0.143765,-0.129204,-0.233277,-0.843361,-1.266832,-1.843182,-2.107193,0.0,44.455856,43.89267495,0.5445518475883808,42.80357125482324,44.98177864517676,44.00396720715557,0.2504730188841293,0.001436612834354593
2014-01-22,0.161435,0.179369,-0.340805,0.035887,0.03586,-0.111193,-0.234961,-0.759326,-1.103123,-1.685365,-2.051403,0.0,44.471798,43.981219249999995,0.480815113625603,43.01958902274879,44.9428494772512,44.0485225207598,0.25510848948736253,0.00035853864245158535
2014-01-23,0.856097,0.892526,-0.273228,-1.52466,-1.524625,1.071023,1.183949,0.749219,0.495423,-0.055395,-0.500325,-1.0,43.79377,44.0107345,0.44752493871153315,43.11568462257693,44.90578437742307,44.024260375925536,0.20174534549288836,-0.015363665634232825
2014-01-24,1.334585,1.372179,-0.037596,-3.096541,-3.096548,3.469917,4.015027,3.796981,3.580814,3.152618,2.628434,-1.0,42.437675,43.95728925,0.5604748635297545,42.83633952294049,45.07823897705951,43.87315700678977,0.04945900366823963,-0.03145504080102115
2014-01-27,0.703286,1.12146,-0.323136,-1.109023,-1.109036,3.47463,4.544766,4.773492,4.554268,4.202244,3.727429,-1.0,41.967026,43.878316999999996,0.7121558531629794,42.45400529367404,45.302628706325955,43.69162072042884,-0.10796194224757727,-0.011152314325145291
2014-01-28,0.208209,0.492141,-0.265007,0.418173,0.418183,1.945858,3.649433,4.1441,3.9362,3.711516,3.27843,0.0,42.142525,43.8013391,0.8108509944052397,42.17963711118952,45.42304108881048,43.544087794673715,-0.21606718543236525,0.004173111200908888
2014-01-29,-0.096643,0.831071,-0.270591,-2.063222,-2.063234,2.543498,5.08698,5.8459,5.834947,5.758023,5.369156,-1.0,41.273026,43.68128505,0.9888863218517595,41.70351240629648,45.65905769370352,43.32779619518098,-0.3676644650166594,-0.020848162795269597
2014-01-30,0.114792,0.248712,-0.325238,1.024349,1.024347,0.497427,3.326969,4.349221,4.488242,4.541044,4.227417,1.0,41.695805,43.5672138,1.0803101310893337,41.40659353782133,45.727834062178665,43.1723684623066,-0.44852139386456713,0.010191361121654299
2014-01-31,-0.330165,0.87395,-0.427271,-1.492248,-1.492256,1.355612,4.130913,5.431488,5.772007,5.887757,5.707916,-1.0,41.073597,43.44436795,1.215887923765755,41.01259210246849,45.87614379753151,42.97248546589645,-0.5563943108381082,-0.015035017913757335
2014-02-03,1.699607,1.798419,-0.177866,-1.728499,-1.7285,2.343888,4.964448,6.579731,7.28757,7.434804,7.341918,-1.0,40.36364,43.3051685,1.3974523130906666,40.510263873818666,46.100073126181336,42.72402399295393,-0.6912041995115317,-0.017436126586203454
2014-02-04,-0.292459,0.136479,-0.52642,1.363642,1.363668,0.366526,2.686672,4.629871,5.544928,5.718842,5.748997,1.0,40.914066,43.18272165,1.495937447582341,40.19084675483531,46.17459654516468,42.55164704124403,-0.7450388849449894,0.013544536181086171
2014-02-05,-0.097807,0.352113,-0.195616,-0.331453,-0.331456,0.457738,2.122455,4.393581,5.461655,5.786381,5.943527,0.0,40.778454,43.00563255,1.5623548546329649,39.88092284073407,46.13034225926593,42.382771513506505,-0.7895446369518879,-0.0033200622179064406
2014-02-06,-0.640033,0.368501,-0.717614,0.860724,0.860714,-0.674944,0.603182,2.94156,4.170871,4.606673,4.871348,1.0,41.12944,42.8448957,1.5826322458287139,39.67963120834258,46.01016019165743,42.263406607458265,-0.7874172730034346,0.008570313096609961
2014-02-07,-0.328435,0.270487,-0.811434,0.387892,0.387895,-0.954403,-0.063754,2.073678,3.422532,3.985321,4.287098,0.0,41.288979,42.7021074,1.5880022253645187,39.526102949270964,45.87811185072904,42.17060397817653,-0.7640503608158582,0.003871445271604557
2014-02-10,-0.077853,0.214093,-0.272478,-0.734152,-0.734162,0.081753,0.435973,2.274564,3.741737,4.54341,4.850145,-1.0,40.985851,42.519433750000005,1.5633736280141037,39.392686493971794,45.646181006028215,42.05777036120733,-0.7612169753604547,-0.007368702471868513
2014-02-11,-0.248095,0.286254,-0.381681,1.98521,1.985241,-1.442769,-1.60117,-0.139972,1.449404,2.358755,2.659009,1.0,41.799519,42.4053629,1.5262328874638356,39.35289712507233,45.45782867492767,42.033174993473295,-0.6854142605408597,0.019657922704003305
2014-02-12,0.132323,0.170132,-0.340267,0.954198,0.954176,-1.701323,-2.311912,-1.442973,0.23535,1.190169,1.572147,1.0,42.19836,42.2976738,1.456009546671695,39.38565470665661,45.20969289334339,42.04890689885679,-0.5863973043654909,0.009496525440086667
2014-02-13,-0.825824,0.075077,-0.938438,0.718331,0.718322,-1.756744,-2.819058,-2.348586,-0.725398,0.295058,0.731995,1.0,42.50148,42.19317495,1.35415554586444,39.48486385827112,44.90148604172888,42.092009098965676,-0.4779568138649566,0.007157541125902384
2014-02-14,-0.130964,0.149669,-0.318058,0.319073,0.319095,-1.436866,-2.761471,-2.628014,-1.22452,-0.1654,0.341741,0.0,42.6371,42.11500015,1.2749842475073674,39.56503165498526,44.66496864501474,42.14392251811181,-0.3767308248532615,0.0031858674342251205
2014-02-18,-0.439725,0.622931,-0.494689,2.114127,2.114117,-2.304872,-4.045439,-4.403326,-3.367536,-2.333458,-1.705757,1.0,43.538498,42.07232325,1.2072399863312369,39.65784327733752,44.48680322266247,42.27673923067259,-0.22122309186856626,0.020920791909442977
2014-02-19,0.753261,1.341172,-0.257209,-0.27483,-0.274828,-1.28973,-3.204115,-3.943906,-3.220651,-2.1253,-1.430585,0.0,43.418842,42.02047255,1.1184870838798062,39.78349838224039,44.25744671775961,42.38551092298948,-0.10641069603303777,-0.0027520638400720713
2014-02-20,0.018402,0.404927,-0.423346,-0.183719,-0.183729,-0.581626,-2.435113,-3.449287,-3.173194,-2.038646,-1.324616,0.0,43.339069,41.963836099999995,1.0113773871642362,39.94108132567152,43.98659087432847,42.476325977942864,-0.021608964868079283,-0.001838979790135049
2014-02-21,0.828266,1.141172,-0.036814,0.0,0.0,-0.195097,-1.925266,-3.196511,-3.225653,-2.154236,-1.401921,0.0,43.339069,41.94110105,0.9724377930849641,39.99622546383007,43.88597663616993,42.55849198004354,0.04507739390638221,0.0
2014-02-24,-1.036951,0.245092,-1.263201,-2.374381,-2.374386,2.077687,0.70137,-0.647298,-0.887055,0.04677,0.851572,-1.0,42.310032,41.93471889999999,0.9694214142101791,39.99587607157964,43.87356172842035,42.5348291248013,0.01472241694726506,-0.024030293512846287
2014-02-25,0.286318,0.572628,-0.324486,-1.225494,-1.22548,2.50811,2.143542,0.813135,0.321628,1.039132,1.875679,-1.0,41.791531,41.92594415000001,0.9699077218586791,39.98612870628265,43.865759593717364,42.46403882720118,-0.05058965237336821,-0.012330509706568075
2014-02-26,0.114739,0.458975,-0.305986,-0.190872,-0.190857,1.885619,2.317825,1.133406,0.46183,0.969194,1.881159,0.0,41.711769,41.90440635,0.9696278445936378,39.965150660812725,43.84366203918728,42.392394081753444,-0.10754633742659081,-0.001910392146376821
2014-02-27,-0.994928,0.075091,-1.126341,1.874161,1.874152,-0.386715,0.504969,-0.458049,-1.242732,-1.07453,-0.138919,1.0,42.493511,41.965430600000005,0.9662000703716923,40.03303045925662,43.89783074074339,42.4020242644436,-0.08858373640075712,0.018568062719165324
2014-02-28,0.322027,0.719828,-0.303088,-0.901068,-0.90106,-0.064417,1.325996,0.602373,-0.295526,-0.334927,0.572696,-1.0,42.110619,41.9861713,0.964558451431436,40.05705439713713,43.915288202862875,42.37427138211564,-0.10326158760386761,-0.009051440258199091
2014-03-03,-0.28714,0.153136,-0.440283,-1.041862,-1.041875,0.681473,2.161177,1.722816,0.825992,0.640884,1.429297,-1.0,41.671879,42.016085399999994,0.9438213994621456,40.128442601075704,43.903728198924284,42.30737686953319,-0.1485837606250584,-0.010473404851754542
2014-03-04,-0.03785,0.492048,-0.340651,1.148541,1.148532,-0.291431,0.671849,0.751966,-0.106917,-0.484473,0.100312,1.0,42.150494,42.1054281,0.860019135603448,40.3853898287931,43.82546637120689,42.292435643863364,-0.1442192094522028,0.011419867616295681
2014-03-05,0.057327,0.401298,-0.15288,-0.965174,-0.965158,0.69558,1.251662,1.72494,0.965975,0.447151,0.85928,-1.0,41.743675,42.14690855,0.8185395999126178,40.50982935017476,43.783987749825236,42.240172725400186,-0.17160896326888775,-0.00969846161258885
2014-03-06,-0.417858,0.094965,-0.569808,0.611504,0.611487,-0.151938,0.317196,1.075031,0.497633,-0.094201,0.050023,1.0,41.998932,42.20793245,0.754107535692882,40.69971737861424,43.716147521385764,42.217197418219214,-0.17075013263217897,0.006096246574582253
2014-03-07,0.248806,0.30622,-0.593303,-0.759738,-0.759734,0.405746,0.687088,1.717391,1.333021,0.669096,0.646896,-1.0,41.679852,42.23545305,0.722038804208174,40.79137544158365,43.67953065841635,42.1660216641031,-0.19358506438253187,-0.007626342813544743
2014-03-10,0.038752,0.32939,-0.561909,-1.224878,-1.224892,1.406716,1.658612,2.741088,2.5751,1.926775,1.792305,-1.0,41.169319,42.22947005,0.7307376741611691,40.767994701677665,43.69094539832234,42.07109760085519,-0.24999586202873303,-0.012324552100832173
2014-03-11,0.233197,0.369225,-0.252618,-0.290645,-0.290624,1.16595,1.774195,2.636351,2.88185,2.290711,2.014509,0.0,41.049671,42.232661050000004,0.7251390874775978,40.78238287504481,43.6829392249552,41.973818876964216,-0.30088797001901924,-0.0029104732242528687
2014-03-12,-0.19916,0.318662,-0.497909,-2.429071,-0.593944,1.310762,2.160283,2.822699,3.374807,2.891284,2.514849,-1.0,40.805859,42.182978049999996,0.7877179321570921,40.60754218568581,43.75841391431418,41.86258460296762,-0.35678117177757684,-0.005957147208621255
2014-03-13,1.384159,1.404215,-0.220654,-0.716991,-0.716995,1.308987,2.409272,3.100259,3.913386,3.608156,3.192673,-1.0,40.513283,42.0987242,0.8716337353380347,40.35545672932393,43.841991670676066,41.73407968839928,-0.41984565552826325,-0.007195778392386212
2014-03-14,0.360866,0.882115,-0.180433,0.060187,0.060195,0.684525,1.959642,2.577528,3.608653,3.487434,3.035363,0.0,40.53767,42.0005337,0.9323714105809774,40.135790878838044,43.86527652116195,41.620135908551724,-0.4625251837599649,0.00060176962350899
2014-03-17,-0.200238,0.540649,-0.220258,0.120285,0.1203,0.276316,1.569692,2.17116,3.231532,3.293849,2.87155,0.0,40.586437,41.89800054999999,0.9706537239294303,39.95669310214113,43.83930799785885,41.52168839345156,-0.4868023733003568,0.0012022814839567524
2014-03-18,-0.180614,0.36122,-0.240825,-0.220258,-0.220283,0.224768,1.385635,2.18362,3.083918,3.473608,3.109638,0.0,40.497032,41.74592725,0.9378070614879979,39.870313127024005,43.621541372976,41.4241020702657,-0.5074073807943975,-0.002205259279980379
2014-03-19,0.812515,0.853142,-0.710947,-1.204098,-1.204081,1.048134,2.187815,3.14533,3.914181,4.55573,4.290923,-1.0,40.009415,41.575455899999994,0.927525883230122,39.72040413353975,43.43050766646024,41.28936996833563,-0.5566667071125835,-0.012113886058889321
2014-03-20,-0.769077,0.080957,-1.113133,0.365631,0.365619,0.501929,1.356536,2.38146,3.139256,3.971373,3.859309,0.0,40.155697,41.4162873,0.8809227315507261,39.65444183689855,43.17813276310145,41.18140111420843,-0.5772471968819559,0.0036495218109573405
2014-03-21,-0.120387,0.601924,-0.361156,0.870269,0.870263,-0.381209,0.192067,1.23392,1.899597,2.877213,2.911884,1.0,40.505157,41.2745917,0.7771739768928387,39.72024374621432,42.82893965378568,41.11699691285524,-0.5589160455971935,0.00866497611108184
2014-03-24,0.258495,0.397695,-0.437465,0.902891,0.902905,-1.133432,-0.777497,0.197398,0.811713,1.783783,1.956903,1.0,40.87088,41.2026341,0.7420908234500557,39.718452453099886,42.68681574690011,41.09355720686903,-0.5090101345268323,0.008988529690589617
2014-03-25,0.039424,0.43367,-0.37453,0.874923,0.874926,-1.636117,-1.594723,-0.820744,-0.130951,0.676854,1.092208,1.0,41.22847,41.17448105,0.7291412780993974,39.7161984938012,42.63276360619879,41.10640604431008,-0.43558367845145085,0.00871120809875522
2014-03-26,0.970109,1.049303,0.0,-0.433672,-0.433678,-0.700848,-1.106708,-0.501461,0.2234,0.884511,1.471643,0.0,41.049671,41.14137615,0.7184146868892599,39.70454677622148,42.57820552377852,41.10100270675673,-0.38735507977756356,-0.004346215878972559
2014-03-27,-0.177375,0.059121,-0.51242,0.455363,0.455351,-0.626718,-1.379573,-1.075721,-0.383302,0.223272,0.933942,0.0,41.236591,41.07853015,0.6451470010038818,39.78823614799224,42.36882415200776,41.11391587754181,-0.33024384059115874,0.004543172018403497
2014-03-28,0.196583,0.491449,-0.137606,0.256202,0.256219,-0.475725,-1.436998,-1.382977,-0.730815,-0.226062,0.582524,0.0,41.342247,41.04011155,0.6018785421863169,39.836354465627366,42.24386863437263,41.135661698728306,-0.2733067062930772,0.0025589136445174883
2014-03-31,-0.236087,0.393463,-0.511513,-0.078626,-0.078644,-0.184923,-1.184332,-1.282699,-0.696518,-0.244393,0.554582,0.0,41.309734,41.022004300000006,0.587138758635804,39.8477267827284,42.19628181727161,41.152240013135135,-0.22817686368013312,-0.0007867446438347241
2014-04-01,0.117075,0.292687,-0.390246,0.82628,0.826292,-0.800003,-1.717073,-1.995447,-1.570283,-1.0754,-0.420534,1.0,41.651073,40.99703325,0.5457816160288903,39.90547001794222,42.08859648205778,41.199747916646075,-0.16298909680468654,0.008228968316846602
2014-04-02,0.0,0.15656,-0.176125,-0.292687,-0.292694,-0.27788,-1.062614,-1.591641,-1.307167,-0.802592,-0.279891,0.0,41.529163,40.98630765,0.5322771969562199,39.92175325608756,42.05086204391244,41.231120781727405,-0.11978364871932001,-0.002931227251831627
2014-04-03,0.176367,0.254754,-0.587888,-0.136984,-0.136983,-0.027432,-0.609441,-1.302495,-1.235284,-0.76502,-0.293147,0.0,41.472275,40.9599748,0.49096838170585827,39.97803803658828,41.941911563411715,41.25408785013432,-0.08910624467841899,-0.0013707716463364703
2014-04-04,0.747739,0.806769,-0.118068,-0.411521,-0.411518,0.365995,-0.005902,-0.771348,-0.87296,-0.433314,-0.045577,0.0,41.301609,40.941062650000006,0.4685524427223135,40.00395776455538,41.87816753544463,41.25861367393105,-0.07767016749903632,-0.004123673641879408
2014-04-07,0.795067,0.874576,-0.079509,-1.00354,-1.00353,1.176693,1.011716,0.283565,0.097386,0.499225,0.851662,-1.0,40.887135,40.92695345,0.4655563892391388,39.99584067152172,41.85806622847828,41.223234752604284,-0.1008886008485419,-0.010085992154886075
2014-04-08,-0.098211,0.117857,-0.549988,1.192604,1.192593,-0.149282,-0.143389,-0.756888,-1.043014,-0.760193,-0.370491,1.0,41.374752,40.9432075,0.4756321190707184,39.991943261858566,41.89447173814143,41.23766496664197,-0.07903173124090301,0.011855373830561755
2014-04-09,-0.540122,0.0,-1.080249,1.826753,1.826752,-1.65509,-1.678239,-2.201643,-2.661068,-2.503803,-2.12469,1.0,42.130566,41.00944285,0.5429696854201473,39.923503479159706,42.09538222084029,41.32270316029512,-0.0007139019900108678,0.0181026707862908
2014-04-10,1.357907,1.416101,-0.058194,-0.559416,-0.559423,-0.900086,-0.967982,-1.374706,-1.94858,-1.965254,-1.621702,-1.0,41.894878,41.0785226,0.5640028964708191,39.950516807058364,42.206528392941635,41.37719600217178,0.04185303434034893,-0.005609934488850012
2014-04-11,0.038714,0.503384,-0.232339,0.193992,0.194,-0.770573,-1.008716,-1.332044,-1.967086,-2.126837,-1.822864,0.0,41.976154,41.1504468,0.5828083038524634,39.98483019229507,42.316063407704924,41.434239621012566,0.08120979603120304,0.001938119121783584
2014-04-14,-0.538354,0.249954,-0.615264,0.696991,0.696996,-0.803693,-1.467025,-1.794526,-2.446643,-2.700247,-2.455351,1.0,42.268726,41.23456125,0.6174898832509761,39.99958148349805,42.46954101650195,41.513714514249465,0.13445847489404628,0.006945779404811205
2014-04-15,0.192341,0.230812,-0.980962,-0.038446,-0.038463,-0.350061,-1.286778,-1.59517,-2.201374,-2.548941,-2.409772,0.0,42.252468,41.322333050000005,0.6317348020380023,40.058863445924,42.58580265407601,41.584071989082844,0.17334830050004513,-0.0003847082472715117
2014-04-16,0.404155,0.404155,-0.481139,-0.057709,-0.057691,-0.246349,-1.064283,-1.352325,-1.882219,-2.357968,-2.315201,0.0,42.228092,41.4332669,0.5818847521082999,40.2694973957834,42.5970364042166,41.64540722821781,0.19989753366143503,-0.0005770795240107783
2014-04-17,-0.460127,0.095857,-0.555984,0.384913,0.384903,-0.394934,-1.226988,-1.549074,-1.994817,-2.555207,-2.65895,0.0,42.390629,41.545013499999996,0.536451239697452,40.47211102060509,42.6179159793949,41.71638073029231,0.2313860948715103,0.0038416368854293803
2014-04-21,0.134383,0.287967,-0.230369,-0.134202,-0.134183,-0.092161,-0.850464,-1.260652,-1.647161,-2.25457,-2.476672,0.0,42.333748,41.63644305,0.5047892753427238,40.62686449931455,42.646021600685444,41.77517761312161,0.24888222579255626,-0.0013427306416431471
2014-04-22,0.501539,0.713733,-0.019286,-0.479939,-0.479953,0.324075,-0.07716,-0.654577,-1.023339,-1.636572,-1.930295,0.0,42.130566,41.69942735,0.4823278150791316,40.73477171984174,42.66408298015826,41.80902412615765,0.2435455052800677,-0.00481108251024873
2014-04-23,-0.097369,0.408964,-0.136317,-0.94522,-0.945204,1.032126,0.962015,0.306384,-0.01851,-0.579561,-0.939963,-1.0,41.732346,41.724621150000004,0.46942016661157604,40.78578081677685,42.66346148322316,41.80172144747597,0.20482202903489366,-0.009496998936784696
2014-04-24,-0.038699,0.212891,-0.425773,0.623174,0.623159,0.294181,0.303855,-0.24127,-0.525445,-1.006381,-1.459254,1.0,41.992405,41.77175785,0.4447627208446229,40.882232408310756,42.661283291689244,41.81988178581159,0.19289441626121118,0.006212257026651099
2014-04-25,-0.353982,0.13766,-0.825955,-1.586994,-1.586992,1.396269,1.78368,1.343824,1.089481,0.703247,0.19535,-1.0,41.325989,41.776227750000004,0.43951949776403987,40.89718875447193,42.65526674552808,41.77284437763905,0.12818980321902984,-0.015997192932595942
2014-04-28,0.33517,0.512616,-0.532334,-0.255648,-0.255636,1.115918,1.861184,1.590416,1.333777,1.030742,0.507347,0.0,41.220345,41.77013265,0.44664207528465755,40.876848499430686,42.663416800569316,41.72022538929247,0.06760701176752804,-0.002559630514398053
2014-04-29,-0.388268,0.174723,-0.640648,1.557565,1.557551,-0.562991,0.201907,0.187669,-0.154335,-0.423991,-0.9325,1.0,41.862373,41.7977646,0.43356324111685873,40.930638117766286,42.664891082233716,41.73376325697891,0.0705873203252736,0.015455459223583448
2014-04-30,-0.389714,0.116915,-0.448168,-0.368857,-0.368854,-0.206549,0.442322,0.611844,0.222133,-0.009356,-0.468955,0.0,41.707962,41.800609050000006,0.43273602385211934,40.93513700229577,42.66608109770424,41.731305994409496,0.05980021939102187,-0.003695358543566646
2014-05-01,0.526626,0.546126,-0.05851,-0.097428,-0.097415,-0.265272,0.405684,0.635835,0.33644,0.14744,-0.23927,0.0,41.667332,41.8075175,0.4292633923862167,40.948990715227566,42.66604428477244,41.72521323303716,0.047426163452321646,-0.0009746293240347855
2014-05-02,0.019585,0.548263,-0.11749,-0.390092,-0.390109,0.211482,0.585477,0.967304,0.733311,0.565501,0.259777,0.0,41.504784,41.80914295,0.42798680115392934,40.953169347692146,42.66511655230786,41.70421997274791,0.024224129159009067,-0.003908718805513205
2014-05-05,-0.275318,0.019672,-0.727626,-0.430785,-0.430782,0.69617,0.7768,1.29925,1.172078,0.99902,0.759755,0.0,41.325989,41.81036195,0.42649727876317567,40.95736739247365,42.66335650752635,41.66819797534334,-0.008493010291971359,-0.0043171220360707354
2014-05-06,0.526829,0.721949,-0.097559,0.786631,0.786633,-0.19122,-0.124878,0.409754,0.474143,0.243509,0.03577,1.0,41.651073,41.84855885,0.36991773993466603,41.10872337013067,42.58839432986934,41.66656702531064,-0.008096683533722171,0.00783555492081081
2014-05-07,-0.452665,0.0,-0.610118,-0.858535,-0.858535,0.472347,0.633731,1.124448,1.334379,1.076949,0.907297,-1.0,41.293484,41.84449545,0.3757958912448323,41.092903667510335,42.59608723248966,41.631035308614386,-0.03621951945208224,-0.008622415463412372
2014-05-08,-0.159081,0.477228,-0.218733,-1.023421,-1.023416,1.121488,1.399875,1.948691,2.228068,2.057657,1.936095,-1.0,40.87088,41.78151115,0.4273528512294653,40.92680544754107,42.63621685245893,41.558639564936826,-0.09155232230035182,-0.010286886092303136
2014-05-09,-0.09935,0.178812,-0.397379,0.079541,0.079531,0.747071,1.215977,1.625275,2.025631,1.920921,1.827934,0.0,40.903385,41.731936499999996,0.46898991706183185,40.79395666587633,42.66991633412366,41.49623436827618,-0.13126791060255272,0.0007949934300715912
2014-05-12,-0.194898,0.116932,-0.428768,1.947147,1.947144,-0.997851,-0.602217,-0.417068,0.043855,0.012477,-0.088349,1.0,41.699833,41.71812045,0.4654737307564129,40.78717298848718,42.64906791151282,41.51562471415463,-0.09735386826834969,0.019284301540286115
2014-05-13,0.077868,0.253068,-0.233597,0.116932,0.116938,-1.066767,-0.745568,-0.594378,-0.135291,-0.021801,-0.170007,0.0,41.748596,41.69211395,0.44726570538595994,40.79758253922808,42.58664536077192,41.53781245566372,-0.06578366566157001,0.0011686979883171872
2014-05-14,0.019376,0.445562,-0.058115,0.486665,0.486663,-1.232077,-1.168147,-1.040936,-0.65478,-0.450985,-0.629598,0.0,41.951771,41.6770791,0.4322395657044143,40.81259996859117,42.54155823140883,41.57723707893384,-0.024091812728492812,0.004854826958125748
2014-05-15,0.286365,0.362732,-0.229101,1.472301,1.472293,-1.86712,-2.390218,-2.386398,-2.05612,-1.854135,-1.989938,1.0,42.569424,41.6941457,0.4609274762524643,40.77229074749507,42.61600065250493,41.67173107141633,0.058118759372682405,0.014615600146113242
2014-05-16,-0.01879,0.112763,-0.338282,1.58457,1.584576,-2.315353,-3.510613,-3.613349,-3.48524,-3.260284,-3.382191,1.0,43.243969,41.7368127,0.5580550079087567,40.62070268418249,42.85292271581751,41.82146801699572,0.1756762872653681,0.015721529474683454
2014-05-19,0.09393,0.281798,-0.26301,0.037589,0.037587,-1.630658,-3.099751,-3.335207,-3.414422,-3.177902,-3.267575,0.0,43.260223,41.78313645,0.6423071833823798,40.498522083235244,43.06775081676476,41.95849230109137,0.267074369947494,0.0003757968212982735
2014-05-20,0.170713,0.455231,-0.246588,-0.958104,-0.958095,-0.166929,-1.883542,-2.247097,-2.396628,-2.18741,-2.179444,-1.0,42.845749,41.8188956,0.6813869617686265,40.45612167646274,43.18166952353725,42.042992939082666,0.30257551883010336,-0.009627141801038772
2014-05-21,0.326049,0.44112,-0.115069,-1.100156,-0.153208,0.373511,-1.385486,-1.930024,-2.124404,-1.987989,-1.919844,0.0,42.780106,41.8712836,0.7138855942039,40.443512411592195,43.2990547884078,42.113194182979555,0.3217051765719745,-0.0015332521435212799
2014-05-22,-0.057729,0.211662,-0.211661,-0.326041,-0.326042,0.735236,-0.647873,-1.457059,-1.728235,-1.628685,-1.559143,0.0,42.640625,41.9036946,0.7341026218387933,40.435489356322414,43.37189984367759,42.163425689362455,0.32189995484184664,-0.0032657440958846883
2014-05-23,-0.288966,0.096319,-0.327486,-0.115453,-0.115451,0.545236,-0.13671,-1.173075,-1.466097,-1.496128,-1.390849,0.0,42.591396,41.96696495,0.7362191192676443,40.49452671146471,43.43940318853529,42.20418476656604,0.3144570836305931,-0.0011551763033847138
2014-05-27,0.268256,0.421539,-0.210763,0.539393,0.539398,-0.199274,-0.410624,-1.470512,-1.807819,-1.979078,-1.854115,0.0,42.821133,42.047004349999995,0.737791470923608,40.57142140815278,43.52258729184721,42.26294174117879,0.32336881605903045,0.0053794813645245115
2014-05-28,0.057018,0.076019,-0.247049,0.823913,0.823888,-0.862772,-0.894286,-2.0405,-2.458309,-2.683394,-2.586231,1.0,43.173931,42.112582249999996,0.777724567551627,40.55713311489674,43.66803138510325,42.34970262297129,0.35480925809203256,0.008205121617509706
2014-05-29,-0.01904,0.171396,-0.228526,-0.209048,-0.209024,-0.514191,-0.423972,-1.5583,-2.094339,-2.354091,-2.317875,0.0,43.083687,42.181368500000005,0.8005573874519891,40.58025372509603,43.78248327490398,42.419605896974026,0.36819972113109145,-0.002092430443094747
2014-05-30,-0.360398,0.113805,-0.436265,0.39993,0.399933,-0.62596,-0.661901,-1.582836,-2.300702,-2.626207,-2.627772,0.0,43.255993,42.260801550000004,0.8253019410940013,40.610197667812,43.911405432188005,42.49926181154793,0.388240024410905,0.003991356668208067
2014-06-02,0.303836,0.341815,-0.417776,-0.113811,-0.113825,-0.227874,-0.557313,-1.115283,-1.992412,-2.341127,-2.453849,0.0,43.206757,42.3459002,0.8309720420383139,40.68395611592337,44.00784428407663,42.56664230568622,0.3955890708619165,-0.0011388951964151162
2014-06-03,-0.401221,0.038214,-0.458544,-0.607672,-0.607671,0.439435,-0.022923,-0.317539,-1.204799,-1.583487,-1.810082,-1.0,42.944202,42.426810849999995,0.8048076488292242,40.817195552341545,44.036426147658446,42.60260037181135,0.37589417482369214,-0.006095249917562667
2014-06-04,0.134074,0.191538,-0.38307,-0.248378,-0.248383,0.532475,0.224104,0.10014,-0.820313,-1.247371,-1.510576,0.0,42.837536,42.486134,0.788173534694641,40.90978693061072,44.06248106938928,42.624975193543605,0.3476710377587082,-0.0024869175529011653
2014-06-05,-0.153018,0.133893,-0.650344,0.134074,0.134065,0.309884,0.116696,0.112711,-0.766425,-1.268897,-1.552092,0.0,42.894966,42.5662081,0.7405412404371466,41.085125619125705,44.04729058087429,42.65068860368231,0.3261781407675244,0.0013397488058896764
2014-06-06,-0.133435,0.266868,-0.324053,0.3443,0.344315,-0.133439,-0.133435,-0.157513,-0.854647,-1.479867,-1.808566,0.0,43.04266,42.6747971,0.6298146291576784,41.41516784168464,43.934426358315356,42.68801921285542,0.317403704198739,0.0034372405263412573
2014-06-09,-0.208572,0.11376,-0.303375,0.533746,0.533759,-0.633314,-0.506274,-0.683221,-1.107301,-1.83954,-2.179954,0.0,43.272404,42.79324805,0.4853259080085675,41.822596233982864,43.76389986601714,42.74367490686919,0.3252391660984202,0.005323393899127653
2014-06-10,0.038119,0.095291,-0.438344,-0.511947,-0.511973,-0.072416,0.05909,-0.20455,-0.441481,-1.174135,-1.534832,-1.0,43.050861,42.86079945,0.41389215670805024,42.0330151365839,43.688583763416105,42.7729307252626,0.3099986856369412,-0.005132880143166795
2014-06-11,-0.019218,0.249858,-0.096096,-0.838578,-0.838552,0.703428,0.79184,0.615019,0.510673,-0.241087,-0.637555,-1.0,42.689857,42.9078625,0.3246661300327473,42.25853023993451,43.55719476006549,42.76501894190425,0.2657273498265269,-0.00842087964009806
2014-06-12,0.536301,0.555451,-0.21069,0.345954,0.345935,0.329448,0.386906,0.277094,0.267557,-0.440821,-0.892203,0.0,42.837536,42.95215075,0.23556870740793664,42.48101333518413,43.42328816481587,42.771925328389564,0.23979425937874055,0.00345337655190634
2014-06-13,-0.133971,0.325355,-0.248806,0.076616,0.07661,0.17226,0.220104,0.236055,0.225898,-0.330475,-0.874533,0.0,42.870354,42.96719725,0.21885379669001523,42.529489656619965,43.40490484338003,42.78129948759056,0.2193615730235976,0.0007658105129850028
2014-06-16,0.2115,0.269187,-0.192267,-0.459334,-0.459327,0.353781,0.557589,0.711408,0.621538,0.295362,-0.325835,0.0,42.673439,42.93867075,0.21806068517817045,42.50254937964366,43.37479212035634,42.771027060200986,0.1851448919986467,-0.004603848880256171
2014-06-17,-0.403844,0.038462,-0.53846,-0.019223,-0.019227,0.192311,0.511542,0.706415,0.571161,0.40516,-0.202035,0.0,42.665234,42.908921299999996,0.21239610429220132,42.484129091415596,43.333713508584395,42.76095153065803,0.15557250781102283,-0.00019229265552991233
2014-06-18,-0.441118,0.0,-0.939772,0.269229,0.26924,-0.034531,0.228227,0.374629,0.293438,0.232002,-0.382038,0.0,42.780106,42.90563915,0.21392536685611224,42.47778841628777,43.333489883712225,42.76277576583346,0.1397939332160334,0.0026887848818017857
2014-06-19,0.710716,0.749136,-0.05763,-0.153429,-0.153436,0.061463,0.339992,0.47125,0.439877,0.457453,-0.118063,0.0,42.714466,42.90235715,0.21644135709457996,42.46947443581084,43.33523986418916,42.75817483575408,0.12060246955083187,-0.0015355363822995229
2014-06-20,0.077237,0.251008,-0.193091,-0.518632,-0.518614,0.405466,0.733715,0.87531,0.94611,0.973955,0.52988,-1.0,42.492943,42.89497305,0.22804848161582,42.43887608676836,43.351070013231634,42.73291466092036,0.0865206849749427,-0.00519962997804343
2014-06-23,-0.077446,0.058079,-0.367866,-0.270321,-0.27036,0.538256,0.795757,1.01841,1.194597,1.165957,0.918403,0.0,42.378059,42.8843062,0.24718217928873135,42.389941841422534,43.37867055857746,42.69911888368985,0.049667905777603494,-0.0027072631985189007
2014-06-24,0.292223,0.409116,-0.116895,-0.619555,-0.619533,0.903953,1.202022,1.516977,1.741667,1.687899,1.580424,-1.0,42.115513,42.84902519999999,0.3011415751461555,42.246742049707684,43.4513083502923,42.64353737095748,-0.0007152107533912044,-0.00621459925939017
2014-06-25,-0.351359,0.078079,-0.409916,-0.194822,-0.194805,0.745644,1.243395,1.587595,1.804591,1.809081,1.801284,0.0,42.03347,42.79200215,0.34163482027760034,42.1087325094448,43.475271790555205,42.58543571658058,-0.04672575264230261,-0.0019499469410333376
2014-06-26,-0.727485,0.098307,-0.8258,-0.722231,-0.722236,1.006678,1.714498,2.140505,2.383,2.449064,2.524155,-1.0,41.729889,42.72431225,0.40839470707298353,41.90752283585403,43.54110166414596,42.50395507690624,-0.10645869853655654,-0.007248571042207918
2014-06-27,-0.13739,0.058879,-0.510308,0.176956,0.17695,0.498525,1.279682,1.762508,2.028453,2.188022,2.282005,0.0,41.80373,42.651699099999995,0.4369916515266295,41.77771579694674,43.52568240305325,42.43726697434374,-0.14615436043619923,0.0017679353562566943
2014-06-30,-0.452754,0.216537,-0.531496,-0.29441,-0.294426,0.460648,1.340567,1.808413,2.146667,2.402376,2.459015,0.0,41.680649,42.5753937,0.4671679011565842,41.64105789768683,43.50972950231317,42.36520811964434,-0.1854078008369413,-0.002948601658155733
2014-07-01,-0.195166,0.35128,-0.195166,0.866148,0.866174,-0.437169,0.322,0.774118,1.16216,1.44885,1.482548,1.0,42.041676,42.5302674,0.473218458045294,41.58383048390941,43.47670431609059,42.33439553682108,-0.1852491367539031,0.008624443666461961
2014-07-02,-0.115991,0.115989,-0.231972,0.95628,0.956258,-1.186922,-0.707509,-0.219079,0.157556,0.419107,0.48973,1.0,42.443703,42.51057575,0.46792389467044043,41.57472796065912,43.446423539340884,42.34480577140954,-0.15094319609904971,0.009517150523769967
2014-07-03,-0.422512,0.057611,-0.441713,0.657259,0.657268,-1.367391,-1.353945,-0.888549,-0.516613,-0.270407,-0.170925,1.0,42.722672,42.50196105,0.46202342995468404,41.57791419009063,43.426007909909366,42.3807930312753,-0.10009123466178949,0.0065511769810574424
2014-07-07,-0.057969,0.057969,-0.328499,-0.614557,-0.614557,-0.448312,-0.751692,-0.340098,0.02995,0.271302,0.432204,-1.0,42.460117,42.4728339,0.44415947227150904,41.58451495545698,43.361152844543014,42.38834769496337,-0.08005387188715929,-0.006164527706513984
2014-07-08,0.372766,0.451246,-0.333533,-1.507244,-1.50725,1.141852,0.633711,1.048986,1.387091,1.673142,1.907659,-1.0,41.820137,42.40022055,0.4248542800248231,41.55051198995035,43.24992911004965,42.334232390681144,-0.11449532416473573,-0.015187241866288488
2014-07-09,-0.42944,0.019524,-0.624634,0.510102,0.51012,0.624621,0.103444,0.43593,0.751499,1.070451,1.327983,0.0,42.03347,42.349351,0.4032069322619591,41.54293713547608,43.15576486452392,42.30558835347341,-0.1231565608589591,0.005088235745620012
2014-07-10,-0.790508,0.059294,-0.869561,-1.229752,-1.229741,1.430816,1.22528,1.483513,1.864604,2.20156,2.456501,-1.0,41.516567,42.29068650000001,0.43514638539189165,41.42039372921622,43.16097927078379,42.23044346266642,-0.16977336384322683,-0.012373653290380048
2014-07-11,0.019769,0.335972,-0.316204,0.0,0.0,0.849792,1.173897,1.291156,1.705514,2.068755,2.330678,0.0,41.516567,42.22463805,0.4478406570101839,41.32895673597964,43.12031936402037,42.16245522812677,-0.20436176089536673,0.0
2014-07-14,0.469847,0.626468,-0.039156,0.948625,0.948609,-0.360219,0.248622,0.246663,0.635268,1.001555,1.26206,1.0,41.910397,42.1766402,0.42589758496388025,41.32484503007224,43.02843536992776,42.13844968259089,-0.19771538524225463,0.009441382176780195
2014-07-15,0.097379,0.350538,-0.467375,0.528575,0.528573,-0.736114,-0.171369,-0.319374,0.04187,0.362218,0.644593,0.0,42.131924,42.14956445,0.4095514151118988,41.3304616197762,42.9686672802238,42.137828189010804,-0.172583274571096,0.005271808546450002
2014-07-16,0.309,0.405568,-0.115871,0.837392,0.837394,-1.348005,-0.896099,-1.089224,-0.810161,-0.524531,-0.227249,1.0,42.484734,42.14053945,0.39945419345672084,41.34163106308656,42.93944783691344,42.17086683767644,-0.12278172604445103,0.008339068284482255
2014-07-17,0.607488,0.881836,-0.235154,-1.448436,-1.448436,0.270433,0.423282,0.338362,0.538897,0.859098,1.162056,-1.0,41.86937,42.095002650000005,0.37379454646571425,41.34741355706858,42.84259174293143,42.14215285313583,-0.13145306294187264,-0.014590278057472322
2014-07-18,-0.097828,0.176091,-0.567406,0.156774,0.156771,0.313051,0.078264,0.213916,0.288591,0.615139,0.927407,0.0,41.935009,42.0560298,0.3453610133794672,41.365307773241064,42.74675182675893,42.1224248671229,-0.13151264526387507,0.0015664817090865631
2014-07-21,-0.332677,0.097855,-0.684928,-0.019572,-0.019576,0.340516,-0.029343,0.253107,0.240712,0.54482,0.858453,0.0,41.9268,42.02772265,0.330549117596983,41.36662441480603,42.68882088519397,42.103793927396914,-0.13071545596899625,-0.0001957744561942359
2014-07-22,0.116251,0.232511,-0.077506,0.998049,0.998037,-0.550271,-0.893221,-0.632938,-0.753716,-0.47974,-0.211189,1.0,42.345245,42.026081950000005,0.32879546597167897,41.368491018056645,42.683672881943366,42.12678926764483,-0.09522101471551991,0.009930895565867024
2014-07-23,0.212308,0.270218,-0.212314,0.387522,0.387522,-0.922594,-1.163854,-0.943177,-1.09051,-0.878583,-0.638862,0.0,42.509342,42.0457734,0.3457874316296042,41.354198536740796,42.73734826325921,42.16322286120247,-0.05323648080222654,0.0038677273761249828
2014-07-24,0.07599,0.208968,-0.303949,1.602003,1.60202,-1.873105,-2.334726,-2.389816,-2.516147,-2.403495,-2.166922,1.0,43.19035,42.103617400000005,0.43010376119471166,41.24340987761058,42.96382492238943,42.2610444934689,0.03458949284269863,0.01589322712747891
2014-07-25,0.208254,0.302916,-0.321844,0.341947,0.341933,-1.560011,-2.247245,-2.62778,-2.662805,-2.678519,-2.46181,0.0,43.338032,42.184024550000004,0.5010303045140275,41.18196394097195,43.18608515902806,42.36361473218615,0.11478573438394335,0.0034134960110229024
2014-07-28,-0.018632,0.149091,-0.596347,1.590307,1.590319,-2.146857,-3.296686,-3.914771,-3.934029,-4.062617,-3.901107,1.0,44.027245,42.295200300000005,0.6397052236264381,41.015789852747126,43.57461074725288,42.52205571007318,0.2312894024361114,0.015778060157169167
2014-07-29,0.445355,0.519575,-0.018553,0.428623,0.428635,-1.718327,-3.238089,-3.963637,-4.057347,-4.305817,-4.194975,0.0,44.215961,42.421965900000004,0.7527315418922261,40.91650281621555,43.92742898378446,42.68338002339955,0.3349856961814055,0.004277185661238193
2014-07-30,-0.129063,0.294985,-0.534663,0.649477,0.649474,-1.4565,-3.408936,-4.213382,-4.3999,-4.708712,-4.675527,1.0,44.503132,42.5450387,0.8780715818674152,40.788895536265166,44.30118186373483,42.85668973545674,0.4353199582760894,0.006473736221048266
2014-07-31,0.674285,0.899045,-0.03746,-1.567115,-1.567105,0.393321,-1.429122,-2.340027,-2.722433,-3.029795,-3.079867,-1.0,43.805721,42.6131396,0.921539919476955,40.770059761046085,44.45621943895391,42.94707366541324,0.4533345857488271,-0.015795143426795857
2014-08-01,0.283657,0.661874,-0.378217,-0.955231,-0.955247,1.384271,-0.143725,-1.110693,-1.707641,-1.941757,-2.093421,-1.0,43.387268,42.6463694,0.9375408392923258,40.77128772141535,44.52145107858465,42.98899693537389,0.428901537919792,-0.009598391279764924
2014-08-04,0.148972,0.148972,-0.837991,1.550681,1.55069,-0.148978,-1.184368,-2.295479,-3.027011,-3.234275,-3.469905,1.0,44.06007,42.72636705,0.9877284047993595,40.75091024040128,44.70182385959872,43.091003893909715,0.4585418846301508,0.015387896104151306
2014-08-05,0.393994,0.469043,-0.356469,-0.744883,-0.744913,0.379013,-0.125681,-1.318303,-2.080652,-2.320428,-2.642254,-1.0,43.731861,42.82195325,0.9879157054030187,40.84612183919396,44.79778466080604,43.152037904013554,0.45035691541882983,-0.007477008998934129
2014-08-06,-0.263453,0.188188,-0.357542,-0.300188,-0.300191,0.26724,0.425316,-0.850561,-1.60611,-1.883303,-2.235579,0.0,43.600582,42.90030885,0.9842265537339627,40.93185574253208,44.868761957467925,43.1947563893456,0.4283395188524892,-0.0030064222268747637
2014-08-07,0.965913,1.155305,-0.284085,-0.639819,-0.639801,0.689393,1.102278,0.011367,-0.764199,-1.170448,-1.506938,-1.0,43.321625,42.99056175,0.9320376755448725,41.12648639891025,44.85463710108974,43.20683911416983,0.38395507973238807,-0.006418565918487374
2014-08-08,-0.377432,0.018868,-1.000194,0.359854,0.359864,0.369866,0.771835,-0.110724,-0.894518,-1.455377,-1.726121,0.0,43.477524,43.0886096,0.8698879067585781,41.34883378648284,44.828385413517154,43.232618627106035,0.3572417775188441,0.003592181938105924
2014-08-11,-0.133232,0.209366,-0.266462,-0.849219,-0.849241,0.787975,1.421789,0.92756,0.093276,-0.551184,-0.783515,-1.0,43.108295,43.1485045,0.8245524795601072,41.499399540879786,44.79760945912022,43.220778281667364,0.30278725552796004,-0.00852867692084846
2014-08-12,-0.641388,0.169779,-0.7923,0.894551,0.894547,-0.215042,0.356557,0.208787,-0.637594,-1.27898,-1.524217,1.0,43.493919,43.21660425,0.7917659404359587,41.63307236912809,44.80013613087192,43.24679168341333,0.2874349177228197,0.008905697230703488
2014-08-13,0.037573,0.30058,-0.46966,0.41502,0.415037,-0.593655,-0.247983,-0.027553,-0.91208,-1.536725,-1.806623,0.0,43.674435,43.2760893,0.7784660454209958,41.71915720915801,44.83302139084199,43.28751961832634,0.28653125798690127,0.004141784254712952
2014-08-14,-0.092096,0.239449,-0.1842,1.99136,1.991353,-1.985632,-2.029839,-1.776872,-2.546505,-3.187321,-3.566641,1.0,44.544147,43.409828149999996,0.7534331191337565,41.90296191173248,44.91669438826751,43.407198416580975,0.3519366840287077,0.019717845340331448
2014-08-15,0.780383,0.873283,-0.631735,-0.865723,-0.86571,-0.821268,-0.999639,-0.795249,-1.443708,-2.102569,-2.616131,-1.0,44.158524,43.521003900000004,0.6853282286222558,42.15034744275549,44.89166035724452,43.47875323404945,0.36840762826057016,-0.008694787317062818
2014-08-18,-0.074151,0.111237,-0.296626,0.222964,0.222963,-0.52281,-1.175389,-0.98134,-1.399707,-2.108271,-2.697442,0.0,44.256981,43.63751295,0.5917196117781492,42.4540737264437,44.8209521735563,43.55287016413998,0.3849679563253048,0.0022271442253700867
2014-08-19,-0.055698,0.222798,-0.185672,-0.148309,-0.148316,-0.059413,-0.924624,-0.837976,-1.044375,-1.776458,-2.374054,0.0,44.191341,43.72981775,0.5190515344358198,42.69171468112836,44.767920818871644,43.613676910412366,0.388319233796814,-0.0014842568081848643
2014-08-20,0.0,0.28143,-0.356469,-1.039736,-0.112443,0.264779,-0.69052,-0.780944,-0.748087,-1.515743,-2.104959,0.0,44.141651,43.8114332,0.4392397348347709,42.93295373033046,44.689912669669546,43.66396015703976,0.38255571348193484,-0.0011250610698504946
2014-08-21,-0.094036,0.225697,-0.150457,-0.243904,-0.24391,0.27822,-0.285926,-0.503788,-0.409616,-1.078311,-1.675033,0.0,44.033985,43.853614949999994,0.41636890969151646,43.02087713061696,44.68635276938303,43.69920061827407,0.3650917848764621,-0.002442081699481528
2014-08-22,0.619017,0.787843,-0.075035,0.263312,0.263306,0.010982,-0.395489,-0.649917,-0.579206,-1.137421,-1.734429,0.0,44.149929,43.8942098,0.40281350727120835,43.08858278545758,44.699836814542415,43.7421271308194,0.35649772360577714,0.0026295967495973877
2014-08-25,-0.074151,0.389327,-0.259548,1.181763,1.181771,-0.971449,-1.208866,-1.719019,-1.668279,-2.046322,-2.676097,1.0,44.67168,43.926431550000004,0.43823284096772275,43.04996586806456,44.80289723193545,43.83065597550327,0.3873229949907966,0.01174842489581273
2014-08-26,0.055989,0.503912,0.0,-0.667403,-0.667396,-0.223974,-0.346877,-0.962283,-0.989852,-1.205352,-1.853807,-1.0,44.373543,43.93431065,0.44507552151101687,43.04415960697796,44.82446169302204,43.882359501645816,0.3832769028281575,-0.00669633033674654
2014-08-27,0.130184,0.297564,-0.185981,0.354606,0.354592,-0.401705,-0.506662,-1.172947,-1.336577,-1.372846,-2.047432,0.0,44.530888,43.935698450000004,0.4469817177268089,43.04173501454638,44.829661885453625,43.94412412053669,0.38829079754030005,0.0035396472934539256
2014-08-28,-0.445273,0.204074,-0.742119,0.241774,0.241785,-0.371064,-0.725492,-1.214638,-1.481268,-1.480964,-2.076909,0.0,44.638557,43.97734025,0.47231210005522073,43.03271604988956,44.92196445011044,44.01026058524748,0.39638307633140357,0.0024149315345896997
2014-08-29,-0.036996,0.166484,-0.462449,0.296844,0.296838,-0.388454,-0.882488,-1.314388,-1.618302,-1.644509,-2.155569,0.0,44.771061,44.0465299,0.48256763325988067,43.081394633480244,45.01166516651976,44.08271776760486,0.4087761144004247,0.002963978595811199
2014-09-02,0.281264,0.431275,-0.206265,-1.35035,-1.350357,0.746304,0.453785,0.19619,-0.259566,-0.285567,-0.647201,-1.0,44.166492,44.051851000000006,0.4833109591663148,43.08522908166738,45.018472918332634,44.09069626592821,0.3655996158573487,-0.013595568844210596
2014-09-03,0.110941,0.277363,-0.314353,1.406338,1.406342,-0.465976,-0.806212,-1.000801,-1.524941,-1.61739,-1.843289,1.0,44.787624,44.10463915,0.5037457960422964,43.097147557915406,45.11213074208459,44.157070335839805,0.3771544888978866,0.013965449223513369
2014-09-04,0.129829,0.537836,-0.185456,-0.295865,-0.295856,-0.114985,-0.396885,-0.560628,-1.114656,-1.311841,-1.39185,0.0,44.655117,44.1573659,0.5033982813229239,43.150569337354156,45.16416246264585,44.20450335147411,0.3713390362783784,-0.002962948037126375
2014-09-05,-0.370296,0.018519,-0.648024,0.166914,0.166906,-0.240691,-0.407325,-0.698673,-1.122034,-1.39366,-1.441447,0.0,44.729649,44.2277671,0.4781931606261246,43.271380778747755,45.18415342125225,44.25451722276229,0.3684965587414055,0.0016676671117200955
2014-09-08,0.018807,0.620771,-0.075246,-1.573779,-1.57377,1.015795,1.15688,0.868977,0.521217,0.240997,0.186505,-1.0,44.025707,44.25517625,0.4476631501100346,43.35984994977993,45.15050255022007,44.23272577297541,0.3059152380643866,-0.01586285702079504
2014-09-09,0.301033,0.301033,-0.263413,-0.018807,-0.018803,0.967063,1.02727,0.851665,0.64339,0.255973,0.204603,0.0,44.017429,44.30063295,0.3632821540190319,43.57406864196194,45.027197258038065,44.21222131840632,0.25273772200046096,-0.0001880441883484984
2014-09-10,-0.317457,0.056028,-0.728289,0.752581,0.752568,0.014946,0.267046,0.122011,-0.011992,-0.437251,-0.533896,1.0,44.34869,44.3433715,0.3097108120534554,43.72394987589309,44.962793124106916,44.22521833570096,0.23461960289624528,0.00749750142925377
2014-09-11,0.169548,0.169548,-0.584028,-0.877679,-0.877672,0.58402,1.024863,0.980903,0.905763,0.476976,0.305594,-1.0,43.959454,44.357622449999994,0.282689132702089,43.792244184595816,44.92300071540417,44.19990744658658,0.1867006024254536,-0.008815461475462073
2014-09-12,-0.074943,0.243584,-0.393478,0.546339,0.546333,-0.202353,0.376621,0.457192,0.318503,0.010477,-0.209725,0.0,44.199619,44.340396049999995,0.28121807182789293,43.77795990634421,44.90283219365578,44.19987997548309,0.16618804533381137,0.005448460060876984
2014-09-15,-0.187473,0.168729,-0.41245,-0.056209,-0.056202,-0.078742,0.298084,0.517432,0.376755,0.129852,-0.094185,0.0,44.174778,44.34120875,0.2806877981727402,43.77983315365452,44.90258434634548,44.197489311151365,0.1462414545032118,-0.0005621764107590889
2014-09-16,-0.895188,0.242449,-0.895188,0.524933,0.524933,-0.425217,-0.171579,-0.047248,-0.13055,-0.276065,-0.589868,0.0,44.406666,44.348693,0.2803191056226338,43.78805478875473,44.90933121124527,44.21741090056552,0.14744540237663983,0.00523560057792341
2014-09-17,0.130621,0.466505,-0.149285,-0.055947,-0.055949,-0.354545,-0.20713,0.00995,-0.053184,-0.140216,-0.485403,0.0,44.381821,44.358217,0.27791714966915976,43.80238270066168,44.914051299338325,44.23306900527356,0.144726439572338,-0.0005596446451094036
2014-09-18,-0.203177,0.203179,-0.295528,1.026309,1.026323,-0.975261,-1.180286,-0.960486,-0.990963,-1.050945,-1.404426,1.0,44.837322,44.39300055,0.2925355364091193,43.80792947718176,44.978071622818234,44.29061690953323,0.17728315601259226,0.010210924300193465
2014-09-19,0.222426,0.370715,0.0,-0.350938,-0.350949,-0.411494,-0.843378,-0.605506,-0.569979,-0.690303,-0.955849,0.0,44.679966,44.4252996,0.28640753012327974,43.85248453975344,44.998114660246564,44.32769777529197,0.18821761868215248,-0.003515659725412052
2014-09-22,0.260859,0.447181,-0.149055,-0.519005,-0.519013,0.231052,-0.231032,-0.135388,-0.017693,-0.146126,-0.366329,-1.0,44.448071,44.4402067,0.27898324130203445,43.88224021739593,44.99817318260406,44.33916189193083,0.17614082882289495,-0.005203649290967223
2014-09-23,0.037518,0.243853,-0.243859,-0.67076,-0.670765,0.791604,0.472713,0.536491,0.598393,0.518483,0.385135,-1.0,44.149929,44.41411915,0.28058879622986876,43.85294155754026,44.97529674245973,44.321139711746945,0.14088824612607453,-0.0067302450482121376
2014-09-24,-0.393928,0.168826,-0.54399,0.0,0.0,0.686557,0.427694,0.440199,0.573069,0.514731,0.434664,0.0,44.149929,44.40293845,0.28667983509788286,43.82957877980424,44.976298120195764,44.30483392967581,0.11166313721970766,0.0
2014-09-25,0.644672,0.682586,-0.549869,-1.069216,-1.069213,1.243837,1.448618,1.376566,1.562383,1.55859,1.520393,-1.0,43.677872,44.360287650000004,0.3272283673796396,43.705830915240725,45.01474438475928,44.24512326970668,0.04983648907689542,-0.010749706593481708
2014-09-26,-0.131901,0.131899,-0.602977,0.625707,0.625699,0.282652,0.761272,0.628115,0.85266,0.919553,0.844158,1.0,43.951164,44.325918,0.3325192955982902,43.660879408803424,44.99095659119658,44.21712714878223,0.022629941511141283,0.006237496120938409
2014-09-29,0.135764,0.34911,-0.252135,-2.845297,-2.845263,2.401061,3.366928,3.368221,3.563785,3.739309,3.683662,-1.0,42.700638,44.22239685,0.47737565341327487,43.26764554317345,45.177148156826554,44.07269961080297,-0.09870068055901982,-0.028865246847165203
2014-09-30,-0.058968,0.216197,-0.51101,-1.318852,-1.318884,2.814473,4.209916,4.452316,4.707164,4.88523,4.901739,-1.0,42.137466,44.12094555,0.6675890142326338,42.78576752153474,45.45612357846527,43.888391647869355,-0.23756089237400602,-0.01327658789732421
2014-10-01,1.016548,1.215868,-0.059795,-1.395446,-1.395445,3.017751,5.003003,5.481377,5.799296,6.097682,6.174354,-1.0,41.549461,43.9590374,0.8618100413793761,42.23541731724125,45.68265748275875,43.665636348072276,-0.39055364074899757,-0.014052724782809917
2014-10-02,0.662921,0.743276,-0.763353,-0.777355,-0.777343,2.635594,4.949776,5.865809,6.212334,6.608276,6.770456,-1.0,41.226479,43.7876055,1.0388805988367003,41.709844302326594,45.8653666976734,43.43333564825586,-0.5317339462764323,-0.007803804804029264
2014-10-03,0.099185,0.416582,-0.178536,1.265571,1.265563,0.297565,2.935927,4.151298,4.527877,4.999013,5.253592,1.0,41.748226,43.63853435,1.108183998308389,41.422166353383226,45.854902346616775,43.27284901508864,-0.5946648073446354,0.012576215285347858
2014-10-06,0.157546,0.413555,-0.39385,0.733979,0.733978,-0.740448,1.616783,3.056329,3.53191,3.975588,4.320607,1.0,42.054649,43.53998145,1.158444973299557,41.22309150340089,45.85687139659911,43.156829966032575,-0.6127488061035393,0.007312979790146912
2014-10-07,0.832503,0.971255,-0.039645,-0.649858,-0.64984,-0.261662,1.714553,3.311515,3.941511,4.427339,4.772367,-1.0,41.781361,43.42817805,1.2163943717791414,40.995389306441716,45.86096679355828,43.02583292164852,-0.6417350409590554,-0.006519608173499793
2014-10-08,-0.991643,0.0,-1.283298,1.942515,1.94251,-1.672181,-0.589157,1.062927,1.754806,2.231376,2.636586,1.0,42.592968,43.34039195,1.209801977634697,40.9207879947306,45.75999590526939,42.98460769101533,-0.5923882558349263,0.019238838234389113
2014-10-09,1.135232,1.354312,-0.119492,-2.372158,-2.372157,0.888266,1.32244,2.99674,3.94144,4.419831,4.894105,-1.0,41.582596,43.22154905,1.261430511242273,40.69868802751545,45.74441007248455,42.85108276806148,-0.6275748571669055,-0.024007454883779478
2014-10-10,0.562707,0.803863,-0.10048,-0.896238,-0.896243,1.539394,1.573556,3.366827,4.518691,5.02251,5.565381,-1.0,41.209915,43.07206385,1.315416003495948,40.441231843008104,45.702895856991894,42.694781075865144,-0.6777203954507485,-0.00900283160095304
2014-10-13,0.674068,0.991277,-0.059475,1.366562,1.366555,0.035696,-0.017839,1.546396,2.822171,3.390966,3.902993,1.0,41.773071,42.9519785,1.31907184443537,40.31383481112926,45.590122188870744,42.60699916387799,-0.6643607756395014,0.01357301473033114
2014-10-14,0.238377,0.615816,-0.218514,-0.198253,-0.198245,0.190701,0.073495,1.354782,2.700631,3.373058,3.911398,0.0,41.690258,42.8161581,1.301131882979332,40.21389433404134,45.41842186595866,42.51969048160389,-0.6529289393128579,-0.0019844170647890626
2014-10-15,0.725224,0.866239,-1.692184,-1.390546,-1.390548,0.882353,1.377921,2.291162,3.751006,4.515712,5.078565,-1.0,41.110535,42.6525938,1.2995692322605892,40.05345533547882,45.25173226452117,42.385485197641614,-0.6827772961587897,-0.014003065717630384
2014-10-16,-1.392256,0.484257,-1.513317,-0.161156,-0.16117,0.782896,1.497185,2.028526,3.456425,4.400332,4.954946,0.0,41.044277,42.46294155,1.2393336431540274,39.984274263691944,44.94160883630805,42.25775108358051,-0.703667361537704,-0.001613003858270257
2014-10-17,-0.637577,0.099627,-0.956366,1.271182,1.271183,-0.310811,0.17933,0.36529,1.783234,2.836434,3.383821,1.0,41.566025,42.307244499999996,1.13757452411069,40.032095451778616,44.582393548221376,42.19187240895379,-0.6703942975292989,0.01263171601773454
2014-10-20,-0.539784,0.0,-0.779686,-0.338711,-0.338702,-0.139946,0.367854,0.501132,1.764294,2.920433,3.525924,0.0,41.42524,42.156102950000005,1.0342899581329328,40.087523033734136,44.22468286626587,42.11885979857724,-0.6479165488329173,-0.003392769951070655
2014-10-21,-0.356862,0.118955,-0.455987,0.839662,0.83966,-0.9318,-0.469861,-0.393863,0.632439,1.811266,2.484806,1.0,41.773071,42.03726005,0.9237867460635818,40.18968655787284,43.88483354212716,42.08592753204608,-0.5951749104088719,0.008361540574025828
2014-10-22,0.421685,0.783133,-0.1004,-1.268834,-0.280341,-0.391417,-0.414992,-0.096797,0.615993,1.835737,2.557447,0.0,41.655964,41.912561800000006,0.7808659365440848,40.350829926911835,43.47429367308818,42.04497862423217,-0.5564123628070305,-0.0028073458337825596
2014-10-23,0.416252,0.515358,-0.099106,1.305225,1.305237,-1.127209,-1.551837,-1.230225,-0.855507,0.273649,1.097072,1.0,42.199673,41.83865185,0.6665756849278665,40.50550048014426,43.17180321985573,42.05971142192435,-0.476329166106936,0.012967920557794062
2014-10-24,-0.07896,0.059216,-0.414526,0.416252,0.416247,-1.155089,-1.684904,-1.540989,-1.45242,-0.359552,0.5345,0.0,42.375328,41.75986005,0.46697742998207387,40.825905190035854,42.693814909964146,42.089770143645836,-0.3941453035515181,0.004153833886859007
2014-10-27,-0.576994,0.218864,-0.596894,-0.789582,-0.789589,-0.075599,-0.838773,-0.759586,-0.74659,0.204412,1.165423,-1.0,42.040737,41.726865,0.41772225256588996,40.891420494868214,42.56230950513178,42.08510032044148,-0.35195557301890545,-0.007927229305620816
2014-10-28,-0.276078,0.0,-0.453557,0.895346,0.895358,-0.658651,-1.547374,-1.540331,-1.594409,-0.848218,0.111323,1.0,42.417152,41.740849299999994,0.4364532575035582,40.86794278499288,42.61375581500711,42.11672428992324,-0.28486264370680914,0.008913731962268696
2014-10-29,-0.059181,0.315642,-0.591833,-0.03944,-0.039444,-0.268296,-1.204309,-1.531754,-1.45523,-0.974139,-0.004942,0.0,42.400421,41.783397300000004,0.45777126980437005,40.86785476039127,42.69893983960874,42.14374302421626,-0.23038532708100945,-0.0003945173063842697
2014-10-30,-0.911792,0.237857,-0.931617,-0.473462,-0.473458,0.206137,-0.460536,-0.965846,-0.871135,-0.643178,0.262397,0.0,42.199673,41.832057,0.44705517798857364,40.93794664402285,42.72616735597715,42.14906968857662,-0.20109228041315674,-0.004745819237122513
2014-10-31,-0.137199,0.352805,-0.411601,1.12983,1.129836,-0.772256,-1.312405,-1.843173,-1.869863,-1.872682,-1.014235,1.0,42.67646,41.8784687,0.4845082250712207,40.90945224985756,42.84748515014244,42.1992973372836,-0.1378159472071374,0.011235007966462261
2014-11-03,0.359283,0.45909,-0.319359,-1.803218,-1.803219,0.986026,0.614765,-0.019396,-0.085495,-0.146499,0.601345,-1.0,41.90691,41.87108175,0.4828039948763774,40.90547376024725,42.83668973975276,42.171450924208976,-0.14805852435675604,-0.01819675036459354
2014-11-04,-0.458533,0.0,-0.637959,0.119764,0.119765,0.645928,0.538268,-0.096596,-0.184072,-0.283142,0.306791,0.0,41.9571,41.8798687,0.4826843453923303,40.914500009215345,42.84523739078466,42.151036550474785,-0.15039229819926447,0.001196937899632857
2014-11-05,-0.33663,0.15842,-0.574259,0.677831,0.677828,-0.10693,-4e-06,-0.590719,-0.8977,-0.888968,-0.519136,1.0,42.241497,41.86229515,0.4612789537886119,40.93973724242278,42.78485305757722,42.15965183138195,-0.12781994097387894,0.006755411412641504
2014-11-06,0.397141,0.615562,-0.357429,-0.277226,-0.277232,0.135032,0.260127,-0.143418,-0.557884,-0.528174,-0.365504,0.0,42.12439,41.889384850000006,0.45989542575184594,40.969593998496315,42.8091757015037,42.15629356172652,-0.11802027715373242,-0.0027761712554081096
2014-11-07,-0.239567,0.0,-0.53903,-0.536142,-0.536131,0.30345,0.686756,0.447739,0.060309,0.022351,0.008246,-1.0,41.898548,41.9238165,0.43123239343136627,41.06135171313727,42.78628128686273,42.13174636537161,-0.12701340348091605,-0.005375735465830171
2014-11-10,-0.198529,0.158829,-0.575734,0.558992,0.558969,-0.146896,0.148915,0.001337,-0.453205,-0.526221,-0.592591,1.0,42.132748,41.94180035,0.43211389546664836,41.0775725590667,42.8060281409333,42.13184175914574,-0.11392923289986356,0.005574128153400678
2014-11-11,-0.059322,0.118649,-0.336164,0.397064,0.397071,-0.379667,-0.27486,-0.311115,-0.774834,-0.870592,-0.972936,0.0,42.300045,41.9722897,0.43493493890910473,41.10241982218179,42.84215957781821,42.14786111541758,-0.0890341336366518,0.003962849338369817
2014-11-12,-0.517726,0.11947,-0.557551,-0.692108,-0.692101,0.203101,0.326562,0.439396,0.023427,-0.235505,-0.246463,-1.0,42.007286,42.01712725,0.3847483853688592,41.247630479262284,42.78662402073772,42.13447300918733,-0.09186878653713393,-0.006945070452863388
2014-11-13,-0.039882,0.239278,-0.27917,-0.139385,-0.139395,0.259225,0.406786,0.539718,0.270854,-0.061332,-0.049826,0.0,41.94873,42.0623499,0.31034224692111756,41.44166540615777,42.683034393842235,42.11678319878853,-0.09771386460403875,-0.0013949211095219884
2014-11-14,-0.716133,0.079572,-0.736021,0.239278,0.239285,0.091503,0.017905,0.247996,0.088936,-0.220069,-0.26457,0.0,42.049107,42.086504000000005,0.2876494990125338,41.511205001974936,42.661802998025074,42.11033784652295,-0.09317251135612281,0.002389991251320748
2014-11-17,-0.799195,0.159844,-0.819181,-0.437639,-0.437634,0.403594,0.447551,0.660672,0.581416,0.227312,0.158731,0.0,41.865086,42.1084963,0.24859447840792334,41.61130734318415,42.605685256815846,42.086980527806475,-0.10323241395270344,-0.00438593969420003
2014-11-18,0.240292,0.480579,-0.020022,-0.21978,-0.219789,0.372453,0.624756,0.77961,0.80297,0.456016,0.378693,0.0,41.773071,42.1084963,0.24859447840792334,41.61130734318415,42.605685256815846,42.0570843823011,-0.11727789417562917,-0.002200312403422516
2014-11-19,-0.020109,0.040201,-0.402093,-0.400475,-0.400464,0.583022,0.876548,1.057491,1.202242,0.907537,0.703199,0.0,41.605785,42.10598735,0.25360478486329413,41.59877778027341,42.61319691972659,42.01410348874862,-0.14029043971581956,-0.004012677373841996
2014-11-20,-0.081419,0.223898,-0.284956,-1.226379,-1.226392,1.416655,1.878693,2.133123,2.324451,2.165414,1.914043,-1.0,41.095535,42.050780450000005,0.3382052682258063,41.37436991354839,42.72719098645162,41.92662077553447,-0.19742516411663047,-0.01233974196779925
2014-11-21,0.222224,0.42424,-0.242422,0.753102,0.753118,0.347467,0.997969,1.164975,1.442416,1.386186,1.167955,1.0,41.405033,42.002265699999995,0.358201523937914,41.285862652124166,42.718668747875824,41.876945749293085,-0.2152496785147946,0.0075029653594133145
2014-11-24,0.040431,0.242569,-0.505357,-0.060604,-0.060613,0.173843,0.877298,1.141432,1.424095,1.443297,1.197645,0.0,41.379936,41.96922565,0.3840120351578804,41.20120157968424,42.73724972031576,41.829611487455644,-0.2287638059946815,-0.0006063178152268759
2014-11-25,-0.240383,0.340549,-0.340541,0.909636,0.909639,-0.737175,-0.162257,0.197652,0.430692,0.527245,0.290685,1.0,41.756344,41.93618525,0.37167379876042633,41.19283765247915,42.67953284752085,41.822633631507486,-0.20671795366701673,0.009055266173810916
2014-11-26,-0.019972,0.139776,-0.259587,0.320521,0.320514,-0.918529,-0.509185,-0.178381,0.048924,0.228435,0.032305,0.0,41.890179,41.91067315,0.35528129993214075,41.20011055013572,42.62123574986428,41.82906652374487,-0.17641350579015835,0.0032000161968958355
2014-11-28,0.361809,0.542714,-0.140704,-0.65895,-0.658952,-0.012054,0.070358,0.402016,0.642218,0.836991,0.741489,-1.0,41.614143,41.88139665,0.3543369038419751,41.17272284231605,42.59007045768395,41.80859761672155,-0.17268026023661065,-0.006611322595994203
2014-12-01,0.856093,0.856093,-0.163068,-1.386933,-1.386932,1.214841,1.231149,1.674143,1.857933,2.124749,2.115383,-1.0,41.036983,41.7994228,0.35034213557147353,41.098738528857055,42.50010707114295,41.735110510367115,-0.21382874009936614,-0.01396640093499454
2014-12-02,-0.040233,0.120702,-0.382215,1.324904,1.324898,-0.012061,-0.160921,0.256165,0.486838,0.745136,0.792611,1.0,41.580681,41.78311135,0.3526609998926367,41.07778935021472,42.488433349785275,41.72040293795119,-0.20025886261178982,0.013161975847096332
2014-12-03,0.281866,0.382531,-0.161059,-0.080469,-0.080458,-0.032213,-0.134886,0.216097,0.518426,0.742506,0.855652,0.0,41.547226,41.762617649999996,0.35392504776563605,41.054767554468725,42.470467745531266,41.703909896241555,-0.19001381486383906,-0.0008049042256339922
2014-12-04,0.040504,0.263258,-0.324018,-0.583847,-0.583849,0.27136,0.378694,0.691237,0.995342,1.228029,1.419604,-1.0,41.304653,41.71577545,0.34917332478288343,41.01742880043424,42.414122099565766,41.665885429932835,-0.19917222115973487,-0.005855599077296556
2014-12-05,0.079866,0.539129,-0.079874,1.41758,1.417579,-0.998407,-0.834667,-0.725507,-0.444291,-0.216454,-0.022631,1.0,41.890179,41.7040649,0.3385127077000213,41.02703948459995,42.381090315400044,41.68724672232018,-0.15736921502506362,0.01407625098682292
2014-12-08,0.381369,0.662389,-0.080291,-0.519173,-0.519167,-0.176642,-0.252915,-0.267634,0.048169,0.207946,0.442925,-1.0,41.672699,41.69277244999999,0.33543655507811354,41.02189933984376,42.36364556015622,41.685861224956355,-0.14017302258308462,-0.005205193890860486
2014-12-09,-0.081568,0.346652,-0.4894,-1.565634,-1.565627,1.137836,1.245908,1.181336,1.503862,1.715323,1.957574,-1.0,41.02026,41.63714804999999,0.35053710671293864,40.93607383657412,42.33822226342587,41.622470632103365,-0.17714922482844742,-0.015780123159484565
2014-12-10,0.801478,0.842581,-0.164402,-0.77488,-0.774885,1.512535,1.777635,1.796133,2.100284,2.38635,2.613368,-1.0,40.7024,41.557265799999996,0.37285153485489075,40.81156273029021,42.30296886970978,41.53484485761733,-0.22945674254400217,-0.007779032226703575
2014-12-11,0.207129,0.579954,-0.269256,-0.780931,-0.780934,1.855846,2.205882,2.395748,2.702984,3.008286,3.254628,-1.0,40.384541,41.47612855,0.44024199584494283,40.59564455831011,42.356612541689884,41.425292109272824,-0.29317979781922077,-0.007839995545340855
2014-12-12,1.371883,1.709578,-0.105528,-1.864122,-1.864119,2.650907,3.647103,4.094549,4.361539,4.713375,4.999995,-1.0,39.631725,41.360278300000004,0.589044453662242,40.18218939267552,42.53836720732449,41.25447619410399,-0.39981788616511693,-0.018817129338001958
2014-12-15,1.054675,1.614292,-0.817901,-1.941752,-1.941763,3.237206,5.139915,5.719625,6.01809,6.474396,6.752056,-1.0,38.862171,41.2009315,0.7897608248997361,39.62140985020053,42.78045314979948,41.026637604189325,-0.5401988398701292,-0.019608624281201695
2014-12-16,-0.810064,1.342999,-1.215093,0.968577,0.96859,1.33873,3.534424,4.341641,4.666377,5.157957,5.50131,1.0,39.238586,41.0696065,0.8860169476631523,39.2975726046737,42.8416403953263,40.85634697521891,-0.6140003980165645,0.009639289784961513
2014-12-17,-0.406859,0.364021,-0.856535,-0.447664,-0.447659,0.955023,3.364017,4.351166,4.790139,5.299346,5.728753,0.0,39.062931,40.9340995,0.9754927477660931,38.983114004467815,42.88508499553219,40.68554545376949,-0.6788373407464903,-0.004486638353636149
2014-12-18,-1.316914,0.021236,-1.359395,0.813707,0.813692,-0.369581,2.04121,3.084113,3.661853,4.182669,4.633249,1.0,39.380783,40.8228494,1.0206869451811855,38.78147550963763,42.864223290362375,40.5612823629343,-0.6965437620790951,0.008103995166997243
2014-12-19,-0.210353,0.357589,-0.652085,0.977058,0.977058,-1.266298,0.519568,1.776753,2.49159,2.954989,3.423086,1.0,39.765556,40.75635045,1.0450208925490703,38.66630866490186,42.846392235098136,40.4854988997977,-0.6717843513045949,0.009723154253703788
2014-12-22,0.167438,0.209297,-0.376729,0.504834,0.504849,-1.209715,-0.412311,1.086919,1.796769,2.229377,2.742423,0.0,39.966312,40.684414399999994,1.0475329525636865,38.589348494872624,42.779480305127365,40.436052528388394,-0.628715566779789,0.005035788807814373
2014-12-23,-0.105195,0.168319,-0.315586,-0.523231,-0.523233,-0.429204,-0.206189,1.312851,2.128124,2.555012,3.083661,-1.0,39.757195,40.60327735,1.0536528328040773,38.49597168439185,42.71058301560815,40.371399430446644,-0.6044890653226958,-0.005246068254278835
2014-12-24,-0.062878,0.272482,-0.607841,0.378708,0.378714,-0.381479,-0.781815,0.656737,1.511203,1.981126,2.494924,0.0,39.907761,40.510848200000005,1.0279468265949512,38.4549545468101,42.56674185318991,40.32724338945172,-0.5666084608725797,0.0037799852491600806
2014-12-26,-0.291543,0.229073,-0.520616,0.649761,0.649758,-0.633074,-1.476475,-0.181876,0.64139,1.179499,1.68054,1.0,40.167065,40.4246925,0.9772139836707104,38.470264532658575,42.37912046734142,40.31198830474203,-0.5097876287720879,0.00647656496672767
2014-12-29,-0.271005,0.270996,-0.312698,-0.104121,-0.104135,-0.350211,-1.250777,-0.37106,0.56077,1.188245,1.635052,0.0,40.125237,40.3502472,0.9377474488435297,38.474752302312936,42.22574209768706,40.29420246619517,-0.46279704375008635,-0.0010418932510824438
2014-12-30,-0.189876,0.168772,-0.443044,-1.188241,-1.18824,0.687768,0.135024,0.48664,1.594937,2.227847,2.655414,-1.0,39.648453,40.2808207,0.9356265432584568,38.409567613483084,42.152073786516915,40.23270251703373,-0.4587410692314151,-0.011953557048537244
2014-12-31,0.550502,0.677533,-0.105865,-0.358654,-0.358655,0.923149,0.563208,0.592849,1.698079,2.406102,2.825892,0.0,39.506252,40.177099250000005,0.8981765337043909,38.380746182591224,41.973452317408785,40.163516753506705,-0.46167916248054297,-0.0035929930628834546
2015-01-02,0.488632,0.552373,-0.467393,-0.338768,-0.338769,0.994269,0.983648,0.709588,1.767587,2.512009,2.972175,0.0,39.372417,40.068358800000006,0.8541378272646519,38.3600831454707,41.77663445452931,40.088173919839406,-0.4693960826901815,-0.0033934428693487527
2015-01-05,0.587075,0.761031,-0.41314,-2.294451,-2.294451,2.483148,3.118072,2.742628,3.78887,4.563602,5.118506,-1.0,38.469036,39.92657795,0.8732531740094908,38.18007160198102,41.673084298018985,39.93397030842613,-0.5421574408864558,-0.023211837030921185
2015-01-06,0.264782,0.794351,-0.684029,-1.456843,-1.456839,2.828773,4.152696,3.958521,4.798107,5.718449,6.392324,-1.0,37.908604,39.7274992,0.8557143466356089,38.01607050672878,41.43892789327121,39.74107827905222,-0.6376925968420935,-0.01467555316985775
2015-01-07,-0.459818,0.109488,-0.963429,0.772282,0.772294,1.283111,2.892485,3.046489,3.540613,4.611337,5.297417,1.0,38.20137,39.55393275,0.7899185714057783,37.974095607188445,41.13376989281156,39.59443939533296,-0.681920373196597,0.007693274050537456
2015-01-08,-0.414664,0.414662,-0.414664,0.328448,0.328441,0.336094,2.182451,2.550558,2.850281,3.929286,4.687178,0.0,38.326839,39.41926170000001,0.7556235930331429,37.90801451393372,40.93050888606629,39.473715548158395,-0.6987916695062992,0.0032790291073069686
2015-01-09,-0.131641,0.30715,-0.526551,-0.523784,-0.5238,0.210626,2.253189,2.926731,3.05398,4.117605,4.921026,-1.0,38.126083,39.290445850000005,0.7448903155428421,37.80066521891432,40.78022648108569,39.34536959119093,-0.7200612074183823,-0.005251766869594507
2015-01-12,0.197282,0.306881,-0.548005,0.087751,0.087759,-0.039451,1.637444,2.623126,2.672081,3.696632,4.503148,0.0,38.159542,39.1791959,0.7390156452582326,37.70116460948354,40.657227190516465,39.23243363012513,-0.7258504555555589,0.0008772033301298882
2015-01-13,0.568808,0.765701,-0.568799,0.197282,0.197295,-0.065638,0.942893,2.154155,2.287239,3.110036,4.002764,0.0,38.234829,39.109351100000005,0.7597166607749106,37.589917778450186,40.628784421549824,39.137423665351314,-0.7161085906424631,0.0019710097324684077
2015-01-14,-0.508408,0.28735,-0.862078,-1.028215,-1.028212,0.782479,1.51413,2.841128,3.21506,3.776289,4.801781,-1.0,37.841694,39.05832725,0.8098085070749672,37.43871023585007,40.67794426414993,39.01402084007976,-0.7316764903186055,-0.010335343520586569
2015-01-15,-0.375603,0.353513,-0.662835,0.0442,0.044173,0.490516,1.034043,2.461354,2.987205,3.396396,4.427771,0.0,37.85841,38.98931845,0.851378771691023,37.28656090661795,40.69207599338205,38.90396266483407,-0.7342018990071182,0.00044163744535141643
2015-01-16,-0.751547,0.0,-1.149427,-0.04418,-0.044154,0.384602,0.674167,2.14263,2.871337,3.139684,4.147494,0.0,37.841694,38.9282566,0.8887934614452352,37.150669677109526,40.70584352289047,38.80279422056415,-0.7291469924353464,-0.0004416374453513702
2015-01-20,-0.088186,0.30864,-0.551146,0.26525,0.265242,0.004408,0.268955,1.481475,2.409607,2.609342,3.576568,0.0,37.942066,38.856320749999995,0.908249297783942,37.03982215443211,40.67281934556788,38.72082010431995,-0.7088703449225946,0.00264890680246195
2015-01-21,-0.786705,0.087415,-1.005243,0.881828,0.881818,-0.84789,-0.511353,0.272446,1.319941,1.570815,2.356509,1.0,38.276646,38.78187525,0.8906499808128221,37.00057528837436,40.56317521162564,38.67851780867043,-0.658215645647104,0.00877952776528459
2015-01-22,-1.003418,0.17079,-1.003418,2.360144,2.360157,-2.450903,-2.555514,-2.119278,-1.116573,-0.73869,-0.215633,1.0,39.180035,38.7425614,0.8521372379539797,37.03828692409204,40.44683587590796,38.72628135070182,-0.5389626630734625,0.023327360637657953
2015-01-23,-0.234894,0.405719,-0.29896,-0.021345,-0.021353,-1.759555,-2.319029,-2.155316,-1.170192,-0.724324,-0.351629,0.0,39.171669,38.7132851,0.8250719116711175,37.06314127665777,40.363428923342234,38.76869922206355,-0.4400561876887181,-0.00021354991926626193
2015-01-26,-0.549571,0.14796,-0.908899,1.024982,1.024988,-1.881214,-2.944414,-3.114217,-2.215183,-1.679989,-1.457767,1.0,39.573174,38.69655575,0.8026655707466225,37.09122460850676,40.30188689149325,38.845315867581306,-0.3255215851771496,0.01019770855288761
2015-01-27,-0.106457,0.319349,-0.830315,-0.718664,-0.718664,-0.485421,-1.954443,-2.273798,-1.619126,-0.977652,-0.837421,-1.0,39.288776,38.6526413,0.7395206891015941,37.173599921796814,40.131682678203184,38.8875501659069,-0.2547638699879968,-0.007212584342558127
2015-01-28,0.924535,0.924535,-0.150503,-0.979355,-0.979364,0.82134,-0.812719,-1.136664,-0.803045,-0.086854,0.080994,-1.0,38.903996,38.59157925,0.6573870026226406,37.27680524475472,39.906353255245286,38.889116435820526,-0.22711832253225595,-0.009841909835685293
2015-01-29,-0.364186,0.064265,-0.921165,0.365517,0.365525,0.385602,-0.865471,-1.352474,-1.241436,-0.544991,-0.267784,0.0,39.0462,38.5614666,0.6191062412958305,37.32325411740834,39.799679082591666,38.90407677526619,-0.19152655375602023,0.003648590126805927
2015-01-30,0.874886,0.94051,0.0,-2.056553,-2.056561,2.007877,1.316715,0.704289,0.667106,1.384954,1.739576,-1.0,38.243191,38.49831355,0.5809009324558729,37.336511685088254,39.66011541491174,38.84113527285989,-0.22551632404522337,-0.020780029056652095
2015-02-02,-0.802775,0.151877,-0.846168,0.809272,0.809268,0.659585,0.687792,-0.030367,-0.247335,0.430469,0.878723,1.0,38.552681,38.45732675,0.5437091228950557,37.36990850420989,39.54474499579011,38.813663437349426,-0.22488783838526416,0.00806011228078109
2015-02-03,-1.216647,0.0,-1.237989,1.648943,1.648962,-1.024554,-0.627541,-1.477059,-1.773752,-1.29862,-0.774108,1.0,39.1884,38.49329495,0.5677856043748969,37.357723741250204,39.628866158749794,38.849352633792336,-0.17111998394072714,0.01635514100136725
2015-02-04,-0.192719,0.492503,-0.385441,-0.320164,-0.320169,-0.625274,-0.107073,-1.019279,-1.3105,-1.090373,-0.515354,0.0,39.062931,38.5510113,0.5638788382115345,37.42325362357693,39.678768976423065,38.86969343057402,-0.13705300984383229,-0.0032068236008398706
2015-02-05,-0.594857,0.106223,-0.743571,0.792289,0.792275,-1.240699,-0.843417,-1.538127,-1.937532,-1.895893,-1.347631,1.0,39.372417,38.60956365,0.5860266866111824,37.43751027677764,39.78161702322236,38.917571865757445,-0.08411216108023467,0.007891533958272459
2015-02-06,0.91333,1.062022,-0.169928,0.021249,0.021248,-0.683939,-0.811381,-1.301326,-1.82455,-1.929478,-1.400449,0.0,39.380783,38.662260849999996,0.6063013160627467,37.4496582178745,39.87486348212549,38.961687211875784,-0.041008371751715345,0.00021246120872467494
2015-02-09,-0.366612,0.301917,-0.388182,-1.508078,-1.508073,0.957521,0.504641,0.372373,-0.236138,-0.488241,0.012944,-1.0,38.786892,38.6953013,0.5934128429474484,37.5084756141051,39.88212698589489,38.94504004883999,-0.05414618499288082,-0.015195601704183305
2015-02-10,0.56993,0.679529,-0.416482,-1.617425,-1.617428,2.078041,1.861032,2.060507,1.403998,1.115308,1.481814,-1.0,38.159542,38.6953013,0.5934128429474484,37.5084756141051,39.88212698589489,38.87023071085523,-0.11386730721895333,-0.016306510086940434
2015-02-11,-0.484362,0.0,-0.814617,-0.438406,-0.438404,1.963894,2.069579,2.460011,1.81859,1.569361,1.741531,0.0,37.992249,38.6831723,0.6056724312683833,37.47182743746323,39.89451716253677,38.7866134050595,-0.1727050376556818,-0.004393679174909933
2015-02-12,-0.671862,0.0,-0.780234,1.585207,1.585218,-0.030351,0.359767,0.76,0.327259,0.025135,0.062846,1.0,38.594509,38.720813050000004,0.5731437642813415,37.57452552143732,39.867100578562685,38.768317747434786,-0.16879129326672881,0.01572784722901713
2015-02-13,-0.260141,0.151745,-0.476915,-0.021669,-0.021677,-0.420555,0.470406,0.680683,0.443311,0.073703,0.005056,0.0,38.586143,38.7571997,0.5375039266397695,37.682191846720464,39.83220755327954,38.75096777148862,-0.1644687950330308,-0.00021679008445717258
2015-02-17,-0.172931,0.25941,-0.626885,0.281806,0.281806,-0.747944,0.22482,0.246437,0.271297,-0.14872,-0.334338,0.0,38.694881,38.799859049999995,0.4930376030657099,37.81378384386858,39.78593425613141,38.74562617420399,-0.15053367767006876,0.002814095003689282
2015-02-18,0.042856,0.278554,-0.214266,0.886295,0.88629,-1.16991,-0.69423,-0.677088,-0.469244,-0.935924,-1.161337,1.0,39.03783,38.854647250000006,0.45186291598048867,37.95092141803903,39.75837308196098,38.77345510999409,-0.11054261218433226,0.008823858598686164
2015-02-19,0.410809,0.691892,-0.086489,-0.899931,-0.899914,0.086475,0.110255,0.187374,0.487555,0.010366,-0.196769,-1.0,38.686523,38.8751411,0.43317689121732267,38.00878731756536,39.741494882434644,38.765175861423224,-0.10597532598115578,-0.00903987949260809
2015-02-20,-0.599824,0.278494,-0.921165,0.92973,0.929722,-0.604117,-0.895464,-0.73551,-0.455232,-0.787494,-1.043992,1.0,39.0462,38.868449350000006,0.42923477990122194,38.00997979019756,39.72691890980245,38.7919400650972,-0.07249708948600642,0.009254263920052755
2015-02-23,-0.716202,0.067142,-1.141455,-4.28449,-4.284504,3.19607,3.003589,3.55268,3.760081,3.601622,3.300517,-1.0,37.373264,38.7785291,0.5371724939448548,37.70418411211029,39.85287408788971,38.65682805889747,-0.17889510830620736,-0.04378997793952803
2015-02-24,-1.021312,0.11101,-1.021312,0.805732,0.805734,1.829489,1.884995,2.569572,2.678735,2.755778,2.434878,1.0,37.674393,38.68359005,0.5567726089138182,37.570044832172364,39.797135267827635,38.56326281519294,-0.23619500215900047,0.008025050431440571
2015-02-25,0.0,0.067007,-0.580751,-0.599469,-0.599468,1.594824,2.309587,2.87842,3.052272,3.322767,2.98936,-1.0,37.448547,38.591578600000005,0.6017377547942429,37.38810309041152,39.79505410958849,38.457099404222184,-0.2964126055803149,-0.006012722090319511
2015-02-26,-0.579706,0.044595,-0.624299,0.178687,0.178693,0.789298,2.000003,2.41992,2.683392,3.057306,2.741736,0.0,37.515465,38.52215205,0.642515333289734,37.237121383420536,39.80718271657947,38.3674199371534,-0.3348755301345534,0.001785337150169986
2015-02-27,0.179296,0.358584,-0.067232,-0.512818,-0.512821,0.385476,2.185121,2.581804,2.981849,3.389515,3.225015,-1.0,37.323078,38.43599595,0.6828110615172623,37.07037382696547,39.801618073034525,38.26795880028165,-0.37654116583790653,-0.00514139950041854
2015-03-02,-0.601741,0.0,-0.713171,0.560287,0.560291,-0.089151,1.334965,1.681893,2.313348,2.638733,2.620905,1.0,37.532196,38.4004462,0.7112921109631798,36.97786197807364,39.823030421926354,38.19788615263578,-0.38821233721988335,0.00558727616210927
2015-03-03,0.133894,0.334742,-0.357061,-0.133715,-0.133715,-0.05803,1.147059,1.585948,2.307514,2.552995,2.72632,0.0,37.48201,38.34691265,0.7389831447005305,36.86894636059894,39.82487893940106,38.12970747143237,-0.3969357867388652,-0.0013380400903674765
2015-03-04,0.068563,0.114266,-0.548442,-2.343234,-0.11414,0.051196,0.835654,1.573767,2.19082,2.472578,2.798937,0.0,37.439228,38.25945405,0.7376576015096685,36.78413884698067,39.73476925301934,38.06394752177214,-0.4026597225530111,-0.0011420527954968819
2015-03-05,-0.160587,0.206469,-0.298236,-0.388478,-0.388478,0.322505,0.855455,1.84504,2.352166,2.699507,3.111996,0.0,37.293785,38.17099675,0.7422967072651174,36.68640333546976,39.65559016453024,37.990598710174794,-0.41415786346092176,-0.0038923409558128145
2015-03-06,0.887638,1.027795,-0.140157,-1.789399,-1.789392,1.769981,2.032381,3.34243,3.842156,4.306425,4.758293,-1.0,36.626453,38.03369855,0.7620703274220479,36.5095578951559,39.55783920484409,37.86068007111053,-0.4716810922239816,-0.01805595187761763
2015-03-09,0.349236,0.44237,-0.232836,0.327026,0.327015,1.010481,1.529167,2.67178,3.145204,3.803487,4.196817,0.0,36.746227,37.901970750000004,0.7444593483503068,36.41305205329939,39.39088944670062,37.75454168338572,-0.501819244762288,0.003264814816342858
2015-03-10,1.180638,1.204257,-0.188897,-1.39698,-1.396976,1.752071,2.569756,3.673407,4.25409,5.018044,5.365746,-1.0,36.232891,37.7742707,0.8015370183307369,36.17119666333853,39.37734473666148,37.60962257068231,-0.5606628999445746,-0.014068256248742517
2015-03-11,0.047565,0.332937,-0.332935,-0.70838,-0.708395,1.6647,2.892289,3.845724,4.69445,5.41015,5.810556,-1.0,35.976219,37.66510455,0.8900911017385625,35.88492234652288,39.44528675347713,37.45406032585542,-0.6208514172532702,-0.007109160631380878
2015-03-12,0.190608,0.262094,-0.667148,-0.190245,-0.190234,1.086489,2.640672,3.527747,4.603741,5.259585,5.734088,0.0,35.90778,37.5608811,0.9683653277222674,35.62415044455547,39.49761175544454,37.30679553291681,-0.6663919545492192,-0.0019041517342073507
2015-03-13,-0.216607,0.144409,-0.842354,-1.00072,-1.000711,1.501798,3.178976,3.918273,5.232665,5.893294,6.474896,-1.0,35.548447,37.408578000000006,1.0345219194989284,35.33953416100215,39.47762183899786,37.13933376787711,-0.7231423931195664,-0.010057514763004032
2015-03-16,-0.383234,0.239516,-0.550898,0.48135,0.48136,0.440702,2.177231,3.111803,4.327281,4.976012,5.72932,0.0,35.719563,37.265249,1.0610254407568418,35.14319811848631,39.387299881513684,37.00411750426977,-0.7457137692858424,0.004802051546647536
2015-03-17,-0.544379,0.213018,-0.639053,1.197605,1.197573,-0.795254,0.598831,1.60994,2.740287,3.441635,4.256308,1.0,36.147331,37.1378715,1.0329089525756405,35.072053594848725,39.20368940515128,36.92251878957741,-0.7207757902789567,0.01190459272955899
2015-03-18,-1.856577,0.324901,-2.019028,1.988166,1.988169,-2.246451,-1.517743,-0.4762,0.442899,1.284781,2.013938,1.0,36.866001,37.02928005,0.9318726587020915,35.165534732595816,38.89302536740418,36.917136142950994,-0.635693717948449,0.019686629578778255
2015-03-19,0.446319,0.493303,-0.32887,-1.206777,-1.206751,-0.770508,-0.554395,0.539161,1.358799,2.349415,3.018246,-1.0,36.42112,36.9160099,0.8542817328383575,35.20744643432328,38.62457336567672,36.869896510288996,-0.5972786844365316,-0.012140918038744763
2015-03-20,-0.688712,0.367309,-1.010106,2.325584,2.325585,-2.102859,-2.642348,-1.755653,-1.183365,-0.119072,0.488707,1.0,37.268124,36.827106099999995,0.6994112210452872,35.42828365790942,38.22592854209057,36.90782293788052,-0.4928075706088322,0.022989550673403296
2015-03-23,0.023147,0.138859,-0.532282,-0.803494,-0.803502,-0.634115,-1.79357,-1.061486,-0.437661,0.514964,1.085184,-1.0,36.968674,36.8068766,0.6885497127460312,35.42977717450794,38.183976025492065,36.91361827712999,-0.4292286914491328,-0.008067471447720747
2015-03-24,0.255697,0.418412,-0.09298,-0.439711,-0.439724,0.162725,-1.204084,-0.746933,-0.115881,0.753637,1.352254,0.0,36.806114,36.76346265,0.6576526794004042,35.448157291199195,38.07876800880081,36.90337977454618,-0.3874924335154759,-0.00440693270688856
2015-03-25,0.6938,0.832553,-0.092509,0.511395,0.511418,-0.277532,-1.431562,-1.332119,-0.685495,0.020036,0.73157,0.0,36.994347,36.74075265,0.6403652749629106,35.46002210007418,38.02148319992582,36.9120433198275,-0.3353614800516098,0.005101144508514245
2015-03-26,0.115926,0.208671,-0.741943,-0.254396,-0.254409,0.236497,-0.9112,-1.151561,-0.51555,0.08151,0.889847,0.0,36.90023,36.7099909,0.6154850084474465,35.47902088310511,37.940960916894895,36.91091824174869,-0.2982042660266231,-0.0025473330984226573
2015-03-27,-0.046385,0.20872,-0.556582,-0.02319,-0.023198,0.055668,-0.524109,-1.080698,-0.550936,-0.128874,0.759398,0.0,36.89167,36.6884205,0.6002385480577384,35.48794340388452,37.88889759611548,36.90908507586786,-0.26637699844549445,-0.00023200378465388044
2015-03-30,-0.115768,0.370454,-0.231533,0.162338,0.162332,-0.115755,-0.351921,-1.20397,-0.79068,-0.336384,0.448645,0.0,36.951557,36.65938855,0.5705891054419023,35.518210339116195,37.80056676088381,36.9131300210233,-0.23362815919023916,0.0016220042260536294
2015-03-31,-0.187842,0.516556,-0.211317,-1.389208,-1.389184,1.089447,1.131709,0.225391,0.46371,0.931932,1.657283,-1.0,36.438232,36.60719965,0.5382035010190743,35.53079264796185,37.683606652038144,36.8679016380687,-0.24625681038124725,-0.01398923142803544
2015-04-01,-0.069895,0.186398,-0.512575,0.774825,0.774807,0.1631,0.31455,-0.410056,-0.406562,0.076616,0.665339,1.0,36.720558,36.57126615,0.5025383867789135,35.566189376442175,37.576342923557824,36.85386891063359,-0.23082297515618677,0.007718208612510786
2015-04-02,-0.162225,0.185395,-0.254927,0.53589,0.535899,-0.36154,-0.085754,-0.758602,-0.988421,-0.521641,-0.030992,0.0,36.917343,36.552444050000005,0.4806247054381778,35.59119463912365,37.51369346087636,36.85991406200181,-0.2004025290379019,0.005344678915815159
2015-04-06,-0.689336,0.620407,-0.804233,0.857469,0.85747,-1.02482,-0.944397,-1.300555,-1.748626,-1.376966,-1.043153,1.0,37.233898,36.582816300000005,0.504164485062183,35.57448732987564,37.59114527012437,36.895531579906404,-0.1490328059647439,0.008538142283173905
2015-04-07,0.160954,0.551846,-0.068988,-0.068929,-0.068929,-0.818583,-0.811688,-0.965747,-1.618772,-1.343766,-0.98968,0.0,37.208233,36.6059166,0.5223038663120008,35.561308867376,37.650524332624,36.92531266753437,-0.1091348428052612,-0.0006895289178884889
2015-04-08,0.708252,0.845326,-0.594019,0.643822,0.643812,-0.913861,-1.274839,-1.367749,-2.085898,-1.978519,-1.643214,1.0,37.447784,36.66666125,0.5467136081494275,35.57323403370114,37.76008846629885,36.9750718420549,-0.057522571466009254,0.006417481986481115
2015-04-09,-0.291875,0.202066,-0.42659,1.759198,1.759196,-1.899409,-2.689713,-2.855853,-3.499097,-3.603049,-3.28603,1.0,38.106564,36.7731785,0.6090851878583515,35.5550081242833,37.9913488757167,37.082832999954434,0.03612217185068545,0.017439014775287035
2015-04-10,0.0,0.24614,-0.313269,0.336771,0.336766,-1.539482,-2.667251,-2.865653,-3.51867,-3.828136,-3.547917,0.0,38.234894,36.8895342,0.6555686649968071,35.57839687000639,38.20067152999361,37.192553095196864,0.11931606280420226,0.0033620034051970653
2015-04-13,0.088361,0.309256,-0.441794,1.297832,1.297849,-2.027839,-3.439369,-3.858336,-4.34394,-4.842947,-4.662499,1.0,38.731125,37.0486681,0.6978201038740228,35.653027892251956,38.444308307748045,37.33908375279716,0.22272211340535364,0.01289498619166373
2015-04-14,-0.306746,0.109553,-0.525848,0.817316,0.817304,-1.879926,-3.685355,-4.282784,-4.693243,-5.378607,-5.30601,1.0,39.047676,37.21507375,0.7583847260156105,35.69830429796878,38.73184320203122,37.501806823959335,0.32645203779764387,0.008139820715406417
2015-04-15,-0.784485,0.065372,-0.893439,0.547765,0.547777,-1.490527,-3.490959,-4.387304,-4.815865,-5.585533,-5.670809,0.0,39.26157,37.3707857,0.8426446011797929,35.685496497640415,39.05607490235958,37.66940331691559,0.4210644396685552,0.005462816789859304
2015-04-16,0.02201,0.198107,-0.484264,-1.002395,-1.002382,-0.101271,-1.961274,-3.097822,-3.594555,-4.331954,-4.593163,-1.0,38.868019,37.4708866,0.8967028702186762,35.67748085956265,39.26429234043735,37.78355719149506,0.4589981284315954,-0.010074399049181528
2015-04-17,0.0,0.289793,-0.24521,-1.254675,-1.254695,1.243873,-0.334372,-1.609451,-2.114354,-2.85867,-3.28652,-1.0,38.380344,37.5688478,0.8828965375858303,35.80305472482834,39.33464087517166,37.8403940304003,0.4445846580501396,-0.012626325270125577
2015-04-20,0.087895,0.571307,-0.109864,1.448946,1.448937,-0.096668,-1.320575,-2.664601,-3.298161,-3.898029,-4.470065,1.0,38.936451,37.65226415,0.93051648322053,35.79123118355894,39.51329711644106,37.94478040845741,0.47258737318660593,0.014385402033865532
2015-04-21,0.197371,0.723689,-0.065785,0.197759,0.197776,-0.311404,-1.052635,-2.504387,-3.226975,-3.750002,-4.464914,0.0,39.013458,37.75450335,0.9632142929610487,35.828074764077904,39.680931935922096,38.04655922669956,0.49528421982415693,0.0019758079525601505
2015-04-22,0.021921,0.087702,-0.767382,0.021936,0.021933,-0.456044,-0.670912,-2.084344,-2.964267,-3.476435,-4.247612,0.0,39.022015,37.8652984,0.9757449588776149,35.91380848224477,39.81678831775523,38.1394597765377,0.5081049945991722,0.00021931051880220325
2015-04-23,-0.67231,0.151809,-0.780744,1.096251,1.096253,-1.24052,-1.407511,-2.68489,-3.705277,-4.26112,-4.992416,1.0,39.449795,37.9880708,1.014113513861672,35.959843772276656,40.01629782772335,38.26425360734363,0.5464842911368635,0.010902876780999967
2015-04-24,0.062886,0.272482,-0.523999,3.469959,3.469952,-3.357784,-4.080902,-5.311252,-6.454619,-7.040868,-7.777541,1.0,40.818684,38.1839935,1.1607927770845965,35.86240794583081,40.50557905416919,38.507532692358524,0.6795249218585795,0.03411106693634898
2015-04-27,-0.383992,0.080841,-0.666932,3.709916,3.709906,-5.210176,-6.661268,-7.895437,-9.158237,-9.887622,-10.542297,1.0,42.333019,38.45606095,1.444868527606917,35.566323894786166,41.34579800521384,38.871864721657715,0.8968168129156666,0.036427454802537736
2015-04-28,-0.746417,0.040347,-1.069193,0.181892,0.181901,-3.780512,-6.037925,-7.244974,-8.679643,-9.538026,-10.17887,0.0,42.410023,38.72898425,1.6470994822306735,35.43478528553866,42.02318321446135,39.208832176737936,1.0629823821151945,0.0018173532452114127
2015-04-29,-0.059795,0.17939,-0.757419,1.210405,1.210421,-3.113424,-6.30856,-7.50383,-9.016354,-10.049839,-10.72687,1.0,42.923363,39.053240800000005,1.8033334397886425,35.44657392042272,42.65990767957729,39.56259701704861,1.222005521720341,0.012031543960840352
2015-04-30,0.060445,0.644771,-0.282085,-1.076335,-1.07636,-0.640735,-4.442869,-5.81368,-7.350384,-8.556107,-9.316264,-1.0,42.461353,39.34028055,1.8682133565593673,35.60385383688127,43.076707263118735,39.838669015424934,1.2958148131862615,-0.010821948719719256
2015-05-01,-0.203126,0.040626,-0.771891,-0.805966,-0.805956,0.784074,-2.778793,-4.433609,-5.980092,-7.317488,-8.12851,-1.0,42.119133,39.600370049999995,1.8752216061936537,35.849926837612685,43.350813262387305,40.05585606157494,1.311575884127521,-0.008092218044060503
2015-05-04,-0.061096,0.203672,-0.305493,-0.264071,-0.264056,0.896123,-1.790232,-3.660565,-5.162942,-6.584937,-7.509173,0.0,42.007915,39.8390709,1.861934282595707,36.115202334808586,43.56293946519142,40.24176643666304,1.3001054766412992,-0.002644050098935022
2015-05-05,1.261295,1.36641,-0.105108,-3.116086,-3.116091,3.300395,1.78263,-0.291506,-1.683842,-3.212115,-4.228862,-1.0,40.69891,40.01360475,1.7633395366283047,36.48692567674339,43.54028382325661,40.28530391888561,1.1718806220393816,-0.03165674214625953
2015-05-06,-0.165807,0.227981,-0.476684,1.429472,1.429471,1.048701,0.895332,-1.370643,-2.605187,-4.106948,-5.217275,1.0,41.280689,40.20525,1.6759203040624948,36.85340939187501,43.55709060812499,40.38010249803936,1.1044745094932722,0.014193501162346965
2015-05-07,-0.1868,0.124537,-1.120799,-0.145078,-0.145082,0.593611,1.471565,-0.846825,-2.085928,-3.530926,-4.737789,0.0,41.220798,40.3609617,1.6142034142537243,37.13255487149255,43.58936852850744,40.46016873632133,1.0342992189287301,-0.0014518771163624597
2015-05-08,-0.323363,0.202106,-0.788197,2.698215,2.698203,-1.948249,-0.836692,-2.829416,-4.174404,-5.553749,-6.812844,1.0,42.333019,40.56586795,1.5900432846292551,37.385781380741484,43.74595451925851,40.63853542810025,1.056255874823421,0.026624437756937958
2015-05-11,0.122229,0.590754,-0.122227,-0.788197,-0.788179,-1.173361,-0.128342,-1.57127,-3.024045,-4.349569,-5.667149,-1.0,41.999359,40.72927965,1.559201254975296,37.61087714004941,43.847682159950594,40.76813767304308,1.0348045268796682,-0.007913016303921968
2015-05-12,-0.082493,0.391829,-0.329965,-1.222241,-1.222238,0.428943,0.884707,0.043982,-1.530226,-2.753572,-4.135574,-1.0,41.486027,40.8511972,1.5155103440042281,37.82017651199155,43.882217888008455,40.83650808513421,0.9652557098083037,-0.012297684516436378
2015-05-13,-0.206952,0.165567,-0.662252,-0.350592,-0.350612,0.811268,0.856799,0.769878,-0.932316,-2.034759,-3.402998,0.0,41.340572,40.9551473,1.471396061872553,38.01235517625489,43.89793942374511,40.88451417226428,0.8881625829312085,-0.0035122811098194174
2015-05-14,-0.041085,0.123283,-0.636937,0.724334,0.724313,0.28768,-0.065716,0.395896,-1.311864,-2.399803,-3.703823,1.0,41.640007,41.0937467,1.3929116313339474,38.3079234373321,43.879569962667894,40.95646587014387,0.8415270267405432,0.007217021218456316
2015-05-15,-0.430246,0.0,-0.676093,0.287658,0.287678,-0.274532,-0.438428,0.25815,-1.190324,-2.342136,-3.593519,0.0,41.759796,41.2627193,1.243380072900817,38.77595915419837,43.74947944580163,41.03297350155874,0.8049549638932589,0.0028726466506373643
2015-05-18,0.082561,0.495352,-0.103197,-0.737554,-0.73754,0.202258,0.167174,0.861362,-0.152742,-1.35398,-2.538019,-1.0,41.451801,41.388486799999995,1.1164267367627219,39.15563332647455,43.62134027352544,41.07286183474363,0.7425589606494469,-0.007402727927910995
2015-05-19,-0.313473,0.167193,-0.438869,-1.238396,-1.238412,1.191226,1.481725,1.886465,1.334393,0.067726,-1.012177,-1.0,40.938457,41.48473675,0.9749021131745742,39.53493252365085,43.434540976349155,41.060061374291855,0.6442604742259661,-0.012461440355601976
2015-05-20,0.062746,0.543817,-0.104587,-0.083588,0.9715,0.215484,0.518739,0.650181,0.639321,-0.694323,-1.651032,1.0,41.336174,41.6004447,0.7863156709775564,40.02781335804488,43.17307604195511,41.08635781483549,0.5916307031052739,0.009668110160401523
2015-05-21,0.312765,0.458718,-0.041701,0.313738,0.31374,-0.181942,0.263459,0.175339,0.567662,-0.75431,-1.688582,0.0,41.465862,41.70124805,0.6042457855470996,40.4927564789058,42.9097396210942,41.12250107056545,0.5539998031890079,0.0031324859221239718
2015-05-22,0.166281,0.394924,-0.083145,0.312765,0.312768,-0.572139,-0.22645,-0.220916,0.347483,-0.754563,-1.725798,0.0,41.595554,41.74009155,0.5684337668071644,40.603224016385674,42.87695908361433,41.16755373051159,0.528549316893475,0.0031228002516851478
2015-05-26,0.822783,0.886072,-0.23207,-1.475783,-1.475776,0.68775,1.019718,1.106716,1.6857,0.931641,-0.070712,-1.0,40.981697,41.67252545,0.5745257894814917,40.52347387103702,42.821577028962984,41.149853089510486,0.45361747359192606,-0.014867734158193932
2015-05-27,-0.481069,0.794809,-0.648402,0.864977,0.864964,0.016736,0.117174,0.342456,0.683805,0.290868,-0.743109,1.0,41.336174,41.618833,0.5517002356700091,40.515432528659986,42.72223347134002,41.16759793812854,0.4180181265768397,0.008612447984384765
2015-05-28,0.041938,0.167752,-0.482281,-0.250998,-0.250996,0.21808,0.342867,0.587141,0.732103,0.757661,-0.334023,0.0,41.232422,41.53428595,0.4638307720821287,40.60662440583574,42.46194749416426,41.17377165830678,0.3770866481282482,-0.0025131117551230697
2015-05-29,1.242105,1.326318,-0.378947,-0.398404,-0.398405,0.425267,0.604991,0.964709,0.965409,1.318317,0.243215,0.0,41.06815,41.4646258,0.41980066674568156,40.625024466508634,42.304227133491366,41.16371245275376,0.3276162231542443,-0.003992006717882021
2015-06-01,0.126391,0.231727,-0.526648,-0.063156,-0.063146,0.219079,0.49372,0.818834,0.898009,1.404122,0.522745,0.0,41.042217,41.41078,0.4000316771743302,40.610716645651344,42.21084335434866,41.1521414572534,0.2830550956315392,-0.0006316620375663099
2015-06-02,-0.104644,0.39766,-0.272074,0.65304,0.653047,-0.27209,-0.19256,0.053501,0.15893,0.647168,0.062085,1.0,41.310242,41.37589635,0.3748460605149463,40.6262042289701,42.12558847102989,41.167198651800696,0.26629774391852123,0.006509239665944446
2015-06-03,-0.292284,0.709812,-0.313157,0.251157,0.251144,-0.484343,-0.327768,-0.208743,-0.005649,0.29883,0.004629,0.0,41.41399,41.41165035,0.3392914792818294,40.73306739143634,42.09023330856366,41.19070258972444,0.2584102262639476,0.002508286916322875
2015-06-04,0.46355,1.011378,-0.2107,-0.918587,-0.918571,0.341334,0.522536,0.666531,0.891274,1.044468,1.095167,-1.0,41.033573,41.39929455,0.34868125558031504,40.701932038839374,42.09665706116063,41.175737866893535,0.21893904603584957,-0.009228161168470125
2015-06-05,-0.784228,0.339127,-0.953794,-0.589968,-0.589985,0.801196,0.9538,1.125296,1.437427,1.480407,1.804791,-1.0,40.791481,41.3778287,0.37264025128982703,40.63254819742035,42.123109202579656,41.13914197480844,0.16620711798208276,-0.005917324696136509
2015-06-08,0.274437,0.443325,-0.168879,0.402711,0.402712,0.354663,0.39266,0.588806,0.862424,0.959749,1.407612,0.0,40.955753,41.3089654,0.30858511461903415,40.69179517076193,41.92613562923807,41.121676358160016,0.13610315021367825,0.004019028243037725
2015-06-09,0.042553,0.319153,-0.404253,-0.781083,-0.78107,0.812758,1.097863,1.246798,1.488662,1.619465,2.066694,-1.0,40.63586,41.24079045,0.2984822807720496,40.6438258884559,41.8377550115441,41.07540813357335,0.08544785751519868,-0.007841360829618218
2015-06-10,-0.378392,0.252258,-0.441453,1.212766,1.212756,-0.533948,-0.163968,0.064466,0.229156,0.443632,0.739857,1.0,41.128674,41.222922800000006,0.29368671469129215,40.63554937061742,41.810296229382594,41.080481073233024,0.08409969534383777,0.012054614478830121
2015-06-11,-0.231725,0.168523,-0.758374,-0.210214,-0.210211,-0.320207,-3e-06,0.227507,0.403945,0.631979,0.799288,0.0,41.042217,41.20800505,0.29497085564589237,40.61806333870821,41.79794676129178,41.07683687578226,0.07518818714299158,-0.002104322609910006
2015-06-12,-0.463648,0.210744,-0.821918,-0.042132,-0.042132,-0.164386,0.031611,0.1981,0.371301,0.655297,0.725063,0.0,41.024925,41.17725095,0.279202306816085,40.61884633636783,41.73565556363217,41.07189288761253,0.06596997203244115,-0.0004214110503787845
2015-06-15,-0.128374,0.192555,-0.470693,-1.49631,-1.496322,1.082593,1.394958,1.524753,1.729116,1.994062,2.114238,-1.0,40.41106,41.10981415,0.2936037457808961,40.52260665843821,41.69702164156179,41.00895642212562,0.009026641424085824,-0.015076298943658376
2015-06-16,-0.407295,0.150051,-0.621653,-0.192555,-0.192551,1.127548,1.348342,1.613436,1.786711,2.025598,2.172837,0.0,40.333248,41.053886500000004,0.3293855499864415,40.39511540002712,41.712657599972886,40.94460323906604,-0.041897171917774756,-0.0019273686533464608
2015-06-17,-0.192678,0.29972,-0.685078,0.128611,0.128618,0.629417,0.963393,1.325913,1.587455,1.785502,2.015693,0.0,40.385124,41.02621985,0.3612851630491226,40.303649523901754,41.74879017609824,40.89131950201213,-0.07717902941446653,0.0012853581125800383
2015-06-18,-0.149893,0.342612,-0.428268,-0.021404,-0.021394,0.321187,0.822257,1.206269,1.490351,1.711773,1.962875,0.0,40.376484,40.97823535,0.38113730545754804,40.2159607390849,41.7405099609151,40.84228754943955,-0.10463120802965875,-0.00021396305118053936
2015-06-19,0.21381,0.726964,-0.042762,0.149891,0.149879,-0.119734,0.583709,0.950754,1.211248,1.440555,1.745672,0.0,40.437,40.92679225,0.38129111479183153,40.164210020416334,41.68937447958366,40.8036887352072,-0.12011945955975278,0.0014976711389287254
2015-06-22,0.190146,0.591589,-0.021132,1.197353,1.197342,-1.052179,-0.614823,-0.26339,-0.068659,0.158361,0.426837,1.0,40.921169,40.893073,0.3473451912974006,40.1983826174052,41.5877633825948,40.814877331854134,-0.09226207874076664,0.011902301188566583
2015-06-23,0.021135,0.232503,-0.063416,-0.042259,-0.042237,-0.731355,-0.507302,-0.287476,-0.035944,0.147103,0.38,0.0,40.903885,40.889182399999996,0.34673552085521014,40.19571135828958,41.58265344171041,40.82335425262993,-0.07076385640406357,-0.0004224623000446195
2015-06-24,0.21204,0.53011,0.0,-0.31706,-0.317065,-0.224767,-0.27778,-0.074925,0.213101,0.44953,0.641089,0.0,40.774193,40.861083349999994,0.33102034016497667,40.19904266967004,41.523124030329946,40.81867222856994,-0.06345989467126856,-0.003175689540474951
2015-06-25,0.943403,1.007723,-0.021437,-1.102631,-1.102631,0.861921,0.656089,0.921954,1.217838,1.469124,1.679179,-1.0,40.324604,40.81569245,0.33955279183317516,40.13658686633365,41.49479803366635,40.77161811156328,-0.09287887741997025,-0.011087553020022546
2015-06-26,-0.107525,0.43011,-0.387097,-0.300169,-0.300174,1.049465,0.75484,1.128317,1.415056,1.649034,1.866215,0.0,40.20356,40.77246295,0.3601331185736835,40.052196712852634,41.49272918714736,40.71751733903344,-0.12452542085648588,-0.0030062548343194532
2015-06-29,1.32832,1.748951,-0.022134,-2.860219,-2.860199,3.068399,3.373908,3.781258,4.146544,4.381655,4.634604,-1.0,39.053658,40.673035,0.5205273774390523,39.631980245121895,41.7140897548781,40.55905454483978,-0.2396307022286024,-0.02901900224353181
2015-06-30,1.450565,1.517521,-0.446329,-0.796983,-0.796988,2.78062,3.793784,4.289207,4.651849,4.989049,5.242117,-1.0,38.742405,40.54464315,0.6545241885977384,39.235594772804525,41.85369152719547,40.386040302474086,-0.35191136766569997,-0.008001810085569631
2015-07-01,-0.358022,0.0,-0.581783,-0.267802,-0.26782,1.951231,3.620508,4.139638,4.573739,4.991729,5.32633,0.0,38.638645,40.4058759,0.7480351231719582,38.90980565365608,41.90194614634392,40.219621702238456,-0.44414731502905624,-0.002681795147184956
2015-07-02,0.088537,0.354139,-0.154934,1.096444,1.096449,0.199208,2.160251,2.672276,3.187253,3.630812,3.989967,1.0,39.062298,40.307312149999994,0.7896860146258665,38.72794012074826,41.88668417925173,40.109400397263364,-0.4775547573789325,0.0109048148415888
2015-07-06,-0.248522,0.564844,-0.406679,-2.036304,-2.036309,1.269782,3.716687,4.325964,5.002271,5.492104,5.872884,-1.0,38.266869,40.18108155,0.9020089134161915,38.377063723167616,41.98509937683239,39.93392121657161,-0.5617394856316409,-0.020573273623425755
2015-07-07,0.228726,0.251603,-1.486736,-1.220057,-1.220055,1.857275,4.172009,5.154014,5.881751,6.451971,6.84584,-1.0,37.799992,40.0232935,1.0267555372701038,37.96978242545979,42.07680457454021,39.73068986261241,-0.6585383412640198,-0.012275591674515684
2015-07-08,0.517041,1.081079,-0.094009,-2.676125,-2.676112,3.59576,5.917738,7.40305,8.270264,8.88742,9.403831,-1.0,36.788422,39.830921599999996,1.2434952580566927,37.34393108388661,42.31791211611338,39.45047387569694,-0.8075682328134519,-0.027125714878759095
2015-07-09,1.417947,1.48768,0.0,1.104585,1.104568,1.687592,3.798243,5.657844,6.558587,7.244082,7.837449,1.0,37.194775,39.63422665,1.3351652414442474,36.96389616711151,42.3045571328885,39.235645411344855,-0.8827108631406233,0.01098511831829786
2015-07-10,0.455895,0.478694,-0.364714,1.975823,1.975839,-0.87988,1.155683,3.180605,4.083651,4.838837,5.457787,1.0,37.929684,39.4786,1.343782837120028,36.791034325759945,42.166165674240055,39.11126813407392,-0.8728986918796906,0.0195657301049529
2015-07-13,0.45025,0.56281,-0.202602,1.253702,1.253701,-2.035121,-0.565062,1.550351,2.453847,3.292208,3.920904,1.0,38.405209,39.347614199999995,1.3124343711040904,36.72274545779182,41.972482942208174,39.04402440701926,-0.8173299116395825,0.0124590769057775
2015-07-14,0.381675,0.404131,-0.134713,0.270155,0.270151,-1.930851,-0.97441,0.85915,1.930845,2.759762,3.421639,0.0,38.508961,39.252509249999996,1.3001764815572123,36.65215628688557,41.85286221311442,38.99306598730314,-0.7562023041963215,0.002697866022079919
2015-07-15,0.0,0.24614,-0.358022,0.336771,0.336763,-1.302298,-1.333626,0.129791,1.369443,2.208109,2.844045,0.0,38.638645,39.1677791,1.281117273197023,36.60554455360595,41.73001364639404,38.95931160755998,-0.6893474515932283,0.0033619739840036857
2015-07-16,0.0,0.353669,-0.110528,1.230707,1.230708,-1.520777,-2.411584,-1.370468,-0.025419,0.759505,1.397731,1.0,39.114174,39.104231600000006,1.2486655422586355,36.606900515482735,41.601562684517276,38.97406040683999,-0.5911785448347615,0.012231966253953203
2015-07-17,-0.132423,0.110351,-0.375198,0.154728,0.154747,-1.037312,-2.533673,-1.718546,-0.333275,0.413138,1.082894,0.0,39.174702,39.04414250000001,1.212615116646043,36.61891226670792,41.46937273329209,38.99316912999809,-0.5027000618207538,0.0015462736253875114
2015-07-20,-0.131554,0.39465,-0.285027,0.662105,0.662111,-1.166426,-2.878772,-2.495085,-1.116003,-0.408703,0.303275,1.0,39.434082,38.9939966,1.1720423374306792,36.649911925138646,41.33808127486136,39.035160831903035,-0.4069592553360337,0.006599286444759993
2015-07-21,0.109824,0.351417,-0.219633,-0.175405,-0.175432,-0.55786,-2.310552,-2.271019,-1.139896,-0.339984,0.344839,0.0,39.364902,38.91618325,1.0858530622106504,36.744477125578705,41.0878893744213,39.066564752674175,-0.332829572131935,-0.0017558606535778884
2015-07-22,-0.486943,0.088537,-0.486943,-0.768722,-0.768715,0.4294,-0.971665,-1.459346,-0.60978,0.301906,0.987903,-1.0,39.062298,38.8241039,0.9814940201662242,36.86111585966755,40.787091940332445,39.06615839527663,-0.29509718133519414,-0.0077168508289339665
2015-07-23,0.892065,0.892065,-0.178417,-0.752545,-0.752544,1.012494,0.185106,-0.689859,-0.114851,0.895631,1.5507,-1.0,38.768337,38.7238111,0.867615281446172,36.98858053710765,40.459041662892346,39.037794452869335,-0.2856217163937629,-0.007553899510583843
2015-07-24,0.499208,0.953034,-0.408443,-1.717217,-1.717208,2.214653,1.980934,0.877385,1.338772,2.419779,3.067839,-1.0,38.102604,38.6127111,0.7906980729170474,37.03131495416591,40.19410724583409,38.948728695453205,-0.32804987672290764,-0.017321230518830152
2015-07-27,0.113921,0.250629,-0.296197,-0.408443,-0.408434,1.850066,2.278412,1.234893,1.457038,2.577338,3.220157,0.0,37.94698,38.499882099999994,0.7084696412110421,37.08294281757791,39.91682138242208,38.85332405779099,-0.36996730288707624,-0.004092703971346699
2015-07-28,-0.446431,0.089288,-0.781246,2.073365,2.073338,-0.544629,0.258943,-0.6607,-0.645077,0.267871,0.97918,1.0,38.733749,38.48388665,0.698854864418898,37.086176921162206,39.8815963788378,38.841935957048996,-0.3358302401622808,0.020521364907048593
2015-07-29,-0.42148,0.310557,-0.42148,0.625007,0.625008,-1.206738,-0.277278,-0.903573,-1.23225,-0.55279,0.235882,1.0,38.975838,38.4955583,0.7053190451704434,37.08492020965911,39.90619639034089,38.85468853256814,-0.2859456099344584,0.00623062848531577
2015-07-30,0.733175,0.733175,-0.31104,-0.155288,-0.155276,-0.977559,-0.173292,-0.454712,-1.043101,-0.589201,0.265868,0.0,38.915318,38.509391949999994,0.7109638068626303,37.087464336274735,39.93131956372525,38.86046276756165,-0.24843137702166018,-0.0015539636407158187
2015-07-31,0.621251,0.732199,-0.110939,0.133308,0.133305,-0.665632,-0.35944,-0.409732,-1.187043,-0.860883,0.011833,0.0,38.967194,38.50463675,0.7073801381458014,37.0898764737084,39.919397026291605,38.8706276468415,-0.21207050078489686,0.0013321606183381467
2015-08-03,0.199247,0.597744,-0.376352,0.221873,0.221889,-0.318809,-0.677453,-0.519529,-1.305081,-1.198152,-0.327663,0.0,39.053658,38.543976199999996,0.7152947688487579,37.11338666230248,39.97456573769751,38.88805910904706,-0.17426846383831673,0.0022164340219400142
2015-08-04,0.154525,0.309051,-0.198676,0.287804,0.287789,-0.384104,-1.013243,-0.693155,-1.413905,-1.470198,-0.76306,0.0,39.16605,38.6122791,0.7056703837797698,37.200938332440465,40.02361986755954,38.914534431994966,-0.1336997743349997,0.002873753436888616
2015-08-05,0.129931,0.43309,-0.19489,1.942607,1.942596,-1.805967,-2.68297,-2.370424,-2.899514,-3.229095,-2.735662,1.0,39.926888,38.7692024,0.6228409663289559,37.52352046734209,40.01488433265791,39.010949057519255,-0.039697914760211006,0.019239681537947608
2015-08-06,0.349878,0.349878,-0.328008,-0.974448,-0.974444,-0.524815,-1.530719,-1.338283,-1.647709,-2.185869,-1.882785,-1.0,39.537823,38.8863548,0.5235581106726933,37.839238578654616,39.93347102134538,39.06112752823171,0.003366139490815101,-0.009792223591480092
2015-08-07,-0.087934,0.241803,-0.307769,-0.524815,-0.524816,0.184657,-0.699054,-0.79138,-0.950756,-1.642557,-1.449401,-1.0,39.330322,38.9563867,0.4807859423312018,37.9948148153376,39.91795858466241,39.08676509697155,0.020514636245998474,-0.0052619845130646836
2015-08-10,-1.099868,0.087992,-1.143863,-0.065955,-0.065954,0.378357,-0.288161,-0.747904,-0.771,-1.472056,-1.460617,0.0,39.304382,39.00134535,0.4684142112192497,38.0645169275615,39.9381737724385,39.10749051630759,0.03164699539895821,-0.0006597596130315169
2015-08-11,-0.420536,0.066399,-0.796813,-0.615924,-0.615921,0.947319,0.413901,-0.184446,-0.085212,-0.73218,-0.849194,-1.0,39.062298,39.0290122,0.4539179950172669,38.12117620996546,39.93684819003453,39.10318646713544,0.02069673552850304,-0.006178257648425731
2015-08-12,-0.228367,0.114179,-1.164654,-3.07658,-1.991944,2.140846,2.274082,1.708739,1.899193,1.441649,1.126081,-1.0,38.284199,39.0112899,0.4763273935746122,38.05863511285078,39.96394468714922,39.02518766074159,-0.050188963635292794,-0.020120503969158963
2015-08-13,0.091368,0.38831,-0.205573,-0.022841,-0.022829,1.504549,2.130264,1.646116,1.812898,1.57775,1.117543,0.0,38.275459,38.96935415,0.5029679159131858,37.96341831817363,39.97528998182637,38.95378493114715,-0.10585144630053378,-0.00022831868026295676
2015-08-14,-0.616993,0.114266,-0.639849,-0.045685,-0.045695,0.990362,1.991574,1.719658,1.739634,1.658511,1.09369,0.0,38.257969,38.923517499999996,0.524576966747576,37.87436356650484,39.97267143349515,38.88751674722837,-0.14965058290378153,-0.000457055191738381
2015-08-17,-0.345068,0.414081,-0.483099,-0.662699,-0.662693,0.979981,2.395896,2.408323,2.230264,2.294508,1.745083,-1.0,38.004436,38.8520352,0.5482162077096849,37.75560278458063,39.948467615419375,38.8034138189209,-0.20248558072223943,-0.006648988686813183
2015-08-18,0.091766,0.321175,-0.27529,0.27605,0.276052,0.201878,1.836726,2.017171,1.784102,1.970955,1.492046,0.0,38.109348,38.789257500000005,0.558193058833697,37.67287138233261,39.9056436176674,38.737312312357005,-0.23320394561451252,0.0027567166136363676
2015-08-19,0.637243,0.755251,-0.283217,-2.798809,-2.798809,2.416804,3.990411,4.606748,4.442273,4.734774,4.437291,-1.0,37.04274,38.6882796,0.6763622458677667,37.335555108264465,40.04100409173554,38.57592447308491,-0.33969898425530687,-0.02838722524480782
2015-08-20,0.790235,0.83813,-0.143671,-1.4397,-1.439686,2.945391,4.679936,5.695439,5.658519,5.979274,5.900251,-1.0,36.509441,38.5753348,0.8328028061812955,36.90972918763741,40.24094041236259,38.3791165232673,-0.4618064249652676,-0.01450149644750495
2015-08-21,2.22112,2.615997,0.0,-2.969344,-2.969363,4.496551,6.781073,8.263427,8.514042,8.799134,8.9054,-1.0,35.425343,38.44147175,1.088655311874495,36.26416112625101,40.618782373748985,38.097804759146605,-0.6386926485988198,-0.030143416719065914
2015-08-24,0.833331,1.874992,-0.885419,-5.231979,-5.23198,7.625002,10.968749,13.151904,13.853318,14.107284,14.437985,-1.0,33.571896,38.222717550000006,1.5394704364128915,35.14377667717422,41.30165842282579,37.666765829704076,-0.9178534944815269,-0.05373817956136243
2015-08-25,2.09077,2.09077,-0.152986,2.135414,2.135426,3.146348,7.256492,9.837879,10.824733,11.129395,11.635083,1.0,34.288799,38.000470050000004,1.7659960400685424,34.46847796986292,41.53246213013709,37.34505470306559,-1.0689205447374235,0.02112945267670718
2015-08-26,0.485558,0.638896,-2.018914,-0.229475,-0.229489,1.727582,6.312298,8.976472,10.383111,10.817671,11.460359,0.0,34.21011,37.76218365,1.940374038270217,33.88143557345956,41.64293172654043,37.046488540868864,-1.1813736747699721,-0.002297526654451203
2015-08-27,-1.12052,0.1245,-1.195219,2.632249,2.632266,-1.678294,2.684255,5.340871,7.010238,7.558761,8.221583,1.0,35.110611,37.5719483,2.006742656261829,33.55846298747635,41.58543361252366,36.86211925126231,-1.1841801934590563,0.02598217805993714
2015-08-28,-0.776947,0.250622,-0.827073,-0.647405,-0.647423,-1.348366,2.38597,5.17743,7.122195,7.890507,8.516728,-1.0,34.883297,37.367753449999995,2.064251236686186,33.23925097662762,41.49625592337237,36.67365998923733,-1.191017412449547,-0.006495273822136491
2015-08-31,-0.100824,0.27729,-0.378114,-0.576451,-0.576436,-0.136122,2.021679,4.898746,7.113053,8.139498,8.689179,-1.0,34.682217,37.1491814,2.107329155799791,32.934523088400425,41.36383971159958,36.48399875216711,-1.1988419297503654,-0.005781041451511848
2015-09-01,0.497898,0.943396,-0.497901,-3.806398,-3.806403,3.259958,4.635745,7.910551,10.481695,11.774557,12.390269,-1.0,33.362072,36.8589825,2.2120009740346296,32.43498055193074,41.282984448069264,36.18667239481786,-1.2966209455302007,-0.03880739133118522
2015-09-02,0.700392,0.804156,-0.933852,1.02201,1.022002,1.914406,2.586262,5.912678,8.440655,10.01798,10.723211,1.0,33.703033,36.54778975000001,2.1954159468027803,32.15695785639445,40.938621643605565,35.95013530959711,-1.331252961363063,0.010168147435027896
2015-09-03,-0.077806,0.570534,-0.311208,0.025946,0.025977,1.058067,1.729747,4.982684,7.548398,9.371995,10.194478,0.0,33.711788,36.256488000000004,2.164092678588426,31.92830264282315,40.584673357176854,35.73695937534976,-1.3425169286239864,0.00025973517156467076
2015-09-04,0.026537,0.424628,-0.557322,-2.28216,-2.282178,2.239914,3.351908,6.358808,9.090612,11.194802,12.245904,-1.0,32.942425,35.937093149999995,2.1579344657768473,31.6212242184463,40.25296208155369,35.47081324436407,-1.3974163225905372,-0.023086227739685068
2015-09-08,0.0,0.281546,-0.793453,3.68896,3.68896,-1.704633,-0.153573,1.824073,4.456099,6.665463,7.882724,1.0,34.157658,35.67975695,2.038836857135617,31.602083235728763,39.75743066427123,35.34575084013892,-1.327562032135944,0.036225466110635894
2015-09-09,2.110343,2.161195,-0.050854,0.665477,0.665461,-1.759462,-0.785653,0.428857,3.085437,5.404155,6.747974,1.0,34.384964,35.445890250000005,1.8934970575399441,31.658896134920116,39.23288436507989,35.25424733155426,-1.239571302781087,0.006632568952022115
2015-09-10,-0.307225,0.486429,-0.716851,-0.686501,-0.68648,-0.819257,-0.117777,0.558105,3.192512,5.455938,7.01468,-1.0,34.148918,35.2391262,1.7902132193038163,31.65869976139237,38.81955263860763,35.14897787140624,-1.175336408810395,-0.006888474036407864
2015-09-11,-0.434555,0.102252,-0.613492,0.153605,0.153598,-0.685069,-0.536808,-0.046012,2.43865,4.670087,6.391129,0.0,34.20137,35.03542175,1.6530691557495503,31.729283438500897,38.341560061499095,35.05872950270088,-1.1074315726930664,0.0015347999790834015
2015-09-14,-0.85074,0.025775,-1.314777,-0.843553,-0.84356,0.732151,0.023205,0.507006,2.669504,4.921568,6.799441,-1.0,33.912861,34.81816635,1.4841522251776544,31.84986189964469,37.78647080035531,34.949599169110314,-1.0646244381545031,-0.008471378774991566
2015-09-15,-0.561227,0.178569,-0.739798,1.056973,1.056968,-0.255096,-1.142849,-0.408155,1.051028,3.236741,5.217266,1.0,34.271309,34.63151,1.2835267110444726,32.06445657791105,37.198563422088945,34.88500010538552,-0.9903594702037211,0.010514208859737998
2015-09-16,-0.276025,0.200758,-0.552063,1.658156,1.658165,-1.621074,-2.331236,-1.927222,-1.066494,1.068009,3.087105,1.0,34.839584,34.468021799999995,0.9924649097807502,32.483091980438495,36.452951619561496,34.880674762015474,-0.875556039812615,0.016445679783990207
2015-09-17,0.205018,1.230138,-0.307529,-2.082806,-2.082823,0.451063,-0.133246,0.140117,0.60868,2.728874,4.711906,-1.0,34.113937,34.32158165,0.7874694056318087,32.746642838736385,35.89652046126361,34.807652118014,-0.8335188560040478,-0.02104820114666804
2015-09-18,0.419617,1.075269,-0.209814,-2.280879,-2.280871,2.276422,2.084977,2.122569,2.480992,4.533969,6.535845,-1.0,33.335842,34.1629017,0.6267468565989472,32.9094079868021,35.4163954131979,34.66747972582219,-0.853155206512966,-0.02307285597975082
2015-09-21,0.078011,0.260016,-0.494017,0.865455,0.865465,1.227244,1.411856,0.996708,1.333855,3.085805,5.056067,1.0,33.624352,34.07285215,0.5618353447312956,32.94918146053741,35.196522839462595,34.56813422812484,-0.8358022024215117,0.008617411872753191
2015-09-22,-0.079394,0.105851,-0.873252,-1.742065,-1.742068,2.275728,2.871127,2.455676,3.049749,4.312252,6.286494,-1.0,33.038593,34.046186999999996,0.598332527588698,32.8495219448226,35.242852055177394,34.42246363497009,-0.8594089461969077,-0.017574203360584673
2015-09-23,0.921543,1.000529,-0.447601,0.502776,0.502767,0.779362,2.001062,1.911543,2.370996,3.19959,5.166766,0.0,33.2047,33.991982050000004,0.6237623836711048,32.74445728265779,35.23950681734222,34.30648614592532,-0.8548597232722557,0.005015069167686638
2015-09-24,-0.798082,0.212817,-1.436555,-1.026856,-1.026858,1.064119,2.66827,2.798629,3.228265,3.761652,5.708091,-1.0,32.863735,33.924663300000006,0.6699267845153194,32.58480973096937,35.26451686903064,34.16908127488481,-0.8687530133082433,-0.010321661988874624
2015-09-25,0.07882,0.656858,-0.289017,1.250335,1.250339,-0.220704,1.121913,1.441587,1.67762,2.09144,3.90174,1.0,33.274643,33.8328649,0.623012695403117,32.586839509193766,35.07889029080623,34.083896677276734,-0.8369587646092782,0.012425865269194172
2015-09-28,0.565273,0.592186,-0.242264,-2.390959,-2.390944,1.518154,3.157452,3.8313,3.798103,4.229328,5.853733,-1.0,32.479065,33.7126533,0.6413432265698964,32.429966846860204,34.995339753139795,33.93105556515514,-0.8659756607612721,-0.02419990751495236
2015-09-29,-0.053998,0.161979,-0.701949,-0.2961,-0.296095,1.414672,2.880652,3.774282,3.751336,4.391995,5.589439,0.0,32.382896,33.59768724999999,0.6640766603879679,32.26953392922406,34.925840570775925,33.783611797045126,-0.8865126288488838,-0.00296534575851098
2015-09-30,-0.211199,0.0,-0.923976,2.267819,2.267811,-0.887016,0.079189,1.217874,1.413669,1.93558,2.745506,1.0,33.117279,33.585447599999995,0.6708690266152353,32.24370954676952,34.92718565323047,33.72015153065988,-0.833916878731209,0.022424788170184035
2015-10-01,0.864559,1.100346,-0.785955,0.765568,0.765558,-1.336114,-0.903842,0.293432,0.593409,1.06053,1.598125,1.0,33.370811,33.568836499999996,0.6719164945556876,32.22500351088862,34.91266948911137,33.68688100393037,-0.7629812810181491,0.007626425389384876
2015-10-02,-1.977404,0.025686,-2.388292,2.017294,2.017284,-2.835113,-2.655353,-1.720582,-1.346928,-1.063157,-0.652268,1.0,34.043995,33.58544685,0.6796975384487126,32.22605177310257,34.944841926897425,33.7208918606989,-0.6450087269008762,0.0199720630115757
2015-10-05,-1.112805,0.227618,-1.112805,1.540837,1.54085,-3.100659,-3.859386,-3.085487,-2.608753,-2.600911,-2.242455,1.0,34.568562,33.6667537,0.6957997425581145,32.27515421488377,35.05835318511623,33.801622350156144,-0.5033837602631124,0.015290997562221489
2015-10-06,-0.151778,0.581834,-0.202373,-0.025296,-0.025295,-1.816343,-3.394889,-3.005313,-2.525929,-2.590435,-2.122436,0.0,34.559818,33.686861699999994,0.7162438033912438,32.25437409321751,35.11934930678248,33.873831459665084,-0.38738498856385917,-0.0002529785898825621
2015-10-07,0.049298,0.764114,-0.517621,2.630916,2.630908,-3.007147,-5.232925,-5.373424,-4.871821,-4.849882,-4.520574,1.0,35.469055,33.74106625,0.8071131794539178,32.12683989109217,35.35529260890784,34.02575751112555,-0.21955638978452185,0.02596894847946233
2015-10-08,-1.323856,0.147088,-1.421922,0.542275,0.542278,-2.245652,-4.959548,-5.594509,-5.172837,-5.143415,-4.899892,0.0,35.661396,33.81669015,0.9114518729751561,31.993786404049686,35.63959389595031,34.18153260530407,-0.07022123815073655,0.005408132975210254
2015-10-09,0.640873,0.961299,-0.221839,-0.53935,-0.539354,-0.912,-3.825481,-4.681615,-4.479907,-4.430854,-4.350498,-1.0,35.469055,33.8800744,0.9810339756390869,31.918006448721826,35.84214235127817,34.3041537857513,0.032236037210786606,-0.005408132975210346
2015-10-12,-0.245816,0.294983,-0.516222,0.271136,0.271135,-0.619466,-3.217792,-4.575543,-4.505894,-4.39429,-4.545223,0.0,35.565224,33.96269255,1.051021172726245,31.86065020454751,36.06473489545249,34.42425571091785,0.11981307018962895,0.002707680294904066
2015-10-13,-0.531105,0.455235,-0.556401,-2.802357,-2.80235,2.250879,0.20485,-1.529257,-1.709666,-1.590292,-1.804082,-1.0,34.568562,33.9775552,1.0576956162185382,31.86216396756292,36.092946432437074,34.437999167020905,0.10755636303414207,-0.028423650184483812
2015-10-14,0.201051,0.779083,-0.301591,0.632271,0.632268,1.216384,0.055287,-1.844685,-2.334759,-2.162353,-2.284493,1.0,34.787128,33.97493240000001,1.0555082886224698,31.863915822755068,36.085948977244946,34.47124953206653,0.11416328064127867,0.006302776990439118
2015-10-15,-1.0146,0.074237,-1.237317,1.558178,1.558168,-0.524615,-0.925506,-2.885414,-3.661212,-3.529809,-3.630277,1.0,35.32917,34.035694050000004,1.0980522189644382,31.839589612071126,36.23179848792888,34.55295624329829,0.16127845220651693,0.01546153501414977
2015-10-16,-0.099076,0.173396,-0.817434,-0.098988,-0.098981,-0.52514,-0.47312,-2.407723,-3.288328,-3.310374,-3.385346,0.0,35.294201,34.133612,1.1194675235303984,31.894676952939204,36.3725470470608,34.62355098203179,0.19356456722535853,-0.0009902954889478039
2015-10-19,-0.124624,0.074783,-0.473577,-0.619272,-0.61926,-0.184453,0.291618,-1.306088,-2.478819,-2.57528,-2.580596,-1.0,35.075638,34.206176299999996,1.131689442078622,31.94279741584275,36.46955518415724,34.66660688850495,0.1992188673999422,-0.006211857406984577
2015-10-20,-0.250813,0.275899,-0.300976,-0.623131,-0.623142,0.606975,1.005772,-0.214025,-1.606466,-1.897161,-1.902845,-1.0,34.857067,34.2971,1.1056973134253718,32.08570537314926,36.50849462685074,34.684745946742574,0.1839427109281857,-0.006250915410811289
2015-10-21,0.719237,0.950421,0.0,-2.35766,-1.117604,1.558607,1.856797,1.17495,-0.3112,-0.831548,-0.786134,-1.0,34.467503,34.360240149999996,1.07568167569206,32.208876798615876,36.511603501384116,34.6640561422909,0.1388016685536897,-0.01123896190385456
2015-10-22,-0.713007,0.203713,-0.713007,0.873362,0.873382,0.356797,0.718099,0.566963,-0.9004,-1.614859,-1.585743,1.0,34.768536,34.4554802,1.0190422432141628,32.41739571357167,36.49356468642832,34.674006604929865,0.12586699810582758,0.008695901768002766
2015-10-23,0.075167,0.325735,-0.451015,1.629743,1.629723,-1.229327,-0.934897,-0.802114,-2.197982,-2.966226,-3.056948,1.0,35.335167,34.5585064,0.997303712150264,32.56389897569947,36.553113824300524,34.73697426160321,0.15949994863122186,0.016165860453649306
2015-10-26,0.429841,0.657401,-0.176989,-0.902032,-0.902028,-0.364094,-0.189892,0.186092,-0.945439,-1.923967,-2.069482,-1.0,35.016434,34.68537485,0.872425182127819,32.94052448574436,36.43022521425564,34.763589474783856,0.15860689336044942,-0.009061206178006256
2015-10-27,0.254969,0.560933,-0.152986,-0.834382,-0.834385,0.397758,0.694755,1.060636,0.225148,-0.904572,-1.202008,-1.0,34.724262,34.80244315,0.6839279697470406,33.434587210505924,36.17029908949408,34.75984400099492,0.13279255212709984,-0.008378858431022011
2015-10-28,-1.111106,0.202025,-1.136354,0.968886,0.968893,-0.22727,-0.193478,0.013215,-0.459456,-1.64374,-2.129047,1.0,35.060703,34.89961435,0.5584502514587002,33.7827138470826,36.0165148529174,34.788497238995404,0.1378929337576409,0.009642294917840195
2015-10-29,-0.127453,0.331382,-0.637267,-0.934338,-0.934331,0.693336,0.576231,0.77831,0.675464,-0.500814,-1.146561,-1.0,34.73312,34.9677298,0.4306148223160727,34.106500155367854,35.82895944463215,34.783223216233935,0.11418555259914598,-0.009387232034876373
2015-10-30,0.460712,0.639877,-0.153576,-0.407851,-0.407861,0.675711,0.784968,1.021893,1.166895,0.058937,-0.62073,0.0,34.591457,34.9951029,0.38364339842758216,34.22781610314483,35.762389696855166,34.7649597670688,0.08300938157640303,-0.0040869545351965506
2015-11-02,-0.256153,0.204913,-0.640369,-0.076783,-0.076765,0.491788,0.714633,0.906566,1.244086,0.377188,-0.453679,0.0,34.564903,34.994919949999996,0.38385832303882333,34.22720330392235,35.76263659607764,34.74590674163368,0.055519362893896584,-0.0007679409762161383
2015-11-03,-1.33265,0.205018,-1.33265,-0.051232,-0.05124,0.440797,0.676569,0.954173,1.294162,0.679238,-0.257086,0.0,34.547192,34.99428865,0.3846211855210662,34.22504627895787,35.763531021042134,34.72698152814476,0.03193605637178365,-0.0005125296921675885
2015-11-04,0.624376,0.649346,-0.349648,2.614047,2.614056,-1.898111,-1.610905,-1.492889,-1.288919,-1.622288,-2.586853,1.0,35.450275,34.99334965,0.3834221598457612,34.22650533030848,35.76019396969152,34.795866620702405,0.08513597227186409,0.025804736958678208
2015-11-05,0.278413,0.455583,-0.379643,-1.323684,-1.323705,-0.440379,-0.23031,-0.237804,-0.061997,-0.118465,-1.078338,-1.0,34.981018,34.95933075,0.3497336530361619,34.25986344392768,35.65879805607232,34.813500085397415,0.08841300071470215,-0.013325438841655752
2015-11-06,-0.025095,0.451581,-0.702456,0.885859,0.885849,-0.918197,-1.118903,-1.114411,-0.964765,-0.854167,-1.756498,1.0,35.290897,34.95042285,0.3381442612342283,34.27413432753155,35.626711372468456,34.858966458216706,0.11469260988541663,0.008819483818389467
2015-11-09,0.900215,0.975241,-0.500128,0.326144,0.326149,-0.765187,-1.330327,-1.373673,-1.309203,-1.08187,-1.800318,0.0,35.405998,34.942461550000004,0.3245069056121623,34.29344773877568,35.591475361224326,34.911064700291305,0.14315685513442844,0.003256185485907061
2015-11-10,-0.27736,0.025209,-0.680789,-0.825211,-0.825202,0.383256,-0.398384,-0.504286,-0.410386,-0.195694,-0.723984,-1.0,35.113827,34.9697248,0.31418143031675366,34.34136193936649,35.59808766063351,34.930375395501656,0.14051939651033507,-0.008286256290423375
2015-11-11,0.452934,0.528432,-0.452947,0.20172,0.201718,0.030188,-0.563665,-0.568699,-0.55438,-0.428944,-0.727979,0.0,35.184658,34.9896013,0.31459603470655223,34.36040923058689,35.618793369413105,34.95459278640626,0.14250198708678852,0.0020151507950533403
2015-11-12,0.45489,0.732881,-0.101089,-0.427786,-0.42778,0.490265,-0.050545,-0.090982,-0.169249,-0.072784,-0.14323,0.0,35.034145,34.97485005,0.3045935935729053,34.36566286285419,35.584037237145814,34.9621691877009,0.13042460948044976,-0.004286977962664599
2015-11-13,0.385411,0.668042,-0.179856,-1.642664,-1.642652,1.6855,1.580157,1.408007,1.376771,1.478797,1.564575,-1.0,34.458656,34.933072800000005,0.31558903850835557,34.30189472298329,35.56425087701672,34.914215550777,0.07356800184607692,-0.016562928759402757
2015-11-16,-1.300362,0.025495,-1.453338,0.77082,0.770796,0.515051,0.849063,0.576243,0.550745,0.605712,0.802654,1.0,34.724262,34.915504,0.3170120570995129,34.28147988580097,35.54952811419903,34.896124736417285,0.04937178786649099,0.007678407116735088
2015-11-17,0.126869,0.558236,-0.304489,0.484444,0.484448,-0.096417,0.461816,0.123493,0.071052,0.157813,0.348452,0.0,34.892483,34.9172748,0.3167672739777017,34.283740252044595,35.55080934795541,34.89577790437754,0.043271337735852455,0.004832783475043237
2015-11-18,-0.778313,0.0,-0.803425,1.065724,1.065731,-1.1047,-0.650272,-0.893804,-0.871209,-0.844214,-0.729066,1.0,35.264343,34.9571168,0.30718608928018437,34.342744621439635,35.57148897856037,34.93087934205587,0.06766270771628058,0.01060092092671463
2015-11-19,-0.373139,0.373127,-0.447764,0.928945,0.928938,-1.701489,-1.393033,-1.645104,-1.667908,-1.727302,-1.64925,1.0,35.591927,34.99828635,0.33454015654240715,34.32920603691519,35.66736666308481,34.99383626186007,0.1121337274135854,0.009246502362395891
2015-11-20,0.29769,0.595381,-0.198464,0.273632,0.273646,-1.28009,-1.550494,-1.708436,-1.886639,-1.951203,-1.897076,0.0,35.689323,35.01599415,0.36158983495630737,34.29281448008738,35.739173819912615,35.060073094063874,0.15346729865889586,0.0027327259443703468
2015-11-23,0.520454,0.966553,-0.223048,0.099224,0.099203,-0.817829,-1.558844,-1.58941,-1.884743,-1.975698,-1.979419,0.0,35.724728,35.05140885,0.39479617814477375,34.261816493710455,35.84100120628955,35.123373561295885,0.18692656617406556,0.0009915416477554347
2015-11-24,-0.674497,0.274794,-0.749435,-0.793058,-0.793047,0.284788,-0.679488,-0.634522,-0.999248,-1.126154,-1.113762,-1.0,35.441414,35.08726645,0.3960847881905361,34.29509687361893,35.87943602638107,35.153663126886755,0.18841032771815236,-0.007962086710237352
2015-11-25,0.199208,0.398406,-0.323708,0.324759,0.324764,0.124496,-0.896419,-0.936262,-1.250004,-1.32371,-1.361741,0.0,35.556515,35.11205705,0.40961966551249307,34.29281771897501,35.931296381024985,35.19202997194516,0.19660753886844873,0.0032423791076570964
2015-11-27,0.32403,0.373881,-0.099693,-0.099604,-0.099605,0.184445,-0.66052,-0.736128,-1.040629,-1.140581,-1.245384,0.0,35.521099,35.151455999999996,0.40914889973234736,34.3331582005353,35.96975379946469,35.22336987937895,0.1979641055660437,-0.00099654450783809
2015-11-30,0.225564,0.350875,-0.250634,-0.548347,-0.548345,0.531316,0.13282,-0.182134,-0.390988,-0.596503,-0.697852,-1.0,35.326321,35.1881992,0.38869764018285174,34.4108039196343,35.9655944803657,35.233174748009525,0.18123309536540688,-0.005498534477077568
2015-12-01,0.0,0.221402,-0.516613,1.879699,1.879686,-1.175888,-1.362852,-1.915538,-2.030749,-2.322262,-2.445264,1.0,35.990345,35.2594713,0.39894444547589303,34.46158240904821,36.05736019095179,35.30528620058004,0.21902999511857502,0.018622384557538642
2015-12-02,0.722644,1.02168,-0.249195,-1.279215,-1.279221,0.154509,0.094702,-0.566483,-0.622967,-0.965852,-1.118025,-1.0,35.529949,35.30860915,0.36573664380990994,34.57713586238018,36.04008243761982,35.32668265766766,0.20942013600645737,-0.012874733415896934
2015-12-03,1.638933,1.765005,-0.327789,-1.171196,-1.171187,1.089261,1.238025,0.598422,0.506808,0.21382,0.115147,-1.0,35.113827,35.29178675,0.36661420780668114,34.55855833438664,36.02501516561336,35.30641069027074,0.1663095724740984,-0.011780990100146329
2015-12-04,-1.179132,0.150519,-1.404922,0.504289,0.504274,0.451592,0.644769,0.142177,0.046425,-0.225777,-0.337836,0.0,35.290897,35.3072807,0.35926356663355963,34.58875356673288,36.025807833267116,35.30493319595924,0.14476346631656156,0.005030070804516306
2015-12-07,0.405988,0.405988,-0.507488,-1.128954,-1.128943,1.34991,1.565595,1.368522,1.131696,0.947988,0.757849,-1.0,34.892483,35.28735999999999,0.3710715576064428,34.54521688478711,36.029503115212876,35.2656522249155,0.09445057441175209,-0.011353636139752078
2015-12-08,0.104251,0.364866,-0.364866,-2.638927,-2.638918,2.908515,3.802447,3.968375,3.661713,3.61428,3.386324,-1.0,33.971699,35.21564505,0.4718505632770365,34.271943923445924,36.159346176554074,35.142418584447356,-0.019497572515511763,-0.026743623549157172
2015-12-09,0.336518,1.501419,-0.673057,0.677618,0.677617,1.439287,2.741387,3.134,2.830695,2.876514,2.639566,1.0,34.201897,35.170048550000004,0.523447755627632,34.12315303874474,36.21694406125527,35.05284510021427,-0.0901876184270094,0.006753314725865519
2015-12-10,-0.077485,0.645661,-0.284091,0.23298,0.232972,0.717974,2.130682,2.703168,2.45997,2.501033,2.325243,0.0,34.281578,35.12489455,0.5598092867184757,34.00527597656305,36.24451312343695,34.979391090670056,-0.13818745931577325,0.0023270149756868747
2015-12-11,0.977035,1.029836,-0.448899,-2.195253,-2.19524,1.927642,3.828881,4.59818,4.535245,4.628458,4.502238,-1.0,33.529015,35.04963805,0.664104761625798,33.721428526748404,36.37784757325159,34.84126003441577,-0.23425290207117655,-0.02219694197318823
2015-12-14,0.184648,0.501182,-1.661833,0.105627,0.105625,1.028749,3.1944,4.065762,4.291736,4.312311,4.289978,0.0,33.56443,35.004926749999996,0.7325610703938871,33.53980460921222,36.47004889078777,34.719657173995216,-0.30402317315223115,0.0010556919022155816
2015-12-15,0.052029,0.546314,-0.312172,1.398045,1.398034,-0.327774,1.196676,2.299695,2.752348,2.712807,2.800042,1.0,34.033672,34.970397250000005,0.762164026943789,33.446069196112425,36.494725303887584,34.65432525266234,-0.3177894291484833,0.013883512210155012
2015-12-16,0.0,0.12658,-1.088608,2.757547,2.75754,-2.562015,-1.678471,-0.53501,0.00634,-0.059736,0.081867,1.0,34.972164,34.9743813,0.7619435368409668,33.450494226318064,36.49826837368193,34.684595609551636,-0.25008796670509525,0.02720204329210485
2015-12-17,0.404142,0.732511,-0.151556,0.227848,0.227864,-2.344031,-1.919682,-0.857124,-0.251331,-0.302101,-0.183553,0.0,35.051853,34.9637568,0.7591639303647335,33.445428939270535,36.48208466072946,34.71957250388005,-0.18783854779127296,0.0022760486420459686
2015-12-18,0.840127,0.86558,-0.25458,-0.783029,-0.783031,-0.855398,-1.293278,-0.217243,0.418789,0.455194,0.584691,-1.0,34.777386,34.92302975,0.7454151091156673,33.43219953176866,36.413859968231336,34.72507855112957,-0.1588218287244203,-0.007861131450790875
2015-12-21,0.557529,0.937666,-0.65889,0.458248,0.458246,-0.522048,-1.730863,-0.746746,-0.146982,0.051701,0.092079,0.0,34.936752,34.885401200000004,0.7233654828103715,33.43867023437926,36.33213216562075,34.745237927212465,-0.12156503938458485,0.004571993061258045
2015-12-22,-0.530703,0.151633,-1.036138,0.278766,0.278769,-0.22745,-1.700786,-1.204621,-0.523127,-0.191057,-0.221551,0.0,35.034145,34.85087205,0.6972013531388445,33.45646934372231,36.24527475627769,34.77275288652556,-0.08322064842733568,0.0027838163314288984
2015-12-23,-0.842836,0.123944,-0.842836,1.945919,1.94591,-1.715414,-3.153193,-3.055689,-2.383485,-2.003961,-2.069901,1.0,35.715878,34.864595249999994,0.7119814376651448,33.440632374669704,36.28855812533028,34.86257432590408,0.002152896036911045,0.01927219445564661
2015-12-24,-0.421214,0.322104,-0.421214,0.049581,0.049589,-1.382562,-2.794851,-2.988112,-2.407091,-2.000005,-2.067233,0.0,35.733589,34.87344895,0.7220680541275709,33.42931284174485,36.31758505825514,34.9455281043894,0.07042930955121562,0.0004957629806462761
2015-12-28,-0.074941,0.349735,-0.599545,-0.817646,-0.817648,-0.194852,-1.453908,-2.160045,-1.613788,-1.209091,-1.221582,-1.0,35.441414,34.8694647,0.7185174592917818,33.43242978141644,36.306499618583565,34.99275533254279,0.09981220550059078,-0.008210091432918362
2015-12-29,-0.24826,0.273088,-0.397219,0.624532,0.624535,-0.407151,-1.477163,-2.623304,-2.177261,-1.825225,-1.722113,1.0,35.662758,34.88628655,0.7335571780197572,33.419172193960485,36.35340090603952,35.05656511039586,0.13935260311902908,0.006225927642635909
2015-12-30,0.251884,0.831229,-0.151139,-1.439916,-1.439922,1.11335,0.279597,-0.977329,-0.867759,-0.456423,-0.246011,-1.0,35.149242,34.8442314,0.6897308525374978,33.464769694925,36.22369310507499,35.06539148083435,0.12777924395264506,-0.014503897701925436
2015-12-31,0.430702,0.532047,-0.228021,-0.579345,-0.579324,1.261702,0.856328,-0.258443,-0.373722,0.066866,0.340323,-1.0,34.945614,34.81501465,0.6712847762204666,33.47244509755907,36.15758420244094,35.05398410170727,0.10101179453221931,-0.005810086058923104
