date,c_open,c_high,c_low,n_close,n_adj_close,adj_sum_5,adj_sum_10,adj_sum_15,adj_sum_20,adj_sum_25,adj_sum_30,label,closing_price_for_label,melody_ma20,melody_std20,melody_lb20,melody_ub20,melody_ema20,melody_macd_12_26,melody_str_log_return
2013-06-03,-0.507614,0.0,-1.581863,0.629602,0.629602,1.083712,2.142901,2.152407,1.605295,1.247501,0.972261,1.0,75.248734,,,,,,,
2013-06-04,0.737221,1.105828,-0.642093,-0.720105,-0.720106,0.982178,2.496931,2.805398,2.345347,1.941855,1.700794,-1.0,74.706863,,,,,,,-0.007227117485276475
2013-06-05,0.274861,1.577438,-0.239002,-0.499403,-0.499388,1.018159,2.503588,3.11096,2.786602,2.409801,2.166113,0.0,74.333786,,,,,,,-0.0050063896223534075
2013-06-06,-1.030077,0.0,-2.143023,0.932121,0.932108,-0.277052,1.161511,1.959336,1.815914,1.504701,1.25022,1.0,75.026657,,,,,,,0.0092779045943166
2013-06-07,0.05888,0.317979,-0.600638,0.532803,0.53282,-0.633628,0.354482,1.270758,1.299572,0.984886,0.726389,0.0,75.426414,,,,,,,0.005314054915285728
2013-06-10,-0.152686,0.669486,-0.481555,0.270869,0.27086,-0.801033,-0.113927,0.817668,1.027099,0.713495,0.479945,0.0,75.630714,,,,,,,0.002704938552342606
2013-06-11,0.082654,0.38965,-0.661241,-0.528538,-0.528523,-0.13462,0.072014,1.143692,1.533219,1.278932,1.003929,-1.0,75.230988,,,,,,,-0.005299249976998162
2013-06-12,1.719611,2.101746,-0.047768,-1.121743,-1.12176,1.012666,0.979228,1.957658,2.530985,2.372906,2.115806,-1.0,74.387077,,,,,,,-0.011280990028963786
2013-06-13,-1.542817,0.05888,-2.155225,1.397189,1.397201,-0.273237,-0.539408,0.325827,0.995907,0.966387,0.760069,1.0,75.426414,,,,,,,0.013875301453619236
2013-06-14,-0.235549,0.671298,-0.294429,0.0,0.0,-0.273237,-0.453433,0.145243,0.884759,0.98501,0.775199,0.0,75.426414,,,,,,,0.0
2013-06-17,-0.303625,0.899223,-0.759073,0.847948,0.847932,-0.997298,-1.182984,-0.78943,-0.068748,0.159742,-0.051889,1.0,76.065979,,,,,,,0.00844357643432092
2013-06-18,-0.706347,0.092637,-0.845303,0.85251,0.852497,-1.447413,-1.75658,-1.724544,-0.97097,-0.633611,-0.807511,1.0,76.714439,,,,,,,0.008488835185868798
2013-06-19,1.850105,1.932594,-0.070702,-1.736915,-1.736867,0.558542,0.118994,-0.049521,0.598608,1.053887,0.944533,-1.0,75.382011,,,,,,,-0.01752127794225487
2013-06-20,1.924469,2.214953,-0.60518,-2.639639,-2.639671,2.730576,2.610753,2.388446,3.012592,3.582316,3.592523,-1.0,73.392174,,,,,,,-0.026751356964488777
2013-06-21,-0.240381,1.346158,-0.841343,0.702002,0.702009,1.603365,1.689907,1.596155,2.053489,2.687269,2.817691,1.0,73.907394,,,,,,,0.00699556839366058
2013-06-24,-1.997403,0.827322,-2.127412,1.694716,1.694692,-0.330913,-0.067347,-0.104775,0.222216,0.842587,1.084187,1.0,75.159897,,,,,,,0.016804927058258534
2013-06-25,-0.222606,0.281193,-0.94903,0.874598,0.874641,-1.431765,-0.856491,-0.873284,-0.779163,-0.125662,0.213218,1.0,75.817276,,,,,,,0.008708378112268007
2013-06-26,-1.195541,0.379356,-1.207031,1.9215,1.921505,-2.800342,-2.352015,-2.48843,-2.572732,-2.05175,-1.65045,1.0,77.274109,,,,,,,0.019032775455794636
2013-06-27,0.945681,1.28013,-0.25372,-0.321875,-0.321915,-1.543059,-1.82907,-2.000521,-2.21657,-1.785706,-1.34344,0.0,77.025352,,,,,,,-0.0032243432854833073
2013-06-28,1.001631,1.770319,-0.01165,-0.980277,-0.980262,0.051246,-0.746567,-0.956597,-1.150713,-0.876312,-0.403172,-1.0,76.270302,75.3926497,0.9857517715561124,73.42114615688779,77.36415324311223,75.58835768414315,,-0.009850978631654935
2013-07-01,-1.05044,1.16588,-1.304395,0.896804,0.896788,-0.371675,-1.513315,-1.722249,-1.918487,-1.766114,-1.319294,1.0,76.954285,75.47792725,1.044659914900887,73.38860742019821,77.56724707980177,75.71844599993904,,0.008927908459121657
2013-07-02,0.092413,0.727731,-0.41585,-0.069257,-0.069231,-0.020803,-1.420824,-1.509387,-1.707877,-1.746112,-1.281091,0.0,76.901009,75.58763455,1.0742164874015971,73.4392015751968,77.7360675248032,75.8310710475639,,-0.0006925468827787427
2013-07-03,-0.276559,0.299611,-0.783592,0.242577,0.242569,-0.311137,-1.438121,-1.514175,-1.767113,-1.931784,-1.564108,0.0,77.087547,75.7253226,1.0815028861770142,73.56231682764597,77.88832837235402,75.95073542398637,,0.0024227526523981206
2013-07-05,-0.330034,0.011374,-1.081148,1.256054,1.256045,-1.283713,-2.063272,-2.511283,-2.79162,-3.062704,-2.782515,1.0,78.055801,75.87677980000001,1.1856051452180218,73.50556950956397,78.24799009043605,76.1512178597972,,0.012482218336524928
2013-07-08,-0.564398,0.451521,-0.699848,0.819384,0.819398,-1.469696,-2.250821,-3.026681,-3.373972,-3.651431,-3.520716,1.0,78.695389,76.04022855000001,1.3360379414318821,73.36815266713624,78.71230443286377,76.39351987314984,,0.00816059577551158
2013-07-09,-0.25877,0.225028,-0.585054,0.327352,0.327356,-1.284882,-2.089339,-3.099317,-3.478854,-3.778135,-3.758258,0.0,78.953003,76.20634299999999,1.481102414062621,73.24413817187475,79.16854782812523,76.63728017094509,0.8038981898961595,0.00326821258414695
2013-07-10,-0.403408,0.268943,-0.481847,0.405042,0.405023,-1.084706,-2.048399,-3.275053,-3.613281,-3.935894,-4.085603,0.0,79.272781,76.40843265000001,1.6110562562783228,73.18632013744336,79.63054516255666,76.8882802499027,0.9104448256229745,0.00404205215229108
2013-07-11,0.156128,0.289954,-0.747182,0.481847,0.481867,-0.914473,-2.21926,-3.381297,-3.744851,-4.129372,-4.396129,0.0,79.65477,76.6718173,1.6917748544693783,73.28826759106124,80.05536700893876,77.15175546419769,1.0140181518975737,0.004807092705879218
2013-07-12,-0.333366,0.0,-0.677854,0.356864,0.356841,-0.795632,-2.202456,-3.17886,-3.804855,-4.224457,-4.587906,0.0,79.939011,76.89744714999999,1.813477173474254,73.27049280305148,80.5244014969485,77.41720837236933,1.1062840781594616,0.003562059859260107
2013-07-15,-0.542033,0.453535,-0.707965,0.455611,0.455602,-0.845121,-2.143792,-3.087006,-3.937486,-4.415914,-4.791284,0.0,80.303215,77.1412872,1.9294319648886284,73.28242327022274,81.00015112977725,77.6920661464294,1.1950182816050017,0.004545676083330484
2013-07-16,0.707963,1.393807,-0.298678,0.0,0.0,-0.508842,-1.726756,-2.660015,-3.673659,-4.183171,-4.581476,0.0,80.303215,77.353149,2.034896061964664,73.28335687607067,81.42294112392933,77.9407469896266,1.2509209392149927,0.0
2013-07-17,0.499284,0.931992,-0.277377,-0.298678,-0.298666,-0.013314,-1.037386,-2.014861,-3.17596,-3.654714,-4.072628,0.0,80.063377,77.52059589999999,2.1157536138824766,73.28908867223504,81.75210312776494,78.14290222870979,1.2613314323371583,-0.002991123971950948
2013-07-18,0.177447,0.865032,-0.121992,0.044381,0.044397,0.053216,-0.705346,-1.823234,-2.924486,-3.41223,-3.875281,0.0,80.098923,77.7564415,2.12768240677352,73.50107668645296,82.01180631354703,78.32918992121363,1.2579492325629502,0.00044387475184384144
2013-07-19,-2.157655,0.043363,-2.363656,2.284579,2.284591,-1.695787,-2.450421,-3.61707,-4.571747,-5.252111,-5.741467,1.0,81.928856,78.18327559999999,2.0613240638454124,74.06062747230916,82.30592372769081,78.67201526205042,1.3869413184086454,0.022588852625936927
2013-07-22,-0.216728,0.303423,-0.726049,0.054208,0.054179,-1.341561,-2.103375,-3.205455,-4.131441,-4.983955,-5.526289,0.0,81.973244,78.5865681,1.967631239951519,74.65130562009696,82.52183057990302,78.98641799899801,1.4757388179355218,0.0005416404193135222
2013-07-23,-0.032459,0.476091,-0.335422,0.151711,0.151707,-1.05387,-1.868634,-2.934418,-3.854132,-4.834007,-5.406826,0.0,82.097603,78.9334534,1.9431199037488092,75.04721359250239,82.81969320749762,79.28272133242677,1.5384123481296683,0.0015159185935678257
2013-07-24,0.31399,0.324819,-0.66046,-0.064918,-0.064931,-0.506692,-1.467067,-2.453423,-3.412171,-4.512321,-5.068551,0.0,82.044296,79.24480439999999,1.9162267671024042,75.41235086579519,83.0772579342048,79.54572844362421,1.5657313663942602,-0.0006495233965107928
2013-07-25,-0.61575,0.194447,-0.885816,0.22737,0.2274,-0.2139,-1.377347,-2.257759,-3.329921,-4.395816,-4.965978,0.0,82.230865,79.4926422,1.967780227905082,75.55708174418984,83.42820265581017,79.80145573470762,1.5841750602893825,0.00227142166933745
2013-07-26,-0.549394,0.107722,-1.271141,0.280871,0.280874,-0.364123,-1.347639,-2.175315,-3.271045,-4.223646,-4.947765,0.0,82.46183,79.7644661,1.9844369755646867,75.79559214887064,83.73334005112937,80.05482471235452,1.5989965291782653,0.0028048014080416404
2013-07-29,-0.622253,0.193112,-0.643706,0.409347,0.409347,-0.570764,-1.448351,-2.243688,-3.271117,-4.184538,-5.038452,0.0,82.799385,80.09092025,1.9152011825143387,76.26051788497132,83.92132261502867,80.316211406416,1.6193140728470183,0.004085114216675616
2013-07-30,0.321995,0.858649,-0.160997,-0.042915,-0.042948,-0.367049,-1.108701,-1.894722,-2.878585,-3.775869,-4.727892,0.0,82.763824,80.38139720000001,1.8540185716462898,76.67336005670742,84.0894343432926,80.54931736770972,1.6139418797345257,-0.000429576120946701
2013-07-31,-0.288767,0.983955,-0.331549,0.354193,0.354213,-0.474862,-1.097323,-1.937253,-2.850799,-3.766842,-4.809621,0.0,83.056984,80.68919595,1.754110566457235,77.18097481708553,84.19741708291447,80.78814276126117,1.6147263793787658,0.003535868736483029
2013-08-01,0.415919,0.671862,-0.074651,0.288767,0.288781,-0.505499,-0.998195,-1.928132,-2.75782,-3.754727,-4.76699,0.0,83.296837,80.99966045,1.6280651461035407,77.74353015779292,84.25579074220707,81.02706602209344,1.616073148280904,0.0028836508204635246
2013-08-02,-0.879332,0.0,-0.99587,0.661194,0.661199,-0.828491,-1.419658,-2.261554,-3.051185,-4.061461,-4.976882,1.0,83.847595,81.28925015,1.5915650214406407,78.10612010711871,84.47238019288129,81.29568782951311,1.6426466321981792,0.006590228423936216
2013-08-05,0.266525,0.533049,-0.394459,-0.625062,-0.625054,-0.078914,-0.637551,-1.405141,-2.163671,-3.119427,-4.002511,-1.0,83.323502,81.5206558,1.5298365677883194,78.46098266442336,84.58032893557665,81.48881298860711,1.6029387049858173,-0.006270159452912744
2013-08-06,0.074618,0.138582,-0.330453,0.010656,0.010621,0.046923,-0.499932,-1.173278,-1.911297,-2.823565,-3.685804,0.0,83.332352,81.73962325,1.454540366816255,78.83054251636749,84.6487039836325,81.66438813254929,1.554267380759768,0.00010620689037788269
2013-08-07,-0.064068,0.395041,-0.202865,-0.159891,-0.159899,0.241318,-0.201776,-0.763739,-1.518243,-2.365136,-3.235802,0.0,83.199104,81.9359394,1.3663635690455052,79.20321226190899,84.668666538091,81.81055154849697,1.4877926580099086,-0.001600274586393899
2013-08-08,0.996359,1.1035,-0.674949,-0.34167,-0.341648,0.492826,0.222844,-0.197126,-0.984036,-1.749302,-2.677307,0.0,82.914856,82.0989437,1.2710371748128884,79.55686935037423,84.64101804962579,81.91572340102107,1.3960813663054807,-0.0034223285921771525
2013-08-09,1.115199,1.115199,-0.62798,-1.04992,-1.049945,1.119549,1.235403,0.871247,0.194909,-0.512323,-1.440719,-1.0,82.044296,82.20420795,1.1655412194701453,79.87312551105971,84.53529038894028,81.92796841044763,1.2388716492572058,-0.010554953412884923
2013-08-12,0.086959,0.836953,-0.271739,-0.38978,-0.389744,1.123892,1.499984,1.245637,0.673899,0.025203,-0.832622,0.0,81.724533,82.27527384999999,1.0840117247920678,80.10725040041585,84.44329729958413,81.90859360945261,1.07607528804553,-0.003905058225109765
2013-08-13,-1.204175,0.365548,-1.343941,1.097828,1.097809,-0.146223,0.380608,0.188513,-0.278998,-0.883343,-1.680819,1.0,82.621712,82.3911987,0.9811051458541558,80.42898840829169,84.35340899170832,81.9765096466476,1.0078351499105054,0.010918264820670251
2013-08-14,2.304304,2.480706,-0.209476,-2.483609,-2.483603,1.744211,2.628448,2.618158,2.292175,1.705404,0.975011,-1.0,80.569717,82.41651569999999,0.9226678008525814,80.57118009829483,84.26185130170515,81.84252939458592,0.7791934445350819,-0.025149643819593125
2013-08-15,0.859851,0.960358,-0.513687,-1.26791,-1.267912,2.204351,3.475151,3.711146,3.571187,3.006138,2.374835,-1.0,79.548164,82.38897775000001,1.0004220246809572,80.3881337006381,84.38982179936193,81.62401840462536,0.5096871004998036,-0.01276018461586781
2013-08-16,-0.268553,0.481146,-0.671373,-0.201005,-0.201005,1.741077,3.12185,3.661927,3.61978,3.185854,2.636975,0.0,79.388268,82.26194835,1.202756875539711,79.85643459892057,84.66746210107942,81.41108979466104,0.27997176998215423,-0.0020120755440667703
2013-08-19,-1.083467,0.88447,-1.21614,1.208452,1.208447,0.183535,1.520182,2.220757,2.28138,1.956008,1.480017,1.0,80.347633,82.18066780000001,1.2759925018933609,79.62868279621328,84.73265280378673,81.30980819516951,0.17333535125767696,0.012012033981688283
2013-08-20,0.913853,2.139751,0.0,-0.796013,-0.796006,0.25632,1.880078,2.785389,2.952185,2.744229,2.325862,-1.0,79.708061,82.0611907,1.3908794928842385,79.27943171423152,84.84294968576847,81.15726084324861,0.0367929793082169,-0.007991910667698639
2013-08-21,0.754502,0.934678,-0.135139,-1.036443,-1.03645,0.878381,2.399776,3.509013,3.829959,3.760364,3.381009,-1.0,78.881927,81.90307225,1.5621134952606561,78.77884525947869,85.0272992405213,80.94056238198684,-0.13650638309442797,-0.010418582954196644
2013-08-22,0.566508,0.872419,-0.158621,-0.608109,-0.608111,1.203267,2.450718,3.726118,4.221058,4.30864,3.960274,-1.0,78.402237,81.71164085,1.7438501355817986,78.22394057883639,85.1993411211636,80.6988171075119,-0.30899247747719016,-0.006099679396604389
2013-08-23,-0.54293,0.033931,-1.357318,0.169955,0.924678,0.210051,1.1434,2.378069,3.055466,3.211331,2.973586,1.0,79.127205,81.5449096,1.825834939785092,77.89323972042982,85.19657947957018,80.54913976393934,-0.38277766848960937,0.00920428726206804
2013-08-26,0.948249,1.085347,-0.159945,-0.995368,-0.995376,0.704896,1.728193,2.983232,3.806923,4.063467,3.925313,-1.0,78.339592,81.32191995,1.9337127641021852,77.45449442179563,85.18934547820436,80.33870664356417,-0.49905396722024875,-0.010003627217907884
2013-08-27,0.928401,1.056057,-0.243703,-1.553754,-1.55377,1.623773,2.620696,4.071802,5.079554,5.44785,5.428079,-1.0,77.122375,81.0398475,2.115251001451207,76.80934549709758,85.2703495029024,80.0323893441771,-0.6815663383941626,-0.01565967416680068
2013-08-28,-0.196461,0.43916,-0.751187,0.41778,0.417794,0.829769,1.790205,3.143438,4.280015,4.771553,4.876722,0.0,77.444588,80.7592277,2.203986232564381,76.35125523487123,85.16720016512876,79.78593207330309,-0.7910896224945958,0.004169241091199103
2013-08-29,-0.184817,0.658426,-0.66998,0.046228,0.046223,0.545227,1.476299,2.628185,3.856486,4.477899,4.715614,0.0,77.480385,80.46840510000001,2.2350479066079,75.9983092867842,84.93850091321582,79.56635616155994,-0.8650275958212035,0.00046212046959077257
2013-08-30,0.428185,0.428185,-0.64808,-0.184817,-0.184807,0.268475,1.39897,2.412436,3.627865,4.406285,4.711587,0.0,77.337196,80.14288515,2.190645483371647,75.7615941832567,84.52417611674329,79.35405519379233,-0.924520827392513,-0.0018497775240250358
2013-09-03,0.543857,1.018289,-0.451283,0.011566,0.011562,-2e-06,0.999187,2.023211,3.229481,4.112197,4.50007,0.0,77.346138,79.84401695,2.1410603877717316,75.56189617445654,84.12613772554346,79.16282498485972,-0.9598831617872321,0.0001156168512627548
2013-09-04,-0.506333,0.402759,-0.747988,0.555432,0.55543,-0.384351,0.192858,1.044293,2.30206,3.280583,3.737624,1.0,77.775742,79.56618645,2.0217779592119998,75.522630531576,83.60974236842401,79.03072184344451,-0.9423794504236866,0.005538936200966722
2013-09-05,-0.045957,0.149353,-0.482534,0.161104,0.1611,-0.427387,-0.094208,0.65339,1.797465,2.849722,3.393484,0.0,77.901039,79.3012832,1.8614551138782356,75.57837297224353,83.02419342775647,78.9231330012117,-0.9079311472138016,0.0016097073211626524
2013-09-06,0.068835,0.871953,-1.33089,0.137871,0.137876,-0.429099,-0.282246,0.383219,1.342825,2.436942,3.070699,0.0,78.008446,79.0559627,1.674030188514249,75.70790232297149,82.4040230770285,78.83601995347725,-0.8620268623944867,0.0013778124787149086
2013-09-09,-0.194151,0.045683,-0.628136,0.458919,0.458917,-0.621285,-0.834855,-0.16228,0.645212,1.689218,2.425653,0.0,78.36644,78.87206990000001,1.5237443281388923,75.82458124372224,81.91955855627779,78.79129805314608,-0.7876803730073618,0.004578671608716695
2013-09-10,-0.440529,0.056481,-0.768102,1.107813,1.107816,-1.233481,-1.808429,-1.349829,-0.614659,0.368612,1.15343,1.0,79.234596,78.74757305,1.3726468648543402,76.00227932029132,81.49286677970868,78.83351690522741,-0.6512006747922925,0.011017247137397919
2013-09-11,-0.672426,0.044821,-1.221567,0.790697,0.790704,-1.486057,-2.235806,-2.110964,-1.567176,-0.592645,0.238724,1.0,79.861107,78.6095428,1.0674363570795193,76.47467008584096,80.74441551415904,78.93138262853908,-0.4868729605235842,0.007875941672168414
2013-09-12,0.325807,0.629141,-0.146057,-0.246555,-0.246553,-0.799917,-1.715548,-1.803555,-1.38072,-0.524437,0.344514,0.0,79.664207,78.56426730000001,0.9967849214850637,76.57069745702988,80.55783714297014,79.00117542582107,-0.36828488854069974,-0.002468574987291575
2013-09-13,0.632265,0.767754,-0.417752,-0.494329,-0.494322,0.011281,-1.00148,-1.242723,-0.908321,-0.214164,0.673692,0.0,79.270409,78.55037955,0.9842108622622878,76.58195782547543,80.51880127452458,79.02681671860003,-0.30259111261632654,-0.004955481892854912
2013-09-16,0.449288,0.606538,-0.22464,0.519362,0.519339,-0.175208,-1.21868,-1.706533,-1.401846,-0.848294,-0.020699,0.0,79.682091,78.5650707,0.9994510746077654,76.56616855078448,80.56397284921553,79.08922379301907,-0.21483256894205738,0.005179948984962545
2013-09-17,-0.011223,0.179658,-0.538958,0.033695,0.033694,-0.089812,-0.955523,-1.625111,-1.475121,-0.982839,-0.205532,0.0,79.708939,78.533136,0.9483963304674815,76.63634333906504,80.42992866093496,79.14824428892202,-0.14148591997854965,0.00033688219787413536
2013-09-18,-1.112223,0.0,-1.790681,0.95442,0.954419,-0.8831,-1.557107,-2.277828,-2.359246,-2.025916,-1.267565,1.0,80.469696,78.57121774999999,1.0112646558056657,76.54868843838865,80.59374706161132,79.2740968328342,-0.021721053468937157,0.009498928745743228
2013-09-19,-0.022202,0.144329,-0.310868,0.177951,0.17795,-0.823797,-1.39557,-2.189398,-2.425327,-2.197809,-1.549887,0.0,80.612892,78.65776600000001,1.108639502678125,76.44048699464376,80.87504500535626,79.40160113446903,0.08378239526047082,0.0017779207485818789
2013-09-20,0.579836,1.15968,0.0,-0.432997,-0.432989,-0.144964,-0.685769,-1.532855,-1.885034,-1.736828,-1.231851,0.0,80.263847,78.7508465,1.1628791608079057,76.42508817838419,81.0766048216158,79.48371978832913,0.1376429616979209,-0.004339291682108007
2013-09-23,0.381641,0.740828,-0.314287,-0.657899,-0.657915,0.529814,0.143696,-0.68019,-1.197083,-1.068625,-0.674244,-1.0,79.735779,78.78127520000001,1.1810655114310282,76.41914417713795,81.14340622286207,79.50772542753587,0.13614774780478456,-0.006600889397105414
2013-09-24,0.906819,1.110855,-0.079346,-0.976535,-0.976508,1.330748,1.096112,0.435265,-0.183644,-0.163468,0.188414,-1.0,78.957153,78.81215325000001,1.1769760310460078,76.45820118790799,81.16610531209203,79.45528995824674,0.07131212725825264,-0.009813067770699112
2013-09-25,1.53881,1.596232,-0.011486,-1.292223,-1.292221,2.007334,2.172701,1.763882,1.175343,1.052625,1.299649,-1.0,77.936852,78.8528771,1.1285251689094868,76.59582676218103,81.10992743781897,79.3106768193661,-0.06168921792502147,-0.013006429192941475
2013-09-26,0.241184,0.723552,-0.401974,-0.011486,-0.011513,1.329977,1.961653,1.777896,1.218001,1.01529,1.198309,0.0,77.927879,78.87704165,1.101636984498219,76.67376768100355,81.08031561899644,79.17898178895028,-0.16590533488712822,-0.00011513829911802045
2013-09-27,0.092235,0.24213,-0.334372,-0.390487,-0.390457,1.04691,2.149178,2.143801,1.623989,1.371134,1.512349,0.0,77.623604,78.88420260000001,1.0925081579129958,76.69918628417402,81.069218915826,79.03085057095501,-0.2699381292604244,-0.00391221455713198
2013-09-30,-0.415273,0.299913,-0.622909,-0.046121,-0.046146,0.539866,1.92641,2.124052,1.687054,1.33857,1.481862,0.0,77.587784,78.896732,1.0751313132949145,76.74646937341016,81.04699462658984,78.89341565943549,-0.35122652223940065,-0.000461564078480276
2013-10-01,-1.006065,0.022862,-1.38333,0.899757,0.899761,-0.528176,0.835717,1.132583,0.840293,0.432152,0.489123,1.0,78.285889,78.94371955,1.0230725213896947,76.89757450722061,80.98986459277938,78.83555597758449,-0.355222140416771,0.008957377525526748
2013-10-02,-0.183302,0.0,-0.973764,-0.205785,-0.205788,-0.274942,0.743503,1.192965,1.070577,0.690579,0.628791,0.0,78.124786,78.96117175,1.0049157941352065,76.95134016172959,80.97100333827042,78.76786359876692,-0.3671560163059837,-0.00206000078922265
2013-10-03,0.704551,0.947101,-0.346504,-0.81338,-0.813362,0.429651,1.166539,1.835669,1.872823,1.518584,1.394074,-1.0,77.489349,78.94058725,1.0316355343703265,76.87731618125935,81.00385831874064,78.64610030364626,-0.4230119359763762,-0.008166874196255263
2013-10-04,-0.561216,0.125988,-0.859008,0.843146,0.84313,-0.277168,0.049257,0.888029,1.029673,0.703709,0.535266,1.0,78.142685,78.9472992,1.02567116216094,76.89595687567812,80.99864152432188,78.59815598901329,-0.4098350760489069,0.008395955782637066
2013-10-07,0.127037,0.450407,-0.346455,-0.82465,-0.824638,0.528927,0.592447,1.53905,1.813718,1.549369,1.301149,-1.0,77.498291,78.90389175,1.0690026966638093,76.76588635667238,81.04189714332762,78.4934069424406,-0.4462454897689838,-0.008280565935938131
2013-10-08,1.179771,1.319936,-0.046725,-1.131765,-1.131775,1.245183,1.439087,2.432739,2.80867,2.67399,2.386016,-1.0,76.621185,78.7732212,1.1803758878736537,76.41246942425269,81.1339729757473,78.3151000907796,-0.5396553182987418,-0.011382279414564085
2013-10-09,-0.034899,0.314104,-0.535131,0.408828,0.408846,0.523489,0.895752,1.709308,2.199847,2.212179,1.960977,0.0,76.934448,78.62688825000001,1.2191839854867386,76.18852027902653,81.06525622097348,78.18360941546726,-0.5817000977075395,0.004080129507016018
2013-10-10,-1.207562,0.0,-1.230351,2.117264,2.117275,-1.287328,-1.115308,-0.573426,0.010799,0.126658,-0.10559,1.0,78.563362,78.571846,1.194487219391771,76.18287156121644,80.96082043878354,78.21977632827989,-0.4780702457035204,0.020951723850489806
2013-10-11,-0.927886,0.033545,-1.598659,1.902481,1.90245,-2.651747,-2.657341,-2.446795,-1.807147,-1.640237,-1.863229,1.0,80.057991,78.6112251,1.2311487373103227,76.14892762537936,81.07352257462064,78.39484439225325,-0.2722010084274018,0.01884580112363647
2013-10-14,-1.080179,0.100218,-1.302902,0.391287,0.391276,-2.316244,-2.690411,-2.7743,-2.146983,-1.923818,-2.119884,0.0,80.371239,78.6456825,1.2716745271770904,76.10233344564583,81.18903155435419,78.5830724501339,-0.08281699622044414,0.003905128736037694
2013-10-15,0.444793,1.701322,0.0,0.144763,0.144773,-1.496713,-2.557539,-2.788089,-2.240072,-2.003331,-2.131282,0.0,80.487595,78.68461529999999,1.317049692802213,76.05051591439556,81.31871468560442,78.76445555012116,0.07578653466786989,0.0014466848652330661
2013-10-16,-0.75733,0.065851,-1.042692,1.312133,1.312154,-1.641985,-3.400299,-3.752256,-3.440363,-3.190006,-3.244811,1.0,81.543716,78.73831630000001,1.4121287724959184,75.91405875500817,81.56257384499185,79.0291470215382,0.283433864740843,0.013036195906638716
2013-10-17,-1.19604,0.032618,-1.304778,0.943914,0.943901,-1.650543,-3.717518,-4.297055,-4.239973,-3.966514,-3.970863,1.0,82.313408,78.8233421,1.5729741291272903,75.67739384174543,81.96929035825458,79.34193378139169,0.5042904354277482,0.0093947414962712
2013-10-18,0.130965,0.458372,-0.534757,-0.36969,-0.369692,-0.809776,-2.888787,-3.585431,-3.778236,-3.476589,-3.451923,0.0,82.009102,78.91060485,1.700347033153808,75.50991078369238,82.31129891630762,79.59594980221152,0.6473041881262986,-0.0037037694698075193
2013-10-21,0.471491,0.471491,-0.471491,-0.469279,-0.469277,-0.035084,-1.925435,-2.801168,-3.208879,-2.926315,-2.863668,0.0,81.624252,79.00502850000001,1.7982019176071222,75.40862466478576,82.60143233521426,79.78912144009614,0.7212750292647456,-0.004703817408713979
2013-10-22,-0.89866,0.216541,-0.93114,1.271934,1.271927,-0.764394,-2.426369,-3.668972,-4.200407,-4.002595,-3.945427,1.0,82.662453,79.1902935,1.975175836255609,75.23994182748878,83.14064517251121,80.06277206484889,0.8538291865183396,0.012639060728078973
2013-10-23,-0.032571,0.358308,-0.629751,-0.28151,-0.281511,-0.269267,-1.484248,-3.048852,-3.65743,-3.636475,-3.570387,0.0,82.429749,79.41493835,2.077938278151796,75.2590617936964,83.5708149063036,80.28819843962518,0.9293886295344862,-0.0028190811109592836
2013-10-24,0.324855,0.693016,-0.227395,0.271444,0.27143,-0.456943,-1.256074,-2.894764,-3.632356,-3.798572,-3.710863,0.0,82.653488,79.65121880000001,2.1667221371464525,75.31777452570711,83.98466307429291,80.51346411204183,0.9958444252931713,0.0027106221208030414
2013-10-25,-0.054289,0.195462,-0.336624,-0.28154,-0.281514,-0.076021,-0.690634,-2.274589,-3.069283,-3.422307,-3.311619,0.0,82.420807,79.89107895,2.195782449698192,75.49951405060361,84.28264384939638,80.69511581565689,1.018000830228985,-0.002819108257892899
2013-10-28,-0.465418,0.443775,-0.508714,0.325772,0.325778,-0.142888,-0.732776,-2.173407,-3.075561,-3.593041,-3.50436,0.0,82.689316,80.14615555,2.2103992528809364,75.72535704423814,84.56695405576187,80.88503964273718,1.0451782092501531,0.003252486665589033
2013-10-29,-0.365038,0.042947,-0.601242,0.811776,0.811772,-0.779481,-1.187467,-2.422167,-3.55165,-4.158049,-4.13536,1.0,83.360565,80.39988935,2.2759110603234216,75.84806722935315,84.95171147064684,81.1208039624765,1.1081070935630208,0.00808495197206759
2013-10-30,0.517293,0.711279,-0.150877,-0.375776,-0.375783,-0.256496,-0.633693,-1.56339,-2.891478,-3.550386,-3.670298,0.0,83.04731,80.64601554999999,2.283082296207702,76.07985095758458,85.21218014241539,81.30428072795493,1.119793346588068,-0.003764910404878913
2013-10-31,0.259148,0.799047,-0.313142,-0.193986,-0.193998,-0.006467,-0.371444,-1.024361,-2.377165,-3.123629,-3.391635,0.0,82.8862,80.91585810000001,2.2080524078473207,76.49975328430537,85.33196291569465,81.45493970624494,1.1033359853217917,-0.0019418627452229237
2013-11-01,-1.060304,0.224911,-1.060304,0.820648,0.82066,-0.546216,-0.996044,-1.550112,-2.84728,-3.627724,-4.046273,1.0,83.566414,81.18704455,2.1824482751861356,76.82214799962773,85.55194110037226,81.65603249612639,1.1321304973174762,0.008173110294383085
2013-11-04,0.462216,0.505214,-0.644952,-0.364147,-0.364158,-0.045137,-0.437486,-0.958822,-2.146072,-3.002893,-3.554399,0.0,83.2621,81.475235,2.0460026066494295,77.38322978670114,85.56724021329886,81.80899130601911,1.117512767430128,-0.003648229313175337
2013-11-05,-0.290914,0.150845,-0.571058,-0.236484,-0.236463,0.120667,-0.153012,-0.517196,-1.526246,-2.542839,-3.160948,0.0,83.065216,81.79743655,1.7233133335055446,78.35080988298891,85.24406321701109,81.92863175306492,1.0776190956673304,-0.002367429436024331
2013-11-06,-0.01075,0.171965,-0.343938,0.247821,0.247816,-0.073094,-0.298804,-0.624829,-1.389195,-2.536551,-3.186809,0.0,83.271065,82.11426739999999,1.3167275121600701,79.48081237567985,84.74772242432013,82.0564825384873,1.0505038132814661,0.002475095677864619
2013-11-07,0.539433,0.712047,0.0,-0.376181,-0.376179,0.321495,0.114352,-0.197803,-0.751981,-1.904855,-2.619135,0.0,82.957817,82.33399015,1.0279960197256919,80.27799811054862,84.38998218945139,82.14232391577423,0.9922996482978732,-0.0037688801972821147
2013-11-08,-1.509842,0.053158,-1.584269,1.467257,1.467244,-0.984579,-1.12493,-1.469431,-1.942583,-3.036682,-3.767854,1.0,84.175011,82.53984115,0.9580801381210621,80.62368087375788,84.45600142624212,82.33591316189097,1.0324879333016383,0.014565846038415011
2013-11-11,-0.339379,0.371193,-0.371194,0.255181,0.25518,-0.969341,-1.175092,-1.501746,-1.954074,-2.956831,-3.744119,0.0,84.389809,82.74076964999999,0.8989038350587538,80.94296197988248,84.5385773201175,82.53152228932993,1.069343120318237,0.0025485521387145077
2013-11-12,0.448915,0.566479,-0.598544,-0.77421,-0.774206,-0.036335,-0.359124,-0.64771,-0.995081,-1.859766,-2.776113,-1.0,83.736458,82.9032128,0.7518180678674854,81.39957666426504,84.40684893573497,82.64627807129851,1.033912852364665,-0.007772185757317438
2013-11-13,0.021432,0.11785,-1.092775,-0.235145,-0.235142,0.263555,-0.06535,-0.324975,-0.642274,-1.31219,-2.330903,0.0,83.539558,83.0030049,0.6919428078044021,81.61911928439119,84.3868905156088,82.73135235022247,0.9786644902658281,-0.0023541939322459216
2013-11-14,-0.553658,0.234243,-0.553658,0.621386,0.621387,-0.093699,-0.543015,-0.829074,-1.152046,-1.660138,-2.673553,1.0,84.058662,83.09026759999999,0.7102069597636385,81.66985368047271,84.51068151952727,82.85776279305843,0.965635870498744,0.006194644071880533
2013-11-15,-0.805172,0.010598,-0.889921,0.500427,0.500403,-0.519107,-0.930163,-1.160412,-1.49802,-1.94044,-2.908126,0.0,84.479294,83.2137772,0.7268847533234521,81.76000769335309,84.6675467066469,83.01219433657667,0.9779785544932054,0.004991550667163587
2013-11-18,0.063625,0.318128,-0.30753,-0.095345,-0.095332,-0.422058,-0.70095,-0.931067,-1.239657,-1.655988,-2.542944,0.0,84.398758,83.35250249999999,0.6700967096503226,82.01230908069934,84.69269591930063,83.14424801880747,0.9700791695373709,-0.0009537770616306442
2013-11-19,-0.621973,0.063248,-0.9066,0.593847,0.593854,-0.735826,-1.071053,-1.395039,-1.690914,-2.028674,-2.793239,1.0,84.899963,83.464378,0.73268452110982,81.99900895778036,84.92974704221963,83.31145896939724,0.9928173246912024,0.005920971656550111
2013-11-20,-0.220704,0.33631,-0.514974,0.305715,0.305707,-0.657908,-1.15081,-1.53021,-1.830262,-2.15743,-2.767554,0.0,85.159508,83.60086595,0.78237610020809,82.03611374958382,85.16561815041618,83.48746363897845,1.0200224055132594,0.00305240513795163
2013-11-21,0.273111,0.577734,-0.157557,0.052543,0.052553,-0.441181,-0.939077,-1.400559,-1.73214,-2.073108,-2.558822,0.0,85.204262,83.72840464999999,0.8264752804408277,82.07545408911834,85.38135521088164,83.65096824479004,1.0332828602255688,0.0005253934099894631
2013-11-22,-0.902888,0.346459,-0.902888,0.052524,0.751019,-0.865325,-1.483058,-1.958649,-2.265255,-2.624377,-3.060492,1.0,85.844162,83.8995724,0.8932146547990322,82.11314309040193,85.68600170959806,83.85984384052432,1.0829429559662458,0.007482126643260442
2013-11-25,-0.146397,0.376452,-0.575128,0.398947,0.398942,-0.84436,-1.666041,-2.122006,-2.450719,-2.799561,-3.220772,0.0,86.18663,84.0744381,0.9817590985104845,82.11091990297902,86.03795629702097,84.08144252237915,1.1368285927321153,0.003981478529785561
2013-11-26,0.547027,0.852099,-0.094674,-0.596046,-0.596061,-0.069347,-0.850368,-1.332176,-1.730827,-2.076157,-2.438701,-1.0,85.672905,84.19005510000001,1.0283175691228086,82.1334199617544,86.24669023824562,84.23301037739067,1.1251104609363551,-0.005978446643899934
2013-11-27,0.37902,0.410613,-0.389558,-0.084152,-0.084128,0.117905,-0.526084,-1.067655,-1.498933,-1.845526,-2.19857,0.0,85.60083,84.31773109999999,1.0374487855905332,82.24283352881892,86.39262867118106,84.36327891287728,1.0973582441626206,-0.000841635225091808
2013-11-29,0.602154,0.887382,-0.242979,-0.336912,-0.336929,0.481727,-0.042835,-0.549198,-1.023736,-1.389029,-1.750757,0.0,85.312416,84.43904189999999,1.0025097513065622,82.43402239738687,86.44406140261312,84.45367292117467,1.040102162711264,-0.0033749785989607714
2013-12-02,0.137892,0.40306,-0.328806,-0.401442,-0.401428,0.680944,0.417783,-0.085996,-0.542226,-0.87158,-1.238615,0.0,84.969948,84.50921860000001,0.9872176925857181,82.53478321482858,86.48365398517144,84.5028419763009,0.9560710087227449,-0.0040223597288458835
2013-12-03,0.244755,0.627857,-0.489517,-0.328806,-0.328809,0.659781,0.78351,0.267289,-0.129787,-0.450041,-0.79212,0.0,84.690559,84.58064155,0.942921871547307,82.69479780690538,86.4664852930946,84.52071978808176,0.8570517968089746,-0.003293509579682235
2013-12-04,0.13885,0.662184,-0.534017,-0.361822,-0.361828,0.719864,1.088368,0.68257,0.311032,-0.040014,-0.363846,0.0,84.384125,84.646587,0.8750356254498047,82.89651574910039,86.3966582508996,84.50771076064541,0.7452607926393853,-0.0036248399616288433
2013-12-05,0.484024,0.709902,-0.333438,-0.704898,-0.704912,1.002487,1.642479,1.417202,1.054081,0.705039,0.397573,-1.0,83.789291,84.6724983,0.8390949798850781,82.99430834022985,86.35068825977015,84.43928983106012,0.6017311022770144,-0.007074084534123397
2013-12-06,-0.889458,0.042356,-1.080055,1.581156,1.581171,-0.616266,0.049766,-0.078745,-0.392213,-0.75779,-1.068807,1.0,85.114143,84.78031460000001,0.7398420282897166,83.30063054342058,86.25999865657944,84.50356156143535,0.5881079305996479,0.015688007526173522
2013-12-09,-0.148241,0.042356,-0.783572,0.0,0.0,-0.582384,-0.036003,-0.02902,-0.337044,-0.685054,-0.963328,0.0,85.114143,84.8272712,0.7291274098629397,83.36901638027412,86.28552601972588,84.56171217463198,0.5707324208170803,0.0
2013-12-10,0.467392,0.690463,-0.191205,-0.317665,-0.317665,-0.229447,0.124284,0.324532,0.007312,-0.293991,-0.563077,0.0,84.843765,84.849969,0.7218216678350802,83.40632566432984,86.29361233567016,84.58857434847656,0.5290464411205846,-0.003181708121428975
2013-12-11,1.385459,1.439154,-0.085922,-1.094113,-1.094118,0.76254,1.022452,1.356131,1.124281,0.849507,0.558958,-1.0,83.915474,84.8589198,0.7082697859632189,83.44238022807356,86.27545937192643,84.52446955338355,0.4163057625421942,-0.011001476046723595
2013-12-12,1.842905,1.86485,-0.098732,-2.094294,-2.094297,2.520845,2.764373,3.280682,3.203349,2.952585,2.673931,-1.0,82.158035,84.78984365,0.8882243836368661,83.01339488272626,86.56629241727373,84.29909483401369,0.18303738174665796,-0.0211653817306666
2013-12-13,0.120417,0.558296,-0.295562,0.208418,0.20843,1.631087,2.188285,2.833058,2.883661,2.70791,2.437824,0.0,82.329277,84.7033744,1.0351743196180967,82.63302576076381,86.77372303923619,84.1114931355362,0.011851688738801158,0.002082130953237511
2013-12-16,0.054717,1.039725,-0.229834,0.021899,0.021879,0.936859,1.847444,2.527465,2.731704,2.596662,2.366068,0.0,82.34729,84.5967742,1.1615276055218573,82.27371898895629,86.91982941104371,83.94347378929466,-0.12096628371736529,0.00021876822428346774
2013-12-17,0.705933,0.739023,-0.176488,-0.777059,-0.777038,0.959618,2.279935,2.964914,3.371526,3.268804,3.104296,-1.0,81.70742,84.4622073,1.3294394041233386,81.80332849175332,87.12108610824669,83.73051628555231,-0.27469117628311324,-0.007800729948501081
2013-12-18,-1.824268,0.021594,-3.098016,2.183979,2.183975,-1.299656,-0.012956,0.590098,1.077846,1.049925,0.917685,1.0,83.49189,84.39180365,1.3422590068241587,81.70728563635168,87.07632166364832,83.70778997264256,-0.24964963995959977,0.021604683575792344
2013-12-19,0.45662,0.45662,-0.608833,-0.712431,-0.712426,-0.413141,0.596859,1.094431,1.666657,1.743995,1.626769,-1.0,82.897072,84.27868185,1.3692188993115957,81.5402440513768,87.0171196486232,83.63057873715279,-0.2746350614729778,-0.007149759536044259
2013-12-20,-0.152024,0.716695,-0.152024,0.119584,0.119571,-0.371366,0.221532,0.787645,1.412216,1.571278,1.506939,0.0,82.996193,84.1682784,1.379640458335955,81.4089974833281,86.92755931667192,83.57016104790014,-0.2831737015592637,0.0011949974195222292
2013-12-23,0.575898,0.706293,-0.293379,-0.06515,-0.065148,-0.162985,0.024994,0.690357,1.303383,1.56336,1.523563,0.0,82.942123,84.02317645,1.3463112918676354,81.33055386626472,86.71579903373527,83.51034790048108,-0.2909497449139309,-0.0006516879671554901
2013-12-24,0.130352,0.358463,-0.228112,0.032597,0.03259,0.108634,-0.233534,0.519236,1.076483,1.461349,1.433412,0.0,82.969154,83.86230265,1.2638985691557165,81.33450551168858,86.39009978831143,83.45880562424479,-0.291570100876541,0.0003258488600408364
2013-12-26,-0.594341,0.0,-0.832077,0.521402,0.521411,-0.432248,-0.812623,-0.080688,0.416036,0.863209,0.893894,0.0,83.401764,83.74874559999999,1.192680818805571,81.36338396238885,86.13410723761113,83.45337308860242,-0.25422319912786406,0.005200560052497594
2013-12-27,0.45479,0.660532,-0.18408,-0.20532,-0.205322,-0.147267,-0.479694,0.080134,0.480242,0.978023,1.0891,0.0,83.230522,83.6302302,1.1141360648624923,81.40195807027501,85.85850232972498,83.43214917540219,-0.23572600602987848,-0.002055328704817189
2013-12-30,-0.151678,0.0,-0.617551,-0.054136,-0.05412,-0.047688,-0.322878,-0.020242,0.406808,0.935628,1.10885,0.0,83.185478,83.5238833,1.0444476364493838,81.43498802710123,85.61277857289876,83.40865668250675,-0.22214082048552086,-0.0005413421918566506
2013-12-31,0.633259,0.687854,-0.480395,-0.769238,-0.769272,0.631093,0.473874,0.54739,1.038346,1.558273,1.814594,-1.0,82.545555,83.40266365,1.0078294946510138,81.38700466069797,85.41832263930202,83.326456522268,-0.2600136258797221,-0.007722466560948415
2014-01-02,0.120839,0.768982,-0.021967,-0.611417,-0.611373,1.023817,1.13257,0.938128,1.498383,1.980862,2.345089,-1.0,82.040894,83.2701804,1.003766365979974,81.26264766804005,85.27771313195996,83.20402199633772,-0.3269807910645852,-0.006132492494373602
2014-01-03,-0.609686,0.402834,-0.642347,0.900801,0.900778,-0.028304,0.143713,-0.054436,0.495373,0.930649,1.346048,1.0,82.7799,83.18996915,0.9737128301994123,81.24254348960118,85.13739481039882,83.16362942525792,-0.31676962086962135,0.008967448030434541
2014-01-06,-0.433231,0.454888,-0.498212,0.522596,0.522583,-0.552357,-0.338995,-0.489541,-0.061727,0.291138,0.741191,0.0,83.212494,83.1611293,0.9635161154040722,81.23409706919186,85.08816153080814,83.16828319428097,-0.27065058301467104,0.005212226523672461
2014-01-07,-1.325697,0.349986,-1.378728,2.122819,2.122835,-2.197483,-2.177332,-2.350202,-2.147106,-1.809318,-1.361762,1.0,84.978958,83.15437005,0.9494659914412972,81.2554380671174,85.0533020328826,83.34072841387325,-0.09051858944722824,0.021006168080585
2014-01-08,0.010614,0.467283,-0.297374,-0.137869,-0.137866,-1.516574,-1.816069,-2.017853,-2.026881,-1.678857,-1.264172,0.0,84.861801,83.14175295,0.9233706651059681,81.29501161978806,84.98849428021194,83.48559246969484,0.04229615866911729,-0.0013796101627445104
2014-01-09,0.221682,0.686154,-0.675612,0.605352,0.605341,-1.327983,-2.124985,-2.320983,-2.585243,-2.238363,-1.889933,1.0,85.375504,83.1683399,0.9808244581181199,81.20669098376376,85.12998881623625,83.66558404400962,0.18685044669564377,0.006035158500917261
2014-01-10,-0.105551,0.25333,-0.633311,0.010551,0.010544,-0.728298,-1.903091,-2.183509,-2.509489,-2.201805,-1.911536,0.0,85.384506,83.2417915,1.0887848321521354,81.06422183569573,85.41936116430428,83.82929089696108,0.2986939892042386,0.00010543452191564547
2014-01-13,-0.137563,0.518516,-0.465611,-0.253323,-0.253316,-0.016927,-1.426451,-1.757317,-2.085182,-1.888674,-1.679362,0.0,85.168213,83.3923004,1.1380294341895083,81.11624153162099,85.668359268379,83.95680728772669,0.36566263374281505,-0.0025363783963473375
2014-01-14,-0.126692,0.190035,-0.422298,0.232805,0.23281,-0.158364,-1.399918,-1.800397,-2.134716,-2.104732,-1.905619,0.0,85.366493,83.54416119999999,1.1901634670999124,81.16383426580016,85.92448813419982,84.09106306984796,0.4297810574269789,0.0023253928071290124
2014-01-15,-0.158229,0.495774,-0.305908,0.084462,0.084439,-0.107583,-1.144497,-1.688451,-2.036376,-2.172136,-1.970096,0.0,85.438576,83.6987255,1.226715700738872,81.24529409852225,86.15215690147774,84.21939763462434,0.48086871065613934,0.0008440382326045011
2014-01-16,-0.042266,0.475483,-0.433216,-0.168781,-0.168772,0.04227,-0.595933,-1.340507,-1.660492,-1.985619,-1.780773,0.0,85.29438,83.8780735,1.1816424426976686,81.51478861460467,86.24135838539533,84.32177690751726,0.5039118496743527,-0.0016891411905849865
2014-01-17,-0.357666,0.115716,-0.715339,0.443786,0.443787,-0.332417,-0.697446,-1.599681,-1.967694,-2.336619,-2.164587,0.0,85.672905,83.98712425,1.243165303855961,81.50079364228807,86.47345485771191,84.45045577346801,0.5464187323846517,0.004428047371719494
2014-01-21,0.957142,1.137934,-1.499517,-1.083525,-1.083521,0.659362,0.571098,-0.402703,-0.784851,-1.144735,-1.055331,-1.0,84.744621,84.07950170000001,1.2264337481768395,81.62663420364633,86.53236919635368,84.4784715093282,0.4994437062188126,-0.01089433936769503
2014-01-22,-0.349875,0.243854,-0.826971,0.308413,0.308428,0.265039,0.265043,-0.566169,-0.971702,-1.322741,-1.363806,0.0,85.005997,84.17999189999999,1.2152869539889755,81.74941799202205,86.61056580797793,84.52871203224933,0.47779875174451547,0.003079531722984198
2014-01-23,1.078283,1.142986,-0.355827,-1.675151,-1.675144,1.528991,1.820126,1.21054,0.753706,0.417498,0.25554,-1.0,83.582024,84.21198695000001,1.1891239092961043,81.8337391314078,86.59023476859223,84.43855126727321,0.3418021663103019,-0.016893333896498355
2014-01-24,1.666485,2.207262,0.0,-2.29674,-2.296759,3.026159,3.758966,3.558844,3.042162,2.775855,2.482437,-1.0,81.662346,84.14664655,1.2924262299298166,81.56179409014037,86.73149900985963,84.17415076562814,0.07822024705203035,-0.023235458691662745
2014-01-27,0.400268,0.911719,-0.100071,-0.739432,-0.73943,2.655106,3.998219,4.188717,3.665221,3.421392,3.128382,-1.0,81.05851,84.02948384999999,1.4589856066734768,81.11151263665303,86.94745506334695,83.87742307366355,-0.17735045603694743,-0.00742177476921097
2014-01-28,0.532746,0.554939,-0.344059,0.177892,0.17789,1.600453,3.325198,3.838703,3.356277,3.154279,2.906037,0.0,81.202705,83.928093,1.5826506338701918,80.76279173225961,87.0933942677404,83.62268801902893,-0.3640600900122166,0.0017773198352756651
2014-01-29,0.641169,0.911133,-0.416201,-1.331849,-1.331839,1.752525,4.06523,4.836135,4.56017,4.40314,4.203216,-1.0,80.121216,83.7748799,1.7927078595415173,80.18946418091697,87.36029561908303,83.28921449340712,-0.5924663606194969,-0.013407871504061478
2014-01-30,0.134082,0.312848,-0.547484,0.674913,0.674912,0.346364,2.775413,3.786212,3.742453,3.590162,3.435004,1.0,80.661964,83.68070035,1.9065515557721304,79.86759723845573,87.49380346154426,83.03900016070168,-0.7215287964443462,0.006726450351955805
2014-01-31,0.610378,0.983379,-0.361703,-1.150837,-1.150841,1.030858,3.274555,4.52281,4.805581,4.633885,4.556721,-1.0,79.733673,83.56533929999999,2.0734884724278353,79.41836235514432,87.71231624485566,82.72420709777771,-0.8884752427863987,-0.011575144835811135
2014-02-03,2.270109,2.304679,-0.195895,-1.910254,-1.910246,2.270103,4.331637,5.946829,6.554496,6.406076,6.367818,-1.0,78.210564,83.3368725,2.3918776648217768,78.55311717035644,88.12062782964355,82.29433632656078,-1.130650239290432,-0.019287265491172566
2014-02-04,0.357882,0.761944,-0.611876,-0.18437,-0.184379,1.655509,3.668899,5.536054,6.421724,6.338025,6.358035,0.0,78.06636,83.0795658,2.6669437835735326,77.74567823285294,88.41345336714706,81.89167191450738,-1.3190070343942608,-0.0018454937202125128
2014-02-05,-0.905134,0.446837,-0.916586,0.761944,0.761949,0.515583,2.078368,4.169717,5.215395,5.303846,5.370069,1.0,78.661186,82.76367719999999,2.8009196884850165,77.16183782302996,88.36551657697002,81.5840065893162,-1.4040980956933282,0.007590610217590402
2014-02-06,-1.261975,0.01127,-1.352109,1.684236,1.684222,-1.3183,-0.061962,1.989868,3.167895,3.431671,3.501605,1.0,79.986015,82.5198879,2.8208107297353364,76.87826644052933,88.16150935947067,81.43181691414323,-1.349079399039411,0.016701962453452374
2014-02-07,-1.243895,0.0,-1.588183,1.453522,1.45353,-2.383384,-1.557085,0.188065,1.429363,1.905819,1.943951,1.0,81.148636,82.30854450000001,2.7531317869981558,76.8022809260037,87.81480807399632,81.40484730327245,-1.1978547632103869,0.014430678547398264
2014-02-10,-0.911389,0.010983,-1.394528,1.143935,1.143921,-2.545284,-2.546379,-1.237128,0.08072,0.719021,0.737176,1.0,82.076912,82.1431648,2.656274237359598,76.8306163252808,87.45571327471919,81.46885346486555,-0.9916726495185912,0.011374273442588023
2014-02-11,-2.022163,0.0,-2.172748,2.086308,2.08631,-3.17091,-4.229311,-3.331529,-2.046887,-1.311811,-1.299333,1.0,83.789291,82.07421869999999,2.5907101974580065,76.89279830508397,87.255639094916,81.68984751583072,-0.6822328094521595,0.020648448076747355
2014-02-12,0.573468,0.61675,-0.508549,-0.591592,-0.591572,-1.482374,-3.278517,-2.893318,-1.588408,-0.80546,-0.707645,-1.0,83.293617,81.9705749,2.491636839077126,76.98730122184575,86.95384857815425,81.84258746670399,-0.4715604013151875,-0.005933287372964306
2014-02-13,-0.605011,0.064828,-0.918322,0.151482,0.151474,-0.808126,-3.094207,-3.053152,-1.858252,-1.024631,-0.822886,0.0,83.419785,81.86963535,2.382239448925668,77.10515645214866,86.63411424785133,81.99279675558932,-0.29106507982535845,0.0015135918597254338
2014-02-14,-0.172492,0.204824,-0.78698,0.21608,0.216096,-0.435551,-2.84068,-3.107677,-2.17121,-1.323002,-0.974575,0.0,83.600052,81.78491894999999,2.2820600059531877,77.22079893809362,86.34903896190636,82.14586868362844,-0.13195411193645157,0.0021586306541416063
2014-02-18,0.65097,0.737767,-0.086798,-0.636054,-0.636069,0.440494,-1.633936,-2.326134,-1.701744,-0.802863,-0.3291,-1.0,83.068298,81.6546886,2.116844559895349,77.4209994802093,85.8883777197907,82.23371909471145,-0.04820989365384776,-0.006381005203381397
2014-02-19,0.556529,1.211263,-0.076385,-0.575023,-0.575012,0.731117,-0.517251,-1.649215,-1.263648,-0.354004,0.222237,-1.0,82.590645,81.54698979999999,2.0031020474847536,77.54078570503049,85.5531938949695,82.26771203807226,-0.02015229934521301,-0.0057667194423335535
2014-02-20,-0.74691,0.378876,-1.158258,0.807505,0.807514,-0.084443,-0.762085,-2.185912,-2.159572,-1.253534,-0.649507,1.0,83.257576,81.45956875,1.8784717189419715,77.70262531211606,85.21651218788395,82.3619847963511,0.05526227510566173,0.008042710268717002
2014-02-21,0.371508,0.797643,-0.076486,-0.930937,-0.218075,0.051164,-0.17325,-1.778416,-1.976195,-1.151476,-0.504027,0.0,83.076012,81.43426815000001,1.8515958133379533,77.7310765233241,85.13745977667591,82.4299873871748,0.09923426050042394,-0.0021831317931064556
2014-02-24,0.373171,1.042692,-0.010979,-0.447985,-0.447996,0.284676,0.464026,-1.096986,-1.472111,-0.831939,-0.163964,0.0,82.703835,81.48634259999999,1.8728711363985946,77.7406003272028,85.23208487279717,82.45606811220577,0.10286503811171599,-0.004490022544978409
2014-02-25,0.52683,0.834159,-0.493905,0.0,0.0,0.196539,0.539829,-0.734788,-1.37264,-0.975539,-0.272007,0.0,82.703835,81.56860885,1.8891542506216898,77.79030034875663,85.34691735124338,82.47966495866237,0.10453741329877175,0.0
2014-02-26,0.0,0.471957,-0.37318,0.0,0.0,0.223912,0.408583,-0.360966,-1.281887,-1.074242,-0.371332,0.0,82.703835,81.64366534999999,1.903616434863305,77.83643248027339,85.4508982197266,82.5010144864088,0.10465636920545762,0.0
2014-02-27,-0.218911,0.065671,-0.667689,0.274394,0.274396,-0.12916,0.090067,-0.290399,-1.382633,-1.445042,-0.741863,0.0,82.930771,81.7841431,1.8889632920647943,78.0062165158704,85.56206968412958,82.5419436781794,0.1216600597966675,0.0027402020324138686
2014-02-28,-0.759884,0.564477,-1.150678,0.831876,0.831912,-0.822871,-0.711699,-0.823277,-2.01936,-2.256319,-1.633257,1.0,83.620682,81.932079,1.9121681362589587,78.10774272748209,85.75641527251791,82.64468066120992,0.1886312355043458,0.008284706421350353
2014-03-03,-0.469638,0.458721,-0.797287,-0.607908,-0.607938,-0.117951,-0.163079,-0.059144,-1.216798,-1.588679,-1.119105,-1.0,83.11232,82.10101135,1.8561500867297673,78.38871117654045,85.81331152345953,82.6892177410947,0.19839879213567713,-0.0060979358516944785
2014-03-04,-0.932071,0.128565,-1.167769,1.944078,1.944087,-1.544889,-1.871086,-1.756426,-2.715992,-3.292156,-3.041947,1.0,84.728096,82.42688795000001,1.7029796140490077,79.020928721902,85.83284717809802,82.88339662289519,0.3326842932897307,0.019254312591191636
2014-03-05,0.734422,0.766829,-0.226805,-0.803514,-0.803513,-0.42769,-0.902907,-0.940167,-1.572163,-2.373421,-2.284222,-1.0,84.047295,82.72593470000001,1.3940774648624816,79.93777977027504,85.51408962972498,82.99424408738138,0.37979354583733027,-0.008067582465748454
2014-03-06,0.322966,0.818175,-0.075357,0.324012,0.324012,-0.41985,-1.097002,-1.178976,-1.554516,-2.489555,-2.626944,0.0,84.319618,83.0088563,1.059849527907927,80.88915724418415,85.12855535581586,83.12047017429744,0.43409814488929044,0.0032348783097964967
2014-03-07,0.053582,0.171456,-0.675094,0.462914,0.462905,-0.621515,-1.359835,-1.532781,-1.729296,-2.747711,-3.031228,0.0,84.709938,83.24505245,0.8578638222787364,81.52932480544253,84.96078009455748,83.27184806245958,0.5028341339483688,0.0046183721120673215
2014-03-10,-0.299624,0.042805,-0.706256,0.139302,0.139304,-0.355265,-1.246651,-1.573258,-1.649131,-2.642782,-3.041729,0.0,84.827942,83.42901774999999,0.7751532676121334,81.87871121477572,84.97932428522425,83.42004748508248,0.5603702378100479,0.001392066705755286
2014-03-11,0.23532,0.278107,-0.427855,0.042805,0.042802,-0.365809,-1.034329,-1.474284,-1.526986,-2.370819,-2.933728,0.0,84.86425,83.56838465,0.7698129702265074,82.02875870954698,85.10801059045302,83.5575905817413,0.6019587609175119,0.00042792776881642056
2014-03-12,-0.833331,0.021373,-1.014953,0.11766,0.117663,-0.267094,-0.884612,-1.403844,-1.573581,-2.160821,-2.900236,0.0,84.964104,83.6271253,0.8300238355073333,81.96707762898534,85.28717297101467,83.69154424062307,0.6356479939969546,0.0011759404028236554
2014-03-13,0.913976,1.290319,-0.021502,-0.641024,-0.641006,0.399983,-0.068831,-0.676003,-0.871908,-1.256778,-2.104087,-1.0,84.419479,83.68341840000001,0.8442707884471513,81.9948768231057,85.37195997689432,83.76087136056373,0.6113529715492518,-0.00643069259974853
2014-03-14,0.075422,0.67881,-0.377113,-0.204303,-0.204319,0.495638,0.210108,-0.379987,-0.619862,-0.852305,-1.761812,0.0,84.246994,83.72477884999999,0.8509119340638712,82.02295498187225,85.42660271812774,83.80716875479575,0.5715919371922382,-0.0020452797412538215
2014-03-17,-0.713295,0.266156,-0.798467,1.206769,1.206773,-0.60045,-0.732464,-1.36769,-1.707298,-1.841476,-2.716996,1.0,85.263664,83.80795945,0.9168367169259166,81.97428601614817,85.64163288385183,83.94588258767234,0.6150281417593391,0.011995495774122442
2014-03-18,-0.04258,0.319349,-0.489673,0.010648,0.010648,-0.515225,-0.679162,-1.177353,-1.588504,-1.702016,-2.451291,0.0,85.272743,83.9181817,0.9549514907602569,82.00827871847949,85.82808468152052,84.07225024598927,0.6427747391636558,0.00010647579796346902
2014-03-19,0.32055,0.822743,-0.715886,-0.372585,-0.37259,-0.145305,-0.20087,-0.631115,-1.081307,-1.279511,-1.816188,0.0,84.955025,84.0364007,0.9279261070878021,82.1805484858244,85.8922529141756,84.15632403208554,0.6318434324101929,-0.003732861831687528
2014-03-20,-0.63749,0.074372,-1.232473,0.566307,0.566329,-0.469631,-0.632193,-0.995203,-1.51086,-1.735135,-2.104772,1.0,85.43615,84.1453294,0.9590376563578225,82.22725408728435,86.06340471271564,84.27821221950597,0.6544588652111969,0.0056473145240727
2014-03-21,-1.209218,0.0,-2.136978,1.923074,1.923052,-1.697065,-2.23496,-2.59842,-3.139267,-3.421073,-3.680309,1.0,87.079132,84.3454854,1.1271253796375211,82.09123464072496,86.59973615927504,84.54496648431493,0.7957833796255329,0.019047955135817887
2014-03-24,0.105048,0.2416,-0.693273,-0.760975,-0.760976,-0.676462,-1.301463,-1.596632,-2.181717,-2.55013,-2.738523,-1.0,86.416481,84.5311177,1.148056493437831,82.23500471312434,86.82723068687565,84.72320596199921,0.8445779093846255,-0.007638858537092929
2014-03-25,-1.7252,0.32861,-1.7252,2.289916,2.289909,-2.193458,-3.111509,-3.522957,-4.049588,-4.490632,-4.677599,1.0,88.39534,84.81569295,1.357556454001413,82.10058004199718,87.53080585800282,85.07293301323739,1.0310401203424817,0.022640843388075003
2014-03-26,0.473981,1.463161,0.0,-0.338872,-0.338862,-1.147865,-2.426587,-2.88855,-3.417315,-3.915925,-4.190542,0.0,88.095802,85.08529130000001,1.448442665738033,82.18840596852394,87.98217663147608,85.36082529769097,1.1414842329693897,-0.003394371912448452
2014-03-27,-0.205589,0.431741,-1.048517,0.236987,0.236982,-0.731907,-2.217306,-2.817293,-3.34138,-3.91447,-4.227902,0.0,88.304573,85.3539814,1.5241851404802933,82.30561111903941,88.40235168096058,85.6411822217204,1.2316602501788623,0.0023670142138237224
2014-03-28,0.071839,0.800492,-0.492614,0.164477,0.164468,-0.584971,-1.9027,-2.694983,-3.227105,-3.82922,-4.195596,0.0,88.449806,85.5954376,1.6149539299329732,82.36552974013405,88.82534545986594,85.90867020060418,1.2998605001272523,0.0016433316504586544
2014-03-31,-0.234147,0.376662,-0.631174,0.810756,0.810771,-0.767595,-2.253899,-3.153149,-3.665891,-4.312741,-4.757996,1.0,89.166931,85.89816815,1.6906900505424314,82.51678804891515,89.27954825108486,86.21898075292759,1.395687072022696,0.008075014875714725
2014-04-01,0.377778,0.755563,-0.581988,-0.295227,-0.295226,-0.359408,-1.55606,-2.563478,-3.145808,-3.750464,-4.257193,0.0,88.903687,86.1069477,1.793299235378827,82.52034922924236,89.69354617075766,86.47466706217259,1.4338600833707176,-0.002956626923880207
2014-04-02,-0.223965,0.162879,-0.875496,0.296101,0.2961,-0.413321,-1.37433,-2.536907,-3.144665,-3.744685,-4.294009,0.0,89.166931,86.36292949999999,1.8483750433632204,82.66617941327355,90.05967958672643,86.73107315148948,1.468426948861378,0.002956626923880057
2014-04-03,-0.295136,0.081411,-0.74293,0.03054,0.030537,-0.24425,-0.983109,-2.209785,-2.900978,-3.493182,-4.101366,0.0,89.19416,86.6066566,1.8857638685443694,82.83512886291126,90.37818433708873,86.96565285134763,1.480947154600642,0.00030532444109699735
2014-04-04,0.203216,0.975411,-0.101603,0.162829,0.162837,-0.207276,-0.891085,-1.98876,-2.79974,-3.394031,-4.023578,0.0,89.339401,86.83812975,1.9244241259600856,82.98928149807982,90.68697800192017,87.19172410360024,1.485465718588955,0.0016270445873318598
2014-04-07,0.510777,1.501688,-0.06129,-0.538507,-0.538493,0.263547,-0.0797,-1.188427,-2.046704,-2.612339,-3.273081,-1.0,88.858315,87.0396484,1.9138395472958514,83.2119693054083,90.8673274945917,87.35044704611451,1.4337002890232498,-0.005399476262778175
2014-04-08,-0.030592,0.68326,-0.571077,0.173663,0.173626,0.114236,-0.183542,-1.079593,-1.983461,-2.588602,-3.204484,0.0,89.012596,87.24706570000001,1.890315759614824,83.46643418077036,91.02769721922965,87.50874694648455,1.3891121799444335,0.001734752892682802
2014-04-09,-0.535623,0.050534,-1.182413,0.907607,0.907624,-0.640725,-0.889336,-1.608218,-2.594743,-3.20768,-3.811014,1.0,89.820496,87.4898853,1.8935344558220768,83.70281638835584,91.27695421164415,87.72891352300982,1.4027960012650738,0.00903530199189483
2014-04-10,2.403149,2.475657,-0.020721,-2.43557,-2.435583,1.483333,1.508194,1.015133,0.02021,-0.640139,-1.230912,-1.0,87.632843,87.6505535,1.7501990656615274,84.15015536867695,91.15095163132305,87.71976394938984,1.2230170350488834,-0.024657342031072615
2014-04-11,-0.691655,0.340657,-0.846495,0.341829,0.341836,0.81759,1.103544,0.735694,-0.110972,-0.832041,-1.403942,0.0,87.932404,87.834824,1.5562581424062922,84.72230771518741,90.94734028481258,87.7400153827813,1.092123656559849,0.00341253517797666
2014-04-14,0.144122,0.226479,-0.916202,0.27872,0.278738,0.382936,0.710305,0.588829,-0.2234,-0.955745,-1.486526,0.0,88.177505,87.98051605,1.4345160886589932,85.11148387268202,90.849548227318,87.78168106061165,0.9966782271845744,0.00278350218500381
2014-04-15,-0.756048,0.010083,-1.159268,2.120649,2.12063,-1.471768,-1.254024,-1.37768,-2.030235,-2.78225,-3.335342,1.0,90.047424,88.2192501,1.3552837421830222,85.50868261563396,90.92981758436603,87.99746610245816,1.0597082158257933,0.020984579751304716
2014-04-16,0.83038,0.972151,-0.688608,-0.453626,-0.4536,-1.06331,-0.751412,-0.813522,-1.322552,-2.130653,-2.68694,0.0,89.638969,88.45344730000001,1.1508019194063281,86.15184346118735,90.75505113881266,88.15379971174787,1.0644309338116358,-0.004546317578199528
2014-04-17,-0.272834,0.697254,-0.272834,0.212657,0.212637,-0.784151,-0.891268,-0.910805,-1.287389,-2.097413,-2.688966,0.0,89.829575,88.67311855,0.9455461074528232,86.78202633509436,90.56421076490564,88.31339735824807,1.0712058389707693,0.002124116766287668
2014-04-21,-0.989998,0.129997,-1.330002,1.050931,1.050947,-1.190009,-1.764014,-1.770681,-2.110516,-2.828015,-3.478349,1.0,90.773636,88.85784375,0.978075549523459,86.90169265095308,90.81399484904692,88.54770580031969,1.1396160485516162,0.010454626952846473
2014-04-22,-0.179677,0.568976,-0.439211,0.18,0.179982,-0.760624,-1.711917,-1.817392,-2.03783,-2.753042,-3.427828,0.0,90.937012,89.0838703,0.9037038505231906,87.27646259895361,90.89127800104639,88.7752587717178,1.1932595569292062,0.0017982000044745416
2014-04-23,0.019953,0.339251,-0.299344,0.039929,0.03991,-0.596665,-1.535602,-1.704896,-1.935223,-2.541191,-3.242514,0.0,90.973305,89.21276854999999,0.980883776420199,87.2510009971596,91.17453610284039,88.98459650774467,1.2245847152657063,0.00039902080409804367
2014-04-24,0.280111,0.410168,-0.41016,-0.259431,-0.2594,-0.096047,-1.178479,-1.333875,-1.534623,-2.032822,-2.778787,0.0,90.73732,89.34484445,1.000218098761312,87.34440825247738,91.34528064752261,89.15152255462613,1.216346822620352,-0.0025973729678129558
2014-04-25,0.180379,0.47099,-0.39082,-0.170066,-0.170081,0.240509,-0.684432,-1.063562,-1.241102,-1.638638,-2.386341,0.0,90.582993,89.45876545000002,1.0052382779605764,87.44828889407886,91.46924200592117,89.28785307323315,1.1837201452187571,-0.0017022586682376415
2014-04-28,-0.769684,0.157888,-1.203861,1.553257,1.553261,-1.028221,-1.762378,-2.384707,-2.559201,-2.92954,-3.598772,1.0,91.989983,89.63577430000001,1.123012779797515,87.38974874040498,91.88179985959503,89.54519878054428,1.256906763833257,0.0154132104899164
2014-04-29,0.593881,0.940319,-0.069286,-0.305898,-0.305906,-0.556266,-1.075908,-1.877982,-2.121637,-2.400862,-3.068716,0.0,91.70858,89.76285675,1.2077753977374954,87.34730595452501,92.17840754547498,89.75123508715912,1.2774748808237177,-0.0030637498249478116
2014-04-30,-0.444274,0.375157,-0.58249,0.257351,0.257362,-0.600261,-1.123508,-1.91727,-2.207525,-2.496992,-3.07566,0.0,91.944603,89.91490255,1.2829897720874663,87.34892300582506,92.48088209417493,89.96012726933444,1.297859429681509,0.0025703135234059157
2014-05-01,0.238733,0.497364,-0.596836,-0.750323,-0.75033,0.2646,-0.198941,-1.070985,-1.353819,-1.621401,-2.112796,-1.0,91.254715,90.01929175000001,1.3036968934608977,87.41189796307822,92.6266855369218,90.08342133892162,1.2440060086478013,-0.007531592024245332
2014-05-02,0.865975,1.077433,-0.432989,-1.213569,-1.213567,1.399658,1.062333,0.330284,-0.08911,-0.33108,-0.736075,-1.0,90.147278,90.06694765,1.289287901979165,87.48837184604167,92.64552345395833,90.089502925691,1.099293898052764,-0.012209907288000465
2014-05-05,-0.709999,0.169998,-0.959999,0.694796,0.694816,0.431983,0.364981,-0.153349,-0.699517,-0.916416,-1.28535,1.0,90.773636,90.13865940000001,1.286575122767191,87.56550915446563,92.71180964553439,90.15465845657756,1.023353778377981,0.00692413595134914
2014-05-06,0.512506,0.512506,0.0,-0.489998,-0.49002,0.621047,0.791881,0.497106,-0.12913,-0.377044,-0.654873,0.0,90.328827,90.212185,1.2510836784735597,87.71001764305288,92.71435235694713,90.1712459369035,0.916711043266659,-0.004912245665507472
2014-05-07,-1.050447,0.138736,-1.545938,1.406896,1.4069,-0.850264,-0.538106,-0.784199,-1.373504,-1.641465,-1.916562,1.0,91.599663,90.34153835,1.2542649910721198,87.83300836785575,92.85006833214423,90.3072856571984,0.9240894240966213,0.013970947275608865
2014-05-08,0.169152,0.587061,-0.139302,-0.406307,-0.406308,-0.451737,-0.078605,-0.263347,-0.894027,-1.149848,-1.401987,0.0,91.227486,90.41188785,1.2629303800830052,87.88602708983399,92.93774861016601,90.39492378508427,0.8896499398568807,-0.004071359381087777
2014-05-09,-0.049552,0.33693,-0.495491,0.407964,0.407966,-0.539094,-0.373604,-0.539758,-1.080172,-1.44644,-1.68269,0.0,91.599663,90.61022885,1.1051507693480385,88.39992731130393,92.82053038869607,90.50966085317148,0.8822183104399244,0.004071359381087751
2014-05-12,0.716276,0.716276,-0.099482,-0.38649,-0.386503,-0.049728,-0.068628,-0.119365,-0.514806,-0.980485,-1.199081,0.0,91.245628,90.77589005,0.9145007187029036,88.9468886125942,92.60489148740581,90.57975296239326,0.8380999305783092,-0.003872513648014195
2014-05-13,-0.118783,0.465255,-0.386062,0.497413,0.497428,-0.245497,-0.564243,-0.558305,-0.815183,-1.346663,-1.596051,0.0,91.699509,90.95199025,0.702295529845877,89.54739919030824,92.35658130969175,90.68639639454628,0.8301902833297135,0.004961945845507097
2014-05-14,0.079304,0.228011,-0.099143,-0.14848,-0.14848,-0.105092,-0.45802,-0.367474,-0.584914,-1.088533,-1.3529,0.0,91.563354,91.02778675,0.6810125804355499,89.6657615891289,92.3898119108711,90.76991616649426,0.8036710408035646,-0.0014858987011605329
2014-05-15,-0.04966,0.148966,-0.278079,-0.178448,-0.178446,0.111226,-0.264182,-0.141033,-0.310861,-0.842591,-1.095115,0.0,91.399963,91.11583645,0.6011580921970121,89.91352026560598,92.31815263439402,90.82992062682814,0.7607011722625145,-0.0017860524843299364
2014-05-16,-0.009944,0.308209,-0.437466,-0.109246,-0.109257,0.155103,-0.028827,0.020552,-0.121291,-0.573468,-0.910049,0.0,91.300102,91.1893628,0.5200097558163306,90.14934328836733,92.22938231163266,90.87469980522546,0.7104002419552842,-0.0010931688496623605
2014-05-19,-0.417327,0.288157,-0.506759,0.059651,0.059665,0.119233,-0.024847,-0.085459,-0.149052,-0.482914,-0.895606,0.0,91.354576,91.21840979999999,0.5117248871155443,90.1949600257689,92.24185957423107,90.9204022999659,0.6672404561937242,0.000596469821758876
2014-05-20,0.558601,0.728183,-0.289278,-0.387519,-0.387531,0.355119,0.43791,0.251377,0.242897,0.028335,-0.431583,0.0,91.000549,91.22158665,0.5100805715812401,90.20142550683752,92.24174779316249,90.92803531901676,0.5975804593013976,-0.0038828351524296937
2014-05-21,-0.533914,0.059322,-0.603124,0.88778,0.887797,-0.474598,-0.423187,-0.640706,-0.593742,-0.775173,-1.206259,1.0,91.808449,91.26334385,0.5227131630491479,90.2179175239017,92.30877017609829,91.01188424101517,0.6006413681828917,0.00883879096264873
2014-05-22,-0.376384,0.049528,-0.871629,-0.177971,0.517704,-0.795656,-0.821587,-1.078106,-1.021935,-1.171581,-1.62611,0.0,92.283745,91.3406651,0.5542324169417585,90.23220026611648,92.44912993388351,91.13301383710896,0.6341099507175869,0.005163685061987047
2014-05-23,0.059416,0.178254,-0.306996,0.019814,0.019825,-0.598219,-0.765149,-0.942082,-0.948433,-1.084023,-1.476988,0.0,92.30204,91.42661745000001,0.5637616342883404,90.29909418142333,92.55414071857669,91.24434966214619,0.6545648806155242,0.0001982276160637935
2014-05-27,0.28767,0.545584,-0.535662,-0.168355,-0.168355,-0.258674,-0.50002,-0.675697,-0.772892,-0.857611,-1.158393,0.0,92.146645,91.43445055,0.5730136494348257,90.28842325113034,92.58047784886965,91.3302825514656,0.6507352116681346,-0.0016849676837258608
2014-05-28,0.368888,0.628113,-0.179462,-0.505897,-0.50591,0.396816,0.003843,-0.072364,-0.269873,-0.321053,-0.52844,-1.0,91.680466,91.43304485,0.5723398572970496,90.2883651354059,92.5777245645941,91.36363335608793,0.6031309045251163,-0.0050719395721140524
2014-05-29,-0.198495,0.039699,-0.605399,0.458623,0.458627,0.001987,-0.394339,-0.492282,-0.716687,-0.727146,-0.908239,0.0,92.100937,91.44086155,0.5807006430523889,90.27946026389522,92.60226283610477,91.43385275074623,0.5925026421819979,0.004575781083177236
2014-05-30,-0.749066,0.078851,-0.896901,0.694717,0.694699,-0.589375,-0.936949,-1.07001,-1.32153,-1.325625,-1.480393,1.0,92.740761,91.51516385,0.646924827094552,90.22131419581089,92.8090135041891,91.55832020305611,0.6284635803213661,0.006922967732393448
2014-06-02,-0.616616,0.088092,-1.135359,0.699782,0.699811,-1.047283,-1.401628,-1.629734,-1.833694,-1.891143,-2.03798,1.0,93.389771,91.6772885,0.6908833069173028,90.2955218861654,93.0590551138346,91.73274408847934,0.7012490038741817,0.006973736369840531
2014-06-03,-0.53679,0.136638,-0.605117,0.283842,0.283837,-1.005276,-1.435083,-1.736659,-1.957717,-2.097718,-2.212698,0.0,93.654846,91.821349,0.7863356857705025,90.24867762845899,93.394020371541,91.91580141338606,0.7714287630238204,0.0028343523776236585
2014-06-04,-0.438252,0.029216,-0.720684,0.214719,0.214728,-0.753811,-1.342044,-1.794032,-1.979889,-2.215973,-2.318558,0.0,93.855949,91.99770509999999,0.8283813691702187,90.34094236165956,93.65446783834042,92.10057737401596,0.8336640983914947,0.00214497599570121
2014-06-05,-0.426276,0.135633,-0.775046,0.525907,0.525895,-0.796359,-1.588841,-2.110921,-2.346948,-2.625566,-2.710291,0.0,94.349533,92.1351986,0.974211310428747,90.1867759791425,94.0836212208575,92.31476362410967,0.9122977531850864,0.005245172737490905
2014-06-06,0.067843,0.145379,-0.329525,-0.038753,-0.038758,-0.424493,-1.335526,-1.867056,-2.145508,-2.458105,-2.546194,0.0,94.312965,92.28947255,1.0631477880574172,90.16317697388517,94.41576812611483,92.50506851705161,0.9605916564771064,-0.00038765521336336754
2014-06-09,-0.145322,0.00969,-0.523155,0.038768,0.038773,-0.259639,-1.156754,-1.68962,-2.037707,-2.317753,-2.450895,0.0,94.349533,92.42696605,1.143984352057907,90.13899734588419,94.71493475411582,92.68073180114195,0.9903989521449006,0.0003876552133633398
2014-06-10,-0.605184,0.019217,-1.277619,0.852545,0.852548,-0.787703,-1.676275,-2.25449,-2.660456,-2.959367,-3.164682,1.0,95.153908,92.62238005,1.2595367556886858,90.10330653862263,95.14145356137738,92.91627239150938,1.066632315392937,0.008489342743547887
2014-06-11,0.474253,0.803331,-0.183898,-0.749278,-0.749286,0.085176,-0.641691,-1.273707,-1.780459,-2.052599,-2.337191,-1.0,94.440933,92.75945125000001,1.3022631620076497,90.15492492598472,95.36397757401531,93.06147816374657,1.0573284567936128,-0.007521073433370163
2014-06-12,0.633962,0.663221,-0.019504,-0.764616,-0.764612,0.721741,0.2965,-0.377123,-0.908677,-1.207463,-1.521591,-1.0,93.718826,92.86722485,1.2871704140572409,90.29288402188551,95.44156567811449,93.12408271958023,0.9803858045372351,-0.007675504571016651
2014-06-13,-0.019504,0.117042,-0.351118,0.0,0.0,0.594949,0.400862,-0.275039,-0.784963,-1.101131,-1.433949,0.0,93.718826,92.983168,1.2520059005081763,90.47915619898366,95.48717980101635,93.18072493676307,0.9089306119769702,0.0
2014-06-16,0.068326,0.42948,-0.595413,-0.078028,-0.078037,0.523191,0.506601,-0.101501,-0.582241,-0.936499,-1.232445,0.0,93.645691,93.10044745,1.1945929256129364,90.71126159877413,95.48963330122588,93.22500741897612,0.8367548843359884,-0.0007806708002704351
2014-06-17,0.19621,0.264885,-0.539589,-0.507562,-0.507556,0.610221,0.967333,0.481378,0.022379,-0.348497,-0.642839,-1.0,93.170387,93.191238,1.1216988722916708,90.94784025541665,95.43463574458335,93.21980547431173,0.7327552927729926,-0.005088480934413186
2014-06-18,-0.875395,0.019457,-0.924032,0.863336,0.863338,-0.350162,0.115749,-0.21593,-0.675515,-1.104617,-1.363962,1.0,93.974762,93.33994865,1.007301064525599,91.3253465209488,95.3545507790512,93.29170609580585,0.707090310291747,0.00859632170733105
2014-06-19,-0.847701,0.057803,-0.963298,0.972668,0.97266,-1.063477,-0.791824,-0.981271,-1.469983,-1.917083,-2.198569,1.0,94.888817,93.49396705000001,0.9962435205944882,91.50148000881103,95.48645409118899,93.44381189620529,0.7518404771763443,0.009679601982242042
2014-06-20,-0.854939,0.199493,-1.139923,1.406415,1.406426,-1.915081,-1.969224,-2.113296,-2.631804,-3.076907,-3.381932,1.0,96.223358,93.69094770000001,1.1254573786582571,91.4400329426835,95.94186245731652,93.70853057275717,0.8847922777021466,0.013966276010880477
2014-06-23,0.152748,0.353225,-0.295941,-0.493965,-0.493975,-0.989019,-1.336512,-1.46316,-1.968491,-2.409936,-2.757874,0.0,95.748039,93.86324765,1.1647282600261146,91.53379112994777,96.19270417005224,93.90276947058983,0.9409565057186313,-0.004951987418428618
2014-06-24,0.038246,0.61192,-0.038238,-0.152748,-0.152743,-0.328903,-1.138732,-1.176655,-1.637821,-2.082942,-2.457231,0.0,95.601791,94.03600495,1.1528945974130904,91.73021575517383,96.34179414482618,94.06458104481936,0.9625701600823362,-0.0015285932417800953
2014-06-25,-1.446671,0.10401,-1.446671,1.11866,1.118676,-0.873694,-2.001721,-2.075787,-2.467869,-2.931559,-3.364915,1.0,96.671265,94.2855449,1.156327697938596,91.97288950412282,96.59820029587719,94.31283665959846,1.0538486395971205,0.011124647955065825
2014-06-26,0.179833,0.302886,-0.586846,-0.104009,-0.104026,-0.422148,-1.604356,-1.820478,-2.13488,-2.633223,-3.091446,0.0,96.570702,94.50903315000001,1.1437535733060182,92.22152600338796,96.79654029661205,94.52787145392242,1.1053313270848122,-0.0010407988558512136
2014-06-27,0.457189,0.571481,-0.514336,-0.624708,-0.624703,0.15049,-0.751504,-1.08836,-1.351558,-1.867608,-2.323603,-1.0,95.967422,94.6703662,1.1082185105039304,92.45392917899214,96.88680322100787,94.6649715059298,1.0849454973149335,-0.006266623583194516
2014-06-30,0.95584,1.319057,-0.09559,-0.35241,-0.352414,0.479833,-0.193082,-0.649337,-0.885587,-1.381382,-1.827261,0.0,95.629219,94.7823386,1.0849092936136617,92.61252001277268,96.95215718722733,94.75680460060316,1.029630485417556,-0.0035303682726464587
2014-07-01,-0.68008,0.122789,-0.831213,1.1948,1.194808,-0.464725,-0.999348,-1.710914,-1.894786,-2.354595,-2.79979,1.0,96.771805,94.93818655,1.1370437351053957,92.66409907978921,97.21227402021078,94.94870940054571,1.0657052939262712,0.011877269758968622
2014-07-02,-0.151147,0.103911,-0.528999,-0.009447,-0.009453,-0.436425,-0.701871,-1.541661,-1.735313,-2.135275,-2.592104,0.0,96.762657,95.08352195,1.1765137481858396,92.73049445362832,97.43654944637169,95.12146631477945,1.08109448812624,-9.453613493198806e-05
2014-07-03,0.426869,0.787329,-0.294059,-0.415646,-0.415639,-0.064506,-0.134703,-0.947961,-1.220838,-1.549997,-2.028084,0.0,96.360474,95.184069,1.196248081288417,92.79157283742316,97.57656516257683,95.23946704670522,1.048748409643295,-0.004165048270783243
2014-07-07,-0.986196,0.25359,-1.127082,0.996019,0.99602,-0.772053,-1.006864,-1.678104,-2.040491,-2.332685,-2.821775,1.0,97.320244,95.33443295,1.2678497144534562,92.79873352109308,97.8701323789069,95.43763628035235,1.0880173406365117,0.009910928316823666
2014-07-08,0.463487,0.501323,-0.189183,-0.704424,-0.704432,0.139996,-0.212824,-0.774374,-1.227301,-1.505488,-1.982913,-1.0,96.634689,95.44869075,1.2773524439902364,92.89398586201952,98.00339563798047,95.55164130127118,1.0516963909515766,-0.007069248968341322
2014-07-09,-0.037723,0.160315,-0.301773,0.302686,0.302667,-0.130122,-0.377196,-0.815398,-1.433877,-1.667656,-2.11428,0.0,96.92717,95.53735385,1.3167491303673282,92.90385558926535,98.17085211073466,95.68264403448345,1.0345864800479774,0.003022095614445394
2014-07-10,-0.68053,0.189033,-1.209836,-0.226328,-0.226299,0.085056,-0.147459,-0.402029,-1.093114,-1.326668,-1.71898,0.0,96.707825,95.65069845000001,1.3149677050231479,93.0207630399537,98.28063386004631,95.78028031691359,0.9918935130431805,-0.002265552193391711
2014-07-11,0.704089,0.865846,-0.228351,-0.66163,-0.661629,0.690764,0.465265,0.343158,-0.312094,-0.597917,-0.926746,-1.0,96.067978,95.76815604999999,1.2358616543177372,93.29643274136451,98.23987935863546,95.80768009625515,0.8960990515659972,-0.006638274510622146
2014-07-14,0.0,0.104385,-0.256212,0.266412,0.266395,0.216368,0.23535,0.083517,-0.441727,-0.778508,-1.065975,0.0,96.323898,95.89840964999999,1.1422393057071234,93.61393103858575,98.18288826141423,95.85684370613562,0.8312497264591769,0.0026604049637199527
2014-07-15,1.888075,2.120451,-0.493805,-1.992786,-1.992773,1.781559,2.143683,2.023621,1.622767,1.241279,0.981468,-1.0,94.404381,95.93634415,1.074050419371783,93.78824331125644,98.08444498874356,95.7185139245989,0.6178450560597213,-0.020128969037854674
2014-07-16,1.281548,1.418506,-0.26414,-1.026334,-1.02634,2.089613,2.845823,2.927021,2.690763,2.217567,2.020802,-1.0,93.435471,95.94959835,1.0391908756361532,93.8712165987277,98.0279801012723,95.50108126511329,0.36631472960932854,-0.010316432673837236
2014-07-17,1.524359,1.723618,-0.109595,-1.80982,-1.809816,2.889304,4.194475,4.466136,4.461983,3.98405,3.824507,-1.0,91.744461,95.83808330000001,1.3387528611136044,93.1605775777728,98.51558902222722,95.14330790653108,0.03017689857715311,-0.01826393375896708
2014-07-18,-1.110025,0.157167,-1.404715,1.424728,1.424725,0.795676,2.375244,2.74656,2.895871,2.494691,2.319576,1.0,93.051567,95.7462208,1.4644509918554665,92.81731881628907,98.67512278371093,94.94409448686146,-0.12925228412416345,0.014146708814748101
2014-07-21,0.167873,0.306117,-0.246865,-0.520635,-0.520642,0.511516,2.397561,3.039411,3.236903,2.981346,2.792215,-1.0,92.567101,95.56340795,1.621540032711094,92.32032788457781,98.80648801542219,94.71771415477942,-0.2913350878460079,-0.0052200256074163166
2014-07-22,-0.546498,0.068313,-0.67337,1.184955,1.184971,-0.823663,0.881225,1.692846,1.916651,1.77612,1.564025,1.0,93.663994,95.4592057,1.675127206901627,92.10895128619674,98.80946011380325,94.61735985432423,-0.3275015456013364,0.011780048703281983
2014-07-23,0.596928,0.724139,-0.303361,-0.27325,-0.273249,-0.557791,0.780891,1.731407,2.078473,2.065162,1.780006,0.0,93.408058,95.34951905,1.7360151758130953,91.87748869837381,98.82154940162619,94.50218824915049,-0.37252142508938846,-0.002736230847372703
2014-07-24,0.136985,0.518597,-0.176125,0.009781,0.009778,-0.209393,0.418787,1.482713,1.894324,2.031309,1.733526,0.0,93.417191,95.18681535,1.7579691419813808,91.67087706603724,98.70275363396277,94.39885517780283,-0.4028195936331542,9.777051074370894e-05
2014-07-25,0.15669,0.284008,-0.303592,-0.088059,-0.088074,-0.06071,0.214484,1.356064,1.810803,2.054657,1.809495,0.0,93.334915,95.025026,1.7727399451552306,91.47954610968954,98.57050589031046,94.29752754182161,-0.4285302659266108,-0.0008811253279589425
2014-07-28,-0.215456,0.284008,-0.440698,0.0,0.0,0.103819,-0.105758,1.071402,1.669778,1.930868,1.795784,0.0,93.334915,94.89340065,1.7966546642094159,91.30009132158118,98.48670997841883,94.20585015688621,-0.4437904192513713,0.0
2014-07-29,0.480579,0.53943,-0.264807,-0.146902,-0.14689,0.151038,-0.088271,0.974237,1.688897,1.971361,1.929513,0.0,93.197815,94.77183045,1.8262614594591637,91.11930753108167,98.42435336891832,94.10984680861134,-0.46162569129496944,-0.001469983575404905
2014-07-30,-0.029331,0.53763,-0.478988,0.333468,0.333466,-0.160318,-0.412514,0.394915,1.17644,1.542911,1.602799,0.0,93.508598,94.60867010000001,1.783444619027959,91.04178086194409,98.17555933805593,94.05258501731501,-0.4455466971263462,0.003329112075369609
2014-07-31,1.67849,1.748426,-0.039957,-2.16032,-2.160315,1.622536,1.758417,2.231325,3.12219,3.558397,3.755619,-1.0,91.488518,94.34496315,1.837298960371384,90.67036522925723,98.01956107074277,93.8083881585231,-0.589017722240655,-0.021839911217478306
2014-08-01,-0.14014,0.510513,-1.1011,-0.189823,-0.189825,1.373368,1.761757,2.078741,3.042037,3.525121,3.822484,0.0,91.31485,94.09268195,1.891588966753404,90.3095040164932,97.8758598835068,93.57090833390185,-0.7085652009229193,-0.0019000530914510298
2014-08-04,-0.169734,0.219642,-0.838662,0.260262,0.260268,0.720839,1.386771,1.46631,2.459553,3.063487,3.382909,0.0,91.552513,93.8042954,1.8116005285708858,90.18109434285823,97.42749645714177,93.37868020686359,-0.7751940665466321,0.0025992952477899797
2014-08-05,0.01002,0.420755,-0.270484,-0.339461,-0.339451,0.635133,1.466625,1.58083,2.513007,3.222183,3.57041,0.0,91.241737,93.5346478,1.768993381410716,89.99666103717857,97.07263456282143,93.17516180620991,-0.8433532966900401,-0.0034002852872129802
2014-08-06,-1.032669,0.119157,-1.102176,0.891604,0.891588,-0.569947,0.422998,0.583194,1.34247,2.105055,2.526728,1.0,92.055237,93.29105115000002,1.6050918479353822,90.08086745412925,96.50123484587078,93.0685023008566,-0.8222489522532328,0.008876364115946103
2014-08-07,1.160809,1.260885,-0.350243,-0.7745,-0.774499,0.174127,0.979685,1.338937,1.839787,2.664664,3.132525,-1.0,91.34227,93.02277339999999,1.4442995456096224,90.13417430878074,95.91137249121924,92.90409922458454,-0.8532187114294913,-0.007775139405069167
2014-08-08,-0.860707,0.069252,-1.296008,1.150808,1.150803,-0.732087,-0.27107,0.138506,0.482292,1.324892,1.808469,1.0,92.39344,92.83904650000001,1.2582715874592665,90.32250332508147,95.35558967491855,92.85546501271935,-0.7839054605114057,0.011442320807719552
2014-08-11,0.454724,0.612886,-0.148282,0.079147,0.07914,-0.612882,-0.443843,0.05207,0.194254,1.034802,1.601759,0.0,92.46656,92.64617960000001,0.9551054987651341,90.73596860246974,94.55639059753028,92.8184264400794,-0.7148338769087701,0.0007910851867715915
2014-08-12,0.367687,0.58631,-0.317996,-0.523929,-0.523912,0.071544,-0.051676,0.457116,0.590277,1.364598,2.004699,-1.0,91.982117,92.5250664,0.8702281186450325,90.78461016270994,94.26552263729006,92.7387779219766,-0.6912167344633104,-0.005252887923170045
2014-08-13,-0.579906,0.206408,-0.579906,1.103052,1.103043,-0.817768,-1.197164,-0.668367,-0.530761,0.089644,0.756507,1.0,92.996719,92.5031288,0.8513962855104691,90.80033622897906,94.20592137102093,92.76334373893121,-0.5838992498184297,0.010970035241092291
2014-08-14,-0.127424,0.029412,-0.509701,0.27521,0.27521,-0.680256,-1.279154,-0.95275,-0.722893,-0.333263,0.35451,0.0,93.252655,92.57853850000001,0.8474456138825589,90.8836472722349,94.27342972776512,92.80994481141396,-0.47274792994203096,0.0027483170074507988
2014-08-15,1.027974,1.255317,-0.365716,-0.833169,-0.833163,0.171984,-0.324207,-0.182532,0.080062,0.348718,1.057624,-1.0,92.475708,92.54974555,0.8402804911334831,90.86918456773303,94.23030653226697,92.77811273413644,-0.44225479978311455,-0.00836653615598922
2014-08-18,-0.759493,0.019478,-0.925021,1.512305,1.512304,-1.020448,-1.56183,-1.631287,-1.341285,-1.250632,-0.57027,1.0,93.874222,92.6151016,0.8910036671121473,90.83309426577571,94.39710893422429,92.88250409279011,-0.3017618596325917,0.015009828620958784
2014-08-19,-0.223384,0.0,-0.912978,0.253167,0.25318,-0.817807,-1.505454,-1.814957,-1.566642,-1.512446,-0.910725,0.0,94.111893,92.63749655000001,0.9237806106021346,90.78993532879574,94.48505777120428,92.99958875061962,-0.16929065171257207,0.002528602994276562
2014-08-20,-0.329422,0.087205,-0.49414,0.242813,0.242796,-0.773178,-1.501791,-1.99399,-1.755642,-1.712623,-1.242126,0.0,94.340393,92.68411329999999,0.9861320146904015,90.71184927061918,94.6563773293808,93.12728439341775,-0.04534550987538921,0.0024250182030541587
2014-08-21,-0.825415,0.220747,-0.825415,0.949523,0.949522,-1.289948,-2.019388,-2.653484,-2.584221,-2.49045,-2.222542,1.0,95.236176,92.77506255,1.1305996649783032,90.51386322004339,95.03626187995661,93.32813121309225,0.12373773811529531,0.00945042598482939
2014-08-22,0.514063,0.902038,-0.126088,-1.046169,-0.376847,-0.410307,-1.386959,-2.03493,-2.134442,-2.044626,-1.89451,0.0,94.877281,92.85218085,1.2198748738332321,90.41243110233353,95.29193059766646,93.47566928803585,0.22617045106393618,-0.0037755920280814004
2014-08-25,0.406857,0.561847,-0.135626,0.126096,0.12608,-0.29935,-1.244773,-1.916569,-2.170199,-2.065662,-2.064608,0.0,94.996902,92.9352802,1.3079209287353637,90.31943834252927,95.55112205747072,93.6205485939372,0.31338897601158067,0.0012600029549667444
2014-08-26,0.029001,0.270687,-0.261025,0.203428,0.203447,-0.275223,-1.108264,-1.839182,-2.264175,-2.20037,-2.235933,0.0,95.19017,93.03489795,1.4014957334611593,90.23190648307768,95.83788941692232,93.77003634689557,0.3935685841499179,0.0020323996210093137
2014-08-27,0.368143,0.484402,-0.300326,-0.212685,-0.212683,0.073622,-0.687884,-1.424151,-1.978006,-1.925403,-1.973091,0.0,94.987717,93.1088539,1.4653782766728893,90.17809734665423,96.03961045334577,93.8860059329055,0.4357521565187028,-0.0021290916590858823
2014-08-28,-0.048562,0.233128,-0.233121,-0.261581,-0.261585,0.231181,-0.270503,-0.926575,-1.549361,-1.612363,-1.610625,0.0,94.739243,93.27139015,1.4564494664556378,90.35849121708873,96.18428908291128,93.96726660596212,0.44401483963933686,-0.002619281329943149
2014-08-29,-0.607351,0.02892,-0.694111,0.757655,0.757646,-0.401037,-0.708097,-1.457597,-2.072694,-2.263263,-2.266464,1.0,95.457031,93.47849920000002,1.4580944542581133,90.56231029148378,96.39468810851625,94.10914892920383,0.5026878951937874,0.007547901887336849
2014-09-02,-0.058048,0.33862,-0.328951,-0.356697,-0.356697,-0.019344,-0.222048,-0.919105,-1.534789,-1.838468,-1.82726,0.0,95.116539,93.6567005,1.4277952601012818,90.80110997979743,96.51229102020257,94.20509084070822,0.5157664213952131,-0.003573342959420266
2014-09-03,0.057824,0.327675,-0.212029,0.386998,0.387002,-0.3431,-0.462936,-1.056529,-1.692205,-2.121092,-2.142168,0.0,95.484642,93.86884575,1.3638682616912166,91.14110922661757,96.59658227338244,94.32695285587887,0.5494997918220292,0.003862551697969767
2014-09-04,0.144455,0.250387,-0.077036,0.077095,0.077106,-0.300468,-0.412177,-0.954053,-1.584655,-2.110706,-2.142558,0.0,95.558266,94.0439972,1.3434832877344667,91.35703062453108,96.73096377546894,94.4442207743666,0.5755401043578985,0.0007707588249737028
2014-09-05,-0.478835,0.0,-1.034287,0.558554,0.558553,-0.572693,-0.876275,-1.307216,-1.884159,-2.462805,-2.593322,1.0,96.09201,94.2814842,1.257839095357323,91.76580600928534,96.79716239071465,94.60115308156978,0.6319610659816277,0.005569993334548314
2014-09-08,0.355593,0.50937,-0.211438,-0.354333,-0.35434,-0.157619,-0.432488,-0.728188,-1.359905,-1.930622,-2.162816,0.0,95.751518,94.4493881,1.215978676355215,92.01743074728957,96.88134545271042,94.7107116452298,0.6418019325987245,-0.0035496882388928916
2014-09-09,0.578034,0.578034,-0.240848,-0.240269,-0.240272,0.167631,-0.137765,-0.374127,-0.962424,-1.52822,-1.850873,0.0,95.521454,94.60213279999999,1.143507481343711,92.31511783731257,96.88914776268741,94.78792520282695,0.6238453473830674,-0.0024056102494982626
2014-09-10,-0.761974,0.333363,-0.981045,1.146431,1.14642,-0.733389,-1.121998,-1.330489,-1.845106,-2.421804,-2.845373,1.0,96.616531,94.8338535,1.0504135901642793,92.73302631967144,96.93468068032857,94.96207813589105,0.6900240188251274,0.011398983470585223
2014-09-11,0.219987,0.325199,-0.430421,-0.419083,-0.419078,-0.179815,-0.578667,-0.785585,-1.264954,-1.838352,-2.342857,0.0,96.211632,94.99459915,0.9992216086778734,92.99615593264426,96.99304236735574,95.08108326580619,0.7017102483728763,-0.0041995898190981635
2014-09-12,-0.038249,0.219923,-0.59285,0.028693,0.028705,-0.177862,-0.451336,-0.744572,-1.138123,-1.662988,-2.206336,0.0,96.23925,95.14392889999999,0.9469961227540165,93.24993665449196,97.03792114550802,95.19138485953893,0.7050725735356878,0.00028701349562638837
2014-09-15,-0.124145,0.181439,-0.353326,0.133868,0.133857,-0.183344,-0.489873,-0.774123,-1.068327,-1.629466,-2.162275,0.0,96.368073,95.33854715,0.7490637038265784,93.84041974234684,96.83667455765315,95.3034503967257,0.7099483374263684,0.0013376751953442527
2014-09-16,-1.312806,0.056673,-1.49225,1.107712,1.107729,-0.884029,-1.342092,-1.694378,-1.969461,-2.503215,-3.032915,1.0,97.43557,95.51661455000001,0.803935351062148,93.90874384787571,97.12448525212432,95.50650940656134,0.7908342568572237,0.011016385238922706
2014-09-17,-0.291934,0.414347,-0.367265,0.292789,0.292786,-0.947365,-1.40127,-1.808716,-2.070987,-2.552936,-3.094985,0.0,97.720848,95.6970623,0.8740138377961305,93.94903462440774,97.44508997559225,95.71739879641264,0.867951279125208,0.0029235851541153154
2014-09-18,-1.089891,0.055898,-1.229622,1.092378,1.092355,-1.496025,-2.139714,-2.613244,-2.904037,-3.371397,-3.914906,1.0,98.788307,95.91945799999999,1.0573091178395917,93.8048397643208,98.03407623567918,96.00986624437334,1.0036328403992627,0.010864323340471521
2014-09-19,-0.0926,0.351889,-0.34262,0.596181,0.596183,-1.448272,-2.389099,-2.879267,-3.271124,-3.697546,-4.214842,1.0,99.377266,96.1265125,1.2951789024280924,93.53615469514382,98.71687030485619,96.33057098300446,1.1454811309655497,0.005944127682790723
2014-09-22,0.111237,0.342976,-0.092694,-0.101862,-0.101853,-0.761956,-1.934554,-2.523788,-2.95096,-3.325362,-3.886089,0.0,99.276047,96.3464508,1.437538292516264,93.47137421496747,99.22152738503253,96.6110925084326,1.235487465386825,-0.0010190518066958176
2014-09-23,0.288478,0.59557,-0.251253,-0.38932,-0.389332,-0.080022,-1.210672,-1.888441,-2.374823,-2.744641,-3.293921,0.0,98.889534,96.54108240000001,1.5070391241163381,93.52700415176733,99.55516064823269,96.82808693620093,1.2610926736611816,-0.003900914459356913
2014-09-24,-0.865245,0.119659,-1.196615,1.098083,1.098093,-0.714291,-1.947715,-2.654636,-3.195873,-3.566396,-4.0778,1.0,99.975433,96.78034555,1.6539750227703636,93.47239550445929,100.08829559554073,97.12783418037228,1.3534067294469452,0.010921076842080496
2014-09-25,1.335202,1.35388,-0.028009,-1.417527,-1.417515,0.666655,-0.299728,-1.051984,-1.622789,-2.008596,-2.510441,-1.0,98.558266,96.95887300000001,1.6429606963168712,93.67295160736627,100.24479439263375,97.26406578224159,1.2972587591429487,-0.014276579519984399
2014-09-26,0.289455,0.364146,-0.840337,0.0,0.0,0.500458,-0.064434,-0.885161,-1.429045,-1.873769,-2.331,0.0,98.558266,97.14982415,1.592567125595452,93.9646898988091,100.3349584011909,97.38732294583764,1.2384846085156909,0.0
2014-09-29,-0.150182,0.103249,-0.469307,-0.522873,-0.522882,0.777171,0.631686,-0.208374,-0.779051,-1.228835,-1.628344,-1.0,98.042923,97.27911875,1.552364342347035,94.17439006530593,100.38384743469406,97.44976104623404,1.1372127171864719,-0.0052425337093314
2014-09-30,-0.084432,0.581671,-0.131343,0.046926,0.046931,0.566658,0.651089,-0.080686,-0.674079,-1.149077,-1.531262,0.0,98.088936,97.4277386,1.474773159781503,94.47819228043699,100.37728491956301,97.51063485135461,1.0485795064050336,0.00046920475927534575
2014-10-01,1.610738,1.898366,-0.335576,-2.148413,-2.148403,1.942462,2.67975,2.069014,1.532581,1.05425,0.695623,-1.0,95.98159,97.452586,1.4441813396494423,94.56422332070112,100.34094867929888,97.36501153217799,0.7990805349220693,-0.02171817509210762
2014-10-02,0.202215,0.664423,-0.577754,-0.431453,-0.431461,1.758307,2.78767,2.466374,1.973034,1.516414,1.174768,0.0,95.567467,97.45304605,1.4435474623098414,94.56595112538031,100.34014097461969,97.1938168148277,0.5614623488893073,-0.004323943450374099
2014-10-03,-0.856077,0.057077,-0.951203,1.232546,1.232543,0.144587,1.26415,1.253686,0.765243,0.36336,-0.005072,1.0,96.745377,97.4857144,1.4182975000808486,94.64911939983831,100.3223094001617,97.1511082610346,0.4628601535771679,0.012250089028762177
2014-10-06,0.781994,1.087163,-0.467288,-0.256821,-0.256817,0.082013,1.236882,1.523294,1.063315,0.66488,0.308341,0.0,96.496918,97.52298440000001,1.379593538250267,94.76379732349947,100.28217147650055,97.08880442665034,0.3605128705995213,-0.002571477811430637
2014-10-07,2.021682,2.021682,-0.048836,-2.355524,-2.355534,1.675955,3.183914,3.745163,3.43247,3.055383,2.700791,-1.0,94.2239,97.4581067,1.5036086399744373,94.45088942005113,100.46532397994888,96.81595638601696,0.09489447088087388,-0.023837205110161255
2014-10-08,-2.363935,0.114379,-2.735681,2.461183,2.461183,-0.65008,0.349827,1.171797,0.944143,0.623774,0.280559,1.0,96.542923,97.4544263,1.5058653840189065,94.44269553196219,100.4661570680378,96.7899532063963,0.07070075633342299,0.024313842478205575
2014-10-09,2.498036,2.723353,-0.284092,-2.697552,-2.69755,1.757446,2.64009,3.632445,3.62167,3.344436,3.023446,-1.0,93.938629,97.34077615,1.6802716946910181,93.98023276061797,100.70131953938203,96.51839852007285,-0.15681008846965483,-0.027346021308749215
2014-10-10,1.106386,1.2842,0.0,-0.832679,-0.832676,1.841348,2.922057,4.057423,4.326282,4.086136,3.831864,-1.0,93.156425,97.1866349,1.9120558043491296,93.36252329130174,101.01074650869826,96.1982105657802,-0.39567035618182445,-0.008361616629557414
2014-10-13,2.360771,2.360771,-0.100894,-2.084362,-2.084364,2.851087,4.364407,5.683345,6.264626,6.102903,5.887138,-1.0,91.214706,96.92896655,2.329775482865351,92.2694155842693,101.5885175157307,95.72359108332495,-0.733197490643704,-0.021063935359918653
2014-10-14,3.628489,4.009896,-1.721478,-2.128734,-2.128742,3.978978,5.64685,7.263866,8.118758,8.130715,7.972038,-1.0,89.27298,96.52083705,2.885128031761604,90.75058098647679,102.2910931135232,95.10924717062734,-1.1441818211691697,-0.021517267571583516
2014-10-15,-2.199365,0.519297,-3.166685,1.236983,1.237003,1.344051,3.735864,5.245216,6.391396,6.533337,6.46437,1.0,90.377289,96.1536591,3.1769074241990656,89.79984425160187,102.50747394839813,94.65858448771044,-1.3650459568096949,0.012294141449697009
2014-10-16,0.196324,1.260592,-0.289315,-1.456064,-1.456078,1.746235,4.538134,6.089421,7.417344,7.786326,7.794316,-1.0,89.061325,95.66731,3.4822194929483974,88.70287101410321,102.63174898589679,94.12551215554754,-1.6275087644276596,-0.014667830565530037
2014-10-17,-1.175275,0.455932,-1.408307,1.983879,1.983887,-0.745694,1.85309,3.458293,4.857143,5.451266,5.504221,1.0,90.828201,95.23985675,3.527262813224424,88.18533112355115,102.29438237644885,93.81148252168587,-1.673647536613501,0.019644643693069647
2014-10-20,-0.372979,0.0,-0.887094,0.506586,0.506601,-1.229852,0.769138,2.443535,3.891114,4.697161,4.809459,0.0,91.288338,94.8404713,3.498297104995183,87.84387709000964,101.83706550999037,93.57118304343007,-1.6540171554301821,0.0050532256066669525
2014-10-21,-0.528098,0.019924,-1.016346,1.169359,1.169334,-1.703859,-0.597842,0.845629,2.336595,3.267043,3.483796,1.0,92.355804,94.51378480000001,3.4040823133025864,87.70562017339483,101.32194942660519,93.4554326583415,-1.5346340458941938,0.011625505838579856
2014-10-22,-0.118557,0.56313,-0.691567,0.856915,0.856934,-1.94429,-1.806966,-0.214067,1.100562,2.193228,2.480392,1.0,93.147232,94.17237474999999,3.1612322761265137,87.84991019774696,100.49483930225301,93.42608021468992,-1.3604777059911157,0.008532828561666988
2014-10-23,-0.360514,0.341037,-0.672313,1.393001,1.392989,-2.151411,-3.102403,-1.664227,-0.506183,0.605283,1.010104,1.0,94.444763,93.9666996,2.990040560578773,87.98661847884244,99.94678072115755,93.52309762281469,-1.105019665258041,0.013833763990161903
2014-10-24,-0.174537,0.155148,-0.892076,0.487187,0.487185,-1.766695,-3.387952,-2.270269,-1.181028,-0.070974,0.473516,0.0,94.904884,93.7840305,2.800346374112704,88.18333775177459,99.38472324822541,93.65469632540376,-0.8555768508346091,0.004860023907673046
2014-10-27,-0.960892,0.16335,-0.989717,0.911474,0.911477,-1.718075,-3.784953,-3.203614,-2.192275,-1.120016,-0.454824,1.0,95.76992,93.67038035,2.661065488354056,88.34824937329189,98.99251132670811,93.85614619917484,-0.5813885620318189,0.009073479207219352
2014-10-28,-0.229028,0.009545,-1.173779,0.691843,0.69184,-1.547856,-3.703596,-3.716003,-2.950185,-1.901325,-1.173458,1.0,96.432495,93.5875583,2.539297194533468,88.50896391093306,98.66615268906693,94.10151275163437,-0.3070881812087407,0.00689458167981195
2014-10-29,-0.530502,0.0,-0.663127,0.7348,0.734794,-1.443723,-3.70973,-4.37728,-3.598419,-2.733601,-1.914227,1.0,97.141075,93.64553255,2.609108009348242,88.42731653130352,98.86374856869648,94.39099487052633,-0.03215599473813313,0.007321073479986362
2014-10-30,-1.747013,0.009344,-1.989907,1.402049,1.402044,-1.98243,-4.082576,-5.390498,-4.782315,-4.080707,-3.280073,1.0,98.503036,93.792311,2.798609400487416,88.19509219902517,99.38952980097483,94.7826178352381,0.2922596270805684,0.013923066679748615
2014-10-31,0.148453,0.371127,-0.482462,0.691328,0.691326,-1.792532,-3.89867,-5.634923,-5.313125,-4.714033,-3.950626,1.0,99.184013,93.9142428,2.9812094095911084,87.95182398081778,99.87666161918222,95.20179832712019,0.5974237680829191,0.006889471991012173
2014-11-03,0.344317,0.614186,-0.66071,-0.296901,-0.296902,-0.869155,-2.843838,-4.836516,-4.910186,-4.39604,-3.677633,0.0,98.889534,94.03387359999999,3.134373622497768,87.76512635500445,100.30262084499553,95.55301124834683,0.8062130321949326,-0.0029734330648890765
2014-11-04,-0.672071,0.10127,-1.178427,1.079475,1.079492,-1.222625,-3.120981,-5.140251,-5.638931,-5.3423,-4.670723,1.0,99.957039,94.32053055,3.4032955876866318,87.51393937462674,101.12712172537326,95.97244246278999,1.045763845590983,0.010737074715083174
2014-11-05,0.211361,0.404339,-0.799488,0.184125,0.18413,-0.805012,-2.600636,-4.664592,-5.632704,-5.350127,-4.840416,0.0,100.14109,94.50043889999999,3.6154532372737447,87.2695324254525,101.73134537454749,96.36945651395284,1.2362107011509664,0.0018396079246178786
2014-11-06,-0.07339,0.284376,-0.421979,0.174602,0.174597,-0.616464,-2.185128,-4.08281,-5.479318,-5.325754,-4.947867,0.0,100.315933,94.8193041,3.8376896905308278,87.14392471893834,102.49468348106166,96.74531141738589,1.3852809190267408,0.0017444441878048348
2014-11-07,0.739374,0.7671,-0.258779,-0.743056,-0.743059,0.20518,-0.984287,-2.779417,-4.449627,-4.503508,-4.202399,-1.0,99.570526,95.14000915,3.9575463498648062,87.22491645027038,103.05510184972961,97.01437947287295,1.4268244809632904,-0.007458338689982389
2014-11-10,-0.689212,0.091893,-1.4887,0.573016,0.573025,-0.115791,-1.111938,-2.74399,-4.548344,-4.902048,-4.678375,1.0,100.14109,95.58632835,3.9947338848084475,87.59686058038311,103.5757961196169,97.31216142783742,1.4886278245778186,0.005713894502177402
2014-11-11,-0.027552,0.449911,-0.330549,0.082709,0.0827,-0.145073,-0.815357,-2.300986,-4.080895,-4.741165,-4.686134,0.0,100.223907,96.1338747,3.8309865819931423,88.47190153601372,103.7958478639863,97.58947052994814,1.52669131231481,0.0008266614025025217
2014-11-12,-0.073565,0.229885,-0.331035,-0.146914,-0.146918,-0.011028,-0.376089,-1.695629,-3.455168,-4.459765,-4.409497,0.0,100.07666,96.61884325,3.6746363425334603,89.26957056493308,103.96811593506692,97.82634571757214,1.5273687421678375,-0.0014702607060008653
2014-11-13,-0.018334,0.385072,-0.5226,0.294253,0.294261,-0.293392,-0.482263,-1.590421,-3.175029,-4.483729,-4.530427,0.0,100.371147,97.18433435,3.301707615582229,90.58091911883554,103.78774958116446,98.06870774447003,1.5339854209168777,0.0029382931774627084
2014-11-14,0.702657,0.832095,-0.138685,-0.834323,-0.834328,0.538092,0.390162,-0.452419,-1.923078,-3.423818,-3.633816,-1.0,99.533722,97.6196104,2.9775835908545254,91.66444321829096,103.57477758170904,98.20823291166337,1.4548849792425642,-0.008378284159017913
2014-11-17,-0.277011,0.36011,-0.637121,0.129437,0.129442,0.312092,0.337948,-0.32072,-1.629738,-3.209608,-3.652514,0.0,99.66256,98.0383215,2.6060287384797904,92.82626402304041,103.25037897695958,98.34674025340972,1.3866094881388307,0.0012935785414497204
2014-11-18,-0.64321,0.211335,-1.01994,0.48938,0.489375,-0.191122,-0.131395,-0.55867,-1.719654,-3.24653,-3.924468,0.0,100.150284,98.4280455,2.273045886840261,93.88195372631948,102.97413727368051,98.51850632451355,1.3562222345602635,0.004881817993896832
2014-11-19,-0.285036,0.045969,-0.606844,-0.06432,-0.064318,-0.125045,-0.072637,-0.298519,-1.309767,-2.79625,-3.744638,0.0,100.085869,98.77497735,1.9279409228013078,94.91909550439739,102.63085919560261,98.66777896027416,1.3118205146960236,-0.0006433903294382039
2014-11-20,0.342025,0.36051,-0.452947,-0.533286,-0.533295,0.245896,0.386403,0.306288,-0.524118,-1.853568,-3.040602,-1.0,99.552116,99.03034499999998,1.6411020569546275,95.74814088609072,102.31254911390924,98.75200153548616,1.2195047340081402,-0.005347221590014743
2014-11-21,0.806603,0.806603,-0.222509,-0.295802,0.353567,-0.033145,0.06611,0.00094,-0.624392,-1.835974,-3.157072,0.0,99.904099,99.28030575,1.3311157434086334,96.61807426318273,101.94253723681726,98.8617251035351,1.1613584815146822,0.003529429909055174
2014-11-24,0.973055,1.263104,-0.224549,-0.908589,-0.908594,0.748889,0.86801,0.925069,0.449767,-0.624436,-2.007076,-1.0,98.996376,99.44162854999999,1.048879612724442,97.34386932455111,101.53938777544887,98.87454899843651,1.0301564947290416,-0.009127472439823533
2014-11-25,0.262424,0.459236,0.0,-0.168413,-0.168415,0.651597,0.897097,1.01928,0.740502,-0.19477,-1.519434,0.0,98.829651,99.56148635000001,0.7925685875464323,97.97634917490714,101.14662352509288,98.87027299858542,0.9023232401849697,-0.0016855723385101658
2014-11-26,-0.410411,0.037311,-0.568978,0.477978,0.477975,0.014927,0.339121,0.4824,0.370085,-0.421622,-1.688325,0.0,99.302032,99.6695342,0.5577479647783622,98.55403827044327,100.78503012955673,98.91139290348205,0.8295689098135881,0.004768363019000952
2014-11-28,-0.591223,0.526559,-0.849883,0.97006,0.970066,-0.803698,-0.635437,-0.486346,-0.506335,-1.146111,-2.260372,1.0,100.265327,99.75764875,0.49997581960308635,98.75769711079383,100.75760038920617,99.04033900791234,0.8399579226586411,0.009653908196625042
2014-12-01,-0.129594,0.722021,-0.629456,-0.203234,-0.203234,-0.570215,-0.380333,-0.250973,-0.259868,-0.738657,-1.753739,0.0,100.061554,99.80152580000001,0.48527458860303163,98.83097662279394,100.77207497720607,99.13759757858735,0.8222698965667803,-0.0020344056600313572
2014-12-02,-0.497651,0.018429,-0.930792,0.444324,0.444329,-0.709621,-0.73708,-0.668012,-0.620659,-0.989258,-1.882631,0.0,100.506157,99.88235695,0.45931526204903445,98.96372642590194,100.80098747409806,99.26793657110284,0.8345080653373458,0.004433452683129443
2014-12-03,0.761233,1.17898,-0.064982,-0.728044,-0.728043,0.20794,-0.046774,0.030439,0.099021,-0.129151,-0.915209,-1.0,99.774429,99.87322644999999,0.45956749703368666,98.95409145593261,100.79236144406737,99.31617394528352,0.77621484639306,-0.007307061262230024
2014-12-04,0.492746,0.687993,-0.167349,-0.148536,-0.148528,0.422082,0.05577,0.149092,0.222078,0.119185,-0.551045,0.0,99.626236,99.84748375000001,0.4581911271610578,98.9311014956779,100.76386600432213,99.34570366478033,0.7098761039564323,-0.0014863844840641571
2014-12-05,-0.903145,0.211958,-1.188831,0.883232,0.883222,-0.409179,-0.725284,-0.718748,-0.645893,-0.677627,-1.220681,1.0,100.506157,99.85699495,0.4702429138840144,98.91650912223197,100.79748077776803,99.45622303003935,0.7200046777857949,0.008793445746294174
2014-12-08,-0.092148,0.331736,-0.350164,0.009211,0.009215,-0.328049,-0.673613,-0.662785,-0.608045,-0.633796,-1.043724,0.0,100.515419,99.90423960000001,0.48711050266562606,98.93001859466875,100.87846060533127,99.55709883670228,0.7204738375918822,9.214931243551491e-05
2014-12-09,0.157333,0.388707,-1.073581,-0.433094,-0.433109,0.020369,-0.133267,-0.202863,-0.178746,-0.153976,-0.469715,0.0,100.080078,99.901189,0.4857382391275124,98.92971252174497,100.87266547825503,99.60690637606398,0.6779028278947408,-0.004340493081764483
2014-12-10,1.289536,1.618977,-0.08471,-1.675155,-1.67515,1.445789,1.524854,1.379034,1.429405,1.483943,1.292741,-1.0,98.403587,99.81017299999999,0.5829091154140841,98.64435476917183,100.97599123082816,99.49230453072454,0.5030869105776503,-0.01689338888901419
2014-12-11,-0.81522,0.552846,-1.274363,0.45181,0.451801,0.832092,1.022312,0.839588,0.911068,0.975181,0.894724,0.0,98.848175,99.74874874999999,0.6170747528246254,98.51459924435073,100.98289825564925,99.43095886113173,0.3958553980291981,0.004507830483717281
2014-12-12,2.125828,2.336496,-0.038304,-2.145803,-2.145802,2.261808,2.87179,2.856148,2.935534,3.04101,3.045999,-1.0,96.727089,99.56654584999998,0.8977730896266476,97.77099967074669,101.36209202925328,99.17344744578585,0.13812749049945694,-0.02169158946422879
2014-12-15,0.779144,1.058098,-0.317432,-0.450063,-0.450063,1.846867,2.945374,3.071061,3.232563,3.370655,3.411747,0.0,96.291756,99.40444755,1.1587558633923105,97.08693582321538,101.72195927678462,98.89900064142529,-0.10009760503523069,-0.004510790002409806
2014-12-16,0.700663,2.384193,-0.253019,-1.154287,-1.154261,2.006595,3.587953,4.007375,4.202589,4.369275,4.489424,-1.0,95.180298,99.18033445,1.4917998952177938,96.19673465956441,102.1639342404356,98.54483848509906,-0.37426380119448766,-0.011609741064997221
2014-12-17,-0.768716,0.403573,-1.316425,1.274813,1.274782,0.305572,1.933327,2.529721,2.696094,2.8966,3.050955,1.0,96.393639,98.9925022,1.5960992242399838,95.80030375152003,102.18470064847997,98.33996234366106,-0.488010526946681,0.012667247364265947
2014-12-18,-1.114123,0.009364,-1.938021,2.632841,2.63286,-2.250731,-0.751807,-0.125459,0.003272,0.210674,0.366616,1.0,98.931549,98.93478619999999,1.575215332629971,95.78435553474004,102.08521686525994,98.39630392997906,-0.3691125995223672,0.025987972786000593
2014-12-19,1.023206,1.743246,-0.047374,-1.17966,-1.179665,-0.871627,0.15253,0.896255,1.105633,1.300286,1.477746,-1.0,97.764488,98.84540480000001,1.5889997621896257,95.66740527562077,102.02340432437926,98.33613098426677,-0.3648514244802641,-0.011866784031683073
2014-12-22,-0.983695,0.084321,-1.002436,1.127423,1.127423,-1.45587,-1.130786,-0.30916,-0.074011,0.14395,0.322689,1.0,98.866707,98.7935352,1.5694332853657282,95.65466862926854,101.93240177073145,98.38666203338423,-0.2694287440400842,0.011211146275981567
2014-12-23,2.282322,2.522061,-0.345225,-2.304665,-2.304661,1.160333,0.840041,1.772149,2.158608,2.379054,2.566715,-1.0,96.588165,98.67312465,1.64367744346475,95.3857697630705,101.96047953692951,98.21537660163335,-0.3733610058714021,-0.023316330807601364
2014-12-24,-0.200783,0.70753,-0.200783,0.297274,0.297267,0.959945,0.383406,1.271001,1.754954,1.940391,2.1475,0.0,96.87529,98.5754066,1.6912867696943896,95.19283306061122,101.95798013938877,98.0877493062397,-0.4276300314558057,0.0029682630325359167
2014-12-26,0.00952,0.599661,-0.352176,0.449376,0.449367,0.175148,-0.223672,0.659316,1.197423,1.370276,1.595787,0.0,97.310616,98.4758358,1.7048227522499602,95.06619029550008,101.88548130449992,98.01373661040735,-0.4305483616834067,0.0044836078811011666
2014-12-29,-0.655087,0.341783,-0.683567,0.257,0.257003,-0.123421,-0.393996,0.200009,0.799397,1.028771,1.239328,0.0,97.560707,98.34060480000001,1.6621391608989962,95.01632647820202,101.664883121798,97.9705909332257,-0.407977989506378,0.0025667310454108518
2014-12-30,0.056945,0.417618,-0.284741,0.028481,0.028497,-0.413831,-0.289493,-0.028486,0.643973,0.905076,1.144043,0.0,97.588509,98.21695255,1.6187976301219908,94.97935728975602,101.45454781024398,97.93420217768039,-0.3834275043020767,0.00028493068799324037
2014-12-31,0.99455,1.472699,-0.028688,-0.749811,-0.749833,0.394002,0.636904,0.504936,1.215945,1.57905,1.811623,-1.0,96.856758,98.0344826,1.5514573136481424,94.93156797270372,101.13739722729629,97.83158844647274,-0.4181965486086483,-0.007526585406062137
2015-01-02,0.507086,0.985463,-0.373134,-0.047818,-0.047806,0.428625,0.728092,0.443298,1.111273,1.544205,1.745322,0.0,96.810455,97.8862839,1.51770167518677,94.85088054962645,100.92168725037354,97.73433764204677,-0.4443651668134265,-0.00047817077723163423
2015-01-05,0.664806,0.905677,-0.105984,-0.698427,-0.698432,0.890261,1.145584,0.961559,1.640816,2.126606,2.323927,-1.0,96.1343,97.7116871,1.5078266434383887,94.69603381312322,100.72734038687679,97.58195310470897,-0.5137419455571575,-0.0070088224779986654
2015-01-06,1.026333,1.655692,-0.329199,-0.491379,-0.491369,0.991474,1.425246,1.385872,1.889518,2.438416,2.693644,0.0,95.661926,97.46947555,1.4219410823642935,94.62559338527142,100.31335771472858,97.39909338045098,-0.5999246189825129,-0.004925800313928016
2015-01-07,-1.563086,0.255782,-1.657825,2.20759,2.207584,-1.151952,-0.877225,-0.702915,-0.451401,0.132251,0.402933,1.0,97.773743,97.33239175,1.2323571809784744,94.86767738804305,99.79710611195695,97.4347742965985,-0.4921458745837981,0.02183569265518899
2015-01-08,-0.31018,0.093993,-0.601559,0.786284,0.786281,-1.580973,-1.452202,-1.250114,-1.30604,-0.728635,-0.395709,1.0,98.542519,97.25551379999999,1.0918792119794616,95.07175537604107,99.43927222395891,97.54027379216056,-0.3407684779798643,0.007832055500248765
2015-01-09,1.486562,1.486562,-0.181058,-1.362907,-1.362905,-0.141035,-0.057178,0.16962,-0.00429,0.537068,0.924655,-1.0,97.199478,97.19530834999999,1.0579119969278763,95.07948435614423,99.31113234385575,97.50781705005004,-0.3254217259057839,-0.01372277893053753
2015-01-12,0.564158,1.185693,-0.267737,-0.343053,-0.343042,0.353786,0.240952,0.372271,0.237605,0.76916,1.188234,0.0,96.866043,97.09620175,0.9852700195322464,95.12566171093552,99.0667417890645,97.44669571195004,-0.3362882110225911,-0.0034363170375597543
2015-01-13,0.649103,1.498664,-0.496376,0.172117,0.172104,0.46392,0.01432,0.149549,0.08114,0.452846,0.903337,0.0,97.032753,97.11148495,0.9816069857237459,95.14827097855252,99.07469892144749,97.40727259652623,-0.3276706912591578,0.0017195572589156281
2015-01-14,-0.134614,0.413462,-0.471152,-0.72547,-0.725476,0.898086,0.614431,0.705778,0.814433,1.013086,1.511549,-1.0,96.328804,97.11333735000001,0.9800123120687688,95.15331272586248,99.07336197413754,97.30456130161897,-0.37334041006262453,-0.007281200265022026
2015-01-15,0.468341,1.405017,-0.526882,-1.451925,-1.451916,1.623575,1.893844,2.073048,2.286566,2.284322,2.811334,-1.0,94.930191,97.100832,1.0071956295006406,95.08644074099871,99.11522325900128,97.07843079670289,-0.5164372050218873,-0.014625591137404878
2015-01-16,-1.903117,0.55748,-1.960785,1.512346,1.512333,-0.063428,0.32969,0.517118,0.761256,0.675904,1.161744,1.0,96.365852,97.09944264999999,1.00824111414778,95.08296042170443,99.11592487829554,97.01056614939785,-0.5081390904740601,0.015010116595718456
2015-01-20,0.256691,0.750323,-1.016881,-2.643214,-2.6432,2.00019,2.806788,2.997988,3.2244,3.194783,3.701908,-1.0,93.81871,96.8438007,1.1565372465836923,94.53072620683261,99.1568751931674,96.7065798494552,-0.6990377746263619,-0.026787603423998906
2015-01-21,-1.315019,0.196267,-1.472031,0.602232,0.602236,0.828252,2.055928,2.157008,2.42737,2.477714,2.864891,1.0,94.38372,96.6747623,1.257542339657908,94.15967762068418,99.18984697931582,96.48535510188803,-0.795564005519168,0.006004297579558577
2015-01-22,-1.320358,0.067463,-2.110642,1.825319,1.8253,-1.025435,0.053016,0.222959,0.447677,0.633009,0.868038,1.0,96.106506,96.53675225,1.1512967554075209,94.23415873918496,98.83934576081505,96.44927423504154,-0.7246934911984937,0.018088413345049036
2015-01-23,0.724075,0.753429,-0.254398,-1.503474,-1.503468,0.428577,1.170262,1.598181,1.879166,2.14717,2.216903,-1.0,94.661575,96.44042275,1.2250082525581616,93.99040624488367,98.89043925511632,96.27901716503759,-0.7761746951786108,-0.015148851161506471
2015-01-26,-0.449833,0.185796,-1.026797,0.058713,0.058723,0.021508,0.84881,1.391218,1.70545,2.016422,2.027179,0.0,94.717163,96.3325164,1.278566182781941,93.77538403443612,98.88964876556389,96.13026914931973,-0.8032293057592881,0.0005870564159790929
2015-01-27,-0.254671,0.66608,-1.136248,-0.166249,-0.166261,0.344803,0.772857,1.44906,1.729368,2.001383,2.045919,0.0,94.559685,96.19496985,1.315250015622138,93.56446981875573,98.82546988124429,95.98068970652737,-0.8278346752369146,-0.0016639968173660534
2015-01-28,0.985416,1.42885,-0.039418,-0.597505,-0.597485,0.865178,1.055364,1.940597,2.151148,2.454064,2.562395,-1.0,93.994705,96.01666974999999,1.3612664073216014,93.29413693535679,98.7392025646432,95.79154830590572,-0.8827480026027388,-0.005992771537777638
2015-01-29,-0.84977,0.078142,-1.670247,0.886868,0.886853,-0.291068,0.008796,0.837409,1.107643,1.383088,1.60937,1.0,94.8283,95.87865930000001,1.3331499057146805,93.21235948857066,98.54495911142936,95.69981037200994,-0.849213851648841,0.00882943702235269
2015-01-30,1.43799,1.857401,-0.049933,-2.187925,-2.187937,1.527874,2.011197,2.676933,3.148107,3.485535,3.795035,-1.0,92.753517,95.67349725,1.4821125169329794,92.70927221613404,98.63772228386595,95.41921100324709,-0.9787727607117631,-0.022122268012441864
2015-02-02,-0.337205,0.019831,-1.438069,0.689038,0.689054,0.549433,0.994739,1.702531,2.259244,2.628181,2.977615,1.0,93.392639,95.50260645,1.5400283808894557,92.4225496882211,98.58266321177891,95.226204145795,-1.0181408317928486,0.006866910659734792
2015-02-03,-1.034547,0.097598,-1.307824,1.616579,1.616579,-0.977943,-0.497757,-0.053357,0.567537,0.894006,1.197865,1.0,94.902405,95.44101169999999,1.538067612638024,92.36487647472394,98.51714692527604,95.19536613190975,-0.9169448438159975,0.016036517194687447
2015-02-04,0.749805,1.075371,-0.335442,-1.073588,-1.073596,0.073008,0.528811,0.807685,1.564231,1.832286,2.158318,-1.0,93.883537,95.35209225,1.5755730550017706,92.20094613999646,98.50323836000354,95.07043002410882,-0.9084879433348192,-0.010794001731126837
2015-02-05,-0.868631,0.097598,-0.975991,1.085239,1.085247,-0.985754,-0.67734,-0.374783,0.322563,0.625803,0.92231,1.0,94.902405,95.20852534999999,1.4706206307762548,92.26728408844748,98.1497666115525,95.05442764086035,-0.8102318082759297,0.010794001731126808
2015-02-06,0.999014,1.335311,-0.267058,-1.327348,-1.327353,0.536107,0.549954,0.873726,1.410489,1.842141,2.175078,-1.0,93.642715,94.96353515000001,1.2820136337569992,92.39950788248602,97.527562417514,94.91997881792128,-0.8245051861269275,-0.013362411538479566
2015-02-09,1.282821,1.282821,-0.6815,-1.305637,-1.305627,1.655636,1.631582,1.923559,2.493479,2.999392,3.366066,-1.0,92.42009,94.72456575,1.2887195911059246,92.14712656778815,97.30200493221184,94.68189416859543,-0.9238233005557532,-0.01314225696520353
2015-02-10,-0.159438,0.348778,-0.916789,0.571256,0.571255,0.657695,0.880913,1.282175,1.700543,2.277226,2.622484,1.0,92.948044,94.5286658,1.2430381798188692,92.04258944036226,97.01474215963773,94.51676558111015,-0.9489927486062015,0.00569629111738337
2015-02-11,0.079699,0.408452,-0.428372,0.029894,0.029886,0.432363,0.741188,1.150964,1.451987,2.131108,2.427449,0.0,92.975822,94.32581925,1.139613764633912,92.04659172073217,96.60504677926782,94.37000904957586,-0.9556817606274279,0.0002988104841439208
2015-02-12,2.092643,2.133278,-1.310443,-1.932651,-1.932634,1.594866,2.326273,2.784082,3.168918,3.854514,4.211685,-1.0,91.17894,94.06832605,1.2405541474582844,91.58721775508343,96.54943434491656,94.06609771152101,-1.0933724935713798,-0.019515531497082465
2015-02-13,-1.184502,0.050186,-1.294922,1.198701,1.198686,0.09436,1.062035,1.393962,1.802848,2.352537,2.811682,1.0,92.271889,93.93541094999999,1.2849649528122062,91.36548104437558,96.5053408556244,93.89522069137615,-1.1016029482303367,0.01191558454590415
2015-02-17,-1.045403,0.039826,-1.314216,0.823127,0.823142,-0.591408,0.198114,0.445358,0.792497,1.337698,1.836901,1.0,93.031418,93.76868925,1.1636105497944425,91.44146815041111,96.09591034958888,93.81295376838796,-1.0349082224135202,0.008197730152042879
2015-02-18,0.740294,0.980395,-0.580234,-0.4779,-0.477906,-0.192077,0.429167,0.785642,1.209977,1.639448,2.198206,0.0,92.586815,93.70709450000001,1.1930555006081776,91.32098349878366,96.09320550121636,93.69617864758911,-1.0063275999369239,-0.004790519154102717
2015-02-19,-0.744787,0.139026,-1.082419,0.740294,0.740313,-0.861977,-0.374397,-0.006642,0.406631,0.731258,1.361778,1.0,93.272247,93.65152085,1.1857431334647446,91.2800345830705,96.02300711692949,93.65580420496158,-0.9177889173705154,0.007375858891153493
2015-02-20,-0.079795,0.109716,-1.147019,-0.436936,0.259968,-0.619481,-0.781112,-0.359563,0.007707,0.349699,0.94714,0.0,93.514725,93.52193179999999,1.035416096701845,91.4510996065963,95.59276399340368,93.64236809020333,-0.8186188963584158,0.002596306729659289
2015-02-23,0.558992,0.588937,-0.379314,-0.079795,-0.079774,-0.290088,-0.723579,-0.231026,0.02219,0.366028,0.845713,0.0,93.440125,93.46085930000001,1.000077683745032,91.46070393250994,95.46101466749008,93.6231068435173,-0.7375435933277714,-0.0007980536900683235
2015-02-24,-0.446869,0.347573,-0.695131,0.519063,0.51904,-0.61465,-1.075967,-0.708398,-0.536449,-0.256166,0.208781,0.0,93.925117,93.421257,0.962694176695955,91.49586864660809,95.3466453533919,93.65186971556328,-0.626929181057875,0.005176980298125795
2015-02-25,-0.266769,0.079046,-1.037442,0.506457,0.506468,-0.73115,-1.420567,-1.244167,-1.046076,-0.734126,-0.383235,0.0,94.400818,93.41331365,0.9534171502215306,91.50647934955694,95.32014795044307,93.72319812360487,-0.4951733175295203,0.005051901234151988
2015-02-26,-1.381329,0.369647,-1.536967,1.570995,1.571003,-1.721801,-2.642012,-2.632549,-2.478088,-2.206895,-1.963953,1.0,95.883858,93.5077713,1.096842586100415,91.31408612779917,95.70145647220083,93.92897525469012,-0.2679976031693627,0.015587908185762599
2015-02-27,0.517022,0.799922,-0.029264,-0.282102,-0.282096,-1.004791,-1.902803,-2.307529,-2.16115,-1.950873,-1.711556,0.0,95.613373,93.54702495,1.158882288326444,91.2292603733471,95.86478952665288,94.08939408757678,-0.10853397963168732,-0.0028249513423032066
2015-03-02,-0.68785,0.184076,-0.68785,0.692614,0.692606,-1.09669,-2.161698,-2.797184,-2.65121,-2.558238,-2.341043,1.0,96.275597,93.72312895,1.2919253928830594,91.13927816423389,96.30697973576612,94.29760388875994,0.07046574797909955,0.006902185456894766
2015-03-03,0.742625,0.742625,-0.51788,-0.852553,-0.852562,0.074275,-1.066517,-1.749397,-1.706097,-1.689433,-1.533096,-1.0,95.454788,93.8262364,1.3453457729722182,91.13554485405557,96.51692794594443,94.40781189935423,0.1444270303182691,-0.008562169366152091
2015-03-04,0.462372,0.462372,-0.472212,-0.674217,-0.674222,0.840148,-0.160345,-0.951464,-1.043689,-1.011491,-0.82981,-1.0,94.811211,93.8216767,1.3416558900334499,91.1383649199331,96.5049884800669,94.44623086132049,0.14938853607894487,-0.006765049539806872
2015-03-05,-0.438936,0.673041,-0.507215,0.855873,0.85588,-0.070225,-0.761798,-1.607472,-1.792511,-1.783424,-1.628195,1.0,95.622681,93.9086339,1.4009269246735887,91.10678005065282,96.71048774934718,94.55827373167091,0.2163059718050846,0.008522379109703593
2015-03-06,1.977819,2.31745,-0.229751,-2.350757,-2.350756,1.855956,1.612227,0.917957,0.489886,0.518726,0.642439,-1.0,93.374825,93.83225490000001,1.385451182959944,91.06135253408011,96.6031572659199,94.44556432865463,0.08695298872095236,-0.023788271584342803
2015-03-09,-0.456991,0.258289,-0.894101,0.549399,0.549399,0.790775,1.104706,0.481287,-0.046134,0.017821,0.065061,0.0,93.887825,93.84451039999999,1.3847702325781055,91.07496993484378,96.6140508651562,94.39244629735418,0.025540218626886713,0.005478949307902188
2015-03-10,0.462171,0.9143,-0.020091,-1.122596,-1.122593,1.370439,2.135035,1.607901,1.110965,1.129284,1.133514,-1.0,92.833847,93.86519825,1.36532414954076,91.13454995091848,96.59584654908153,94.24400826903474,-0.10694427325452693,-0.01128941469824197
2015-03-11,1.535803,1.535803,-0.101708,-1.215713,-1.21573,1.940615,3.098063,2.794294,2.287568,2.23442,2.274402,-1.0,91.705238,93.80305795000001,1.4357304881720887,90.93159697365583,96.67451892634419,94.00222062436477,-0.29955541335245073,-0.012231805219599164
2015-03-12,-0.871485,0.410694,-1.001703,1.535803,1.535825,-0.140247,1.241102,1.228079,0.747775,0.654956,0.695866,1.0,93.11367,93.80995035,1.4318759315510392,90.94619848689791,96.67370221310208,93.91759675537766,-0.33469429048498966,0.015241506190509978
2015-03-13,0.645095,0.846693,-0.574539,-0.621059,-0.62106,0.302386,1.541171,1.790139,1.450682,1.181672,1.24256,-1.0,92.535378,93.87777224999999,1.3291356113721098,91.21950102725577,96.53604347274421,93.78595687391311,-0.4045421253838697,-0.006229968606274832
2015-03-16,-1.306155,0.009897,-1.306155,1.86473,1.864718,-1.454574,-0.531361,-0.015164,-0.300951,-0.64431,-0.557464,1.0,94.260902,93.9772229,1.2760041814798695,91.42521453704026,96.52923126295974,93.83118974306424,-0.31700740770767766,0.01847545446406757
2015-03-17,0.220244,0.630692,-0.480524,-1.157727,-1.157721,-0.228252,0.388427,1.101881,0.874222,0.551604,0.599309,-1.0,93.169624,93.9841332,1.2709768473071057,91.4421795053858,96.52608689461421,93.76818348182003,-0.3318669718336338,-0.011644744905866283
2015-03-18,-1.547408,0.27597,-2.296474,1.571729,1.571717,-1.153153,-1.183707,-0.44614,-0.57854,-0.933067,-0.966816,1.0,94.633987,94.0864918,1.2344299116951623,91.61763197660969,96.55535162339032,93.85064095974194,-0.2229118386350848,0.015594936328304493
2015-03-19,-0.639199,0.26551,-0.767035,0.226693,0.226704,-1.01092,-1.488841,-0.744093,-0.720328,-1.078171,-1.156907,0.0,94.848526,94.16530575,1.2300191629704667,91.70526742405907,96.62534407594093,93.94567763024271,-0.11789360221303014,0.002264473784732129
2015-03-20,-0.517577,0.488281,-0.625,0.6982,0.698199,-1.074222,-1.948243,-1.439454,-1.304198,-1.582636,-1.821012,1.0,95.510757,94.26510735000001,1.2551739709743923,91.75475940805123,96.77545529194879,94.09473280831483,0.018556703840857836,0.0069577239534338985
2015-03-23,-0.495244,0.359288,-0.728297,0.566407,0.566405,-1.258498,-2.2752,-2.010099,-1.72412,-1.979529,-2.290369,1.0,96.051735,94.39568785,1.2998823710577558,91.79592310788449,96.99545259211551,94.2811139694277,0.16840568204445105,0.005648072673138573
2015-03-24,0.853279,1.24559,-0.029422,-0.990487,-0.990501,0.13536,-1.059224,-1.054646,-0.67917,-0.911902,-1.218928,-1.0,95.100342,94.4544491,1.3040469851350969,91.84635512972982,97.0625430702702,94.35913568662505,0.20799497628321717,-0.00995438680062243
2015-03-25,1.504885,2.152685,0.0,-1.588861,-1.58885,1.528807,0.739492,0.455791,0.881014,0.730726,0.398736,-1.0,93.58934,94.41387519999999,1.3183491447570337,91.77717691048592,97.05057348951406,94.28582181170839,0.11610614440438383,-0.016016077650563728
2015-03-26,-0.189736,0.669062,-0.57919,-0.199319,-0.199315,1.422006,0.971638,0.49797,0.949672,0.93749,0.614483,0.0,93.402802,94.2898224,1.2891548133289936,91.71151277334202,96.86813202665799,94.20172468678378,0.027909798694125243,-0.001995143324019713
2015-03-27,-0.059794,0.607934,-0.18935,0.199717,0.199713,0.80925,0.883002,0.312943,0.64033,0.739495,0.499793,0.0,93.58934,94.18862075000001,1.2588745275161797,91.67087169496766,96.70636980503237,94.14340233566152,-0.026627438528365133,0.0019951433240196267
2015-03-30,-0.305273,0.305266,-0.777943,1.205907,1.205908,-0.673566,-0.270806,-0.823898,-0.641064,-0.406892,-0.611619,1.0,94.717941,94.11073795,1.1678575051153866,91.77502293976923,96.44645296023077,94.19812030369376,0.02097825240591078,0.011986945037223197
2015-03-31,0.367796,0.884692,-0.009942,-0.935505,-0.935499,-0.005968,0.741546,0.183562,0.210734,0.529622,0.355374,-1.0,93.831856,94.02959135,1.1251559209875286,91.77927950802494,96.27990319197507,94.16323798905626,-0.012647753299788178,-0.009399018585708407
2015-04-01,1.321227,1.321227,-0.54463,-1.441348,-1.441353,1.216337,1.981843,1.704487,1.550176,1.916693,1.819131,-1.0,92.479408,93.91300120000001,1.1601682038653778,91.59266479226926,96.23333760773076,94.00287322819376,-0.14673637026805864,-0.014518411040844854
2015-04-02,-0.20072,0.351264,-0.75271,0.494198,0.494206,0.61822,1.27458,1.191616,0.906256,1.288634,1.306365,0.0,92.936447,93.7786895,1.1060521401009742,91.56658521979806,95.99079378020194,93.90130882550864,-0.21366039358773037,0.004929890441667758
2015-04-06,-0.322719,0.403382,-1.129491,-0.481729,-0.481727,0.867276,1.438066,1.678082,1.3468,1.643795,1.759771,0.0,92.488747,93.7343856,1.1402969097116098,91.45379178057678,96.01497941942321,93.76677912784115,-0.29937282902521645,-0.004828910897292274
2015-04-07,-0.549446,0.769236,-0.669329,0.947957,0.947966,-0.369639,0.197786,0.659325,0.367117,0.56462,0.801517,1.0,93.365509,93.70826980000001,1.142576713997604,91.4231163720048,95.99342322799522,93.7285629251896,-0.29317366215687457,0.009435011314049108
2015-04-08,-0.319497,0.28953,-0.559111,0.059946,0.059921,-0.517164,-0.041929,0.617015,0.338461,0.417335,0.723181,0.0,93.421455,93.73765019999999,1.126347911528262,91.48495437694346,95.99034602305652,93.69931455136204,-0.28051282586791615,0.0005990353981338131
2015-04-09,-0.750027,0.3158,-0.986875,1.168129,1.168141,-1.235566,-1.098395,-0.553314,-0.671574,-0.754768,-0.435875,1.0,94.512749,93.87802575,1.0305978243762703,91.81683010124746,95.93922139875255,93.77678449885137,-0.18034184785386742,0.011613705677010361
2015-04-10,-0.715262,0.078386,-1.10719,0.720414,0.720425,-1.467768,-1.617684,-1.240458,-1.272793,-1.482669,-1.172197,1.0,95.193642,93.98202435,1.0540847330676315,91.87385488386474,96.09019381613527,93.91172330848457,-0.045488883907211175,0.007178418399704513
2015-04-13,0.984583,1.422178,0.0,-1.479517,-1.47952,0.288409,-0.119352,0.119994,0.276466,0.014308,0.246962,-1.0,93.785233,94.0445171,0.9994375303048076,92.04564203939037,96.04339216060961,93.89967661243841,-0.05166817558539094,-0.014905740937728399
2015-04-14,0.527264,0.935139,-0.328288,-0.029842,-0.029864,0.401927,-0.191983,-0.01325,0.279561,0.038614,0.187373,0.0,93.757225,94.01933325,1.0000437348965725,92.01924578020686,96.01942071979315,93.88610979220618,-0.05815494626673967,-0.00029868436733643743
2015-04-15,-0.059639,0.636183,-0.268386,0.079587,0.0796,0.409546,-0.271367,-0.182901,0.23509,0.00159,0.050033,0.0,93.831856,94.05244485,0.9812150445950155,92.09001476080996,96.01487493919004,93.88094276437702,-0.056620969492684026,0.0007956860126363332
2015-04-16,0.481006,0.531114,-0.020046,-0.805166,-0.805156,0.915915,0.602258,0.590564,0.965015,0.87222,0.800001,-1.0,93.076363,93.97456365000001,0.9943554164555938,91.98585281708883,95.96327448291119,93.80431612015065,-0.11504113048744102,-0.008084150804566464
2015-04-17,-0.210885,0.271135,-0.471983,-0.210441,-0.210456,0.630652,0.808402,0.765218,1.072005,1.074917,0.914175,0.0,92.880478,93.87616125,1.0006751343142215,91.87481098137155,95.87751151862844,93.71633153727916,-0.1751270557057012,-0.0021067799538853384
2015-04-20,0.049898,0.668594,-0.159661,0.632654,0.632642,-0.069841,0.279432,0.123094,0.327329,0.479409,0.283089,1.0,93.468079,93.77402735,0.9265574356760372,91.92091247864792,95.62714222135207,93.69268843849066,-0.17333301927321543,0.006306493132621545
2015-04-21,0.358924,0.687931,-0.13958,0.089815,0.089829,-0.203391,0.209372,-0.049848,0.103688,0.358922,0.181123,0.0,93.55204,93.6490426,0.7560481549883955,92.1369462900232,95.1611389099768,93.6792933491106,-0.16325438652100388,0.0008978820684071518
2015-04-22,0.199141,0.368419,-0.467989,0.129608,0.12962,-0.366433,0.106535,-0.19052,-0.102069,0.250514,0.081308,0.0,93.673302,93.57769060000001,0.674851400895991,92.22798779820803,94.92739340179199,93.67872274443339,-0.14382425104255958,0.0012953590113460377
2015-04-23,0.039818,0.358353,-0.547477,0.029871,0.029867,-0.262796,-0.009956,-0.133387,-0.125923,0.180765,0.122433,0.0,93.701279,93.58328755,0.6754170532127951,92.2324534435744,94.93412165642559,93.68087095924925,-0.12473040414583636,0.00029862108359177245
2015-04-24,-0.959637,0.445189,-1.068463,0.617164,0.617158,-0.577762,-0.720222,-0.650967,-0.692025,-0.457856,-0.450469,1.0,94.279564,93.62712565,0.6913513083837944,92.24442303323241,95.00982826676758,93.73788934408265,-0.06221841123080196,0.0061526144366838235
2015-04-27,0.576657,1.014114,-0.109367,-0.494658,-0.49465,-0.009946,-0.223711,-0.062974,-0.186425,-0.035403,0.089804,0.0,93.81321,93.63831915,0.692518657989182,92.25328183402164,95.02335646597837,93.74506273988429,-0.04973476537166732,-0.004958775881689333
2015-04-28,-0.287871,0.208456,-1.419496,0.159073,0.159071,-0.081395,-0.360334,-0.17934,-0.38515,-0.283107,-0.079745,0.0,93.96244,93.60054410000001,0.6498174496675839,92.30090920066483,94.90017899933518,93.76576533608579,-0.027482965734193954,0.0015894502979198002
2015-04-29,0.119537,0.219147,-0.488093,-0.347428,-0.347438,0.258998,-0.03386,0.183957,-0.048303,0.002,0.285227,0.0,93.635979,93.59075025000001,0.6476200838477841,92.29551008230445,94.88599041769558,93.75340473264906,-0.035778496323260356,-0.0034804273008855755
2015-04-30,0.877019,0.957666,-0.433468,-1.185379,-1.185362,1.207655,1.105838,1.2426,1.15322,1.155638,1.41229,-1.0,92.526054,93.59308254999999,0.6434778613424987,92.306126827315,94.88003827268498,93.63651418668249,-0.13041113714005803,-0.011924430926740366
2015-05-01,-0.509332,0.259664,-0.509332,0.9375,0.937484,0.077907,0.221719,0.173781,0.238199,0.215728,0.418463,1.0,93.393471,93.61593375000001,0.6268317318598099,92.36227028628039,94.86959721371963,93.61336721652225,-0.13387169462170334,0.009331169428023284
2015-05-04,-0.019926,0.199307,-0.189331,0.219715,0.219732,-0.187353,0.015937,-0.059136,0.07772,-0.003596,0.130201,0.0,93.598686,93.6714307,0.5681730494163769,92.53508460116724,94.80777679883276,93.61196900542488,-0.11868692689795068,0.0021949057723009806
2015-05-05,0.633163,0.793971,-0.211054,-0.847033,-0.847046,0.416082,0.789953,0.7263,0.902514,0.768244,0.869013,-1.0,92.805862,93.64344835,0.5970785242035885,92.44929130159282,94.83760539840718,93.53519690967013,-0.16868269091044397,-0.008506539022885161
2015-05-06,0.453771,0.705864,-0.514262,-0.33166,-0.331651,0.504182,0.998282,0.965341,1.188359,1.045877,1.110882,0.0,92.49807,93.59727910000001,0.6486232805570511,92.3000325388859,94.89452566111412,93.43642291827297,-0.2304840593998847,-0.0033220264647423167
2015-05-07,-0.722458,0.341156,-0.752559,0.494107,0.494098,0.102347,0.421432,0.460229,0.607063,0.569536,0.591008,0.0,92.955101,93.51939669999999,0.6260370449460267,92.26732261010794,94.77147078989204,93.39058273558031,-0.23981902263918187,0.004928812193003895
2015-05-08,-0.975656,0.1971,-1.015077,1.816172,1.81618,-1.419141,-1.331433,-1.207588,-1.216622,-1.152267,-1.159626,1.0,94.643333,93.49188124999999,0.5568482139100814,92.37818482217983,94.60557767782015,93.50989228457266,-0.10972598218405949,0.01799884508810813
2015-05-11,0.287044,0.623582,-0.019793,-0.433628,-0.433644,-0.85518,-0.85716,-0.723205,-0.762634,-0.647716,-0.706379,0.0,94.232918,93.51426550000001,0.5778625704412842,92.35854035911744,94.66999064088257,93.57875187651811,-0.03929045496498418,-0.004345868194346059
2015-05-12,0.408078,0.577289,-0.189113,-0.554289,-0.554282,-0.109483,-0.33144,-0.158585,-0.212001,-0.079225,-0.188776,-1.0,93.710602,93.51193435,0.5769241432125298,92.35808606357494,94.66578263642506,93.59130903113544,-0.025324404238205034,-0.005558237333236663
2015-05-13,0.129286,0.576821,-0.079564,0.079628,0.07964,0.085519,-0.394838,-0.230078,-0.293895,-0.143223,-0.26986,0.0,93.785233,93.5096032,0.5756562149387879,92.35829077012242,94.66091562987758,93.6097779805511,-0.008140274418195759,0.0007960817256707741
2015-05-14,-0.844546,0.039282,-0.86419,1.272997,1.272983,-0.746338,-1.388584,-1.394476,-1.447016,-1.378764,-1.435721,1.0,94.979103,93.6047402,0.6524017608675489,92.2999366782649,94.90954372173509,93.74018988716529,0.10065333469340487,0.01264948606784626
2015-05-15,-0.312805,0.019547,-0.615841,0.461555,0.461568,-1.040088,-1.629529,-1.768011,-1.766872,-1.822493,-1.801899,0.0,95.417496,93.7315911,0.7443343169905469,92.24292246601891,95.2202597339811,93.89993332648288,0.21971496764759024,0.004605058882737177
2015-05-18,-1.015273,0.889575,-1.063622,1.094814,1.094817,-1.649588,-2.397995,-2.648753,-2.675504,-2.774713,-2.728041,1.0,96.462143,93.88129430000001,0.9587517109979075,91.96379087800419,95.79879772199583,94.14395329538927,0.393826663350751,0.010888672991202554
2015-05-19,-0.288568,0.153909,-0.673333,0.522144,0.522143,-1.489036,-2.475957,-2.947935,-3.005008,-3.147371,-3.109536,0.0,96.965813,94.05198295,1.1762573772975224,91.69946819540495,96.40449770459504,94.41270183868554,0.5659297108292947,0.005207842224851002
2015-05-20,0.791506,0.849426,-0.279923,-0.346288,-0.346292,-0.557913,-1.709459,-2.404119,-2.514962,-2.694982,-2.662164,0.0,96.630028,94.19981924999999,1.3049269493825386,91.58996535123491,96.80967314876507,94.62387575881073,0.6675326715508874,-0.0034689313054188232
2015-05-21,0.478428,0.859212,-0.078112,-1.138996,-0.418081,0.118749,-0.956878,-1.738036,-1.974496,-2.155532,-2.194155,0.0,96.226036,94.3260571,1.3744308786381843,91.57719534272363,97.07491885727637,94.7764624484478,0.7073016388222158,-0.0041895762315665806
2015-05-22,0.907744,1.045887,-0.01973,-1.044718,-1.044714,1.134422,0.149403,-0.572709,-0.890176,-1.024236,-1.160627,-1.0,95.220749,94.37311635,1.3887928323073064,91.59553068538538,97.15070201461462,94.81877545335755,0.650205409318886,-0.01050209581471693
2015-05-26,0.406668,0.724066,-0.238046,-0.522938,-0.522948,1.298832,0.727603,0.029093,-0.321146,-0.450939,-0.608038,-1.0,94.722794,94.41859554999999,1.3843785851949466,91.6498383796101,97.18735272038988,94.80963436256158,0.5583392419380004,-0.005243201563104881
2015-05-27,-0.118654,0.276878,-0.326307,0.307476,0.307478,0.577477,0.556021,-0.122594,-0.571358,-0.694543,-0.868617,0.0,95.014046,94.47117585,1.386110933310744,91.6989539833785,97.24339771662149,94.82910213755572,0.5032352618881504,0.003070065136126653
2015-05-28,-0.138408,0.543742,-0.336138,0.019781,0.019785,0.221449,0.667412,0.035466,-0.517532,-0.656963,-0.846102,0.0,95.032845,94.54101915,1.3769746317684157,91.78706988646317,97.29496841353682,94.84850621969328,0.4558273884942423,0.00019783538643955415
2015-05-29,1.408033,1.477935,-0.309564,-0.99852,-0.998527,0.776917,1.587594,1.124409,0.568637,0.361277,0.18966,-1.0,94.083916,94.61891225,1.298838258793606,92.02123573241278,97.21658876758721,94.775688103532,0.33779181374409006,-0.010035461255720397
2015-06-01,0.239902,0.559773,-0.319872,-0.099858,-0.099864,0.61576,1.537263,1.179153,0.700901,0.449277,0.329161,0.0,93.98996,94.6487367,1.2758633887198105,92.09700992256037,97.20046347743963,94.70085685557657,0.23396925445273098,-0.0009991393787853631
2015-06-02,-0.060017,0.260047,-0.880181,-0.059974,-0.05997,0.508102,1.329007,1.218623,0.779155,0.514679,0.405884,0.0,93.933594,94.6654821,1.2634942106631335,92.13849367867374,97.19247052132627,94.62778420266451,0.1454640441309607,-0.0005998822445674863
2015-06-03,0.229797,0.339698,-0.249775,0.110015,0.11003,0.189823,0.906179,1.130511,0.733847,0.407374,0.312718,0.0,94.036949,94.72703644999999,1.1963326189607113,92.33437121207857,97.1197016879214,94.57151418336313,0.08270948853265736,0.0010996936941958441
2015-06-04,0.715508,1.24962,-0.171324,-0.85922,-0.859235,0.671168,1.415905,1.967211,1.646087,1.260123,1.166222,-1.0,93.228951,94.7635805,1.1342115786345812,92.49515734273083,97.03200365726917,94.44365102304283,-0.031855425266954285,-0.008629473002259018
2015-06-05,0.405723,0.466586,-0.395577,-0.644973,-0.644976,1.010253,1.68578,2.459904,2.288259,1.921853,1.784319,-1.0,92.627647,94.7472078,1.1636723789583832,92.41986304208324,97.07455255791676,94.27069825894351,-0.16921850673085714,-0.006470645696539777
2015-06-08,0.653327,1.041245,0.0,-0.639007,-0.638997,1.235195,1.993668,2.873872,2.804421,2.518311,2.357635,-1.0,92.035759,94.61682909999999,1.3124851321089985,91.991858835782,97.24179936421798,94.0578469009489,-0.32212687532245354,-0.006410474492473097
2015-06-09,0.234195,0.336017,-0.417469,0.255206,0.255204,0.617044,1.468281,2.30916,2.436395,2.199774,2.041353,0.0,92.270638,94.5187151,1.4122476490599762,91.69421980188004,97.34321039811995,93.88763652942995,-0.4195191313378359,0.0025487897433561432
2015-06-10,-0.404525,0.677595,-0.687702,0.68221,0.682217,-0.309472,0.55319,1.324159,1.698671,1.511333,1.31181,1.0,92.900124,94.4781912,1.4478363468950362,91.58251850620992,97.37386389379007,93.79358771710329,-0.4408273532149849,0.00679900453082752
2015-06-11,-0.040307,0.564294,-0.413136,0.364079,0.364059,-0.669075,-0.004019,0.714107,1.300443,1.17487,0.930097,0.0,93.238335,94.4508463,1.466655147624728,91.51753600475054,97.38415659524945,93.7407065059506,-0.4255183606319406,0.0036339762777882778
2015-06-12,0.538891,0.894769,-0.233854,-0.896816,-0.896806,0.180988,0.718862,1.349604,2.077691,2.066487,1.838966,-1.0,92.402168,94.32199955,1.5296450750197965,91.26270939996041,97.38128970003959,93.61322664824102,-0.4753777042135283,-0.009008515289413528
2015-06-15,0.266696,0.389789,-0.492354,-0.874428,-0.874429,0.968305,1.345781,1.979693,2.769452,2.8337,2.67185,-1.0,91.594177,94.1308336,1.6216703870206384,90.88749282595873,97.37417437404127,93.42093620555141,-0.5734790052621861,-0.008782741785405805
2015-06-16,-0.87434,0.132164,-1.281012,0.892402,0.892396,0.105737,0.284673,0.910944,1.641293,1.845296,1.720894,1.0,92.41156,93.92830445000001,1.5672137378127244,90.79387697437457,97.06273192562546,93.32480513835604,-0.5785992838015943,0.008884379256926195
2015-06-17,-0.354508,0.395017,-0.587462,0.376171,0.376163,-0.299803,-0.228898,0.370718,1.033639,1.4226,1.338014,0.0,92.759178,93.71797269999999,1.4127730972768793,90.89242650544624,96.54351889455374,93.27093588708404,-0.5482869631837417,0.003754571722435244
2015-06-18,-1.494619,0.18932,-1.644083,1.650965,1.650995,-1.695911,-1.736764,-1.311959,-0.731382,-0.203246,-0.244527,1.0,94.290627,93.60100265,1.2459799712952264,91.10904270740954,96.09296259259045,93.36804932640936,-0.39612283776310164,0.016375138383417445
2015-06-19,0.020024,0.340473,-0.080114,-0.498206,-0.498226,-0.901259,-1.117562,-0.836501,-0.362503,0.247075,0.285728,0.0,93.820847,93.48074319999999,1.0849482265561148,91.31084674688776,95.65063965311222,93.41117291437038,-0.3098670376442101,-0.0049947083678418885
2015-06-22,0.509543,0.749326,-0.099908,0.230317,0.230335,-0.609459,-1.13199,-1.061053,-0.654419,-0.042021,0.033771,0.0,94.036949,93.42155319999999,1.0150658785402842,91.39142144291942,95.45168495708056,93.4707706368113,-0.22151755279159602,0.0023006987191828737
2015-06-23,0.320705,0.581281,-0.300657,-0.309718,-0.309721,-0.016041,-0.667477,-0.767029,-0.397883,0.152624,0.327235,0.0,93.745697,93.37269835000001,0.9717299189936909,91.42923851201263,95.31615818798738,93.49695409997211,-0.17300723214874836,-0.003102014374081114
2015-06-24,0.181214,0.483234,-0.261756,-0.450989,-0.451005,0.557746,-0.17215,-0.368465,-0.037245,0.450222,0.767918,0.0,93.322899,93.28814100000001,0.8916684725012766,91.50480405499745,95.07147794500257,93.4803774237843,-0.16675645407076445,-0.00452025330759551
2015-06-25,0.383371,0.867635,-0.010091,-0.211415,-0.211405,0.520577,0.027233,-0.164791,0.072128,0.512504,0.957787,0.0,93.12561,93.19277925,0.7916314813587614,91.60951628728247,94.77604221271753,93.44659005009056,-0.17569691621397965,-0.0021162848090413686
2015-06-26,-0.210758,0.491768,-0.391408,0.524613,0.524604,-0.048166,-0.36531,-0.615544,-0.475206,-0.12364,0.38232,0.0,93.614151,93.16929100000002,0.770485941332295,91.62831911733542,94.71026288266461,93.46254823579622,-0.14172737611292519,0.005232330939705622
2015-06-29,1.330879,1.709662,-0.061422,-1.967081,-1.967075,1.463964,1.653358,1.35954,1.401002,1.730138,2.264151,-1.0,91.77269,93.05842750000001,0.8049356156998417,91.44855626860033,94.66829873139969,93.30160935619658,-0.26039511106381497,-0.019866799140761407
2015-06-30,0.995281,1.015799,-0.164166,-0.225226,-0.225226,1.216909,1.790479,1.53704,1.500616,1.821876,2.316759,0.0,91.565994,92.9400475,0.8426671448823956,91.25471321023521,94.6253817897648,93.13631265560643,-0.36688951182516405,-0.0022548006024997905
2015-07-01,-0.172639,0.213262,-0.842898,1.036325,1.036333,0.004054,0.720009,0.467814,0.377262,0.669432,1.106926,1.0,92.514923,92.86394620000002,0.8063360996633465,91.25127400067332,94.47661839932671,93.07713268840581,-0.37044617895355714,0.01031000302558277
2015-07-02,0.416493,0.589186,-0.121904,-0.030465,-0.030455,-0.103633,0.55565,0.444244,0.367715,0.589983,0.988398,0.0,92.486748,92.82683605,0.8057323220193049,91.21537140596139,94.4383006940386,93.02090557522432,-0.3712587109891672,-0.0003045918457441576
2015-07-06,-0.49898,0.305502,-1.588593,-0.243808,-0.243821,-0.152746,0.632383,0.679563,0.593174,0.756819,1.091986,0.0,92.261246,92.808516,0.814616159613485,91.17928368077303,94.43774831922697,92.94855704425056,-0.38565320519383306,-0.0024411860405677685
2015-07-07,-0.293167,0.06066,-1.415286,0.733199,0.733192,-0.628783,-0.218353,0.043136,-0.090475,-0.021834,0.274298,1.0,92.937698,92.85361295,0.7942971130652996,91.2650187238694,94.4422071761306,92.94752284956003,-0.3385740515912943,0.00730517133256988
2015-07-08,0.664827,0.838702,-0.08182,-1.162557,-1.162571,0.603478,0.749737,1.179658,1.062204,1.063739,1.349784,-1.0,91.857231,92.8329426,0.8153663078392752,91.20220998432144,94.46367521567855,92.84368553055431,-0.3840213808019257,-0.011693819935739022
2015-07-09,0.66057,1.158536,0.0,0.644375,0.644399,-0.054886,0.010154,0.509476,0.39074,0.347956,0.608389,1.0,92.449158,92.8103943,0.819635055672668,91.17112418865466,94.44966441134534,92.80611148002532,-0.3680327027669392,0.0064233154195286555
2015-07-10,0.251181,0.3617,-0.442081,1.148371,1.148364,-0.970564,-1.084095,-0.68723,-0.734453,-0.779264,-0.588099,1.0,93.510811,92.8240181,0.8293297553051876,91.16535858938963,94.48267761061038,92.87322572002292,-0.2666215880356333,0.01141820511304261
2015-07-13,-0.219402,0.209441,-0.398917,0.743492,0.743498,-1.288526,-1.751274,-1.392908,-1.371302,-1.444504,-1.317448,1.0,94.206062,92.9142128,0.8777169899398152,91.15877882012038,94.66964677987963,93.00016250859215,-0.12866839457906565,0.007407476674443172
2015-07-14,-0.521144,0.100218,-1.232708,-0.488679,-0.488679,-0.631395,-1.058331,-0.929382,-0.772204,-0.887559,-0.841525,0.0,93.745697,93.0217888,0.8383811066635658,91.34502658667286,94.69855101332713,93.07116579348813,-0.05584337526603633,-0.004898766822923893
2015-07-15,-0.657236,0.517829,-0.786697,0.64141,0.641403,-0.736899,-1.39414,-1.518287,-1.302029,-1.431188,-1.458872,1.0,94.346985,93.11856005,0.8751314789582914,91.36829709208342,94.86882300791657,93.19267238458451,0.04981564983978615,0.006393550688597706
2015-07-16,-0.158247,0.247255,-0.326379,0.687117,0.68712,-0.878253,-1.805956,-2.072992,-1.85788,-2.015631,-2.09772,1.0,94.995262,93.23036425000001,0.9650224478525821,91.30031935429484,95.16040914570517,93.36434758605266,0.18374364216100503,0.006847700853521584
2015-07-17,0.80935,0.829339,-0.119907,-1.018692,-1.018688,0.251794,-0.631502,-1.001206,-0.861818,-0.973629,-1.061826,-1.0,94.027557,93.21721075,0.951508416388325,91.31419391722336,95.12022758277665,93.42751038738098,0.20938319577835784,-0.010239117790996313
2015-07-20,0.129518,0.278967,-0.26901,0.289769,0.289776,-0.017943,-0.702415,-1.238763,-1.122859,-1.179252,-1.288581,0.0,94.300026,93.2411697,0.9732914471365695,91.29458680572687,95.18775259427314,93.51060711239232,0.24882045065486125,0.0028935664735740157
2015-07-21,0.259121,0.468409,-0.269081,-0.029896,-0.029919,0.123596,-0.531179,-1.032473,-1.08081,-1.036063,-1.179974,0.0,94.271812,93.25291285,0.984747614075408,91.28341762184918,95.22240807815082,93.58310281597402,0.2746323346674586,-0.00029923874646154135
2015-07-22,0.229591,0.529047,-0.449188,-0.159454,-0.159447,0.235582,-0.131757,-0.693413,-0.90287,-0.805346,-0.956608,0.0,94.121498,93.27170290000001,0.9981396387344553,91.2754236225311,95.26798217746892,93.63437854778601,0.2797347471027791,-0.0015957470241033085
2015-07-23,0.299404,0.399203,-0.199598,0.019961,0.019957,0.033942,0.027955,-0.598126,-0.87923,-0.766456,-0.932459,0.0,94.140282,93.31257205,1.0169038378620503,91.2787643742759,95.3463797257241,93.68255982894925,0.2820429420637254,0.00019955192245954914
2015-07-24,0.605142,0.806853,-0.100856,-1.047899,-1.047893,0.905695,1.048915,0.502268,0.171961,0.235602,0.113631,-1.0,93.153793,93.3139812,1.016650619441813,91.28067996111638,95.34728243888362,93.63220108333503,0.20194291313497104,-0.010534216018484149
2015-07-27,0.702078,0.722425,-0.366301,-0.877461,-0.877454,1.373617,1.74094,1.397363,0.989516,1.058604,0.997485,-1.0,92.336411,93.2500942,1.036743427883517,91.17660734423298,95.32358105576704,93.50879250396979,0.07168087436589587,-0.008813266394895467
2015-07-28,-0.131285,0.212084,-0.605937,0.752949,0.752929,0.349436,0.903873,0.646349,0.302481,0.260165,0.294232,1.0,93.031639,93.31304164999999,0.9789267389644628,91.35518817207107,95.27089512792891,93.46334931311553,0.02426662889877207,0.007501090504280066
2015-07-29,-0.471273,0.320866,-0.681841,0.717033,0.717042,-0.455232,0.116314,0.060832,-0.297803,-0.45563,-0.374009,1.0,93.698715,93.41967770000001,0.8907949478524314,91.63808780429514,95.20126759570488,93.48576509281882,0.04005621289009298,0.00714483557157986
2015-07-30,-0.040057,0.16026,-0.460736,0.110291,0.11029,-0.637014,-0.121187,0.04675,-0.339034,-0.544863,-0.446706,0.0,93.802055,93.48403429999999,0.8681981654820098,91.74763796903598,95.220430630964,93.51588794112179,0.0602141352435126,0.001102288918210947
2015-07-31,0.129725,0.76839,-0.249476,0.370596,0.370604,-0.792342,-0.477003,-0.27742,-0.618704,-0.868578,-0.819282,0.0,94.149689,93.56718135,0.8470332316034073,91.87311488679319,95.26124781320681,93.57624994672923,0.10305266546063763,0.003699187770433975
2015-08-03,-0.019993,0.189964,-0.789836,-0.189604,-0.189606,-0.255952,-0.322938,-0.104645,-0.338932,-0.665065,-0.62554,0.0,93.971176,93.65267785,0.7928427242316041,92.0669924015368,95.23836329846321,93.61386195180265,0.12120087385913791,-0.0018978549091985646
2015-08-04,0.611223,0.7014,-0.150302,-0.21995,-0.219948,0.120234,-0.157323,0.116893,-0.075157,-0.361128,-0.416172,0.0,93.764488,93.69401735,0.7749539327736096,92.14410948445277,95.24392521554722,93.6282072897262,0.11755041748918416,-0.0022019053716784715
2015-08-05,0.049744,0.47752,-0.16912,0.721437,0.72143,-0.439708,-0.838635,-0.593574,-0.654092,-0.953037,-1.104915,1.0,94.440933,93.82320245,0.6593793513972221,92.50444374720556,95.14196115279444,93.7056097383237,0.16731219192880076,0.007188399879632316
2015-08-06,1.433328,1.544361,-0.060561,-1.442496,-1.442493,0.862017,0.498636,0.724067,0.833754,0.520845,0.333772,-1.0,93.078629,93.85467600000001,0.6029498205885749,92.64877635882286,95.06057564117717,93.64589728705478,0.09571882213727179,-0.01452998239648338
2015-08-07,0.171977,0.222561,-0.698021,-0.222067,-0.222066,0.811331,0.691957,0.865284,1.023774,0.761154,0.54797,0.0,92.871933,93.8227321,0.6380296003564102,92.54667289928717,95.09879130071282,93.57218640257338,0.02204776805974973,-0.0022231294480255237
2015-08-10,-0.220464,0.270565,-0.34072,0.950939,0.950923,-0.184377,-0.105211,-0.123583,0.048113,-0.124249,-0.394148,1.0,93.755074,93.8001827,0.6317069584255899,92.53676878314882,95.06359661685117,93.58960426899498,0.034527018932777764,0.009464306440167545
2015-08-11,0.040401,0.333294,-0.242405,-0.78164,-0.781631,0.442378,0.68074,0.57368,0.797396,0.666197,0.435313,-1.0,93.022255,93.76401059999999,0.6552642835125808,92.45348203297483,95.07453916702515,93.53557100528116,-0.014547756239991827,-0.007847020452018669
2015-08-12,-0.314048,0.020265,-1.316984,-0.303003,-0.303003,0.380915,0.883399,0.780066,1.017125,1.010238,0.78277,0.0,92.740395,93.6836811,0.6781137739425559,92.32745355211489,95.03990864788511,93.45983995715915,-0.07531542617603293,-0.003034627427022257
2015-08-13,0.264008,0.507717,-0.335094,-0.233002,-0.233003,0.49553,0.980911,0.898999,1.119518,1.249393,1.018484,0.0,92.524307,93.56013335,0.6511346547498451,92.25786404050031,94.8624026594997,93.37074158028685,-0.13930491770796039,-0.002332749797000132
2015-08-14,-0.485777,0.020245,-0.951316,0.335088,0.335095,0.151803,0.501973,0.539081,0.717538,0.882098,0.693588,0.0,92.834351,93.50047305,0.660647153087862,92.17917874382427,94.82176735617573,93.31965676311667,-0.16311875958957955,0.0033453445606015882
2015-08-17,-1.431862,0.010007,-1.812361,1.072771,1.072766,-0.895165,-0.579754,-0.421883,-0.37649,-0.204665,-0.319414,1.0,93.830246,93.47698405000001,0.6387104266475285,92.19956319670496,94.75440490329507,93.36828430948651,-0.10047280938755421,0.010670523124115426
2015-08-18,-0.130829,0.311962,-0.352225,-0.500651,-0.500654,-0.32404,-0.122772,0.10265,0.075981,0.280974,0.197247,-1.0,93.360481,93.4314175,0.6109252884823515,92.2095669230353,94.6532680769647,93.36754113715446,-0.08772036624480961,-0.005019115996855307
2015-08-19,-0.130901,0.684725,-0.533681,-0.060385,-0.060375,-0.142989,-0.184275,0.134928,0.092636,0.296846,0.309468,0.0,93.304115,93.39054834999999,0.5892883100839182,92.21197172983216,94.56912497016782,93.36150055266356,-0.08122590661734819,-0.0006039281462157449
2015-08-20,0.161956,1.346292,0.0,-0.52361,-0.523617,0.44539,0.312784,0.591154,0.548134,0.730845,0.850628,-1.0,92.815559,93.32431220000001,0.5748556427928582,92.1746009144143,94.47402348558572,93.30950611907654,-0.11418513162014676,-0.005249924541768706
2015-08-21,1.737132,3.097529,-0.052319,-3.269565,-2.529575,2.528973,2.650371,2.93039,3.009127,3.187638,3.355803,-1.0,90.46772,93.19000854999999,0.8598963824491066,91.47021578510177,94.9098013148982,93.03885982202164,-0.325998631190771,-0.025621185380691337
2015-08-24,-1.874594,2.574875,-11.883214,-2.867306,-2.867306,4.199876,5.011261,5.50625,5.795976,5.941158,6.166606,-1.0,87.873734,92.96687469999999,1.461567039277215,90.04374062144556,95.89000877855442,92.5469430770672,-0.6951619527211363,-0.02909215879658381
2015-08-25,5.466768,5.477784,-0.363718,-2.251667,-2.251666,4.861903,6.600481,7.325848,7.817601,7.991459,8.307531,-1.0,85.895111,92.6100483,2.15267925856762,88.30468978286476,96.91540681713525,91.91343526020366,-1.1343092735472453,-0.02277403084614266
2015-08-26,-2.313108,0.115656,-3.837664,4.827508,4.827497,-0.691825,1.391619,2.057579,2.649331,2.837015,3.160391,1.0,90.041695,92.42719729999999,2.209895038481424,88.00740722303713,96.84698737696284,91.7351742830414,-1.1346623337551875,0.04714592847499916
2015-08-27,-0.124717,0.187072,-1.943466,1.16707,1.16707,-2.215751,0.064781,0.734882,1.316438,1.51685,1.827514,1.0,91.092545,92.2917218,2.2042193556143514,87.88328308877131,96.7001605112287,91.67397149418031,-1.0381798329636496,0.011603126938988
2015-08-28,0.798573,1.176845,-0.830095,-1.091252,-1.091253,-1.218865,0.865137,1.641068,2.209434,2.501235,2.805608,-1.0,90.098495,92.0891621,2.2106282677379165,87.66790556452416,96.51041863547583,91.52392611378218,-1.0300544567541579,-0.010972506954826083
2015-08-31,0.957644,1.266221,-0.425624,-1.250389,-1.250394,0.278787,1.596265,2.569671,3.222691,3.647872,3.907742,-1.0,88.971909,91.83919875,2.2685066554096736,87.30218543918065,96.37621206081934,91.28087686485054,-1.1018200171968289,-0.012582770114914625
2015-09-01,0.217184,0.868719,-0.68411,-2.011074,-2.011066,2.632209,2.972755,4.228206,4.963696,5.506722,5.769235,-1.0,87.182625,91.5101056,2.4450510793567704,86.62000344128646,96.40020775871355,90.8905671634362,-1.288225148401807,-0.020315634223327432
2015-09-02,-0.192823,0.128552,-0.91055,1.368229,1.368227,0.869845,1.025178,2.492106,3.203775,3.841698,4.124878,1.0,88.375481,91.20683299999999,2.4385485066750276,86.32973598664994,96.08393001335004,90.65103514787086,-1.3244318221561002,0.013589510443679958
2015-09-03,1.101042,1.565195,-0.410187,-0.760577,-0.760571,0.870028,1.216534,2.911144,3.688281,4.359388,4.678241,-1.0,87.703323,90.9380677,2.5163687694514176,85.90533016109717,95.97080523890284,90.37030065759744,-1.3913250756997115,-0.007634777721398412
2015-09-04,0.2957,0.624246,-0.810424,-1.435666,-1.435672,1.493813,2.225389,3.917315,4.826802,5.522916,5.944242,-1.0,86.444191,90.6166806,2.66260085876546,85.29147888246908,95.94188231753091,89.99638545211198,-1.5283223418583844,-0.014460774234959372
2015-09-08,-0.904839,0.042581,-1.522248,2.880302,2.88031,-1.356193,-0.51736,0.640944,1.620951,2.342066,2.850628,1.0,88.934052,90.3756295,2.5804838035268727,85.21466189294625,95.53659710705375,89.89521083762511,-1.4196182131581025,0.028396091338960688
2015-09-09,3.003684,3.188032,-0.206031,-1.830957,-1.830963,0.51182,1.499673,2.055668,3.18891,3.954945,4.550292,-1.0,87.305702,90.08980185,2.5884857995294284,84.91283025094114,95.26677344905886,89.64859094832748,-1.448170041519333,-0.018479330581876566
2015-09-10,-0.657895,0.819674,-1.186365,0.542182,0.542194,-0.1661,0.694552,1.085695,2.34984,3.090773,3.76169,0.0,87.779068,89.8417355,2.558659440858681,84.72441661828263,94.95905438171737,89.47054114372486,-1.416274955004397,0.005407291032647969
2015-09-11,-0.527276,0.075326,-1.215966,0.226487,0.226477,-0.329277,0.112988,0.490693,1.86018,2.625913,3.306557,0.0,87.977867,89.6144135,2.509270544565037,84.59587241086993,94.63295458913007,89.32838170146535,-1.3592874318943586,0.002262204729283182
2015-09-14,-0.450062,0.632237,-0.867979,0.419671,0.419679,-0.315048,-0.503651,-0.089306,1.180524,1.992147,2.65588,0.0,88.347092,89.39005055,2.404640976204767,84.58076859759046,94.19933250240953,89.23492553942103,-1.26969478635921,0.004188012199301689
2015-09-15,-0.646187,0.370761,-1.28178,1.15731,1.157305,-1.358051,-1.597461,-1.120767,-0.226612,0.629003,1.309798,1.0,89.369537,89.1670151,2.166173623755404,84.83466785248919,93.49936234751081,89.24774567852378,-1.1034690978475084,0.011506590990885942
2015-09-16,-0.12684,0.221963,-0.835008,0.222457,0.222446,-1.071758,-1.549511,-1.06683,-0.659751,0.251407,0.928776,0.0,89.568336,88.97740784999999,1.9332375248473985,85.11093280030519,92.84388289969479,89.27827809009295,-0.9448015402061856,0.002221989995300646
2015-09-17,-0.326863,1.423456,-0.548288,0.243098,0.243112,-0.864614,-1.631168,-1.325743,-1.096585,-0.12334,0.511189,0.0,89.786087,88.80150645,1.6595097623827646,85.48248692523448,92.12052597476553,89.32664084341744,-0.7923519319093515,0.002428165454141891
2015-09-18,0.73884,1.424138,-0.149908,-1.528888,-1.528885,0.773098,-0.023562,0.004276,0.190057,1.241381,1.89586,-1.0,88.413361,88.58139655,1.364870381971295,85.8516557860574,91.31113731394258,89.23966181071101,-0.773386911939923,-0.015406929363260607
2015-09-21,0.794595,1.57844,-0.816057,-0.278405,-0.278414,1.013642,0.450989,0.137447,0.339315,1.312297,2.002473,0.0,88.167206,88.46637085,1.292555026876039,85.88126079624793,91.05148090375208,89.13752316207187,-0.7693510482950501,-0.0027880209428495823
2015-09-22,-1.051047,0.214505,-1.458603,0.118116,0.118109,0.645653,0.257411,-0.033595,0.243468,0.940879,1.675063,0.0,88.271339,88.4862511,1.2860012677468349,85.91424856450634,91.05825363549367,89.05502943235074,-0.7491146075670798,0.00118038847000087
2015-09-23,0.236586,0.763522,-0.462415,-0.268125,-0.268118,0.567804,0.609746,0.299677,0.634478,0.970259,1.759555,0.0,88.034668,88.59322895,1.139788092559009,86.31365276488198,90.87280513511801,88.95785215307923,-0.7436026655999513,-0.002684776839859944
2015-09-24,0.043246,0.497404,-0.756925,-0.548441,-0.548442,0.612021,1.138623,0.79008,1.047251,1.264272,2.123183,-1.0,87.551849,88.46873665000001,1.1088085751434624,86.25111949971308,90.68635380028694,88.82394709088122,-0.769325563880983,-0.005499513574727748
2015-09-25,2.120879,2.340656,-0.263734,-1.600349,-1.600352,1.723078,2.571433,2.309163,2.40385,2.601763,3.537488,-1.0,86.150711,88.22164495000001,1.0419480531115275,86.13774884377696,90.30554105622306,88.56935317746395,-0.8924832811794516,-0.01613296188232234
2015-09-28,-0.733289,0.766112,-1.608844,0.406597,0.406599,0.925902,1.942648,1.899237,1.781218,2.002844,2.874153,0.0,86.500999,88.04177014999999,1.0109510026089006,86.0198681447822,90.06367215521779,88.37236706532453,-0.9508604183086646,0.004057747017197435
2015-09-29,-0.859848,0.85984,-1.300515,1.827731,1.827735,-0.928636,-0.033323,0.00573,-0.096198,0.181424,0.810102,1.0,88.082008,87.9972751,0.9871618349337783,86.02295143013244,89.97159876986755,88.3447138210079,-0.8596410993266232,0.018112326607333157
2015-09-30,0.835564,1.199789,-0.814142,0.333187,0.333182,-1.180499,-0.500263,-0.245664,-0.360465,-0.038988,0.287313,0.0,88.375481,88.0569179,0.9712585683202344,86.11440076335953,89.99943503664048,88.34764402853096,-0.7549655405876763,0.0033262773062015857
2015-10-01,0.279062,0.729849,-1.513358,-0.192823,-0.192817,-0.841474,-0.487283,-0.020751,-0.177632,0.070838,0.288362,0.0,88.205078,88.04839775,0.9690618912287232,86.11027396754255,89.98652153245746,88.33406631152802,-0.6779445809991813,-0.0019300318660362308
2015-10-02,-1.905676,0.042586,-2.225065,0.815715,0.81571,-1.019907,-1.234962,-0.758719,-0.916637,-0.836365,-0.668935,1.0,88.924576,88.10946039999999,0.9845270526284596,86.14040629474307,90.0785145052569,88.39030532947774,-0.5524788083187389,0.008124014708588144
2015-10-05,-0.60152,0.063316,-0.717602,0.883639,0.883632,-1.171376,-1.928024,-1.526658,-1.602462,-1.722239,-1.56711,1.0,89.710342,88.27276795,0.9644439203551073,86.34388010928978,90.20165579071022,88.51602310762271,-0.3852011709387,0.00879750808777435
2015-10-06,1.177477,1.327345,-0.899161,-1.414103,-1.414081,0.327541,-0.502045,-0.184126,-0.218914,-0.336555,-0.133815,-1.0,88.441765,88.2481536,0.9528913208671469,86.3423709582657,90.15393624173429,88.50895090689674,-0.350950461641645,-0.014241745024828353
2015-10-07,-0.758055,0.46325,-1.621395,1.669883,1.669876,-0.977055,-1.926729,-1.79758,-1.712474,-1.851766,-1.624912,1.0,89.918633,88.37880014999999,0.9950654965281907,86.3886691569436,90.36893114305637,88.64320634433514,-0.2023035929714041,0.016560870804564677
2015-10-08,-0.389149,0.126204,-1.335721,0.105284,0.105279,-0.679428,-1.756417,-1.884029,-1.691735,-1.882205,-1.729423,0.0,90.013298,88.49051165,1.0481880830246202,86.39413548395076,90.58688781604924,88.77369126392227,-0.07598529309616708,0.0010522313433557052
2015-10-09,-0.24117,0.618639,-0.618647,0.305007,0.305012,-0.679462,-1.596944,-2.043976,-1.862751,-2.066065,-2.057957,0.0,90.287849,88.60601075,1.1139328870697545,86.3781449758605,90.8338765241395,88.91789676259634,0.04574946940545033,0.003045473828327358
2015-10-12,-0.958431,0.500055,-1.052188,0.650094,0.650099,-1.064694,-1.751228,-2.478041,-2.357543,-2.503599,-2.662088,1.0,90.874809,88.7323966,1.2212379823146517,86.28992063537069,91.17487256462931,89.10426935663479,0.18742736630098022,0.00647994526393292
2015-10-13,-0.691457,0.817188,-1.194342,-0.56256,-0.562565,-0.079618,-0.9429,-1.771956,-1.75013,-1.888736,-2.060065,-1.0,90.363579,88.78209869999999,1.2678706587150492,86.2463573825699,91.31784001743009,89.22420360838386,0.25551076282822294,-0.005641535014155256
2015-10-14,0.719348,1.512747,-0.433721,-0.963853,-0.963862,0.797639,0.145994,-0.707352,-0.798152,-0.836129,-1.020832,-1.0,89.492599,88.77831185,1.2655096522144436,86.24729254557111,91.30933115442888,89.24976507425207,0.23646076565921703,-0.009685369925002258
2015-10-15,-2.213075,0.205863,-2.357181,2.77161,2.771609,-1.494591,-2.145131,-3.064672,-3.354602,-3.328045,-3.559782,1.0,91.972984,88.88765670000001,1.4396631986556867,86.00833030268863,91.76698309731138,89.50911925765664,0.41670631470732644,0.027338952626738428
2015-10-16,-0.376624,0.071254,-0.855045,1.121972,1.121966,-2.003247,-2.792128,-3.648873,-4.180056,-4.184433,-4.439793,1.0,93.00489,89.11723315,1.702204748235632,85.71282365352874,92.52164264647126,89.84204980454648,0.6354928353039213,0.01115719066521847
2015-10-19,0.112315,0.265464,-0.643255,-0.305371,-0.305365,-1.304882,-2.169691,-2.906538,-3.641001,-3.702263,-3.921444,0.0,92.720886,89.34491715,1.8651863360258905,85.61454447794821,93.07528982205179,90.11622468030396,0.7770091026054615,-0.0030583177788387084
2015-10-20,0.368891,0.676303,-0.286913,-0.357368,-0.357356,-0.512354,-1.391537,-2.2475,-3.07255,-3.226152,-3.452199,0.0,92.389542,89.5508273,1.965072275749584,85.62068274850083,93.48097185149916,90.33273109170358,0.8525968664160075,-0.0035799642133535117
2015-10-21,0.010245,0.604327,-0.573591,0.040989,0.040983,0.081941,-1.160502,-1.995285,-2.874626,-3.142064,-3.30704,0.0,92.427406,89.7704642,2.0310721898460664,85.70831982030788,93.83260857969213,90.53222394011276,0.9051223353112761,0.00040974597773095933
2015-10-22,-1.687934,0.281321,-2.411335,1.946125,1.946117,-1.350343,-2.600214,-3.44016,-4.374552,-4.802563,-4.924804,1.0,94.226151,90.1041793,2.189489325963031,85.72520064807394,94.48315795192606,90.88402651724488,1.0794496133880642,0.019274218118710575
2015-10-23,-0.428672,0.568237,-0.777588,0.783682,0.78369,-1.704716,-2.865119,-3.766987,-4.65407,-5.266871,-5.418866,1.0,94.964592,90.54487335,2.2383368092675413,86.06819973146492,95.02154696853509,91.27265180131678,1.2626363684238697,0.00780635181492049
2015-10-26,0.110067,0.340201,-0.450274,-0.368853,-0.368839,-0.940579,-2.110283,-3.065186,-3.872338,-4.643601,-4.847923,0.0,94.614326,90.95053970000001,2.201782807830134,86.54697408433974,95.35410531566028,91.59090648690567,1.3638282891108986,-0.0036952041108263022
2015-10-27,-0.269492,0.708654,-0.489076,0.25015,0.250135,-0.66873,-1.881428,-2.856573,-3.755365,-4.604053,-4.892705,0.0,94.85099,91.2889888,2.2571895157161066,86.77460976856779,95.80336783143221,91.90139063100989,1.4464466852148519,0.002498231635051921
2015-10-28,-0.029863,0.0,-0.975321,0.289451,0.289439,-0.388128,-1.572445,-2.772019,-3.678334,-4.581201,-4.972456,0.0,95.125526,91.62649105,2.302807443312495,87.02087616337501,96.23210593662499,92.20845114234228,1.5165927826158025,0.0028902118734226013
2015-10-29,-0.887839,0.157834,-1.233106,0.885748,0.885752,-0.899669,-2.020318,-3.211991,-4.119556,-5.06816,-5.59205,1.0,95.968102,92.01464225,2.349533118232434,87.31557601353512,96.71370848646487,92.56651312878589,1.621481482486999,0.008818519687396746
2015-10-30,0.494903,1.078891,-0.019793,-0.335409,-0.335408,-0.423629,-1.414424,-2.512778,-3.445502,-4.35157,-5.022262,0.0,95.646217,92.3507243,2.364948140619244,87.62082801876151,97.08062058123848,92.8598182593777,1.6595033814460578,-0.0033597207605244057
2015-11-02,-0.968971,0.166387,-1.301754,1.128377,1.128374,-1.098164,-2.100411,-3.197276,-4.160211,-4.995975,-5.787075,1.0,96.725464,92.70148040000001,2.4705927944886388,87.76029481102273,97.64266598897728,93.22797499657983,1.7564746768533581,0.011220553020471608
2015-11-03,-0.117696,0.333468,-0.833658,-0.205539,-0.205529,-0.547279,-1.470186,-2.572252,-3.544036,-4.450371,-5.307962,0.0,96.526665,93.1057254,2.397271781596954,88.31118183680609,97.90026896319391,93.54213594928652,1.796573923376414,-0.0020574062614858264
2015-11-04,-0.039239,0.441433,-0.245242,-0.019613,-0.01961,-0.241327,-1.028062,-2.068543,-3.18374,-4.094569,-4.996733,0.0,96.507736,93.43518055,2.388972826409313,88.65723489718137,98.21312620281863,93.82457404935447,1.8060069293602652,-0.00019612048383716083
2015-11-05,-0.07818,0.156353,-0.889284,0.382578,0.382569,-0.43389,-1.13163,-2.104301,-3.198472,-4.102018,-5.037944,0.0,96.876945,93.77836289999999,2.36440280628918,89.04955728742164,98.50716851257835,94.11527604465404,1.8222687553663235,0.0038183939563745262
2015-11-06,-0.343405,0.0,-1.040028,-0.400668,-0.400666,0.141289,-0.575938,-1.469776,-2.487731,-3.402663,-4.29879,0.0,96.488792,94.08841005000001,2.2879290324490573,89.5125519851019,98.66426811489812,94.34132518325842,1.7832791346546486,-0.004014708369459026
2015-11-09,0.545421,0.743753,-0.287577,-1.059657,-1.059652,0.950021,0.578142,-0.222794,-1.202895,-2.126931,-2.960793,-1.0,95.466347,94.31798695,2.176128060307327,89.96573082938535,98.67024307061466,94.44847011818618,1.6508468775767824,-0.010653058572770708
2015-11-10,-0.443565,0.305574,-0.758992,0.60492,0.604917,0.242486,0.097585,-0.56908,-1.50123,-2.398813,-3.267944,1.0,96.043839,94.60199995,1.9960894498251802,90.60982105034965,98.59417884965036,94.60041001169226,1.5743440792670214,0.006030945533015397
2015-11-11,-0.078541,0.49087,-0.353427,0.404144,0.404141,-0.176714,-0.169842,-0.692453,-1.537895,-2.521498,-3.378818,0.0,96.431992,94.9489696,1.6309219674956883,91.68712566500862,98.21081353499137,94.7748463915311,1.5274285184344052,0.004033270298568517
2015-11-12,0.867659,1.336396,-0.049861,-1.56097,-1.560976,0.99532,1.303489,0.931495,0.179027,-0.768713,-1.610639,-1.0,94.926712,95.096656,1.4733778318363622,92.14990033632728,98.04341166367271,94.78930978281386,1.3531854036118887,-0.015732872534420243
2015-11-13,0.160196,1.061279,-0.140167,-0.38895,-0.388941,0.981176,1.5839,1.296891,0.652284,-0.200639,-1.027897,0.0,94.557503,95.17428665,1.3962482261940996,92.3817901976118,97.96678310238819,94.7672329463554,1.1717966566300078,-0.003896994451503759
2015-11-16,-0.829879,0.069156,-1.165778,1.341614,1.341617,-0.280585,0.145222,0.040169,-0.518184,-1.315161,-2.125407,1.0,95.826103,95.3295475,1.2765958897272933,92.77635572054541,97.8827392794546,94.86807771336919,1.117528018320769,0.013326974971761467
2015-11-17,-1.103451,0.206896,-1.103451,0.276624,0.27663,-0.545823,-0.176365,-0.149766,-0.600011,-1.348976,-2.130058,0.0,96.091187,95.51462975000001,1.0813149366038775,93.35199987679226,97.67725962320776,94.98456431209594,1.0834207943654377,0.0027624834487634566
2015-11-18,-1.110353,0.126624,-1.324632,1.152707,1.152707,-1.521385,-1.242825,-1.145426,-1.487297,-2.156042,-2.995689,1.0,97.198837,95.7532013,0.870053650473042,94.01309399905392,97.49330860094608,95.19544742522967,1.1327114787951302,0.011461141158963508
2015-11-19,0.165876,0.185386,-0.419553,-0.175319,-0.175329,-0.915205,-1.053759,-0.898948,-1.169868,-1.775781,-2.584314,0.0,97.028419,95.89331469999999,0.8361734901133405,94.22096771977331,97.56566168022667,95.37001614663637,1.1448265451853956,-0.0017548313994876757
2015-11-20,0.009753,0.312256,-0.27323,-0.009752,0.727356,-0.980639,-1.64083,-1.472137,-1.741835,-2.291505,-3.033792,1.0,97.734161,96.03179315,0.9010870519964339,94.22961904600713,97.83396725399287,95.59517279933767,1.1975704570844812,0.007247234955880964
2015-11-23,-0.369756,0.223804,-0.564362,0.282976,0.28297,-0.814252,-1.658769,-1.662732,-1.845825,-2.351322,-3.064711,0.0,98.010719,96.20161279999999,0.9391306102253214,94.32335157954935,98.07987402045063,95.82522481844838,1.2473081150443335,0.002825700309675011
2015-11-24,-0.225405,0.735006,-0.225405,-0.71032,-0.710312,0.146738,-0.824666,-0.905259,-1.01706,-1.450314,-2.13315,-1.0,97.314537,96.32479014999998,0.913879091800885,94.49703196639821,98.15254833360176,95.96706407383425,1.2165261420494318,-0.007128468302549528
2015-11-25,0.205962,0.36289,0.0,-0.078403,-0.078415,0.233432,-0.663923,-0.77741,-0.830746,-1.175077,-1.790827,0.0,97.238228,96.43042525000001,0.8897451915393749,94.65093486692126,98.20991563307877,96.08812730489765,1.1724583382266474,-0.0007844556093889256
2015-11-27,-0.08792,0.244212,-0.566574,0.402122,0.40212,-0.04493,-0.784958,-1.123435,-1.142854,-1.431451,-1.991043,0.0,97.629242,96.51348225000001,0.9212900885826061,94.67090207283479,98.35606242716523,96.23490013300264,1.155762932516751,0.004013132872109545
2015-11-30,1.224817,1.224817,0.0,-1.103844,-1.103844,0.825768,0.528974,-0.015474,0.007439,-0.265517,-0.774656,-1.0,96.551567,96.55874975,0.8983918856047831,94.76196597879044,98.35553352120957,96.26505888224048,1.0435430228293114,-0.01109982052497814
2015-12-01,-0.615473,0.127,-1.211409,1.106285,1.106296,-0.357567,-0.38727,-0.962438,-1.04103,-1.233656,-1.693095,1.0,97.619713,96.6034622,0.9288622620481459,94.7457376759037,98.4611867240963,96.39407356012234,1.02893744090521,0.011002211807865443
2015-12-02,0.440957,0.862319,-0.0588,-0.302851,-0.302856,-0.052919,0.042007,-0.573891,-0.699451,-0.831985,-1.225456,0.0,97.324066,96.64333225,0.9424072352559595,94.75851777948809,98.52814672051191,96.48264426868211,0.9821841622933931,-0.003033153744938975
2015-12-03,1.468396,1.567618,-0.476241,-1.234691,-1.234684,0.964375,1.180668,0.647584,0.521882,0.449218,0.13748,-1.0,96.122421,96.6240665,0.9492389014666412,94.72558869706671,98.52254430293328,96.44833729071237,0.8385033979987355,-0.012423698921431517
2015-12-04,-1.50558,0.04857,-1.622145,2.143066,2.143066,-1.041283,-0.824673,-1.243042,-1.52069,-1.568098,-1.829191,1.0,98.182388,96.68933865,1.010451817632538,94.66843501473492,98.71024228526507,96.6134849773112,0.880705256195256,0.021204253189765276
2015-12-07,-0.687184,0.164535,-0.696866,0.359401,0.359392,-0.993026,-1.098526,-1.327571,-1.769505,-1.803309,-2.059955,0.0,98.535248,96.79166145,1.0895920989785772,94.61247725204285,98.97084564795716,96.79651002709109,0.9318812390421414,0.003587480874798779
2015-12-08,0.546773,0.800625,-0.497944,-0.871082,-0.871081,-0.111302,-0.263616,-0.334179,-0.793161,-0.901456,-1.094806,-1.0,97.676926,96.9021904,1.0597892009193157,94.78261199816136,99.02176880183863,96.88035916736813,0.8928865220242699,-0.008748972680771126
2015-12-09,-0.009792,1.164948,-0.469901,-0.263616,-0.263609,0.17229,0.010761,0.02014,-0.46035,-0.602876,-0.745511,0.0,97.419441,96.97097049999999,1.0456948551464729,94.87958078970705,99.06236021029294,96.93170029428545,0.8316196466168151,-0.002639568880320777
2015-12-10,-0.331251,0.681992,-0.81839,0.479684,0.479679,0.05456,-0.400429,-0.410496,-0.861234,-1.021036,-1.125314,0.0,97.886742,97.04370800000001,1.0567677036515986,94.9301725926968,99.15724340730321,97.02265664721064,0.8114189590854437,0.00478532614341531
2015-12-11,0.678602,0.678602,-0.245869,-0.935307,-0.935293,0.749398,0.472056,0.525819,0.180176,-0.082664,-0.157334,-1.0,96.971214,97.14593310000001,0.9328221330079058,95.2802888339842,99.01157736601581,97.0177573474763,0.7133116972407834,-0.009396944889913583
2015-12-14,-0.489476,0.137052,-1.341168,0.462236,0.462227,0.056777,0.09887,0.041763,-0.133865,-0.504172,-0.556037,0.0,97.419441,97.28903,0.7070430359023222,95.87494392819535,98.70311607180464,97.05601293343095,0.6640741251717088,0.004611618746498426
2015-12-15,-1.421296,0.537794,-1.421296,1.938321,1.938326,-1.517334,-1.634498,-1.773429,-1.857493,-2.241327,-2.360257,1.0,99.307747,97.4631122,0.7548878588506635,95.95333648229867,98.97288791770133,97.27046379691372,0.768563980386304,0.01919779380035367
2015-12-16,-0.579573,0.228027,-1.643708,1.075582,1.075569,-1.976239,-2.377191,-2.615356,-2.688419,-3.108967,-3.271438,1.0,100.37587,97.67734635,0.9322104950882675,95.81292535982345,99.54176734017653,97.56621676863622,0.9268770808491666,0.010698255605432194
2015-12-17,1.46662,1.563106,-0.009651,-1.529692,-1.529689,-0.260511,-0.585678,-0.994465,-1.093687,-1.506344,-1.690137,-1.0,98.840431,97.75942605,0.9597248755403257,95.83997629891935,99.67887580108065,97.68757050495658,0.9178636970995768,-0.015415098032588007
2015-12-18,1.108391,1.108391,0.0,-1.630646,-1.63064,1.445806,0.964198,0.619257,0.556154,0.221061,-0.048423,-1.0,97.228699,97.76944005,0.952715210897085,95.86400962820584,99.67487047179416,97.64386845686548,0.7717707303772414,-0.016440816605452047
2015-12-21,0.748173,1.319153,-0.718649,-0.362918,-0.362925,1.703091,1.160663,1.008074,0.878126,0.681837,0.328964,0.0,96.875832,97.7265236,0.9734938026040998,95.7795359947918,99.67351120520819,97.57072212764018,0.6203663863027487,-0.00363584906448204
2015-12-22,-0.778887,0.165513,-1.518837,1.112421,1.112428,0.307658,0.07594,-0.080488,-0.234645,-0.33898,-0.690207,1.0,97.953506,97.72366295,0.9726984659785483,95.77826601804291,99.6690598819571,97.6071777345316,0.5806433430956304,0.011062861498573029
2015-12-23,-0.367182,0.17393,-0.724708,0.759419,0.759407,-0.788475,-0.548836,-0.740803,-0.916506,-0.984486,-1.34907,1.0,98.697372,97.7928047,0.9910605018402694,95.81068369631947,99.77492570368054,97.71100575981431,0.6022440204337016,0.007565382422835563
2015-12-24,-0.578479,0.183188,-0.684534,0.222247,0.222248,-0.993056,-0.665248,-0.772589,-1.051385,-1.13459,-1.484102,0.0,98.916725,97.87672955000001,1.012464199847076,95.85180115030586,99.90165794969415,97.82583616364151,0.6298026933289549,0.0022200145983456796
2015-12-28,-0.038753,0.242201,-0.280954,-0.482067,-0.482067,-0.267389,-0.034874,-0.274491,-0.530901,-0.59833,-0.887927,0.0,98.43988,97.91726145,1.0182446972750179,95.88077205544997,99.95375084455003,97.88431652900898,0.606178090117794,-0.0048323280380298044
2015-12-29,-0.663273,0.153805,-0.663273,0.78473,0.784735,-0.572913,-0.63251,-1.005478,-1.171296,-1.312698,-1.503244,1.0,99.212372,98.0503017,1.0041445390454953,96.04201262190901,100.058590778091,98.0107980024367,0.6423840666319194,0.007816717750699384
2015-12-30,0.317982,0.5396,-0.240894,-0.240315,-0.240304,-0.127204,-0.426876,-0.679652,-0.86482,-1.036049,-1.159966,0.0,98.973961,98.11801410000001,1.019129126218628,96.07975584756275,100.15627235243727,98.10252781172844,0.6444114149933426,-0.002405928919461587
2015-12-31,0.63279,0.87617,-0.029205,-1.021389,-1.021405,0.753507,0.354364,0.382273,0.190813,0.011685,-0.076299,-1.0,97.963036,98.14996260000001,1.0028147185527965,96.14433316289441,100.1555920371056,98.08924287727811,0.5580124837666034,-0.010266571491241258
