date,c_open,c_high,c_low,n_close,n_adj_close,adj_sum_5,adj_sum_10,adj_sum_15,adj_sum_20,adj_sum_25,adj_sum_30,label,closing_price_for_label,melody_ma20,melody_std20,melody_lb20,melody_ub20,melody_ema20,melody_macd_12_26,melody_str_log_return
2013-06-03,0.201865,0.679022,-2.66104,-0.18318,-0.183169,0.557896,-0.913934,-2.834778,-4.637554,-5.975414,-6.834898,0.0,48.637463,,,,,,,
2013-06-04,0.925241,2.498146,-0.314585,-0.825841,-0.825843,1.188007,0.235011,-1.486557,-3.301261,-4.813474,-5.646436,-1.0,48.235794,,,,,,,-0.008292718017475975
2013-06-05,1.414294,2.338301,-0.622286,-1.86899,-1.868977,2.496692,2.145945,0.741706,-1.092788,-2.697352,-3.543916,-1.0,47.334278,,,,,,,-0.018866633082540316
2013-06-06,-1.233645,0.037383,-2.299065,0.886293,0.886288,0.803733,1.224293,0.157002,-1.612157,-3.14169,-4.093465,1.0,47.753796,,,,,,,0.008823834668712133
2013-06-07,-0.921319,0.386954,-1.584669,1.439252,1.439236,-0.744415,-0.042372,-0.858662,-2.526251,-4.059694,-5.130513,1.0,48.441086,,,,,,,0.014289776772416026
2013-06-10,0.515081,0.883,-0.625462,0.165839,0.165853,-0.956589,-0.079108,-0.77018,-2.190958,-3.718918,-4.951565,0.0,48.521427,,,,,,,0.0016571562741122701
2013-06-11,-0.056091,1.046919,-0.710415,-1.60044,-1.600427,0.448668,1.338549,0.993313,-0.243058,-1.755863,-3.120854,-1.0,47.744877,,,,,,,-0.016133720982857747
2013-06-12,1.353896,1.72997,-0.394883,-0.579551,-0.579562,1.090635,1.649113,1.602101,0.615826,-0.879285,-2.294729,-1.0,47.468166,,,,,,,-0.005812476323303374
2013-06-13,-2.159863,0.12923,-2.215243,1.861598,1.861593,-0.5095,-0.476273,-0.188292,-0.938709,-2.365145,-3.701309,1.0,48.35183,,,,,,,0.018444773311071444
2013-06-14,1.71278,1.882176,-0.414081,-1.919876,-1.919884,1.008856,1.197072,1.737881,1.203656,-0.146053,-1.499463,-1.0,47.423531,,,,,,,-0.019385530083329747
2013-06-17,-0.278546,0.761374,-0.575668,1.355161,1.355161,-0.531093,-0.274825,0.401126,-0.00556,-1.117911,-2.427722,1.0,48.066196,,,,,,,0.01346060406188254
2013-06-18,-0.147851,0.295692,-0.720754,0.482828,0.482832,-0.779894,-0.74108,-0.141685,-0.317869,-1.264831,-2.531263,0.0,48.298275,,,,,,,0.004816701555862022
2013-06-19,0.821668,1.792715,-0.056021,-1.034933,-1.034917,0.395879,0.394015,0.76314,0.774033,0.015674,-1.237484,-1.0,47.798428,,,,,,,-0.010403093807710964
2013-06-20,1.143296,1.333841,-0.400152,-1.998131,-1.998145,1.798781,2.246574,2.418703,2.719134,2.160825,0.948934,-1.0,46.843346,,,,,,,-0.020183781077928366
2013-06-21,1.924557,1.96305,-0.51963,-0.990856,-0.990856,2.367208,2.825256,3.106242,3.613361,3.259434,2.146526,-1.0,46.379196,,,,,,,-0.009957974230486099
2013-06-24,-0.078549,1.040854,-1.590725,-2.001542,-2.001533,3.307147,4.249803,4.744697,5.460525,5.260013,4.361085,-1.0,45.450901,,,,,,,-0.020218352209523366
2013-06-25,-1.094478,0.921657,-1.094478,2.278091,2.278098,0.226563,1.65705,2.160764,2.869608,2.89937,2.190843,1.0,46.486317,,,,,,,0.02252536681700178
2013-06-26,0.285718,0.571427,-1.18095,0.806448,0.806427,-0.975229,0.714294,1.2762,1.84001,2.036581,1.517468,1.0,46.861195,,,,,,,0.008031923021908029
2013-06-27,-0.225782,0.639699,-0.507998,1.238099,1.238116,-1.934157,-0.709324,-0.006282,0.362172,0.752576,0.40513,1.0,47.441391,,,,,,,0.012305141259199374
2013-06-28,0.625115,0.644061,-0.397801,-0.67733,-0.67733,-0.950941,-0.096617,0.488722,0.876106,1.397226,1.204764,-1.0,47.120056,47.53287745,0.831718860214539,45.86943972957092,49.19631517042908,47.43491358645064,,-0.0067963477098693
2013-07-01,1.390739,2.17184,-0.114311,-0.568288,-0.56831,0.213389,0.215292,0.825567,1.262158,1.88761,1.795274,-1.0,46.852268,47.4436177,0.802205608014032,45.839206483971935,49.04802891602806,47.3794235305982,,-0.005699310466349855
2013-07-02,-0.435604,1.382576,-1.287879,0.590583,1.324137,-0.680692,-1.268268,-0.530283,-0.141545,0.449691,0.521077,1.0,47.472656,47.4054608,0.7803954417738646,45.84466991645227,48.96625168354773,47.388302813398376,,0.013154464793764569
2013-07-03,-0.871706,0.075803,-1.061211,-0.056816,-0.056835,-0.377834,-1.286471,-0.476877,-0.073019,0.392793,0.586694,0.0,47.445675,47.41103065,0.7802581756118134,45.850514298776375,48.97154700122363,47.39376683116996,,-0.0005685098008453874
2013-07-05,-1.166885,0.018518,-1.629933,2.311923,2.311958,-2.175302,-3.167061,-2.699616,-2.249835,-1.966727,-1.64008,1.0,48.542599,47.4504708,0.8175413052012502,45.8153881895975,49.0855534104025,47.50317941867759,,0.022856370010155724
2013-07-08,-0.292505,0.38391,-1.188303,1.315056,1.315024,-2.606939,-3.854228,-3.724308,-3.443371,-3.202212,-2.810946,1.0,49.180946,47.4874638,0.8791430705329849,45.72917765893403,49.245749941065974,47.662966712136864,,0.013064529730258472
2013-07-09,0.32793,0.510109,-1.275278,0.347346,0.347358,-1.931134,-3.396619,-3.883909,-3.693481,-3.479387,-3.049086,0.0,49.35178,47.528981449999996,0.9474919502575674,45.63399754948486,49.42396535051513,47.82380607288573,0.1058706147319981,0.0034675620600498097
2013-07-10,-0.109433,0.583622,-0.711295,-0.109304,-0.109305,-1.083351,-2.720598,-3.643561,-3.43059,-3.287596,-2.904985,0.0,49.297836,47.606629399999996,1.0264586634591553,45.553712073081684,49.65954672691831,47.96418987546804,0.20593026654344726,-0.00109364856274188
2013-07-11,1.269498,1.323903,-1.070004,0.565378,0.565382,-0.779831,-2.719795,-3.946171,-3.760866,-3.650402,-3.398517,1.0,49.576557,47.71204895,1.115864247866694,45.48032045426662,49.94377744573339,48.117748649232986,0.3042119508225767,0.005637895309899217
2013-07-12,0.982349,1.600868,-0.40022,-0.308303,-0.308305,-0.11643,-2.017861,-3.301056,-3.354801,-3.217282,-3.114767,0.0,49.42371,47.76564295,1.1725124799044722,45.420617990191055,50.110667909808946,48.24212592073461,0.36555354447917665,-0.003087812307503642
2013-07-15,1.093101,1.111315,-0.528331,-0.145538,-0.145537,0.098381,-1.422845,-2.758568,-3.018583,-3.002409,-2.931339,0.0,49.35178,47.8620554,1.2211687184577005,45.4197179630846,50.304392836915405,48.34780726161702,0.40370933957219535,-0.0014564344396537211
2013-07-16,-0.199956,0.727144,-0.418104,0.218617,0.218624,-0.076352,-1.11071,-2.430355,-3.089276,-3.138127,-3.087679,0.0,49.459675,47.93172935,1.2721186959560309,45.387491958087935,50.47596674191206,48.453699427177305,0.43760981333941373,0.0021838569805768043
2013-07-17,-0.398048,0.560887,-0.777999,0.472645,0.472652,-0.3872,-1.129015,-2.459095,-3.404793,-3.436946,-3.445806,0.0,49.693447,48.00148795,1.330203816490758,45.34108031701848,50.661895582981515,48.57177062458899,0.47783148579704715,0.004715382197578126
2013-07-18,-1.525636,0.283839,-1.561109,1.990228,1.990222,-1.894626,-2.419729,-3.859853,-5.005218,-5.067582,-5.109744,1.0,50.682457,48.145689399999995,1.4572844647863812,45.231120470427236,51.060258329572754,48.772788374628135,0.5827942036963591,0.019706761637950567
2013-07-19,0.623216,0.712252,-0.445157,-0.372537,-0.372555,-1.103976,-1.668437,-3.097351,-4.288527,-4.542915,-4.574033,0.0,50.493637,48.32820395,1.5131078264780775,45.30198829704385,51.354419602956156,48.93667871990165,0.6433258578488577,-0.0037325065981250933
2013-07-22,-0.689539,0.194478,-1.078501,0.712252,0.712268,-1.212874,-2.035012,-3.293264,-4.525526,-4.94824,-5.0908,1.0,50.853287,48.5519085,1.540282757754069,45.47134298449186,51.632474015508144,49.11921284181578,0.7121096226937027,0.007097433164053936
2013-07-23,0.088235,0.388214,-0.352915,0.194478,0.194487,-0.81878,-1.911071,-2.94454,-4.171002,-4.906179,-5.116005,0.0,50.95219,48.82697295,1.4456621727004937,45.93564860459901,51.71829729540099,49.29378209497618,0.7657745253762016,0.001942980555253775
2013-07-24,0.512091,0.529753,-0.441462,-0.070579,-0.070592,-0.268408,-1.523927,-2.425099,-3.668288,-4.633337,-4.841359,0.0,50.916222,49.048468199999995,1.4070112339200902,46.23444573215981,51.86249066784018,49.448300181168925,0.7962236596673264,-0.0007061659407174176
2013-07-25,-0.088494,0.0,-1.079648,-0.229562,-0.229559,0.007079,-1.056637,-1.760472,-3.059023,-4.177614,-4.403827,0.0,50.799339,49.2453754,1.3595639245493962,46.52624755090121,51.96450324909879,49.57697054486712,0.8016820451128766,-0.002298233432479302
2013-07-26,0.017845,0.303304,-0.802856,-0.796462,-0.796479,0.770758,-0.069563,-0.726716,-1.987689,-3.126396,-3.501184,-1.0,50.394733,49.39304249999999,1.3128999433270085,46.76724261334598,52.01884238665401,49.6548526834512,0.764546318095995,-0.007996677040609424
2013-07-29,0.520742,0.556655,-0.556649,-0.642284,-0.642275,1.10972,0.720066,0.033527,-1.059429,-2.205249,-2.701137,-1.0,50.07106,49.5405927,1.2054315198802714,47.129729660239455,51.95145573976054,49.69449147550347,0.7009185283466337,-0.0064434691688904245
2013-07-30,0.975957,1.192843,-0.451834,-0.64643,-0.646419,1.283199,1.433211,0.737386,-0.124714,-1.223507,-1.955438,-1.0,49.747391,49.685348850000004,1.0261021498931795,47.63314455021364,51.737553149786365,49.69952952545552,0.6172602710974573,-0.006485176460852795
2013-07-31,-0.269151,0.968957,-0.394764,0.722931,0.722912,0.233276,0.787739,0.122031,-0.578669,-1.643412,-2.538801,1.0,50.107021,49.817067099999996,0.8867335274173983,48.0436000451652,51.59053415483479,49.738338237316896,0.5733701804196443,0.007203117974319126
2013-08-01,-0.318359,0.424475,-0.601344,1.453438,1.453463,-1.188555,-0.626118,-1.147282,-1.669625,-2.739803,-3.735938,1.0,50.835308,49.986548750000004,0.717395291058741,48.551758167882525,51.42133933211748,49.842811548048616,0.5905461927897875,0.014430014533788598
2013-08-02,-0.389453,0.053103,-0.849715,-0.088431,-0.088435,-0.945309,-0.47974,-0.880401,-1.361313,-2.389967,-3.391693,0.0,50.790352,50.0989364,0.6524025708977913,48.794131258204416,51.40374154179558,49.93305349585351,0.5936870777773393,-0.0008847372392459962
2013-08-05,0.409989,0.855622,-0.160428,-0.690395,-0.690419,-0.110497,0.130144,-0.047514,-0.550782,-1.448109,-2.451714,-1.0,50.439686,50.1618734,0.6190457755285403,48.923781848942916,51.39996495105708,49.98130421053413,0.561408864274398,-0.006928129428006112
2013-08-06,0.901063,1.09929,-0.324385,-1.087337,-1.087324,1.045232,1.0182,1.108909,0.596505,-0.121102,-1.08272,-1.0,49.891243,50.18884655,0.5930995413062968,49.002647467387405,51.3750456326126,49.972726952388015,0.48597140509944836,-0.010932789484096213
2013-08-07,-0.433993,0.307418,-0.940326,-0.342409,-0.342413,1.236898,1.12478,1.459924,0.984638,0.402902,-0.526032,0.0,49.720409,50.2099752,0.5666234149526431,49.07672837009471,51.34322202990529,49.948696671208204,0.4077020635225068,-0.0034300037005191115
2013-08-08,1.076046,1.641433,-1.276675,-0.849904,-0.849898,1.480936,1.687027,2.142376,1.821993,1.413823,0.491399,-1.0,49.297836,50.19603915,0.5861145400621326,49.02381006987573,51.368268230124265,49.886709940616946,0.3080242253807768,-0.008535307112720852
2013-08-09,0.31181,1.155543,-0.348492,-0.565388,-0.565396,1.335292,1.9846,2.522631,2.359694,2.029356,1.17009,-1.0,49.019108,50.175809050000005,0.6201682413648161,48.935472567270374,51.41614553272964,49.80408118436771,0.2041840932141099,-0.005670004281946271
2013-08-12,-0.092437,0.425217,-0.757996,-0.788701,-0.788697,1.397671,2.499541,3.033219,3.099468,2.795346,2.078022,-1.0,48.632496,50.139844849999996,0.6876537962244716,48.764537257551055,51.51515244244894,49.69250164299936,0.08966013675060225,-0.00791823183967148
2013-08-13,-0.128937,0.755204,-1.270958,0.369756,0.369747,0.582065,1.930382,2.361402,2.653355,2.372456,1.835832,0.0,48.812313,50.107476750000004,0.734963050834236,48.63755064833153,51.577402851668474,49.608674153189895,0.013255998361806576,0.003690647166343758
2013-08-14,0.33241,1.292698,-0.277012,-0.257873,-0.257865,0.417357,1.902124,2.320714,2.815329,2.586891,2.182212,0.0,48.686443,50.05712655000001,0.796718812832158,48.46368892433569,51.65056417566432,49.52084261479085,-0.056796771012457725,-0.002581983095814306
2013-08-15,0.431599,0.731843,-0.750614,-1.588183,-1.588171,1.459924,2.93675,3.57039,4.185579,4.103576,3.863757,-1.0,47.913219,49.91866465,0.9142821148141185,48.09010042037176,51.74722887962823,49.36773560385839,-0.17271584934257334,-0.01600917639445378
2013-08-16,-0.412837,0.919493,-0.412837,0.0,0.0,0.998303,2.336262,3.225111,3.916299,3.977474,3.819971,0.0,47.913219,49.789643749999996,1.0063120558965937,47.77701963820681,51.80226786179318,49.22921021301474,-0.26156736826967375,0.0
2013-08-19,2.045142,2.160909,-0.057887,-2.739724,-2.739741,2.971259,4.395143,5.636382,6.387234,6.670276,6.559916,-1.0,46.600521,49.577005449999994,1.2003394507119292,47.176326548576135,51.977684351423854,48.978858859394286,-0.43291620653712926,-0.02777971578977068
2013-08-20,-0.652341,0.46048,-2.801226,0.559516,0.559526,1.565621,3.16769,4.638016,5.358789,5.854953,5.789847,1.0,46.861263,49.3724591,1.2982340528575473,46.7759909942849,51.9689272057151,48.777183063261496,-0.5414304221992339,0.00557966401466184
2013-08-21,0.561683,1.142746,-0.677904,-0.940134,-0.940143,1.553368,3.435993,5.101692,5.874498,6.577579,6.587264,-1.0,46.4207,49.147683,1.4019162347221288,46.34385053055574,51.95151546944426,48.55275610485564,-0.6554231618524611,-0.009445904901658031
2013-08-22,-0.40222,0.861906,-0.536294,1.123374,1.123372,0.011501,1.785109,3.381228,4.287504,5.074903,5.216129,1.0,46.942177,48.9548249,1.4278142606124957,46.099196378775005,51.81045342122499,48.399367618678916,-0.6956651981978368,0.011171087263166008
2013-08-23,-0.095566,0.191128,-0.802748,0.21069,0.2107,-0.569577,1.15061,2.632515,3.711773,4.560398,4.826072,0.0,47.041084,48.78714245,1.4466138048721506,45.8939148402557,51.6803700597443,48.27000727404283,-0.7113760335316996,0.00210477983976245
2013-08-26,0.694983,1.428575,-0.019301,-0.993886,-0.993865,0.41697,1.72392,3.109376,4.377394,5.242452,5.679519,-1.0,46.573559,48.6122674,1.493865002375995,45.62453739524801,51.59999740475199,48.10844077175304,-0.7528736847644382,-0.009988370878665992
2013-08-27,0.830044,1.877472,-0.098812,-2.316604,-2.316615,2.197624,3.407111,4.910403,6.38537,7.258493,7.895253,-1.0,45.494629,48.3996293,1.621043923486835,45.15754145302633,51.64171714697367,47.859506317300365,-0.862874822513561,-0.023438701630753875
2013-08-28,-0.494266,0.929215,-0.889682,-0.039518,-0.039519,1.822847,2.742181,4.329763,5.918336,6.822447,7.628827,0.0,45.47665,48.16811075,1.6934003385700782,44.78131007285984,51.554911427140155,47.63256762041462,-0.9406589410063049,-0.0003952676148278161
2013-08-29,-0.216964,0.946744,-0.493097,0.237246,0.237245,0.986193,1.988159,3.539768,5.091707,6.112023,7.001307,0.0,45.584541,47.9055724,1.6649143048123802,44.575743790375235,51.23540100962476,47.43751746608942,-0.982274464714223,0.0023696384661972846
2013-08-30,0.573918,0.593713,-0.474961,-0.33531,-0.335322,0.61747,1.785087,3.361708,4.855539,6.032069,6.989916,0.0,45.431686,47.6376391,1.6063893596241494,44.4248603807517,50.8504178192483,47.24648589789042,-1.0158787700157035,-0.0033588547613150927
2013-09-03,0.234694,1.153921,-0.586738,1.187417,1.187442,-0.82536,0.453728,1.762808,3.139037,4.431038,5.380382,1.0,45.971161,47.41421285,1.503619236581817,44.40697437683637,50.42145132316363,47.12502638380562,-0.9875949206648329,0.011804473977519471
2013-09-04,-1.368805,0.443414,-1.812221,1.447287,1.447266,-1.75052,-1.027562,7e-06,1.318686,2.674383,3.568542,1.0,46.636486,47.251475,1.3935198504149269,44.46443529917015,50.03851470082985,47.07849872820509,-0.9011062076900558,0.014368931049934591
2013-09-05,-0.153525,0.786795,-0.383805,0.462699,0.462689,-1.615801,-1.391275,-0.721538,0.545971,1.923634,2.802416,0.0,46.852268,47.10806795,1.267996210130635,44.572075529738726,49.64406037026127,47.05695294456651,-0.805862000001099,0.0046162211806504766
2013-09-06,-0.28539,0.285384,-2.435316,0.863558,0.863578,-1.750389,-2.168955,-1.664138,-0.530831,0.748088,1.672365,1.0,47.256874,47.00601985,1.1600194241261899,44.68598100174762,49.32605869825238,47.07599304508399,-0.6897805951165736,0.008598707508545059
2013-09-09,-0.151347,0.624287,-0.64321,0.570776,0.570766,-1.426406,-2.622015,-2.276452,-1.252363,-0.098373,0.894187,1.0,47.5266,46.93139445,1.068061623716227,44.79527120256755,49.06751769743245,47.11890799317123,-0.5694562739664022,0.005691429459280808
2013-09-10,0.298126,0.484446,-0.689396,1.532344,1.532352,-1.967582,-3.743245,-3.522763,-2.781816,-1.78722,-0.753992,1.0,48.254875,46.9125134,1.039359149994927,44.83379510001015,48.991231699989854,47.22709532715492,-0.41059954059841886,0.015207304651495236
2013-09-11,0.206536,0.938791,-0.375511,-0.763928,-0.763921,-0.690957,-2.502822,-2.637383,-2.130123,-1.198656,-0.119548,-1.0,47.886246,46.86621005,0.9684800370902289,44.929249975819545,48.803170124180454,47.289871581711594,-0.31086624191297574,-0.007668535641021406
2013-09-12,2.277944,2.81393,-0.306279,-1.915126,-1.915139,1.297857,-0.281394,-0.6585,-0.401992,0.496169,1.607961,-1.0,46.969158,46.7803458,0.8696948939347052,45.040956012130586,48.51973558786941,47.25932743107239,-0.3023429994453153,-0.019337149767317572
2013-09-13,-0.570449,0.399314,-0.684541,0.669981,0.669984,0.635102,-0.585663,-1.27147,-1.131395,-0.343033,0.681369,1.0,47.283844,46.748877050000004,0.8373302834409788,45.07421648311805,48.42353761688196,47.26166234239883,-0.2671165844128751,0.006677499127157766
2013-09-16,0.583368,0.658643,-0.30109,1.045824,1.045835,-0.301097,-1.123455,-2.190447,-2.168809,-1.478369,-0.57083,1.0,47.778355,46.74213385,0.8279505873210848,45.086232675357834,48.39803502464217,47.31087116693227,-0.19702530671608542,0.010404040004334519
2013-09-17,0.188358,0.433227,-0.395553,-0.094089,-0.094101,-0.425688,-0.661141,-1.936332,-1.957995,-1.460915,-0.666165,0.0,47.733395,46.798777550000004,0.8560286400484762,45.086720269903054,48.510834830096954,47.35111153198634,-0.1434517380736935,-0.0009414549167155677
2013-09-18,-1.348064,0.86126,-1.59146,0.60275,0.602771,-0.966125,-0.968001,-2.173143,-2.424658,-2.117225,-1.391145,1.0,48.021118,46.85677030000001,0.8987085524378818,45.059353195124245,48.65418740487577,47.41492167179717,-0.07689110465786797,0.0060096147308915625
2013-09-19,1.668248,1.895735,-0.417064,-1.235724,-1.235744,0.466357,0.392422,-0.674879,-1.097628,-0.998671,-0.318483,-1.0,47.4277,46.9071203,0.9011970153218397,45.10472626935632,48.709514330643685,47.41613865543553,-0.07120439637301956,-0.012434426289529286
2013-09-20,0.284095,1.268943,0.0,0.094785,0.094788,0.450762,0.342805,-0.503787,-1.135415,-1.129546,-0.541037,0.0,47.472656,46.93364425,0.9100461643976437,45.11355192120471,48.75373657879529,47.42152125967977,-0.062351318413405465,0.0009474359266435942
2013-09-23,1.204825,1.7878,-0.136028,-2.537879,-2.537888,2.413536,2.683649,2.207551,1.355433,1.302768,1.850637,-1.0,46.267853,46.8949827,0.9215929226099675,45.051796854780065,48.738168545219935,47.311648092091225,-0.1508142309132694,-0.02570648183880948
2013-09-24,1.37122,1.887917,-0.039748,-2.215311,-2.215316,3.632763,4.344211,4.415751,3.504584,3.477754,3.908332,-1.0,45.242874,46.82844845,0.9914091677034789,44.84563011459304,48.811266785406964,47.11462198808254,-0.3001688064511825,-0.02240222320466877
2013-09-25,-2.862669,0.386849,-3.172147,2.74245,2.742469,0.205018,1.257246,1.606697,0.848155,0.683164,0.967754,1.0,46.483646,46.8778993,0.9449549499519974,44.987989400096005,48.767809199904,47.054529036836584,-0.31478480943444254,0.0270553747264378
2013-09-26,0.077088,1.291197,-0.6745,0.367501,0.367497,-0.493354,0.819041,1.206399,0.605126,0.334554,0.45288,0.0,46.654472,46.9367904,0.8880171352005919,45.160756129598816,48.71282467040118,47.01642836666167,-0.30902165724828023,0.0036682336989453074
2013-09-27,-1.416543,0.306279,-1.627111,0.67451,0.674503,-1.374428,0.076571,0.487494,0.078484,-0.335374,-0.287137,1.0,46.969158,47.006021249999996,0.8290617787177592,45.34789769256448,48.66414480743551,47.01192642697961,-0.275881596051164,0.006722388035312685
2013-09-30,0.077386,0.773846,-0.483653,-1.052839,-1.052825,-0.23603,0.860894,1.40581,1.255555,0.676333,0.670656,-1.0,46.474655,47.05816969999999,0.7542495266708531,45.549670646658285,48.5666687533417,46.96075771964823,-0.2862207435913007,-0.010584063308196253
2013-10-01,-0.615858,0.250194,-0.98152,0.522345,0.522332,-0.123165,0.119328,0.659488,0.809281,0.165517,0.155893,0.0,46.717407,47.095482000000004,0.7150871043884586,45.665307791223086,48.52565620877692,46.93758146063411,-0.27169460854621263,0.005209725889508191
2013-10-02,-1.478211,0.691113,-1.535801,0.250194,0.988749,-0.806119,-1.039333,-0.425929,-0.120182,-0.672339,-0.80223,1.0,47.179325,47.122623950000005,0.7070048158113246,45.70861431837736,48.53663358162265,46.960604654859424,-0.22036933911149958,0.009838930843898768
2013-10-03,0.11552,0.500581,-0.847129,-0.287965,-0.287959,-0.35428,-0.83522,-0.127838,0.188583,-0.252267,-0.471629,0.0,47.043468,47.13218395,0.7044447546508825,45.72329444069823,48.541073459301764,46.968496402015674,-0.18848349737078252,-0.0028837416048258925
2013-10-04,-1.139165,0.01899,-1.253085,1.405466,1.405472,-1.427009,-2.161005,-1.453252,-1.153091,-1.456994,-1.797808,1.0,47.704651,47.1545728,0.7156429401310168,45.723286919737966,48.58585868026203,47.03860636372847,-0.10860980942724296,0.013956873019407984
2013-10-07,0.887515,1.022572,0.0,-1.594828,-1.594828,0.370432,-0.431354,0.025358,0.386826,0.268916,-0.213174,-1.0,46.943844,47.125434999999996,0.7115503347680051,45.702334330463984,48.54853566953601,47.02958137670671,-0.1054841472557797,-0.016076819535393472
2013-10-08,1.887169,2.142717,-0.058972,-1.852215,-1.852211,1.985447,1.628134,1.672948,2.04466,2.170114,1.633851,-1.0,46.074345,47.0164085,0.6962755662778661,45.623857367444266,48.40895963255573,46.938606483687025,-0.17119491168264034,-0.018695791344077558
2013-10-09,0.827582,1.162562,-0.985222,-0.235893,-0.23589,1.698515,1.755742,1.615237,2.077027,2.353317,1.908321,0.0,45.96566,46.9203792,0.7024099951479779,45.515559209704044,48.325199190295955,46.845944913812076,-0.2293967936503165,-0.0023616915387317554
2013-10-10,-1.294745,0.076163,-2.1706,3.487685,3.487669,-1.507989,-1.481349,-1.789555,-1.300073,-1.035871,-1.379517,1.0,47.56879,46.9503608,0.7172423612936553,45.515876077412685,48.38484552258731,46.91478730297283,-0.14449733600505255,0.034282277957543426
2013-10-11,0.856982,1.599695,-0.666536,-0.019044,-0.019052,-1.550164,-1.338401,-1.758635,-1.252261,-0.991541,-1.222289,0.0,47.559727,46.96415495,0.7265855997451593,45.51098375050968,48.41732614949032,46.97621013126113,-0.07705694798092111,-0.00019054223303862996
2013-10-14,-1.460823,0.246634,-1.802316,0.380882,0.380894,-1.58983,-1.447542,-1.925713,-1.630883,-1.349273,-1.435868,0.0,47.740879,46.96228115,0.7244204343104117,45.51344028137918,48.41112201862082,47.04903573780769,-0.008890023483594689,0.003801701285748812
2013-10-15,1.147006,1.395527,-0.24852,-0.758866,-0.758859,-0.286761,-0.554396,-0.875258,-0.916135,-0.66891,-0.583165,-1.0,47.378593,46.94454105,0.7087171179084085,45.52710681418318,48.36197528581682,47.08042214373077,0.015718114210692136,-0.00761753075869993
2013-10-16,-2.574072,0.092591,-2.629626,3.230738,3.230729,-2.203705,-3.31296,-3.646857,-3.926288,-3.693929,-3.539636,1.0,48.909267,46.9889485,0.801479185405719,45.38599012918856,48.591906870811435,47.25459784432784,0.15692391879499468,0.031796385513270325
2013-10-17,-0.774761,0.147578,-1.106803,0.388887,0.388894,-1.959052,-3.268771,-3.688137,-4.128221,-3.893455,-3.76075,0.0,49.099472,47.0725371,0.926994983590427,45.21854713281915,48.92652706718085,47.43030014486804,0.28093998883915816,0.003881393449820412
2013-10-18,-0.073667,0.515659,-0.92081,0.166021,0.166014,-1.462242,-3.128908,-3.547942,-4.11344,-3.898442,-3.789846,0.0,49.180984,47.1579535,1.0378775980117396,45.08219830397652,49.23370869602348,47.597031940594896,0.38140436293257096,0.0016587635427739987
2013-10-21,0.0,1.068727,-0.700205,-0.055247,-0.055249,-0.832868,-2.625756,-3.131253,-3.766871,-3.733387,-3.626313,0.0,49.153812,47.30225145,1.1059966342643124,45.09025818147138,49.51424471852862,47.74529670815729,0.4536017117187754,-0.0005526426411980851
2013-10-22,1.920931,1.976876,0.0,-1.197717,-1.197722,0.857897,-0.932479,-1.703334,-2.258256,-2.497902,-2.43674,-1.0,48.565086,47.46836205,1.027085901586922,45.41419024682616,49.52253385317385,47.82337187880898,0.4580334384120235,-0.01204952440474104
2013-10-23,1.061613,1.1564,-0.05687,-1.622527,-1.622513,2.047386,1.080562,0.001259,-0.510863,-0.910255,-0.835269,-1.0,47.777111,47.5330353,1.0022398905299714,45.52855551894006,49.537515081059944,47.818966080827174,0.3934274301128653,-0.01635820223528291
2013-10-24,0.685976,0.781248,-0.705029,-0.511848,-0.511877,1.913126,1.593008,0.584372,0.093385,-0.391604,-0.285547,-1.0,47.532551,47.57693925,0.9807297710096619,45.615479707980676,49.53839879201933,47.79168845408172,0.3188176238373188,-0.005131914888936657
2013-10-25,-1.15596,0.265302,-1.326511,0.552591,0.552615,0.77316,1.083947,0.044216,-0.370289,-0.912034,-0.797891,1.0,47.795223,47.6182425,0.971133829186002,45.675974841628,49.560510158372004,47.792025077502515,0.27768328987399826,0.005510936713742903
2013-10-28,0.398631,0.778284,-0.341686,-0.170551,-0.170553,0.341681,1.250948,0.322703,-0.070235,-0.621538,-0.632927,0.0,47.713707,47.680195100000006,0.9331180321703733,45.81395903565926,49.54643116434075,47.78456621297847,0.2357883525537403,-0.0017069821595396518
2013-10-29,0.189649,0.493082,-0.910298,0.094913,0.094908,-0.091029,1.234594,0.462738,-0.055941,-0.505032,-0.725358,0.0,47.758991,47.7322743,0.9052036404841994,45.9218670190316,49.5426815809684,47.782130478409094,0.20389003582073428,0.000948627290199874
2013-10-30,0.76046,1.216738,-0.19011,-0.246543,-0.246529,0.09885,1.218624,0.945494,0.239539,-0.161948,-0.50659,0.0,47.641251,47.7553706,0.8962008267496897,45.96296894650062,49.54777225349938,47.76871338522727,0.16718257928267377,-0.0024683388073482603
2013-10-31,2.153669,2.270078,0.0,-2.015203,-2.015212,1.792781,2.7823,2.894835,2.262319,1.893668,1.486343,-1.0,46.681179,47.73725615,0.9148155445690288,45.907625060861946,49.566887239138055,47.66513868187229,0.0599310212624502,-0.020357939419360316
2013-11-01,-2.018657,0.380882,-2.304321,1.882028,1.882018,-0.18662,0.542763,0.994108,0.35804,0.061105,-0.382263,1.0,47.559727,47.730009949999996,0.9156609774285239,45.89868799514295,49.56133190485704,47.65509947407493,0.0453026493518891,0.018645267519551097
2013-11-04,1.345121,1.383545,-0.076866,-0.895062,-0.895056,0.468869,1.022288,1.820394,1.284589,1.020754,0.578681,-1.0,47.134041,47.7395198,0.9080221081706307,45.923475583658735,49.55556401634126,47.60547485749637,-0.000632452849863796,-0.008990852862437376
2013-11-05,-0.192499,0.346487,-0.558231,-0.172944,-0.172954,0.342644,0.875849,1.950602,1.564013,1.224264,0.881137,0.0,47.052521,47.7884286,0.8371913461689611,46.11404590766208,49.462811292337925,47.55281258535386,-0.04311730553956039,-0.0017310329334679134
2013-11-06,0.307102,0.460656,-0.518227,0.288733,0.288741,-0.138193,0.460656,1.413953,1.401158,0.933597,0.640472,0.0,47.188381,47.84956465,0.7355526770227575,46.378459295954485,49.32067000404551,47.51810481532016,-0.06507395872334598,0.0028832511411775864
2013-11-07,0.92933,1.335911,-0.135528,-0.863716,-0.863717,0.774438,1.175217,1.967084,2.200386,1.790514,1.526296,-1.0,46.780807,47.8101655,0.7716039249432237,46.26695765011355,49.353373349886446,47.44788597576586,-0.11404790684484567,-0.008674685064446479
2013-11-08,-3.947363,0.018536,-4.002965,4.472404,4.472415,-3.00223,-2.935513,-2.440085,-2.040405,-2.471464,-2.690146,1.0,48.873039,47.8758311,0.8043572437870345,46.26711661242593,49.48454558757407,47.58361483521673,0.015783580032554312,0.04375288276925542
2013-11-11,-0.351198,0.092429,-0.739366,0.25945,0.25945,-2.491687,-2.924218,-2.713498,-2.165437,-2.55601,-2.770181,0.0,48.99984,47.93877915,0.8416386190055443,46.255501911988915,49.62205638801109,47.718493422338945,0.12743871556290998,0.0025911380607311334
2013-11-12,-0.074117,0.203819,-0.685572,-0.24029,-0.240297,-1.508247,-2.460629,-2.435924,-1.775989,-2.091534,-2.388365,0.0,48.882095,48.01395425,0.8559933008849681,46.30196764823006,49.725940851769934,47.829312620211425,0.20407275376403788,-0.0024058587888331024
2013-11-13,-1.145177,0.110827,-1.828587,0.314986,0.314989,-1.063907,-2.482455,-2.571114,-2.071483,-2.148505,-2.568649,0.0,49.036068,48.0202943,0.863411037229521,46.29347222554096,49.74711637445905,47.94424170400082,0.274070797895817,0.0031449349577217667
2013-11-14,-0.25736,0.18382,-1.286766,0.480242,0.480251,-0.525745,-2.422809,-2.801484,-2.522074,-2.477955,-2.883591,0.0,49.271564,48.0288989,0.8755047968284534,46.27788930634309,49.77990849365691,48.07065335123883,0.34457526212560907,0.00479101053843203
2013-11-15,-1.093492,0.164024,-1.239293,0.863965,0.863975,-1.04612,-2.828519,-3.378912,-3.305103,-3.14126,-3.581816,1.0,49.697258,48.0547126,0.9178481528719918,46.219016294256015,49.89040890574399,48.22556807969228,0.42984551458911113,0.008602641047955486
2013-11-18,-0.448511,0.466448,-0.789385,1.585571,1.58555,-2.002149,-3.681378,-4.520992,-4.682457,-4.435596,-4.85289,1.0,50.485233,48.121283649999995,1.0416898021118797,46.03790404577624,50.20466325422375,48.44077426257873,0.5546125726207478,0.01573111712343248
2013-11-19,-0.320572,0.872657,-0.658955,0.735558,0.735562,-1.941227,-3.63669,-4.812115,-5.153167,-4.859845,-5.234199,1.0,50.856583,48.23585849999999,1.2061157602609793,45.823626979478036,50.64809002052195,48.67085128519028,0.6756675317894576,0.007328695631276166
2013-11-20,0.588239,0.606062,-0.588232,-0.089054,-0.08905,-1.155075,-2.837788,-4.31135,-4.770056,-4.625315,-4.831851,0.0,50.811295,48.3875677,1.3298535650556242,45.72786056988875,51.04727483011125,48.874703067553114,0.7591985279268911,-0.0008909009194711465
2013-11-21,-1.642786,0.314577,-1.642786,1.99644,1.996436,-2.104157,-3.766165,-5.522547,-6.219856,-6.281723,-6.420835,1.0,51.82571,48.602225649999994,1.5177876523195228,45.56665034536095,51.63780095463904,49.15575134683377,0.8969131997960815,0.01976768579007391
2013-11-22,-0.36547,0.104422,-0.696133,0.41943,0.419431,-1.611554,-3.558994,-5.342846,-6.203446,-6.453186,-6.524539,0.0,52.043083,48.81461865,1.6867274151928646,45.44116381961427,52.18807348038573,49.43073531380198,1.0119283734850981,0.004185536599837981
2013-11-25,-0.260194,0.849951,-0.416309,0.33067,0.330666,-1.2732,-3.261056,-5.006071,-6.081528,-6.526975,-6.546981,0.0,52.215172,49.0396919,1.8266237961112897,45.386444307777424,52.69293949222258,49.695919760106555,1.1042359269624171,0.0033012092190726223
2013-11-26,0.804623,1.381845,0.0,-0.832617,-0.83262,-0.087451,-1.889092,-3.599781,-4.904663,-5.493784,-5.478974,-1.0,51.780418,49.24076325,1.8981615255158502,45.4444401989683,53.0370863010317,49.89444340200117,1.1292915437670175,-0.008361057092953626
2013-11-27,0.173977,0.608911,-0.260957,0.542246,0.542261,-0.146147,-1.837167,-3.495716,-4.99305,-5.674332,-5.786951,0.0,52.061203,49.461760850000005,1.958476428830243,45.54480799233952,53.37871370766049,50.10080145895344,1.1584513968900723,0.005407960346079911
2013-11-29,0.629152,1.101008,-0.034953,-0.45233,-0.452339,0.307583,-0.898287,-2.408249,-4.065014,-4.914368,-5.183506,0.0,51.82571,49.7189874,1.9113274351409637,45.89633252971807,53.54164227028193,50.26507846286263,1.1493099439592527,-0.004533649072036748
2013-12-02,0.210597,1.351351,-0.140397,-0.419436,-0.419452,0.561614,-0.110549,-1.643834,-3.268675,-4.218308,-4.627341,0.0,51.608326,49.92141735,1.8848134892990587,46.15179037140188,53.69104432859812,50.39300679973286,1.1117091139540918,-0.004203342119670441
2013-12-03,0.052758,0.633134,-1.266272,-0.210598,-0.21058,0.495949,0.297217,-1.112677,-2.6407,-3.722129,-4.274246,0.0,51.499649,50.139697749999996,1.795701555666954,46.548294638666086,53.73110086133391,50.4984012949964,1.0609113341613892,-0.002108023947606024
2013-12-04,-1.311418,0.4896,-1.713586,0.580369,0.580379,-0.076944,-0.099677,-1.307928,-2.744369,-3.965737,-4.618533,1.0,51.798542,50.376998799999996,1.6758533671703124,47.02529206565937,53.72870553434062,50.62222421928246,1.032865662424527,0.005787010038680385
2013-12-05,1.594409,1.648158,-0.125403,-2.395522,-2.395535,1.780725,2.302044,1.314945,-0.024182,-1.377999,-2.094231,-1.0,50.55769,50.54546425,1.4984019440947602,47.548660361810484,53.54226813818952,50.61607810316032,0.9001366641985058,-0.02424694164744329
2013-12-06,0.909738,1.248657,-0.784877,0.429955,0.429956,0.931143,1.657152,1.078607,-0.058865,-1.477704,-2.300513,0.0,50.775066,50.7451772,1.2083334944186106,48.32851021116278,53.16184418883722,50.63121980762124,0.8032292762527788,0.004290346814172102
2013-12-09,-0.407006,0.035394,-0.743228,0.802706,0.802705,-0.038925,0.67953,0.467179,-0.629086,-1.979114,-2.857897,1.0,51.18264,50.860657249999996,1.127668443794508,48.60532036241098,53.11599413758901,50.68373601641922,0.7506641002126528,0.007995004732882933
2013-12-10,-0.370369,0.652556,-0.617289,0.336229,0.336233,-0.430338,0.174599,0.243382,-0.732807,-1.97884,-2.947094,0.0,51.354733,50.9784019,1.0429028369799773,48.89259622604005,53.064207573959955,50.747640491045956,0.714654197614685,0.0033566914492022056
2013-12-11,0.83824,1.248439,-0.196185,-1.111113,-1.111109,0.288919,1.103972,1.360198,0.569819,-0.583562,-1.658053,-1.0,50.784126,51.07350345,0.9213158390476689,49.23087177190466,52.916135128095334,50.75111530142254,0.6327785964611223,-0.011173278062649148
2013-12-12,-0.461733,0.515001,-0.710355,0.428038,0.428025,0.035522,0.465286,0.953062,0.333872,-0.708217,-1.85757,0.0,51.001495,51.171774799999994,0.7876858667761989,49.5964030664476,52.74714653355239,50.77496098700134,0.5787598708113464,0.004271120582848164
2013-12-13,0.356064,0.694326,-0.231435,-0.248629,-0.248612,0.324011,0.528745,1.080048,0.741493,-0.13887,-1.338207,0.0,50.874699,51.251931549999995,0.6544375779311049,49.943056394137784,52.560806705862205,50.784459845382166,0.5197271727004207,-0.002489218736836767
2013-12-16,-0.14179,0.921661,-0.159511,0.445077,0.445072,-0.152427,-0.015951,0.509275,0.43247,-0.406948,-1.544371,0.0,51.101128,51.32212505,0.5450577776972174,50.23200949460556,52.41224060539443,50.81461871725053,0.4856163787650729,0.004440844046675536
2013-12-17,1.687005,1.687005,-0.107683,-1.24069,-1.240691,0.750177,1.035532,1.541034,1.692386,0.960513,-0.087346,-1.0,50.467121,51.32121945,0.5465344819608637,50.22815048607827,52.41428841392173,50.78152369656,0.4027812509950479,-0.012484516393292688
2013-12-18,-2.445845,0.052407,-3.214535,2.727927,2.727925,-1.516424,-1.638717,-1.147219,-0.912827,-1.491966,-2.432452,1.0,51.843826,51.3705816,0.5469435166572336,50.276694566685535,52.46446863331447,50.882695344506665,0.443114455722295,0.026913798396259767
2013-12-19,-0.227157,0.541676,-0.716407,-0.017474,-0.017476,-1.1777,-1.37515,-1.159064,-0.796783,-1.258778,-2.116604,0.0,51.834766,51.42175515,0.5396923104747571,50.34237052905049,52.501139770949514,50.97336874026794,0.46894207246617015,-0.00017477089239517908
2013-12-20,-0.849224,0.519929,-0.866551,0.821249,0.82126,-1.452346,-1.894289,-1.908733,-1.563268,-1.834325,-2.564423,1.0,52.260464,51.44349285,0.5649820896988946,50.31352867060221,52.57345702939779,51.0959492411948,0.5177921303428121,0.008179056295968972
2013-12-23,-0.463601,0.25755,-0.7555,0.935877,0.935876,-1.741077,-2.506875,-2.674001,-2.409007,-2.513059,-3.22288,1.0,52.749557,51.47881655,0.6234973689318776,50.23182181213624,52.725811287863756,51.25343569441434,0.5891801685043632,0.00931523548008962
2013-12-24,-0.309013,0.068671,-0.360513,0.017167,0.017147,-0.889256,-2.257497,-2.531603,-2.374236,-2.357412,-3.00199,0.0,52.758602,51.505988050000006,0.6675602103053896,50.17086762938923,52.841108470610784,51.39678486637489,0.6391182021807467,0.00017145593493207552
2013-12-26,0.257727,0.446732,-0.481105,-0.085835,-0.085832,-0.474219,-1.807552,-2.33218,-2.201882,-2.132638,-2.676395,0.0,52.713318,51.55263305,0.7184015422957962,50.1158299654084,52.98943613459159,51.52216897433919,0.6673476450647442,-0.0008586930584467769
2013-12-27,0.051598,0.361195,-0.137595,-0.103096,-0.103086,-0.058479,-1.391467,-1.965369,-2.044203,-1.891296,-2.346633,0.0,52.658978,51.58252180000001,0.7523088584065678,50.07790408318687,53.087139516813146,51.630436500592594,0.6775248137622967,-0.0010313907332359063
2013-12-30,0.327865,0.552198,-0.414154,-0.326794,-0.326791,0.355473,-0.761005,-1.426521,-1.660056,-1.519246,-1.822265,0.0,52.486893,51.61558095,0.7776581703760085,50.06026460924799,53.170897290752016,51.71200378625045,0.6640497201348765,-0.003273265074707197
2013-12-31,-0.478794,0.119697,-0.735296,0.91458,0.914564,-0.471949,-1.308127,-2.09529,-2.423038,-2.341985,-2.506258,1.0,52.966919,51.6835106,0.8342682111065198,50.01497417778696,53.352047022213036,51.83151952089326,0.6842174647842185,0.009104067580541579
2014-01-02,0.171795,0.498198,-0.412297,-0.461698,0.189348,-0.543739,-1.004684,-2.065188,-2.459753,-2.462326,-2.528329,0.0,53.067211,51.76188870000001,0.8879907743418364,49.98590715131633,53.53787024868368,51.94920442366533,0.70022155572277,0.001891693361523251
2014-01-03,-0.630752,0.494376,-0.767134,0.773065,0.773037,-1.020901,-1.458606,-2.480695,-3.051018,-3.08361,-3.112678,1.0,53.47744,51.845833600000006,0.967439990382071,49.91095361923586,53.78071358076415,52.09475066903054,0.7375054610937468,0.007700640498758109
2014-01-06,0.271186,0.796612,-0.288132,0.579611,0.579622,-1.171711,-1.663453,-2.697382,-3.309488,-3.51375,-3.486586,1.0,53.787407,52.00731945,1.0097342616326312,49.98785092673474,54.02678797326526,52.25595603388477,0.783038589676778,0.005779486410951147
2014-01-07,1.663239,1.903292,-0.360081,-1.152542,-1.15255,0.236632,-0.346263,-1.275352,-1.957098,-2.287784,-2.277127,-1.0,53.16748,52.12694015000001,0.9977090600747827,50.131522029850444,54.122358270149576,52.342767840181466,0.7603363104791399,-0.01159243789154064
2014-01-08,-0.560554,0.067948,-0.968235,0.943071,0.94308,-0.438254,-1.106,-1.878743,-2.641454,-3.047103,-3.089145,1.0,53.668892,52.251252750000006,1.0282812508617971,50.19469024827641,54.3078152517236,52.4690653792118,0.7738835013017322,0.009386610049756636
2014-01-09,0.374408,0.408445,-0.731784,-0.186854,-0.186836,-0.064686,-0.769673,-1.309089,-2.252572,-2.711129,-2.823522,0.0,53.568619,52.361947050000005,1.0457061552657647,50.270534739468474,54.453359360531536,52.57378477166782,0.7676792262903547,-0.0018701110887189888
2014-01-10,0.307738,0.461611,-0.530009,-0.459489,-0.459513,0.338522,-0.197353,-0.66863,-1.563319,-2.147693,-2.278524,0.0,53.322464,52.488863949999995,0.9970335330726572,50.49479688385468,54.48293101614531,52.6450875553185,0.7344335495573375,-0.004605724410784354
2014-01-13,1.403808,1.681104,-0.294631,-1.35066,-1.350656,1.261699,1.158311,0.788634,-0.063417,-0.652475,-0.906286,-1.0,52.602261,52.568902249999994,0.9335814277778385,50.70173939444432,54.43606510555567,52.64100883576435,0.6425646626632897,-0.013598602184956112
2014-01-14,0.96986,1.454797,-0.311744,0.069326,0.069328,0.990647,1.117073,0.766715,0.034907,-0.579684,-0.923454,0.0,52.638729,52.65710375,0.8441399358363624,50.96882387832727,54.345383621672724,52.640791708548704,0.5661740685136749,0.0006930379780661334
2014-01-15,-2.958484,0.268953,-2.958484,3.030828,3.030829,-1.771727,-1.623806,-2.015023,-2.618952,-3.279244,-3.676575,1.0,54.234119,52.813753299999995,0.8307893306983863,51.15217463860322,54.47533196139677,52.792537164877395,0.6271393401227954,0.0298580706486597
2014-01-16,-0.339042,1.407015,-0.423801,-0.840477,-0.840476,-0.861166,-0.657744,-1.058096,-1.485696,-2.279175,-2.7189,-1.0,53.778294,52.979311949999996,0.6484584800570505,51.68239498988589,54.2762289101141,52.886418768222406,0.6313951587325306,-0.008440283729550385
2014-01-17,1.892958,1.927377,-0.137673,-1.49178,-1.49178,0.509379,0.75202,0.473314,0.113037,-0.633817,-1.171613,-1.0,52.97604,53.035922649999996,0.5909874227319528,51.85394780453609,54.2178974954639,52.894954123629795,0.5635366330423537,-0.015030192644394345
2014-01-21,-0.137525,0.464159,-1.014262,0.103247,0.103237,0.567316,0.505428,0.416429,0.122551,-0.583233,-1.118088,0.0,53.030731,53.09572089999999,0.5191992612135422,52.0573223775729,54.13411942242708,52.907885254712674,0.508311866384318,0.0010318398407292745
2014-01-22,1.284949,1.284949,-0.295194,-0.997074,-0.997052,1.528032,1.390855,1.429633,1.15388,0.541966,-0.012614,-1.0,52.501987,53.10779705,0.5012478518701435,52.105301346259715,54.11029275374029,52.86922827807337,0.4170728626905884,-0.010020559203806642
2014-01-23,1.097926,1.115631,-0.460425,-1.94478,-1.944797,2.472112,2.976806,3.248925,3.036922,2.565595,1.98982,-1.0,51.48093,53.0443657,0.6160839191290768,51.81219786174184,54.27653353825816,52.737009394447334,0.2593845052360706,-0.01963956866760639
2014-01-24,1.651842,2.30532,0.0,-2.443777,-2.443785,3.623172,4.890191,5.457746,5.365548,5.115409,4.469542,-1.0,50.222847,52.917577949999995,0.8816680579563532,51.15424183408729,54.6809140659127,52.49756535688092,0.03252364962086318,-0.02474140514869716
2014-01-27,-0.018148,1.288798,-0.726086,0.0,0.0,2.526781,4.273018,5.025726,5.117606,4.986306,4.432289,0.0,50.222847,52.793054399999995,1.068180036067539,50.65669432786492,54.92941447213507,52.28092551336845,-0.14558697685396282,0.0
2014-01-28,-0.627921,1.076423,-0.897022,1.179891,1.179899,0.459273,2.705417,3.411074,3.710391,3.68178,3.202257,1.0,50.815426,52.7008768,1.156270470276288,50.38833585944743,55.013417740552576,52.14135413114288,-0.23620196937009297,0.01172992722184314
2014-01-29,-1.026472,0.612282,-1.224565,-0.376755,-0.376738,0.097231,2.695828,3.467183,3.91859,3.944561,3.576021,0.0,50.623985,52.6077314,1.2459711025551525,50.11578919488969,55.099673605110304,51.99684278531975,-0.31977650801526636,-0.0037744940629668364
2014-01-30,0.125,0.696427,-0.660712,0.846391,0.846364,-0.910705,1.210726,2.257157,2.858942,2.939226,2.70357,1.0,51.052448,52.512007849999996,1.289697364367585,49.93261312126483,55.09140257873516,51.9069004248131,-0.34743157381402057,0.008428020605238586
2014-01-31,0.252888,1.354769,-0.325146,-1.142855,-1.142844,0.332368,1.725071,3.029865,3.790642,3.947795,3.891005,-1.0,50.468998,52.3820972,1.3597826782873437,49.66253184342531,55.10166255657468,51.769957336735665,-0.4116823339262723,-0.01149424967138862
2014-02-03,2.191123,2.964458,-0.202541,-1.896676,-1.896675,1.984901,2.99208,4.508684,5.396795,5.698814,5.742572,-1.0,49.511765,52.18381345,1.4758382433436776,49.23213696331265,55.13548993668736,51.554891399903696,-0.5336901792116393,-0.019148928675172525
2014-02-04,-0.418562,0.727929,-0.636948,1.17842,1.178421,0.509553,1.206549,2.957839,3.800726,4.263034,4.395244,1.0,50.095222,51.999204199999994,1.4954837688942937,49.00823666221141,54.99017173778858,51.41587526657953,-0.5766548536749738,0.011715316179731821
2014-02-05,-0.199241,0.434707,-1.141092,0.473154,0.473145,-0.079689,0.298867,2.167492,3.030259,3.600807,3.77593,0.0,50.332245,51.85744244999999,1.5131862360045192,48.83106997799096,54.88381492200903,51.31267238404815,-0.5848372527140455,0.00472029111508358
2014-02-06,-2.000712,0.123936,-2.266287,2.30031,2.300319,-2.156517,-1.954677,-0.485128,0.501948,1.156515,1.360893,1.0,51.490047,51.7485002,1.4531486825732138,48.84220283485357,54.65479756514643,51.32956520461499,-0.49222287871087644,0.022742601459746655
2014-02-07,0.05299,0.547511,-0.63582,0.247874,0.247879,-1.953378,-1.926886,-1.010248,0.064461,0.794061,1.036584,0.0,51.61768,51.65095325,1.388584173085921,48.87378490382816,54.42812159617184,51.35700470893737,-0.4038708320849196,0.0024757226040042846
2014-02-10,0.052869,0.317229,-0.616854,0.211945,0.211953,-1.304209,-1.843512,-1.380583,-0.301391,0.445525,0.759334,0.0,51.727085,51.571184300000006,1.3321873634910577,48.90680957301789,54.23555902698212,51.39225045094333,-0.3213191621405258,0.002117282687146265
2014-02-11,-1.427823,0.243775,-1.480059,1.21607,1.216059,-1.626328,-2.72854,-2.651346,-1.522725,-0.870627,-0.47052,1.0,52.356117,51.5588771,1.3232677076538382,48.91234168469232,54.20541251530767,51.4840472651392,-0.20280098013691372,0.012087246480484185
2014-02-12,-0.312935,0.330318,-0.625869,0.156713,0.156723,-0.977057,-2.534782,-2.811788,-1.695944,-1.081375,-0.629359,0.0,52.438171,51.54884919999999,1.3153902274179208,48.91806874516415,54.179629654835836,51.5749161922688,-0.10108811412112573,0.0015660017036202387
2014-02-13,-1.654315,0.120626,-1.843874,0.886646,0.886629,-1.313102,-3.041522,-3.486696,-2.685673,-2.008609,-1.506685,1.0,52.903103,51.482298400000005,1.2010856237008056,49.08012715259839,53.884469647401616,51.70141017395749,0.016842047163272866,0.008827214657450214
2014-02-14,-0.447125,0.137572,-0.68788,0.206795,0.206797,-0.990538,-2.761822,-3.335053,-2.958728,-2.252795,-1.713386,0.0,53.012505,51.44400895,1.1343939174172624,49.17522111516547,53.712796784834524,51.8262763478663,0.11777276558080985,0.002065834129142484
2014-02-18,-0.80356,0.273551,-1.008719,0.584695,0.58469,-0.967682,-2.612408,-3.509428,-3.490337,-2.820991,-2.294406,1.0,53.322464,51.46133015,1.1613425849989767,49.13864498000205,53.784015319997955,51.96877040997427,0.22023347356514478,0.005829876677592532
2014-02-19,1.921067,2.235423,-0.069852,-2.10293,-2.102922,1.100247,-0.117007,-1.259748,-1.49668,-0.764231,-0.296889,-1.0,52.201134,51.41985029999999,1.1162789347763629,49.187292430447265,53.65240816955272,51.990900275691004,0.2085483476432941,-0.021253487005116645
2014-02-20,-0.086841,0.677317,-0.538385,0.558861,0.558856,0.55922,-0.260504,-1.571147,-2.044981,-1.326849,-0.893828,1.0,52.492863,51.4193941,1.1158151799136566,49.187763740172684,53.65102445982731,52.03870624943472,0.2202885441701241,0.005572998708808978
2014-02-21,-0.034718,0.399235,-0.416598,0.0521,0.052097,0.361052,-0.116292,-1.436087,-1.997044,-1.508761,-1.018336,0.0,52.52021,51.471358099999996,1.1427075564449931,49.18594298711001,53.75677321288998,52.08456374948855,0.22915782014789698,0.0005208304040048089
2014-02-24,-0.706531,0.344651,-0.775456,0.729037,0.729039,-0.406684,-0.596236,-1.842719,-2.453036,-2.287777,-1.776661,1.0,52.903103,51.605370900000004,1.1457416699778602,49.313887560044286,53.89685423995572,52.16251986858489,0.2640393689037239,0.007263947085567835
2014-02-25,1.525518,1.665792,-0.192883,-1.723247,-1.723241,0.827632,1.197615,0.196389,-0.572505,-0.650184,-0.139692,-1.0,51.991455,51.6938013,1.1007902758680623,49.492220748263875,53.89538185173612,52.14622797633871,0.21563516500697233,-0.017382616833737784
2014-02-26,1.092509,1.110134,-0.933919,-0.490968,-0.490965,1.145369,1.577088,0.902199,0.007045,-0.260092,0.297206,0.0,51.736195,51.73983975,1.0812008109419635,49.57743812811607,53.90224137188393,52.1071772166874,0.1548916415550181,-0.004921744882402271
2014-02-27,0.158758,0.352796,-0.970189,-0.105729,-0.105727,0.938432,1.538185,1.18304,0.215201,-0.218032,0.34162,0.0,51.681496,51.7927153,1.0491416133492468,49.694432073301506,53.89099852669849,52.066636148431456,0.1011719620236633,-0.0010578268489995256
2014-02-28,-0.439986,1.108766,-0.756778,0.229319,0.229318,0.429423,1.09292,0.991432,0.058074,-0.421687,-0.04459,0.0,51.800011,51.83009345000001,1.0345957614399566,49.760901927120095,53.89928497287992,52.04124327715227,0.06738512521676654,0.0022905551968266614
2014-03-03,0.160114,0.373597,-0.925102,-1.073567,-1.073587,0.871747,1.844882,2.0388,1.219551,0.738675,0.875305,-1.0,51.243893,51.868838200000006,0.9946807589615783,49.87947668207685,53.85819971792316,51.96530515551872,-0.004216654335259307,-0.01079391167795247
2014-03-04,-0.541385,0.174647,-1.082779,1.867993,1.86801,-0.897659,-0.237513,0.2282,-0.378971,-0.957036,-1.023983,1.0,52.201134,52.00330665,0.8268964671510471,50.3495137156979,53.657099584302095,51.98776504546932,0.016094243785921947,0.018507768847883754
2014-03-05,-1.169188,0.223523,-1.375514,1.571781,1.57179,-1.946364,-1.626558,-1.23912,-1.64461,-2.323255,-2.556176,1.0,53.021626,52.149626850000004,0.7240017748164124,50.70162330036718,53.59763039963283,52.086227993519856,0.09727628369527253,0.015595649272654
2014-03-06,-0.662146,0.322577,-0.848896,1.272356,1.272336,-2.427839,-2.638365,-2.323708,-2.567056,-3.321556,-3.706276,1.0,53.696239,52.31782654999999,0.6681751425387001,50.98147626492259,53.65417683507739,52.23956237508939,0.2135871664311324,0.012643093754936358
2014-03-07,-0.084182,0.673396,-0.555559,0.848896,0.84892,-2.380487,-3.156581,-2.99216,-3.141429,-3.906412,-4.352429,1.0,54.152077,52.450928049999995,0.7542035863956029,50.942520877208786,53.9593352227912,52.42170662508087,0.3386430299258265,0.008453367310621324
2014-03-10,-0.101355,0.472971,-0.557436,-0.336702,-0.336717,-1.040537,-2.631756,-2.546172,-2.596283,-3.322297,-3.79786,0.0,53.969738,52.56853095,0.7994573967296741,50.96961615654065,54.16744574345935,52.56913818459698,0.4182165294737956,-0.003372847058825531
2014-03-11,2.113764,2.165324,-0.103107,-1.706084,-1.706084,0.996741,-0.742392,-0.889039,-0.781059,-1.377553,-1.950504,-1.0,53.048969,52.63462515,0.7806519212937773,51.07332130741244,54.195928992587554,52.61483635749251,0.4023427809205131,-0.017208051694563447
2014-03-12,-0.379829,0.069063,-0.86326,-0.463999,-0.463985,1.384662,-0.077702,-0.351068,-0.276253,-0.712716,-1.367988,0.0,52.80283,52.6569608,0.7786519889798187,51.099656822040366,54.214264777959635,52.632740513921796,0.3656859604765401,-0.004650642614664319
2014-03-13,1.010105,1.602233,-0.400556,-0.86326,-0.863268,1.752006,0.91954,0.498083,0.583419,0.305817,-0.399397,-1.0,52.347,52.65240225,0.7802654943669012,51.0918712612662,54.212933238733804,52.60552713164353,0.29643636086400704,-0.008670158676514172
2014-03-14,0.545778,1.285211,-0.316901,-1.079761,-1.079756,1.947178,2.017599,1.499993,1.573055,1.423232,0.734734,-1.0,51.78178,52.596336099999995,0.8013059920470904,50.99372411590581,54.19894808409418,52.52707502386795,0.19371400947682105,-0.01085627914462965
2014-03-17,-0.642589,0.208404,-0.920464,1.373245,1.37323,0.003477,0.873571,0.072945,0.147622,0.116015,-0.50133,1.0,52.492863,52.570353999999995,0.7955052450655441,50.979343509868905,54.161364490131085,52.52381673588052,0.16775053748427382,0.013638867559794534
2014-03-18,-0.413367,0.172234,-0.75784,0.833621,0.833628,-0.868067,0.177403,-0.636125,-0.717364,-0.62074,-1.108626,1.0,52.930458,52.550753699999994,0.7806901571222337,50.98937338575553,54.11213401424446,52.56254447532047,0.180404962134169,0.00830172127093465
2014-03-19,-0.531727,1.080619,-0.703259,0.413362,0.413357,-1.145792,-0.210971,-0.867919,-1.036874,-0.97015,-1.32418,0.0,53.14925,52.598159499999994,0.7871027150297233,51.02395406994055,54.17236493005944,52.618421191956614,0.2057169932742937,0.004125054911508552
2014-03-20,-2.911329,0.632176,-3.293961,3.104635,3.10464,-3.227419,-3.014474,-3.473635,-3.806359,-3.779741,-4.023737,1.0,54.799343,52.713483499999995,0.9273394865895772,50.85880452682084,54.56816247317915,52.82612803081789,0.35483535393080956,0.030574211149194994
2014-03-21,1.312948,1.711822,-0.28253,0.099812,0.099824,-2.203765,-2.983223,-3.198724,-3.689556,-3.733432,-3.915028,0.0,54.854046,52.83017529999999,1.0415455517550907,50.74708419648981,54.91326640351018,53.0192630755019,0.47198604271946465,0.000997743982870145
2014-03-24,-1.146227,0.196494,-1.178978,1.495765,1.495744,-2.502039,-4.106754,-4.094746,-4.859989,-4.960858,-5.088143,1.0,55.674522,52.96874625,1.2207089641492253,50.52732832170155,55.41016417829845,53.272144877835046,0.6238430890043816,0.014846678751612852
2014-03-25,0.295423,0.902675,-0.607253,-0.229245,-0.229225,-1.335969,-3.43674,-3.472847,-4.321363,-4.582319,-4.640857,0.0,55.546902,53.1465186,1.3253044504917686,50.495909699016465,55.797127500983535,53.48878841327933,0.7255295715466374,-0.0022948826119880607
2014-03-26,2.237062,2.504174,-0.016699,-1.690461,-1.690462,0.894816,-1.445755,-1.619378,-2.413202,-2.76529,-2.863676,-1.0,54.607903,53.290104,1.3200179865073578,50.65006802698528,55.93013997301472,53.59537075487177,0.7220244217259406,-0.017049129087240423
2014-03-27,0.03338,1.051404,-1.501999,0.033382,0.033363,0.797745,-1.061403,-1.538705,-2.176224,-2.641512,-2.762563,0.0,54.626122,53.43733530000001,1.295138389151446,50.847058521697114,56.0276120783029,53.69353754012208,0.7125033907071483,0.00033357738431668535
2014-03-28,0.283141,0.916054,-0.599602,0.200272,0.200287,0.552959,-0.719527,-1.664453,-2.103606,-2.674226,-2.845334,0.0,54.735531,53.584111299999996,1.2658241089801088,51.05246308203978,56.115759517960214,53.792775012491404,0.7056519801857917,0.0020008665469106357
2014-03-31,0.197666,0.510626,-0.181191,1.115919,1.115908,-0.675332,-1.299614,-2.583861,-2.813368,-3.571728,-3.776967,1.0,55.346329,53.789233100000004,1.19717195916623,51.394889181667544,56.183577018332464,53.94073253511127,0.7409670747324668,0.011097273761097185
2014-04-01,0.461518,1.021927,-0.494477,-0.065889,-0.065878,-0.695567,-0.804353,-2.24713,-2.468272,-3.268174,-3.593762,0.0,55.309868,53.9446698,1.1818418651455578,51.580986069708885,56.308353530291114,54.0711263889102,0.757282957072654,-0.0006589961033904628
2014-04-02,-0.18188,0.479497,-0.462961,-0.313166,0.315135,-0.691666,-0.695145,-2.232042,-2.55275,-3.301852,-3.699382,0.0,55.484169,54.06779695,1.208589776704625,51.650617396590754,56.48497650340925,54.20570187568066,0.7753404038397775,0.0031463993643596148
2014-04-03,-0.016482,0.230793,-0.626444,0.297619,0.297618,-0.618625,-0.837083,-2.126545,-2.666431,-3.303589,-3.796073,0.0,55.6493,54.16545,1.2549998939444058,51.65545021211119,56.67544978788881,54.34318741133012,0.7938250313201181,0.0029717622065362744
2014-04-04,2.023071,2.089951,-0.016723,-1.401251,-1.401243,0.842579,0.574998,-0.360449,-1.217791,-1.705613,-2.286143,-1.0,54.869518,54.20132205,1.2648125880369936,51.67169687392602,56.73094722607399,54.39331413406058,0.7370560183053456,-0.014111532393278857
2014-04-07,1.16949,1.694915,-0.271186,-1.35429,-1.354302,1.776278,1.669771,1.208701,0.152859,-0.143112,-0.869297,-1.0,54.126419,54.209156099999994,1.2637875117484778,51.681581076503036,56.73673112349695,54.367895549864336,0.6249008198657933,-0.013635563563749951
2014-04-08,-0.08496,0.288873,-1.019538,-0.254241,-0.254234,1.546306,1.640314,1.597352,0.495171,0.243853,-0.493311,0.0,53.988811,54.256148200000005,1.23553464517265,51.78507890965471,56.7272174903453,54.33179225940106,0.5189312846796383,-0.0025455816781438387
2014-04-09,-0.286826,0.303697,-1.29914,0.713682,0.713694,0.418414,0.877059,1.027574,-0.072485,-0.367016,-1.036737,1.0,54.374126,54.334713,1.187272587507251,51.9601678249855,56.709258175014504,54.335824044220004,0.4607303521585209,0.007111594325531137
2014-04-10,3.397205,3.466894,-0.034845,-3.15505,-3.155056,2.554001,3.789836,4.047871,3.212582,2.800049,2.249181,-1.0,52.658592,54.3502926,1.1615831279908224,52.027126344018356,56.67345885598165,54.17608765905619,0.2730291275091119,-0.03205899956745696
2014-04-11,-0.216996,1.356239,-1.356239,-3.658542,-3.658541,4.817358,6.942086,7.457392,7.028594,6.4342,6.061896,-1.0,50.732056,54.2978064,1.2993017354441998,51.6992029291116,56.8964098708884,53.84808464390798,-0.030825463056771696,-0.03727143710463218
2014-04-14,1.619358,1.783115,-0.873361,-0.614828,-0.614824,3.99563,6.626632,7.427408,7.485158,6.81103,6.663565,-1.0,50.420143,54.1941704,1.5155190070074096,51.16313238598518,57.225208414014816,53.52161401115484,-0.2934188378527409,-0.00616722111248693
2014-04-15,0.529199,1.532847,-0.82117,-0.291121,-0.291132,2.821177,5.936136,7.04176,7.534729,6.902057,6.847184,0.0,50.273354,54.0613152,1.7329922628774366,50.59533067424513,57.52729972575487,53.212255914854374,-0.5075202473042637,-0.0029155627395029376
2014-04-16,-0.470499,0.162866,-1.031486,0.839414,0.839411,0.513944,4.109673,5.636201,6.397561,5.845893,5.804805,1.0,50.695354,53.938620400000005,1.881471052025398,50.17567829594921,57.7015625040508,52.972550970582525,-0.6358159926317626,0.008359074124966198
2014-04-17,0.217311,0.633827,-0.380302,-0.07238,-0.072358,-0.20284,3.199911,5.190577,6.065921,5.789226,5.681547,0.0,50.658672,53.73158685,2.0055015564898526,49.72058373702029,57.74258996297971,52.75218154481276,-0.7320130353512369,-0.0007238390629219972
2014-04-21,0.417952,0.690534,-0.072682,-0.344082,-0.344091,0.043611,2.687622,4.992394,5.999368,6.051697,5.804275,0.0,50.48436,53.51310255,2.1119777866354945,49.28914697672901,57.73705812327099,52.53619854054487,-0.8129442906402744,-0.0034468449112657774
2014-04-22,-1.379681,0.483786,-1.558864,1.417412,1.417413,-1.049997,0.680876,2.98512,4.080945,4.468504,4.145224,1.0,51.199932,53.28937305000001,2.107960843348718,49.073451363302574,57.505294736697444,52.408935060492986,-0.8100049802183946,0.014074618576432036
2014-04-23,-0.44603,0.124888,-0.874216,0.430027,0.430026,-1.027653,-0.249777,2.039842,3.234004,3.903695,3.593699,0.0,51.420105,53.0830332,2.0771017616081684,48.928829676783664,57.23723672321634,52.31476076901746,-0.7809076175776823,0.004291039923079581
2014-04-24,-0.213559,0.124576,-1.032209,0.249777,0.249772,-0.943221,-1.046446,1.276623,2.680051,3.520609,3.254488,0.0,51.548538,52.930064949999995,2.0715382631112953,48.7869884237774,57.07314147622259,52.241787171968184,-0.738965938955154,0.002494605403390824
2014-04-25,1.095153,1.16696,-0.107724,-0.872038,-0.872048,0.100548,-0.48114,1.573917,3.238222,4.14164,4.081428,-1.0,51.09901,52.753709349999994,2.069684332594893,48.61434068481021,56.89307801518978,52.132951250828356,-0.7335441686502691,-0.008758726000973742
2014-04-28,0.252296,0.378445,-1.459726,-0.377018,-0.377005,0.645157,-0.070287,1.439293,3.252809,4.225554,4.417983,0.0,50.906364,52.562251,2.0537541144431337,48.454742771113736,56.66975922888627,52.016133417416135,-0.7363046372871764,-0.003777178034584071
2014-04-29,-0.659533,0.374337,-0.944738,1.09929,1.099283,-0.345805,-0.953646,-0.00831,1.753127,2.765184,3.216106,1.0,51.465969,52.368233,1.9579540545683183,48.45232489086336,56.284141109136634,51.96373680623365,-0.6854356068769292,0.010932847920712451
2014-04-30,0.464455,0.660947,-0.46445,-0.2139,-0.213897,-0.157201,-0.530545,-0.13576,1.586281,2.659037,3.335154,0.0,51.355885,52.170533850000005,1.8414529509098068,48.48762794818039,55.85343975181962,51.90584615802092,-0.6465513510640335,-0.002141257675846134
2014-05-01,0.358932,0.8435,-0.394833,-0.46445,-0.464449,0.139982,0.016153,-0.094521,1.633164,2.864922,3.684835,0.0,51.117363,51.952193550000004,1.6796549087577566,48.59288373248449,55.31150336751552,51.830752523923685,-0.6277457677227076,-0.004655311223648117
2014-05-02,0.449802,1.421369,-0.251895,-0.251254,-0.251251,0.349041,0.332848,-0.061179,1.432164,2.838691,3.6969,0.0,50.98893,51.719175050000004,1.446900494433539,48.825374061132926,54.61297603886708,51.75057895021667,-0.6161036181792596,-0.0025156738915900205
2014-05-05,-0.627075,0.959058,-0.959056,-2.446925,-2.446927,2.397637,2.700109,2.312798,3.460898,5.016578,5.955308,-1.0,49.741268,51.46276255,1.3068525461007094,48.84905745779858,54.07646764220142,51.55921600257699,-0.6994897446830564,-0.024773619728473008
2014-05-06,1.312338,1.349833,-0.037495,-1.623019,-1.623023,3.052123,3.931386,3.798279,4.637237,6.224975,7.244197,-1.0,48.933956,51.2031394,1.264934390874545,48.67327061825091,53.733008181749085,51.3091912404268,-0.8212503196397876,-0.016363378384661297
2014-05-07,-0.925069,0.12951,-1.498607,1.331082,1.331068,0.984291,2.196131,2.342294,2.818706,4.367826,5.434692,1.0,49.5853,50.98296385,1.1306498796317763,48.721664090736446,53.24426360926355,51.14501112229092,-0.85532873797181,0.013222866609598958
2014-05-08,-0.294334,0.312726,-0.551876,0.573547,0.573553,-0.091975,1.27668,1.648279,1.78073,3.322304,4.516711,1.0,49.869698,50.75774245,0.8276123043761108,49.10251784124778,52.41296705875222,51.02355272969179,-0.8495939974858331,0.005719144958172979
2014-05-09,0.388822,0.555458,-0.610994,-0.643861,-0.64386,-0.025916,1.62008,2.157636,2.12647,3.499364,4.852428,-1.0,49.548607,50.6022432,0.739099010190971,49.12404517961806,52.080441220381935,50.88308170781637,-0.8610330811793077,-0.006459416431093937
2014-05-12,-0.695338,0.091489,-1.134498,1.184973,1.184984,-1.039354,0.276295,0.914906,0.870991,1.9096,3.318673,1.0,50.13575,50.5724279,0.7455857849178855,49.08125633016423,52.06359946983577,50.81190725945291,-0.8133453651992255,0.011780179109386215
2014-05-13,0.219705,0.38448,-0.219698,-0.0549,-0.054921,-0.516285,0.060434,0.825112,0.895295,1.644839,3.026994,0.0,50.108215,50.5568315,0.7521723998441889,49.052486700311626,52.06117629968838,50.74488894902882,-0.7689108257253778,-0.000549359768291238
2014-05-14,0.515081,0.62546,-0.110379,-0.476012,-0.476004,0.073583,0.240989,1.100078,1.337387,1.800596,3.156126,0.0,49.869698,50.5366487,0.765477116718,49.005694466564,52.067602933436,50.66153743007369,-0.7443619207162371,-0.004771402910000906
2014-05-15,1.289484,1.289484,-0.29901,-1.563655,-1.563647,1.34554,1.420295,2.372143,2.783596,2.987109,4.36056,-1.0,49.089912,50.4563766,0.8294619884146116,48.79745262317078,52.11530057682922,50.51185881768572,-0.7788508421966327,-0.015760008352193232
2014-05-16,0.206335,0.375158,-0.637779,-0.373756,-0.373753,1.463131,1.374966,2.457318,2.990052,3.066586,4.292498,0.0,48.906437,50.36876485,0.8967781387980386,48.57520857240392,52.16232112759607,50.358961501715655,-0.8116324662374339,-0.0037445316331755664
2014-05-19,-1.393275,0.148612,-1.430431,0.975429,0.975411,0.178342,0.323244,1.262004,1.883716,1.961741,2.914741,1.0,49.383476,50.31372065,0.9227203537838643,48.468279942432275,52.159161357567726,50.26605812059988,-0.7900123088194064,0.00970685050179006
2014-05-20,0.0,0.595681,-0.577068,-0.204349,-0.20434,0.048398,0.5994,1.173988,1.897804,2.078185,2.797843,0.0,49.282566,50.21785235,0.9254000247660558,48.36705230046789,52.06865239953211,50.17239220435228,-0.772120250342951,-0.0020454866363055816
2014-05-21,-0.129342,0.886916,-0.258683,0.744598,0.744602,-0.779749,-0.131193,0.197092,0.96637,1.273468,1.746738,1.0,49.649525,50.12932335,0.88827970276109,48.35276394447782,51.90588275552218,50.1225953277473,-0.7200300820170327,0.007418435801762306
2014-05-22,-0.69661,0.091657,-0.971584,0.794531,0.794531,-1.180569,-0.883596,-0.735719,0.020164,0.423099,0.65628,1.0,50.044006,50.05409675,0.8230784248908238,48.40793990021835,51.70025359978165,50.11511062986661,-0.6395446557557918,0.00791391487300306
2014-05-23,0.036677,0.110033,-0.678524,-0.036664,-0.03668,-0.696853,-0.751867,-0.827667,-0.050417,0.409332,0.517774,0.0,50.02565,50.00042875,0.7854956266411272,48.429437496717746,51.57142000328225,50.10659056987931,-0.5706623114684319,-0.00036686446100863405
2014-05-27,-0.707289,0.525936,-0.816104,1.11865,1.118666,-1.320279,-1.760976,-1.813569,-1.187887,-0.693508,-0.603917,1.0,50.58527,49.98437405,0.7691153411769706,48.44614336764606,51.52260473235394,50.15217908703366,-0.4655493373234165,0.011124553305635693
2014-05-28,-0.649235,0.270509,-0.811544,0.562209,0.562205,-1.247974,-2.160507,-2.108811,-1.798919,-1.274663,-1.130147,1.0,50.869663,49.95455875,0.7185535045633938,48.517451740873206,51.39166575912679,50.22051088826855,-0.3552038409155216,0.005606306888760454
2014-05-29,0.053839,0.358932,-0.592251,0.486925,0.486931,-1.152197,-2.390531,-2.383353,-2.298104,-1.776747,-1.554204,0.0,51.117363,49.94263265,0.6956866152885501,48.5512594194229,51.3340058805771,50.30592537510012,-0.24494336548578843,0.004857490148683782
2014-05-30,0.017999,0.557857,-0.467877,-0.269205,-0.269214,-0.518263,-1.75634,-1.974684,-2.047864,-1.556231,-1.269864,0.0,50.979748,49.9357519,0.6840393735483667,48.56767315290327,51.30383064709673,50.37009895842392,-0.16674341048545926,-0.0026957684109054714
2014-06-02,0.542013,0.542013,-0.596202,-0.395901,-0.395898,0.173447,-0.997286,-1.423664,-1.67931,-1.190239,-0.869611,0.0,50.77792,49.9252014,0.6683886422252038,48.58842411554959,51.261978684450405,50.408939057621645,-0.11967566898393756,-0.00396684139146871
2014-06-03,-0.917263,0.107917,-0.917263,0.451671,0.451675,-0.11151,-1.1241,-1.752998,-1.997302,-1.626617,-1.281173,0.0,51.007271,49.98850155,0.7087806099531477,48.570940330093705,51.4060627699063,50.46592305213387,-0.06313960177921984,0.00450657676049956
2014-06-04,-0.287356,0.089799,-0.77227,0.143888,0.143891,-0.172418,-0.914158,-1.767246,-1.927988,-1.798137,-1.430799,0.0,51.080666,50.09583705,0.7032019918494493,48.6894330663011,51.5022410336989,50.524469999549694,-0.012270550815081549,0.001437878260686246
2014-06-05,-1.271413,0.052974,-2.013065,1.70618,1.706172,-1.525693,-2.133145,-3.147918,-3.3454,-3.39961,-3.050207,1.0,51.95219,50.21418155,0.804613590405053,48.60495436918989,51.82340873081011,50.66044333292591,0.09724723613192054,0.016917803125331445
2014-06-06,-0.36862,0.28085,-0.561697,0.600388,0.600392,-1.621909,-2.292438,-3.321049,-3.693175,-3.888365,-3.583175,1.0,52.264107,50.333902,0.9204553586704796,48.49299128265904,52.17481271734096,50.81317320598058,0.20682580725983968,0.005985972258831393
2014-06-09,-0.888189,0.435388,-0.905601,0.789884,0.789877,-1.671883,-2.55485,-3.601524,-4.150984,-4.513402,-4.238931,1.0,52.676929,50.4903181,1.0382498086410084,48.413818482717986,52.56681771728202,50.99067375779195,0.3232526443855832,0.007867734972893062
2014-06-10,-0.742661,0.069079,-0.880834,0.835953,0.835952,-1.692572,-2.886008,-3.932065,-4.664938,-5.050776,-4.894067,1.0,53.117283,50.639394749999994,1.187922550516985,48.26354964896603,53.01523985103396,51.193207971335575,0.4459144154170289,0.0083247757091056
2014-06-11,0.366684,0.907981,-0.506373,-1.088086,-1.088085,-0.055874,-1.499909,-2.462018,-3.38484,-3.731794,-3.779752,-1.0,52.539322,50.7609501,1.253292449189627,48.25436520162075,53.267534998379254,51.32140930739885,0.4908301458215334,-0.010940475796302779
2014-06-12,0.052593,0.666194,-0.29804,-0.401605,-0.401594,0.490875,-0.871327,-1.727451,-2.760351,-3.133949,-3.329834,0.0,52.328327,50.88388155,1.2815326866816483,48.320816176636704,53.44694692336329,51.417306230503726,0.5035955169837933,-0.00402403003650604
2014-06-13,-0.017535,1.104483,-0.280505,0.0,0.0,0.51542,-0.613612,-1.436426,-2.450919,-2.94601,-3.252695,0.0,52.328327,51.045802300000005,1.2470580925928199,48.551686114814366,53.539918485185645,51.50407011331289,0.5078578959059712,0.0
2014-06-16,-0.03517,0.140675,-0.949529,-0.29804,-0.298057,0.622484,-0.049223,-0.867463,-1.846304,-2.454709,-2.887861,0.0,52.172359,51.2090984,1.1631820608207815,48.88273427835844,53.53546252164156,51.56771667394976,0.4929679204643094,-0.002985016113873138
2014-06-17,-1.097173,0.296068,-1.288746,0.967116,0.967121,-0.508527,-0.689647,-1.552296,-2.473868,-3.196091,-3.632292,1.0,52.676929,51.37377105,1.12357852922668,49.12661399154664,53.62092810845336,51.673355943097405,0.5159347155403324,0.009624746237576079
2014-06-18,-0.848041,0.051925,-1.43648,0.626961,0.626986,-0.951902,-0.944981,-1.896867,-2.7302,-3.580494,-3.976595,1.0,53.007206,51.56000305,1.0659186681153874,49.428165713769225,53.69184038623077,51.80038928185003,0.5543959285994333,0.006250286766663679
2014-06-19,0.680628,0.680628,-0.157068,-0.830737,-0.830749,-0.031417,0.00174,-0.891221,-1.637876,-2.567544,-2.983135,-1.0,52.566849,51.70586925,0.9874406832325269,49.730987883534944,53.680750616465055,51.873385445483365,0.543083261581927,-0.008342192668087209
2014-06-20,0.243267,0.382278,-0.347526,0.4363,0.436288,-0.288439,-0.331879,-1.092377,-1.804512,-2.709985,-3.219803,0.0,52.796192,51.84347855,0.9339793416989873,49.97551986660203,53.71143723339797,51.96127178400876,0.5463262459803815,0.004353392993080315
2014-06-23,-1.117027,0.051559,-1.632578,1.112076,1.112086,-0.931432,-1.295757,-1.854846,-2.570031,-3.444581,-4.044798,1.0,53.383331,52.011362600000005,0.8908001917075218,50.22976221658496,53.79296298341505,52.096705995055544,0.589478404742934,0.011059476778798781
2014-06-24,0.80112,1.219089,-0.208985,-1.323253,-1.323263,0.397085,-0.055721,-0.327403,-1.064951,-1.899678,-2.597228,-1.0,52.676929,52.115945550000006,0.8356359478611187,50.44467365427777,53.78721744572224,52.151965328859774,0.5602182168247865,-0.01332096387045563
2014-06-25,-0.538846,0.365032,-1.147228,0.191573,0.191579,0.118198,-0.201633,-0.303609,-1.073352,-1.822353,-2.614867,0.0,52.777847,52.21135475,0.7937352182123716,50.62388431357525,53.79882518642474,52.2115731070636,0.5389597537342183,0.0019139584689309482
2014-06-26,-0.087121,0.174252,-1.376548,-0.243351,-0.243354,0.393797,0.102808,0.027882,-0.686528,-1.354937,-2.201309,0.0,52.64941,52.28795709999999,0.7556110245655958,50.7767350508688,53.799179149131184,52.25327185877183,0.5059165846036109,-0.0024365058371858725
2014-06-27,-0.347639,0.295501,-0.50408,0.243945,0.243948,0.142533,-0.055624,-0.150646,-0.757865,-1.387797,-2.206384,0.0,52.777847,52.37786205,0.6964169747835053,50.985028100432984,53.77069599956701,52.303231396031656,0.4845083172265987,0.0024365058371857945
2014-06-30,-0.312392,0.277681,-0.416519,0.15644,0.156441,-0.211735,-0.081569,-0.283467,-0.715897,-1.327317,-2.1098,0.0,52.860413,52.48198670000001,0.5925474644013521,51.2968917711973,53.66708162880271,52.356296310695306,0.4688004574044129,0.0015631839602962955
2014-07-01,-0.729543,0.72955,-0.851134,-0.086774,0.611673,-0.627811,-0.593732,-0.881367,-1.114881,-1.731768,-2.466743,1.0,53.183746,52.590810450000006,0.5001034104552166,51.59060362908957,53.59101727091044,52.435101043010036,0.4769442201374119,0.0060981011123302726
2014-07-02,0.526591,0.895206,-0.263298,-1.042208,-1.042204,0.362369,0.381421,0.173949,0.073699,-0.563076,-1.227563,-1.0,52.629463,52.6682503,0.35191088541704635,51.96442852916591,53.372072070834086,52.453611705580514,0.4336730915648275,-0.010476727341601256
2014-07-03,0.315514,1.051714,-0.087641,0.140421,0.140414,0.242118,0.266571,0.080928,0.004643,-0.582132,-1.172913,0.0,52.703362,52.7058089,0.30892527318080226,52.0879583536384,53.3236594463616,52.47739744790618,0.400724143634001,0.0014031525713771459
2014-07-07,0.388214,0.56468,-0.476436,-0.666084,-0.666075,0.751719,0.854114,0.755068,0.68364,0.189378,-0.363263,-1.0,52.352318,52.71021945,0.3028572577339115,52.10450493453217,53.31593396546782,52.46548511953416,0.34233927396017805,-0.006683033350574351
2014-07-08,1.058106,1.27332,-0.233137,-1.605788,-1.605774,1.872297,2.136684,2.313862,2.21367,1.881425,1.358948,-1.0,51.511658,52.6519559,0.40459702647870316,51.84276184704259,53.461149952957406,52.374644441483284,0.2256336436008013,-0.01618806424418865
2014-07-09,-0.249909,0.178506,-0.73188,0.466288,0.466265,0.846132,1.483911,1.719852,1.607372,1.466141,0.963679,0.0,51.751839,52.58368370000001,0.43593430098238767,51.71181509803523,53.45555230196479,52.31532963753249,0.15078602273689512,0.004651816761817066
2014-07-10,-0.899928,0.449964,-1.079917,-0.821134,-0.821109,1.173489,2.041416,2.343749,2.330479,2.325376,1.829259,-1.0,51.3269,52.5230626,0.518843579183632,51.48537544163274,53.560749758367265,52.22119348157702,0.05652809729951258,-0.008244986529564022
2014-07-11,-0.913975,0.197134,-1.09319,0.431962,0.431943,0.290329,1.389004,1.771896,1.814741,1.853972,1.419191,0.0,51.548603,52.484076400000006,0.5617653385279718,51.36054572294406,53.60760707705595,52.15713724523635,-0.0002791901206578018,0.004310128976351561
2014-07-14,0.42636,0.977081,-0.159886,0.87814,0.878136,-0.717706,0.357082,0.784069,0.897004,0.947124,0.601826,1.0,52.00127,52.467723549999995,0.571218524231342,51.32528650153731,53.61016059846268,52.14229274569003,-0.008672954451320436,0.008743031167358873
2014-07-15,-0.549166,0.720781,-0.875239,3.517497,3.517476,-3.229772,-2.872811,-2.585159,-2.377423,-2.397301,-2.627559,1.0,53.830402,52.5506257,0.6420246944455865,51.26657631110882,53.834675088891174,52.303065055624316,0.13076323536882484,0.03457025913954101
2014-07-16,-0.340659,0.459889,-0.681312,0.755104,0.755133,-3.038669,-3.406578,-3.12351,-2.965268,-3.046235,-3.158851,1.0,54.236893,52.6286239,0.7447213875592311,51.13918112488154,54.11806667511846,52.48723914556486,0.27094456659123267,0.00752295904340759
2014-07-17,1.209817,1.72831,-0.172836,-1.447791,-1.447797,-0.819224,-1.833738,-1.616292,-1.498189,-1.553647,-1.588332,-1.0,53.451653,52.650846249999994,0.7630191000192926,51.12480804996141,54.17688445003858,52.579088084082485,0.31504532961059795,-0.014583796451050117
2014-07-18,0.171736,0.429332,-0.566715,0.639473,0.639484,-0.614816,-2.25486,-2.099658,-2.010078,-2.07025,-2.099565,1.0,53.793468,52.7121772,0.8041034238892644,51.103970352221474,54.320384047778525,52.69474331416987,0.373274242749865,0.006374484065211848
2014-07-21,-0.206049,0.291892,-0.583791,0.017177,0.017162,0.037774,-2.002058,-1.989468,-1.933355,-1.977441,-2.02104,0.0,53.8027,52.762502600000005,0.8403192558375473,51.08186408832491,54.4431411116751,52.80026299853464,0.4153778044088341,0.00017160462485348046
2014-07-22,-0.426112,0.22158,-0.511333,0.738317,0.73832,-0.559052,-2.224301,-2.543032,-2.576762,-2.54622,-2.64547,1.0,54.199936,52.803332850000004,0.8904179170711106,51.02249701585778,54.58416868414223,52.93356518915039,0.4753196170543674,0.007356075851019359
2014-07-23,-0.406783,0.322032,-0.813559,0.562471,0.562471,-1.016946,-2.2661,-2.926552,-2.953995,-2.95716,-3.105143,1.0,54.504795,52.89472615,0.9672527042220912,50.960220741555815,54.82923155844418,53.08320612351702,0.5411850643743108,0.005608951817320889
2014-07-24,-0.169001,0.304208,-0.304201,0.288132,0.288149,-0.858552,-1.936804,-2.95759,-3.060496,-3.114902,-3.254109,0.0,54.66185,52.9889263,1.04396941584078,50.90098746831844,55.076865131681565,53.23355315937255,0.5991503001449345,0.002877346067682508
2014-07-25,-0.152517,0.440607,-0.288083,-0.270407,-0.270412,-0.325373,-1.126934,-2.473032,-2.626627,-2.709327,-2.858139,0.0,54.514038,53.082157699999996,1.0941091830343082,50.89393933393138,55.270376066068614,53.35550409657516,0.625945464351048,-0.002707779034761817
2014-07-28,-0.422369,0.118262,-0.878528,0.305035,0.305028,-0.307484,-0.93766,-2.48578,-2.748776,-2.867359,-3.010169,0.0,54.680321,53.177281400000005,1.1476514634334718,50.88197847313306,55.47258432686695,53.48167713499657,0.6530702857165025,0.0030456358745660807
2014-07-29,0.835611,0.835611,-0.341064,-0.929211,-0.929217,0.617333,0.054577,-1.243742,-1.715547,-1.89807,-1.977414,-1.0,54.172222,53.24287185000001,1.1659293293760107,50.91101319124799,55.574730508752026,53.54744331261595,0.6263474160088975,-0.009335614515137675
2014-07-30,0.186726,0.628075,-0.50925,0.460438,0.460456,0.125607,-0.370067,-1.369333,-2.052296,-2.219477,-2.31983,0.0,54.421661,53.304767600000005,1.1951185613403217,50.91453047731936,55.69500472268065,53.63070213998586,0.6181711002435932,0.004593986913512892
2014-07-31,1.699331,1.751347,-0.017337,-2.104909,-2.10493,1.758292,1.739219,0.995329,0.114456,-0.079599,-0.202696,-1.0,53.276123,53.3371006,1.1845882004906334,50.96792419901873,55.70627700098127,53.59693269808244,0.5133385212224084,-0.021273997688272466
2014-08-01,1.611188,1.788247,-0.902973,-2.063461,-2.063459,3.006378,3.572952,3.203499,2.173342,1.989426,1.87505,-1.0,52.176792,53.310772099999994,1.205089263475839,50.90059357304832,55.72095062695167,53.46168120302697,0.3376588023742215,-0.020850458743423988
2014-08-04,0.458955,0.582521,-0.547223,0.300995,0.301013,1.800515,2.981451,2.936142,1.864945,1.649411,1.539864,0.0,52.333851,53.30984874999999,1.205869113266313,50.898110523467366,55.72158697653262,53.35426880273869,0.20869895652593584,0.003005610026439178
2014-08-05,0.660005,0.963248,-0.820555,-1.041485,-1.04149,1.951476,3.599709,3.756683,2.963781,2.636453,2.505892,-1.0,51.788799,53.323705800000006,1.1855389194295045,50.952627961141,55.694783638859015,53.2051764405731,0.06180377295219586,-0.010469517989090227
2014-08-06,-0.604661,0.818067,-0.71136,0.303245,0.303232,0.69003,2.793892,3.14898,2.67118,2.230845,2.149088,0.0,51.945839,53.3334058,1.1727255240803136,50.987954751839375,55.67885684816063,53.0852395414709,-0.0414619551805302,0.003027727729039195
2014-08-07,1.287786,1.395097,-0.411375,-0.569091,-0.569093,0.636747,2.799151,3.506836,3.290117,2.740127,2.660965,-1.0,51.650219,53.349571749999996,1.1455231730806867,51.05852540383862,55.64061809616137,52.94857091847367,-0.14547787374400656,-0.0057071824568671915
2014-08-08,-0.798724,0.035501,-1.242458,0.769093,0.769096,-0.181038,1.540651,2.493201,2.549703,1.905579,1.838877,1.0,52.047459,53.37451455,1.1090965923249925,51.15632136535002,55.592707734649984,52.86275073576189,-0.1936252985587572,0.007661539791412019
2014-08-11,0.390627,0.461651,-0.266339,-0.035499,-0.035496,-0.262784,1.067118,2.302323,2.588781,1.916907,1.827062,0.0,52.028984,53.375900249999994,1.1073064339487129,51.16128738210257,55.590513117897416,52.78334437997504,-0.23061487300269334,-0.00035502750980941913
2014-08-12,-0.212951,0.354926,-0.390412,0.053263,0.053266,-0.212957,0.606924,1.973384,2.363802,1.904528,1.721387,0.0,52.056698,53.28721505,1.139548494991054,51.00811806001789,55.56631203998211,52.714139962834565,-0.25475641568096563,0.0005325228239351829
2014-08-13,-0.052895,0.211564,-0.370245,0.656616,0.656623,-0.691125,-0.435482,1.04019,1.52062,1.289131,1.007866,1.0,52.398514,53.19529609999999,1.1330388611457765,50.92921837770844,55.46137382229155,52.684080347326514,-0.2435001495094582,0.006544761406612119
2014-08-14,-0.36855,0.0351,-0.491399,0.45839,0.458387,-0.768694,-1.010884,0.322917,0.980166,0.926637,0.547557,0.0,52.638702,53.154648550000005,1.137929741194876,50.87878906761025,55.43050803238976,52.679758599962085,-0.21274591077668958,0.00457339651208292
2014-08-15,0.86344,1.321586,-0.634363,-0.40365,-0.403654,-0.222026,-0.562114,0.464023,1.259031,1.402643,0.937445,0.0,52.426224,53.08628635,1.138601220556179,50.809083908887644,55.36348879111236,52.65561244758474,-0.2031760666324729,-0.004044704503419041
2014-08-18,-0.646512,0.349467,-0.821251,0.845815,0.845806,-0.740861,-1.294768,-0.6069,0.321519,0.617866,0.123487,1.0,52.869648,53.03963374999999,1.1267558556044055,50.786122038791184,55.2931454612088,52.67599678591,-0.1579900740222513,0.008422488230293831
2014-08-19,0.069487,0.277971,-0.382212,0.576622,0.576624,-0.889501,-1.600067,-1.301825,-0.350064,-0.008333,-0.3463,1.0,53.174507,52.988362300000006,1.0940343171550604,50.800293665689885,55.176430934310126,52.72347394915667,-0.09646824990857539,0.005749677384016977
2014-08-20,-0.381681,0.364329,-0.433727,0.138982,0.138988,-0.707841,-1.492019,-1.585703,-0.606346,-0.221371,-0.390929,0.0,53.248413,52.92554320000001,1.0369602362977421,50.851622727404525,54.99946367259549,52.77346814447508,-0.04127240195730053,0.0013889115592930375
2014-08-21,-1.435897,0.461538,-1.538465,1.492021,1.492031,-1.647873,-2.497445,-2.9379,-2.124795,-1.644452,-1.687758,1.0,54.042896,52.8945955,0.9906139742823624,50.91336755143528,54.875823448564724,52.894366035477454,0.0658201102775351,0.014810100260971328
2014-08-22,-0.08549,1.008719,-0.273551,-0.017091,-0.017088,-1.036087,-2.113194,-2.692211,-2.152518,-1.609861,-1.517652,0.0,54.033661,52.87057665,0.9544450846931662,50.961686480613665,54.77946681938633,53.002870317812935,0.14823771832160304,-0.00017089737643057146
2014-08-25,-0.606673,0.825753,-0.808896,1.453236,1.453222,-1.742495,-3.006399,-3.783841,-3.541452,-2.945058,-2.75699,1.0,54.81889,52.87750509999999,0.9686706355469374,50.940163828906115,54.81484637109387,53.17582457325932,0.27375995005617426,0.014427638371942776
2014-08-26,-0.28457,0.351522,-0.585877,0.674085,0.674085,-1.670569,-3.088382,-4.017409,-4.095246,-3.523267,-3.326079,1.0,55.188416,52.928314799999995,1.0622844803723408,50.80374583925531,55.05288376074468,53.36749994723462,0.3984616649472912,0.006718233602925051
2014-08-27,0.436311,0.60413,-0.10069,-0.251091,-0.251083,-0.768585,-2.362816,-3.399904,-3.796782,-3.240816,-3.03351,0.0,55.049847,52.959724099999995,1.1166586235073064,50.726406852985384,55.193041347014606,53.52772347606942,0.48056762772583284,-0.0025139923146553786
2014-08-28,0.15213,0.354968,-0.591614,-0.721598,-0.721608,0.175802,-1.284646,-2.331525,-2.971597,-2.538196,-2.255459,-1.0,54.652603,53.0285481,1.17792411055336,50.67269987889328,55.38439632110672,53.6348548593009,0.5077301270226897,-0.007242240009901988
2014-08-29,-0.185031,0.336419,-0.370061,0.490198,0.490198,0.010095,-1.312024,-2.459206,-3.195118,-2.984017,-2.663859,0.0,54.920509,53.16573395,1.2320335658165247,50.70166681836695,55.629801081633055,53.75729811079606,0.5445966079302238,0.004890005019670842
2014-09-02,-0.351934,0.067037,-0.871453,0.370054,0.370048,-0.24802,-1.266954,-2.444542,-3.298964,-3.309522,-2.942838,0.0,55.123741,53.30522845,1.2894881786241557,50.72625209275169,55.88420480724831,53.88743552881548,0.5834866131092795,0.003693645620886247
2014-09-03,0.536012,1.122275,-0.402013,0.050282,0.05029,-0.311561,-0.958123,-2.119486,-3.042714,-3.287102,-2.934114,0.0,55.151463,53.473361649999994,1.3005355935427323,50.87229046291453,56.07443283708546,54.00781909749972,0.6095180118893495,0.0005027784955895291
2014-09-04,-0.133978,0.720147,-0.468932,0.016747,0.016745,-0.288059,-0.62803,-1.802038,-2.767538,-3.249702,-2.910729,0.0,55.160698,53.6341046,1.3004751432018988,51.0331543135962,56.2350548864038,54.11761708821403,0.6237036033906591,0.0001674339426924329
2014-09-05,-0.484061,0.0,-1.151726,0.334954,0.334958,-0.37056,-0.724421,-1.803817,-2.758304,-3.423134,-3.193679,0.0,55.345463,53.8188668,1.2658194860085656,51.28722782798287,56.35050577201714,54.23455479409841,0.6424490257533364,0.0033439795664104107
2014-09-08,-0.083485,0.551014,-0.250454,-0.033385,-0.033394,-0.190344,-0.457498,-1.421486,-2.429444,-3.163122,-3.112362,0.0,55.326981,53.9828429,1.2363452096472807,51.51015248070544,56.45553331929456,54.33859538513666,0.6483399062283297,-0.0003339946151692002
2014-09-09,0.96512,1.049778,-0.474098,-1.385871,-1.385854,1.005745,0.893994,0.170438,-0.826288,-1.639021,-1.758109,-1.0,54.56023,54.109405200000005,1.152523341867735,51.804358516264536,56.414451883735474,54.35970344369507,0.5844014575266456,-0.013955462824608418
2014-09-10,-0.118202,0.57413,-0.506591,0.270911,0.270908,0.570746,0.533595,0.086676,-0.851915,-1.691328,-1.990888,0.0,54.708038,54.2419722,1.0520947828017293,52.137782634396544,56.346161765603455,54.39287816334316,0.5394383372330012,0.0027054165469884536
2014-09-11,-0.970546,0.133872,-1.32195,0.911849,0.911837,-0.321276,-0.346379,-0.581204,-1.493464,-2.343364,-2.829085,1.0,55.206886,54.382390799999996,0.9779015677981104,52.426587664403776,56.338193935596216,54.470402719215244,0.5378575183450138,0.009077046263847111
2014-09-12,-0.383142,0.633019,-0.466432,0.451809,0.45182,-0.729638,-0.64968,-0.858463,-1.682496,-2.508082,-3.135102,0.0,55.456322,54.523271799999996,0.9143725636397764,52.69452667272044,56.35201692727955,54.5642997935757,0.5503875831097531,0.004508028041737519
2014-09-15,-0.266934,0.083422,-0.817481,-0.149925,-0.149929,-0.563895,-0.418753,-0.548327,-1.268769,-2.121454,-2.797241,0.0,55.373177,54.670619450000004,0.7872660652335636,53.09608731953288,56.24515158046713,54.64133571799706,0.5472997126763204,-0.0015004130912524595
2014-09-16,-0.466749,0.350057,-0.616774,0.083422,0.083427,-0.33673,-0.448417,-0.558992,-1.121029,-1.958335,-2.69268,0.0,55.419373,54.79810570000001,0.6793204083974357,53.43946488320513,56.15674651679488,54.715434506759244,0.5423285582036641,0.0008339189354725599
2014-09-17,-0.596916,0.464266,-0.812471,0.533421,0.533416,-0.504065,-0.875479,-1.023604,-1.417678,-2.215887,-2.974082,0.0,55.714989,54.92512979999999,0.5916056623871024,53.74191847522579,56.1083411247742,54.810630172782176,0.5558352997626486,0.005319987299995268
2014-09-18,-1.272014,0.130466,-1.272014,1.674679,1.674673,-1.634045,-2.245592,-2.465751,-2.741352,-3.526415,-4.295495,1.0,56.648033,55.0951108,0.5725792676702169,53.949952264659565,56.240269335340436,54.9856209182315,0.6345140596762491,0.016608051828509815
2014-09-19,1.030929,1.210926,-0.212733,-0.342464,-0.342451,-0.942569,-1.713312,-1.917863,-2.193595,-2.924572,-3.682985,0.0,56.454041,55.21566805,0.5928498358789145,54.02996837824217,56.40136772175783,55.1254704498285,0.6734508879883094,-0.0034303913867175725
2014-09-22,0.049251,0.886556,-0.180596,-0.32728,-0.327291,-0.298796,-1.223111,-1.435997,-1.673779,-2.33262,-3.116618,0.0,56.269272,55.327448600000004,0.5685156304925066,54.19041733901499,56.464479860985016,55.234403930797214,0.6815428886545902,-0.003278277768106826
2014-09-23,-0.196913,0.754846,-0.278961,0.049251,0.049252,-0.036097,-0.963239,-1.345583,-1.590907,-2.137181,-2.911604,0.0,56.296986,55.401353400000005,0.5944091693383089,54.212535061323386,56.590171738676624,55.33560222310224,0.682326708109315,0.0004924033374185306
2014-09-24,-0.730165,0.016223,-0.989779,1.132265,1.132252,-0.726909,-1.680989,-2.241322,-2.539338,-2.968673,-3.713007,1.0,56.93441,55.4886531,0.6830896682049604,54.12247376359008,56.85483243640992,55.48786963042584,0.7260136469059333,0.011258904437839008
2014-09-25,2.227764,2.244386,0.0,-2.401426,-2.401418,1.326683,0.802994,0.212802,-0.094763,-0.414297,-1.153781,-1.0,55.567177,55.51451960000001,0.6753498935011373,54.16381981299773,56.865219387002284,55.49542271324243,0.6429006257704444,-0.02430721830494292
2014-09-26,-0.379787,0.528402,-0.396303,0.681628,0.681634,0.459042,0.208054,-0.394103,-0.655553,-0.952448,-1.62594,1.0,55.945942,55.57918655000001,0.6499166289775075,54.279353292044995,56.879019807955025,55.538329311981244,0.6006719553563684,0.006793217874154994
2014-09-29,-0.49727,0.28178,-0.994533,-0.379787,-0.379786,0.649752,0.654727,0.034251,-0.203886,-0.45285,-1.053103,0.0,55.733467,55.61983445,0.6317203817937155,54.35639368641257,56.88327521358743,55.55691385369732,0.5437919776204936,-0.0038050927788125023
2014-09-30,0.265604,0.830013,-0.182605,-0.14918,-0.149176,0.567721,0.846605,0.31429,-0.007479,-0.244366,-0.738721,0.0,55.650326,55.6461637,0.6208355409859772,54.40449261802805,56.887834781971954,55.56581024858329,0.4863985024414319,-0.0014928745592491042
2014-10-01,0.786351,1.054044,-0.066923,-0.780216,-0.780224,0.73616,1.549274,1.164466,0.784677,0.542079,0.165079,-1.0,55.216129,55.649397,0.6182867068772627,54.41282358624547,56.88597041375453,55.53250727252774,0.40125230391149813,-0.007832833113467443
2014-10-02,0.526856,1.104694,-0.390889,-1.555965,-0.892696,1.335081,2.112229,2.016768,1.652509,1.423823,1.157137,-1.0,54.723217,55.62752295,0.6437024396187863,54.34011807076243,56.91492782923757,55.45543200847747,0.2906490280956078,-0.008967040841360862
2014-10-03,-1.741292,0.149254,-2.072969,2.481304,2.481296,-1.070275,-0.426638,-0.379014,-0.743137,-0.929984,-1.170954,1.0,56.081062,55.664302899999996,0.647740540351951,54.368821819296095,56.9597839807039,55.5150158171939,0.30899991994246534,0.024510117988655482
2014-10-06,0.997007,1.030241,-0.299103,-0.199003,-0.199001,-0.788682,-0.281658,-0.109347,-0.487825,-0.657474,-0.858602,0.0,55.96946,55.69642685,0.6460602942728351,54.40430626145433,56.98854743854567,55.55829621555638,0.3109533090539074,-0.0019919949485549308
2014-10-07,1.096673,1.096673,-0.134977,-1.51213,-1.512141,0.543284,1.036422,1.388502,1.0911,0.867744,0.68197,-1.0,55.123123,55.7245715,0.6049086824900302,54.51475413501994,56.934388864980065,55.516851147408154,0.24142605198675682,-0.015236901530319385
2014-10-08,-1.721856,0.049666,-2.019871,1.906533,1.906556,-0.996702,-0.989207,-0.453877,-0.669709,-0.946559,-1.143187,1.0,56.174076,55.7978734,0.5625892367536786,54.672694926492646,56.923051873507355,55.57944399051215,0.2680385422961251,0.018886086037304062
2014-10-09,2.115775,2.115775,-0.321603,-2.18543,-2.185424,1.29653,1.109971,1.563779,1.52588,1.250947,1.05925,-1.0,54.946434,55.7848508,0.579742116880156,54.62536656623969,56.94433503376031,55.51915732474908,0.18790265815336937,-0.0220965859535645
2014-10-10,0.871495,2.221463,-0.017092,-0.947871,-0.94789,1.65756,1.798212,2.287239,2.402753,2.152274,2.012445,-1.0,54.425602,55.7333148,0.6518162665547013,54.4296822668906,57.0369473331094,55.4150091985825,0.08142894085458607,-0.009524115231732603
2014-10-13,0.584594,1.702204,-0.085968,-0.615174,-0.615174,1.592166,2.124635,2.651881,2.918067,2.693162,2.592752,-1.0,54.09079,55.66919545,0.7454559581151615,54.17828353376967,57.16010736623032,55.28889308443179,-0.029627252936251125,-0.006170737088521988
2014-10-14,-2.241771,0.913947,-3.328162,-0.292294,-0.292301,1.448537,2.105542,2.66056,3.081951,2.947672,2.819897,0.0,53.932682,55.59486089999999,0.839829002749687,53.91520289450062,57.27451890549937,55.15973012400972,-0.12891206285287637,-0.0029272918186292853
2014-10-15,2.683236,3.331536,-2.287054,-4.242116,-4.242111,4.188734,5.937338,6.525641,7.254464,7.271038,7.148525,-1.0,51.644798,55.39135135,1.217443087139543,52.956465175720915,57.82623752427909,54.82497468362784,-0.38773948870946384,-0.04334716511223572
2014-10-16,-0.599132,1.633983,-1.452438,-0.810367,-0.810362,3.587502,6.120185,6.831008,7.601519,7.8366,7.767895,-1.0,51.226288,55.1202641,1.494902280486446,52.13045953902711,58.11006866097289,54.48224261852043,-0.6194912384408582,-0.008136636351769696
2014-10-17,-0.836301,1.032025,-1.120998,2.033404,2.033403,0.697505,3.2758,4.232871,5.056702,5.443541,5.423944,1.0,52.267925,54.91095829999999,1.588455438137276,51.734047423725436,58.087869176274545,54.27135522628039,-0.710909843063007,0.020130056431966893
2014-10-20,-0.935905,0.2119,-0.988877,0.765125,0.765116,-0.607447,1.864744,3.053378,3.917099,4.437438,4.455157,1.0,52.667835,54.73088645,1.6299611152636047,51.47096421947279,57.99080868052721,54.11863901425368,-0.7425309168488639,0.0076220334436141735
2014-10-21,-1.208355,0.138094,-1.467285,2.295601,2.295598,-2.858615,-0.652499,0.52133,1.360517,1.979255,2.068817,1.0,53.876877,54.609880999999994,1.5970780798521578,51.41572484029568,57.80403715970431,54.09561406051524,-0.6623955767454959,0.022696460067099206
2014-10-22,1.02698,1.409916,-0.01741,-0.828584,-0.828576,-1.378591,-0.335944,1.138382,1.879485,2.660263,2.841898,-1.0,53.430466,54.4346838,1.5189368332101587,51.396810133579685,57.47255746642032,54.03226662618045,-0.6276739447357826,-0.008320280100629336
2014-10-23,0.103338,0.930067,-0.206686,1.061793,1.061801,-1.388228,-1.558741,-0.013785,0.663774,1.385346,1.686757,1.0,53.997791,54.3562145,1.4977421394985329,51.36073022100293,57.35169877899707,54.02898323321089,-0.5480607123095211,0.010562030696556552
2014-10-24,-1.259792,0.068092,-1.259792,1.171204,1.171211,-1.664978,-2.660893,-1.348328,-0.621983,0.078116,0.459172,1.0,54.630219,54.29042834999999,1.4524514196657246,51.38552551066854,57.19533118933144,54.086243782428895,-0.4289898696700405,0.011644052865835955
2014-10-27,-0.324008,0.255802,-0.665073,-0.170247,-0.170254,-0.811733,-2.413031,-1.355163,-0.562173,0.121757,0.579404,0.0,54.537209,54.23061545,1.4140214374721043,51.40257257505579,57.05865832494421,54.129192850768995,-0.33823157564002315,-0.001703988528613877
2014-10-28,-1.27453,0.100617,-1.375147,1.688271,1.688268,-1.888309,-3.758177,-2.952653,-2.230423,-1.601021,-1.088135,1.0,55.457943,54.22099629999999,1.404477430356892,51.412041439286206,57.02995116071377,54.25574048402909,-0.18982129313057783,0.016741747047983837
2014-10-29,0.556583,0.826443,-0.893916,-0.570183,-0.570191,-0.705,-2.572098,-2.520937,-1.6765,-1.166783,-0.555569,-1.0,55.141727,54.2172762,1.4017988320216703,51.41367853595666,57.02087386404334,54.3401201522168,-0.09660743312311837,-0.005718224324499017
2014-10-30,-0.757703,0.488299,-0.791381,0.168659,0.168654,-0.4243,-2.010428,-2.650267,-1.795744,-1.357265,-0.808295,0.0,55.234726,54.24285165,1.4161085535488571,51.41063454290229,57.07506875709771,54.42532070914854,-0.015056968067440835,0.0016851243082978912
2014-10-31,-0.59524,0.099208,-1.0086,1.835328,1.835331,-1.643515,-3.068777,-4.188707,-3.550753,-3.113544,-2.608163,1.0,56.248466,54.25122185,1.4279904116287354,51.39524102674253,57.10720267325747,54.59895359399153,0.1298755839627077,0.01818691991241388
2014-11-03,-0.147832,0.443497,-0.854139,0.661377,0.661389,-1.553885,-3.007561,-4.520374,-4.126976,-3.687465,-3.227393,1.0,56.620487,54.2837732,1.475838011748637,51.33209717650273,57.23544922349727,54.791480585039956,0.2716235539696612,0.00659211124619749
2014-11-04,-0.016594,0.199168,-1.377597,-1.034824,-1.03483,-0.318674,-1.608296,-3.271921,-3.04315,-2.652944,-2.2311,-1.0,56.034561,54.3293451,1.5166284070091987,51.2960882859816,57.3626019140184,54.909869195988534,0.3328436950979565,-0.010402219763671209
2014-11-05,-0.572368,0.130823,-1.24285,1.493779,1.493785,-1.177441,-2.451354,-4.082863,-4.408837,-3.969262,-3.673744,1.0,56.871597,54.36422114999999,1.5684178858153572,51.22738537836928,57.501056921630706,55.0967004154182,0.4437872051546279,0.014827381429936889
2014-11-06,-0.244975,0.130657,-0.97991,0.130823,0.130812,-0.705531,-2.061074,-3.538564,-4.358152,-3.938585,-3.718877,0.0,56.945992,54.464199050000005,1.6680498530951047,51.128099343809794,57.800298756190216,55.272823423473604,0.5315859984451237,0.001307267378414813
2014-11-07,-0.650726,0.130142,-0.992354,0.391966,0.391973,-0.771109,-1.999352,-3.343639,-4.491624,-4.237515,-4.023476,0.0,57.169205,54.6013792,1.7741508795089904,51.053077440982015,58.14968095901798,55.45343119266659,0.6121224319525567,0.003912069392059081
2014-11-10,-1.098014,0.0,-1.178749,0.748331,0.748329,-1.169061,-2.196028,-3.491037,-4.896657,-4.835781,-4.628511,1.0,57.597019,54.77669065,1.8904620698341916,50.99576651033161,58.557614789668385,55.65758241241263,0.7023726356184596,0.007455433605874129
2014-11-11,0.554017,0.84732,-0.130354,-0.904248,-0.904248,0.09777,-1.020042,-2.236703,-3.75346,-3.830533,-3.674974,-1.0,57.076199,54.9338665,1.9464460597408724,51.04097438051826,58.826758619481744,55.79268875408762,0.7235303434978135,-0.009083613248817774
2014-11-12,-0.231181,0.46235,-0.544916,-1.31986,-1.319855,1.241737,0.513533,-0.586751,-2.050864,-2.533691,-2.321119,-1.0,56.322876,55.16777040000001,1.806443847523126,51.554882704953755,58.78065809504626,55.84318277750785,0.6717673927651262,-0.013286423754642552
2014-11-13,0.448282,0.664123,-0.398469,-0.544916,-0.544914,1.464382,1.203713,0.198124,-1.086674,-1.9233,-1.70901,-1.0,56.015965,55.407254249999994,1.5566267238820661,52.294000802235864,58.520507697764124,55.859638227269,0.5990739767464817,-0.005464036496270789
2014-11-14,-0.049766,0.564035,-0.165891,0.083013,0.083014,0.985399,1.086593,0.28533,-0.830297,-1.887861,-1.791643,0.0,56.062466,55.5969813,1.3744402807185374,52.84810073856293,58.34586186143708,55.87895515800529,0.5390028732931569,0.0008297939621981328
2014-11-17,-0.629349,0.248423,-0.81153,0.165896,0.165897,0.304732,0.836362,0.311352,-0.68401,-1.903288,-1.943256,0.0,56.155472,55.77136314999999,1.1924426245265185,53.38647790094696,58.15624839905303,55.90529009533812,0.4932154176155521,0.0016575963335821427
2014-11-18,-0.297375,0.479103,-0.545181,0.248423,0.24841,-0.221367,0.632753,0.16191,-0.71534,-1.978516,-2.116849,0.0,56.294968,55.892267700000005,1.109983283543023,53.67230113291396,58.11223426708605,55.942402276734484,0.46284925242524366,0.00248102313437534
2014-11-19,-0.24752,0.313536,-0.742568,0.115643,0.115636,-0.323417,0.425758,0.190334,-0.570115,-1.75708,-2.218906,0.0,56.360065,56.03874764999999,0.9497488336640648,54.13924998267186,57.93824531732812,55.982179678950246,0.4389763850832509,0.0011556875092366093
2014-11-20,0.133071,0.216236,-0.615434,-0.792078,-0.792063,0.435793,1.042914,1.07119,0.395043,-0.637392,-1.380573,-1.0,55.913658,56.134541,0.8209445826912612,54.492651834617476,57.77643016538252,55.97565380476451,0.3796591769368689,-0.007952160853269018
2014-11-21,1.025639,1.025639,-0.248142,0.548906,0.548909,-0.056253,0.322574,0.516123,-0.011587,-0.898601,-1.812524,0.0,56.220573,56.214058699999995,0.7406613574589881,54.732735985082016,57.695381414917975,55.99897944240599,0.35334222836706175,0.005474078052143053
2014-11-24,-0.426506,0.57415,-0.426506,0.843669,0.84367,-0.702106,-0.675856,-0.316058,-0.657813,-1.443573,-2.480866,1.0,56.694889,56.3219427,0.6328548263774365,55.05623304724513,57.58765235275487,56.06525654312923,0.3665340181956509,0.00840130804837806
2014-11-25,1.426204,1.426204,-0.580428,-1.082677,-1.082685,0.30846,0.233835,0.780546,0.485078,-0.207624,-1.28579,-1.0,56.081062,56.35309865000001,0.6027006571188999,55.14769733576221,57.558499964237804,56.06676182473597,0.3237261838084109,-0.010885885797726978
2014-11-26,0.381173,0.381173,-0.232017,0.066337,0.066341,0.155783,0.130923,0.624238,0.505466,-0.082203,-1.085518,0.0,56.118267,56.401925649999995,0.5351712303738649,55.331583189252264,57.47226811074773,56.071667079523024,0.28946601517102266,0.0006631947213098119
2014-11-28,0.398939,0.664895,-0.216092,-0.29831,-0.298313,0.468752,0.418883,0.806739,0.87018,0.356384,-0.508089,0.0,55.950859,56.43773230000001,0.47335423736937965,55.49102382526125,57.38444077473876,56.060161548139874,0.2459707603676975,-0.002987586867039638
2014-12-01,-0.033333,0.349998,-0.750002,-0.265957,-0.265967,0.586676,0.640009,0.912232,1.099177,0.70801,-0.031657,0.0,55.802048,56.4154114,0.4928717561442669,55.42966788771147,57.40115491228854,56.03557930545988,0.19721923298198618,-0.002663216411117441
2014-12-02,-1.751807,0.180087,-1.768176,1.800003,1.800013,-1.152591,-1.02489,-0.964857,-0.672072,-0.912904,-1.556431,1.0,56.806492,56.424711650000006,0.4986659536397673,55.42737974272047,57.422043557279544,56.10899956208275,0.23690266613583333,0.017840043747783824
2014-12-03,-0.94248,0.129993,-1.18622,0.753109,0.753108,-1.488463,-1.600586,-1.686707,-1.309716,-1.529412,-2.096738,1.0,57.234306,56.4846989,0.5209274629611212,55.44284397407775,57.52655382592224,56.21617160378916,0.2994215420696378,0.007502858878721069
2014-12-04,-0.45618,0.309545,-0.879767,-0.259993,-0.259989,-0.892804,-1.217012,-1.341374,-1.033728,-1.136531,-1.628112,0.0,57.085503,56.49539420000001,0.5313800626980418,55.432634074603925,57.55815432539609,56.29896507009495,0.3331210312819408,-0.0026032773381756058
2014-12-05,-1.100483,0.574163,-1.307815,2.150538,2.150537,-2.169062,-2.88517,-3.155771,-3.000003,-3.006701,-3.452422,1.0,58.313148,56.563752,0.6638272355007769,55.23609752899845,57.89140647100155,56.490792015800196,0.4536593087983434,0.021277394574977113
2014-12-08,-0.111696,0.781877,-0.654221,-0.047852,-0.047852,-1.270142,-2.48444,-2.855166,-2.857825,-2.820486,-3.197169,0.0,58.285244,56.61955395,0.7576747528714882,55.10420444425702,58.13490345574297,56.661692204771605,0.5407022634473932,-0.0004786343971658292
2014-12-09,-0.960773,0.640508,-1.42514,-0.35104,-0.351041,-0.483588,-1.902324,-2.29197,-2.473981,-2.377584,-2.652792,0.0,58.080639,56.643734949999995,0.7971986074861928,55.049337735027606,58.238132164972384,56.796829994793356,0.5864146949992417,-0.0035165841667118554
2014-12-10,2.439024,2.570867,-0.510878,-2.834269,-2.83428,2.135805,1.021763,0.574608,0.313953,0.498363,0.244462,-1.0,56.434471,56.611648550000005,0.7917722386722249,55.02810407265556,58.19519302734445,56.762319614336846,0.484228244562658,-0.028752212774141056
2014-12-11,0.049066,1.504747,-0.049064,0.758074,0.758074,1.288854,0.392551,-0.123204,-0.393349,-0.258412,-0.408887,1.0,56.862286,56.63861905,0.7906041550283107,55.05741073994338,58.21982736005663,56.771840222495236,0.4327770569606315,0.007552149676549917
2014-12-12,0.816119,1.965356,-0.133248,-1.799146,-1.799122,2.258477,2.211842,1.697741,1.415706,1.489657,1.451794,-1.0,55.839264,56.62978400000001,0.798872657556015,55.03203868488798,58.22752931511204,56.68302343940045,0.30592577257773,-0.018155031573048982
2014-12-15,2.670727,2.789048,-0.625421,-1.465691,-1.465707,2.592969,3.590266,3.065135,2.829616,2.843139,2.886524,-1.0,55.020824,56.5777019,0.868707588210916,54.84028672357817,58.315117076421835,56.52471873088612,0.1377658686016332,-0.014765546094982014
2014-12-16,-0.017118,2.447375,-0.547662,-1.233942,-1.233933,2.498709,4.430936,4.064114,3.94745,3.888406,4.032168,-1.0,54.341904,56.48702350000001,0.9998543925347153,54.48731471493058,58.486732285069436,56.31683161365888,-0.04971218572268299,-0.0124160897265843
2014-12-17,-2.007696,0.100388,-2.392505,2.293342,2.293335,-0.103729,1.793542,1.671964,1.553454,1.452234,1.67308,1.0,55.588146,56.451682399999996,1.0193027259922665,54.413076948015465,58.490287851984526,56.24743298378661,-0.09661486434460897,0.0226743350571026
2014-12-18,-1.3663,0.0,-1.691609,2.860967,2.860961,-2.771624,-1.021465,-1.032309,-1.199571,-1.309688,-1.136949,1.0,57.178501,56.4926042,1.0317833960801874,54.42903740783963,58.556170992160375,56.33610612818788,-0.00539502720400975,0.0282079940035533
2014-12-19,-0.855802,0.678182,-0.904248,0.731945,0.73195,-2.867753,-1.865008,-1.560901,-1.771353,-1.917002,-1.817642,1.0,57.597019,56.57677225,1.0505595172713114,54.47565321545738,58.67789128454262,56.45619306836046,0.09952103924181444,0.007292841799782764
2014-12-22,0.355184,0.629646,-0.53277,0.016146,0.016141,-1.985787,-1.998703,-1.367984,-1.666929,-1.825631,-1.808195,0.0,57.606316,56.6460594,1.0713223243808387,54.503414751238324,58.78870404876167,56.565728585659464,0.18132773472794383,0.00016140157783060767
2014-12-23,-0.688222,0.784253,-0.880282,0.871813,0.871814,-1.536491,-2.840907,-2.071059,-2.395163,-2.53969,-2.627503,1.0,58.108536,56.716741750000004,1.1202310033226375,54.47627974335473,58.95720375664528,56.712662625120466,0.28341802053925846,0.008680357703105237
2014-12-24,0.416136,0.624198,-0.336108,0.0,0.0,-0.669014,-2.552814,-1.970761,-2.220707,-2.41485,-2.568285,0.0,58.108536,56.81811545000001,1.1509927628845382,54.51612992423093,59.120100975769084,56.84560294653757,0.3601734522086488,0.0
2014-12-26,0.191845,0.543565,-0.223819,0.112034,0.112033,-0.438048,-2.436445,-1.955764,-2.153472,-2.399355,-2.57127,0.0,58.173637,56.92088395,1.176688618466454,54.56750671306709,59.274261186932904,56.97208238020065,0.4213981755711771,0.0011197074344606762
2014-12-29,-0.857689,0.603559,-1.127699,0.655476,0.655482,-0.759217,-2.608007,-2.566711,-2.568299,-2.854512,-3.061204,1.0,58.554955,57.05108875,1.207378630398289,54.63633148920342,59.465846010796575,57.12283215351487,0.4949825351791901,0.006533435379802438
2014-12-30,-0.68092,0.205854,-0.918451,0.301784,0.301781,-0.674589,-2.269205,-2.809189,-2.612038,-2.975775,-3.201376,0.0,58.731663,57.1975695,1.2254450276037896,54.74667944479242,59.64845955520758,57.2760541388944,0.5610896370352805,0.003013270170447578
2014-12-31,1.150522,1.454139,0.0,-0.902613,-0.902615,0.262063,-0.715886,-1.91009,-1.605146,-1.988496,-2.202515,-1.0,58.201542,57.267322,1.2416098578378718,54.784102284324256,59.750541715675745,57.364195839952075,0.5641999118566048,-0.00906713592424205
2015-01-02,-0.496083,0.752116,-0.672111,-0.143816,0.498559,-0.104304,-0.712014,-2.162224,-1.985784,-2.309863,-2.562487,0.0,58.491711,57.330192249999996,1.2713294066259802,54.787533436748035,59.87285106325196,57.47157823614711,0.5833544928492955,0.0049732026590442735
2015-01-05,2.49381,2.857143,-0.528487,-3.104501,-3.104496,2.567768,2.380445,0.950531,1.118415,0.859445,0.577947,-1.0,56.675838,57.309709,1.2787577468552411,54.752193506289515,59.86722449371048,57.39579345175215,0.44685776293930246,-0.03153706954566187
2015-01-06,2.814512,3.001017,-1.068162,-2.592897,-2.592911,4.084904,4.672689,3.561328,3.528732,3.490307,3.212554,-1.0,55.206284,57.154365799999994,1.3377924242234276,54.47878095155314,59.82995064844685,57.18726874206147,0.21759410545495683,-0.026271194961740723
2015-01-07,1.388182,1.388182,-0.677166,0.152594,0.152604,2.681563,4.094358,3.43605,3.100168,3.295611,2.999217,0.0,55.290531,57.004630150000004,1.3717192860885667,54.26119157782287,59.74806872217714,57.00662705234133,0.04221243528397167,0.0015248768269857367
2015-01-08,-0.695476,0.844516,-0.695476,2.234635,2.234636,-0.155655,1.53912,1.432754,0.709104,1.017941,0.737914,1.0,56.526073,56.92690185,1.3514329690104383,54.22403591197912,59.62976778802088,56.960859999737394,0.002885845431684686,0.02210033652446016
2015-01-09,2.325583,2.443547,-0.084259,-1.738697,-1.738706,0.549382,2.873972,3.222189,2.410896,2.683642,2.488167,-1.0,55.543251,56.882340850000006,1.3828524715447847,54.11663590691044,59.64804579308957,56.825849618810025,-0.10636022747745244,-0.01753998617964642
2015-01-12,0.764911,0.968893,-0.951899,-0.859451,-0.859446,0.836304,3.201413,3.86125,3.135578,3.427097,3.312929,-1.0,55.065887,56.7925209,1.4413277527646782,53.90986539447064,59.675176405529356,56.658234131304305,-0.22882011676549752,-0.008631600832319541
2015-01-13,0.713797,1.461592,-0.798778,0.016995,0.016994,0.771585,2.552068,3.538351,3.048693,3.174361,3.242379,0.0,55.075245,56.75431995,1.4775912061012806,53.79913753779744,59.709502362202564,56.50747326165627,-0.32141033068900526,0.00016992743496625486
2015-01-14,3.573313,3.573313,-2.710792,-3.450032,-3.450029,3.576831,5.171621,6.682551,6.557393,6.476702,6.766878,-1.0,53.175133,56.6620354,1.640241989938944,53.381551420122115,59.942519379877886,56.190107522450916,-0.5418656113334706,-0.03510947889932143
2015-01-15,1.345696,2.945988,-0.891075,-3.20366,-3.20367,5.040921,7.344978,9.353798,9.805299,9.487155,9.955052,-1.0,51.471577,56.518519049999995,1.9502144519073328,52.61809014618533,60.41894795381466,55.740723663169874,-0.8443080835041101,-0.03256110985593985
2015-01-16,-2.270696,0.125156,-2.306456,1.709398,1.709409,2.05614,4.367958,6.782776,7.650691,7.335055,7.796156,1.0,52.351437,56.35668360000001,2.1550254156746167,52.04663276865078,60.66673443134924,55.4179344571537,-1.0014544296947392,0.016949634393941315
2015-01-20,0.592357,1.220607,-0.520555,-0.393351,-0.393345,1.339073,3.911321,6.43378,7.593212,7.397104,7.906059,0.0,52.145515,56.1050343,2.3399343899567175,51.425165520086566,60.784903079913434,55.106275461234304,-1.1295890265142319,-0.003941210965679919
2015-01-21,-0.787257,0.94829,-1.25246,0.323102,0.323096,-0.04294,3.023798,5.295684,6.741768,6.781679,7.176289,0.0,52.313995,55.8408831,2.4578660999096997,50.9251509001806,60.7566152998194,54.840343988735796,-1.203666570728771,0.0032257502661594533
2015-01-22,-2.101057,0.243098,-2.830354,3.041691,3.041689,-2.722694,-0.274352,1.590555,3.24756,3.546807,3.741704,1.0,53.905224,55.655828500000005,2.4572784288828644,50.741271642234274,60.57038535776574,54.75128494218953,-1.1210518880395526,0.029963467344105987
2015-01-23,1.834864,2.099504,-0.035286,-1.580135,-1.580136,-0.564571,0.672196,2.57469,4.428791,5.112113,5.091426,-1.0,53.053448,55.40307409999999,2.451691604155489,50.49969089168901,60.30645730831097,54.58958618579052,-1.111497707721341,-0.01592753520576994
2015-01-26,-0.634138,0.387532,-1.00405,0.158786,0.158783,-0.426277,0.059895,1.74036,3.795505,4.761016,4.718015,0.0,53.137688,55.15453169999999,2.4146703633983218,50.32519097320335,59.98387242679664,54.451310168096185,-1.0846255982672304,0.0015865734343561123
2015-01-27,-0.266907,0.729537,-0.782923,-1.00405,-1.004041,0.758,0.606755,2.256221,4.318848,5.475696,5.510269,-1.0,52.604164,54.876058050000005,2.3688821862179887,50.13829367756403,59.61382242243598,54.27539148542036,-1.0937718646690797,-0.010091151561212078
2015-01-28,3.415523,3.525114,0.0,-2.580073,-2.580075,3.010044,2.524199,4.449313,6.368615,7.773475,8.005903,-1.0,51.246937,54.51065715,2.334933042022652,49.8407910659547,59.1805232340453,53.986967248713654,-1.1967419267825647,-0.02613942972968937
2015-01-29,-0.718516,0.395188,-1.778333,1.680362,1.680368,0.617924,0.625108,2.316025,3.975207,5.570348,6.034672,1.0,52.108074,54.17947769999999,2.1685339790638656,49.84240974187226,58.516545658127725,53.80802503455045,-1.195083702777083,0.016664057582927556
2015-01-30,1.121738,2.059579,-0.018393,-2.317221,-2.317226,2.15888,2.89996,4.006371,5.724527,7.508252,8.324662,-1.0,50.900612,53.8144312,2.06801497565066,49.678401248698684,57.95046115130132,53.53112855506946,-1.2764870919149374,-0.023444960901903972
2015-02-02,-1.694613,0.324502,-2.163333,2.004413,2.004408,-0.317285,0.795026,1.497508,3.014243,4.918992,5.960619,1.0,51.920868,53.485889050000004,1.7889554321941972,49.90797818561161,57.0637999143884,53.3777704069676,-1.2443298715310291,0.019845843223991848
2015-02-03,-1.428069,0.105779,-1.498593,2.25347,2.25347,-2.330745,-1.248235,-0.987304,0.406383,2.223833,3.368809,1.0,53.090889,53.3066416,1.6245570570146954,50.05752748597061,56.55575571402939,53.350448368208774,-1.1116200621529657,0.022284541321302472
2015-02-04,-0.106422,1.223836,-0.177371,-0.599436,-0.599442,-1.163526,-0.565796,-0.681085,0.781313,2.402019,3.687454,-1.0,52.77264,53.184959400000004,1.5648257394728176,50.05530792105437,56.314610878945636,53.295418999807936,-1.020364489994627,-0.006012457013689086
2015-02-05,0.158536,0.475605,-0.546065,0.691733,0.691737,-1.454991,-1.393337,-1.368089,-0.113612,1.27744,2.694819,1.0,53.137688,53.07731725,1.4843389185410194,50.10863941291796,56.04599508708204,53.28039699982622,-0.908119235568634,0.0068935570782724265
2015-02-06,-0.241836,1.45103,-0.604591,1.972871,1.972867,-2.148898,-3.092062,-2.942352,-2.262039,-0.978397,0.466685,1.0,54.186024,52.960314800000006,1.2757557398002426,50.40880332039952,55.51182627960049,53.36664719031896,-0.726200916738371,0.019536583745743054
2015-02-09,-0.691806,0.484258,-1.020408,-0.120917,-0.120906,-1.217579,-2.793154,-2.606944,-2.275167,-1.181601,0.342676,0.0,54.12051,52.88917775,1.1584196434482887,50.57233846310342,55.20601703689658,53.43844364838382,-0.5806227134754778,-0.0012097886539414854
2015-02-10,-0.068425,0.427643,-0.701334,1.106882,1.106865,-1.703721,-3.470737,-3.359549,-3.376654,-2.406418,-0.966235,1.0,54.719551,52.871860950000006,1.1263118895956399,50.619237170808724,55.12448472919129,53.56045387234727,-0.4121621871187955,0.01100784110976136
2015-02-11,-0.531091,0.496832,-0.907999,-0.153951,-0.153934,-0.870317,-2.701735,-2.927307,-3.267949,-2.297759,-1.052692,0.0,54.635319,52.84986465000001,1.0845371862370126,50.680790277525986,55.01893902247403,53.662821979742766,-0.28219980108870146,-0.0015405261175551485
2015-02-12,-1.074366,0.235016,-1.712273,2.055852,2.055846,-1.927147,-4.007051,-4.661182,-4.984891,-4.23233,-3.223657,1.0,55.758537,52.979034850000005,1.2642674972420216,50.450499855515964,55.507569844484046,53.862413886433934,-0.0875600308247968,0.02034998690814392
2015-02-13,-0.351934,0.921741,-0.553038,0.167866,0.16787,-1.49489,-3.281383,-4.4869,-4.751968,-4.441092,-3.526059,0.0,55.852139,53.19806294999999,1.364819361529282,50.46842422694143,55.92770167305856,54.05191151629737,0.07340017699820578,0.001677295135178019
2015-02-17,-1.231276,0.066557,-1.297834,0.72063,0.720619,-1.440925,-3.202987,-4.800877,-5.086512,-5.074199,-4.348852,1.0,56.25462,53.3932221,1.5088498499923413,50.37552240001532,56.410921799984685,54.26169327665001,0.23077887911596662,0.007180347248064905
2015-02-18,1.229576,1.229576,-0.421088,-1.214641,-1.214622,0.077471,-1.566459,-3.27439,-3.61126,-3.87065,-3.239018,-1.0,55.571339,53.5645133,1.5535449487059103,50.457423402588184,56.67160319741182,54.38642144077858,0.2969445758849716,-0.012220588308464118
2015-02-19,-0.135063,0.422083,-0.725985,-0.235808,-0.235818,0.604422,-0.852611,-2.541506,-3.10147,-3.617086,-2.99623,0.0,55.440292,53.72082815,1.5781834879558312,50.56446117408834,56.87719512591166,54.48679006546633,0.3349459214916237,-0.0023609609135968644
2015-02-20,-1.404682,0.150502,-2.424751,0.962348,0.962347,-0.27759,-1.290969,-3.010032,-3.840299,-4.335784,-3.880153,1.0,55.97382,53.82425795,1.6567345066914492,50.510788936617104,57.1377269633829,54.62841196399335,0.4034626461521995,0.009577459599909714
2015-02-23,0.252741,0.303287,-0.926704,-0.75251,-0.752509,0.370684,-0.296544,-1.716371,-2.886265,-3.316594,-3.20977,-1.0,55.552612,53.949216150000005,1.6894624494786419,50.57029125104272,57.32814104895729,54.71643101504161,0.41894533759678865,-0.007553545740683237
2015-02-24,-0.937192,0.707004,-1.216702,2.476836,2.476848,-1.81849,-2.213101,-3.505439,-4.900538,-5.33181,-5.468059,1.0,56.928566,54.138760049999995,1.8024952556427538,50.53376953871449,57.7437505612855,54.9271105374186,0.5360640578158069,0.0244667181350901
2015-02-25,-0.621526,0.212628,-0.637879,0.526141,0.526131,-1.753352,-2.286556,-3.528516,-4.994277,-5.472032,-5.836878,0.0,57.228085,54.3699561,1.8897327174550889,50.590490665089824,58.14942153491018,55.14625096242635,0.6456080003484743,0.005247520572546106
2015-02-26,-0.893152,0.194867,-1.088019,0.719665,0.719657,-1.692105,-2.46346,-3.654866,-5.118544,-5.777849,-6.361371,1.0,57.639931,54.6896058,1.8742952929518553,50.94101521409629,58.438196385903716,55.383744299338126,0.7569294823857646,0.007170799655340429
2015-02-27,-0.244775,1.044385,-0.244775,-0.487176,-0.487169,-0.727805,-1.706919,-2.69256,-4.196313,-5.075718,-5.659813,0.0,57.359127,54.95215845,1.8613808284350681,51.229396793129865,58.67492010687013,55.57187598511544,0.813120871647051,-0.0048835975349747285
2015-03-02,-0.793267,0.097138,-1.197994,0.79961,0.799616,-0.731751,-2.14668,-3.045715,-4.358111,-5.499117,-6.042315,1.0,57.81778,55.298016849999996,1.70501475152059,51.887987346958816,58.708046353041176,55.785771605580635,0.8844668333572159,0.007964364321795188
2015-03-03,-0.516377,0.032275,-0.758433,0.323783,0.323779,-0.680978,-2.160726,-2.912167,-4.142333,-5.468457,-6.02066,0.0,58.004982,55.60222255,1.6109189035938296,52.38038474281234,58.82406035718766,55.99712497647772,0.9452187653710808,0.003232562577178041
2015-03-04,-0.788672,0.064376,-1.255437,0.258189,0.258193,-0.618064,-1.96846,-2.768396,-3.953816,-5.330123,-5.918244,0.0,58.154747,55.855415449999995,1.5932850298650236,52.66884539026995,59.04198550973004,56.20261278824175,0.9939917746084816,0.002578605929510913
2015-03-05,0.322582,0.370968,-0.645165,-0.20924,-0.209243,-0.274193,-1.31613,-2.174196,-3.299198,-4.663875,-5.392477,0.0,58.033062,56.11843655,1.4883340135542706,53.141768522891454,59.09510457710854,56.37694128459968,1.011169639115181,-0.0020946267175186435
2015-03-06,2.08573,3.251766,-0.147808,-1.790324,-1.790328,1.415674,0.661853,-0.246343,-1.198061,-2.583018,-3.487162,-1.0,56.99408,56.31125615,1.3223966709701733,53.66646280805965,58.95604949194035,56.43571640035209,0.930223024251589,-0.018065479829597535
2015-03-09,-1.073171,0.211384,-1.138213,1.001808,1.001795,0.321964,0.013022,-1.037386,-1.884541,-3.086168,-4.183186,1.0,57.565044,56.48020715,1.2504822149003907,53.97924272019922,58.98117157980078,56.54327140984237,0.9017494653214086,0.009968105687034927
2015-03-10,1.334221,1.751166,0.0,-2.504067,-2.504053,2.228152,2.438293,1.488771,0.813875,-0.297533,-1.544919,-1.0,56.123585,56.580360899999995,1.125512815780414,54.329335268439166,58.831386531560824,56.503301275571665,0.7541765919109125,-0.025359374315366053
2015-03-11,-0.182605,0.680611,-0.464812,0.466983,0.466978,1.125496,1.812749,1.113325,0.493027,-0.527226,-1.778996,0.0,56.38567,56.663666850000006,1.0388580853319114,54.585950679336186,58.741383020663825,56.49209829694579,0.650869279786896,0.004658914043232452
2015-03-12,-1.173207,0.13036,-1.173207,1.875825,1.875819,-0.941823,-0.096128,-0.515985,-1.112912,-2.033558,-3.227952,1.0,57.443363,56.804069049999995,0.9348450994165345,54.934378851166926,58.673759248833065,56.5826949353319,0.6468875591223622,0.018584422869696155
2015-03-13,0.655741,1.409838,-0.934426,-0.602899,-0.602884,-0.304927,0.463929,0.218574,-0.395908,-1.161974,-2.349733,-1.0,57.097046,56.870994499999995,0.9034404925109276,55.06411351497814,58.67787548502185,56.63168075101458,0.6087696120590138,-0.006047089552862728
2015-03-16,-0.565882,0.113177,-0.970086,1.393439,1.393445,-1.56185,-0.903807,-0.889255,-1.588528,-2.264196,-3.289149,1.0,57.892662,56.97302065,0.89752410879976,55.17797243240048,58.768068867599524,56.7517742032989,0.6354355212024387,0.013838259272625315
2015-03-17,-0.438242,0.081154,-1.119953,-0.388031,-0.388041,-0.642755,-0.576208,-0.417683,-1.082619,-1.6374,-2.580213,0.0,57.668015,57.0436904,0.8936169664838965,55.25645646703221,58.8309243329678,56.839035231556146,0.6311656264150542,-0.003887953736783996
2015-03-18,-0.582998,0.485828,-1.068826,0.227234,0.227235,-0.378948,-0.86316,-0.577599,-1.114172,-1.64729,-2.529558,0.0,57.799057,57.1550763,0.8375119183411979,55.480052463317605,58.83010013668239,56.93046587616984,0.6310809894572529,0.002269773607133698
2015-03-19,0.604574,0.735296,-0.718959,-0.890687,-0.8907,0.460795,-0.102934,0.274519,-0.064533,-0.578422,-1.391059,-1.0,57.284241,57.24727375,0.7338897444216193,55.779494261156756,58.71505323884324,56.96415874510605,0.582754929282828,-0.008946900950301508
2015-03-20,-0.696356,0.566798,-0.971657,0.898691,0.898704,-0.191094,-0.853445,-0.567883,-0.796763,-1.322755,-2.000543,1.0,57.799057,57.3385356,0.6786013006122738,55.98133299877545,58.69573820122455,57.04367286461976,0.5793194926301197,0.008946900950301574
2015-03-23,0.997712,1.53746,-0.032712,-0.987856,-0.987857,0.572457,0.076873,0.355469,0.339386,-0.242067,-0.8456,-1.0,57.228085,57.42230925,0.5346819280744085,56.35294539385118,58.491673106148816,57.06123592513216,0.5244783557354964,-0.009927686276442886
2015-03-24,0.843536,1.290114,-0.016537,-1.112202,-1.112206,1.323192,1.285152,1.31768,1.438146,0.903743,0.415154,-1.0,56.591591,57.405460500000004,0.5559460086625772,56.29356848267485,58.51735251732516,57.016507837024335,0.4247602415788947,-0.011184369122816314
2015-03-25,1.543362,1.727895,-0.033553,-1.405885,-1.405878,2.049985,2.623716,2.480562,2.756244,2.35866,1.911307,-1.0,55.795982,57.33385535,0.662088257363753,56.009678835272496,58.658031864727505,56.90026728111726,0.2783255567943357,-0.014158545640924766
2015-03-26,-0.134367,0.419886,-1.125297,-0.11743,-0.117444,1.612369,2.437026,2.325615,2.705753,2.499841,2.096638,0.0,55.730453,57.23838145,0.7477604397933358,55.74286057041333,58.73390232958667,56.78885639720133,0.1551983415723086,-0.0011751296011733255
2015-03-27,-0.100751,0.38623,-0.923592,0.016792,0.016799,0.856426,2.176327,2.158414,2.543246,2.465833,2.078371,0.0,55.739815,57.15741585000001,0.8183353186301237,55.52074521273976,58.79408648726025,56.688947692705966,0.05770933430066094,0.0001679730423185758
2015-03-30,-0.13123,0.82021,-0.574144,2.367758,2.367762,-1.535434,-0.333005,-0.26356,0.104988,0.201446,-0.212159,1.0,57.059601,57.1195069,0.8035620155907457,55.512382868818506,58.72663093118149,56.724248007686356,0.08595347579096568,0.02340165005426705
2015-03-31,0.231098,0.594251,-0.26412,-0.623355,-0.623346,-0.878189,0.12214,0.430274,0.618179,0.814119,0.440178,-1.0,56.703922,57.0544539,0.7804362189561461,55.493581462087704,58.61532633791229,56.72231219743051,0.07872929632279124,-0.006252973704242751
2015-04-01,0.767304,1.034193,-0.366974,-1.039949,-0.382203,-0.253155,0.274038,0.827576,0.856616,1.148448,0.879582,0.0,56.487198,56.97107645,0.7449702047068943,55.48113604058621,58.46101685941379,56.69992036910379,0.054883602479378624,-0.00382935100978563
2015-04-02,-0.743556,0.297424,-0.85922,0.950791,0.950805,-0.738839,-0.71598,-0.171063,-0.181753,0.152596,0.022039,1.0,57.024281,56.9206374,0.7022058092578242,55.51622578148435,58.32504901851564,56.73081185776058,0.07841985257379491,0.009463131178372254
2015-04-06,-0.909547,0.463038,-1.356043,-0.082616,-0.082617,-0.222431,-0.778135,-0.102545,-0.100702,0.208593,0.163442,0.0,56.977169,56.91979185,0.702122896715871,55.51554605656826,58.324037643431744,56.75427444273576,0.09220803880078421,-0.000826515850139838
2015-04-07,0.493022,1.068204,0.0,0.628406,0.628399,-0.749376,-1.379066,-0.791197,-0.744591,-0.450851,-0.358417,1.0,57.335213,56.90830029999999,0.6928255632256802,55.522649173548636,58.29395142645135,56.809601924379976,0.1305218594766231,0.006264328755869321
2015-04-08,0.016383,0.835384,-0.18018,0.328679,0.328686,-0.78952,-1.540124,-1.132943,-0.948065,-0.810452,-0.650368,0.0,57.523666,56.97830435000001,0.679977687810232,55.61834897437954,58.338259725620475,56.87760802681998,0.17408566929983493,0.003281473243460275
2015-04-09,-0.325364,0.178951,-1.041157,0.687964,0.687955,-0.972829,-1.84624,-1.794605,-1.492439,-1.504423,-1.289393,1.0,57.919403,57.054990999999994,0.6959226292802719,55.66314574143945,58.44683625856054,56.97682659569427,0.23780174059380244,0.006855994968786095
2015-04-10,-0.567266,0.129656,-0.810373,0.374166,0.37417,-0.959482,-1.798333,-2.063002,-1.800071,-1.864499,-1.628912,0.0,58.13612,57.08962885000001,0.7325467222084178,55.624535405583174,58.55472229441685,57.08723549134244,0.3022997139370105,0.0037347167338049837
2015-04-13,-0.692768,0.322217,-0.918318,0.599674,0.599663,-1.034308,-1.914362,-2.568633,-2.266792,-2.347521,-2.151137,1.0,58.484741,57.1590136,0.7962367847522733,55.56654003049545,58.75148716950455,57.22033125407173,0.37719752537185514,0.005978725169224651
2015-04-14,-0.126907,0.904188,-0.475887,1.562753,1.562772,-1.862318,-3.02983,-3.82421,-3.643862,-3.726642,-3.568042,1.0,59.398724,57.2343167,0.9293608130015117,55.375595073996976,59.093038326003025,57.42779722987442,0.5044899243550489,0.015506862049459407
2015-04-15,-1.759846,0.420501,-1.868869,1.855961,1.855954,-2.666251,-4.169131,-5.145868,-5.165464,-5.191454,-5.187637,1.0,60.501137,57.3759728,1.180838474132487,55.01429585173503,59.73764974826497,57.72049625560067,0.6864130412295708,0.018389413592244466
2015-04-16,0.423133,0.720884,-0.235074,-0.622953,-0.622963,-1.32267,-2.963477,-4.071334,-4.377611,-4.348406,-4.484098,-1.0,60.124237,57.4922318,1.3297574632226745,54.83271687355465,60.151746726445346,57.949423945543465,0.7910569300488675,-0.006249120131918561
2015-04-17,0.652451,0.891155,-0.556967,-1.520139,-1.520137,0.56334,-1.096429,-2.198774,-2.738939,-2.752561,-2.94344,-1.0,59.210266,57.58853305,1.3825937873086624,54.82334547538268,60.353720624617324,58.06950414120599,0.791118621516425,-0.015318099098742238
2015-04-20,-0.031627,0.442755,-0.158133,0.63654,0.636538,0.297284,-1.283993,-2.386934,-3.204086,-3.200505,-3.412276,1.0,59.587162,57.67793830000001,1.4529475921488062,54.772043115702395,60.58383348429762,58.21404298490066,0.8122171362386794,0.006345209166278827
2015-04-21,1.636978,2.070289,-0.288878,-1.47059,-1.470575,1.559932,0.42368,-0.74253,-1.633103,-1.700003,-1.905626,-1.0,58.710888,57.75207845,1.466552693608171,54.818973062783655,60.68518383721634,58.26136155776726,0.7495890764200652,-0.014814953030920282
2015-04-22,-0.460752,0.333656,-1.445821,1.01107,1.011065,0.139814,-0.28122,-1.443701,-2.388975,-2.573554,-2.708706,1.0,59.304493,57.88772355,1.4789759474543742,54.92977165509125,60.84567544490874,58.36070740940847,0.7393322879420055,0.010059875265145868
2015-04-23,-0.01592,0.652866,-0.318473,-0.222434,-0.222445,0.04141,0.152877,-0.921432,-1.886043,-2.263502,-2.334811,0.0,59.172573,58.056553099999995,1.419143816530311,55.21826546693937,60.89484073306062,58.43802794184575,0.7123473706108427,-0.0022269298012210412
2015-04-24,0.047928,0.38339,-0.415332,-0.318473,-0.318462,0.284345,0.616614,-0.383385,-1.296779,-1.835976,-1.935718,0.0,58.984131,58.219237,1.3215969671275263,55.57604306574495,60.86243093425505,58.490037756908066,0.6680550123529869,-0.003189698991099202
2015-04-27,0.57748,1.299329,-0.048122,-0.415332,-0.415332,0.413857,1.079561,0.232059,-0.629814,-1.362551,-1.433541,0.0,58.739151,58.3692038,1.1889563893148722,55.99129102137026,60.74711657862974,58.513762827678725,0.6061972956284194,-0.0041619694841386005
2015-04-28,-0.430204,0.031869,-1.577435,0.673722,0.673712,-0.114717,0.358516,-0.235809,-1.119333,-1.893657,-2.02313,1.0,59.134884,58.47296795,1.1588241616887844,56.15531962662243,60.790616273377566,58.57291722504266,0.5823934857088346,0.006714531945881774
2015-04-29,-1.635215,0.455976,-1.792451,1.338432,1.338452,-1.226427,-1.062904,-1.286173,-2.156455,-2.966828,-3.191564,1.0,59.926376,58.634090650000005,1.1233937354952306,56.38730317900954,60.88087812099047,58.701818060752885,0.6202457772452519,0.013295738004804315
2015-04-30,0.505855,0.980087,-0.537464,-0.534591,-0.534593,-0.550117,-0.618092,-0.56698,-1.36896,-2.189627,-2.570202,-1.0,59.606014,58.79003145,1.0215414693802465,56.74694851123951,60.83311438876049,58.7879319597288,0.6172778600473379,-0.005360267071802153
2015-05-01,0.141487,0.408738,-0.440181,0.553277,0.553261,-0.779747,-1.043858,-0.9139,-1.668759,-2.44714,-2.958811,1.0,59.935791,58.93560695,0.962410303963958,57.01078634207209,60.86042755792791,58.89725186832605,0.6342250604188067,0.005517364181841373
2015-05-04,-1.606924,0.231771,-1.66873,1.745009,1.745019,-1.745988,-2.512367,-2.340344,-3.026892,-3.776428,-4.449189,1.0,60.981682,59.1358326,0.950002104103444,57.23582839179311,61.03583680820689,59.09576902372357,0.7237080457762985,0.01729968479100532
2015-05-05,0.170807,1.428568,-0.170809,-0.494436,-0.494445,-0.748443,-1.703416,-1.714286,-2.269409,-3.059626,-3.784763,0.0,60.680161,59.30308,0.9099121231492683,57.483255753701464,61.12290424629854,59.24666349765466,0.7615154554349957,-0.004956716253916617
2015-05-06,0.954319,1.799127,-0.782228,-0.745348,-0.745354,0.097009,-0.811941,-1.006455,-1.311001,-2.097609,-2.860982,-1.0,60.227879,59.43829065,0.828891522798056,57.78050760440389,61.09607369559611,59.340112593116125,0.7463789307466868,-0.0074814563133955795
2015-05-07,-1.286825,0.155036,-1.937984,0.907387,0.907395,-0.418605,-1.440309,-1.825322,-1.963565,-2.695812,-3.461437,1.0,60.774384,59.5810397,0.7988393520021536,57.98336099599569,61.17871840400431,59.47670986996221,0.7696099278627173,0.00903303297777868
2015-05-08,-0.79401,0.244318,-1.358986,1.534881,1.534875,-1.349818,-2.488921,-3.039641,-3.156198,-3.863176,-4.597929,1.0,61.707195,59.75959345,0.8559345917990667,58.047724266401865,61.47146263359813,59.689137025203905,0.8534526415249886,0.015232152350218117
2015-05-11,-0.29029,0.290301,-0.565309,-0.06108,-0.061064,-1.066471,-1.954168,-2.755288,-2.838813,-3.50008,-4.219128,0.0,61.669514,59.918832099999996,0.9013225740774904,58.116186951845016,61.721477248154976,59.877744356136866,0.9064095295336116,-0.0006108284371825947
2015-05-12,-0.076504,0.275398,-0.917991,-0.137503,-0.137509,-0.636483,-1.421363,-2.310287,-2.527545,-3.091192,-3.842313,0.0,61.584713,60.02813155,0.9652102200853033,58.09771110982939,61.958551990170605,60.040312798409545,0.930805763391831,-0.0013760341603647444
2015-05-13,-0.152624,0.167888,-0.702074,0.244792,0.244783,-0.390713,-1.369039,-2.286316,-2.66559,-3.054936,-3.805444,0.0,61.735462,60.08984780000001,1.0340530834809234,58.02174163303816,62.157953966961855,60.201755579513396,0.9513377099942275,0.002444840434075333
2015-05-14,-0.333082,0.196816,-0.514768,0.808923,0.808913,-0.72066,-1.73807,-2.742358,-3.277054,-3.555479,-4.269483,1.0,62.234848,60.19537835,1.1400175232016434,57.915343303596714,62.47541339640328,60.39538342908355,0.996419597389341,0.008056585503410754
2015-05-15,0.379478,0.425026,-0.667873,-0.25739,-0.257385,-0.346075,-1.139941,-2.15947,-2.79674,-3.052811,-3.751252,0.0,62.074665,60.3385983,1.188634599249237,57.961329101501526,62.715867498498476,60.555315007266074,1.0076068242956069,-0.0025771654122457746
2015-05-18,-0.933446,0.180673,-0.933446,0.819674,0.819684,-0.864201,-1.687747,-2.545418,-3.347635,-3.579041,-4.235168,1.0,62.583481,60.48841424999999,1.274654492844186,57.93910526431162,63.03772323568836,60.74847367324073,1.0454783573498574,0.00816342681186516
2015-05-19,-0.358163,0.268617,-0.656621,0.888293,0.88829,-1.244598,-2.163862,-2.980652,-3.847936,-4.191019,-4.771926,1.0,63.139404,60.70984004999999,1.332936939983588,58.04396617003282,63.37571392996716,60.97618132340828,1.1075826370094504,0.00884368225015823
2015-05-20,0.70697,0.82731,-0.120338,-0.790925,-0.790907,-0.168494,-0.998819,-1.918393,-2.815154,-3.290635,-3.740494,-1.0,62.64003,60.8766169,1.3563115499825023,58.163993800034994,63.58923999996501,61.1346431021313,1.1037817092554647,-0.007940513134511927
2015-05-21,-0.765196,0.045008,-0.96024,0.255714,0.255683,-0.24305,-0.928723,-1.829448,-2.774183,-3.366831,-3.726921,0.0,62.80019,61.057997750000006,1.358993958289606,58.340009833420794,63.77598566657922,61.293266616214034,1.1010013617643892,0.0025535683376471854
2015-05-22,0.240704,0.541599,-0.225667,-0.270069,-0.270053,0.204603,-0.513017,-1.276771,-2.219802,-2.886719,-3.227023,0.0,62.630596,61.24032100000001,1.309835939988433,58.620649120023145,63.85999287997687,61.42063131943174,1.0727471366729233,-0.0027041862489496815
2015-05-26,0.715037,0.851967,-0.638985,-1.113281,-1.11328,1.122772,0.64962,-0.062892,-0.861106,-1.641875,-1.951931,-1.0,61.933342,61.40003055000001,1.176793536744295,59.04644347651142,63.7536176234886,61.46946090805729,0.9827641952289241,-0.011195235051300425
2015-05-27,-0.782314,0.2708,-0.977886,1.125815,1.125814,-0.165487,-0.3039,-0.967859,-1.685725,-2.486538,-2.871474,1.0,62.630596,61.574816150000004,1.0781177518139264,59.41858064637215,63.73105165362786,61.58004520252803,0.9566865494226064,0.011195235051300347
2015-05-28,0.241698,0.302122,-0.694863,-0.406204,-0.406201,0.1571,0.205438,-0.334341,-1.088369,-1.891844,-2.375126,0.0,62.37619,61.69730685,1.0184918038672985,59.6603232422654,63.734290457734595,61.65586851657297,0.9050584388971785,-0.004070280652323829
2015-05-29,0.608089,0.668899,-0.638489,-0.634438,-0.63443,0.53207,0.804186,0.43173,-0.26529,-1.084231,-1.651983,-1.0,61.980457,61.81602899999999,0.8924818966562703,60.03106520668745,63.600992793312535,61.686781705470786,0.822726563825718,-0.006364506367349732
2015-06-01,-0.136205,0.877727,-0.166466,0.45607,0.456057,-0.042371,0.376817,0.035309,-0.531177,-1.322641,-1.935031,0.0,62.263123,61.93239560000001,0.7789239939140585,60.37454761217189,63.490243587828125,61.74167135256881,0.7713945869027725,0.004550198693568989
2015-06-02,-0.287784,0.560439,-0.666457,-0.090807,-0.090805,0.136328,0.407459,0.183786,-0.342318,-1.009994,-1.70554,0.0,62.206585,61.99364075,0.7477697818912024,60.498101186217596,63.4891803137824,61.78594884280035,0.7178762507163867,-0.000908462063531478
2015-06-03,-0.404793,0.644678,-0.644678,1.029991,1.029976,-0.815576,-0.662649,-0.703632,-1.185891,-1.782891,-2.488239,1.0,62.847298,62.10199759999999,0.7031025528051844,60.69579249438962,63.50820270561036,61.887029714914604,0.7188760129553486,0.010247080554403301
2015-06-04,-0.030158,1.085483,-0.482436,-0.554715,-0.5547,-0.223132,-0.131167,-0.06835,-0.453043,-1.070411,-1.773964,-1.0,62.498684,62.21553785,0.5515491389636992,61.112439572072596,63.3186361279274,61.945282503970354,0.6836573194051923,-0.005562442342425524
2015-06-05,-0.074155,0.622958,-0.608122,1.643293,1.643284,-1.349743,-1.631554,-1.548493,-1.845883,-2.423012,-3.133582,1.0,63.525715,62.35310440000001,0.5150917768287379,61.322920846342534,63.38328795365748,62.095799884544604,0.7302017581404812,0.016299284033466376
2015-06-08,0.852145,0.986701,-0.119601,-0.786115,-0.786104,-0.325916,-0.789359,-0.667766,-0.963527,-1.453735,-2.152294,-1.0,63.026337,62.4190615,0.5124814570438314,61.39409858591233,63.444024414087664,62.184422466968925,0.7185103895354743,-0.007892097901121576
2015-06-09,-0.342368,0.133964,-1.056861,0.433549,0.433555,-0.410849,-1.001797,-1.021147,-1.262292,-1.732671,-2.334536,0.0,63.299591,62.50056535,0.5166063770201329,61.46735259595974,63.533778104040266,62.290628993924265,0.7229603726565017,0.00432618118081764
2015-06-10,-0.98155,0.351594,-1.157341,1.607624,1.607608,-1.529443,-2.305887,-2.465081,-2.61207,-3.061235,-3.61119,1.0,64.3172,62.6371897,0.6138237571117835,61.40954218577643,63.86483721422357,62.48363575640767,0.7993847483478334,0.01594822375100519
2015-06-11,-0.233503,0.233513,-0.539981,0.380889,0.380893,-1.26386,-2.337999,-2.636695,-2.762692,-3.160533,-3.73759,0.0,64.56218,62.7785256,0.7127327161474987,61.353060167705,64.203991032295,62.68159235103551,0.8696941623698393,0.0038016988451709567
2015-06-12,0.087909,0.42491,-0.556772,-0.394041,-0.394043,-0.630033,-1.589742,-2.095235,-2.216847,-2.557653,-3.113063,0.0,64.307777,62.88217205000001,0.7773078827926884,61.327556284414634,64.43678781558539,62.836467079508324,0.8945745846107869,-0.00394821782207003
2015-06-15,-0.603024,0.323578,-1.014848,-0.380955,-0.380948,0.073539,-0.932494,-1.571801,-1.687749,-2.037949,-2.527825,0.0,64.062798,62.9815787,0.7955176965549916,61.39054330689002,64.57261409310998,62.953260500507525,0.8843307264279403,-0.0038167515787183733
2015-06-16,-0.877587,0.219386,-1.096972,0.558913,0.558913,-0.13457,-1.139398,-1.861448,-2.091568,-2.411592,-2.891628,1.0,64.420853,63.07344730000001,0.8512638172211137,61.370919665557786,64.77597493444225,63.093031214744904,0.8947898605988911,0.005573564015594914
2015-06-17,0.39625,0.792488,-0.146754,-0.336411,-0.336414,0.167304,-0.594363,-1.366793,-1.67816,-1.91899,-2.380882,0.0,64.204132,63.1266837,0.888101670404428,61.350480359191145,64.90288704080886,63.19885033715015,0.8754990185892524,-0.0033698150492923176
2015-06-18,-0.625183,0.058158,-1.279437,0.939243,0.939234,-0.689145,-1.16312,-2.034497,-2.425841,-2.642038,-3.053689,1.0,64.807159,63.235040149999996,0.9552654623490602,61.324509225301874,65.14557107469811,63.3520225907549,0.8985126321875114,0.009348505655474368
2015-06-19,0.558162,0.866622,-0.235023,-1.017733,-1.017729,0.282021,-0.04994,-0.801998,-1.317567,-1.521739,-1.88161,-1.0,64.147598,63.30241054999999,0.9703770761464727,61.361656397707044,65.24316470229293,63.427791677349674,0.853689228229598,-0.010229428782197845
2015-06-22,-0.130505,0.478541,-0.304523,1.292593,1.29261,-0.716367,-1.025243,-1.789455,-2.396328,-2.599779,-2.965982,1.0,64.976776,63.41971954999999,1.0251556638985793,61.36940822220283,65.47003087779714,63.57531399379256,0.8749877780833231,0.012843266875036003
2015-06-23,-0.57348,0.100358,-0.802865,1.145593,1.145582,-1.445163,-1.777779,-2.545283,-3.213622,-3.511972,-3.8595,1.0,65.721138,63.60910935,1.08428432140428,61.44054070719144,65.77767799280856,63.77967818485993,0.9410826102697527,0.011390695160883837
2015-06-24,0.709946,1.086642,-0.159364,-1.046599,-1.046608,-0.147773,-0.628792,-1.290436,-2.005205,-2.374952,-2.665883,-1.0,65.033295,63.72924429999999,1.1031043651662467,61.5230355696675,65.93545303033248,63.89907026249232,0.9272710558828408,-0.010521239385254316
2015-06-25,0.975962,1.194463,-0.014571,-0.536069,-0.536073,0.35252,-0.074283,-0.533132,-1.298609,-1.722352,-1.98931,-1.0,64.684669,63.84466825,1.074478385628598,61.6957114787428,65.99362502125719,63.973889189874,0.8780722248858837,-0.005375151268672172
2015-06-26,-0.014496,0.493117,-0.261059,0.436992,0.43702,0.168227,-0.407554,-0.817996,-1.4982,-2.016546,-2.275574,0.0,64.967354,63.994013100000004,1.0072012877451517,61.9796105245097,66.00841567549031,64.06850488607647,0.8520699815134947,0.004360679323147171
2015-06-29,0.71429,1.577388,-0.059513,-2.538071,-2.538096,2.252986,2.068465,1.795648,1.15031,0.578585,0.334835,-1.0,63.31842,64.04677795,0.936943439208851,62.172891071582306,65.92066482841771,63.997068230259664,0.6904487597087652,-0.025708615494059752
2015-06-30,0.191849,0.516527,-0.885475,0.833341,0.833339,0.820545,1.134893,1.011419,0.442745,-0.132815,-0.428465,1.0,63.846077,64.12875255,0.8334762723377941,62.46180000532441,65.79570509467558,63.982688113092074,0.5980463806912795,0.00829885763403976
2015-07-01,0.073458,0.470103,-0.426033,0.457494,1.114079,-0.437741,0.075302,-0.076727,-0.531491,-1.113772,-1.452334,1.0,64.557373,64.2142563,0.781171291129497,62.65191371774101,65.776598882259,64.03742000708331,0.5755775722793857,0.011079192589638917
2015-07-02,0.636848,0.903436,-0.488737,-0.807996,-0.807998,0.170598,0.770029,0.682421,0.398775,-0.2046,-0.576932,-1.0,64.035751,64.29110965,0.6714042712299358,62.948301107540125,65.63391819245987,64.03726105402777,0.5098036446372589,-0.008112795533029253
2015-07-06,-0.668357,0.193074,-1.173327,-0.281391,-0.281391,0.105044,1.008653,0.91932,0.707913,0.194467,-0.241283,0.0,63.85556,64.3076019,0.6554759160638668,62.99665006787226,65.61855373212772,64.01995619173941,0.43808742617534335,-0.002817878991529128
2015-07-07,0.434121,0.628739,-2.245509,-0.787166,-0.78715,0.910164,1.553732,1.645308,1.5327,1.058213,0.588203,-1.0,63.352921,64.3239311,0.6252480718485222,63.073434956302954,65.57442724369704,63.95642903062137,0.3368104980222668,-0.007902643156135102
2015-07-08,0.87116,1.115702,-0.336239,-2.050903,-2.050906,2.445355,3.089089,3.519285,3.558246,3.164358,2.700829,-1.0,62.053612,64.26163215,0.7764704511133118,62.70869124777337,65.81457305222662,63.77520836103839,0.14997559991918052,-0.020722293546391025
2015-07-09,0.574795,0.892446,-0.18152,1.03928,1.039282,0.798663,1.656342,2.294405,2.36397,2.093727,1.648068,1.0,62.698524,64.18069835,0.8511427170384324,62.47841291592314,65.88298378407687,63.67266699332045,0.05333182961140892,0.010339185615453349
2015-07-10,0.253539,0.521997,-0.328115,1.421876,1.421869,-0.75466,0.059043,0.7327,0.852453,0.731086,0.286655,1.0,63.590015,64.1320901,0.8559561567074616,62.42017778658508,65.84400241341493,63.66479537490898,0.048122096981543905,0.014118554473501627
2015-07-13,-0.293724,0.073437,-0.602138,1.551071,1.55108,-2.047287,-1.529797,-0.761618,-0.667161,-0.742391,-1.111116,1.0,64.576347,64.14551859999999,0.8609495894535296,62.42361942109293,65.86741777890705,63.75160981539384,0.12217375264782504,0.015391737064651835
2015-07-14,-1.535339,0.086902,-1.853996,1.39522,1.395226,-2.746243,-2.555055,-2.0762,-1.925991,-1.958471,-2.308225,1.0,65.477333,64.21624535,0.9104738832953653,62.39529758340927,66.03719311659073,63.91596440440395,0.25067266517669395,0.013855823449468061
2015-07-15,0.057813,0.346868,-0.491406,0.217267,0.217251,-1.870208,-2.496025,-2.298797,-2.047256,-2.029585,-2.346628,0.0,65.619583,64.27618185,0.9626152901538109,62.35095126969238,66.20141243030763,64.07821379446071,0.35983936114458714,0.002170151063322687
2015-07-16,0.100631,0.560666,-0.215633,0.534754,0.534747,-1.400217,-2.800448,-2.723765,-2.434396,-2.450449,-2.708242,0.0,65.970482,64.36449935,1.0340364938383488,62.2964263623233,66.4325723376767,64.25842981403588,0.4692600333571022,0.005333226816583279
2015-07-17,0.202281,0.404564,-0.419016,-0.503161,-0.503152,-0.277415,-2.064728,-2.13496,-1.877679,-1.89155,-2.056788,-1.0,65.63855,64.40606890000001,1.0688925622856984,62.268283775428614,66.5438540245714,64.38986983174675,0.5231618815765131,-0.005044223770471099
2015-07-20,0.346517,0.736349,-0.11551,0.072248,0.07225,-0.011554,-1.856774,-2.132681,-1.83142,-1.878456,-2.017876,0.0,65.685974,64.4829877,1.1040860642339045,62.27481557153219,66.6911598284678,64.51330832396134,0.5632138266877149,0.0007222413699592116
2015-07-21,0.086839,0.636763,-0.332844,-0.231019,-0.231033,0.237347,-1.296657,-1.680644,-1.561563,-1.561428,-1.66342,0.0,65.534218,64.51085979999999,1.1240630223652208,62.26273375526955,66.75898584473043,64.6105378169174,0.5760692728382253,-0.002312998713756155
2015-07-22,-1.141557,0.299656,-1.255715,1.41824,1.418256,-0.910398,-2.013419,-2.793006,-2.882289,-2.815072,-2.879895,1.0,66.463661,64.54798595,1.1771492789066351,62.193687392186725,66.90228450781326,64.78702573911575,0.6537199127243696,0.014082928729965322
2015-07-23,0.78978,1.392881,-0.258472,-0.627858,-0.627869,-0.261338,-0.887413,-2.02852,-2.191971,-2.089451,-2.178984,-1.0,66.046356,64.598639,1.2201423854576865,62.15835422908463,67.03892377091537,64.90696195443806,0.6738182213220654,-0.006298488054272336
2015-07-24,0.769116,0.943251,-0.333774,-1.048241,-1.048236,0.708165,0.432444,-0.856192,-1.10464,-1.018773,-1.102338,-1.0,65.354034,64.63210725,1.2317514134242686,62.168604423151464,67.09561007684854,64.94954024449157,0.6266579534561885,-0.010537691805092893
2015-07-27,0.205852,0.308777,-0.646967,-1.306054,-1.306045,1.673273,1.749733,0.522464,0.167879,0.312958,0.216361,-1.0,64.500481,64.6087636,1.2294854702888807,62.14979265942224,67.06773454057776,64.90677269739714,0.5144779264563653,-0.013146486177530331
2015-07-28,0.734754,0.808222,-0.411471,0.058816,0.05881,1.304921,1.544447,0.58584,0.203521,0.226829,0.182023,0.0,64.538414,64.6697633,1.1917832526255419,62.28619679474892,67.05332980525108,64.87169091669266,0.4237505899014451,0.0005879312759564362
2015-07-29,-0.899336,0.23208,-1.131416,1.30786,1.307846,-0.333613,0.197282,-0.373261,-0.972575,-1.08778,-1.062264,1.0,65.382477,64.7465833,1.1853952161930927,62.37579286761381,67.11737373238618,64.92033721034097,0.41517151322848633,0.012993674367914234
2015-07-30,-0.159329,0.593853,-0.724218,0.145052,0.145079,-0.651806,-0.023188,-0.23466,-1.045784,-1.203947,-1.140777,0.0,65.477333,64.79258130000001,1.1954728819755607,62.401635536048886,67.18352706395113,64.97338442840375,0.41128557551344613,0.0014497348974217249
2015-07-31,0.700428,0.744203,-0.189694,-0.738705,-0.738723,-0.023339,0.621632,0.651789,-0.235656,-0.449671,-0.395482,-1.0,64.993637,64.8404756,1.1826755312313757,62.475124537537255,67.20582666246275,64.97531324474625,0.36496858641461927,-0.007414648883373996
2015-08-03,0.087549,0.452352,-0.773382,0.0,0.0,0.128417,0.515109,0.694593,-0.148103,-0.448053,-0.352091,0.0,64.993637,64.89737945,1.1599533916163982,62.57747266676721,67.2172862332328,64.97705836429422,0.3245211609222167,0.0
2015-08-04,0.01461,0.715744,-0.219108,-0.102145,-0.10215,0.350577,0.524405,0.741075,0.075238,-0.247141,-0.25274,0.0,64.927246,64.9760957,1.101576876703691,62.77294194659262,67.17924945340738,64.97231432959954,0.28383718754869847,-0.0010220220836854388
2015-08-05,0.46559,1.003921,-0.247352,0.394397,0.3944,-0.104758,-0.066928,0.300694,-0.077839,-0.556961,-0.6721,0.0,65.183319,65.13258105,0.8604844998292777,63.411612050341446,66.85355004965855,64.99241001249483,0.2691551435945456,0.003936241928283773
2015-08-06,0.732601,1.010992,-0.3663,-0.698389,-0.698373,0.366288,0.432226,0.878134,0.781675,0.152957,0.010741,-1.0,64.728096,65.23405965,0.652979173615759,63.92810130276849,66.54001799723153,64.96723724940009,0.21827073715074619,-0.007008235006936988
2015-08-07,0.411461,1.013953,-0.734754,-0.293036,-0.293044,0.520199,0.601024,1.060979,1.151354,0.478467,0.297124,0.0,64.538414,65.2814796,0.5542810064613791,64.17291758707724,66.39004161292276,64.92639693993341,0.16078529350217252,-0.002934745219623451
2015-08-10,-0.972562,0.174195,-0.972562,1.234381,1.234387,-0.600963,-0.497901,-0.2071,-0.023957,-0.656123,-0.907074,1.0,65.335068,65.31941565000001,0.5288616426166717,64.26169236476667,66.37713893523335,64.96531799327309,0.177465275902847,0.01226830881612541
2015-08-11,0.0,0.249156,-0.556947,-0.958043,-0.958044,0.293121,0.490976,0.673204,0.883765,0.388676,0.123102,-1.0,64.709129,65.28100545,0.544455456592282,64.19209453681543,66.36991636318456,64.9409190415328,0.13857878603553786,-0.009626632304298352
2015-08-12,0.252835,0.461043,-1.740033,-1.450982,-1.450978,1.326591,1.717722,1.873879,2.224115,1.974413,1.59329,-1.0,63.770214,65.188537,0.6336631557094575,63.921210688581084,66.45586331141891,64.82942332329158,0.03163371521600311,-0.014616072794553738
2015-08-13,-0.44412,0.370096,-0.858626,0.461043,0.461046,0.654321,1.030332,1.200084,1.606201,1.591693,1.101389,0.0,64.064224,65.0932241,0.6529286921646539,63.78736671567069,66.39908148432932,64.75654719726381,-0.029061866938505432,0.004599864058647428
2015-08-14,-0.692298,0.029467,-0.721751,0.503325,0.503309,0.103119,0.430114,0.593123,1.000153,1.132425,0.613252,0.0,64.386665,65.03062985,0.6578868198096376,63.714856210380724,66.34640348961928,64.72132032133392,-0.05056240717991045,0.005020466261815385
2015-08-17,-0.66108,0.24974,-0.984278,0.265136,0.265129,-0.402513,0.096971,0.333001,0.645669,0.863827,0.383439,0.0,64.557373,64.97419980000001,0.6470294618761031,63.680140876247805,66.26825872375221,64.70570629073069,-0.05321361782853273,0.002647785851609108
2015-08-18,-0.337188,0.219912,-0.542447,0.205669,0.205681,-0.612812,-0.145137,0.142697,0.373846,0.608121,0.246298,0.0,64.690155,64.93199665,0.6360128396939243,63.65997097061215,66.20402232938785,64.70422521542301,-0.04409205787713688,0.0020546937921250533
2015-08-19,0.488169,1.050296,-0.355025,-0.894299,-0.894297,0.390533,0.588761,0.914202,1.096154,1.421893,1.257889,-1.0,64.111633,64.81439525,0.5494558726784383,63.715483504643124,65.91330699535688,64.64778786157319,-0.08259296608754596,-0.008983196575658704
2015-08-20,1.319375,1.668182,0.0,-2.455615,-2.455629,2.429485,2.770711,3.141247,3.36064,3.755543,3.79841,-1.0,62.537289,64.63894189999999,0.6800906049590908,63.27876069008181,65.99912310991817,64.4467879699948,-0.23740496008616674,-0.024862826687012965
2015-08-21,2.342764,2.893088,-0.047167,-3.548687,-3.548676,4.849056,5.852206,6.419291,6.746073,7.220129,7.436586,-1.0,60.318043,64.38714235,1.1625446615767703,62.06205302684646,66.71223167315354,64.05357416332863,-0.5330248076909356,-0.03613172329357458
2015-08-24,-1.593359,4.431532,-16.896266,-5.267293,-5.267293,8.082986,10.303736,11.420195,12.037345,12.583569,12.976487,-1.0,57.140915,64.01916405,1.992954647144694,60.033254755710615,68.00507334428939,63.39522567158305,-1.012007550883375,-0.05411086956436187
2015-08-25,5.32465,5.691871,-0.300451,-0.564315,-0.564317,5.925555,9.54098,11.1011,11.993826,12.608916,13.109666,-1.0,56.818459,63.63316629999999,2.55534675505008,58.52247278989983,68.74385981010015,62.76886694095609,-1.4014690670497316,-0.0056591546489489055
2015-08-26,-1.764427,0.11127,-3.751392,5.007511,5.007513,-0.616757,3.628993,5.186247,6.1739,6.783024,7.383033,1.0,59.663651,63.347225,2.666831936599157,58.01356112680169,68.68088887319831,62.47313208943646,-1.463664692911692,0.048861718669787516
2015-08-27,-0.775439,0.387717,-2.07817,2.495633,2.495628,-3.489455,0.62965,2.23532,3.235112,3.862904,4.50579,1.0,61.152634,63.13099005,2.6603479934303103,57.81029406313938,68.45168603686062,62.34737036663299,-1.3769342494370278,0.024649961616782002
2015-08-28,0.249499,0.514583,-0.826445,-0.542813,-0.542806,-2.797442,0.592546,2.385782,3.455483,4.13161,4.812102,-1.0,60.820694,62.922342900000004,2.6701953308312056,57.58195223833759,68.26273356166242,62.201972617429846,-1.3197710330459245,-0.005442842708426383
2015-08-31,-0.764426,0.390016,-0.982835,-0.046778,-0.046777,-1.550704,0.020278,1.935517,3.158346,3.936348,4.592822,0.0,60.792244,62.712273249999996,2.6639246463691357,57.384423957261724,68.04012254273826,62.067712749103194,-1.2622144272346958,-0.00046787785883444796
2015-09-01,2.27827,2.27827,-0.748574,-4.134161,-4.134166,3.196093,3.233521,5.595876,7.036615,7.988933,8.688364,-1.0,58.278992,62.379860550000004,2.7850286798585366,56.80980319028293,67.94991790971707,61.706882201569556,-1.4032233494368924,-0.0422205296813255
2015-09-02,0.079909,0.543391,-1.646155,1.822618,1.822622,1.240208,0.581744,3.208136,4.628414,5.64871,6.342759,1.0,59.341198,62.087754499999996,2.7818857872050873,56.52398292558982,67.65152607441017,61.48157894427722,-1.412974894188629,0.018062118037608862
2015-09-03,0.319083,1.563497,-0.366942,0.175803,0.175804,0.488192,-0.114873,2.509035,4.000476,5.057431,5.786,0.0,59.445522,61.82362579999999,2.7687503553254245,56.28612508934914,67.36112651065083,61.28766875910796,-1.396190572906498,0.001756493096573269
2015-09-04,0.487803,0.682924,-1.219512,-1.882578,-1.882581,1.560977,1.460162,3.783196,5.463415,6.615934,7.414092,-1.0,58.326412,61.5130257,2.7964693249451837,55.92008705010963,67.10596434989037,61.005644305859576,-1.4564031921537577,-0.019005269711101613
2015-09-08,-0.617479,0.063333,-1.31412,2.699187,2.699177,-1.405944,-0.745717,0.537268,2.237976,3.473727,4.335031,1.0,59.900745,61.24130955,2.666551305288827,55.90820693942234,66.57441216057765,60.90041580053961,-1.3613933161548388,0.026633915652524064
2015-09-09,2.830491,3.473779,-0.289482,-1.551615,-1.551607,0.38276,1.183661,1.475286,3.362818,4.700548,5.664737,-1.0,58.971321,60.95441915,2.5811092643739273,55.79220062125214,66.11663767874785,60.716692486202504,-1.3455830108433844,-0.015637701457250276
2015-09-10,-1.27673,0.542611,-1.931055,0.771952,0.771953,-0.357486,0.368656,0.172357,2.205553,3.511013,4.521226,1.0,59.426552,60.73723605,2.5135703592839977,55.710095331432,65.764376768568,60.59382196370703,-1.2815470165299203,0.0076898888768907785
2015-09-11,-0.287724,0.159845,-0.911124,-0.15959,-0.159587,-0.236578,0.222182,-0.027712,1.970102,3.312656,4.343026,0.0,59.331715,60.5006106,2.404266948147586,55.69207670370483,65.30914449629518,60.47362130049684,-1.22433718603898,-0.0015971438882603911
2015-09-14,0.416797,0.496951,-0.416803,-0.287724,-0.287731,0.333442,0.230846,0.130386,1.822701,3.247198,4.315489,0.0,59.160999,60.2393273,2.2379178855056945,55.76349152898861,64.71516307101139,60.348609652830476,-1.179180479118287,-0.0028814618613378744
2015-09-15,-1.28972,0.48757,-1.682925,1.923695,1.923708,-1.428131,-1.742696,-1.410308,-0.452198,0.964443,2.087123,1.0,60.299084,60.02641285,1.994844060896523,56.036724728206956,64.01610097179305,60.34389292398948,-1.0395759311990105,0.019054388794897126
2015-09-16,-0.389772,0.233867,-1.449953,0.880775,0.880771,-1.67758,-2.181167,-1.831412,-1.638606,-0.172126,0.971311,1.0,60.830181,59.833414149999996,1.6820919956039297,56.469230158792136,63.197598141207855,60.39020607408572,-0.8759854172314974,0.00876915092903573
2015-09-17,2.378287,3.176372,-0.415009,-2.323039,-2.323046,0.657625,0.158022,0.475659,0.305666,1.909018,3.049216,-1.0,59.417068,59.5986859,1.3480488182824868,56.90258826343503,62.29478353656497,60.29752625750613,-0.8505604342970443,-0.023504538672005932
2015-09-18,1.460458,1.460458,-0.262553,-2.729454,-2.729453,2.950449,2.682971,2.907783,2.710047,4.334759,5.540974,-1.0,57.795307,59.3615868,1.2143862284731908,56.932814343053614,61.79035925694638,60.059219661553165,-0.9503188273336249,-0.02767394655137573
2015-09-21,0.113912,0.748574,-0.602114,0.836892,0.836893,1.79333,1.82262,1.762951,1.682669,3.049633,4.307025,1.0,58.278992,59.25963425,1.2154544507614262,56.82872534847714,61.69054315152285,59.88967416997667,-0.9790627098855467,0.008334106753802077
2015-09-22,-0.508951,0.295518,-0.804469,-0.878765,-0.878764,1.819078,2.355937,2.315987,2.63832,3.493023,4.795054,-1.0,57.766857,59.29093135000001,1.1650408487093897,56.96084965258123,61.621013047418785,59.68750110616937,-1.0312795100628591,-0.008826482451695143
2015-09-23,0.263852,0.841034,-0.527703,-0.443279,-0.443273,1.118071,2.557716,2.682495,3.155505,3.454482,4.844434,0.0,57.510792,59.325548000000005,1.0959469286715637,57.13365414265688,61.51744185734313,59.48019547701038,-1.0808644730500632,-0.004442585763586474
2015-09-24,-0.348726,0.265692,-1.262042,-0.692609,-0.692613,1.016271,2.867817,3.13849,3.651609,3.685816,5.187089,-1.0,57.112465,59.197988699999996,1.198219928955526,56.80154884208894,61.59442855791105,59.25469733634272,-1.1391709201420284,-0.00695022308519475
2015-09-25,-0.325364,0.634456,-0.976089,2.075722,2.075717,-0.865459,0.59867,0.909932,1.299011,1.286484,2.718401,1.0,58.297958,59.0552549,1.1206400244516836,56.81397485109663,61.29653494890337,59.16357930431008,-1.0773013625059207,0.02054467295040506
2015-09-28,1.567186,1.717236,-0.483496,-2.423948,-2.423941,1.107034,2.697564,3.247747,3.469487,3.561184,4.830495,-1.0,56.88485,58.8584627,1.1397180177148998,56.5790266645702,61.13789873542979,58.94655746580436,-1.129277687862185,-0.02453801792484709
2015-09-29,0.233957,0.484627,-1.854947,-0.233411,-0.23341,0.98596,2.312831,3.119427,3.355612,3.776066,4.617309,0.0,56.752075,58.65645425,1.1369718967787357,56.38251045644253,60.930398043557474,58.73755913572776,-1.1677223565844628,-0.0023368295194746923
2015-09-30,-0.442841,0.049203,-1.41053,1.888371,1.888371,-0.777435,-0.103335,1.075934,1.400683,1.922251,2.282537,1.0,57.823765,58.63369289999999,1.1494146987200877,56.33486350255982,60.932522297440165,58.650531122801304,-1.0990445060781582,0.01870763077539071
2015-10-01,-0.488439,0.732662,-1.432753,0.738063,0.738065,-1.113645,-1.035495,0.200802,0.564146,1.078473,1.197761,1.0,58.250542,58.5791601,1.1399144349968537,56.299331230006295,60.85898896999371,58.612436920629754,-0.9986674607404211,0.007353546778438729
2015-10-02,-2.006251,0.082223,-3.749387,-0.993157,-0.278782,-0.909434,-0.708415,0.338203,0.728447,1.150027,1.225361,0.0,58.08815,58.511291500000006,1.1259400400596398,56.25941141988073,60.763171580119284,58.56250483295074,-0.9215979983163862,-0.0027917127599990255
2015-10-05,-1.257656,0.354728,-1.289905,1.989803,1.989807,-2.046262,-2.482695,-1.610043,-1.15931,-0.929851,-0.809963,1.0,59.243992,58.5571705,1.1366536861548973,56.2838631276902,60.83047787230979,58.62740837266972,-0.7585094793423721,0.019702689666393026
2015-10-06,0.096699,0.4996,-0.69299,0.04837,0.048369,-1.243117,-2.275796,-1.773058,-1.260079,-1.080297,-0.738034,0.0,59.272648,58.525765650000004,1.1058371624350625,56.31409132512988,60.73743997487013,58.688859765748795,-0.6198036427747908,0.0004835776741294577
2015-10-07,0.675999,1.448572,-0.59553,0.128932,0.128923,-0.856264,-2.091883,-2.065906,-1.35539,-1.135542,-0.72371,0.0,59.349064,58.54465280000001,1.117016865563738,56.31061906887253,60.778686531127484,58.751736359487005,-0.49797182617312075,0.0012883983763561948
2015-10-08,-0.450673,0.193142,-1.126671,0.0,0.0,-0.486074,-1.715028,-2.073545,-1.361918,-1.135012,-0.741379,0.0,59.349064,58.5407784,1.1139270939324837,56.31292421213503,60.76863258786497,58.80862470620253,-0.39684465560289084,0.0
2015-10-09,0.742772,1.001129,-0.565151,-0.321907,-0.321899,0.196994,-1.252244,-1.603735,-1.058058,-0.835179,-0.533223,0.0,59.15802,58.53209364999999,1.108097844607221,56.31589796078555,60.74828933921444,58.841900448468955,-0.32833149739997225,-0.0032241813577546527
2015-10-12,0.194425,0.469859,-0.518469,-0.339091,-0.339097,0.4407,-0.564718,-1.192227,-0.738673,-0.454959,-0.300133,0.0,58.957417,58.52191455,1.1029396500763564,56.31603524984729,60.72779385015271,58.852902024805246,-0.2869139461310155,-0.003396731163533067
2015-10-13,-0.259951,0.991066,-0.389924,-0.275441,-0.275446,0.555653,0.057398,-0.802731,-0.592413,-0.255234,-0.137986,0.0,58.795021,58.446711400000005,1.0238263413119488,56.39905871737611,60.4943640826239,58.847389546252366,-0.2641492897678148,-0.0027582631105992094
2015-10-14,1.283541,1.633604,-0.750127,-2.53452,-2.534511,2.45707,2.568757,1.752855,1.685006,2.222224,2.40218,-1.0,57.304855,58.270445099999996,0.8860824394313037,56.49828022113739,60.0426099788626,58.700481494228335,-0.36217712549728986,-0.02567182482329941
2015-10-15,-2.29439,0.113104,-2.89223,3.167189,3.167196,-0.76588,-0.433032,-1.144562,-1.461828,-0.936715,-0.754012,1.0,59.119812,58.2555823,0.8681487169299846,56.51928486614003,59.99187973385997,58.740417732873254,-0.2900692916614389,0.03118074703670885
2015-10-16,0.0,0.352398,-0.54461,0.872517,0.872504,-1.464036,-1.034754,-1.850081,-2.159843,-1.773186,-1.601821,1.0,59.635635,58.347598700000006,0.9131585855538907,56.521281528892224,60.17391587110779,58.82567652021866,-0.1891206435944781,0.008687201421319487
2015-10-19,-0.353586,0.883959,-0.498234,-0.336375,-0.336368,-0.970753,-0.6686,-1.232774,-1.732377,-1.423224,-1.207549,0.0,59.43504,58.405401100000006,0.9446333958289339,56.51613430834214,60.29466789165787,58.88371113734069,-0.12387648179164756,-0.0033693466467900747
2015-10-20,-0.255917,0.479846,-0.703772,0.482158,0.482158,-1.135636,-1.07006,-1.375217,-2.040253,-1.934917,-1.691597,0.0,59.721611,58.5031388,0.9757029738652044,56.551732852269595,60.45454474773041,58.96351112426062,-0.048487198535397624,0.0048099967581384274
2015-10-21,1.321302,1.450206,-0.016117,-0.735763,-0.735772,0.264266,-0.348045,-0.480175,-1.164746,-1.312482,-0.94543,-1.0,59.282196,58.591709,0.9611729105032347,56.669363178993535,60.51405482100647,58.99386206480723,-0.023922008536509054,-0.007384923358509337
2015-10-22,-1.218549,0.617191,-1.218549,1.820815,1.820813,-1.117258,-1.962326,-2.026682,-2.663029,-3.014671,-2.665139,1.0,60.361614,58.75416645,0.9725107589744378,56.809144932051126,60.69918796794887,59.124124153873204,0.08170425722941843,0.01804434826866406
2015-10-23,-0.37576,0.501022,-0.5793,1.07612,1.076126,-1.719115,-2.702362,-2.750375,-3.476991,-3.836406,-3.609676,1.0,61.011181,58.889827600000004,1.0879163069293771,56.71399498614125,61.065660213858756,59.303843853504326,0.21534608645082187,0.010703769354010587
2015-10-26,-0.0939,0.140845,-0.766826,0.046975,0.046975,-1.23944,-2.406888,-2.599897,-3.181961,-3.700636,-3.552332,0.0,61.039841,59.097577150000006,1.0815948472887291,56.934387455422545,61.26076684457747,59.46917691507534,0.3198834046561885,0.0004696396647425401
2015-10-27,-0.172847,0.345698,-0.518539,-0.40689,-0.406888,-0.483974,-1.67976,-2.035407,-2.454176,-3.108188,-3.131295,0.0,60.791477,59.29954725,0.9941719326111839,57.311203384777635,61.28789111522237,59.59511025649673,0.3783279541942264,-0.004077183898724715
2015-10-28,-2.74809,0.366409,-2.76336,2.922692,2.922688,-2.259542,-3.630532,-4.474297,-4.845034,-5.536295,-5.789474,1.0,62.568222,59.5367701,1.1733888519757079,57.18999239604858,61.883547803951416,59.878263755877995,0.5615410576306488,0.028807915207834624
2015-10-29,0.07668,0.950779,-0.50606,-0.44275,-0.442742,-1.20534,-2.692842,-3.734603,-4.097533,-4.783654,-5.216708,0.0,62.291206,59.73880330000001,1.2830098798653928,57.17278354026922,62.30482305973079,60.10806777912771,0.676586616646297,-0.004437253300869733
2015-10-30,1.634246,1.696492,-0.186775,-1.472165,-1.472179,0.389113,-0.955634,-2.055504,-2.396878,-3.160465,-3.606105,-1.0,61.374168,59.903104199999994,1.270848004394617,57.36140819121076,62.44480020878923,60.22864875254412,0.685857608847769,-0.014831230117115492
2015-11-02,-1.663113,0.320413,-1.754657,2.007784,2.007786,-1.086357,-2.398532,-3.594747,-4.049431,-4.700968,-5.27299,1.0,62.60643,60.071226100000004,1.395373565879824,57.28047896824036,62.86197323175965,60.45510410944468,0.7836052681640524,0.01987895847145878
2015-11-03,-0.744904,0.486469,-0.927335,0.366186,0.366192,-0.796596,-2.259047,-3.517786,-4.115992,-4.661401,-5.349714,0.0,62.83569,60.2493782,1.510734409008512,57.227909381982975,63.27084701801703,60.68182657521186,0.8695467645723767,0.003655235661786087
2015-11-04,0.242983,0.455587,-0.334094,0.106414,0.106422,-0.795755,-1.787403,-3.027087,-3.935464,-4.439792,-5.164615,0.0,62.902561,60.42705305,1.6052790690607819,57.216494911878435,63.63761118812156,60.89332509185835,0.9323049197119815,0.0010636541509488925
2015-11-05,-0.978328,0.346171,-1.038534,0.895982,0.895968,-1.306442,-2.170378,-3.431667,-4.464176,-4.959661,-5.67306,1.0,63.466148,60.632907249999995,1.7196697294871275,57.19356779102574,64.07224670897425,61.1383558450147,1.015808364112388,0.008919783088006233
2015-11-06,-0.131458,0.832603,-0.525856,3.040333,3.040344,-2.98861,-4.386508,-5.69384,-6.806168,-7.316977,-8.094517,1.0,65.395737,60.944793100000005,1.983508517626519,56.97777606474697,64.91181013525305,61.54382071691806,1.2235824545786613,0.02995041146552419
2015-11-09,1.943906,1.97359,-0.460004,-1.562956,-1.562951,-0.89925,-2.350507,-3.685028,-4.905782,-5.526645,-6.247496,-1.0,64.373634,61.21560395,2.0659180522743874,57.08376784545123,65.34744005454877,61.81332674387825,1.2908891812450705,-0.01575293351108932
2015-11-10,-0.723992,0.251179,-1.108156,0.430332,0.430325,-0.762412,-2.17199,-3.589445,-4.860376,-5.598704,-6.241964,0.0,64.65065,61.508385399999995,2.1190642246304,57.270256950739196,65.7465138492608,62.08354800636603,1.3510095262829154,0.004294019963698967
2015-11-11,1.113586,1.21752,-0.148475,-0.487592,-0.487591,0.169267,-1.417967,-2.593419,-3.847811,-4.826133,-5.445187,0.0,64.335419,61.859913600000006,1.9623997154123967,57.935114169175215,65.7847130308248,62.298011910521645,1.3575696082780127,-0.0048878399045999684
2015-11-12,1.303032,1.363639,-0.075762,-2.004451,-2.004454,2.084851,0.718181,-0.317173,-1.569699,-2.64485,-3.257577,-1.0,63.045845,62.056215249999994,1.8679686401246367,58.32027796975072,65.79215253024927,62.36923410951958,1.2443663949319586,-0.02024815924026747
2015-11-13,0.427087,0.930445,-0.503348,-0.66667,-0.666675,1.885305,1.593968,0.5237,-0.670372,-1.769975,-2.366782,-1.0,62.625534,62.2057102,1.7817018809671386,58.642306438065724,65.76911396193428,62.393643622898665,1.1079645224251422,-0.006689073845338255
2015-11-16,-1.578714,0.105247,-2.014741,1.44906,1.449067,0.165384,0.288675,-0.650534,-1.766657,-2.884985,-3.536315,1.0,63.53302,62.410609199999996,1.6789758188312958,59.0526575623374,65.76856083766259,62.502155658813074,1.0608626277554194,0.014386684430714652
2015-11-17,0.816575,0.922427,-0.362919,-0.57135,-0.571349,0.272192,0.917892,0.17138,-0.92923,-2.049901,-2.776349,-1.0,63.170025,62.5830299,1.561235328802194,59.46055924239561,65.70550055760438,62.56576226273564,0.9829129652334956,-0.005729870077486466
2015-11-18,-1.438093,0.148267,-1.601177,1.996068,1.996051,-1.660476,-0.81985,-1.596228,-2.46848,-3.524372,-4.416095,1.0,64.430931,62.840466649999996,1.4049802343821163,60.030506181235765,65.65042711876423,62.743397380570336,1.0112250989814555,0.019763912168613514
2015-11-19,-0.118241,0.236471,-0.916351,0.311352,0.311364,-1.47503,-0.947389,-1.660268,-2.440887,-3.482713,-4.440344,0.0,64.631546,63.05396325,1.3309485840525572,60.39206608189489,65.71586041810512,62.92322105861126,1.037886513183068,0.0031088069319061937
2015-11-20,0.666267,0.843944,-0.236903,-0.177362,-0.177362,-0.713653,-0.90761,-1.160794,-1.995855,-3.008588,-3.993683,0.0,64.516914,63.22924989999999,1.2775349602196653,60.67417997956066,65.78431982043932,63.07500133874352,1.0378028859828135,-0.0017751977856115878
2015-11-23,0.642944,1.046658,-0.149519,-0.977205,-0.977204,0.376796,-0.005977,-0.051829,-0.805917,-1.772723,-2.78907,-1.0,63.886452,63.371580449999996,1.1752504655036824,61.02107951899263,65.72208138100736,63.15228235410128,0.9756172876238267,-0.009820101857931187
2015-11-24,-0.913449,0.539084,-1.108113,-0.149519,-0.149515,0.721769,0.008982,0.197663,-0.422284,-1.370472,-2.382451,0.0,63.790932,63.52155319999999,1.0081808753654695,61.505191449269056,65.53791495073094,63.213106129901156,0.9081584024408826,-0.0014962715373472242
2015-11-25,0.104695,0.388875,-0.463652,0.119799,0.119785,0.424777,-0.183959,0.178492,-0.439716,-1.201307,-2.156736,0.0,63.867344,63.5865093,0.9851126003908707,61.61628409921826,65.55673450078174,63.275414498482,0.851052160175712,0.001197133652747905
2015-11-27,-0.253086,0.238208,-0.789041,0.463651,0.463678,-0.184619,-0.470462,-0.211416,-0.753325,-1.42029,-2.346298,0.0,64.163483,63.68012315,0.9436298010396745,61.79286354792065,65.56738275207935,63.35999245100753,0.820235826091313,0.004626066004031598
2015-11-30,0.899819,1.259744,0.0,-0.729489,-0.729504,0.290941,0.428912,0.34393,0.158217,-0.527296,-1.416218,-1.0,63.695408,63.79618515000001,0.7722729113584154,62.25163932728318,65.34073097271684,63.39193678900681,0.7494052415398187,-0.007321776176848483
2015-12-01,-0.399357,0.325397,-0.917029,1.394723,1.394705,-0.872639,-0.789812,-1.01463,-1.066396,-1.67607,-2.506519,1.0,64.583771,63.895052199999995,0.7377413548120098,62.41956949037598,65.37053490962401,63.505444809101405,0.756237527244032,0.013850684249006557
2015-12-02,1.755172,1.830172,-0.270028,-1.405113,-1.405077,0.504027,0.703544,0.294003,0.409516,-0.093635,-0.910117,-1.0,63.676319,63.93708365,0.697033069955076,62.54301751008985,65.33114978991016,63.521718541567935,0.6805830328271725,-0.014150421099444657
2015-12-03,1.565348,1.869295,-0.334348,-1.29013,-1.29017,1.495459,1.769013,1.447837,1.718101,1.230411,0.574483,-1.0,62.854786,63.9346949,0.7008364881343843,62.533021923731226,65.33636787626877,63.458201156656706,0.5480182405310359,-0.012985653517657368
2015-12-04,-2.63662,0.162028,-2.739726,3.176286,3.176312,-1.417002,-1.330096,-1.489669,-1.306528,-1.728093,-2.290965,1.0,64.85125,64.00395,0.7202658703279694,62.56341825934406,65.44448174065595,63.59087247507035,0.5971737993812809,0.031269104127789826
2015-12-07,0.985081,1.119403,-0.895519,-1.310943,-1.31096,-0.01193,-0.099989,-0.0378,-0.104466,-0.258495,-0.837302,-1.0,64.001076,63.93421694999999,0.6416491415623918,62.65091866687521,65.21751523312477,63.6299394774446,0.561060441792371,-0.013196290108922417
2015-12-08,0.439662,1.51607,-0.394181,-1.55224,-1.552229,1.064283,1.335659,1.482717,1.36219,1.339602,0.830303,-1.0,63.007633,63.8659169,0.6647014103084076,62.53651407938319,65.19531972061682,63.57067219387845,0.4471236352279391,-0.015644017935778135
2015-12-09,0.229151,1.710973,-0.64161,-0.758035,-0.75804,1.4696,1.908041,2.189637,1.966855,2.09411,1.693152,-1.0,62.53001,63.759884899999996,0.7010787492070621,62.35772740158587,65.16204239841412,63.471561508747165,0.3146605003386682,-0.007609276280134658
2015-12-10,-0.106691,1.356499,-0.807802,0.229151,0.229144,1.179703,1.484538,1.769048,1.601136,1.846069,1.466249,0.0,62.673294,63.676778649999996,0.7272885529982411,62.22220154400351,65.13135575599648,63.39553603172362,0.2187230299799694,0.0022888223868582883
2015-12-11,1.139383,1.70127,-0.874047,-2.347205,-2.347196,2.419225,3.439987,3.841632,3.892618,4.146092,3.845795,-1.0,61.202229,63.58459785,0.9062762692806154,61.772045311438774,65.39715038856123,63.186649647749945,0.023715860553863877,-0.02375181346563027
2015-12-14,-0.062228,0.762416,-1.042476,0.312154,0.312157,1.250972,2.743115,3.179297,3.468961,3.561229,3.523679,0.0,61.393276,63.52298495,1.0107725508619794,61.50143984827604,65.54453005172397,63.01585215748804,-0.11409758398856695,0.0031167073319754036
2015-12-15,-1.558242,0.832079,-1.558242,2.847364,2.847356,-1.50983,-0.329796,0.244083,0.573382,0.616045,0.685839,1.0,63.141361,63.503401999999994,1.0143555937357092,61.47469081252858,65.53211318747141,63.02780538058442,-0.08132244698917646,0.028075720415894203
2015-12-16,-0.918103,0.310971,-2.398926,2.16339,2.163378,-2.982367,-2.311552,-1.804613,-1.45267,-1.523453,-1.35987,1.0,64.507347,63.5702681,1.0350889097999918,61.500090280400016,65.64044591959998,63.168714106243044,0.0542503748421268,0.02140308612003559
2015-12-17,2.444181,2.595053,-0.301746,-1.851029,-1.851017,-0.950513,-0.3968,-0.011059,0.317598,0.269167,0.522035,-1.0,63.313305,63.5143868,1.0161746375541747,61.482037524891645,65.54673607510834,63.18248466755323,0.06459894607927907,-0.018683627654707123
2015-12-18,2.437887,2.437887,0.0,-2.836447,-2.836435,2.043463,1.96893,2.621106,2.993002,3.096884,3.350922,-1.0,61.517464,63.358682699999996,1.0729788255633017,61.212725048873395,65.5046403511266,63.0239112706434,-0.07128734079849863,-0.028774394655843392
2015-12-21,-0.793415,0.030511,-1.083306,1.770185,1.770174,0.656085,-0.027465,0.720171,1.048979,1.302413,1.404743,1.0,62.60643,63.26315850000001,1.0492171158254644,61.16472426834908,65.36159273165094,62.984151149629746,-0.09006948190447162,0.017546886505099907
2015-12-22,0.365405,0.487211,-1.065769,0.213608,0.213607,0.313642,-0.283191,0.309585,0.742239,1.035936,1.101812,0.0,62.740162,63.20584399999999,1.0446758772170655,61.11649224556586,65.29519575443412,62.960914087760244,-0.0930903220085213,0.002133796357879651
2015-12-23,-0.914132,0.179822,-1.019032,1.598665,1.598673,-1.504577,-1.661932,-1.261812,-0.846704,-0.517916,-0.536498,1.0,63.743172,63.203455999999996,1.043321755924081,61.11681248815184,65.29009951184815,63.03541484130689,-0.01438402497313973,0.01586028757594507
2015-12-24,0.030038,0.435437,-0.420417,-0.194822,-0.194807,-1.216227,-1.321338,-0.989006,-0.672688,-0.37479,-0.379895,0.0,63.618996,63.1910386,1.0364597592895977,61.1181190814208,65.2639581185792,63.09099399927766,0.037538595495867355,-0.0019499674243446334
2015-12-28,-0.135577,0.105453,-1.009337,-0.330332,-0.330346,-0.292253,-0.64628,-0.812495,-0.402983,-0.121723,-0.030631,0.0,63.408833,63.153306099999995,1.0126577662234613,61.12799056755307,65.17862163244692,63.12126438029883,0.06102578138473547,-0.0033089314902276343
2015-12-29,-0.342931,0.34293,-0.492026,1.039474,1.039456,-0.861772,-1.250921,-1.825942,-1.398527,-1.177264,-0.984033,1.0,64.06794,63.17193269999999,1.0264855979930443,61.1189615040139,65.22490389598607,63.211423963127515,0.13131030843288727,0.010340909295281657
2015-12-30,0.675785,0.690805,-0.21024,-0.715676,-0.715653,0.126144,-0.46554,-1.055219,-0.764384,-0.482359,-0.26631,-1.0,63.609436,63.12321595000001,0.9779257396305732,61.16736447073886,65.07906742926116,63.24932987140108,0.14830430189302746,-0.007182258679662122
2015-12-31,0.242319,1.135847,-0.045432,-0.840963,-0.840968,0.763288,0.151445,-0.158518,0.029527,0.316217,0.574483,-1.0,63.074501,63.09312504999999,0.9692313071812678,61.154662435637455,65.03158766436253,63.232679502696215,0.11725572922627236,-0.008445240841963058
