date,c_open,c_high,c_low,n_close,n_adj_close,adj_sum_5,adj_sum_10,adj_sum_15,adj_sum_20,adj_sum_25,adj_sum_30,label,closing_price_for_label,melody_ma20,melody_std20,melody_lb20,melody_ub20,melody_ema20,melody_macd_12_26,melody_str_log_return
2013-06-03,0.531106,0.531106,-0.749241,-0.368516,-0.368529,0.73127,0.41151,-0.58203,-1.503823,-2.431445,-3.435791,0.0,92.777954,,,,,,,
2013-06-04,0.161795,0.71381,-0.390212,-0.350912,-0.350928,0.79567,0.731999,0.039136,-0.967789,-1.818629,-2.770636,0.0,92.45237,,,,,,,-0.0035154539308420176
2013-06-05,1.225992,1.293565,-0.144796,-1.408589,-1.408592,1.739564,1.953639,1.585696,0.534586,-0.201129,-1.13791,-1.0,91.150093,,,,,,,-0.014186071562821104
2013-06-06,-0.546134,0.134137,-1.274314,0.752975,0.752987,0.469484,1.097899,0.918152,-0.041386,-0.713789,-1.629985,1.0,91.836441,,,,,,,0.007501658222304234
2013-06-07,-2.60805,0.093143,-2.738453,2.864806,2.864806,-2.043594,-1.512858,-1.614588,-2.494772,-3.18948,-4.054685,1.0,94.467377,,,,,,,0.02824537832472717
2013-06-10,0.721856,0.909348,-0.234368,-0.6427,-0.642707,-1.179335,-0.804784,-0.890649,-1.591126,-2.34751,-3.160289,-1.0,93.860229,,,,,,,-0.006447807800139348
2013-06-11,0.0,0.660631,-0.698375,-0.665603,-0.665598,-0.349191,-0.200075,-0.19246,-0.688151,-1.509522,-2.260948,-1.0,93.235497,,,,,,,-0.006678231889224714
2013-06-12,-0.130779,0.326949,-0.700607,1.028694,1.028717,-0.717442,-1.133138,-1.1336,-1.452658,-2.315381,-2.975241,1.0,94.194626,,,,,,,0.010234612844665175
2013-06-13,-0.86135,0.296379,-1.250345,0.85941,0.859376,-0.896534,-1.888475,-1.814147,-2.059164,-2.878709,-3.502952,1.0,95.004112,,,,,,,0.00855704375163378
2013-06-14,0.046428,0.705666,-0.454966,-0.250073,-0.250064,-0.584953,-1.468891,-1.41083,-1.59012,-2.359056,-3.010073,0.0,94.766541,,,,,,,-0.002503770950384415
2013-06-17,-0.01847,0.905147,-0.489516,0.529248,0.529263,-0.812789,-1.72625,-1.784726,-1.969666,-2.598891,-3.294317,0.0,95.268105,,,,,,,0.005278670760344734
2013-06-18,-0.248044,0.376669,-0.486907,0.535699,0.535702,-0.810297,-1.90263,-2.16997,-2.33437,-2.822,-3.572123,0.0,95.778458,,,,,,,0.005342720706127962
2013-06-19,1.711402,2.020009,-0.028054,-1.763893,-1.763902,0.94828,0.171136,-0.365353,-0.529904,-0.883982,-1.680069,-1.0,94.08902,,,,,,,-0.01779643998555966
2013-06-20,1.161463,1.799314,-0.038082,-1.767511,-1.767518,2.206783,2.037322,1.301094,1.245184,0.979596,0.226459,-1.0,92.42598,,,,,,,-0.017833247446602116
2013-06-21,0.41881,1.018465,-0.057108,0.019038,0.019035,1.684762,1.79898,1.232953,1.221117,1.04317,0.359556,0.0,92.443573,,,,,,,0.00019032879960620113
2013-06-24,0.847536,1.049789,-0.308196,-1.170756,-1.170766,2.034107,2.731402,2.328818,2.319925,2.184701,1.644199,-1.0,91.361275,,,,,,,-0.011776735168211809
2013-06-25,0.800619,0.906726,-0.125395,-0.154102,-0.154081,1.192238,2.669043,2.396702,2.336737,2.274945,1.893396,0.0,91.220505,,,,,,,-0.0015419942547711574
2013-06-26,-1.200716,0.132369,-1.333077,2.025657,2.025642,-1.036205,0.509606,0.501098,0.286481,0.241576,-0.003485,1.0,93.068306,,,,,,,0.020053989343270327
2013-06-27,-1.127048,0.251487,-1.257451,1.503266,1.503273,-2.069677,-1.035768,-0.801665,-1.183402,-1.168078,-1.347052,1.0,94.467377,,,,,,,0.014920861289245172
2013-06-28,-1.244697,0.368801,-1.244697,1.024588,1.02459,-2.435925,-1.969389,-1.740119,-2.064356,-2.048757,-2.176265,1.0,95.43528,93.46515595,1.4679096141174648,90.52933672176506,96.40097517823493,93.45026092438633,,0.010193763444244941
2013-07-01,0.370166,0.731075,-0.157319,-0.3688,-0.368786,-1.291887,-1.625961,-1.290653,-1.580617,-1.606702,-1.728095,0.0,95.083328,93.58042465000001,1.501243534864465,90.57793758027108,96.58291171972894,93.60579112206382,,-0.0036946774287174512
2013-07-02,1.466163,1.466163,-0.432331,-1.53618,-1.5362,0.761281,-0.321426,0.276947,0.01739,-0.078944,-0.164125,-1.0,93.622658,93.63893905,1.4775817464391483,90.6837755571217,96.5941025428783,93.60739749139108,,-0.015481217144662857
2013-07-03,-0.848877,0.16791,-1.548504,0.751875,0.751883,0.276121,-1.040114,-0.462065,-0.560634,-0.785821,-0.866991,1.0,94.326591,93.79776395,1.3621908069710251,91.07338233605796,96.52214556394205,93.67589211125859,,0.007490706084279774
2013-07-05,-0.993928,0.009197,-1.18719,1.361947,1.361945,-0.831954,-2.036633,-1.757167,-1.699341,-2.058903,-2.097409,1.0,95.611267,93.98650525000001,1.337421953039736,91.31166134392053,96.66134915607948,93.86021352923396,,0.013527535838917469
2013-07-08,-0.109916,0.201521,-0.412198,0.469348,0.469352,-1.165154,-2.1178,-2.126348,-2.075663,-2.394066,-2.432356,0.0,96.06002,94.0661374,1.41284804414843,91.24044131170314,96.89183348829687,94.06971890740215,,0.004682535678403194
2013-07-09,0.146028,0.675366,-0.383315,0.366403,0.366396,-1.250339,-1.95126,-2.404548,-2.300809,-2.599614,-2.677272,0.0,96.41198,94.19372495,1.505457788352468,91.18280937329507,97.20464052670494,94.29279139241146,0.6483307981143298,0.003657263314201858
2013-07-10,-1.703725,0.143475,-1.829263,1.779681,1.779691,-2.058825,-2.961803,-3.951462,-3.759866,-4.071381,-4.23183,1.0,98.127815,94.43834085,1.7232738861096637,90.99179307778067,97.88488862221934,94.65803173599132,0.8712554821349272,0.017640395835106928
2013-07-11,-0.636606,0.053056,-0.954908,1.416787,1.416792,-2.383737,-3.669325,-4.929569,-4.836878,-5.075162,-5.365172,1.0,99.518082,94.70451365,2.0615681164703963,90.5813774170592,98.82764988294079,95.12089366589692,1.1468872262292962,0.014068492707941914
2013-07-12,0.524308,0.924199,-0.666489,-0.503978,-0.503986,-1.201457,-2.72194,-4.004267,-4.152227,-4.304275,-4.72289,-1.0,99.016525,94.9051343,2.276307128075003,90.35252004384999,99.45774855615001,95.49190617390673,1.3097578379701247,-0.005052600900062801
2013-07-15,-1.416458,0.0,-1.670022,1.635123,1.63513,-1.88162,-3.770227,-5.005985,-5.40265,-5.598681,-6.006831,1.0,100.635574,95.19858595000001,2.6111739880343108,89.97623797393139,100.42093392606863,95.98177930020132,1.5515919088443297,0.016219058050634415
2013-07-16,1.536416,1.696274,-0.026641,-1.547613,-1.547628,0.198945,-1.854343,-2.993479,-3.723349,-3.904077,-4.317341,-1.0,99.07811,95.3890862,2.7517117100678625,89.88566277986428,100.89250962013571,96.27666793827738,1.59913894546834,-0.015597284503016009
2013-07-17,-0.955473,0.0,-1.034362,1.314391,1.314393,-0.65217,-2.454415,-3.64364,-4.743161,-4.866056,-5.295405,1.0,100.380386,95.6191826,2.969751058148895,89.67968048370221,101.55868471629779,96.66749822987,1.7220523565502077,0.013058300662252184
2013-07-18,-1.048617,0.0,-1.143946,1.148314,1.148335,-1.383147,-2.852079,-4.181773,-5.458027,-5.657004,-6.029711,1.0,101.533089,95.99138605,3.2235252749112187,89.54433550017757,102.43843659982244,97.13088782702525,1.8906810249869892,0.01141791574846645
2013-07-19,-0.493293,0.069229,-0.744267,0.138664,0.138651,-0.996973,-2.390311,-3.841919,-5.134147,-5.525233,-5.837306,0.0,101.673866,96.45378035,3.3461169724195026,89.761546405161,103.146014294839,97.56355241492761,2.0124813546740796,0.0013855531915378356
2013-07-22,0.129703,0.216169,-0.4064,0.086542,0.086541,-0.861221,-1.914399,-3.510595,-4.758327,-5.331954,-5.679785,0.0,101.761856,96.9196945,3.4065406228072788,90.10661325438545,103.73277574561456,97.96339085160118,2.091993848250297,0.0008650398722683451
2013-07-23,0.237448,1.433178,-0.771706,1.962815,1.962809,-1.86736,-3.094463,-4.8106,-5.994313,-6.826997,-7.17746,1.0,103.759247,97.5395931,3.4692925629428815,90.60100797411424,104.47817822588577,98.51537715144869,2.2897856099040155,0.01943794443081831
2013-07-24,-0.461722,1.057752,-0.747146,1.017643,1.017666,-2.009751,-3.43269,-5.057663,-6.292833,-7.420772,-7.744311,1.0,104.81517,98.21932635,3.497715238083178,91.22389587383364,105.21475682616637,99.11535742273928,2.502889416214998,0.010125230469779471
2013-07-25,-1.58996,0.016734,-1.841002,0.319004,0.318977,-1.633462,-3.204174,-4.673352,-6.016309,-7.294386,-7.69037,0.0,105.149506,98.82338634999999,3.6029435006659285,91.61749934866813,106.02927335133185,99.69003823962126,2.6679988095787195,0.0031846907674766517
2013-07-26,-0.833333,0.041669,-0.991668,0.41841,0.418418,-1.301664,-2.984997,-4.440554,-5.881248,-7.182,-7.740833,0.0,105.58947,99.379491,3.7505287934349236,91.87843341313015,106.88054858686985,100.25188888346685,2.8020503193699113,0.004175446303839734
2013-07-29,-0.97508,0.333362,-0.983415,-0.008335,-0.008331,-0.570047,-2.508542,-3.83143,-5.392949,-6.676558,-7.391728,0.0,105.580673,99.88676065000001,3.873080279690932,92.14060009061815,107.63292120938188,100.75939213266048,2.8744424786721794,-8.33167026372202e-05
2013-07-30,0.358066,0.69115,-0.507947,0.083339,0.083347,-0.291452,-1.96603,-3.327509,-4.970861,-6.212681,-7.140763,0.0,105.668671,100.4160278,3.9052549883502374,92.60551782329952,108.22653777670047,101.22694250097854,2.905422586630678,0.0008331197950595638
2013-07-31,0.266399,1.207124,-0.666003,0.024987,0.024967,-0.149845,-1.487669,-2.874339,-4.423486,-5.688305,-6.851199,0.0,105.695053,101.01964755,3.7289790597112553,93.56168943057749,108.47760566942252,101.65247683421867,2.898689069086714,0.0002496360268235957
2013-08-01,-1.154126,0.057297,-1.162313,1.706623,1.706631,-1.388228,-2.585738,-4.009164,-5.414583,-6.733893,-7.998416,1.0,107.498878,101.6782619,3.6469769437001305,94.38430801259973,108.97221578740026,102.20927694524548,3.004274899283473,0.01692232079359266
2013-08-02,-0.525163,0.250469,-1.478545,1.30965,1.309644,-2.053803,-3.180892,-4.644628,-6.026896,-7.409219,-8.683304,1.0,108.906731,102.3430351,3.6943217167772673,94.95439166644546,109.73167853355453,102.84712971236496,3.1650694511551904,0.013011426723951815
2013-08-05,-0.483286,0.386625,-0.741038,0.307025,0.307027,-1.683447,-2.792588,-4.411328,-5.711234,-7.18711,-8.45026,0.0,109.241104,103.00208930000001,3.690188078401518,95.62171314319697,110.38246545680305,103.45607964452068,3.281652550756604,0.003065565714747707
2013-08-06,-0.177049,0.217284,-0.313857,0.088602,0.088613,-1.099318,-2.368428,-3.870386,-5.203612,-6.747794,-7.983268,0.0,109.337906,103.64838560000001,3.606217785026126,96.43595002994776,110.86082117005226,104.01625358313777,3.343316933056812,0.0008857392695547812
2013-08-07,-0.433596,0.12847,-0.674485,0.225333,0.225342,-0.611865,-2.152737,-3.526591,-4.894023,-6.374833,-7.631565,0.0,109.58429,104.22120935000001,3.5930272229534723,97.03515490409306,111.40726379590696,104.54654276569607,3.3731835695249686,0.002250882811579439
2013-08-08,0.288833,0.288833,-0.665919,0.080294,0.080272,-0.295242,-1.818831,-3.109213,-4.507373,-5.890236,-7.200998,0.0,109.672256,104.72891804999999,3.6108476049832707,97.50722284003345,111.95061325996653,105.03470593086789,3.3651597483017213,0.0008024025400796199
2013-08-09,0.395102,0.548299,-0.338654,-0.497434,-0.497434,0.243519,-1.003862,-2.169534,-3.566754,-4.924358,-6.2893,0.0,109.126709,105.23442725,3.4741491041418024,98.28612904171639,112.1827254582836,105.42442050888046,3.2770044610379188,-0.00498675238743566
2013-08-12,0.682924,0.95935,-0.016258,-0.822446,-0.822445,0.887811,0.061793,-0.959887,-2.416255,-3.686173,-5.118152,-1.0,108.229202,105.61410865,3.3581056160035714,98.89789741799287,112.33031988200715,105.69154255565375,3.0989961480985926,-0.008258455883283907
2013-08-13,-0.636789,0.193459,-0.854424,0.861787,0.861783,-0.006441,-0.47315,-1.476157,-2.788157,-4.041905,-5.498942,1.0,109.161903,106.11829829999999,3.0697506805174366,99.97879693896512,112.25779966103487,106.02205307416293,2.9986182488088247,0.00858090972072859
2013-08-14,0.307391,0.533891,-0.218415,-0.354663,-0.354667,0.200617,0.16422,-0.882805,-2.056292,-3.30884,-4.698259,0.0,108.774742,106.53801610000001,2.8065132001175805,100.92498969976485,112.15104250023516,106.28421392424265,2.8549176696067633,-0.0035529720784745786
2013-08-15,0.507658,1.007127,-0.245636,-1.205311,-1.205317,1.012047,1.382969,0.470009,-0.585422,-1.833436,-3.128068,-1.0,107.463661,106.8345447,2.551601659004678,101.73134138199063,111.93774801800936,106.39654221717193,2.6052094133133608,-0.012126403524436238
2013-08-16,-0.302778,0.474633,-0.409165,0.057316,0.057329,0.656298,1.196403,0.532465,-0.370289,-1.573152,-2.814232,0.0,107.525269,107.12711485,2.24587691300525,102.6353610239895,111.61886867601049,106.50404000601269,2.3847946437009853,0.0005731271994923671
2013-08-19,0.008198,0.549584,-0.541386,-0.23731,-0.2373,0.716906,1.253372,0.876592,0.123442,-1.091634,-2.234717,0.0,107.270111,107.40252760000001,1.857455826111994,103.68761594777602,111.117439252224,106.5769991482972,2.164573378122043,-0.002375825029578096
2013-08-20,-0.400299,1.274403,-0.400299,0.410139,0.410132,0.035938,0.688664,0.590906,-0.102118,-1.175069,-2.284401,0.0,107.71006,107.60006825,1.6478588540069938,104.30435054198603,110.89578595801399,106.68490970560224,2.0024634933736394,0.004092932032992166
2013-08-21,-0.455541,0.813471,-0.862277,0.424799,0.424791,-0.499468,0.131785,0.317802,-0.369716,-1.305125,-2.388343,0.0,108.167603,107.76768990000001,1.514801260726719,104.73808737854657,110.79729242145345,106.82611859078298,1.8891333843157838,0.004238916419156368
2013-08-22,-0.315253,0.695175,-0.533503,0.634507,0.634515,-0.871393,-0.574736,-0.231727,-0.827743,-1.658394,-2.717915,1.0,108.853943,107.95291175000003,1.3999389182009285,105.15303391359816,110.75278958640189,107.01924472499412,1.83356417198479,0.006325107353146102
2013-08-23,-1.809523,0.238098,-1.912702,1.851104,1.85109,-2.06983,-2.224595,-1.926973,-2.392052,-3.113956,-4.129616,1.0,110.868927,108.2168846,1.4282931521487574,105.36029829570249,111.07347090429751,107.38588113213754,1.9298711860048599,0.01834165454999764
2013-08-26,0.647015,1.230131,-0.071894,-0.642856,-0.642838,-0.912221,-1.417056,-1.23706,-1.552847,-2.182289,-3.221242,-1.0,110.156219,108.4456619,1.348001063879188,105.74965977224163,111.14166402775838,107.64972283383872,1.926478365809686,-0.0064491347080022484
2013-08-27,1.063828,2.176385,-0.276105,-1.637513,-1.637515,0.855932,0.149419,0.346485,0.209921,-0.384279,-1.32478,-1.0,108.352394,108.57984805000001,1.1801412154934412,106.21956561901312,110.9401304809869,107.71664389728265,1.7579711321432683,-0.01651070822758922
2013-08-28,-0.032442,0.567719,-0.064884,0.129937,0.12994,0.78507,-0.006498,0.149219,0.208831,-0.377948,-1.203575,0.0,108.493187,108.71975475000002,0.9667069017683694,106.78634094646328,110.65316855353676,107.79060038325574,1.6171472865967331,0.0012985555816727229
2013-08-29,0.073569,0.580356,-0.25339,-0.778594,0.155551,0.593203,-0.05152,-0.068307,0.106716,-0.403373,-1.138329,0.0,108.661949,108.77790829999999,0.9234115009912666,106.93108529801746,110.62473130198252,107.8735859658028,1.5018486806944935,0.0015542992635021527
2013-08-30,0.130701,0.204215,-0.5718,0.065393,0.065374,0.134606,-0.005746,-0.157734,0.033325,-0.352799,-0.986512,0.0,108.732986,108.76922105000001,0.9229529429142287,106.92331516417156,110.61512693582847,107.9554335881073,1.4000666996520579,0.0006535295086642868
2013-09-03,-0.226481,0.590475,-0.428698,0.9884,0.988398,-0.908914,-0.753321,-1.039081,-0.919926,-1.174091,-1.71134,1.0,109.807701,108.7975509,0.9465926718576522,106.9043655562847,110.6907362437153,108.13184000828755,1.3901000569589712,0.009835456073581774
2013-09-04,-0.740323,0.474776,-0.820791,0.517674,0.517671,-1.052538,-1.022901,-1.475395,-1.383162,-1.512453,-2.017704,0.0,110.376144,108.8494628,1.0044844625849527,106.84049387483009,110.85843172516991,108.3455832455935,1.4117957180175438,0.005163360308327988
2013-09-05,-0.451101,0.177221,-0.861929,-0.104609,-0.104609,-0.628319,-0.729424,-1.282378,-1.24922,-1.243688,-1.750473,0.0,110.260681,108.88328235000002,1.0412412185975692,106.80079991280488,110.96576478719516,108.52797350791793,1.4034941793253637,-0.0010466340833199157
2013-09-06,0.65465,0.929438,-0.961773,-0.330269,-0.330264,-0.074362,-0.305613,-0.807684,-0.911798,-0.829181,-1.280931,0.0,109.89653,108.89449605,1.0513439686847668,106.79180811263046,110.99718398736954,108.65831222144955,1.3519468065115205,-0.003308102700227296
2013-09-09,-0.080599,0.6448,-0.201499,0.274789,0.274778,-0.082207,-0.639639,-0.917774,-1.134694,-1.054046,-1.41203,0.0,110.198502,108.94808570000001,1.0903941904566878,106.76729731908664,111.12887408091338,108.80499696226389,1.3202428214692077,0.0027440164072218155
2013-09-10,-0.303828,0.583676,-0.583676,0.805997,0.805998,-0.650833,-1.350317,-1.480944,-1.79656,-1.778716,-2.035077,1.0,111.0867,109.09096060000002,1.175156046303078,106.74064850739386,111.44127269260618,109.02230201347685,1.3512114164193179,0.008027674348339746
2013-09-11,-1.311524,0.0,-1.311524,1.199328,1.199339,-1.464808,-2.157702,-2.369268,-2.815529,-2.833132,-2.99593,1.0,112.419006,109.25381574999999,1.3913125248219855,106.47119070035602,112.03644079964396,109.34579763124096,1.4663569604238802,0.011922038183414009
2013-09-12,-0.181763,0.671723,-0.268693,-0.023702,-0.023698,-1.062122,-1.787585,-2.09553,-2.631556,-2.710162,-2.774307,0.0,112.392365,109.43469689999999,1.5516693933857895,106.33135811322842,112.53803568677156,109.6359469044561,1.5377348771177708,-0.00023700758557009322
2013-09-13,-0.220039,0.05501,-0.966604,0.561087,0.56109,-1.060913,-1.949716,-2.395886,-2.928894,-3.134413,-3.153867,1.0,113.022987,109.7126632,1.6731850853197061,106.36629302936058,113.05903337063941,109.95852215165077,1.6264397306287606,0.005595214696905972
2013-09-16,-0.194613,0.552694,-0.435937,0.95089,0.950875,-1.309355,-2.403084,-3.126582,-3.555207,-3.872537,-3.914426,1.0,114.097694,110.04128444999999,1.8563600699489136,106.32856431010217,113.75400458989782,110.3527289943507,1.7631345220618186,0.009463823518905946
2013-09-17,-0.902498,0.092561,-1.103048,0.918568,0.918575,-1.50262,-2.827832,-3.719454,-4.091075,-4.507231,-4.618077,1.0,115.145767,110.43506725,2.061558217752408,106.31195081449519,114.55818368550482,110.80920880441255,1.9337458427337424,0.009143818522156745
2013-09-18,-0.909509,0.038217,-1.826658,0.925638,0.925653,-1.753294,-3.216918,-4.151647,-4.604937,-5.140405,-5.295724,1.0,116.211617,110.8601451,2.3292133565798308,106.20171838684034,115.51857181315965,111.32372387065897,2.1304037624312997,0.009213948759019845
2013-09-19,0.467828,0.927991,-0.145718,-0.343929,-0.343939,-0.823683,-2.403562,-3.399549,-3.945672,-4.569964,-4.78963,0.0,115.81192,111.24236094999999,2.4860449982071127,106.27027095358577,116.21445094641422,111.7511711210724,2.2283177136196173,-0.0034453176651125374
2013-09-20,1.906252,2.054691,0.0,-1.832962,-1.832975,1.145322,-0.247649,-1.301036,-1.939497,-2.56906,-2.894089,-1.0,113.689117,111.48411965,2.4766393232608515,106.53084100347829,116.4373982965217,111.93573739525598,2.1102965789253574,-0.01849981656130451
2013-09-23,0.391782,0.971633,-0.48582,-0.296873,-0.29687,1.314845,0.327538,-0.735516,-1.538006,-2.073353,-2.48071,0.0,113.351608,111.6082537,2.506223515741954,106.5958066685161,116.62070073148391,112.0705822147554,1.9668571192198954,-0.002973116374741179
2013-09-24,-0.202905,0.84283,-0.202905,0.407457,0.407459,0.669584,0.159986,-0.903697,-1.776901,-2.240777,-2.712898,0.0,113.813469,111.79111619999999,2.5280298734236597,106.73505645315267,116.84717594684732,112.23657143239774,1.8689050625364558,0.004066308452866342
2013-09-25,-0.132957,0.461439,-0.4458,-0.218509,-0.218518,0.423908,0.480224,-0.499495,-1.332307,-1.820472,-2.370611,0.0,113.564766,112.05173479999999,2.4212909554558624,107.20915288908827,116.89431671091171,112.36306615312176,1.7510243792370375,-0.0021875717276110714
2013-09-26,-1.309212,0.077005,-1.417028,1.556394,1.556396,-1.198307,-0.804771,-1.731225,-2.547937,-3.076627,-3.677297,1.0,115.332283,112.39368959999999,2.374762262574964,107.64416507485006,117.14321412514991,112.64584870996731,1.7797115318743977,0.015444079684463414
2013-09-27,0.270807,0.471991,-0.905291,-0.469774,-0.469774,-0.54008,-0.182602,-0.983179,-1.821027,-2.412292,-3.009903,0.0,114.790482,112.70011625,2.2605448846829477,108.17902648063409,117.2212060193659,112.85009949949423,1.7386850157711962,-0.004708808371104468
2013-09-30,0.415523,0.807526,-0.235204,-1.307646,-1.30764,0.766754,1.0686,0.510649,-0.319092,-1.033826,-1.555218,-1.0,113.289436,112.92793875,2.0604331922503047,108.80707236549938,117.04880513450061,112.89194107097097,1.5669860984166064,-0.013162646541704731
2013-10-01,0.211762,0.627453,-0.047057,-0.039203,-0.0392,0.705879,0.940391,0.677125,-0.128236,-0.885914,-1.340742,0.0,113.245026,113.09980499999999,1.9254010437283648,109.24900291254326,116.95060708745672,112.92556820706898,1.4110640851226464,-0.00039208163011352957
2013-10-02,1.62296,1.654941,-0.783502,-1.898038,-1.898041,2.209785,2.432842,2.545573,1.836426,1.130478,0.669661,-1.0,111.095589,113.13577725,1.8779732479590727,109.37983075408187,116.89172374591814,112.75128447306241,1.101357401372411,-0.019162849981703766
2013-10-03,1.693399,1.701535,-0.594321,-1.798849,-1.798851,2.939023,3.693724,4.222642,3.648542,3.005133,2.542132,-1.0,109.097145,113.07760045,1.9866073710005443,109.10438570799892,117.0508151920011,112.40327118991361,0.6867385989883559,-0.018152269043095824
2013-10-04,0.530614,0.74286,-0.800002,-0.268666,-0.268665,2.115921,3.524084,4.244902,3.877555,3.287841,2.81684,0.0,108.804039,113.02297589999998,2.0909580971105206,108.84105970577893,117.20489209422102,112.06048717182661,0.33068705183288216,-0.0026902669494482103
2013-10-07,-1.12496,1.133054,-1.400126,0.865304,0.865302,0.594049,2.307387,3.086228,2.965775,2.438662,1.900675,1.0,109.745522,113.0003269,2.1253334255370127,108.74966004892597,117.25099375107403,111.84001429831932,0.1230648305363502,0.0086157924059807
2013-10-08,0.955412,1.216722,-0.057162,-0.890255,-0.890246,0.674502,2.762531,3.621316,3.784092,3.320593,2.773462,-1.0,108.768517,112.88441774999998,2.2918775309506514,108.30066268809868,117.46817281190128,111.54749074609843,-0.1189423209699072,-0.00894232256188537
2013-10-09,0.483491,0.909612,-0.229451,-0.351135,-0.351138,0.529377,2.64689,3.505149,3.963782,3.611245,3.136663,0.0,108.386589,112.68279690000001,2.5026531789161837,107.67749054216765,117.68810325783238,111.24645248456525,-0.3376607864409493,-0.0035175630989535377
2013-10-10,-3.133881,0.015785,-3.133881,3.810539,3.810544,-2.552895,-1.371177,-0.489428,0.153138,-0.111781,-0.529948,1.0,112.516708,112.68901405,2.5020480823341664,107.68491788533166,117.69311021466834,111.36742920032094,-0.17570523903005153,0.037397362532985715
2013-10-11,0.031704,0.324962,-0.332883,-0.402591,-0.402582,-1.577247,-1.215831,-0.183891,0.515167,0.369332,-0.026695,0.0,112.063736,112.6410515,2.5045019896216734,107.63204752075666,117.65005547924335,111.4337441336237,-0.08294916924623408,-0.004033945308762759
2013-10-14,-1.301964,0.101958,-1.701959,1.054135,1.054123,-1.98588,-2.250197,-1.231375,-0.570981,-0.57004,-0.936733,1.0,113.245026,112.5984181,2.48558687120993,107.62724435758014,117.56959184241987,111.60624716851669,0.08490221499174311,0.01048606200488311
2013-10-15,1.247021,1.374102,-0.142971,-1.2549,-1.254894,-0.193809,-1.135036,-0.094794,0.544074,0.719929,0.382305,-1.0,111.823921,112.43232580000002,2.416433061674119,107.59945967665178,117.26519192334825,111.62697800961034,0.10207766173100197,-0.012628342601589394
2013-10-16,-0.938524,0.101671,-1.431254,1.55679,1.556773,-0.811814,-2.433122,-1.62625,-1.113711,-0.78366,-1.062873,1.0,113.564766,112.29998325,2.2663779810973117,107.76722728780537,116.83273921219462,111.8115292467903,0.2532417563360525,0.015447799460048815
2013-10-17,-1.383736,0.06957,-1.754797,1.173158,1.173161,-1.547613,-3.059674,-2.792203,-2.300166,-1.846933,-2.075598,1.0,114.897064,112.25424045,2.2000262501045773,107.85418794979084,116.65429295020915,112.10538969947693,0.47506940018516275,0.011663332146486512
2013-10-18,0.55082,0.55082,-0.193949,-0.355602,-0.355596,-0.77269,-2.217219,-2.462888,-1.916599,-1.445458,-1.592445,0.0,114.488495,112.29420935,2.23445821695394,107.82529291609212,116.76312578390788,112.33235210905055,0.6108596920876437,-0.003562294277292279
2013-10-21,2.873097,3.000794,-0.167603,-2.792856,-2.792879,1.72707,0.731065,0.219758,0.808877,1.285255,1.267645,-1.0,111.29097,112.19117744999998,2.230640134497163,107.72989718100565,116.65245771899431,112.23317286056955,0.4552135140387179,-0.028326214681818226
2013-10-22,-0.353715,0.099954,-2.122262,3.790902,3.790924,-1.350258,-2.364477,-3.310011,-2.799695,-2.40154,-2.303474,1.0,115.509926,112.2760003,2.325801690082755,107.6243969198345,116.92760368016552,112.54524458813435,0.6646357789401236,0.03720834274856671
2013-10-23,-1.500224,0.037887,-1.500224,1.484039,1.484031,-2.168506,-3.038329,-4.375401,-4.065,-3.794201,-3.595482,1.0,117.224129,112.45896845,2.5642402204389922,107.33048800912202,117.58744889087798,112.99085262735966,0.9578843935615708,0.014731269129153393
2013-10-24,-0.452414,0.279,-0.927459,0.484921,0.484913,-2.148987,-3.058346,-4.344727,-4.423523,-4.191205,-3.907888,0.0,117.792564,112.58198250000001,2.760814964653252,107.06035257069351,118.10361242930651,113.44815847237302,1.2220667623554533,0.0048374104938444405
2013-10-25,-1.186564,0.141793,-1.567169,1.040571,1.040584,-2.395529,-3.47239,-4.757711,-5.230223,-4.998805,-4.7296,1.0,119.018295,112.79337315000001,3.081991961207635,106.62938922758474,118.95735707241528,113.97864766548035,1.5128996750873398,0.010352075504415404
2013-10-28,0.397808,0.863176,-0.210162,-0.57463,-0.574617,-0.641009,-2.484437,-3.723394,-4.469347,-4.281326,-4.059653,-1.0,118.334396,113.04562115000002,3.32185022423707,106.40192070152588,119.68932159847415,114.39348084019652,1.6689631517281498,-0.005762739741948727
2013-10-29,-0.194531,0.172075,-0.591059,0.322756,0.322746,-0.420478,-2.217575,-3.474492,-4.546241,-4.424066,-4.268047,0.0,118.716316,113.31918565000001,3.5561611206721366,106.20686340865574,120.43150789134428,114.80517942684448,1.802682135971196,0.003222266891620696
2013-10-30,0.299128,0.927315,-0.299128,0.044888,0.04489,-0.204911,-1.82322,-2.934993,-4.266008,-4.291659,-4.239211,0.0,118.769608,113.70288660000001,3.714109298609212,106.2746680027816,121.13110519721843,115.18274405285929,1.891155549426884,0.0004488013436494883
2013-10-31,0.502474,1.079948,-0.134987,-0.28418,-0.284178,0.187492,-1.244943,-2.325387,-3.599073,-3.914207,-3.892558,0.0,118.432091,114.16963389999998,3.6913341439829774,106.78696561203402,121.55230218796594,115.49220566687269,1.9119962631095433,-0.0028458247070810615
2013-11-01,-0.750658,1.701964,-0.832412,0.90746,0.907452,-0.631731,-1.71312,-2.788555,-4.018209,-4.620438,-4.594574,1.0,119.506805,114.70477220000001,3.6480804917062613,107.40861121658749,122.00093318341253,115.87454846050386,1.9922674973269068,0.00903359078005744
2013-11-04,-0.545164,0.191539,-0.611464,0.884431,0.884436,-1.133051,-1.805664,-3.236095,-4.411012,-5.21527,-5.231576,1.0,120.563766,115.2456844,3.6759764892828857,107.89373142143423,122.59763737856578,116.32114060712254,2.1167701395504395,0.00880547603149968
2013-11-05,-0.103343,0.656972,-0.31003,-0.198913,-0.198911,-0.668784,-1.209867,-2.572286,-3.740316,-4.791028,-4.862336,0.0,120.323952,115.82345615,3.5086506645648514,108.80615482087029,122.8407574791297,116.70236073977753,2.17106174653982,-0.0019910859816191194
2013-11-06,-0.979028,0.043836,-0.979028,1.033435,1.033428,-1.224512,-1.863075,-3.129973,-4.182795,-5.42032,-5.616028,1.0,121.567413,116.48249734999999,3.2678763541564333,109.94674464168712,123.01825005831286,117.16569905027491,2.288049931542446,0.010281243013447757
2013-11-07,0.506609,1.431716,-0.080764,-0.489514,-0.48951,-0.318647,-1.117471,-2.31865,-3.361967,-4.562407,-4.996328,0.0,120.972328,116.90527835,3.2747641142284145,110.35575012154317,123.45480657845684,117.52823514072492,2.3061615302591036,-0.004907123192893215
2013-11-08,-1.40468,0.028957,-1.520531,1.402352,1.402345,-1.181662,-2.18738,-3.224962,-4.26616,-5.430159,-6.096102,1.0,122.668777,117.43553040000002,3.3079772775268923,110.81957584494623,124.05148495505381,118.01781055589397,2.4293997511310295,0.013926027929829917
2013-11-11,0.561432,0.561432,-0.619753,-0.695103,-0.695086,-0.284367,-1.216921,-1.971571,-3.244266,-4.371862,-5.205499,-1.0,121.816124,117.86408530000001,3.291677278577081,111.28073074284585,124.44743985715418,118.37955469342789,2.430250542399577,-0.006975125690592786
2013-11-12,-0.058298,0.007294,-0.604825,0.058332,0.058309,-0.085977,-1.014342,-1.679892,-2.887841,-3.997072,-5.024398,0.0,121.887154,118.36724695000001,3.082255760529449,112.20273542894111,124.53175847105891,118.71361177024428,2.4088881647051323,0.0005829220074036964
2013-11-13,-0.524553,0.087433,-1.253098,0.02186,0.021876,-0.051001,-0.778087,-1.444948,-2.566664,-3.57424,-4.749382,0.0,121.913818,118.78469955,2.960571783018244,112.86355598396351,124.70584311603649,119.01839331593531,2.366826584862409,0.00021873579820114752
2013-11-14,-0.397706,0.079544,-0.932817,0.750399,0.750387,-0.493159,-1.159148,-1.905645,-2.969475,-3.956602,-5.086161,1.0,122.828644,119.18127855,2.9435835557675243,113.29411143846495,125.06844566153505,119.38127433346529,2.379877545557008,0.0074758605695736825
2013-11-15,0.349215,0.429244,-0.771188,-0.607416,-0.607415,0.018918,-0.34412,-1.138831,-2.065473,-3.041391,-4.143561,-1.0,122.082565,119.56098205,2.7922896613567176,113.97640272728657,125.14556137271344,119.6385401112305,2.303465272077773,-0.006092667713766408
2013-11-18,-0.166856,0.725426,-0.166856,0.291021,0.291059,-0.169785,-0.480268,-1.202307,-1.894486,-3.022451,-4.076204,0.0,122.437897,120.1183284,2.075059805741745,115.9682087885165,124.26844801148349,119.90514552920854,2.245693362405106,0.0029063600421462173
2013-11-19,-0.618839,0.273444,-0.899475,0.812474,0.812416,-0.723874,-1.030416,-1.743758,-2.364156,-3.427768,-4.453216,1.0,123.432602,120.5144622,1.8976465731611742,116.71916905367765,124.30975534632235,120.24109376452202,2.2541882096711987,0.008091336138017928
2013-11-20,1.202707,1.202707,-0.145781,-1.280851,-1.280819,0.553967,0.276978,-0.300323,-0.90751,-1.902773,-2.845211,-1.0,121.851654,120.74583845000002,1.7518603311556702,117.24211778768868,124.24955911231136,120.39448045361516,2.10903945229083,-0.012890920262605403
2013-11-21,-0.749977,0.245184,-1.016805,1.078793,1.078795,-0.464415,-0.615137,-1.108154,-1.74696,-2.681194,-3.593911,1.0,123.166183,121.0145194,1.6859126293696542,117.64269414126069,124.3863446587393,120.65845212469944,2.076146990499467,0.010730170738591368
2013-11-22,-1.28478,0.042587,-1.497729,1.593717,1.593705,-1.538894,-1.977571,-2.359929,-3.04408,-3.867691,-4.758188,1.0,125.129089,121.32005910000001,1.8507666612864824,117.61852577742704,125.02159242257298,121.08422706520426,2.183301842480617,0.015811391637951623
2013-11-25,-0.423244,0.261012,-0.677195,0.624638,0.624654,-1.598486,-2.260873,-2.682948,-3.345099,-4.00001,-5.014118,1.0,125.910713,121.69887495,1.9784536435615812,117.74196766287685,125.65578223712316,121.54389239232766,2.3047259134917084,0.006227112350467292
2013-11-26,-1.09045,0.251643,-1.223263,0.917045,0.917031,-1.920866,-2.741504,-3.213568,-3.894867,-4.508596,-5.477421,1.0,127.065353,122.1163268,2.1859528261421475,117.7444211477157,126.4882324522843,122.06974578353454,2.465702084073129,0.009128515880885238
2013-11-27,-1.285262,0.340413,-1.285262,0.615129,1.559295,-2.311624,-3.682032,-4.313198,-4.972229,-5.60827,-6.528773,1.0,129.046677,122.63018025,2.5374845108273565,117.55521122834529,127.7051492716547,122.73421542319791,2.721778182573402,0.015472631470219345
2013-11-29,1.552903,1.835255,-0.303517,-1.577049,-1.57707,-0.140814,-1.809359,-2.46298,-3.111819,-3.805458,-4.71311,-1.0,127.01152,123.0591517,2.5155263105963637,118.02809907880727,128.09020432119272,123.14157776384573,2.729041482736605,-0.01589638511745157
2013-12-02,1.539019,2.004297,-0.193274,-1.390556,-1.390508,1.285892,-0.172226,-0.950444,-1.516489,-2.250127,-3.083166,-1.0,125.245415,123.3460822,2.4142513023826413,118.51757959523472,128.1745848047653,123.34194321490804,2.5627460457392743,-0.01400265849772459
2013-12-03,0.389129,0.670169,-0.771065,-0.665707,-0.665728,1.723711,0.655455,-0.147543,-0.70182,-1.399626,-2.0821,-1.0,124.411621,123.53847495,2.332802332891551,118.87287028421689,128.2040796157831,123.4438172896787,2.336739033325543,-0.006679540167749419
2013-12-04,1.717691,1.798427,-0.616602,-1.830373,-1.830387,2.812902,2.425898,1.727717,1.223726,0.550738,-0.075609,-1.0,122.134407,123.62899770000001,2.234557879375814,119.15988194124839,128.09811345875164,123.31911154780454,1.9513804106842798,-0.018473457308662747
2013-12-05,-0.292704,0.658564,-0.47564,0.315649,0.315647,1.423978,2.158155,1.440607,0.944094,0.356791,-0.245945,0.0,122.51992,123.67662304999999,2.1981605683346017,119.28030191333079,128.0729441866692,123.24299806706125,1.6579764822823222,0.0031514939776516307
2013-12-06,-0.209862,0.224327,-0.701933,1.119565,1.119589,-0.202628,1.085622,0.374664,-0.055735,-0.578085,-1.186318,1.0,123.89164,123.82258865000001,2.1040460926898668,119.61449646462029,128.03068083537974,123.30477348924589,1.5186322479812873,0.011133683579729136
2013-12-09,-0.309503,0.259123,-0.460664,0.535488,0.535491,-0.845038,0.501115,-0.027633,-0.512356,-0.945523,-1.564463,0.0,124.555069,123.91690324999999,2.0918454520137746,119.73321234597245,128.10059415402753,123.42384925217485,1.4450761755462338,0.0053406268052091435
2013-12-10,-0.430688,0.394805,-0.653222,0.273523,0.273526,-1.037986,0.145704,-0.169142,-0.660451,-1.076985,-1.65786,0.0,124.89576,124.07088504999999,2.0418156225367636,119.98725380492645,128.1545162950735,123.56403122815819,1.3981562991307612,0.002731530002907852
2013-12-11,1.484063,1.484063,-0.160048,-1.327967,-1.327987,0.472869,1.182889,1.163869,0.731294,0.348937,-0.212032,-1.0,123.23716,124.13838535,1.9874143482706659,120.16355665345866,128.11321404654132,123.53290063500026,1.213152335567301,-0.013368840400731061
2013-12-12,-0.550801,0.507318,-0.550801,0.378284,0.378297,0.285551,0.369614,0.882404,0.423999,0.039818,-0.455158,0.0,123.703362,124.22786254999998,1.9211690804312023,120.38552438913757,128.0702007108624,123.54913505071453,1.091571015560973,0.003775828690295754
2013-12-13,-0.280515,0.122274,-0.596995,0.760982,0.760975,-0.350998,-0.578289,0.199592,-0.261582,-0.59786,-1.040807,1.0,124.644714,124.31866605,1.8942846052068594,120.53009683958629,128.10723526041372,123.65347590302743,1.0589690467177064,0.0075809446443539045
2013-12-16,-0.656907,0.257052,-0.728314,0.733657,0.733671,-0.916825,-1.277414,-0.507352,-0.849558,-1.229751,-1.600875,1.0,125.559196,124.49249760000001,1.8369366324411165,120.81862433511778,128.16637086488225,123.83497305512005,1.094308301365075,0.007309926308587725
2013-12-17,-0.27689,0.099396,-0.702879,0.571227,0.571225,-1.260925,-1.690463,-1.053144,-1.260724,-1.64946,-2.008965,1.0,126.276421,124.68442380000002,1.811319283475245,121.06178523304953,128.3070623669505,124.06749190701338,1.1667395316288065,0.005695992867889609
2013-12-18,-1.948099,0.180901,-2.595141,2.044721,2.044739,-2.366951,-3.138541,-2.94304,-3.028694,-3.403774,-3.751706,1.0,128.858444,124.9557159,2.0094522967806085,120.93681130643878,128.97462049356122,124.52377305872639,1.4161648142385275,0.020241147009321756
2013-12-19,0.531502,0.531502,-0.783279,-0.514848,-0.514857,-1.160927,-2.19457,-2.48504,-2.279436,-2.707879,-3.081269,-1.0,128.195007,125.27288354999999,1.9942809324755726,121.28432168504884,129.26144541495114,124.87341438646673,1.5425211033004018,-0.005161871747066966
2013-12-20,-0.568621,0.499262,-0.908406,0.853208,0.853192,-1.278682,-2.604533,-3.192567,-2.869348,-3.331079,-3.686762,1.0,129.288757,125.57901225,2.119840225543917,121.33933179891217,129.81869270108783,125.29392320680323,1.7111903200491554,0.008495732404064505
2013-12-23,-0.075831,0.648009,-0.220594,0.589412,0.589433,-1.166418,-2.752664,-3.513503,-3.249289,-3.652457,-4.061927,1.0,130.050827,125.82509915,2.3391884561603398,121.14672223767931,130.5034760623207,125.74696166329815,1.8846297312335167,0.005877021792794727
2013-12-24,-0.663748,0.095799,-0.780073,0.74452,0.74449,-1.172828,-3.003953,-3.890321,-3.76932,-4.102473,-4.536762,1.0,131.019043,126.08051564999998,2.612008918855551,120.85649781228888,131.30453348771107,126.24906464774594,2.0762746518909694,0.007417328081593976
2013-12-26,-1.679656,0.248596,-1.787156,1.847541,1.847547,-2.278946,-3.998913,-5.068968,-5.276129,-5.542112,-5.979913,1.0,133.439682,126.39923209999999,3.0846397256358284,120.22995264872833,132.56851155127165,126.93388534796061,2.395861964065446,0.01830687646537956
2013-12-27,0.762837,1.255654,-0.411801,-0.477016,-0.47701,-1.116591,-2.853574,-4.097753,-4.680691,-4.759522,-5.255958,0.0,132.803162,126.58705634999998,3.356696662449238,119.87366302510151,133.30044967489846,127.49286407672626,2.568171089397964,-0.004781508514233928
2013-12-30,0.721185,1.217858,-0.659954,-0.776351,-0.776341,0.034012,-1.552594,-2.948705,-3.754259,-3.753108,-4.288429,-1.0,131.772156,126.82508814999998,3.5515211227710717,119.72204590445784,133.92813039554213,127.90041568846662,2.591658716488695,-0.007793706733926132
2013-12-31,-0.908116,0.134533,-0.908116,1.143018,1.14303,-0.612157,-2.085985,-3.609149,-4.540584,-4.596227,-5.090067,1.0,133.278351,127.22673495000001,3.808408802523606,119.60991734495279,134.8435525550472,128.41260000385074,2.7006784389502485,0.011365465627101713
2014-01-02,0.670908,1.177508,-0.157466,-1.742229,-1.742269,1.140566,0.00755,-1.591457,-2.598055,-2.750449,-3.190335,-1.0,130.956284,127.55396809999999,3.8348719419457935,119.88422421610841,135.22371198389158,128.6548556225316,2.570079675192744,-0.01757624830907327
2014-01-03,-0.380796,0.183601,-0.394398,0.677751,0.677763,0.21761,-0.439265,-1.818747,-2.885547,-3.260159,-3.629401,1.0,131.843857,128.03944059999998,3.7257033719817207,120.58803385603653,135.49084734396342,128.95857003943337,2.509273593329283,0.006754763307064703
2014-01-06,0.697296,1.237351,-0.123047,-0.530395,-0.530385,0.499043,0.316515,-0.916961,-2.038898,-2.680342,-2.87934,-1.0,131.144577,128.47067345,3.5481201523469545,121.37443314530609,135.5669137546939,129.16676117853495,2.3772547702929216,-0.005317965032735541
2014-01-07,0.262431,0.464304,-0.746922,1.592837,1.592844,-0.857285,-0.960239,-2.040693,-3.224218,-4.019388,-4.150194,1.0,133.233505,128.9377667,3.528436888510755,121.88089292297849,135.9946404770215,129.5540701139126,2.4133681280816006,0.0158029096564184
2014-01-08,-0.074075,0.404044,-0.531982,-0.07402,-0.074041,-0.80538,-0.655208,-1.588761,-2.830289,-3.711234,-3.87873,0.0,133.134857,129.3667561,3.488887323748053,122.3889814525039,136.34453074749612,129.8950974363971,2.406289942553258,-0.0007406885995718796
2014-01-09,0.18154,1.143009,-0.12775,0.154879,0.154875,-0.601075,-0.634689,-1.387729,-2.663867,-3.592263,-3.84162,0.0,133.341049,129.78902055,3.4298489533450933,122.92932264330982,136.64871845669018,130.22328329959737,2.3897706126657567,0.0015475473504969724
2014-01-10,-0.30779,0.160592,-1.271324,0.484099,0.484137,-0.760139,-1.072617,-1.607689,-2.731699,-3.702928,-4.132728,0.0,133.986603,130.3264927,3.1824246675656425,123.9616433648687,136.69134203513127,130.5816946996357,2.401091449789078,0.004829693075263336
2014-01-13,1.842035,2.272733,-0.271669,0.983607,0.983595,-1.111854,-1.851318,-2.21575,-3.250402,-4.262926,-4.912323,1.0,135.304489,130.90654905000002,2.9612762899226253,124.98399647015478,136.82910162984527,131.03148463300374,2.48772869312171,0.009787895408174332
2014-01-14,-0.191516,0.336808,-1.472722,0.331301,0.331273,-1.067215,-1.882163,-2.221175,-3.160723,-4.229539,-5.011648,0.0,135.752716,131.46194915,2.7598565802950885,125.94223598940984,136.9816623105902,131.48112571557482,2.563012690682939,0.0033072532313318187
2014-01-15,-1.35505,0.547229,-1.563514,1.373664,1.373702,-1.756369,-2.896436,-3.179605,-4.034868,-5.147637,-5.999148,1.0,137.617554,132.06486705,2.7193084934541427,126.62625006309172,137.50348403690828,132.06554745694865,2.7415497635222437,0.013643524056577781
2014-01-16,-0.319242,0.019545,-0.566819,-0.006511,-0.00652,-1.129721,-2.406684,-2.854052,-3.616858,-4.771917,-5.673346,0.0,137.608582,132.6314751,2.6288271258597264,127.37382084828053,137.88912935171945,132.59345550866783,2.849470789096955,-6.519729654724938e-05
2014-01-17,-0.058517,0.110517,-0.526597,0.214999,0.214984,-0.773628,-2.176568,-2.846615,-3.495642,-4.550771,-5.494516,0.0,137.904419,133.08377385,2.722040639332838,127.63969257133432,138.52785512866566,133.09926155546137,2.925151230340987,0.0021475365055301995
2014-01-21,-0.064897,1.583379,-0.201177,0.18203,0.182038,-0.54121,-1.846857,-2.764876,-3.310518,-4.305779,-5.288994,0.0,138.155457,133.58179635000002,2.691526665703052,128.19874301859392,138.96484968140612,133.58080397875077,2.971135789944242,0.0018187218862445692
2014-01-22,-1.0533,0.255352,-1.525694,1.654762,1.654753,-1.492484,-2.931366,-3.936153,-4.487382,-5.413586,-6.437908,1.0,140.441589,134.13943795,2.9023519075593605,128.33473413488127,139.94414176511873,134.2342120760126,3.155673985759421,0.01641211454436618
2014-01-23,4.398961,5.27609,-0.126256,-3.932326,-3.932331,2.139685,1.174172,0.077087,-0.397362,-1.264394,-2.352086,-1.0,134.918961,134.38284464999998,2.741064579625562,128.90071549074887,139.8649738092511,134.2994262592495,2.823741575235573,-0.04011735637252505
2014-01-24,2.416085,2.416085,-0.730916,-1.814081,-1.814082,3.251229,2.977819,2.002361,1.497714,0.746904,-0.35732,-1.0,132.47142,134.4554635,2.6654532375372457,129.1245570249255,139.7863699750745,134.12533042503526,2.3362557427711863,-0.01830738525714333
2014-01-27,0.748191,1.407966,-1.292347,-0.500806,-0.500803,2.845871,3.330845,2.513949,1.94668,1.343497,0.360956,-1.0,131.807999,134.37387934999998,2.7225405610129307,128.9287982279741,139.81896047202585,133.9046321940795,1.8747759282447305,-0.005020613380008341
2014-01-28,-0.85649,0.364181,-0.998109,0.857023,0.857045,1.186926,2.274737,1.732745,1.085434,0.625022,-0.260329,1.0,132.937653,134.3806039,2.7186200424038724,128.94336381519227,139.81784398480775,133.8125389375005,1.581967550159959,0.008533933209700702
2014-01-29,-0.142523,0.604003,-0.576862,-0.627187,-0.627189,0.56327,2.644033,2.317822,1.735989,1.345354,0.557391,-1.0,132.103882,134.3971902,2.702834416917603,128.99152136616482,139.8028590338352,133.6498097053576,1.2680195097782985,-0.006291645951922231
2014-01-30,-0.047093,1.096454,-0.665953,0.889038,0.88905,-0.569102,1.413943,1.42336,0.839476,0.549149,-0.135678,1.0,133.278351,134.3971902,2.702834416917603,128.99152136616482,139.8028590338352,133.61443268579973,1.1012882928436625,0.008851207968357675
2014-01-31,-2.544561,0.715659,-3.293355,1.513521,1.513464,-1.634053,-0.269004,0.007543,-0.50358,-0.823506,-1.402349,1.0,135.295471,134.61414955,2.583618530865637,129.44691248826874,139.78138661173128,133.77453157286644,1.1190179856402267,0.0150212549614596
2014-02-03,1.895213,2.88344,-0.216601,-2.100589,-2.10055,0.573978,1.459311,2.076161,1.654249,1.274663,0.803656,-1.0,132.453522,134.6446328,2.5526231665138055,129.5393864669724,139.74987913302763,133.64872113735535,0.8934482465419364,-0.021229254323455262
2014-02-04,-0.263193,0.533141,-2.355238,0.297812,0.297783,0.26187,0.758562,1.649823,1.416548,0.975329,0.62112,0.0,132.847946,134.72980125,2.4562962611784878,129.81720872764302,139.642393772357,133.5724568385596,0.7380020948661752,0.002973404508988696
2014-02-05,-1.762081,1.050603,-1.96822,1.491433,1.491445,-0.80723,-1.138365,0.110392,-0.014618,-0.417835,-0.720559,1.0,134.8293,134.809591,2.430920386454213,129.94775022709157,139.67143177290845,133.6921561872682,0.7658602484550272,0.014804322869589267
2014-02-06,-1.32464,0.593116,-1.476213,0.89767,0.897674,-1.283783,-1.935546,-0.857604,-0.797413,-1.222614,-1.457094,1.0,136.039627,134.95482950000002,2.412298256993575,130.13023298601286,139.77942601398718,133.9157248360998,0.8755089870394386,0.008936684385005035
2014-02-07,-2.082132,0.367429,-2.62361,2.234085,2.234089,-2.896931,-3.603431,-2.953654,-2.758976,-3.147554,-3.417349,1.0,139.078873,135.2417207,2.5476696349507764,130.14638143009844,140.33705996990156,134.4074532326617,1.1938857823743376,0.02209498556230016
2014-02-10,0.500068,0.928697,-0.305235,-0.74132,-0.741321,-1.361218,-2.431479,-2.221929,-1.885628,-2.24444,-2.584744,-1.0,138.047852,135.44478314999998,2.6036023229782903,130.2375785040434,140.65198779595656,134.75415787717012,1.347474066099693,-0.007440825181651364
2014-02-11,-1.897684,0.482362,-2.145218,2.324979,2.324987,-2.411785,-4.05941,-4.297203,-3.90423,-4.179235,-4.598673,1.0,141.257446,135.74243099999998,2.9090750761529804,129.92428084769404,141.56058115230593,135.37351865077295,1.7084869258150093,0.022983705006159275
2014-02-12,-0.132136,0.333501,-0.597783,0.863163,0.863154,-2.173416,-4.152401,-5.02097,-4.490617,-4.739737,-5.164646,1.0,142.476715,136.07863095,3.2757602995257096,129.52711035094856,142.63015154905142,136.05001354117553,2.069125446380383,0.008594499166716623
2014-02-13,-1.339173,0.600746,-2.040056,0.553741,0.553754,-1.703389,-3.983119,-5.155621,-4.819471,-4.981486,-5.454536,1.0,143.265686,136.36103755,3.6387672264862987,129.0835030970274,143.63857200297258,136.73722044201597,2.3910350742150115,0.005522267624540836
2014-02-14,-1.896983,0.214873,-2.197803,1.933665,1.933655,-2.61526,-5.069066,-6.335562,-6.336484,-6.436242,-6.903839,1.0,146.03595,136.78240595,4.230642907672384,128.32112013465522,145.24369176534478,137.62281373325254,2.8369849299348573,0.01915197380204323
2014-02-18,-0.719114,0.768285,-0.719114,-0.116644,-0.116638,-1.429626,-4.038728,-5.583694,-5.954214,-6.001231,-6.4747,0.0,145.865616,137.1804658,4.691230382190434,127.79800503561914,146.5629265643809,138.40784252056181,3.140457632508145,-0.0011670647860347724
2014-02-19,-0.030733,1.266531,-0.393482,-0.030733,-0.030723,-0.773448,-3.119592,-4.965683,-5.662476,-5.68387,-6.110471,0.0,145.820801,137.563733,5.072693238120065,127.41834652375988,147.70911947624015,139.1138385662226,3.338857469196512,-0.00030728205182509356
2014-02-20,-0.77312,0.986178,-0.821821,0.99601,0.996001,-1.100629,-3.230054,-5.216217,-6.360877,-6.301096,-6.71862,1.0,147.273178,137.90531245,5.489558767195448,126.9261949156091,148.8844299843909,139.89091851229662,3.572108412821933,0.009910738480353414
2014-02-21,0.407715,0.67547,-0.584195,0.036524,0.036543,-0.585424,-2.49926,-4.615129,-5.973978,-6.071708,-6.431593,0.0,147.326996,138.52571419999998,5.8251799747065425,126.8753542505869,150.17607414941307,140.59911636826837,3.718440264234175,0.0003653629926143506
2014-02-24,-0.312991,1.366321,-0.806546,1.10144,1.101404,-1.277217,-2.898745,-5.043124,-6.445154,-6.790406,-7.101628,1.0,148.949661,139.34962625,6.083408325857326,127.18280959828535,151.51644290171464,141.39440633319518,3.9201557003636083,0.010953824315363037
2014-02-25,1.815293,2.334816,-0.311714,-1.522811,-1.522788,0.360611,-0.808637,-2.928112,-4.491483,-5.109722,-5.376616,-1.0,146.681473,140.09329995000002,6.02175050641731,128.0497989371654,152.13680096283463,141.89793649193848,3.8525826466147066,-0.015345017803593913
2014-02-26,1.535784,2.225954,-0.012438,-1.699162,-1.699183,1.869068,1.109258,-0.725808,-2.450404,-3.302112,-3.535608,-1.0,144.189087,140.65587165,5.8409198716887945,128.9740319066224,152.3377113933776,142.11614130223006,3.5569139048272405,-0.01713784304623481
2014-02-27,-0.644207,0.142465,-1.195495,0.379282,1.216298,0.462618,0.131746,-1.411101,-3.148517,-4.313334,-4.462061,1.0,145.942856,141.34782035,5.588759256320706,130.1703018373586,152.5253388626414,142.4805903210653,3.424631774881732,0.01208960545681072
2014-02-28,-0.70857,0.622301,-0.70857,0.532706,0.532719,-0.152428,-0.163391,-1.448212,-3.203648,-4.498637,-4.761507,0.0,146.720322,142.0199189,5.371285642668113,131.27734761466377,152.76249018533622,142.88437429048767,3.3439848665212537,0.005313055330072312
2014-03-03,-1.669212,0.403549,-1.852644,0.770179,0.770197,-1.064277,-0.803733,-1.805941,-3.518892,-4.812496,-5.258521,1.0,147.850357,142.64766319999998,5.276851286026681,132.09396062794661,153.20136577205335,143.35732502472692,3.3328371193269106,0.007672457742737396
2014-03-04,-0.815024,0.31997,-0.815024,1.277894,1.277896,-1.904144,-1.796641,-2.524384,-4.159055,-5.534534,-6.190478,1.0,149.739731,143.51197365000002,4.923062216679581,133.66584921664085,153.35809808335918,143.96517321284816,3.436841373014204,0.012697999448777903
2014-03-05,-0.353681,0.365655,-0.791276,0.712393,0.712397,-1.720434,-2.160689,-2.791754,-4.241577,-5.72879,-6.574417,1.0,150.806473,144.4099,4.49477527477218,135.42034945045563,153.39945054954435,144.6167255735293,3.5642561316237504,0.00709871870206242
2014-03-06,0.006,0.383601,-0.263727,0.011982,0.011949,-1.084849,-1.936919,-2.434384,-3.72276,-5.243566,-6.356109,0.0,150.824493,145.20965965,4.1066306312163885,136.9963983875672,153.42292091243277,145.20794151890743,3.6249016988349467,0.00011948375367668751
2014-03-07,0.55832,0.780445,-0.360213,-0.161825,-0.16181,-0.411836,-1.561925,-1.95241,-3.083895,-4.630381,-5.857647,0.0,150.580444,145.93670049999997,3.660658162453523,138.6153841750929,153.25801682490703,145.71960842186863,3.6116383147544298,-0.0016194097931091687
2014-03-10,0.126907,0.73725,-0.223589,-0.654386,-0.654399,0.477416,-0.870362,-1.147951,-2.094012,-3.619818,-4.855967,-1.0,149.595047,146.4625092,3.367274008974641,139.7279611820507,153.1970572179493,146.08869781026212,3.481481335035994,-0.006565496312865308
2014-03-11,0.958481,1.159947,-0.048841,-1.015224,-1.015212,1.28327,0.240535,-0.03457,-0.751238,-2.209299,-3.513932,-1.0,148.07634,146.96393360000002,2.735744065611259,141.4924454687775,152.43542173122253,146.27799706642762,3.218681076452782,-0.01020400511325775
2014-03-12,-0.238008,0.085438,-1.135116,0.036629,0.036612,0.88491,0.469929,0.032795,-0.555567,-1.83241,-3.207364,0.0,148.130554,147.307589,2.391174981025643,142.52523903794872,152.0899389620513,146.45443106010117,2.9804280752670707,0.00036605495485453923
2014-03-13,1.044032,1.400233,-0.313207,-0.628585,-0.628571,1.030519,1.190815,0.662211,0.233885,-0.875307,-2.253265,-1.0,147.199448,147.54372565,2.1050788025044462,143.3335680449911,151.7538832550089,146.52538505437727,2.685521364078596,-0.006305550257367418
2014-03-14,0.073879,1.342204,-0.166238,-0.251799,-0.251792,0.774527,1.453637,0.89369,0.608239,-0.331164,-1.698901,0.0,146.828812,147.72188195,1.8605384543998043,144.0008050412004,151.4429588587996,146.5542828587223,2.394298460850308,-0.00252109233521038
2014-03-17,-0.383985,0.3535,-0.603404,1.01589,1.015882,-0.410803,0.465045,-0.149246,-0.326532,-1.084267,-2.39476,1.0,148.320419,147.8361054,1.8212980275111166,144.19350934497777,151.47870145502225,146.72248630074876,2.2578355086247086,0.010107562834051866
2014-03-18,0.530559,0.676912,-0.079272,-0.054861,-0.054864,-0.334182,0.418961,-0.024386,-0.191763,-0.754974,-1.986224,0.0,148.239044,147.95477680000002,1.7625232601914236,144.42973027961716,151.47982332038288,146.86692036734414,2.11869831803628,-0.000548793831895519
2014-03-19,2.15662,2.28714,-0.553138,-1.878279,-1.878282,1.205727,1.973283,1.947391,1.706218,1.260235,0.178896,-1.0,145.454697,147.93647159999998,1.7875758547915608,144.36131989041687,151.5116233095831,146.73242290378755,1.7634298374551918,-0.018961455650731096
2014-03-20,0.744077,1.5882,-0.350152,-0.60286,-0.602863,1.456897,2.159706,2.502777,2.229871,1.932528,1.011258,-1.0,144.577805,147.80170295,1.935683647023637,143.93033565595272,151.67307024404727,146.52722119866493,1.3950380211884692,-0.0060468717532656535
2014-03-21,2.28717,2.522237,0.0,-1.581942,-1.581934,2.449808,3.219188,3.942828,3.696101,3.543543,2.781313,-1.0,142.29068,147.54988715,2.2949412992171268,142.96000455156573,152.13976974843425,146.12374108450635,0.9080653671767607,-0.015945798031991986
2014-03-24,0.21493,0.745934,-0.745943,0.501911,0.501911,1.194759,2.24287,3.197843,2.970385,2.941659,2.35953,0.0,143.004852,147.25264669999999,2.4815031072174083,142.28964048556517,152.2156529144348,145.8267040288391,0.5731567480259798,0.005006552235523711
2014-03-25,-1.133466,0.348756,-1.239338,1.504523,1.504541,-0.729921,0.526229,1.457704,1.391586,1.396274,1.005556,1.0,145.156418,147.17639394999998,2.5230614390681922,142.1302710718636,152.22251682813635,145.76286726418778,0.4758671489987023,0.014933346066836946
2014-03-26,0.751689,1.534701,-0.012531,-0.579192,-0.579199,-0.309452,0.847525,1.748926,1.986651,1.945264,1.664624,-1.0,144.315674,147.1827233,2.5153199659008068,142.1520833681984,152.2133632318016,145.62503933426513,0.32715221928788196,-0.005808825011442302
2014-03-27,0.258049,0.673459,-0.54129,-0.476067,-0.47609,0.03526,1.08133,1.901656,2.393959,2.331437,2.177688,0.0,143.628601,147.06701055000002,2.626149689863393,141.81471117027323,152.3193099297268,145.4349023500494,0.1521002006336971,-0.004772272718276099
2014-03-28,-0.629123,0.517006,-0.80976,1.044806,1.044817,-0.607938,-0.080971,0.597573,1.280376,1.212743,1.16396,1.0,145.129257,146.98745730000002,2.661071244086206,141.6653148118276,152.30959978817242,145.40579326909233,0.1329282976922741,0.010393964829830947
2014-03-31,-0.606472,0.189903,-1.004655,1.681831,1.68183,-1.633175,-1.78449,-1.157804,-0.40431,-0.498723,-0.474651,1.0,147.570084,146.97344365,2.657022804485007,141.65939804103,152.28748925897003,145.61191619584542,0.31110256977302697,0.016678435775407525
2014-04-01,-0.116061,0.25655,-0.720792,0.287921,0.287928,-1.531985,-2.082959,-1.445246,-0.749197,-0.748891,-0.71243,0.0,147.99498,146.8862061,2.589194311755517,141.70781747648897,152.06459472351105,145.83887465338395,0.4810473063630809,0.0028751455733539784
2014-04-02,-0.425013,0.042506,-1.226475,0.604722,0.604722,-1.509414,-2.440802,-2.003644,-1.410141,-1.219186,-1.240523,1.0,148.889938,146.79037935,2.4691508250072554,141.85207769998547,151.72868100001452,146.12945211496645,0.6801055323938954,0.006029007582632862
2014-04-03,0.763359,0.842751,-0.030536,-0.576805,-0.576809,-0.343205,-1.641524,-1.397658,-0.932518,-0.589676,-0.650498,-1.0,148.031128,146.6507111,2.302317482408193,142.0460761351836,151.2553460648164,146.31056410401726,0.7598032817639933,-0.005784785879190043
2014-04-04,3.345653,3.345653,-0.119042,-2.528244,-2.528241,2.12518,1.04818,1.042539,1.419082,1.921434,1.856255,-1.0,144.288544,146.3361161,2.1627258929017517,142.0106643141965,150.6615678858035,146.11799076077753,0.5150321021335742,-0.025607503504509962
2014-04-07,1.039686,1.819447,-0.164834,-1.171603,-1.171615,2.638527,2.217582,1.972873,2.376069,2.982385,2.915292,-1.0,142.598038,145.98626565,2.173706184960162,141.63885328007967,150.33367801992034,145.78275716451301,0.18253531920791488,-0.011785323349105046
2014-04-08,0.587305,0.734126,-1.212891,-0.691017,-0.691,2.45132,2.678579,2.370461,2.860194,3.469387,3.512073,-1.0,141.612686,145.66308295,2.3220433379940464,141.0189962740119,150.30716962598808,145.38560752979748,-0.15865161122337668,-0.006933981477644707
2014-04-09,-0.503685,0.705153,-1.202546,1.391643,1.391637,0.305985,1.21828,0.878505,1.290056,1.84801,2.077272,1.0,143.58342,145.43572625,2.290122764225412,140.85548072154916,150.01597177845082,145.21397062219773,-0.2669457634276853,0.013820422696002284
2014-04-10,2.34833,2.715049,-0.077202,-2.140659,-2.140664,1.429589,3.210456,2.8922,3.267717,3.782289,4.181314,-1.0,140.509781,145.10124290000002,2.4980542237938974,140.10513445241222,150.09735134758782,144.7659525629408,-0.5939400677082176,-0.021639088329016003
2014-04-11,0.747623,1.020668,-0.18204,-1.035827,-1.03581,1.738379,3.853838,3.813965,4.069023,4.536972,5.087964,-1.0,139.054367,144.71252065,2.801534697804996,139.10945125439,150.31559004560998,144.22199203313693,-0.9594650403757896,-0.01041211585321325
2014-04-14,-0.526253,0.859965,-0.981911,1.300221,1.300221,0.186101,2.044652,2.380081,2.468535,2.947229,3.573765,1.0,140.862381,144.33961875000003,2.792366143210328,138.75488646357937,149.9243510364207,143.90202907760008,-1.0906818931452733,0.012918406326761602
2014-04-15,-1.169068,0.127071,-2.020454,1.007568,1.007555,-0.719227,0.625201,1.224136,1.237055,1.757418,2.365886,1.0,142.281647,144.0417489,2.669556107097401,138.70263668580517,149.3808611141948,143.7477069749715,-1.0678398958205264,0.010025130296696466
2014-04-16,-0.627195,0.018815,-1.611896,1.302499,1.302494,-1.91921,-0.99849,-0.085714,-0.110383,0.338187,0.895428,1.0,144.134857,143.97575690000002,2.649023795104744,138.67770930979054,149.2738044902095,143.7845784059266,-0.8899402124940821,0.01294084549206003
2014-04-17,-1.24805,0.149769,-1.24805,0.508027,0.508034,-1.813413,-1.717317,-0.533751,-0.605306,-0.233388,0.248359,0.0,144.867111,143.9902222,2.65327086712532,138.68368046574938,149.29676393425063,143.88767674821932,-0.6820049254150433,0.005067478066323979
2014-04-21,1.083658,1.083658,-0.699736,0.773794,0.773804,-1.617446,-2.355575,-1.258295,-1.241885,-1.022493,-0.626266,1.0,145.988098,144.1750931,2.6574285020009323,138.86023609599815,149.48995010400185,144.0877168674365,-0.42189706316889897,0.00770825149967601
2014-04-22,5.099235,5.11839,-0.312723,-2.972322,-2.97232,1.507425,0.568629,1.487851,1.73558,1.82116,2.230929,-1.0,141.648865,144.10729375,2.7057154688157072,138.69586281236857,149.51872468763142,143.85544526101398,-0.5594505492932171,-0.030173884300364558
2014-04-23,-3.191751,0.27781,-3.802932,3.376089,3.37606,-1.240875,-2.386694,-1.897747,-1.543383,-1.553508,-1.145187,1.0,146.431015,144.1710236,2.7464313365924844,138.67816092681505,149.66388627318497,144.10073761710788,-0.2793628184869874,0.03320321664578703
2014-04-24,1.126882,1.226498,-0.635032,-0.83961,-0.839597,-0.257745,-1.448754,-1.236453,-0.679238,-0.726928,-0.375416,-1.0,145.201584,144.21531910000002,2.7560145311200195,138.70329003775998,149.72734816224005,144.2055801297643,-0.1548115100947598,-0.00843141876073237
2014-04-25,-0.540068,0.248314,-1.489847,0.292617,0.292615,-0.444466,-1.384931,-1.63469,-0.900422,-0.987764,-0.702086,0.0,145.626465,144.31521229999998,2.7698016973787656,138.77560890524245,149.85481569475752,144.34090249835816,-0.02157070141032591,0.0029218729330985787
2014-04-28,-0.024783,0.55773,-0.972914,0.173815,0.17383,-0.632097,-1.088188,-1.732671,-1.04667,-1.061171,-0.896086,0.0,145.879608,144.35272985,2.786440298591356,138.77984925281729,149.92561044718272,144.4874458794669,0.10325980911349575,0.00173679444155427
2014-04-29,-0.425953,0.33335,-0.666708,0.384216,0.384211,-0.358058,-1.085877,-1.933871,-1.463987,-1.346017,-1.318198,0.0,146.440094,144.29623035,2.728626208348518,138.83897793330297,149.75348276669703,144.6734123671367,0.24459587508954428,0.0038347513561954472
2014-04-30,-1.291577,0.14622,-1.699764,1.327239,1.327224,-1.400016,-1.97026,-2.914168,-2.741553,-2.551228,-2.607522,1.0,148.383682,144.31566545,2.757588346328365,138.8004887573433,149.83084214265673,145.02677137979038,0.5075858997136322,0.013184934965601018
2014-05-01,0.534231,1.221977,-0.325452,-0.78591,-0.785883,-0.345121,-0.984361,-1.980574,-2.02796,-1.700482,-1.796153,-1.0,147.21756,144.23204655,2.634175757206218,138.96369503558756,149.50039806441245,145.23541791504846,0.61482378339673,-0.007889872460414697
2014-05-02,-0.549112,0.128131,-0.732152,0.644758,0.644742,-0.640628,-1.39597,-2.263978,-2.651004,-2.207686,-2.344517,1.0,148.166733,144.2388268,2.6446228926026722,138.94958101479466,149.52807258520534,145.51459078028194,0.76755303376504,0.006426721321652037
2014-05-05,-0.981102,0.151405,-1.411096,0.744357,0.744347,-0.920531,-1.904665,-2.529866,-3.203417,-2.819273,-2.910196,1.0,149.269608,144.48788,2.8741343080288106,138.73961138394236,150.23614861605762,145.87221146787414,0.9664442922158116,0.0074159065481589955
2014-05-06,0.715639,1.1071,-0.183499,-0.987155,-0.987157,0.250785,-0.51073,-1.245329,-2.062504,-1.844265,-1.834152,-1.0,147.796082,144.74778220000002,2.9287506498210707,138.89028090035788,150.60528349964216,146.0554372328385,0.9937109329710836,-0.009920621160879215
2014-05-07,-0.121801,0.164436,-0.992686,0.434272,0.434277,-0.17539,-0.805719,-1.395852,-2.256083,-2.256754,-2.184931,0.0,148.437927,145.08904425,2.9418323303148415,139.20537958937032,150.97270891062968,146.28234102018723,1.0549506551244008,0.004333371489334489
2014-05-08,-0.127749,0.583981,-0.456232,0.115714,0.115717,-0.103416,-0.691038,-1.30908,-2.199949,-2.377272,-2.201674,0.0,148.609695,145.340358,3.020091293814711,139.30017541237058,151.38054058762944,146.5039937801694,1.104610555328577,0.001156501560176837
2014-05-09,-0.623562,0.01211,-1.089713,0.480561,0.480559,-0.426201,-0.918386,-1.582106,-2.372556,-2.809534,-2.542271,0.0,149.323853,145.7810616,2.919511873742709,139.94203785251457,151.6200853474854,146.77255180110564,1.187899599017527,0.004794084940078721
2014-05-12,-0.850706,0.149772,-0.970522,1.053399,1.053403,-1.248506,-1.61874,-2.391167,-2.997843,-3.647496,-3.430785,1.0,150.896835,146.373185,2.6740266980863616,141.02513160382728,151.72123839617274,147.1653406771908,1.3650972759930085,0.01047893404211564
2014-05-13,-0.429492,0.202814,-0.781435,0.431345,0.43134,-1.177523,-1.704246,-2.374929,-3.061915,-3.825097,-3.758049,0.0,151.547714,146.90745164999998,2.5808600100586006,141.74573162988278,152.06917167011719,147.5827095650774,1.5402926721875474,0.004304127860622694
2014-05-14,1.651948,1.657997,-0.248087,-1.419711,-1.419698,0.373948,-0.220872,-0.836669,-1.427757,-2.231641,-2.340763,-1.0,149.396194,147.26317899999998,2.3932015587232742,142.47677588255343,152.04958211744653,147.75542236840337,1.4883696045657757,-0.014298722119448427
2014-05-15,0.782692,1.149569,-0.470826,-1.040785,-1.0408,1.325676,0.870741,0.325311,-0.265675,-1.088165,-1.337279,-1.0,147.841278,147.44850005,2.2789861827193594,142.89052768456128,152.00647241543874,147.7635990952221,1.3066887783143386,-0.010462544803417132
2014-05-16,0.980873,1.35101,-0.055528,-0.880511,-0.880511,1.845774,1.655765,1.258072,0.67736,-0.044909,-0.494755,-1.0,146.53952,147.5321205,2.208888862255878,143.11434277548824,151.94989822451174,147.6470201337724,1.0456112673958273,-0.008844099166239072
2014-05-19,-0.092427,0.579176,-0.369689,0.123379,0.123381,1.150954,1.356745,1.171493,0.57825,0.040913,-0.562127,0.0,146.720322,147.5687317,2.187919148835143,143.1928934023297,151.9445699976703,147.5587631686512,0.8435705136289471,0.001233049991944037
2014-05-20,1.195739,1.201964,-0.423496,-1.065925,-1.065908,1.360139,2.266905,2.20255,1.782692,1.237074,0.567959,-1.0,145.156418,147.74410935,1.7934398449847324,144.15722966003054,151.33098903996947,147.32996839068443,0.5509072619468611,-0.010716297341172586
2014-05-21,-0.45092,0.117365,-0.642407,0.822066,0.822057,0.117362,1.290379,1.276583,0.950024,0.52282,-0.144134,1.0,146.349686,147.7400429,1.796663165290321,144.14671656941934,151.33336923058064,147.2366081630002,0.4105240161908341,0.008186961773020432
2014-05-22,0.154493,0.346062,-0.346071,-0.043234,-0.043248,-0.051901,1.175386,1.277967,1.03078,0.625145,-0.039338,0.0,146.286392,147.79428330000002,1.7311763416661585,144.3319306166677,151.25663598333233,147.14611138557163,0.2908097123513187,-0.00043257824817460064
2014-05-23,0.018445,0.368917,-0.454996,0.506731,0.506737,-0.489418,0.509105,0.715694,0.569053,0.176591,-0.395551,0.0,147.027679,147.86434400000002,1.6659521527567385,144.53243969448653,151.1962483055135,147.1348321107553,0.2528363892594143,0.005054572225023701
2014-05-27,0.110468,0.171831,-0.576865,0.190604,0.190606,-0.598951,0.07426,0.43531,0.426208,0.02185,-0.398278,0.0,147.307922,147.9357597,1.6059258575413644,144.72390798491728,151.14761141508274,147.1513168621119,0.24255945077700858,0.00190424184999134
2014-05-28,0.820473,1.542258,-0.141895,-0.521627,-0.52163,0.111042,0.25725,0.904791,0.9562,0.679827,0.253137,-1.0,146.53952,147.940731,1.6011991308441489,144.7383327383117,151.1431292616883,147.09305049429173,0.1704464824414913,-0.005229950250632314
2014-05-29,-1.244253,0.147107,-1.575233,0.647741,1.480391,-1.032084,-1.251517,-0.555056,-0.50561,-0.727615,-1.065284,1.0,148.708878,147.9569908,1.6075723946863132,144.74184601062737,151.17213558937263,147.2469388281687,0.2850595074499722,0.014695402615818545
2014-05-30,-0.562174,0.189437,-0.831042,0.306466,0.30644,-0.948526,-1.464483,-0.834064,-0.744305,-0.924624,-1.255135,0.0,149.164581,148.05434185000001,1.6193478661976268,144.81564611760476,151.29303758239527,147.42957141596216,0.4079598716879502,0.0030597110400350015
2014-06-02,-0.140147,0.182806,-0.901832,0.281092,0.281086,-0.884393,-1.537155,-1.100436,-0.975148,-1.096506,-1.426807,0.0,149.583862,148.12519830000002,1.6551331654478472,144.81493196910432,151.43546463089572,147.6347419477753,0.533047132880796,0.002806918563827484
2014-06-03,0.134238,0.359996,-0.427114,-0.134058,-0.134039,-0.473494,-1.226731,-1.035238,-0.838431,-0.86994,-1.218742,0.0,149.383362,148.130886,1.6594625865632495,144.8119608268735,151.4498111731265,147.80127719084433,0.6089810596514837,-0.0013412843546958182
2014-06-04,-0.626063,0.121564,-0.929977,0.384407,0.384382,-0.398723,-1.284777,-1.484878,-1.146061,-1.155694,-1.412295,0.0,149.957565,148.23896015,1.7062357377159203,144.82648867456817,151.65143162543183,148.00663793457346,0.7073388648461503,0.003836453037225964
2014-06-05,-1.082188,0.108214,-1.082188,1.100169,1.100206,-1.100244,-2.01223,-2.459718,-2.117293,-2.146296,-2.371348,1.0,151.607407,148.39743415,1.865449482463964,144.6665351850721,152.12833311492793,148.34956832175692,0.9079503092027039,0.010941976781265086
2014-06-06,-0.382843,0.03589,-0.490514,0.505018,0.504985,-1.176036,-2.105113,-2.751533,-2.485612,-2.502622,-2.704998,0.0,152.373001,148.58559945000002,2.0669082831581838,144.45178288368365,152.7194160163164,148.7327523863515,1.1158505313144929,0.0050371379116552805
2014-06-09,-1.112562,0.47001,-1.415995,0.544358,0.544367,-1.238693,-2.232087,-2.988114,-2.886989,-2.899012,-3.066935,0.0,153.202469,148.77953025,2.307748620382015,144.16403300923596,153.39502749076402,149.15843968288945,1.3321874628116177,0.005428904599193863
2014-06-10,0.388436,0.436244,-0.633439,-0.44027,-0.440257,-0.389633,-1.457517,-2.305284,-2.404082,-2.384178,-2.493001,0.0,152.527985,148.86108775,2.4129395841121015,144.0352085817758,153.6869669182242,149.47934876070948,1.4326955947502427,-0.004412285955998107
2014-06-11,1.209509,1.46478,-0.303896,-1.679214,-1.67922,1.31283,0.454018,-0.422919,-0.789954,-0.659102,-0.749293,-1.0,149.966705,148.7820373,2.3452384091391725,144.09156048172167,153.47251411827835,149.5257636406419,1.2907956343631213,-0.016934784617275597
2014-06-12,1.020662,1.30349,-0.282837,-1.148727,-1.148733,2.036401,1.590017,0.819437,0.324087,0.490087,0.40094,-1.0,148.243988,148.72442700000002,2.343508956807302,144.03740908638542,153.41144491361462,149.4036897701046,1.027485812015783,-0.011553818855537773
2014-06-13,-0.658367,0.335286,-0.841252,0.860793,0.860785,0.783968,0.746782,0.103185,-0.475979,-0.34318,-0.404589,1.0,149.52005,148.8083656,2.3402743925110197,144.12781681497796,153.48891438502204,149.4147716967613,0.911273822290525,0.008571013614871066
2014-06-16,-0.775099,0.296722,-0.97493,0.670572,0.670582,-0.243431,0.138065,-0.408823,-1.006612,-0.975151,-1.015837,1.0,150.522705,149.00752485,2.3062707593948604,144.39498333121028,153.62006636878974,149.5202891542126,0.8898235303713875,0.006683439046833419
2014-06-17,0.462734,0.852407,-0.420118,-0.544988,-0.544976,-0.074297,0.708094,0.243531,-0.364566,-0.464448,-0.463805,-1.0,149.702393,149.1566284,2.246233326605831,144.66416174678832,153.64909505321165,149.53763237762092,0.7974393127097414,-0.005464659995748824
2014-06-18,0.20759,0.262536,-1.06233,-0.273997,-0.274002,0.109893,0.940227,0.641876,0.0477,-0.251401,-0.15692,0.0,149.292206,149.3634178,2.039442389166391,145.28453302166722,153.4423025783328,149.51425843689512,0.6832494178157447,-0.002743777036150675
2014-06-19,-0.115714,0.864798,-0.548108,0.250323,0.250327,0.049932,0.558456,0.433202,-0.091333,-0.493266,-0.37888,0.0,149.665924,149.5292297,1.912372993112298,145.7044837137754,153.3539756862246,149.52870277623842,0.6158103444051335,0.002500137358138852
2014-06-20,-0.997578,0.18138,-0.997578,0.730814,0.730804,-0.51148,-0.27811,-0.224906,-0.667814,-1.137758,-1.054096,1.0,150.759689,149.75289455,1.7693851633417654,146.21412422331647,153.29166487668354,149.6459395594538,0.6432075906571697,0.0072814685916575495
2014-06-23,0.805128,1.134493,-0.384257,-0.876661,-0.876643,0.22323,0.351922,0.650996,0.291324,-0.185839,-0.176475,-1.0,149.438065,149.87341385,1.6522006550589472,146.5690125398821,153.1778151601179,149.62614198236295,0.5519139734397243,-0.008805079459175271
2014-06-24,0.473819,1.224543,-0.03076,-0.878318,-0.878321,0.898401,0.943933,1.486257,1.207607,0.736564,0.645701,-1.0,148.125519,149.9142937,1.5944894879831513,146.7253147240337,153.1032726759663,149.4832255078522,0.3693934930165028,-0.008822010375505208
2014-06-25,0.123113,0.283168,-0.621727,-0.03692,-0.03694,0.770711,0.853195,1.438811,1.296715,0.85252,0.604622,0.0,148.070801,149.99085774999998,1.4545331056314659,147.08179153873704,152.8999239612629,149.34870888805676,0.21781853549953212,-0.00036947117116426864
2014-06-26,0.468988,0.468988,-0.950329,-0.246226,-0.24623,0.754098,1.06573,1.513121,1.512812,1.138197,0.814813,0.0,147.706207,149.9407242,1.516983746669579,146.90675670666084,152.97469169333917,149.19228013681328,0.06749654273838246,-0.0024653314814960083
2014-06-27,-0.258143,0.141362,-0.516285,0.401107,0.401113,0.019675,0.579602,0.924407,1.078063,0.788416,0.422328,0.0,148.298676,149.89742895,1.5522477507811814,146.79293344843765,153.00192445156236,149.10717498092632,-0.0037838053535494964,0.004003108227012647
2014-06-30,1.262987,1.306543,-0.230197,-1.210818,-1.210816,0.844896,1.537989,1.856534,2.211788,2.009412,1.652331,-1.0,146.503052,149.74338845,1.7279268023308552,146.28753484533829,153.1992420546617,148.85916326845714,-0.20282777260104012,-0.012182060250450053
2014-07-01,-0.37351,0.703439,-1.276147,-0.055993,-0.055982,0.668564,1.37076,1.635533,2.167883,2.042323,1.702457,0.0,146.421036,149.59527215,1.8806287811997582,145.83401458760048,153.35652971239952,148.6269606714612,-0.36300506007299305,-0.0005599812750340971
2014-07-02,1.125933,1.195125,-0.490627,-1.033368,-1.033353,1.283161,2.126664,2.464021,3.060427,3.062754,2.758661,-1.0,144.90799,149.34279339999998,2.1492100764476305,145.04437324710472,153.64121355289524,148.2727729884649,-0.605062102279561,-0.010387290446311925
2014-07-03,-0.062533,0.300195,-0.494054,0.578688,0.578686,0.431509,1.270155,1.760251,2.266399,2.388475,2.153639,1.0,145.746552,149.04975065,2.222492335959713,144.60476597808056,153.49473532191942,148.03218051337302,-0.7209188036974297,0.00577017872066315
2014-07-07,0.600124,0.890716,-0.372708,-1.00062,-1.000634,0.890715,1.845227,2.547058,3.019892,3.288179,3.139992,-1.0,144.288162,148.6455087,2.319374620620941,144.0067594587581,153.2842579412419,147.67560732162323,-0.9198129281279819,-0.010056743011410628
2014-07-08,0.78239,0.78239,-0.159023,-0.688563,-0.688563,1.142423,2.122631,2.921775,3.388452,3.828754,3.768261,-1.0,143.294647,148.1501176,2.3526923088508793,143.44473298229823,152.85550221770174,147.25837300527814,-1.1444142173185696,-0.00690944605501457
2014-07-09,0.120308,0.506555,-0.316596,0.457977,0.457983,0.33813,1.367057,2.186197,2.619193,3.204451,3.217452,0.0,143.950912,147.72126395,2.2936681325027743,143.13392768499446,152.30860021500555,146.94337671906118,-1.254990506942903,0.004569373633766669
2014-07-10,-1.232771,0.543684,-1.232771,0.158298,0.15829,0.078401,0.936912,1.788263,2.256293,2.881024,2.999748,0.0,144.178772,147.4318673,2.359634135615551,142.7125990287689,152.1511355712311,146.68008103153156,-1.309145599874313,0.0015816492375113453
2014-07-11,-1.359861,0.193373,-1.484627,1.34657,1.346559,-1.200163,-0.512743,0.274064,0.824975,1.363867,1.572171,1.0,146.120224,147.3256791,2.3689320407923766,142.58781501841526,152.06354318158475,146.62676131424286,-1.181782101745057,0.013375733103695062
2014-07-14,-0.636548,0.10506,-0.80959,0.935687,0.935712,-1.68223,-1.490028,-0.803423,-0.178617,0.291686,0.592655,1.0,147.487488,147.22405099999997,2.3127711143848027,142.59850877123037,151.84959322876958,146.70873528431497,-0.9594587900854208,0.00931361015071393
2014-07-15,-0.547288,0.534996,-0.707166,0.500585,0.500582,-1.506585,-1.864471,-1.352034,-0.753296,-0.342156,0.061074,0.0,148.225784,147.10920495,2.1943450384865733,142.72051487302684,151.49789502697314,146.8532161143802,-0.7154444485847478,0.004993333772434655
2014-07-16,0.947075,1.182299,-0.247607,-0.657971,-0.65799,-0.40606,-1.158144,-0.738258,-0.179194,0.174565,0.675544,-1.0,147.250473,146.98660895,2.108661206917912,142.76928653616417,151.20393136383584,146.89105010348683,-0.5939144950035029,-0.006601644084996135
2014-07-17,-0.136367,1.159112,-0.477285,-0.136181,-0.136173,0.12025,-0.877702,-0.649186,-0.11932,0.231822,0.746915,0.0,147.049957,146.8744965,2.038051711745406,142.79839307650917,150.9505999234908,146.90618409363094,-0.5079260413998838,-0.0013626621682292547
2014-07-18,-0.412332,0.030764,-0.880058,0.719025,0.719026,-0.326174,-1.425936,-1.340392,-0.88498,-0.487418,-0.051085,1.0,148.107285,146.79656455,1.9537504155177372,142.88906371896454,150.70406538103546,147.0205746561423,-0.3504225858255552,0.007164537218225756
2014-07-21,-0.601298,0.423366,-1.098291,0.301551,0.301554,-0.482268,-1.435145,-1.625555,-1.257209,-0.812615,-0.437274,0.0,148.553909,146.68627555,1.772068429769312,143.1421386904614,150.23041240953862,147.16660649841444,-0.18740089743172916,0.0030110061340228272
2014-07-22,-2.007503,0.184666,-2.07303,3.000368,3.000381,-2.755715,-3.671305,-4.20763,-4.016811,-3.636874,-3.341687,1.0,153.011093,146.86492695,2.1939743799800837,142.47697819003986,151.25287570996016,147.7232242604702,0.29801710797576675,0.029562506097509357
2014-07-23,-0.202267,0.660322,-0.523501,0.137017,0.13702,-2.109473,-3.198115,-4.042848,-3.981876,-3.676879,-3.458876,0.0,153.220749,147.11968844999998,2.6053210853464948,141.909046279307,152.33033062069296,148.24679804518732,0.6916588488736579,0.001369263440323267
2014-07-24,-0.84721,0.088247,-1.264926,1.11243,1.112396,-2.169776,-3.569438,-4.667474,-4.817012,-4.591149,-4.414296,1.0,154.925171,147.46240695,3.1341756621916304,141.19405562561673,153.73075827438328,148.8828335646933,1.1281507558577744,0.011062547134948409
2014-07-25,-0.417544,0.382268,-0.499877,0.041179,0.041179,-1.322023,-3.036913,-4.309164,-4.621247,-4.493043,-4.308577,0.0,154.988968,147.82654499999998,3.558354416638875,140.70983616672223,154.94325383327774,149.46437017757967,1.4623643951660767,0.0004117075852492083
2014-07-28,-0.005879,0.335298,-0.999998,-0.02352,-0.02352,-0.472929,-2.53234,-3.82783,-4.384103,-4.362339,-4.169203,0.0,154.952515,148.15923695,3.8995188571067922,140.3601992357864,155.9582746642136,149.9870506368578,1.7046396351350666,-0.00023522504838805874
2014-07-29,0.690957,0.78545,-0.053149,-0.394116,-0.394103,0.093303,-1.750431,-2.970139,-3.751845,-3.856849,-3.707554,0.0,154.341843,148.5511765,4.112420440986987,140.32633561802604,156.77601738197396,150.40179276668084,1.8263157503798766,-0.003948813017297198
2014-07-30,0.035264,0.693388,-0.7874,0.501973,0.50197,-0.162184,-1.73404,-2.974883,-3.952277,-4.156769,-4.072152,0.0,155.116592,148.9859543,4.329303962629488,140.32734637474104,157.64456222525897,150.85082126509218,1.9626366640289064,0.005007138478366506
2014-07-31,1.263701,1.359528,0.0,-1.886233,-1.886221,1.39784,0.492893,-0.758629,-1.866511,-2.205914,-2.16447,-1.0,152.19075,149.3500923,4.2741793684607385,140.80173356307853,157.89845103692147,150.9784335255596,1.8136740674401892,-0.01904237232034757
2014-08-01,-0.239345,0.98732,-0.556482,0.089833,0.089804,0.957412,0.679771,-0.576011,-1.738549,-2.172309,-2.19401,0.0,152.327423,149.67913585000002,4.235297655911631,141.20854053817675,158.1497311618233,151.10690871360157,1.6871995194867395,0.0008976345012881072
2014-08-04,-0.433772,0.172327,-0.748704,0.700095,0.700115,0.05229,0.295324,-1.010555,-2.124901,-2.719587,-2.816761,1.0,153.39389,150.13442225,4.112933795213012,141.90855465957398,158.36028984042602,151.32471645516333,1.6539567195860627,0.006976754845108649
2014-08-05,0.515186,1.335896,-0.221647,-0.808129,-0.808131,0.579884,1.056133,-0.031946,-1.036358,-1.778463,-1.965489,-1.0,152.154266,150.5774032,3.8029134574687755,142.97157628506244,158.18323011493754,151.4037211737192,1.510175896648633,-0.008114143561230011
2014-08-06,1.858325,1.858325,-0.208523,-2.324322,-2.324335,2.098749,3.151186,2.40827,1.475633,0.617984,0.378424,-1.0,148.617691,150.81074214999998,3.506550332902207,143.79764148419557,157.8238428158044,151.1383849666983,1.098197179000806,-0.023517737728550845
2014-08-07,0.816203,1.024853,-0.26388,-0.061335,-0.061336,1.668002,2.783686,2.537399,1.684275,0.777188,0.450258,0.0,148.526535,151.0281303,3.1946619258148283,144.63880644837033,157.41745415162964,150.88963735082226,0.7556350591456464,-0.0006135471928004578
2014-08-08,-1.622438,0.235223,-1.628466,1.749006,1.749023,-0.238851,0.76115,0.907916,0.101927,-0.812789,-1.201047,1.0,151.124298,151.278334,2.9787059865497363,145.32092202690052,157.23574597309948,150.9119859840773,0.6858636654227439,0.017339034614033574
2014-08-11,0.427329,0.469455,-0.090276,0.211092,0.211075,-0.70658,0.317197,0.822566,0.021685,-0.832722,-1.339934,0.0,151.443283,151.47612375,2.8419357450847844,145.79225225983043,157.15999524016956,150.96258569987947,0.6488294547803264,0.0021085214557754186
2014-08-12,0.223184,0.826393,-0.313671,-0.222687,-0.22268,-0.623719,0.326942,0.96353,0.340217,-0.404625,-1.018207,0.0,151.106049,151.620137,2.739696749558319,146.14074350088336,157.09953049911664,150.97624887131954,0.5855181221712371,-0.0022292836505935485
2014-08-13,-1.73872,0.183333,-1.73872,1.99662,1.99663,-1.85464,-1.701465,-0.973845,-1.40103,-2.090247,-2.789242,1.0,154.123077,151.9637672,2.589675230551746,146.7844167388965,157.1431176611035,151.2759467883367,0.7699172533501724,0.019769582952967005
2014-08-14,-0.094398,0.418883,-0.377581,0.242477,0.242461,-1.319167,-1.789965,-1.23185,-1.398513,-2.059928,-2.817488,0.0,154.496765,152.33610760000002,2.372204591987329,147.59169841602537,157.08051678397467,151.5826913799237,0.9354253902755545,0.00242167308623318
2014-08-15,0.443367,0.792147,-0.721212,-0.200588,-0.200581,-0.723579,-1.471981,-1.068023,-1.00319,-1.653815,-2.439697,0.0,154.186874,152.64008705,2.1838409362661224,148.27240517746776,157.00776892253225,151.8307087723119,1.0297162395444275,-0.0020078233178190685
2014-08-18,-0.769594,0.338154,-0.86288,1.395129,1.395151,-1.463404,-2.639363,-2.3702,-2.116389,-2.780567,-3.525163,1.0,156.338013,153.02929225,2.109655184902869,148.80998188019427,157.24860261980572,152.25997584161556,1.2634570104582679,0.013855078942637773
2014-08-19,-0.063906,0.156852,-0.48801,0.355644,0.355639,-1.074779,-2.68229,-2.607733,-2.339524,-2.904096,-3.57812,0.0,156.894012,153.22343819999998,2.279706000433935,148.6640261991321,157.78285020086784,152.70131261860453,1.4765420701719165,0.0035500813426816618
2014-08-20,-1.802524,0.091269,-1.813926,1.847437,1.847454,-2.15962,-3.748241,-4.179288,-3.905394,-4.351401,-4.996695,1.0,159.792557,153.55202860000003,2.7119425071256975,148.12814358574863,158.97591361425143,153.37666922635648,1.857885326982597,0.01830596070145955
2014-08-21,-0.102803,0.222729,-0.525421,-0.119783,-0.119823,-1.402609,-2.938882,-3.754799,-3.643625,-3.922092,-4.560621,0.0,159.601089,153.7858245,3.020547286521917,147.74472992695615,159.82691907304383,153.96947110956063,2.1202122509570245,-0.0011989469755189976
2014-08-22,-0.251206,0.559527,-0.451038,0.028548,0.028557,-0.746774,-2.432765,-3.476633,-3.525258,-3.660398,-4.305444,0.0,159.646667,154.01870945000002,3.2860760860402576,147.4465572779195,160.59086162208052,154.5101564324596,2.3052129321226573,0.0002855337239061501
2014-08-25,-0.441851,0.305902,-0.623127,0.787899,0.787911,-0.95508,-2.607494,-3.920022,-4.094496,-4.106505,-4.775587,1.0,160.904541,154.31631075,3.626938519614453,147.0624337107711,161.57018778922892,155.11914543889202,2.5242294779689587,0.007848234073930037
2014-08-26,0.203839,0.226484,-0.32275,0.045319,0.045311,-0.492608,-2.038387,-3.598136,-3.931828,-3.951985,-4.554668,0.0,160.977448,154.648091,3.9209794181794138,146.80613216364117,162.49004983635882,155.6770790161404,2.672873432942936,0.0004530045404112894
2014-08-27,0.266259,0.379559,-0.294586,-0.050958,-0.050968,-0.304777,-1.567518,-3.040253,-3.703257,-3.712208,-4.223309,0.0,160.895401,154.93703145,4.162787336275891,146.6114567774482,163.2626061225518,156.17406206222228,2.7523272160941303,-0.0005098100199005335
2014-08-28,0.327393,0.545662,-0.206778,-1.370948,-0.622167,0.356061,-0.613697,-1.959252,-2.859482,-2.985075,-3.355919,-1.0,159.894363,155.3222121,4.250776779573368,146.82065854085326,163.82376565914674,156.5283764372487,2.703356895587575,-0.006241104683852347
2014-08-29,0.436779,0.626434,-0.143678,-0.057442,-0.057439,0.433243,-0.205166,-1.540867,-2.569768,-2.808831,-3.056424,0.0,159.802521,155.695967,4.301918256006651,147.0921304879867,164.29980351201328,156.8401997289393,2.626855922021605,-0.0005745567574974035
2014-09-02,0.770999,0.868812,-0.420021,-0.114941,-0.114955,0.38773,0.115226,-1.086092,-2.262645,-2.58004,-2.713785,0.0,159.61882,156.0072135,4.351498486101552,147.3042165277969,164.7102104722031,157.10483023094508,2.522329370971107,-0.00115021131448348
2014-09-03,0.829972,1.233429,-0.167143,-0.172614,-0.172607,0.356197,0.442042,-0.570431,-1.868068,-2.286044,-2.413107,0.0,159.343307,156.36666555000002,4.313232041876547,147.74020146624693,164.9931296337531,157.3180184946646,2.3897126102224604,-0.001727559764620683
2014-09-04,0.549013,0.837964,-0.161811,-0.265134,-0.265132,0.374484,0.654201,-0.104846,-1.283038,-1.930532,-2.034127,0.0,158.920837,156.88182285,3.937972271686894,149.00587830662622,164.75776739337377,157.4706678761251,2.224876087012291,-0.0026548403651586875
2014-09-05,-0.807655,0.040092,-1.265899,0.889973,0.889973,-0.455954,-0.187907,-0.743285,-1.785593,-2.59244,-2.785833,1.0,160.33519,157.4722556,3.4776548329813495,150.51694593403732,164.4275652659627,157.74347950697035,2.183201829944352,0.008860363678748671
2014-09-08,-0.143045,0.457746,-0.234596,0.108834,0.108844,-0.476067,-0.242659,-0.588588,-1.600015,-2.494439,-2.776879,0.0,160.509705,157.94152595,3.1979666199847117,151.54559271003058,164.33745918996942,158.00692955392554,2.139592690304852,0.001087846619533871
2014-09-09,0.377274,0.805993,-0.057166,0.09727,0.09726,-0.442437,-0.354448,-0.505604,-1.408616,-2.408136,-2.752813,0.0,160.665817,158.40265265,2.8585482436758194,152.68555616264837,164.11974913735162,158.26015692974218,2.0934965416949467,0.0009721289550471314
2014-09-10,0.211931,0.252021,-0.498307,-0.200072,-0.200087,-0.117975,-0.194154,-0.162674,-0.922875,-2.008164,-2.43306,0.0,160.344345,158.86456745,2.311494183818347,154.24157908236333,163.4875558176367,158.4586510316715,2.007879325072423,-0.0020028780737848403
2014-09-11,0.103334,0.327214,-0.35591,-0.22338,-0.223375,0.238815,-0.027545,0.068905,-0.517828,-1.504548,-2.113174,0.0,159.986176,159.15772239999998,2.033593907509003,155.09053458498198,163.22491021501799,158.60412960008375,1.8893466074898981,-0.00223624741184765
2014-09-12,-0.149054,0.321053,-0.412765,0.13203,0.132047,0.089429,-0.140463,-0.038241,-0.471092,-1.343024,-2.075659,0.0,160.197433,159.4427558,1.7214769194124164,155.99980196117517,162.8857096388248,158.75587278102816,1.7918004885008258,0.0013195992843960665
2014-09-15,-0.671986,0.102502,-0.956724,0.670764,0.67076,-0.482926,-0.714701,-0.63709,-0.914581,-1.748675,-2.543245,1.0,161.271973,159.79701075,1.2464261241126282,157.30415850177474,162.28986299822526,158.9955013733112,1.780674378312824,0.006685202273561733
2014-09-16,-1.162592,0.423274,-1.224673,0.905465,0.905459,-1.121962,-1.414301,-1.453832,-1.607243,-2.352832,-3.226475,1.0,162.732224,160.1167213,1.1268142855292393,157.86309272894152,162.37034987105847,159.35137971871015,1.868152014167606,0.009013839330096715
2014-09-17,-0.570472,0.475386,-0.755037,0.90863,0.908632,-1.541389,-2.005595,-2.20992,-2.270433,-2.912877,-3.853134,1.0,164.210861,160.48256375,1.2101285041322176,158.06230674173557,162.90282075826443,159.8141874597854,2.033353090530568,0.009045287386849633
2014-09-18,-0.111384,0.08353,-0.707247,0.430651,0.430675,-1.365504,-2.062173,-2.466659,-2.534129,-3.067387,-3.935975,0.0,164.918076,160.7388397,1.5510254890782633,157.63678872184346,163.84089067815654,160.30027208266299,2.196028029669293,0.00429750173218156
2014-09-19,-0.13832,0.265573,-0.287708,0.651555,0.651531,-1.305738,-2.355317,-2.853087,-2.972516,-3.417825,-4.207071,1.0,165.992569,161.05841370000002,1.9190535682774108,157.2203065634452,164.89652083655483,160.84239559859984,2.3841684859213785,0.006494180786099361
2014-09-22,0.407842,0.988876,-0.128504,-0.968242,-0.968241,0.037994,-1.164871,-1.717417,-1.879737,-2.225374,-3.001595,-1.0,164.385361,161.29534840000002,2.0251751569624745,157.24499808607507,165.34569871392497,161.17982087492365,2.3761916412650237,-0.009729588649145547
2014-09-23,1.241921,1.497108,-0.238175,-1.480535,-1.480522,1.444934,0.399788,-0.144426,-0.372888,-0.617396,-1.327646,-1.0,161.951599,161.34770129999998,2.028072351747357,157.29155659650527,165.4038460034947,161.25332355350236,2.1487166132150435,-0.014915914658853724
2014-09-24,-1.182802,0.061663,-1.182802,1.162529,1.162521,0.233202,-0.540949,-1.109182,-1.430576,-1.590016,-2.202584,1.0,163.83432,161.4905449,2.0999570294642314,157.29063084107153,165.69045895892847,161.49913273888308,2.0961972081819624,0.01155815429512719
2014-09-25,0.371959,0.732644,-0.665017,-0.532539,-0.532539,0.529756,0.174143,-0.414415,-0.839443,-0.985346,-1.498192,-1.0,162.961838,161.59386675000002,2.119875493078984,157.35411576384206,165.83361773615798,161.6384380018466,1.9615615351995928,-0.0053396225850667455
2014-09-26,-2.22492,0.379999,-2.22492,2.333183,2.333184,-1.669789,-1.716049,-2.427951,-2.894322,-3.071058,-3.498819,1.0,166.764038,161.9373505,2.3716117775488677,157.19412694490228,166.68057405509774,162.12659038262314,2.1370331699262124,0.02306381646296679
2014-09-29,0.242612,0.788483,-0.689237,-0.121159,-0.121163,-1.289145,-1.27922,-2.067343,-2.573611,-2.787402,-3.134096,0.0,166.561981,162.2753235,2.5278605613780605,157.2196023772439,167.33104462275614,162.54900853665902,2.234038784940765,-0.0012123687515030266
2014-09-30,-0.098475,0.716707,-0.355615,0.782972,0.782993,-1.351365,-1.740357,-2.542236,-3.084874,-3.376771,-3.657741,1.0,167.86615,162.68769,2.735833451752059,157.2160230964959,168.15935690350412,163.0554029617391,2.388617477217821,0.00779943724994881
2014-10-01,1.83259,1.83259,-0.455336,-2.675347,-2.675362,1.304179,0.909553,0.26046,-0.297378,-0.661986,-0.87715,-1.0,163.375122,162.88928074999998,2.6226322387311742,157.64401627253764,168.13454522746233,163.0858523939544,2.1242467833924934,-0.027118016965404904
2014-10-02,0.74284,1.105754,-0.317558,-0.8657,-0.865708,2.065218,1.60817,1.217281,0.667141,0.231813,0.033083,-1.0,161.96077,163.0412774,2.4638152284268906,158.11364694314622,167.9689078568538,162.97870168976826,1.7800850057983837,-0.00869477327941561
2014-10-03,-0.375686,0.560727,-0.796231,1.128432,1.128444,0.56297,0.3398,0.234009,-0.350738,-0.791526,-0.99792,1.0,163.788406,163.21393819999997,2.3838975296781175,158.44614314064373,167.98173325935622,163.05581638598082,1.635951043229852,0.011221242060093114
2014-10-06,1.526112,1.571331,-0.141307,-0.796231,-0.796243,0.868199,1.028158,1.08826,0.509842,0.070772,-0.145084,-1.0,162.484253,163.3126656,2.305611033395712,158.7014435332086,167.92388766679142,163.00138177779218,1.4003472600979876,-0.007994295014211353
2014-10-07,1.953526,2.046003,-0.011562,-2.204383,-2.20439,2.013649,3.113525,3.206194,2.719928,2.308414,2.063727,-1.0,158.902466,163.22449805,2.441845561434639,158.34080692713073,168.10818917286926,162.61100884657387,0.9140724298938494,-0.02229049984214112
2014-10-08,-1.746528,0.113409,-2.563087,1.924634,1.924642,-0.087328,1.050754,1.164733,0.83017,0.441169,0.156696,1.0,161.96077,163.3053193,2.367106502350876,158.57110629529825,168.03953230470177,162.54908133737635,0.7666383671425478,0.01906355279625939
2014-10-09,1.014038,1.15153,-0.572902,-1.020699,-1.020712,0.736762,1.927257,2.016249,1.879994,1.51156,1.177328,-1.0,160.307617,163.32139135,2.3443662738532476,158.6326588022935,168.0101238977065,162.33560854334053,0.5105152767574168,-0.010259569771033372
2014-10-10,0.12036,1.324009,-0.441339,-0.045833,-0.045803,0.339296,1.566445,1.823415,1.927827,1.555555,1.230761,0.0,160.234192,163.3232293,2.341801238661478,158.63962682267706,168.00683177732296,162.13547363445096,0.2981739349826569,-0.0004581305728152627
2014-10-13,0.630493,2.065012,-0.057847,-0.911329,-0.91137,0.794789,2.010089,2.52432,2.786642,2.445884,2.140237,-1.0,158.773865,163.1983239,2.5170331714077685,158.16425755718444,168.23239024281554,161.8153204311699,0.011918320372984681,-0.009155487886187594
2014-10-14,-1.453636,0.931236,-1.686447,1.868346,1.868365,-0.702969,-0.239619,0.635216,0.870771,0.5935,0.310608,1.0,161.740341,163.14872975,2.5363975402236796,158.07593466955265,168.22152483044735,161.80817953296324,0.024150117241504176,0.018511258804517983
2014-10-15,-0.673558,0.473772,-2.814092,-0.5224,-0.522405,-0.313942,0.130151,1.041927,1.297461,1.135465,0.869544,-1.0,160.895401,162.98295675,2.5714289604253744,157.84009882914924,168.12581467085076,161.7212482441096,-0.0339444022175428,-0.0052377453684045545
2014-10-16,-0.852796,1.150409,-1.299224,-0.268281,-0.268274,-0.026329,0.306204,1.20994,1.431152,1.41942,1.17293,0.0,160.46376,162.76024095,2.5878492418656673,157.58454246626866,167.93593943373133,161.6014874589563,-0.11350612085678335,-0.0026863479368917807
2014-10-17,0.34044,0.93622,-0.215617,0.869966,0.869976,-0.687714,-0.678065,0.135035,0.42867,0.585786,0.331738,1.0,161.859756,162.5536003,2.478871046428202,157.5958582071436,167.5113423928564,161.62608446286526,-0.06318577938205294,0.008662133908667883
2014-10-20,0.227878,0.478548,-0.911529,-0.402863,-0.402879,0.015958,-0.355488,0.318664,0.736353,0.991069,0.75202,0.0,161.207657,162.3947151,2.4570259900597273,157.48066311988055,167.30876708011948,161.5862342283067,-0.07506023800573303,-0.004036927646384713
2014-10-21,-1.425182,0.718385,-3.667228,-1.663532,-1.663508,1.302342,1.306396,1.62291,2.332412,2.593348,2.411395,-1.0,158.525955,162.22343289999998,2.6045179227974207,157.01439705440512,167.43246874559483,161.29477906370607,-0.2974331473205041,-0.016774995090099065
2014-10-22,-2.846426,1.039714,-3.011186,1.969755,1.969737,-0.561325,-0.669845,-0.411336,0.288059,0.548159,0.46002,1.0,161.648499,162.11414185,2.5791008190484135,156.95594021190317,167.27234348809685,161.32846667668645,-0.21917555607342365,0.019505884780642167
2014-10-23,-1.981514,0.531359,-1.981514,2.647579,2.647596,-2.467491,-2.893133,-2.820626,-2.209288,-2.020933,-2.011781,1.0,165.928299,162.2624649,2.712278815822716,156.83790726835457,167.68702253164543,161.76654594557345,0.18604364568508913,0.02613154267637596
2014-10-24,0.187501,0.237133,-1.05333,0.365309,0.365311,-2.261082,-2.868269,-3.064412,-2.572121,-2.364543,-2.241599,0.0,166.534454,162.2509857,2.692638758342879,156.86570818331424,167.63626321668576,162.2206324269474,0.5497571667701209,0.0036464576328199393
2014-10-27,-0.715846,0.054648,-1.256832,0.920972,0.920964,-2.336611,-3.201645,-3.727512,-3.4164,-3.167874,-2.998912,1.0,168.068176,162.32629545000003,2.836763885658649,156.65276767868272,167.99982322131734,162.7775413386667,0.9508010574575962,0.009167487664475664
2014-10-28,-0.781459,0.0,-1.546758,1.393444,1.393434,-2.284014,-4.023171,-4.600376,-4.669091,-4.300078,-4.181798,1.0,170.410095,162.4534927,3.1391551112549148,156.17518247749018,168.73180292250981,163.50445121117465,1.4409936435237682,0.013838148989513948
2014-10-29,-0.214555,0.187741,-0.815314,0.47426,0.474257,-1.627406,-3.873292,-4.690224,-4.890031,-4.579296,-4.497655,0.0,171.218277,162.84565045,3.700127243039973,155.44539596392005,170.24590493607994,164.2391012863009,1.8730964429371397,0.0047313605887960184
2014-10-30,-1.759198,0.174337,-2.356168,1.534088,1.534093,-2.202963,-4.555966,-5.61114,-5.985258,-5.770612,-5.769449,1.0,173.844925,163.4398582,4.4323408386618794,154.57517652267626,172.30453987732375,165.15394163998653,2.3998258676292608,0.015224450008778248
2014-10-31,0.435529,0.708396,-0.477516,0.676219,0.676207,-1.890114,-4.445077,-5.681896,-6.295843,-6.214822,-6.230423,1.0,175.020477,164.00146175,5.134755342738773,153.73195106452246,174.27097243547755,166.09361167427355,2.8789334013039536,0.006739312311040864
2014-11-03,0.288337,0.618607,-1.1114,0.09445,0.094454,-1.170117,-3.737344,-5.146346,-6.021751,-6.106415,-6.113404,0.0,175.185791,164.63653865,5.692420543184727,153.25169756363056,176.02137973636945,166.9595335148189,3.2346816353646943,0.0009440951084227822
2014-11-04,0.026208,1.126898,-0.262068,0.020966,0.021,-0.641567,-2.804674,-4.653304,-5.575786,-5.958195,-5.880657,0.0,175.22258,165.45254435,5.989186560305512,153.474171229389,177.43091747061104,167.74649032293138,3.4794740280292444,0.0002099778611463137
2014-11-05,1.296583,1.375639,-0.764242,-0.555583,-0.555612,0.261428,-1.538495,-3.609685,-4.695617,-5.183151,-5.155567,-1.0,174.249023,166.066957,6.237291280624467,153.59237443875108,178.54153956124892,168.36577914931885,3.553948147318806,-0.005571608738093925
2014-11-06,0.063195,0.31072,-0.42132,0.079064,0.079075,0.244357,-1.131249,-3.153579,-4.367242,-4.973046,-5.012122,0.0,174.38681,166.77091665,6.3466154295322985,154.07768579093542,179.4641475090646,168.9392106589075,3.582787538245725,0.0007904351425286621
2014-11-07,1.735166,1.751281,-0.666124,-1.964404,-1.96442,1.778149,1.108794,-0.858077,-2.137245,-2.901092,-3.026939,-1.0,170.961121,167.3072631,6.217067822380326,154.87312745523934,179.74139874476066,169.13177354853536,3.2912786788494657,-0.019839709802013945
2014-11-10,-0.283437,0.144387,-0.657795,0.451255,0.451272,0.91876,0.867949,-0.894887,-2.199593,-3.12189,-3.362222,0.0,171.73262,167.95520085,5.950476088229597,156.05424867354083,179.8561530264592,169.37947321057962,3.086925177284286,0.0045025643079272286
2014-11-11,-0.064127,0.705433,-0.203073,0.069517,0.069518,0.456387,0.881781,-0.446777,-1.973338,-2.887779,-3.352044,0.0,171.852005,168.46078404999997,5.822838248253355,156.81510755349325,180.1064605465067,169.61495242861963,2.9011641127841585,0.0006949379926685931
2014-11-12,0.032107,0.508381,-0.278262,-0.133604,-0.13363,0.284708,1.040314,0.073868,-1.529654,-2.532652,-3.06254,0.0,171.62236,168.99713200000002,5.578202971180857,157.8407260576383,180.15353794236174,169.80613410208443,2.704243858685345,-0.0013371887839054213
2014-11-13,-0.420284,0.574561,-0.553284,0.588648,0.588658,-0.505398,0.378789,-0.252872,-1.753465,-2.817466,-3.423769,1.0,172.632629,169.60557545,5.252593101335726,159.10038924732856,180.11076165267144,170.0753240923621,2.599735273751122,0.00586932321973868
2014-11-14,0.744908,0.750265,-0.369776,-0.728837,-0.728827,0.273305,0.902995,0.667731,-0.754562,-1.843952,-2.567175,-1.0,171.374435,170.0813094,4.935423198447857,160.21046300310428,179.95215579689574,170.19904894070856,2.387859963346841,-0.007314963801760587
2014-11-17,0.636088,0.90022,-0.080855,-0.584143,-0.58415,0.702929,1.213418,1.349437,0.097575,-0.994874,-1.840328,-1.0,170.373352,170.53959415,4.471857759073347,161.5958786318533,179.4833096681467,170.21564923206964,2.1147902362397986,-0.005858623824156508
2014-11-18,-0.686106,0.364498,-1.104201,0.566009,0.566007,0.076115,0.417028,0.815113,-0.091922,-1.328039,-2.150867,1.0,171.337677,171.18018024999998,3.464520351924573,164.25113954615082,178.10922095384913,170.32250901949158,1.95367275504492,0.0056441114164891715
2014-11-19,0.037638,0.408599,-0.317202,-0.30017,-0.300184,0.283884,0.518832,1.103242,0.477437,-0.798477,-1.683317,0.0,170.823349,171.63892274999998,2.6469506941935323,166.3450213616129,176.93282413838705,170.37020806525427,1.7641480190085304,-0.0030063528473368312
2014-11-20,0.0485,0.226341,-0.630523,-0.23656,-0.236541,0.261906,0.524355,1.208951,0.847434,-0.329597,-1.252426,0.0,170.419281,171.86347185000002,2.305467962434244,167.25253592513153,176.47440777486852,170.3748816780872,1.5633223822961781,-0.0023682163559079895
2014-11-21,0.015971,0.186243,-0.399085,1.277212,1.277206,-0.860957,-0.64864,-0.161046,-0.248756,-1.337724,-2.25899,1.0,172.595886,172.16654345,1.9370272847760912,168.29248888044782,176.0405980195522,170.58640589922177,1.5617970272389812,0.012691183505024474
2014-11-24,-0.285991,0.23302,-0.43428,0.473588,0.4736,-0.977665,-1.020033,-0.699795,-0.564836,-1.521247,-2.438312,0.0,173.4133,172.43379965,1.695484528609869,169.04283059278026,175.82476870721973,170.8556339088197,1.6080105065846055,0.004724819766239364
2014-11-25,0.079509,0.726133,-0.0636,-0.079446,-0.079439,-0.675266,-0.859187,-0.695761,-0.403098,-1.102466,-2.138844,0.0,173.275543,172.57707205000003,1.6354831845690716,169.3061056808619,175.84803841913816,171.08610144131305,1.6149035800709441,-0.000794701127719998
2014-11-26,-0.87232,0.211477,-1.06793,0.25441,1.057849,-1.225541,-1.697883,-1.70253,-1.334573,-1.830234,-2.892672,1.0,175.108536,172.77158500000002,1.695607012579187,169.38037097484164,176.1627990251584,171.46919044690227,1.748122340436936,0.010522925843648303
2014-11-28,-1.012739,0.532472,-1.336395,1.274123,1.274112,-1.687744,-2.669182,-2.82819,-2.477335,-2.807902,-3.797158,1.0,177.339615,172.9463195,1.9699155217866258,169.00648845642672,176.88615054357325,172.02827849957825,2.010552202940886,0.012660635588767875
2014-12-01,-0.088965,0.408163,-0.56515,-0.240129,-0.240128,-0.962966,-2.121792,-2.369977,-2.189083,-2.339279,-3.281951,0.0,176.913773,173.0409843,2.114985449112776,168.81101340177443,177.27095519822555,172.49356369009462,2.1592770672623374,-0.0024041672968537625
2014-12-02,0.294565,0.76798,-0.415546,-0.518056,-0.518069,-0.15358,-1.292531,-1.700011,-1.656663,-1.650486,-2.498165,-1.0,175.997238,173.08155664999998,2.1654758003475343,168.7506050493049,177.41250825069505,172.82724695770463,2.1780783476593513,-0.005194153948440239
2014-12-03,0.274148,0.521934,-0.015816,-0.226189,-0.22618,0.337415,-0.826085,-1.33491,-1.423003,-1.309332,-1.953041,0.0,175.599167,173.100386,2.186606520046393,168.7271729599072,177.47359904009278,173.09123934268513,2.1362323383104638,-0.002264364279192796
2014-12-04,0.131766,0.274076,-0.664099,0.026362,0.026364,0.372107,-0.577688,-1.208217,-1.409233,-1.234523,-1.713254,0.0,175.645462,173.17020795000002,2.2466847645112153,168.6768384209776,177.66357747902245,173.33449864338178,2.082795523711667,0.0002636054558322922
2014-12-05,-0.421335,0.163269,-0.737343,0.073789,0.073798,0.120074,-0.346309,-1.161885,-1.442447,-1.263433,-1.599004,0.0,175.775085,173.2396217,2.3068907613863097,168.62584017722736,177.8534032227726,173.56693543925016,2.0275338082999212,0.0007377087480235177
2014-12-08,0.079007,0.400313,-0.568871,-0.010528,-0.010538,-0.001057,-0.155973,-0.985249,-1.295637,-1.236274,-1.41373,0.0,175.756561,173.4793937,2.30681781812915,168.8657580637417,178.0930293362583,173.7754712069406,1.9596540961305777,-0.00010539022718382468
2014-12-09,-1.211834,0.068201,-1.306259,0.405578,0.405578,-0.351482,-0.386103,-1.154912,-1.560134,-1.606125,-1.653268,0.0,176.469391,173.71623225000002,2.3605728117779288,168.99508662644416,178.43737787355587,174.0320349967558,1.9410036766687995,0.0040475778070101125
2014-12-10,0.97919,1.48475,-0.186263,-1.421672,-1.421665,0.897232,1.089876,0.371117,-0.07986,-0.216138,-0.16691,-1.0,173.960587,173.82166135000003,2.319662363090877,169.1823366238183,178.46098607618177,174.0252304256362,1.7041393118292945,-0.014318677175010525
2014-12-11,-0.258919,0.607659,-0.63937,0.713105,0.713115,0.13209,0.379378,-0.172995,-0.685228,-0.900936,-0.798018,1.0,175.201126,174.00059965,2.278751436577965,169.44309677684407,178.55810252315592,174.13722048033753,1.598101803059535,0.007105843359604495
2014-12-12,1.134035,1.544443,-0.216003,-2.150598,-2.150604,1.826331,2.241059,2.060505,1.462603,1.20822,1.335422,-1.0,171.433243,173.94063035000002,2.3318109544052783,169.27700844118945,178.6042522588106,173.8796988155435,1.1962401331908268,-0.021740668239463013
2014-12-15,0.749139,1.655712,-0.624292,-0.523807,-0.523799,1.750164,2.405388,2.517357,1.972257,1.73115,1.781342,-1.0,170.535278,173.8986725,2.387305914341642,169.12406067131673,178.67328432868328,173.5611825473965,0.7961263447388092,-0.0052517527710676535
2014-12-16,-0.74977,1.639783,-0.755162,0.640569,0.640558,0.53833,1.499001,1.795493,1.359765,1.081205,1.064417,1.0,171.627655,173.96138765,2.3048727913425946,169.35164206731483,178.57113323268518,173.37703706669205,0.5607154011397597,0.0063851493309494784
2014-12-17,0.129627,0.42128,-1.479876,-0.12946,-0.129456,0.370515,1.385903,1.85471,1.493129,1.20181,1.12119,0.0,171.405472,173.9647774,2.300857397718088,169.36306260456382,178.56649219543618,173.18926896510234,0.3521627085634407,-0.0012954027677324733
2014-12-18,-2.134208,0.041746,-2.922149,3.505269,3.505261,-2.779163,-1.947918,-1.508034,-1.758256,-2.094871,-2.243874,1.0,177.413681,174.294294,2.2991954014199494,169.6959031971601,178.8926848028399,173.5915939208069,0.6640408017464949,0.034452255430904785
2014-12-19,-0.674101,0.720767,-0.954115,0.631396,0.631393,-2.593721,-2.408604,-2.081409,-2.1474,-2.576944,-2.779799,1.0,178.533859,174.7000229,2.2953678436714107,170.10928721265716,179.29075858734282,174.062285833111,0.9901812473828215,0.006294083100168019
2014-12-22,-1.552559,0.259613,-1.552559,1.866731,1.866732,-3.1326,-3.861027,-3.694235,-3.685695,-4.131478,-4.361502,1.0,181.866608,175.16355900000002,2.74092562927381,169.6817077414524,180.64541025854763,174.80555461090995,1.5002805908599157,0.018495225774408586
2014-12-23,1.394491,1.506869,-0.010218,-0.34614,-0.346134,-1.735716,-3.264036,-3.166986,-3.135316,-3.558723,-3.854507,0.0,181.237106,175.5547493,3.0218917251915056,169.51096584961698,181.59853275038301,175.4180833146328,1.832617175169787,-0.0034673433865269427
2014-12-24,-0.234176,0.753455,-0.325816,0.337125,0.337132,-0.917381,-3.155325,-3.263254,-3.225074,-3.651573,-3.994323,0.0,181.848114,175.98337784999998,3.278654823556545,169.42606820288688,182.54068749711308,176.0304671894297,2.120851693644255,0.0033656483002557492
2014-12-26,-0.066038,0.492787,-0.132084,0.208727,0.2087,-0.595391,-2.97143,-3.223919,-3.231287,-3.601903,-4.000277,0.0,182.227631,176.3393326,3.5535989544063753,169.23213469118724,183.44653050881277,176.62067326662685,2.352782069159616,0.002084825164412343
2014-12-29,0.659371,0.659371,-0.475359,-0.609631,-0.609623,0.299535,-1.841639,-2.433713,-2.533472,-2.774379,-3.255307,-1.0,181.11673,176.52818835,3.706629027467433,169.11493029506514,183.94144640493485,177.04886914599572,2.4190626873649705,-0.006114884835371803
2014-12-30,-0.097215,0.501464,-0.220024,-0.107343,-0.107341,0.302927,-1.162046,-2.138523,-2.317957,-2.485815,-2.975438,0.0,180.922318,176.7286156,3.834738407367585,169.05913878526485,184.39809241473517,177.4177690368533,2.427915631117145,-0.0010739837029231094
2014-12-31,1.215141,1.765589,-0.025966,-1.463432,-1.463432,1.460244,0.678713,-0.617609,-0.803343,-0.928492,-1.386725,-1.0,178.274643,176.84248585,3.8456750366101935,169.15113577677963,184.53383592322038,177.4993760809625,2.195972602648169,-0.014742457432119641
2015-01-02,-0.625933,0.605244,-1.174282,0.384271,0.384263,0.74906,0.715441,-0.811808,-1.089169,-1.180681,-1.62224,0.0,178.959686,177.0105118,3.8618726952487994,169.28676640950238,184.7342571904976,177.63845321610893,2.0438728327349054,0.0038352632101332955
2015-01-05,1.907127,2.752394,-0.364513,-2.079564,-2.079542,2.09096,2.730193,1.296065,0.999783,0.920908,0.550991,-1.0,175.238144,176.9901459,3.870514618552863,169.24911666289427,184.7311751371057,177.40985233838427,1.6045392029426182,-0.02101469089792096
2015-01-06,0.647559,1.37474,-0.849252,-0.470178,-0.470194,1.804676,2.979306,1.888544,1.437908,1.330583,1.102358,0.0,174.414185,176.9221009,3.9048106899547754,169.11247952009046,184.73172227990955,177.12455068710958,1.1763176730148643,-0.004713027523924734
2015-01-07,-0.791278,0.099566,-0.843683,1.289813,1.289814,0.026202,1.373475,0.822375,0.171886,0.03459,-0.108314,1.0,176.663803,176.967463,3.8958173529787787,169.17582829404245,184.75909770595757,177.0806699550039,1.006867851299205,0.012815664136261434
2015-01-08,-2.167791,0.896838,-2.167791,2.253316,2.253313,-1.915646,-0.89325,-1.066636,-1.919996,-2.066924,-2.17615,1.0,180.644592,177.17622305,3.9787068178358647,169.21880941432826,185.13363668567175,177.42009110214642,1.1801895596268537,0.02228301249183575
2015-01-09,0.03589,1.051176,-0.102552,-0.056373,-0.056366,-1.684959,-0.909657,-0.673439,-1.682392,-1.902165,-1.986806,0.0,180.54277,177.5053322,3.9709412738821763,169.56344965223565,185.44721474776435,177.71748909241816,1.2944109144746676,-0.0005638181919408262
2015-01-12,0.534784,0.905021,-0.390803,-0.282024,-0.282014,-0.874182,-0.751285,-0.295516,-1.270129,-1.527237,-1.618426,0.0,180.033615,177.74695665,3.9703792581652,169.8061981336696,185.68771516633038,177.93807251218786,1.328533105144885,-0.0028241191580165312
2015-01-13,0.921015,2.104449,-0.859281,-0.061704,-0.06171,-0.200673,-0.756375,-0.182496,-0.97325,-1.374227,-1.509825,0.0,179.922516,178.1714203,3.7047693887136925,170.76188152257262,185.58095907742737,178.12706713007472,1.3312644385173655,-0.0006172919084289322
2015-01-14,0.476116,0.522698,-0.828024,-0.576285,-0.576293,0.626205,-0.29498,0.284985,-0.165858,-0.732591,-0.902199,-1.0,178.885635,178.58893815000002,3.2403217721793056,172.10829460564142,185.06958169435862,178.1993116891152,1.2355191135127086,-0.005779600510305226
2015-01-15,0.930503,1.226803,-0.270307,-0.445066,-0.445065,0.789112,0.140359,0.615484,0.461875,-0.252423,-0.420017,0.0,178.089478,178.9120293,2.8022195909363603,173.30759011812728,184.51646848187272,178.1888513377709,1.0829138803778449,-0.004460581654498684
2015-01-16,-1.453445,0.030814,-1.453445,1.216412,1.216414,-0.454009,-0.99122,-0.652599,-0.499977,-1.31149,-1.530653,1.0,180.255783,179.35454485,2.1853234055369914,174.98389803892601,183.72519166107398,178.38570197226892,1.1238211321339975,0.012090749486789096
2015-01-20,0.449556,0.633464,-1.399747,0.534124,0.534129,-0.852111,-1.187233,-1.217544,-0.923632,-1.702991,-1.951301,0.0,181.218582,179.5447899,2.173052034888419,175.19868583022318,183.89089396977684,178.65550007014807,1.2198683734570466,0.005327079151739118
2015-01-21,-0.255754,0.639386,-0.710997,-0.127714,-0.127708,-0.607682,-0.697707,-1.096003,-0.729166,-1.366147,-1.729932,0.0,180.987152,179.66745455,2.1822060614272942,175.3030424271454,184.0318666728546,178.87756215870542,1.2627557747961475,-0.0012778926989264472
2015-01-22,-0.550253,0.237267,-1.418546,1.324806,1.324801,-1.416528,-1.629563,-2.299631,-1.985717,-2.375489,-2.876135,1.0,183.384872,179.74336775,2.2866443227703916,175.17007910445923,184.31665639554078,179.30682976263822,1.473237747072659,0.013161024730614803
2015-01-23,0.278567,0.729337,-0.248179,-0.328131,-0.328124,-0.57841,-1.188724,-1.813558,-1.620758,-1.809979,-2.441258,0.0,182.783142,179.82066955,2.364602615819727,175.09146431836055,184.54987478163943,179.63790711857743,1.5733549874936443,-0.0032866362907171026
2015-01-26,0.291295,0.63369,-1.354249,-0.891415,-0.891419,0.414966,-0.26625,-0.849688,-0.755063,-0.711573,-1.43142,-1.0,181.153778,179.78595275,2.3382191502989382,175.10951444940213,184.4623910505979,179.782275773951,1.503886694518684,-0.00895416099276281
2015-01-27,1.28575,1.542903,-0.120701,-2.621622,-2.621619,2.572549,2.213059,1.863718,1.75176,1.938587,1.244982,-1.0,176.404617,179.49480205,2.3803402153690914,174.73412161926183,184.25548248073818,179.46059398595568,1.0534712092019163,-0.02656595606854437
2015-01-28,1.368558,2.93263,-0.1321,-0.682237,-0.682233,2.616639,2.645697,2.593384,2.281889,2.562734,2.012141,-1.0,175.201126,179.19902185,2.530962543030819,174.13709676393836,184.26094693606166,179.0549303682456,0.5925712339912934,-0.006845711277281847
2015-01-29,-1.683119,0.015584,-2.805192,1.717305,1.717282,0.303391,0.874818,0.919146,0.478971,0.7491,0.433429,1.0,178.209824,179.06339715,2.5063134813707393,174.0507701872585,184.07602411274146,178.9744440474603,0.46472441313977697,0.017027037163342452
2015-01-30,0.743223,1.37496,-0.047776,-2.145457,-2.145437,1.53952,2.874127,2.892529,2.570465,2.800862,2.688141,-1.0,174.386444,178.8689872,2.712993987578317,173.44299922484336,184.29497517515662,178.5374916619879,0.05426454594112329,-0.02168786348962206
2015-02-02,-0.485923,0.227113,-1.753556,0.509639,0.509626,0.353885,2.068352,2.170465,1.945284,2.129616,2.241062,0.0,175.275162,178.684761,2.8291244563105082,173.026512087379,184.34300991262103,178.22679359894144,-0.1970443362907588,0.0050833142584802635
2015-02-03,-0.843747,0.156252,-1.25521,1.410235,1.410241,-0.890626,0.453647,0.663888,0.598175,0.608538,0.825517,1.0,177.746964,178.810202,2.7218467431960374,173.36650851360793,184.25389548639208,178.1810955418994,-0.19451245386514415,0.014003895014227608
2015-02-04,-0.488872,0.650094,-0.863326,0.145833,0.145826,-0.71978,0.139908,0.445537,0.552585,0.392141,0.66882,0.0,178.006165,178.989801,2.5281253528272587,173.93355029434548,184.04605170565452,178.16443549028995,-0.16963511630811468,0.0014571961550678353
2015-02-05,-0.504996,0.211276,-1.277953,0.925733,0.925748,-1.469655,-0.986299,-0.447291,-0.286517,-0.55695,-0.295623,1.0,179.654053,179.13931350000001,2.471104829220348,174.1971038415593,184.08152315844072,178.30630382454802,-0.01675570806480664,0.009214889315641224
2015-02-06,-0.486587,0.875841,-1.19853,0.608063,0.608053,-1.361403,-1.697398,-0.950966,-0.886346,-1.10326,-0.907263,1.0,180.746445,179.14440614999998,2.474472958844239,174.1954602323115,184.09335206768847,178.53869822221012,0.1903549360923762,0.006062118956247704
2015-02-09,0.689049,1.02062,-0.16579,-1.137063,-1.137057,0.15542,-0.704594,0.129862,0.201787,0.028177,0.173549,-1.0,178.691254,179.05183035,2.4539531147252553,174.14392412054949,183.9597365794505,178.55322734390438,0.18650496286977614,-0.01143571418949676
2015-02-10,-0.291303,0.158429,-0.914802,1.372912,1.372914,-0.825883,-1.787707,-1.228943,-1.124602,-1.196101,-1.203053,1.0,181.144531,179.10737615,2.489658823484264,174.12805850303147,184.08669379696852,178.80001816829446,0.37706619794755625,0.01363574782927597
2015-02-11,-0.580714,0.443174,-0.667311,0.327081,0.32707,-0.738619,-1.748249,-1.523433,-1.397019,-1.357031,-1.513757,0.0,181.737,179.19810035,2.553176258143715,174.0917478337126,184.30445286628742,179.07973072369498,0.5693317445418415,0.0032653605974630622
2015-02-12,-0.389907,0.379785,-0.551953,0.595995,0.595996,-0.980346,-2.078178,-2.127465,-1.8736,-1.806759,-2.062651,1.0,182.820145,179.39482585,2.6764373954398155,174.04195105912035,184.74770064087963,179.43596065477163,0.7998837625910085,0.005942268322307442
2015-02-13,0.172631,0.731151,-0.385882,-0.268381,-0.268368,-0.540245,-1.379037,-1.880686,-1.493278,-1.505566,-1.72498,0.0,182.329514,179.60682764999999,2.7348875832438964,174.1370524835122,185.07660281648776,179.711537163841,0.9322615458193866,-0.0026872888042789715
2015-02-17,-0.5264,0.369487,-0.911071,0.314806,0.3148,-0.391765,-1.271453,-2.124821,-1.730024,-1.763026,-1.961506,0.0,182.903488,179.73921289999998,2.8303700808353374,174.0784727383293,185.39995306167066,180.01553248157043,1.0711393697639267,0.0031430591943905823
2015-02-18,-0.503601,0.005033,-0.815838,0.50615,0.506142,-0.601298,-1.437778,-2.348456,-2.153897,-2.175151,-2.29944,0.0,183.829239,179.86974575,2.9594443393929377,173.95085707121413,185.78863442878585,180.37874262618277,1.2415891478428023,0.005048652046604695
2015-02-19,-1.561652,0.014872,-1.85415,1.581306,1.581316,-1.613212,-2.504591,-3.456785,-3.523133,-3.552037,-3.600391,1.0,186.73616,180.15719614999998,3.3297257547668444,173.4977446404663,186.81664765953366,180.9842109474987,1.5928743910915841,0.01568943370230981
2015-02-20,-1.534391,0.0049,-1.81872,1.130335,1.130321,-2.074603,-3.107498,-4.160327,-4.456829,-4.419033,-4.462794,1.0,188.846878,180.43029645000001,3.799275569600773,172.83174531079848,188.02884758920155,181.73303638107024,2.018321822228444,0.01123980588871108
2015-02-23,-0.773382,0.034052,-1.162507,0.784348,0.784364,-1.996209,-3.358144,-4.347816,-5.002193,-4.90569,-5.036728,1.0,190.328125,180.8075456,4.37601231368581,172.0555209726284,189.5595702273716,182.55161624953973,2.4468109170254024,0.007813038957337112
2015-02-24,-0.537218,0.150033,-0.871159,0.500997,0.500988,-1.608747,-3.181682,-4.266766,-5.211011,-5.149158,-5.322972,0.0,191.281647,181.31393905,4.964603277517868,171.38473249496425,191.24314560503572,183.38304774958357,2.830702294236403,0.004997377186765538
2015-02-25,1.069024,1.073903,-0.17573,-0.851802,-0.851791,-0.149379,-1.901308,-3.025816,-4.047408,-4.156409,-4.340535,-1.0,189.652328,181.9763246,5.155225368056299,171.6658738638874,192.28677533611258,183.98012205914705,2.969239010920404,-0.00855439022361439
2015-02-26,0.953657,1.246706,-0.397359,-1.723127,-0.998249,0.966395,-0.591428,-1.701717,-2.745486,-3.045734,-3.236862,-1.0,187.759125,182.60422455,5.050288791983098,172.5036469660338,192.70480213396618,184.34002710113305,2.8929169512178703,-0.010032651976045148
2015-02-27,0.47488,0.944763,-0.024995,-0.635772,-0.635759,1.367832,0.245363,-0.82581,-1.899294,-2.357203,-2.480532,-1.0,186.56543,183.02200485,5.013101286198834,172.99580227760234,193.04820742239767,184.55197023435846,2.7049292183885996,-0.006377882671167175
2015-03-02,-1.462911,0.054182,-1.462911,1.484629,1.48463,-0.219971,-0.85112,-1.974221,-2.939649,-3.647207,-3.709168,1.0,189.335236,183.76944444999998,4.766125883745101,174.23719268250977,193.3016962174902,185.00751935489578,2.7477731631133793,0.01473717064209674
2015-03-03,1.260443,1.260443,-0.250088,-1.522023,-1.522041,0.804299,0.871686,-0.18163,-1.139757,-2.044317,-2.110131,-1.0,186.453476,184.32836015,4.355315075201572,175.61772999959686,193.03899030040316,185.14522951157235,2.5201427133893617,-0.015337429779426006
2015-03-04,0.366887,0.557874,-0.095493,-0.480164,-0.480154,0.849374,1.451539,0.458538,-0.452305,-1.37439,-1.559885,0.0,185.558212,184.71892255,4.0753017273191725,176.56831909536166,192.86952600463835,185.18456117713689,2.2416631221424836,-0.004813105379125804
2015-03-05,0.135605,0.467098,-0.175794,0.065339,0.06535,0.559508,1.328375,0.534483,-0.310689,-1.21307,-1.539936,0.0,185.679474,185.10258800000003,3.758997352442071,177.5845932951159,192.62058270488416,185.23169573169528,2.007608409659639,0.0006532849917218995
2015-03-06,0.364262,0.495798,-0.480622,-0.723256,-0.723258,1.050282,1.821899,1.321745,0.542583,-0.360434,-0.80542,-1.0,184.336533,185.33671199999998,3.5412990962055866,178.2541138075888,192.41931019241116,185.14644213820048,1.694224285524541,-0.007258858380900403
2015-03-09,-1.161513,0.375488,-1.266646,1.052313,1.0523,-0.330426,0.544068,0.407891,-0.355977,-1.142706,-1.775866,1.0,186.276306,185.61320505,3.376065166078189,178.86107471784362,192.3653353821564,185.25404822027662,1.5841277405694427,0.010468016804065465
2015-03-10,0.420084,0.708571,-0.136656,-1.081407,-1.081398,0.521308,1.262272,1.554719,0.884513,0.133109,-0.645832,-1.0,184.261917,185.8917382,2.9816938214185225,179.92835055716296,191.85512584283703,185.15955953263122,1.319125025968475,-0.010872880150719308
2015-03-11,0.370161,0.608487,-0.152124,-0.187263,-0.187267,0.531415,1.140407,1.748431,1.14916,0.455166,-0.323273,0.0,183.916855,186.0303544,2.8088147086672484,180.4127249826655,191.64798381733448,185.04120671999968,1.0689427393042479,-0.0018744269212273307
2015-03-12,-0.623808,0.085521,-0.623808,0.796102,0.796105,-0.294798,0.213301,0.89607,0.448551,-0.179118,-0.927492,1.0,185.381027,186.21255575,2.62802856583889,180.95649861832223,191.46861288167779,185.0735705561902,0.9775493381935121,0.007929531921579483
2015-03-13,0.436305,0.963926,-0.766067,-0.840124,-0.840134,0.494147,0.913204,1.568736,1.326897,0.757345,0.013697,-1.0,183.823578,186.26272740000002,2.568765511603252,181.12519637679353,191.4002584232065,184.95452364607684,0.770563712386604,-0.008436829970039583
2015-03-16,-1.924694,0.094009,-1.984066,2.536655,2.536652,-1.757451,-1.628313,-1.009106,-1.016499,-1.571031,-2.211183,1.0,188.486542,186.5705788,2.438207957691343,181.6941628846173,191.4469947153827,185.29090634645047,0.9715884703739164,0.025050126679589956
2015-03-17,0.403647,0.662781,-0.318931,-0.712485,-0.712463,-0.744517,-0.885543,-0.446182,-0.192932,-0.684068,-1.298078,-1.0,187.143646,186.78258669999997,2.281899104521005,182.21878849095796,191.34638490904197,185.46735774202662,1.010888660017855,-0.007150126715665494
2015-03-18,-0.903259,0.439289,-2.092796,0.961782,0.961764,-1.157945,-1.650539,-1.419543,-1.008357,-1.465047,-2.040785,1.0,188.943527,187.0383011,2.219219993326046,182.5998611133479,191.4767410866521,185.79842148088125,1.1737395589124446,0.009571689070369946
2015-03-19,0.15332,0.578663,-0.568776,-0.202371,-0.202365,-0.620212,-1.298285,-1.19129,-0.759234,-1.120479,-1.65556,0.0,188.561172,187.1295517,2.243530151704457,182.64249139659108,191.61661200340893,186.06154057794015,1.2574520915630387,-0.002025697331772049
2015-03-20,-0.35334,0.132497,-1.030577,0.781444,0.781458,-0.737119,-1.763768,-1.835744,-1.497492,-1.735332,-2.236038,1.0,190.034698,187.18894269999998,2.306230039156469,182.57648262168703,191.80140277831293,186.43993652289825,1.4262551289210705,0.007784202403149897
2015-03-23,0.202052,0.822983,0.0,-0.41714,-0.417155,-0.241468,-1.195542,-1.427818,-1.113561,-1.177591,-1.676861,0.0,189.241959,187.1346344,2.2402615620679085,182.65411127586418,191.61515752413584,186.70679580643176,1.4790161624190148,-0.004180273896504678
2015-03-24,-0.472212,0.526312,-1.15593,0.187268,0.187266,-0.169204,-1.098866,-1.501554,-1.34284,-1.221103,-1.668918,0.0,189.596344,187.05036925,2.1035928388703145,182.84318357225936,191.2575549277406,186.98199087248588,1.5317682979240033,0.0018709042911672015
2015-03-25,2.170632,2.502259,-0.010051,-2.105263,-2.105246,1.617918,1.11897,0.618351,0.669768,0.941424,0.525817,-1.0,185.604874,186.84799655,2.033626871408092,182.78074280718383,190.91525029281618,186.8508368846301,1.2372344063917637,-0.021277226151431607
2015-03-26,-1.490821,0.279217,-2.143998,0.773789,0.773787,0.675106,0.431284,-0.105712,-0.122416,0.17287,-0.151541,1.0,187.041061,186.81209335,2.023005383141858,182.76608258371627,190.85810411628373,186.86895346704628,1.1069423215001848,0.007708089507919815
2015-03-27,-0.825791,0.316471,-0.984024,0.832668,0.832654,-0.308552,-0.144877,-0.779964,-0.893284,-0.659604,-0.87394,1.0,188.598465,186.91374509999997,2.0606856820297645,182.79237373594043,191.0351164640595,187.0336688511371,1.1164842570238989,0.008292060956816276
2015-03-30,-0.678412,0.634488,-0.922446,1.315336,1.315341,-1.410511,-1.305577,-1.900532,-2.134317,-1.933583,-2.008222,1.0,191.079178,187.0009422,2.20068446891773,182.59957326216454,191.40231113783545,187.4189554367431,1.3091283004453373,0.013067655401523914
2015-03-31,0.246354,1.08888,0.0,-0.941965,-0.941972,-0.506499,-0.254234,-0.790958,-1.129038,-1.043356,-0.964108,-1.0,189.279266,187.14223169999997,2.2537572855856505,182.63471712882867,191.64974627117127,187.59612787133898,1.3015586786194433,-0.009464364279772663
2015-04-01,1.680424,1.866576,-0.66915,-2.069379,-2.069376,1.569737,1.660301,1.357421,0.954926,0.955126,1.156193,-1.0,185.362366,187.1324394,2.261414343904695,182.60961071219063,191.6552680878094,187.38338864549718,0.9683362264354116,-0.02091087797653114
2015-04-02,0.32709,0.422704,-0.528383,-0.020122,-0.02011,1.404982,1.506132,1.375796,0.965671,0.922897,1.15116,0.0,185.325089,187.11472014999998,2.274747290069729,182.56522556986053,191.66421473013943,187.18736010783076,0.6932556701495116,-0.00020112361302145385
2015-04-06,-0.598413,0.294218,-1.336455,0.910828,0.910825,0.320148,0.428361,0.574474,0.125911,0.021538,0.20548,1.0,187.013077,187.24854735000002,2.1794354959633093,182.88967635807342,191.60741834192663,187.17076171660878,0.6044906796673786,0.009067024110759023
2015-04-07,0.424684,1.199105,-0.124906,-0.1895,-0.189506,0.036976,0.480644,0.700146,0.326259,0.154087,0.330207,0.0,186.658676,187.26766585000001,2.172122744984341,182.92342036003134,191.61191133996869,187.12199164836034,0.49978537168658477,-0.0018968578888717477
2015-04-08,-0.179274,0.537822,-0.587617,0.329755,0.329751,-0.505946,0.026399,0.373825,0.076943,-0.157557,-0.070875,0.0,187.274185,187.41827925,2.0539570998330468,183.31036505033393,191.5261934496661,187.1364862532784,0.46115617173944656,0.003292085933567453
2015-04-09,-0.456711,0.233321,-0.570894,0.313731,0.313733,-0.55103,-0.166301,0.021514,-0.131055,-0.420769,-0.415176,0.0,187.861725,187.61552275000003,1.8822526814543115,183.8510173870914,191.38002811290866,187.20555661010903,0.47250507580659473,0.0031324139585179904
2015-04-10,0.484032,0.893218,-0.059878,-0.516287,-0.516281,0.132734,0.343812,0.481039,0.427645,0.121956,0.086161,-1.0,186.89183,187.6910629,1.8170430234803117,184.05697685303937,191.3251489469606,187.17567788533674,0.39864145277306307,-0.005176186603618149
2015-04-13,1.512304,2.070541,-0.11672,-1.671652,-1.671649,1.481849,1.786849,1.961932,2.133462,1.811715,1.736946,-1.0,183.767654,187.68826669999999,1.82333995451051,184.04158679097895,191.33494660902102,186.85110418197132,0.08700615321379246,-0.016857790622042693
2015-04-14,-0.228031,0.217902,-0.501667,0.147167,0.14716,1.047941,1.254691,1.623598,1.862526,1.613463,1.491507,0.0,184.038086,187.4658439,1.984995570105611,183.4958527597888,191.43583504021123,186.58319768845024,-0.13657115730373448,0.001470515651725284
2015-04-15,0.537497,1.140916,-0.08621,-0.065871,-0.065873,0.749456,1.029867,1.484713,1.841946,1.672938,1.512432,0.0,183.916855,187.30450435,2.13781544389685,183.0288734622063,191.5801352377937,186.3292602895502,-0.31985304836675255,-0.0006589448374149035
2015-04-16,-0.273941,0.46672,-0.735591,-0.045643,-0.04564,0.357146,0.9928,1.466792,1.749446,1.717536,1.527499,0.0,183.832916,187.0489738,2.234825505446507,182.57932278910698,191.51862481089302,186.09151321435496,-0.4665009111839993,-0.00045650063209784096
2015-04-17,0.503026,0.831534,-0.451702,-1.166796,-1.166806,0.969105,1.984915,2.468267,2.761531,2.837087,2.652883,-1.0,181.687943,186.70531235,2.5024861296658996,181.70034009066822,191.7102846093318,185.6721255748926,-0.7471886679646502,-0.011736663281997165
2015-04-20,-0.77236,0.431906,-0.914636,1.016321,1.016326,-0.072154,0.769311,1.25339,1.550562,1.796142,1.605525,1.0,183.534485,186.38030170000002,2.469210384963795,181.44188093007241,191.31872246992762,185.46854075823614,-0.8112832618188293,0.010111962424850546
2015-04-21,0.896638,1.044375,-0.601147,-0.259151,-0.259143,0.080491,0.834478,1.224378,1.645525,1.942025,1.810926,0.0,183.058868,186.07114715,2.4791160052705803,181.11291513945883,191.02937916054117,185.2390481145946,-0.8901953879231996,-0.0025947948208387443
2015-04-22,-0.47058,0.232754,-1.224509,0.68267,0.682682,-0.555601,-0.010137,0.358228,0.812866,1.189276,1.121438,1.0,184.308578,185.80675885,2.3626025001204263,181.08155384975913,190.53196385024086,185.15043191320464,-0.8421844851511082,0.006803623098811069
2015-04-23,0.147063,0.87728,-0.583161,-0.217582,-0.217604,-0.330622,-0.007092,0.524348,0.986569,1.300414,1.341792,0.0,183.907516,185.72189095000002,2.4004192133824733,180.92105252323506,190.52272937676497,185.03205896908992,-0.8269651113536156,-0.0021784064582566357
2015-04-24,0.839433,0.957163,-0.189382,-0.927993,-0.927985,0.659263,0.672058,1.351623,1.799662,2.109639,2.232857,-1.0,182.200882,185.479882,2.502253335728249,180.4753753285435,190.48438867145651,184.76242306727184,-0.941758740300287,-0.009323175164792932
2015-04-27,0.928602,1.41354,-0.159924,-0.783129,-0.783144,1.148384,1.301086,1.921529,2.386777,2.710704,2.983575,-1.0,180.773987,185.0886581,2.5988147945555133,179.891028510889,190.28628768911102,184.38257201324598,-1.134790857106907,-0.007862265254021474
2015-04-28,-0.139163,0.128853,-1.252452,0.092864,0.092883,0.820527,1.035967,1.616319,2.01164,2.431906,2.749022,0.0,180.941895,184.58179395000002,2.345140761073648,179.89151242785272,189.27207547214732,184.05488848817492,-1.2597003861478981,0.0009283972333859504
2015-04-29,1.092588,1.453298,-0.188196,-1.407077,-1.407076,1.596523,2.168431,2.734762,3.162472,3.642634,4.05196,-1.0,178.395905,184.03762590000002,2.457754855919453,179.12211618816113,188.95313561183892,183.51593767977732,-1.5463073346997191,-0.014170691781167016
2015-04-30,2.341905,2.604502,-0.509117,-2.451768,-2.451778,3.013932,4.172561,4.786709,5.429528,5.98135,6.381386,-1.0,174.022034,183.4706093,3.2999011786272403,176.87080694274553,190.07041165725448,182.6117563769414,-2.1021479885827716,-0.024823342465327768
2015-05-01,-1.16402,0.079362,-1.16402,1.28617,1.286162,1.031755,2.54181,3.053979,3.833609,4.39091,4.797896,1.0,176.260239,183.0173668,3.6370851372369466,175.7431965255261,190.2915370744739,182.00684996008985,-2.3351333101312264,0.012779610240771786
2015-05-04,-0.258319,0.611526,-0.284679,0.36508,0.365099,0.226679,1.793972,2.420431,3.170163,3.746736,4.16925,0.0,176.903763,182.5119011,3.753173517228968,175.00555406554204,190.01824813445793,181.52084167817654,-2.4397252137930536,0.0036443392224963034
2015-05-05,1.014141,1.361082,-0.128105,-1.23359,-1.233589,0.766472,2.588195,3.344176,4.117149,4.668044,5.1933,-1.0,174.721497,181.91504215,4.000064206091755,173.9149137378165,189.9151705621835,180.87328504215975,-2.6679511985560964,-0.012412612330186243
2015-05-06,0.899209,1.198954,-0.492425,-0.277558,-0.277559,0.569498,2.295663,3.261425,4.032804,4.614027,5.192236,0.0,174.236542,181.26316000000003,4.1406184709746,172.98192305805082,189.54439694194923,180.24121427623976,-2.8550425974609652,-0.002779447715792953
2015-05-07,-0.828868,0.393173,-0.993577,0.738642,0.738626,0.003196,1.067963,2.188696,2.918555,3.622769,4.229502,1.0,175.523499,180.6462487,4.02322705258044,172.59979459483912,188.69270280516088,179.791908059455,-2.8664248433555315,0.007359118579808567
2015-05-08,-0.272989,0.293993,-0.52499,1.206094,1.206109,-1.033178,-0.393219,0.818982,1.431644,2.214823,2.810966,1.0,177.640503,180.18368234999997,3.7925732917374124,172.59853576652515,187.7688289334748,179.5870123395069,-2.6737989352290015,0.01198893061100273
2015-05-11,-0.346513,0.372758,-0.48827,-0.005247,-0.005248,-0.946082,-0.56492,0.602717,1.264237,2.008921,2.610556,0.0,177.63118,179.87685865,3.7351546934210256,172.40654926315796,187.34716803684205,179.4007425928872,-2.4931542729050307,-5.248377761717678e-05
2015-05-12,-0.729238,0.36724,-1.08074,0.073502,0.073497,-0.676772,-0.816849,0.33017,1.013327,1.733803,2.28547,0.0,177.761734,179.56304104999998,3.6292999223220637,172.30444120535586,186.8216408946441,179.24464653642178,-2.312796975951443,0.0007347023574735931
2015-05-13,-0.015706,0.518327,-0.099477,0.204606,0.204613,-0.442937,-1.034559,-0.106114,0.644497,1.320623,1.867882,0.0,178.125458,179.2734712,3.492084852702603,172.28930149459478,186.2576409054052,179.13805715200064,-2.1161197207775615,0.0020440416784642088
2015-05-14,-0.740745,0.155402,-0.818442,1.0733,1.073291,-0.998701,-1.751357,-1.310194,-0.529653,0.070864,0.687561,1.0,180.037262,179.0836885,3.3306626951511276,172.42236310969773,185.74501389030226,179.22369570895296,-1.7854039485384305,0.010675718329798384
2015-05-15,0.348304,0.753793,-0.135161,-0.357421,-0.357431,-0.448107,-1.224253,-1.060499,-0.236783,0.262645,0.93853,0.0,179.393753,178.968979,3.2752966831799433,172.4183856336401,185.51957236635988,179.23989164143362,-1.5572837173135952,-0.0035807131867169424
2015-05-18,-0.326292,0.284858,-0.372903,0.374299,0.374304,-0.548992,-1.417023,-1.455694,-0.705142,-0.193489,0.433505,0.0,180.065231,178.79551629999997,3.1083921731489865,172.578731953702,185.01230064629794,179.3184953898685,-1.307245020857522,0.0037360522948871903
2015-05-19,-0.186162,0.480915,-0.243045,0.155378,0.155389,-0.416804,-1.258151,-1.630646,-0.934435,-0.430247,0.160989,0.0,180.345032,178.6598245,2.9685768523219545,172.7226707953561,184.59697820464393,179.4162607813096,-1.0741280704049245,0.0015526808470069844
2015-05-20,0.336349,0.336349,-0.408793,-0.067228,-0.067231,-0.11695,-0.85951,-1.496852,-0.981114,-0.445227,0.097972,0.0,180.223785,178.45558485,2.6866120485008476,173.0823607529983,183.8288089470017,179.49316784975633,-0.8889179346326443,-0.0006725318377711936
2015-05-21,0.238209,0.429807,-0.305524,-0.072445,-0.072448,-0.03832,-0.533891,-1.200695,-1.015222,-0.456111,0.026757,0.0,180.093216,178.26486985,2.3992393529096825,173.46639114418062,183.06334855581937,179.55031529263667,-0.7440959201713611,-0.0007247451846723185
2015-05-22,0.207401,0.259255,-0.362956,-0.12946,-0.129455,0.143106,-0.281555,-0.939198,-0.951989,-0.36773,0.026096,0.0,179.860077,178.1478296,2.2495516018990056,173.648726396202,182.646932803798,179.57981640762364,-0.6407496362467668,-0.0012953849131812228
2015-05-26,1.139047,1.139047,-0.194213,-1.218504,-1.218514,1.108613,0.950615,0.311455,0.182416,0.729211,1.145532,-1.0,177.668457,177.9925531,2.164304256185763,173.6639445876285,182.32116161237153,179.39778217832617,-0.7273084207930367,-0.012259986226990614
2015-05-27,-0.470347,0.125419,-0.684616,0.440928,0.440935,0.45257,0.546116,0.010449,-0.327151,0.183745,0.597158,0.0,178.451859,177.8680513,2.0545504778693062,173.75895034426136,181.97715225573862,179.30769425658085,-0.72434311044276,0.0043996549957569155
2015-05-28,-0.373444,0.33663,-0.625922,-0.642807,0.142197,0.140025,0.43581,0.035159,-0.460017,-0.083923,0.357111,0.0,178.705612,177.88353665,2.059898542882701,173.76373956423458,182.0033337357654,179.25035308928744,-0.6935228346931694,0.0014209588951678775
2015-05-29,0.919233,1.009569,-0.308184,-1.009887,-1.009883,0.800723,1.283146,1.107612,0.636846,0.776976,1.250321,-1.0,176.900894,178.02747964999998,1.8674560552723931,174.29256753945518,181.76239176054477,179.02659508078386,-0.805438609137866,-0.01015017140533819
2015-06-01,-0.832161,0.617571,-1.413101,1.524979,1.525,-0.742512,-0.226813,-0.338433,-0.781873,-0.794745,-0.309331,1.0,179.598633,178.19439935,1.850299973664852,174.4937994026703,181.8949992973297,179.08107488261396,-0.6687388699234589,0.01513488962493165
2015-06-02,-0.083872,0.272574,-1.032658,-0.157012,-0.157032,-0.402575,-0.111639,-0.119025,-0.558545,-0.671225,-0.230944,0.0,179.316605,178.31504145,1.8403532679387107,174.63433491412258,181.99574798587741,179.103506322365,-0.5765149389728776,-0.001571558006940491
2015-06-03,-0.244933,0.2293,-0.573248,0.587092,0.587098,-0.771277,-0.69331,-0.60562,-0.982392,-1.263676,-0.862972,1.0,180.36937,178.59743509999998,1.6868357713631161,175.22376355727374,181.97110664272623,179.22406476785406,-0.4137084980404211,0.0058538173820764944
2015-06-04,0.310247,1.114789,-0.094648,-0.896347,-0.896336,0.131453,0.122562,0.316736,0.039488,-0.36268,-0.06994,-1.0,178.752655,178.82324075000002,1.3386919033095335,176.14585694338095,181.5006245566191,179.179168599487,-0.41040768536637984,-0.009003769245030822
2015-06-05,0.042255,0.2324,-0.475365,-0.441708,-0.441726,0.695092,0.447095,0.684126,0.55189,0.167978,0.262093,0.0,177.963058,178.9452187,1.1145891517959696,176.71604039640806,181.17439700359193,179.06334854239302,-0.46613236278281533,-0.004427045183686992
2015-06-08,-0.015841,0.770981,-0.163699,0.021123,0.021135,0.494268,0.321409,0.610675,0.54076,0.185922,0.162252,0.0,178.000671,178.9632271,1.0951393042622837,176.77294849147543,181.1535057085246,178.9621411574032,-0.5014787811257975,0.0002113305209250787
2015-06-09,0.570365,0.628459,-0.026408,-0.010556,-0.01057,0.354904,0.349622,0.543274,0.561239,0.220742,0.120547,0.0,177.981857,178.98076095,1.075317845243923,176.83012525951216,181.13139664048782,178.86878076146004,-0.5249578179344212,-0.00010570181701462117
2015-06-10,0.036986,0.723793,-0.232461,-0.036972,-0.036959,0.116227,0.35661,0.489432,0.602757,0.329618,0.100874,0.0,177.916077,178.9884781,1.0666276176065497,176.8552228647869,181.12173333521312,178.77804706989244,-0.5426180568250913,-0.00036965654736868987
2015-06-11,-1.075829,0.031333,-1.075829,1.162298,1.162299,-0.897226,-0.725405,-0.674018,-0.501483,-0.695381,-1.019818,1.0,179.983994,179.0814049,1.0684404628183797,176.94452397436325,181.21828582563674,178.8928991584741,-0.38530870488102664,0.011555963130654937
2015-06-12,-0.20421,0.28799,-0.397945,-0.261124,-0.261127,-0.46497,-0.319928,-0.435483,-0.25556,-0.346474,-0.658699,0.0,179.514008,179.0552422,1.050050834314498,176.955140531371,181.15534386862902,178.9520523814766,-0.2951614154105471,-0.002614680833509107
2015-06-15,0.042124,0.347517,-0.479151,-0.555031,-0.555045,0.148494,0.175875,0.070096,0.276618,0.229389,-0.062082,-1.0,178.517624,179.01143575,1.0534552673107236,176.90452521537856,181.11834628462145,178.9106782499074,-0.30065315824239747,-0.0055659136412827106
2015-06-16,-0.817531,0.167693,-1.011429,0.473888,0.473899,-0.169796,-0.293997,-0.338892,-0.215909,-0.204721,-0.487738,0.0,179.363617,178.97635505,1.0278881287159567,176.92057879256808,181.0321313074319,178.95381527372575,-0.23404293786003905,0.004727795027432546
2015-06-17,0.17799,0.397861,-0.680559,0.104809,0.104817,-0.092145,-0.44394,-0.40241,-0.342484,-0.269339,-0.502264,0.0,179.55162,178.93668445,0.9867731605458332,176.96313812890833,180.91023077109168,179.01074905718045,-0.164190896958047,0.0010476179209661536
2015-06-18,-0.648508,0.902726,-0.705578,0.905662,0.905653,-0.857066,-1.203629,-1.205358,-1.210608,-1.097059,-1.267576,1.0,181.177734,178.98438190000002,1.0716656603062624,176.84105057938748,181.12771322061255,179.21712857554422,0.02212610257436154,0.009015762075933673
2015-06-19,0.810926,0.810926,-0.078473,-0.835279,-0.835277,-0.005232,-0.276759,-0.270655,-0.390426,-0.272288,-0.359113,-1.0,179.664398,178.962941,1.0524305966164247,176.85807980676717,181.06780219323284,179.25972566358763,0.04712685032683339,-0.00838785018974688
2015-06-22,-0.067683,0.468552,-0.218658,0.491788,0.491792,-0.269682,-0.623703,-0.723662,-0.858851,-0.73477,-0.793063,0.0,180.547974,178.99733585,1.0937239512123678,176.80988794757528,181.18478375242475,179.38241598134118,0.13666196779300321,0.004905871318194589
2015-06-23,0.412228,0.683572,-0.396574,-0.229073,-0.229067,0.04487,-0.276046,-0.465465,-0.562783,-0.505328,-0.51897,0.0,180.134399,179.12063295000002,1.074864977062571,176.97090299587487,181.27036290412516,179.45403341168966,0.1722614248642742,-0.0022932930035695544
2015-06-24,0.552139,0.851867,-0.026294,-0.767064,-0.767063,0.728815,0.541613,0.243633,0.214272,0.228125,0.268489,-1.0,178.752655,179.13567275,1.0670911006145714,177.00149054877085,181.26985495122915,179.38723546771922,0.08796505163107327,-0.007700198777928385
2015-06-25,0.268433,0.621082,-0.163173,-0.094648,-0.094659,0.533714,0.558449,0.332296,0.305804,0.286348,0.37204,0.0,178.58345,179.12956465,1.0700279500142025,176.98950874997158,181.2696205500284,179.3106844707936,0.007420599079352996,-0.0009470356355193565
2015-06-26,1.001908,1.017811,-0.068916,-0.710567,-0.710556,0.988122,1.154042,1.025932,1.035297,0.941355,1.039159,-1.0,177.314514,179.15024565000002,1.0278520880456,177.0945414739088,181.20594982609123,179.1205729973847,-0.15699425803757094,-0.00713092799331618
2015-06-29,1.115778,1.617076,-0.059293,-1.653941,-1.653941,1.979297,2.618039,2.586593,2.584885,2.513282,2.642589,-1.0,174.381836,178.88940580000002,1.4734322482005082,175.942541303599,181.83627029640104,178.66926471191948,-0.517966032040448,-0.01667771630722665
2015-06-30,0.683165,1.016675,-0.306612,0.204824,0.204825,1.153308,2.143623,2.253178,2.244211,2.236679,2.331177,0.0,174.739014,178.66052625,1.735762917044798,175.1890004159104,182.1320520840896,178.2949551203081,-0.7663830967773038,0.002046157510318973
2015-07-01,-1.1479,0.063769,-1.1479,1.221089,1.221068,-0.27952,0.759965,0.980332,0.911953,0.967647,1.031278,1.0,176.872696,178.48569255,1.7306743250347725,175.02434389993047,181.94704120006955,178.15950187075495,-0.7820698899838874,0.012136729979330964
2015-07-02,0.752805,0.79551,-0.288312,-0.462345,-0.462338,-0.103573,0.937004,1.300589,1.304059,1.376403,1.421623,0.0,176.054947,178.35080714999998,1.8119894899751603,174.72682817004966,181.9747861299503,177.95906807354018,-0.8506811736644693,-0.004634096986387465
2015-07-06,-0.670253,0.260647,-0.835155,0.368394,0.368402,-0.539396,0.398954,0.822732,0.896583,0.999833,0.985412,0.0,176.703537,178.2878311,1.8477104211786515,174.5924102576427,181.9832519423573,177.83949368558396,-0.8430027073325732,0.0036772509253787267
2015-07-07,-0.836136,0.063102,-1.377793,1.154316,1.154308,-1.186368,-0.847703,-0.319377,-0.234012,-0.171854,-0.187796,1.0,178.74324,178.32495955,1.849096623208931,174.62676630358212,182.02315279641786,177.92556476314738,-0.6646685960203058,0.01147696657393081
2015-07-08,-0.810317,0.673506,-0.926077,-0.057847,-0.057836,-0.692458,-0.873986,-0.288702,-0.157861,-0.129238,-0.11191,0.0,178.639862,178.3578598,1.8485243585868418,174.6608110828263,182.0549085171737,177.99359307141904,-0.5256202456073424,-0.0005785276489279655
2015-07-09,-0.192583,0.515271,-0.478841,1.09445,1.094442,-1.355331,-1.845104,-1.329655,-1.164576,-1.205435,-1.153735,1.0,180.594971,178.4918045,1.9108344086332234,174.67013568273356,182.31347331726644,178.2413433503315,-0.2547261449064706,0.01088495949827058
2015-07-10,-0.10299,1.447035,-0.67975,1.072189,1.072192,-1.692156,-2.670065,-2.326931,-2.143263,-2.17066,-2.13245,1.0,182.531296,178.61916960000002,2.0918500915875096,174.43546941682501,182.80286978317503,178.64991026934754,0.11488035729399826,0.010664848725676974
2015-07-13,-0.950073,0.257729,-1.147162,1.900202,1.9002,-2.525773,-4.018092,-3.921231,-3.793714,-3.822116,-3.794389,1.0,185.999756,178.943457,2.662705122294697,173.6180467554106,184.2688672445894,179.34989557702872,0.6798351911286034,0.018823718632190834
2015-07-14,-0.075362,0.386839,-0.346648,0.591266,0.591263,-2.205471,-3.902534,-4.252528,-4.129862,-4.192913,-4.226239,1.0,187.099503,179.37255095,3.223003609329665,172.92654373134067,185.81855816865934,180.0879534268355,1.2024453180231944,0.005895215058620677
2015-07-15,-0.110326,0.115338,-0.677,0.18086,0.180863,-1.443258,-3.398526,-4.165621,-4.087558,-4.164084,-4.254719,0.0,187.437897,179.77626494999998,3.693217968286112,172.38982901342777,187.1627008865722,180.78794805285116,1.6251890092594579,0.0018069976033268048
2015-07-16,-0.902684,0.094238,-1.001879,1.108265,1.108261,-1.582178,-3.790291,-4.837475,-4.875996,-4.969738,-5.143332,1.0,189.515198,180.27444384999998,4.2857783640834715,171.70288712183304,188.84600057816692,181.6191147144844,2.1035884025726546,0.011021647287963912
2015-07-17,-0.124267,0.238598,-0.387712,-0.218233,-0.218236,-0.672028,-2.889939,-4.258531,-4.458434,-4.569032,-4.753445,0.0,189.101608,180.67063754999998,4.718125923736413,171.23438570252716,190.1068893974728,182.33173312262872,2.4214372901818706,-0.0021847427687025824
2015-07-20,-1.374741,0.126746,-1.998735,1.963422,1.963437,-1.877845,-3.92435,-5.566235,-5.957206,-6.130755,-6.330792,1.0,192.814499,181.3281426,5.432689202662266,170.4627641946755,192.19352100532453,183.33009177761645,2.9390545065117806,0.019444102565460634
2015-07-21,0.635003,0.792518,-0.147668,-0.965247,-0.965252,-0.517845,-2.348511,-4.067274,-4.76815,-4.955352,-5.19173,-1.0,190.953354,181.8484116,5.837224296587621,170.17396300682475,193.52286019317523,184.05611675117677,3.1626341545593277,-0.009699403306246147
2015-07-22,0.26629,0.813654,-0.389562,-0.177209,-0.177213,-0.007888,-1.546917,-3.341713,-4.324173,-4.550515,-4.802501,0.0,190.61496,182.37243965,6.137944907221464,170.09654983555706,194.64832946444292,184.68076848915993,3.274767586453436,-0.0017737012026427118
2015-07-23,-0.009862,1.050143,-0.093676,0.019729,0.019724,0.091705,-1.038798,-2.878925,-4.030957,-4.336434,-4.598592,0.0,190.652557,182.96743475,6.3419659289469195,170.28350289210616,195.65136660789383,185.24951025209708,3.328301317009192,0.00019722110300770474
2015-07-24,0.875453,0.94509,-0.179069,-0.882517,-0.882517,0.968969,0.183055,-1.558554,-2.901652,-3.319728,-3.590653,-1.0,188.970016,183.48676304999998,6.389167340303218,170.70842836939354,196.2650977306064,185.60384413284976,3.198094543888942,-0.008864341253704066
2015-07-27,-0.402643,0.293283,-0.889791,0.064666,0.064663,0.510021,0.281858,-1.18539,-2.652971,-3.182771,-3.484108,0.0,189.092209,184.0756478,6.332856625455939,171.40993454908812,196.7413610509119,185.93606935829263,3.0693827581806374,0.0006464174211265026
2015-07-28,-0.594218,0.535283,-1.154057,1.22285,1.222867,-0.657088,-0.704722,-1.938167,-3.384335,-4.125531,-4.425684,1.0,191.404556,184.9267838,6.101124340356543,172.7245351192869,197.1290324807131,186.4568776098838,3.1180221994840167,0.012154507895728401
2015-07-29,-1.623824,1.08576,-1.844822,2.219707,2.219703,-2.299307,-2.441032,-3.487872,-4.947876,-5.890176,-6.223557,1.0,195.653168,185.9724915,6.055207496747876,173.86207650650425,198.08290649349573,187.33271478989485,3.459517622733273,0.02195425841691964
2015-07-30,0.363249,0.983193,-0.251855,-0.807107,-0.807116,-1.151739,-1.412309,-2.239548,-3.731289,-4.808636,-5.211083,-1.0,194.07402,186.8325577,5.914653645915128,175.00325040816975,198.66186499183024,187.97474385752392,3.561674394535572,-0.008103908020476894
2015-07-31,0.246255,0.680825,-0.275233,0.305131,0.305146,-0.867224,-1.426376,-2.121371,-3.546125,-4.767756,-5.26848,0.0,194.666229,187.7631218,5.5846120820053295,176.59389763598932,198.93234596401066,188.61202815680736,3.648364612961501,0.0030468131851529175
2015-08-03,-0.250247,0.096257,-0.832569,0.333166,0.333157,-0.559212,-1.625678,-2.12843,-3.389959,-4.715335,-5.315941,0.0,195.314774,188.69368364999997,5.180754252600799,178.33217514479838,199.05519215520155,189.25038490377807,3.726443278532088,0.0033260368730240915
2015-08-04,-0.486806,0.124084,-1.088149,0.837387,0.837396,-0.821846,-2.138128,-2.607751,-3.730024,-5.04826,-5.824632,1.0,196.950333,189.6040383,4.934039104300067,179.73596009139987,199.47211650860015,189.98371329389445,3.8756213751639734,0.008339097457005768
2015-08-05,0.281722,0.630286,-0.171888,-0.047729,-0.04774,-0.65224,-1.774335,-2.242273,-3.221358,-4.553498,-5.496501,0.0,196.856308,190.5148606,4.46235956224833,181.59014147550334,199.43957972449664,190.63824612304737,3.9408316061415007,-0.0004775186195331384
2015-08-06,0.224601,0.324958,-0.525658,-0.081172,-0.081171,-0.304879,-1.387266,-1.91946,-2.733439,-4.072825,-5.115642,0.0,196.696518,191.31993795,4.007795641247975,183.30434666750403,199.33552923249596,191.21522439704285,3.934265700427119,-0.000812038426478296
2015-08-07,-0.043042,0.14348,-0.894349,-0.081238,-0.081237,-0.033478,-0.922089,-1.587513,-2.298053,-3.57798,-4.734005,0.0,196.536728,192.02020955,3.5935113817404662,184.83318678651906,199.20723231348094,191.72203426399116,3.8715397549195245,-0.000812698368819011
2015-08-10,-0.35108,0.374802,-0.683178,0.808266,0.808262,-0.551282,-1.260551,-2.197865,-2.775403,-3.918585,-5.147702,1.0,198.125259,192.62648470000002,3.5468854658726485,185.53271376825472,199.72025563174532,192.3318651912301,3.9049958061039547,0.008050127101093034
2015-08-11,0.090971,0.430908,-0.459641,-0.910901,-0.910897,0.298761,-0.102462,-1.116539,-1.646799,-2.677201,-3.903254,-1.0,196.320541,193.0875366,3.3863089811297193,186.31491863774056,199.86015456225942,192.71173907777958,3.742740327047869,-0.009150715222435362
2015-08-12,-0.593929,0.258649,-0.972315,-0.038304,-0.03831,0.274934,-0.034002,-0.887373,-1.384707,-2.281057,-3.501129,0.0,196.245331,193.52790829999998,3.1792863729019536,187.16933555419607,199.8864810458039,193.04827164180057,3.5669651189321314,-0.0003831713670728204
2015-08-13,-0.505266,0.43854,-0.52433,0.48376,0.483767,-0.157301,-0.357023,-1.143365,-1.66476,-2.414796,-3.622193,0.0,197.194702,193.9118835,3.1325470381633522,187.64678942367328,200.1769775763267,193.4431697711529,3.4643336240388294,0.004826010385170643
2015-08-14,-1.042653,0.056612,-1.240802,1.034374,1.034376,-0.908669,-1.147865,-1.811984,-2.417208,-3.078513,-4.221086,1.0,199.234436,194.41852490000002,3.1330267234340834,188.15247145313185,200.6845783468682,193.994718935805,3.5071585710706756,0.010290626014014587
2015-08-17,-1.0046,0.04694,-1.056239,0.500093,0.500083,-1.191434,-1.394232,-1.929704,-2.717582,-3.276497,-4.306008,0.0,200.230774,194.78933865,3.363586402965618,188.06216584406874,201.51651145593124,194.5886289419188,3.580223215371177,0.004988369655810949
2015-08-18,-0.145764,0.315041,-0.249212,-0.164307,-0.1643,-0.670523,-1.08431,-1.484929,-2.333663,-2.861147,-3.795708,0.0,199.901794,195.23676065,3.421135921414931,188.39448880717015,202.07903249282987,195.09464466173608,3.5704239114428447,-0.0016443553983715646
2015-08-19,0.321852,0.77149,-0.288717,-0.653594,-0.653595,0.219615,-0.345986,-0.73804,-1.490202,-1.997349,-2.827842,-1.0,198.595245,195.6357749,3.3175242616802874,189.00072637663942,202.27082342336058,195.42803517014218,3.41783167148256,-0.006557407227071141
2015-08-20,0.884613,1.133264,0.0,-1.017604,-1.017599,1.186817,0.672302,0.36723,-0.326837,-0.846179,-1.557889,-1.0,196.574341,195.9318641,3.106939996608318,189.71798410678338,202.14574409321665,195.53720715393817,3.098117982949759,-0.01022812326431758
2015-08-21,1.895644,2.032442,-0.053736,-2.127869,-2.12787,2.675396,2.645593,2.470523,1.92911,1.377956,0.753208,-1.0,192.391495,196.10293805,2.7804771000803608,190.54198384983928,201.66389225016073,195.23761552022978,2.4786495377123856,-0.02150835298909768
2015-08-24,-3.772922,2.942366,-7.875014,-3.527451,-3.527442,4.853629,5.724183,5.868515,5.562125,4.929388,4.43008,-1.0,185.604996,195.9285774,3.303414803571333,189.32174779285734,202.53540700714265,194.3202231849698,1.42369115426186,-0.03591159437957826
2015-08-25,3.276713,3.281736,-0.216099,0.769771,0.76975,2.676664,4.420054,4.706346,4.63892,4.044035,3.631196,1.0,187.033691,195.71003415,3.7348673570716353,188.24029943585674,203.17976886414328,193.6262677387822,0.6949023791452476,0.0076680283088206335
2015-08-26,0.549179,0.549179,-2.607357,1.578048,1.578046,0.175156,2.468349,2.83859,2.864153,2.41442,2.065947,1.0,189.985168,195.42663414999998,3.948350733633274,187.52993268273343,203.32333561726654,193.27949633508865,0.35144036583000116,0.01565723955342086
2015-08-27,-0.735041,0.735048,-1.22669,1.63764,1.637645,-1.799148,0.60508,1.057302,1.181433,0.814884,0.483222,1.0,193.096451,195.3777557,3.971956982966175,187.43384173406764,203.32166966593235,193.26206344603258,0.32653469310915284,0.016243804231869236
2015-08-28,-0.132412,0.284454,-1.235895,-0.744779,-0.014714,-1.714613,0.300495,0.952399,1.154933,0.914623,0.56649,0.0,193.068039,195.2978462,4.002980558230018,187.29188508353997,203.30380731646005,193.2435849273628,0.3010340242468601,-0.00014714972912848189
2015-08-31,1.009054,1.023965,-0.049702,-1.333988,-1.33397,0.127362,1.145352,2.05016,2.395982,2.3084,1.885524,-1.0,190.492569,195.05673595000002,4.144628311740317,186.76747932651938,203.34599257348066,192.9815834104711,0.07217368226932308,-0.01342947452633214
2015-09-01,0.126505,0.996863,-0.303608,-1.769559,-1.769568,1.940505,2.284446,3.560806,3.977962,4.059877,3.65268,-1.0,187.121674,194.565303,4.4776068824573745,185.61008923508524,203.52051676491476,192.42349679995004,-0.37685865041703437,-0.01785411756518064
2015-09-02,-2.131931,0.039209,-2.332873,3.248658,3.248653,-0.934127,-1.213093,0.197269,0.611753,0.734922,0.435925,1.0,193.200607,194.38251795000002,4.453713933662463,185.47509008267508,203.28994581732496,192.49750729519292,-0.23944079539447216,0.031969995228695834
2015-09-03,-0.248536,0.61404,-0.428845,0.568518,0.568523,-1.370372,-1.88865,-0.46851,-0.01871,0.17009,-0.06929,1.0,194.298996,194.26264185,4.420292693052373,185.42205646389525,203.10322723610474,192.66907764803167,-0.04142778880532205,0.005669125507503113
2015-09-04,0.454051,0.84888,-0.597173,-1.257311,-1.257321,-0.240835,-0.667277,0.542468,1.132398,1.386998,1.253301,-1.0,191.856033,194.0286071,4.417463045494713,185.19368100901056,202.86353319098941,192.5916448244096,-0.08069752109238948,-0.01265292646186566
2015-09-08,-1.367085,0.135258,-1.454034,2.166617,2.166625,-1.79315,-2.242826,-1.733171,-1.066179,-0.748848,-0.776265,1.0,196.012833,193.9229858,4.338912632762052,185.2451605344759,202.60081106552408,192.91747226970392,0.22105180570369498,0.0214348689358868
2015-09-09,2.120588,2.237858,-0.068406,-1.135207,-1.135203,0.022469,-0.771815,-0.815171,0.004466,0.325511,0.404052,-1.0,193.787689,193.7963432,4.302058021486243,185.1922271570275,202.4004592429725,193.00035005354164,0.2774416223592482,-0.011416958389843156
2015-09-10,-1.183598,0.552995,-1.183598,0.728032,0.72802,-0.495747,-1.221916,-1.648047,-0.745139,-0.433572,-0.329391,1.0,195.198502,193.74400175,4.276989082917751,185.1900235841645,202.2979799158355,193.20969785796626,0.43100343743287794,0.007253826582108323
2015-09-11,-0.483536,0.072535,-0.715631,0.320157,0.320171,-0.657615,-1.397907,-1.987499,-1.096922,-0.769171,-0.617709,0.0,195.823471,193.6754402,4.229488728067385,185.21646274386524,202.13441765613476,193.45862863339804,0.5962587576480303,0.003196595461772713
2015-09-14,0.5,0.5,-0.213593,-0.391663,-0.391663,0.06116,-0.908257,-1.511026,-0.815128,-0.409347,-0.220266,0.0,195.056503,193.46654355,4.039378971689597,185.3877856066208,201.5453014933792,193.61080714450299,0.6577546950513806,-0.0039243196649085795
2015-09-15,-0.702459,0.336796,-1.121055,0.893202,0.893202,-0.744806,-1.465073,-2.003749,-1.780402,-1.317979,-1.078475,1.0,196.798752,193.29494245,3.8028723762077408,185.68919769758452,200.9006872024155,193.91442094026462,0.8374223189992733,0.008892367568549497
2015-09-16,0.038544,0.303529,-0.592598,-0.134718,-0.134717,-0.331474,-0.853253,-1.549303,-1.733594,-1.180521,-0.952099,0.0,196.53363,193.12653425,3.561832106115861,186.00287003776828,200.2501984622317,194.16386942214416,0.947494943813183,-0.0013480814307888095
2015-09-17,0.120424,1.411365,-0.226397,0.019275,0.01927,-0.210982,-0.700871,-1.344898,-1.804003,-1.192923,-0.976012,0.0,196.571503,193.02534715,3.4243904331026966,186.17656628379459,199.8741280162054,194.39316785813043,1.0259577245783476,0.00019268636778249323
2015-09-18,1.323104,1.337859,-0.324629,-2.066478,-2.066484,1.550351,1.301467,0.716482,0.162442,0.794641,1.040982,-1.0,192.509384,192.8220993,3.321756144464045,186.1785870110719,199.46561158892808,194.2137598716418,0.7516959063792115,-0.020881347479985574
2015-09-21,0.0,0.704667,-0.567655,0.511538,0.511545,0.872031,0.870562,0.218575,-0.318833,0.16299,0.474328,0.0,193.494156,192.87723234999999,3.323383349470349,186.2304656510593,199.52399904894068,194.14522616958067,0.60680938891403,0.005102409871733649
2015-09-22,-0.589216,0.152213,-1.060593,-0.337657,-0.337659,0.8033,1.047825,0.6393,0.206501,0.349059,0.723394,0.0,192.840805,193.2390228,2.8502143935107425,187.5385940129785,198.93945158702147,194.02099558200158,0.4342599363254749,-0.003382306489528533
2015-09-23,0.670711,1.094837,-0.522758,-0.437003,-0.436999,0.773286,1.398132,1.250344,0.775607,0.624846,1.090443,0.0,191.998093,193.4872429,2.4725037315718374,188.54223543685634,198.43225036314368,193.82833819323952,0.22689789869826882,-0.004379564287054931
2015-09-24,-1.592105,0.551868,-2.539557,0.981403,0.981404,-0.483493,0.344795,0.289769,-0.103293,-0.450325,0.067354,1.0,193.88237,193.682103,2.331527701096208,189.0190475978076,198.34515840219242,193.83348407959767,0.21216172792253474,0.009766195271789855
2015-09-25,1.397815,1.417431,-0.436509,-0.424886,-0.424893,-0.001957,0.629757,0.674877,0.321991,-0.098384,0.422933,0.0,193.058578,193.68020934999998,2.332043721276017,189.01612190744794,198.34429679255203,193.75968350058838,0.13248289636979393,-0.004257979151064442
2015-09-28,1.163721,2.107682,-0.10988,-1.799989,-1.799983,1.418437,2.185593,2.440313,2.068971,1.673544,2.093975,-1.0,189.583557,193.50598525,2.5040058184714677,188.49797361305707,198.51399688694295,193.361957167199,-0.20866296762588377,-0.01816379443094044
2015-09-29,-1.219934,0.222254,-1.708898,1.123764,1.123759,0.173855,0.784809,1.152436,0.966564,0.671137,0.811353,1.0,191.71402,193.5670578,2.4407367575559906,188.685584284888,198.44853131511198,193.2050107703229,-0.3036131007549727,0.011174921107720849
2015-09-30,-1.432638,0.192952,-1.485699,2.390476,2.39048,-1.726884,-1.580243,-1.123922,-1.156965,-1.490443,-1.603474,1.0,196.296906,194.0258194,1.9852956458483324,190.0552281083033,197.99641069169667,193.49947698267312,-0.008957904764884006,0.02362355708450105
2015-10-01,0.761904,1.264955,-0.94261,-1.234865,-1.23487,-0.499143,-0.488886,0.066752,0.096218,-0.178557,-0.454406,-1.0,193.872894,194.05943374999998,1.9762589513016156,190.10691584739675,198.01195165260322,193.5350405081328,0.02863091152096331,-0.012425580800338235
2015-10-02,-2.22642,0.0,-2.323219,0.908425,0.908438,-1.131608,-1.225022,-0.840561,-0.770786,-1.025323,-1.366595,1.0,195.634109,194.1261894,2.0070858050075646,190.11201778998486,198.1403610100151,193.73495179307253,0.19825034409223008,0.009043365020184492
2015-10-05,-1.619984,0.061401,-1.903367,2.478096,2.478084,-2.435172,-3.265002,-3.057977,-2.955174,-3.270765,-3.61719,1.0,200.482086,194.55749205,2.384851834039216,189.7877883819216,199.32719571807843,194.3775360032561,0.7156170067154335,0.024478772332916614
2015-10-06,0.617872,1.069392,-0.061782,-0.628159,-0.628155,-1.064637,-2.333173,-2.364067,-2.261168,-2.48403,-2.780081,-1.0,199.222748,194.7179878,2.587360626492871,189.54326654701427,199.89270905298574,194.83898476485078,1.0123460670986901,-0.006301360703869567
2015-10-07,-0.544731,0.502469,-0.896926,1.211979,1.21197,-1.719646,-3.024646,-3.364475,-3.236902,-3.363787,-3.702831,1.0,201.637268,195.11046675000003,3.0010914972631135,189.1082837554738,201.11264974452627,195.48644031105547,1.4259006748963827,0.012046844805925263
2015-10-08,-0.974948,0.135284,-1.413444,0.666822,0.666836,-1.473158,-3.218738,-3.794067,-3.686153,-3.811172,-4.127292,1.0,202.981857,195.4996345,3.4796132334507397,188.54040803309854,202.45886096690148,196.2002895195264,1.8409217758786838,0.006646220439807677
2015-10-09,0.553318,1.411427,-0.018754,-0.517796,-0.517793,-0.336686,-2.275633,-2.982282,-3.033628,-3.159344,-3.482455,-1.0,201.930832,195.80500254999998,3.765752144901413,188.27349826019716,203.3365068398028,196.74605547004768,2.0612591424502114,-0.0051913777414922275
2015-10-12,-0.335931,0.139972,-0.732519,0.501738,0.501733,-0.591615,-2.105169,-3.156197,-3.323384,-3.424257,-3.802086,0.0,202.943985,196.19937665,4.082898192459574,188.03358026508084,204.36517303491917,197.3363344729003,2.291219322613671,0.005004782081933969
2015-10-13,0.584963,1.12275,-0.018867,-1.096443,-1.096447,0.6595,-0.571277,-1.820924,-2.153974,-2.259833,-2.565806,-1.0,200.718811,196.3953796,4.205440012371201,187.98449957525762,204.8062596247424,197.65847509452885,2.26777003558945,-0.01102502663801329
2015-10-14,1.873653,2.133078,-0.076862,-1.806775,-1.806777,2.050451,1.298588,0.157904,-0.339414,-0.394326,-0.604368,-1.0,197.09227,196.4233116,4.208260844548451,188.0067899109031,204.8398332890969,197.60455079981182,1.9342578359483582,-0.018232983646974017
2015-10-15,0.023904,1.204706,-0.798355,0.494835,0.494835,1.051731,1.011574,-0.194405,-0.792375,-0.826842,-1.011883,0.0,198.067551,196.49811400000002,4.224299268654826,188.04951546269035,204.94671253730968,197.6486460569726,1.7287164734267435,0.004936144458211215
2015-10-16,0.295545,0.581562,-0.519591,0.286837,0.286844,0.430923,0.873768,-0.292692,-0.921922,-1.05387,-1.222237,0.0,198.635696,196.8044296,4.141142016208576,188.52214556758284,205.08671363241714,197.7426508134514,1.5933014290189078,0.0028643344501852915
2015-10-19,-0.664638,0.042726,-1.015951,0.409953,0.409955,-0.329478,0.410173,-0.369989,-1.177132,-1.369735,-1.498613,0.0,199.450012,197.10222240000002,4.104552483225168,188.8931174335497,205.31132736645034,197.90525664074175,1.534009420676341,0.004091164889595366
2015-10-20,-0.646764,0.392855,-1.719924,-0.906762,-0.90676,0.271159,1.248977,0.741623,-0.151397,-0.450156,-0.5698,-1.0,197.641479,197.34225610000001,3.9807329829168157,189.38079013416638,205.30372206583365,197.8801349606711,1.3258035404002158,-0.009108961264344143
2015-10-21,-0.850824,0.756289,-1.332952,1.35582,1.35581,-0.747774,-0.171105,-0.472045,-1.279303,-1.706179,-1.791135,1.0,200.321121,197.7584075,3.8246319647018563,190.1091435705963,205.4076714294037,198.11260982155957,1.3613310183559975,0.013467006689877242
2015-10-22,-1.98143,0.221703,-1.98143,2.33976,2.339764,-2.339843,-2.354624,-2.385416,-3.264975,-3.788831,-3.876956,1.0,205.008163,198.31469715,4.034551486566699,190.2455941768666,206.3838001231334,198.76932917188725,1.7475472815025057,0.02312811391542579
2015-10-23,-0.601863,0.045591,-0.95295,1.297867,1.297861,-2.721136,-3.32938,-3.24974,-4.152606,-4.729526,-4.918382,1.0,207.668884,199.04521244999998,4.343631025890088,190.3579503982198,207.73247450178016,199.6169058221837,2.242474549990476,0.012895109572089315
2015-10-26,-0.733228,0.185573,-0.927855,0.738644,0.738645,-2.502034,-3.739022,-3.681238,-4.386482,-5.127724,-5.390148,1.0,209.20282,200.0261756,4.3096206484938335,191.40693430301232,208.64541689698765,200.52985002959477,2.7270480788629072,0.007359304593515609
2015-10-27,-1.376431,0.946019,-1.448169,0.95048,0.950489,-2.136839,-4.149481,-4.210307,-4.825593,-5.673423,-6.053773,1.0,211.191269,201.00003805,4.527593708677531,191.94485063264494,210.05522546735506,201.54522326487148,3.234244945314373,0.00945999899203278
2015-10-28,0.547415,1.538187,-1.212447,-0.8967,-0.896708,-0.39359,-2.699053,-3.099584,-3.653858,-4.489318,-5.000447,-1.0,209.297501,201.65006780000002,4.74486236190733,192.16034307618537,211.13979252381466,202.28353543012182,3.443694103413776,-0.009007521434122385
2015-10-29,1.260023,2.034365,-0.219929,-1.262212,-1.262208,1.039173,-1.039634,-1.742345,-2.112945,-3.021124,-3.623369,-1.0,206.655731,202.28920965,4.496565025271757,193.2960795994565,211.2823397005435,202.69993500820544,3.357808582227676,-0.012702416126466842
2015-10-30,-0.377565,0.391211,-0.682345,0.723941,0.72394,0.359367,-1.293727,-2.249314,-2.515808,-3.428104,-4.065566,1.0,208.151794,202.9150939,4.391425570087303,194.13224275982537,211.6979450401746,203.21915967409063,3.371597788338562,0.00721331893349718
2015-11-02,-0.317329,0.185867,-0.76159,0.345719,0.345719,-0.018132,-1.182736,-2.396904,-2.650843,-3.391448,-4.150684,0.0,208.871414,203.3345603,4.54478841318814,194.2449834736237,212.42413712637628,203.75746960989153,3.401384114626694,0.0034512262170331193
2015-11-03,0.502515,0.71266,-0.255824,-0.766128,-0.766127,0.375514,0.04477,-1.432616,-1.705115,-2.345361,-3.178618,-1.0,207.271194,203.7369826,4.517790232072184,194.70140213585563,212.77256306414438,204.0921100279971,3.2583058903267954,-0.007690766851072138
2015-11-04,0.402141,0.694605,-0.146235,-0.031974,-0.031972,0.205635,0.408988,-1.075725,-1.539327,-2.103555,-2.903019,0.0,207.204926,204.01536549999997,4.55299804225645,194.90936941548708,213.12136158451287,204.3885686919974,3.103789539204911,-0.0003197675203322445
2015-11-05,0.260747,0.910334,-0.269904,-0.105103,-0.105101,0.343086,0.610239,-0.684362,-1.338983,-1.747125,-2.589821,0.0,206.987152,204.21563025,4.593057049064082,195.02951615187183,213.40174434812818,204.63605281656905,2.929986614090012,-0.0010515605277583052
2015-11-06,0.632412,0.858607,-0.733976,-0.90119,-0.901202,0.960168,1.401011,0.429616,-0.36398,-0.668601,-1.507943,-1.0,205.12178,204.37517765,4.564848443512166,195.2454807629757,213.50487453702434,204.68231254832438,2.6116214663322808,-0.00905287216447688
2015-11-09,0.498373,0.777829,-0.29809,-0.890924,-0.890919,1.319054,2.021894,1.458472,0.540292,0.279649,-0.397761,-1.0,203.294312,204.392694,4.559736872798824,195.27322025440236,213.51216774559765,204.55012201991252,2.1866470916920946,-0.008949109655975191
2015-11-10,0.140135,0.780118,-0.672678,-0.293428,-0.293431,1.165976,1.903116,1.923359,0.884992,0.643342,0.075989,0.0,202.697784,204.49164265,4.4968544183552215,195.49793381328954,213.48535148671044,204.37370887515894,1.7811846261855067,-0.002938620900028604
2015-11-11,-0.344013,0.660126,-0.395149,0.48582,0.485818,0.330998,1.134773,1.540612,0.559022,0.196928,-0.286979,0.0,203.682526,204.82115545000002,4.1545452216134855,196.51206500677304,213.130245893227,204.30788193466762,1.5217711204331863,0.004846415553187297
2015-11-12,0.430751,0.692947,-0.430751,-0.711264,-0.711262,0.579642,1.640606,2.176548,1.382389,0.8999,0.565131,-1.0,202.23381,205.02946839999998,3.8943952417343404,197.2406779165313,212.81825888346867,204.1103512742231,1.185617711420008,-0.007138033248234659
2015-11-13,0.159503,0.778759,-0.647403,-0.196647,-0.196648,0.452243,1.527963,2.185216,1.661431,1.096832,0.865707,0.0,201.836121,205.18948964999998,3.677563393729397,197.83436286254118,212.54461643745879,203.89375791477326,0.8770138643422456,-0.001968417335213085
2015-11-16,-2.882132,0.077037,-2.986358,3.523172,3.523182,-2.425346,-1.92369,-1.300588,-1.571127,-2.228851,-2.43199,1.0,208.947174,205.66434775000002,3.506638527284928,198.65107069543015,212.6776248045699,204.3750356371758,1.1924992506563399,0.03462537808027057
2015-11-17,-0.143888,1.28603,-0.710464,0.779445,0.779439,-2.431764,-2.525291,-2.083425,-2.025269,-2.797786,-3.006877,1.0,210.57579,206.31106329999997,3.1206003420635824,200.0698626158728,212.55226398412714,204.96558367173049,1.5560027612937972,0.007764171791051859
2015-11-18,-0.304636,0.067196,-1.119971,0.373219,0.373217,-2.067913,-2.691065,-2.3824,-2.12839,-2.889164,-3.214164,0.0,211.361694,206.86309194999998,2.978515459480239,200.9060610310395,212.82012286896045,205.57473703632758,1.885759930467941,0.0037252196766164466
2015-11-19,0.214284,0.65625,-0.223214,0.349431,0.349435,-1.478573,-2.788842,-2.551191,-2.30201,-2.962679,-3.407887,0.0,212.100266,207.21769709999998,3.1625428382969694,200.89261142340604,213.54278277659392,206.19621598524878,2.181543969787043,0.0034882601918215044
2015-11-20,-0.26984,0.406971,-0.486593,0.919642,0.919641,-1.23507,-3.257542,-3.255477,-3.043218,-3.558877,-4.099353,1.0,214.050827,207.53679425,3.513009668331217,200.51077491333757,214.56281358666246,206.94427417712984,2.5440230094839364,0.009154380471503456
2015-11-23,0.207937,0.729989,-0.247754,-0.01327,-0.013266,-0.747692,-2.743445,-3.08219,-2.917757,-3.273728,-3.914085,0.0,214.02243,207.77777475,3.7878607969225513,200.20205315615488,215.3534963438451,207.61838425549843,2.7967595561469523,-0.00013267355331023247
2015-11-24,-0.649201,0.247322,-0.847943,0.176965,0.176962,-0.566178,-2.369385,-3.031693,-3.014396,-3.131915,-3.871098,0.0,214.401169,207.93826975000002,4.002052989049504,199.934163771901,215.94237572809902,208.26436375497477,2.9931134140037727,0.001768058993699527
2015-11-25,0.301148,0.934456,-0.212576,-0.278227,-0.278237,-0.060224,-1.623555,-2.555353,-2.63839,-2.609382,-3.342331,0.0,213.804626,208.16362599999997,4.204402778095563,199.75482044380885,216.57243155619108,208.7920077783105,3.065254876267602,-0.0027862462063218585
2015-11-27,-0.168211,0.141646,-0.708249,0.048716,0.785197,-0.52483,-1.775108,-3.051665,-3.19208,-3.173682,-3.825964,1.0,215.483414,208.60501015,4.491349588317922,199.62231097336416,217.58770932663583,209.42928456132856,3.220764695690633,0.007821305983780296
2015-11-30,2.025918,2.062415,-0.287463,-2.987915,-2.987908,2.060013,1.595,0.059394,-0.189098,-0.165165,-0.697886,-1.0,209.044968,208.64966884999998,4.491046481064938,199.6675758878701,217.63176181212987,209.39268298405918,2.7922907742050995,-0.030334554668206358
2015-12-01,-0.063578,1.316989,-0.376931,0.474536,0.474527,1.198495,1.167066,-0.199158,-0.632744,-0.620785,-0.998859,0.0,210.036942,208.70794525000002,4.501624879224766,199.7046954915505,217.71119500844955,209.45404098557734,2.503902684446274,0.004734042815671791
2015-12-02,0.598337,0.918057,-0.073081,-0.572205,-0.572206,1.247832,1.665929,0.571117,-0.023443,-0.093988,-0.250441,-1.0,208.835098,208.78614045,4.488919272076915,199.80830190584618,217.76397899415383,209.39509403456995,2.1535495009093495,-0.005738493780055497
2015-12-03,1.768308,1.995724,-0.357377,-1.589474,-1.589467,2.076483,3.023523,2.254948,1.550221,1.446028,1.444907,-1.0,205.515732,208.70168075,4.535881460600159,199.6299178287997,217.7734436712003,209.02563098365852,1.5897216619455605,-0.01602235000137391
2015-12-04,-1.094372,0.691421,-1.094372,1.359877,1.359888,0.018307,1.459387,1.077527,0.219544,0.11676,0.136722,1.0,208.310516,208.76784895,4.519175683340056,199.7294975833199,217.8062003166801,208.95752479473865,1.35280545008564,0.013507246119538156
2015-12-07,-0.360521,0.223607,-0.721034,0.338846,0.338841,-0.322189,0.875897,0.965208,-0.02573,-0.204786,-0.179947,0.0,209.016357,208.96257780000002,4.436959480754352,200.0886588384913,217.83649676150873,208.96312786190637,1.2080771536132318,0.0033826801901164624
2015-12-08,-0.511858,0.443307,-0.690094,-0.146035,-0.146042,-0.303455,0.768952,1.105335,0.250256,-0.061902,-0.041808,0.0,208.711105,209.23341745000002,4.233404119324187,200.76660921135164,217.7002256886484,208.93912568458194,1.056568190238977,-0.0014614890429855616
2015-12-09,0.220654,1.250346,-0.427504,-0.580415,-0.580432,0.149879,1.024659,1.596778,0.951246,0.525961,0.482466,-1.0,207.49968,209.47351225000003,3.97128461919036,201.5309430116193,217.41608148838074,208.80203561938367,0.8291860315812016,-0.00582122551642982
2015-12-10,-0.4386,0.397476,-0.85892,0.615984,0.616007,-0.150774,0.16538,0.89226,0.455215,-0.059358,-0.14102,1.0,208.777893,209.7282806,3.736739045265244,202.25480250946953,217.20175869053048,208.7997363222995,0.7435539126148001,0.0061411764655072525
2015-12-11,0.156536,0.902397,-0.230203,-0.767547,-0.767559,0.511975,0.539142,1.514181,1.351493,0.717313,0.639746,-1.0,207.1754,209.9753601,3.3594352544890347,203.25648959102193,216.69423060897805,208.64503762493766,0.5401554728250062,-0.007705196498268228
2015-12-14,-0.272415,0.457108,-0.858806,-0.285449,-0.285444,0.564222,0.707821,1.563816,1.756537,1.033941,0.902542,0.0,206.58403,210.21275555000003,2.888790259274943,204.43517503145014,215.9903360685499,208.4487511844674,0.32746728811417825,-0.0028585228990728336
2015-12-15,1.005401,1.117115,-0.055853,-0.803401,-0.803401,1.009121,1.273974,2.090407,2.482517,1.88404,1.655556,-1.0,204.924332,210.01161345,3.112907239696994,203.785798970606,216.237427929394,208.1130922145181,0.024701863761094955,-0.008066455764443276
2015-12-16,-0.689655,0.28046,-1.264368,1.238133,1.238138,-0.229889,-0.030808,0.618846,1.154105,0.729851,0.415372,1.0,207.461578,209.85590284999998,3.1607220025764073,203.53445884484717,216.1773468551528,208.05104324170688,-0.010387626700861574,0.012305357455691198
2015-12-17,1.226652,1.649476,-0.027877,-1.048275,-1.048285,0.486946,1.017103,1.408176,2.077761,1.828233,1.448017,-1.0,205.286789,209.55215760000002,3.2973456535661168,202.9574662928678,216.14684890713224,207.7877809329729,-0.21124845681549687,-0.010538184038047732
2015-12-18,0.739941,1.409183,-0.155522,-1.412512,-1.412514,1.453491,2.171749,2.429708,3.300316,3.290208,2.825751,-1.0,202.387085,209.06649855,3.6034003934216936,201.85969776315662,216.2732993368434,207.27342893935645,-0.59752608204127,-0.01422584613338196
2015-12-21,-0.775049,0.05569,-0.904997,1.550574,1.550585,-0.198641,0.441818,0.75153,1.515605,1.78486,1.26224,1.0,205.525269,208.64022065,3.485065227651066,201.67009019469788,215.61035110530213,207.1069375165606,-0.643016368676399,0.015386863791673288
2015-12-22,-0.652633,0.298738,-0.919202,0.979255,0.979256,-0.914612,-0.588757,-0.305794,0.374922,0.770629,0.348397,1.0,207.537888,208.31599355000003,3.251820613256611,201.8123523234868,214.81963477651325,207.14798041974532,-0.5107782813543338,0.009744925893259268
2015-12-23,0.032124,0.192728,-0.344147,0.160856,0.160853,-1.034277,-0.730509,-0.496794,0.056671,0.556763,0.270209,0.0,207.871719,207.98952104999998,2.919523595496753,202.15047385900647,213.8285682409935,207.2169079035791,-0.374721714006796,0.001607238090972062
2015-12-24,-0.256222,0.201319,-0.489565,0.289086,0.289083,-1.013908,-1.031295,-0.689054,-0.359625,0.211476,0.057771,0.0,208.472641,207.7229218,2.5848261528953853,202.55326949420922,212.89257410579077,207.3365015318097,-0.21591755766320375,0.0028866605387935676
2015-12-28,-0.151093,0.164828,-0.448702,-0.068628,-0.068626,-0.375442,-0.907929,-0.620244,-0.462894,0.207895,0.224018,0.0,208.329575,207.36522985000002,1.8428969881549722,203.67943587369007,211.05102382630997,207.4310799573516,-0.10045042026962392,-0.000686493498002871
2015-12-29,-0.50347,0.39915,-0.757472,0.943179,0.943171,-0.852718,-1.657363,-1.508289,-1.363219,-0.799855,-0.578362,1.0,210.294479,207.4277054,1.9223071844081487,203.5830910311837,211.27231976881632,207.70378462808003,0.14790449843212627,0.00938750848652477
2015-12-30,0.514099,0.655142,-0.081896,-0.303895,-0.303885,-0.348504,-1.131944,-1.178047,-1.071661,-0.580799,-0.264053,0.0,209.655426,207.40862959999998,1.8967753664864822,203.61507886702702,211.20218033297294,207.88965523492953,0.2898204546978036,-0.0030434748796130946
2015-12-31,1.119046,1.289433,-0.630898,-1.205646,-1.20565,0.795766,0.058487,0.015967,0.094408,0.492013,0.897597,-1.0,207.127716,207.3232605,1.8673894206260995,203.5884816587478,211.0580393412522,207.8170895935077,0.19606468875551286,-0.012129765997170276
