date,c_open,c_high,c_low,n_close,n_adj_close,adj_sum_5,adj_sum_10,adj_sum_15,adj_sum_20,adj_sum_25,adj_sum_30,label,closing_price_for_label,melody_ma20,melody_std20,melody_lb20,melody_ub20,melody_ema20,melody_macd_12_26,melody_str_log_return
2013-06-03,-1.575104,0.0,-1.7864,2.058426,2.058427,-0.568575,-1.002692,-2.146245,-3.304843,-4.562428,-5.586503,1.0,47.826176,,,,,,,
2013-06-04,0.680673,1.302999,-0.019444,-1.229356,-1.229352,0.451188,0.527031,-0.659928,-1.739597,-3.01828,-4.063918,-1.0,47.238224,,,,,,,-0.012369709309574312
2013-06-05,0.549456,1.157771,-0.039246,-0.894592,-0.894574,1.040017,1.161677,0.372821,-0.572037,-1.806925,-2.912106,-1.0,46.815643,,,,,,,-0.008985996153633803
2013-06-06,-0.854699,0.0,-1.709406,1.02041,1.020377,-0.182583,0.13016,-0.450651,-1.317006,-2.423454,-3.563184,1.0,47.293339,,,,,,,0.01015206184631749
2013-06-07,-0.787258,0.096004,-0.921667,1.165505,1.165509,-0.921654,-0.904374,-1.2852,-2.145735,-3.191241,-4.350994,1.0,47.844547,,,,,,,0.011587690055544683
2013-06-10,-0.057657,0.384396,-0.711126,-0.096012,-0.096011,-0.83797,-0.674602,-0.909724,-1.776853,-2.766858,-3.89582,0.0,47.798611,,,,,,,-0.0009605706146189695
2013-06-11,-0.787402,0.595354,-1.305936,0.076881,0.076902,-0.664502,-0.73364,-0.706756,-1.591143,-2.505872,-3.634864,0.0,47.835369,,,,,,,0.0007687226195151115
2013-06-12,1.25944,1.685718,-0.135633,-0.883424,-0.883438,0.472773,0.120132,0.08267,-0.550284,-1.364854,-2.457535,-1.0,47.412773,,,,,,,-0.008873638143653174
2013-06-13,-2.481997,0.132624,-3.201969,2.266999,2.266986,-1.26183,-1.951484,-1.978008,-2.49241,-3.250462,-4.23265,1.0,48.487614,,,,,,,0.022416718911087017
2013-06-14,-0.07558,0.718067,-0.566892,0.26525,0.265278,-1.205604,-1.849973,-2.053425,-2.440489,-3.200315,-4.140853,0.0,48.616241,,,,,,,0.0026492681517538987
2013-06-17,-0.635395,0.541957,-0.766212,1.11489,1.114878,-1.741728,-2.661184,-2.86177,-3.173239,-3.943189,-4.837103,1.0,49.158253,,,,,,,0.011087095007911496
2013-06-18,0.132283,0.623587,-0.888127,-1.102598,-1.102586,-0.325028,-1.292527,-1.660378,-1.807457,-2.602431,-3.447354,-1.0,48.616241,,,,,,,-0.011087095007911437
2013-06-19,1.805962,2.170991,0.0,-1.643989,-1.644,1.510086,0.56676,0.019212,-0.195007,-0.810762,-1.580534,-1.0,47.81699,,,,,,,-0.016576636362138894
2013-06-20,0.91815,1.543272,-0.253952,-1.652257,-1.652239,2.594245,2.19963,1.594042,1.448506,0.94782,0.227888,-1.0,47.026939,,,,,,,-0.016660407950841827
2013-06-21,-1.56221,0.114302,-1.581257,2.539564,2.539547,-0.110498,-0.253386,-0.734114,-0.965905,-1.33512,-2.024521,1.0,48.22121,,,,,,,0.025078358036947895
2013-06-24,0.949977,1.260174,-0.756113,-1.733663,-1.733656,0.903446,1.419145,0.955138,0.805531,0.540505,-0.140251,-1.0,47.38522,,,,,,,-0.01748860002962784
2013-06-25,0.327991,0.694573,-0.887523,0.484684,0.484666,-0.003848,0.883665,0.520939,0.304848,0.20529,-0.462407,0.0,47.61488,,,,,,,0.0048349516977774475
2013-06-26,0.730771,1.461535,0.0,0.327991,0.328009,-0.350001,0.628841,0.325633,-0.00097,-0.14924,-0.654498,0.0,47.771061,,,,,,,0.003274720319025539
2013-06-27,0.385136,0.558446,-0.423649,-0.134615,-0.134625,0.06933,0.600815,0.51865,0.127096,0.016177,-0.397331,0.0,47.706749,,,,,,,-0.001347161392293227
2013-06-28,0.893723,1.36001,0.0,-0.885806,-0.885803,0.567321,1.218187,1.337995,1.066638,0.910818,0.611354,-1.0,47.284161,47.78851205,0.589375758094905,46.60976053381019,48.967263566189814,47.78258362264038,,-0.008897499515734732
2013-07-01,0.019216,1.114317,-0.26897,1.126866,1.126866,-0.372716,-0.190196,0.211339,-0.060517,-0.158308,-0.368236,1.0,47.81699,47.78805275,0.5893484404852593,46.60935586902948,48.96674963097052,47.785860420484155,,0.011205638834746642
2013-07-02,-0.057908,0.926462,-0.308819,-0.461091,0.077263,-0.349722,-0.426551,0.136559,-0.073341,-0.226926,-0.30436,0.0,47.853935,47.818838299999996,0.5750228332541143,46.66879263349177,48.96888396650822,47.79234371377137,,0.000772334998046336
2013-07-03,0.252282,0.65981,-0.485154,-0.54044,-0.54043,0.117895,0.067923,0.706236,0.551533,0.318196,0.202527,-1.0,47.595318,47.857822049999996,0.527932400766222,46.80195724846755,48.91368685153244,47.77357936007886,,-0.005418955617363838
2013-07-05,-1.03034,0.019077,-1.068502,1.707745,1.707725,-1.273363,-1.326949,-0.995621,-1.021635,-1.313558,-1.406326,1.0,48.408115,47.91356085,0.5240321764111822,46.86549649717764,48.96162520282237,47.83401132578564,,0.016933069902546293
2013-07-08,-0.340974,0.359915,-0.530409,0.725054,0.725058,-1.379045,-1.92692,-1.68876,-1.640337,-1.868275,-2.014581,1.0,48.759102,47.9592886,0.5565845610705966,46.84611947785881,49.072457722141195,47.92211519952034,,0.007224422750863256
2013-07-09,0.132375,0.20802,-0.756432,0.170487,0.170491,-1.127081,-1.795532,-1.899222,-1.70091,-1.952085,-2.066242,0.0,48.842232,48.011469649999995,0.5887209872480741,46.83402767550385,49.18891162449614,48.009745370994594,0.1452779487373661,0.0017034607355278786
2013-07-10,-0.37736,0.301887,-0.584908,0.226927,0.226918,-0.90188,-1.74451,-2.075457,-1.809304,-2.033949,-2.206231,0.0,48.953064,48.0673544,0.6231660246410153,46.82102235071797,49.31368644928203,48.099585240423686,0.20136267291335486,0.0022666130577540587
2013-07-11,-0.632676,0.055821,-0.70711,1.39623,1.396239,-1.443996,-2.721669,-3.179504,-2.937395,-3.155628,-3.413397,1.0,49.636566,48.17854405,0.694530036563044,46.78948397687391,49.56760412312609,48.24596436038333,0.29753334088128014,0.013865818359566897
2013-07-12,-0.823351,0.205838,-1.197605,-0.558249,-0.558242,-0.505245,-1.840737,-2.320937,-2.304192,-2.444531,-2.763915,-1.0,49.359474,48.22213705,0.7407724198398022,46.74059221032039,49.70368188967961,48.35201289748968,0.3473858318432548,-0.0055980567228932285
2013-07-15,-0.204874,0.409762,-0.316631,0.467814,0.467809,-0.633265,-1.832743,-2.591696,-2.660875,-2.757959,-3.033252,0.0,49.590382,48.2708441,0.7978741678693805,46.675095764261236,49.86659243573876,48.469952812014476,0.4009052497554251,0.004667180498926499
2013-07-16,0.205533,0.87818,-0.355004,-0.316631,-0.31662,-0.078485,-1.193957,-2.006086,-2.323874,-2.316814,-2.616887,0.0,49.433369,48.2845999,0.8161412969113888,46.652317306177224,49.91688249382278,48.56170673467976,0.425742443279141,-0.0031712216513659066
2013-07-17,-0.680153,0.698524,-0.88236,1.644249,1.644244,-1.180152,-2.316185,-3.24216,-3.741733,-3.705062,-3.992653,1.0,50.246174,48.366096549999995,0.925105933203472,46.51588468359305,50.21630841640694,48.72213218851978,0.5051891624982474,0.01630872275099059
2013-07-18,-0.475324,0.091406,-0.6947,0.551469,0.551469,-1.371117,-2.272402,-3.409663,-4.001831,-3.986924,-4.274585,1.0,50.523266,48.50141035,1.032275572873342,46.43685920425332,50.565961495746684,48.89366874199409,0.5837808067582415,0.0054995383200527196
2013-07-19,-0.672479,0.18175,-1.090516,0.585007,0.584996,-1.370401,-2.366406,-3.563168,-4.187071,-4.361838,-4.600072,1.0,50.818825,48.691004649999996,1.0936103711748542,46.50378390765029,50.878225392349705,49.077016957042275,0.6622800402182563,0.005832913749140826
2013-07-22,-0.955297,0.180249,-0.955297,0.83606,0.836062,-1.542892,-2.691056,-3.847629,-4.686572,-4.949707,-5.169951,1.0,51.243702,48.84212925,1.2260864803342073,46.389956289331586,51.29430221066841,49.28336791351444,0.7501282597072461,0.008325865856162101
2013-07-23,-0.054072,0.27037,-0.594805,0.0,0.0,-0.836333,-2.222419,-3.401823,-4.310088,-4.786921,-4.945853,0.0,51.243702,49.035053350000005,1.2868371268857348,46.461379096228534,51.60872760377148,49.470066397941636,0.8104067421022307,0.0
2013-07-24,0.762385,0.96206,-0.127065,-0.702956,-0.702951,0.116171,-1.150844,-2.321052,-3.311488,-3.934651,-4.073259,-1.0,50.883484,49.19848355,1.3044188250119924,46.58964589997601,51.807321200023985,49.60467759813767,0.8196627298236336,-0.007054331131975503
2013-07-25,-0.361143,0.270852,-0.866737,0.526413,0.526397,-0.162506,-1.372324,-2.369075,-3.487369,-4.176945,-4.331943,0.0,51.151333,49.367497150000005,1.3285020224275046,46.710493105145,52.02450119485501,49.75197811260075,0.8389405580404272,0.005250161133785374
2013-07-26,-0.665464,0.0,-1.366903,0.39725,0.39727,-0.348926,-1.374103,-2.372904,-3.51411,-4.219038,-4.524413,0.0,51.354542,49.5498868,1.3388600409917906,46.87216671801642,52.22760688198358,49.90460324473401,0.8606940980046929,0.003964831600176175
2013-07-29,0.397688,0.488069,-0.234998,-0.503594,-0.503599,0.097611,-0.58026,-1.573874,-2.652748,-3.509201,-3.879398,-1.0,51.095921,49.7404748,1.2688289381164026,47.202816923767195,52.27813267623281,50.01806207856887,0.847298254979485,-0.005048714115492298
2013-07-30,0.907935,1.507176,-0.072637,-0.451916,-0.451919,0.403123,0.152535,-0.861931,-1.911202,-2.797512,-3.331191,0.0,50.865009,49.89287575,1.2071905838666774,47.47849458226665,52.307256917733355,50.09872369013374,0.8087267853160895,-0.004529428964156219
2013-07-31,-0.181034,0.92324,-0.380165,0.308702,0.308701,0.14844,-0.003623,-0.896694,-1.902609,-2.829542,-3.471517,0.0,51.02203,50.051280500000004,1.131015883633228,47.78924873273355,52.31331226726646,50.18665762440671,0.7818166049779123,0.0030822590557856404
2013-08-01,-0.270323,0.234271,-0.468556,0.452571,0.452563,-0.263105,-0.311765,-1.132931,-1.987741,-2.995578,-3.682938,0.0,51.252937,50.23416145,1.0012639211650771,48.23163360766985,52.236689292330155,50.288208041129884,0.7702434710380075,0.004515423453151457
2013-08-02,-0.054603,0.400439,-1.073901,-0.991175,-0.991176,0.495095,0.671651,0.038842,-0.77629,-1.784981,-2.474481,-1.0,50.74493,50.351002199999996,0.9090614886739178,48.53287922265216,52.16912517734783,50.33170537054609,0.711873722554742,-0.00996121224001014
2013-08-05,-1.08382,0.180632,-1.246393,0.764474,0.76449,-0.2529,-0.11381,-0.519034,-1.296973,-2.229054,-3.024588,1.0,51.13287,50.4696906,0.8428302975106645,48.78403000497867,52.15535119502133,50.408006763827416,0.6889766977025644,0.007615827492707867
2013-08-06,0.399051,0.634861,-0.072558,-0.415462,-0.415469,0.185015,0.239431,0.090693,-0.681119,-1.577364,-2.388584,0.0,50.920429,50.57360045,0.7551749107122759,49.063250628575446,52.083950271424555,50.45680888155814,0.6462389865197693,-0.0041633403122099495
2013-08-07,-0.253713,0.308079,-0.616165,0.090693,0.090692,0.072489,0.164914,0.094237,-0.573576,-1.422254,-2.257819,0.0,50.96661,50.67427775,0.6553863270309555,49.36350509593809,51.985050404061916,50.50536136902879,0.609074432327894,0.0009065137944093332
2013-08-08,-0.697922,0.178953,-0.876883,1.268577,1.268574,-1.041516,-1.000356,-1.018849,-1.627592,-2.345739,-3.234084,1.0,51.613159,50.7731074,0.6395063822838793,49.49409463543224,52.05212016456776,50.61086590531177,0.6245924433476162,0.012605946926960983
2013-08-09,0.704351,0.740473,-0.144479,-0.912674,-0.912663,0.025282,-0.13004,-0.065023,-0.547232,-1.232441,-2.118894,-1.0,51.142105,50.86223895,0.5500866449338335,49.76206566013233,51.96241223986767,50.66146010480589,0.5920556093220739,-0.009168528822115597
2013-08-12,-0.018113,0.126766,-0.470848,-0.270901,-0.270904,0.246284,0.123138,0.175051,-0.138542,-0.788125,-1.609929,0.0,51.003559,50.9328978,0.4617933472292637,50.00931110554147,51.85648449445853,50.69404095196724,0.5487646127570827,-0.002712715930092373
2013-08-13,0.656457,0.929974,-0.346459,-0.688158,-0.688168,0.835163,0.774987,0.791398,0.673784,0.042311,-0.741546,-1.0,50.652569,50.9938578,0.30843271017729856,50.3769923796454,51.6107232203546,50.690091242256074,0.48059423524596667,-0.006905464563008016
2013-08-14,-0.181165,0.235509,-0.525364,0.656457,0.656456,0.184787,0.110511,0.147346,0.089678,-0.45072,-1.184175,1.0,50.985081,51.030803150000004,0.2535257473836501,50.5237516552327,51.53785464476731,50.71818550489835,0.44823271172306534,0.006543110477255124
2013-08-15,0.846676,1.141172,-0.460151,-1.576085,-1.576067,1.218467,1.500077,1.62217,1.658367,1.186806,0.569958,-1.0,50.181522,51.01371595,0.2972749792240671,50.419165991551864,51.60826590844813,50.66707469490803,0.35366860398605127,-0.015886189230092742
2013-08-16,0.408089,0.70488,-0.037101,-0.773057,-0.773063,1.465403,2.099793,2.204904,2.347425,2.010012,1.446232,-1.0,49.793587,50.962454050000005,0.40244335178903706,50.15756734642193,51.76734075357808,50.583885390631075,0.24460312238028337,-0.0077606706494132965
2013-08-19,-0.831786,0.295749,-0.979664,0.352436,0.352421,0.695022,1.508331,1.695638,1.860456,1.682083,1.170684,0.0,49.96907,50.898722449999994,0.45327634775387105,49.99216975449225,51.805275145507736,50.5253315439043,0.17036410263354185,0.003518013378243155
2013-08-20,-0.18929,0.586782,-0.813931,-2.347497,-2.347482,2.354715,3.513146,3.857646,4.058289,4.07419,3.599586,-1.0,48.796055,50.7763401,0.6450777278653071,49.486184644269386,52.06649555573061,50.36063853972294,0.01668431106406132,-0.023754744588798817
2013-08-21,0.075932,0.949127,-0.303721,-0.283933,-0.283953,1.689461,3.333347,3.829424,4.125867,4.239952,3.87435,0.0,48.657497,50.66504075,0.7992313934640543,49.06657796307189,52.26350353692811,50.19843458355886,-0.11496327846831633,-0.002843571948282601
2013-08-22,-1.124443,0.318587,-1.236882,1.290814,1.290817,0.029991,1.544237,2.240139,2.609642,2.811103,2.526871,1.0,49.285576,50.5717529,0.846946091946371,48.87786071610726,52.26564508389274,50.11149567083896,-0.166692685897182,0.012825564695866308
2013-08-23,1.137653,1.85817,-0.227537,-1.161917,-1.161896,0.762213,2.239273,3.163935,3.544733,3.84678,3.687888,-1.0,48.712929,50.43967225,0.9211719516219612,48.59732834675608,52.28201615324392,49.978298845044776,-0.25100303432837023,-0.011686984774518638
2013-08-26,0.763798,1.202981,-0.038192,-0.70156,-0.701561,0.813437,2.417407,3.512182,3.994646,4.342936,4.336445,-1.0,48.371178,50.3034351,1.0156510057528625,48.27213308849428,52.334737111505724,49.825239716945276,-0.3414599052151601,-0.007040336923759095
2013-08-27,0.737723,1.164828,-0.077649,-1.642163,-1.64218,1.98409,3.48089,4.771901,5.385374,5.776754,5.948371,-1.0,47.576836,50.13902645,1.1737875192660965,47.79145141146781,52.486601488532195,49.611106029617154,-0.4718057054231579,-0.016558136341838246
2013-08-28,-0.155161,0.465473,-0.174554,0.097074,0.097089,1.45073,2.674546,4.202215,4.92629,5.4003,5.662002,0.0,47.623028,49.96907635,1.2804328599632935,47.40821063007341,52.52994206992659,49.42176526489171,-0.5648669482593576,0.0009704216305390785
2013-08-29,-0.69458,1.003272,-1.176926,0.523664,0.523658,0.331853,1.657336,3.138461,4.02662,4.577266,4.926998,0.0,47.87241,49.800050000000006,1.3244059511088686,47.15123809778227,52.44886190221774,49.27420762061631,-0.611447227424371,0.0052229210552526785
2013-08-30,0.425123,0.425123,-0.425123,-0.154355,-0.154373,0.104363,1.397116,2.831579,3.879244,4.441369,4.878599,0.0,47.798508,49.6527289,1.3766143322731825,46.89950023545364,52.40595756454636,49.13366479960523,-0.6468690048052181,-0.0015449211995435842
2013-09-03,0.307161,0.940683,-0.595126,0.657005,0.657025,-0.656561,0.349392,1.759771,2.887307,3.511611,3.977087,1.0,48.112556,49.5017132,1.371351109204929,46.75901098159014,52.24441541840986,49.03641634249997,-0.642197120932039,0.006548756926731444
2013-09-04,0.338346,0.545115,-0.639098,2.130929,2.130924,-2.093985,-1.674813,-0.568922,0.55921,1.211278,1.664786,1.0,49.137798,49.41258165000001,1.3316445020537082,46.74929264589259,52.075870654107426,49.04607173845235,-0.5494326407358798,0.02108537279631826
2013-09-05,-0.819976,0.149091,-0.819976,0.86466,0.864681,-2.150594,-2.335089,-1.61264,-0.444483,0.225848,0.704416,1.0,49.562683,49.342385300000004,1.2814720209432897,46.77944125811342,51.905329341886585,49.0952728109807,-0.43659861618634466,0.008609636351751573
2013-09-06,0.374113,0.785638,-1.08492,-0.372719,-0.372728,-1.174715,-1.950995,-1.353043,-0.29836,0.448927,0.961459,0.0,49.377949,49.2306248,1.1652034758311312,46.90021784833774,51.56103175166226,49.122194352792064,-0.357957022978745,-0.003734243675939339
2013-09-09,-0.81602,0.129829,-0.871656,0.860455,0.860443,-1.212898,-2.568613,-2.193367,-1.283376,-0.483673,-0.003703,1.0,49.802818,49.163660449999995,1.0853145961911532,46.99303125761769,51.3342896423823,49.187015652526156,-0.25837127305280205,0.008567620755038712
2013-09-10,0.240921,0.555966,-0.33358,0.074186,0.074177,-0.593017,-2.34617,-2.28316,-1.473301,-0.661217,-0.161835,0.0,49.83976,49.1054705,1.010065401816915,47.08533969636617,51.125601303633836,49.249181780857,-0.17445690746349385,0.0007414902832518288
2013-09-11,-0.166389,0.295803,-0.240342,0.240921,0.240922,-0.502856,-2.103891,-2.36272,-1.779432,-0.97688,-0.462183,0.0,49.959835,49.0708338,0.9650972438983582,47.140639312203284,51.00102828779672,49.316863039823,-0.0971452887543478,0.0024063235515157703
2013-09-12,0.914517,1.175806,-0.130653,-0.942869,-0.942865,0.414331,-0.795072,-1.321386,-0.995705,-0.153786,0.381985,-1.0,49.488781,48.9960188,0.8613096804837052,47.273399439032595,50.71863816096741,49.333236178887475,-0.07304339616166544,-0.009473385188002734
2013-09-13,0.242622,0.410595,-0.261297,0.0,0.0,0.459122,-0.468458,-1.294012,-1.065695,-0.325492,0.26316,0.0,49.488781,48.96138175,0.8242583649652461,47.31286502006951,50.60989847993049,49.34804997137439,-0.05332774360429937,0.0
2013-09-16,-0.036996,0.314464,-0.499445,0.895855,0.895831,-0.381042,-0.924874,-2.007621,-1.930238,-1.30741,-0.681315,1.0,49.932117,48.96830825,0.8321638569514019,47.30398053609719,50.63263596390281,49.403675402672064,-0.0019074489385033644,0.008918425550986564
2013-09-17,0.185395,0.500556,-0.259548,-0.221979,-0.221949,-0.16686,-0.361515,-1.595602,-1.726919,-1.182796,-0.54814,0.0,49.821293,48.9609194,0.8234204660053047,47.31407846798939,50.60776033201061,49.44344850717949,0.029560183052517175,-0.0022219600431869356
2013-09-18,-0.314353,0.295858,-1.460801,0.259553,0.259556,-0.429006,-0.45674,-1.533539,-1.865763,-1.49483,-0.870323,0.0,49.950607,49.018647,0.8512546706591924,47.31613765868162,50.721156341318384,49.491749316019536,0.06419308922151856,0.002592194243271474
2013-09-19,0.259257,0.277781,-0.370372,-0.147933,-0.147926,-0.125939,-0.24631,-1.086431,-1.598159,-1.437788,-0.796306,0.0,49.876717,49.07960799999999,0.867530848959844,47.3445463020803,50.81466969791968,49.52841290497006,0.08470122836565253,-0.0014803564902508247
2013-09-20,1.005401,1.098492,-0.111705,-0.537039,-0.537038,0.46173,0.338845,-0.319007,-1.034266,-0.951787,-0.395342,-1.0,49.60886,49.0957722,0.8745538694036785,47.346664461192645,50.84487993880735,49.53607453306815,0.07843609261401241,-0.005384853871753089
2013-09-23,-0.074399,0.241817,-0.446425,0.093091,0.09309,0.256696,0.215765,-0.162457,-1.031443,-1.055066,-0.587804,0.0,49.655041,49.142877799999994,0.8782122649280192,47.38645327014395,50.899302329856035,49.54740467277595,0.0763176062830766,0.0009304692414184387
2013-09-24,0.786071,0.823506,-0.037432,-0.613836,-0.613839,0.685009,0.735535,0.621367,-0.320988,-0.494111,-0.085477,-1.0,49.350239,49.191830849999995,0.8600314843376813,47.47176788132463,50.91189381867536,49.52862698965443,0.049473417775558914,-0.006157307226068834
2013-09-25,1.230824,1.268697,-0.094685,-1.160395,-1.160398,1.386103,1.675814,1.753451,0.972348,0.672594,0.959409,-1.0,48.77758,49.25186805,0.7794983211390006,47.692871407721995,50.810864692278,49.457098704925436,-0.017804352910118837,-0.011671827765195588
2013-09-26,-0.377781,0.358901,-0.434454,0.246162,0.246162,0.736686,1.30525,1.412917,0.854739,0.44503,0.569196,0.0,48.897652,49.315599250000005,0.6857900094833679,47.944019231033266,50.687179268966744,49.40381806636111,-0.06073356523752693,0.0024585979070578605
2013-09-27,-0.415096,0.207549,-0.679247,0.113338,0.113322,0.35473,1.081144,1.240261,0.850954,0.304162,0.371709,0.0,48.953064,49.36963195,0.6037643644505882,48.162103221098825,50.57716067890117,49.36088910766006,-0.08925511261383434,0.0011325825336480023
2013-09-30,-0.807512,1.1831,-1.220661,0.471698,0.471707,-0.307979,0.454465,0.681065,0.518312,-0.128449,-0.140843,0.0,49.183979,49.4389055,0.48101629279858354,48.47687291440283,50.40093808559716,49.34404052597815,-0.0921633322093669,0.0047059788862405345
2013-10-01,-0.336323,0.112111,-0.878178,0.507042,0.507055,-0.777289,-0.130799,0.118325,0.144795,-0.546349,-0.680753,0.0,49.433369,49.504946149999995,0.3663301008114336,48.772285948377124,50.237606351622865,49.35254799969452,-0.07349719847697855,0.005057741597993719
2013-10-02,-0.840807,0.018683,-1.008969,0.0,0.525918,-0.927822,-0.70505,-0.441212,-0.323231,-0.896291,-1.140169,0.0,49.693348,49.532723649999994,0.35799315013733674,48.81673734972532,50.248709950274666,49.38500514258076,-0.03729609428804537,0.005245399100483398
2013-10-03,0.546759,0.678735,-0.791859,-0.896859,-0.896873,0.110914,0.065825,0.427144,0.54685,0.132543,-0.205553,-1.0,49.247662,49.516972599999995,0.3634935375872409,48.78998552482551,50.24395967517448,49.37192484328735,-0.04406167825070639,-0.009009186676406808
2013-10-04,-0.674782,0.093728,-1.162133,0.584459,0.58447,-0.235646,-0.530441,-0.150124,-0.021499,-0.315007,-0.768615,1.0,49.5355,49.524850150000006,0.3620263201248605,48.80079750975028,50.24890279024973,49.38750342964094,-0.02589878616161201,0.005827689837025191
2013-10-07,0.455231,0.49317,-0.170713,-1.180875,-1.180886,0.861159,0.514298,0.909397,1.086187,0.970366,0.433378,-1.0,48.950542,49.48223635,0.3774180342742786,48.727400281451445,50.23707241854856,49.34588805538942,-0.05803677342899505,-0.011879142808867793
2013-10-08,0.590928,1.639346,-0.038124,-0.493175,-0.493153,1.063656,0.880826,1.257284,1.471109,1.519763,0.954251,0.0,48.709141,49.4257054,0.4047339199392165,48.61623756012157,50.23517323987843,49.28524547868567,-0.10181178028032178,-0.004943728757798633
2013-10-09,-0.942329,0.414621,-0.998873,1.143732,1.143693,-0.252526,-0.16071,0.019697,0.253319,0.382245,-0.072996,1.0,49.266224,49.391024849999994,0.38583241858702955,48.619360012825936,50.16268968717405,49.28343390928703,-0.09050852034583556,0.01137202201020162
2013-10-10,-1.474109,0.0,-1.621524,2.280435,2.280477,-2.023233,-2.090651,-2.142501,-1.892562,-1.790257,-2.11798,1.0,50.389729,49.436072249999995,0.44578344983864815,48.5445053503227,50.32763914967729,49.38879534649779,0.00900307670080025,0.022548629936239246
2013-10-11,-1.745777,0.090924,-1.763961,1.326704,1.326687,-2.709586,-2.960285,-3.234519,-3.023405,-2.944496,-3.191578,1.0,51.058243,49.51454535,0.5749706619612861,48.36460402607743,50.66448667392257,49.547790361117045,0.14019415613390862,0.013179636096984701
2013-10-14,-0.779128,0.27179,-0.960317,0.363697,0.363687,-2.167048,-2.909936,-3.378457,-3.246821,-3.183704,-3.318262,0.0,51.243935,49.580136249999995,0.688691097800179,48.202754054399634,50.95751844560036,49.709327945772564,0.2561945727138877,0.0036302688283705435
2013-10-15,0.842798,1.447411,-0.109934,-1.105267,-1.105255,-0.29682,-1.579339,-2.123998,-2.081019,-2.03555,-2.069027,-1.0,50.677559,49.62294955,0.7298570038967033,48.16323554220659,51.08266355779341,49.80154042712756,0.29897750225416075,-0.011114080215820233
2013-10-16,-1.441961,0.0,-1.459989,1.648952,1.648943,-1.041809,-2.822634,-3.357702,-3.517785,-3.504104,-3.503948,1.0,51.513203,49.70107935,0.8418259310113719,48.01742748797726,51.38473121202274,49.96455591025827,0.3957508003013359,0.016354954408450972
2013-10-17,-1.615767,0.088777,-1.882106,1.514059,1.514068,-1.789776,-3.689634,-4.366228,-4.725757,-4.728816,-4.769125,1.0,52.293148,49.8219009,1.022400720380779,47.77709945923844,51.86670234076156,50.18632658547177,0.529278189936008,0.015027205358722838
2013-10-18,-0.194381,0.194382,-0.795195,0.479403,0.479396,-1.692876,-3.5766,-4.366914,-4.90103,-4.95079,-5.022638,0.0,52.543839,49.96864985,1.1875143641525616,47.59362112169487,52.34367857830512,50.4108515773316,0.6478601483114801,0.004782500623055627
2013-10-21,-0.106217,0.070804,-0.849715,-0.176706,-0.17671,-1.058591,-2.738534,-3.782376,-4.466154,-4.590439,-4.686212,0.0,52.450989,50.10844725,1.3071948234008588,47.49405760319828,52.72283689680172,50.60515037949049,0.7259763818157765,-0.001768659008691282
2013-10-22,-0.282038,0.158646,-0.546452,0.42485,0.424844,-0.719187,-2.39731,-3.779293,-4.554819,-4.777447,-4.910087,0.0,52.673824,50.2746265,1.4127311189893221,47.449164262021355,53.10008873797864,50.802166914777104,0.7966813353383415,0.004239443141720696
2013-10-23,-1.179533,0.398957,-1.300954,1.62172,1.621726,-1.550737,-3.158713,-4.837233,-5.634241,-6.02972,-6.205373,1.0,53.528049,50.512149949999994,1.541285127332691,47.42957969533461,53.59472020466538,51.061774732417376,0.9111412694618437,0.016087163029216964
2013-10-24,0.086955,0.330433,-0.852177,-0.260194,-0.260189,-0.883481,-2.344348,-4.071883,-4.967465,-5.521451,-5.717197,0.0,53.388775,50.7367061,1.6188933157639596,47.49891946847208,53.97449273152792,51.28339380552049,0.9793243030974992,-0.002605279011591327
2013-10-25,0.453274,0.732214,-0.610187,-0.243477,-0.243478,-0.373085,-1.692818,-3.371687,-4.331291,-5.016728,-5.251123,0.0,53.258785,50.95199215,1.6551043369738043,47.641783476052396,54.26220082394761,51.471526300232824,1.0112140952268902,-0.0024377503690379207
2013-10-28,-0.555074,0.537722,-0.589768,0.505581,0.505577,-0.471814,-1.760623,-3.287652,-4.406761,-5.205106,-5.503814,0.0,53.528049,51.16919565,1.6954224461416034,47.778350757716794,54.560040542283204,51.66738560497255,1.0461549170350821,0.005043029380629163
2013-10-29,-1.162393,0.136756,-1.487178,1.474411,1.474403,-1.312811,-2.517938,-4.004546,-5.34614,-6.216678,-6.600916,1.0,54.317268,51.4133906,1.7817692277268056,47.84985214454639,54.97692905545361,51.919755356879925,1.124565852445663,0.014636390545962434
2013-10-30,1.208146,1.518814,-0.448738,-0.957267,-0.957254,-0.25889,-1.151191,-2.515243,-4.049877,-4.937024,-5.459863,-1.0,53.797314,51.6185889,1.8093579469176158,47.99987300616477,55.23730479383523,52.0985704657485,1.1317055442636814,-0.009618647163963016
2013-10-31,1.045293,1.202087,-0.034845,-0.931993,-0.931989,0.64459,-0.033111,-1.234619,-2.767429,-3.712611,-4.35662,-1.0,53.295929,51.82100225000001,1.7558098983264991,48.309382453347006,55.33262204665301,52.21260461186769,1.0844058664087086,-0.009363591002945641
2013-11-01,0.506464,0.87321,-0.523924,-0.243909,-0.243908,0.855742,0.328323,-0.728842,-2.188266,-3.160224,-3.89975,0.0,53.165936,52.00252405,1.6936541398283178,48.61521577034336,55.389832329656635,52.3033980774041,1.02462000066582,-0.002442058752262725
2013-11-04,-1.431812,0.349225,-1.431812,0.017468,0.01747,0.705423,0.446996,-0.504053,-1.808109,-2.876905,-3.69587,0.0,53.175224,52.213758150000004,1.5503659398407283,49.11302627031855,55.31449002968146,52.386429117651325,0.9668435645348836,0.0001746830676590609
2013-11-05,-0.525392,0.227674,-0.595447,-0.296843,-0.296853,0.514893,0.810863,0.086402,-1.109452,-2.317332,-3.178576,0.0,53.017372,52.4291697,1.3199774227597947,49.78921485448041,55.06912454551959,52.446518915970245,0.897966783354974,-0.0029729401523038187
2013-11-06,0.261002,1.078822,-0.20881,0.647991,0.647999,-0.29581,0.130495,-0.327135,-1.362456,-2.671313,-3.515628,1.0,53.360924,52.6339047,1.1033460998549267,50.427212500290146,54.84059689970986,52.53360511444927,0.8611761111102609,0.006459084368269876
2013-11-07,0.453756,0.890056,-0.06981,-0.29581,-0.295827,-0.034891,0.392682,0.082617,-0.805398,-2.085153,-2.959607,0.0,53.203068,52.774571650000006,0.9739220269877613,50.82672759602448,54.72241570397553,52.59736348450173,0.8099450361480507,-0.0029626539415429243
2013-11-08,-1.25797,0.017236,-1.550919,1.273997,1.274005,-1.027052,-0.754779,-1.010969,-1.791312,-2.994309,-3.875496,1.0,53.880878,52.9157034,0.9148403503650674,51.08602269926986,54.745384100730135,52.719602962168224,0.8146469000819536,0.012659583023083202
2013-11-11,0.189363,0.430367,-0.206574,0.103397,0.103402,-0.846967,-0.78155,-0.929597,-1.643144,-2.72474,-3.681072,0.0,53.936592,53.05033625,0.8518280136164951,51.34668022276701,54.75399227723299,52.835506680056966,0.8134913929067196,0.0010334875221796006
2013-11-12,0.172747,0.224566,-0.587321,-0.344295,-0.344306,-0.231467,-0.544126,-0.453726,-1.017439,-2.013465,-3.080546,0.0,53.750885,53.204002550000006,0.6559460170643889,51.89211051587123,54.51589458412878,52.922685567670584,0.7885012902149384,-0.003449002414488534
2013-11-13,-0.94518,0.017189,-1.529472,0.518224,0.518237,-0.498375,-1.013923,-0.905085,-1.2949,-2.166011,-3.312714,0.0,54.029442,53.3298145,0.5468095310083713,52.236195437983255,54.42343356201674,53.028090942178146,0.7821574514653662,0.005168988218361612
2013-11-14,-0.849762,0.016992,-1.4276,1.117032,1.117026,-1.0741,-1.862678,-1.847949,-2.171143,-2.936098,-4.052231,1.0,54.632965,53.44680535,0.5633919461423883,52.32002145771522,54.573589242284775,53.18093609054213,0.816418017100716,0.011108334936280804
2013-11-15,0.34159,0.478229,-0.768576,-0.492864,-0.492867,-0.406486,-1.156272,-1.226298,-1.51921,-2.212122,-3.280951,0.0,54.363697,53.53779825,0.5568022953570833,52.424193659285834,54.65140284071417,53.29357998668098,0.8124763632013412,-0.004940858606890584
2013-11-18,0.205795,0.531638,-0.394442,-0.409903,-0.409891,0.078879,-0.571096,-0.744307,-0.957822,-1.595619,-2.563319,0.0,54.140865,53.62229205,0.509401002235121,52.60349004552975,54.641094054470244,53.37427379747327,0.7823534108505257,-0.004107335381315257
2013-11-19,-0.155335,0.914743,-1.104591,-0.634543,-0.63455,0.735246,0.208838,-0.174892,-0.220917,-0.735242,-1.625818,-1.0,53.797314,53.67846655000001,0.45872981341450764,52.761006923170996,54.595926176829025,53.41456334057106,0.7224313209933371,-0.006365720884084995
2013-11-20,2.021448,2.091761,-0.650376,-1.81222,-1.812208,2.13745,1.956396,1.544491,1.553865,1.195981,0.41424,-1.0,52.822395,53.64318385,0.4964910278288501,52.6502017943423,54.6361659056577,53.35816635575477,0.5894796628887633,-0.018288291756586268
2013-11-21,0.490373,0.630475,-0.087564,0.369132,0.369118,1.152371,1.546415,1.136024,1.145364,0.878463,0.210162,0.0,53.017372,53.6246137,0.5131729508807782,52.59826779823844,54.650959601761556,53.325709750444794,0.49415126223260586,0.0036843849167331895
2013-11-22,-0.711804,0.069446,-1.336799,0.875657,0.875662,-0.055553,0.590278,0.297453,0.288194,0.072916,-0.508681,1.0,53.481625,53.635755700000004,0.5071963867598163,52.62136292648037,54.650148473519636,53.340558821831,0.450866842775703,0.008718503531845969
2013-11-25,0.820532,1.204612,-0.244413,-0.555554,-0.555568,0.143167,1.010836,0.85895,0.816178,0.687162,0.168774,-1.0,53.184498,53.61857815,0.5167635484031647,52.585051053193666,54.65210524680633,53.32569588641853,0.3881140259046134,-0.005571174055292271
2013-11-26,-0.017439,0.226641,-0.784521,0.139668,0.139678,-0.198747,0.777545,0.748487,0.576185,0.590654,0.190608,0.0,53.258785,53.56565400000001,0.49519326505898176,52.57526746988204,54.556040530117976,53.31932342104534,0.340451790169098,0.001395804600670387
2013-11-27,-0.139255,0.330719,-0.539603,0.156904,0.156896,-0.160137,0.490867,0.588343,0.375986,0.419153,0.147961,0.0,53.342346,53.5429056,0.49444074407612465,52.554024111847745,54.53178708815225,53.32151604761245,0.30589562496128764,0.0015677322807124347
2013-11-29,0.296584,0.348918,-0.314028,-0.226285,-0.226269,0.143046,0.453585,0.818786,0.596642,0.634325,0.433231,0.0,53.221649,53.5391916,0.49666751691567573,52.54585656616865,54.53252663383135,53.312004900220785,0.26570746561087333,-0.0022652501271489007
2013-12-02,-0.365025,0.799588,-0.66052,0.366363,0.366349,-0.246824,-0.090381,0.392845,0.252918,0.278817,0.121102,0.0,53.416626,53.551726099999996,0.48986862548149757,52.571988849037,54.531463350962994,53.321968814485466,0.2467467314689742,0.0036567961601383335
2013-12-03,-0.468425,0.104098,-0.971542,0.191205,0.191218,-0.312289,-0.3973,0.149195,0.093678,0.086739,-0.003477,0.0,53.518768,53.5689033,0.481930624808938,52.605042050382124,54.53276454961788,53.34071159405828,0.2372276066402037,0.0019103503011062173
2013-12-04,0.597225,1.914632,-0.474267,-1.231782,-1.231787,0.779903,0.667483,1.285787,1.327065,1.224659,1.255339,-1.0,52.859531,53.56101125,0.4926118367014679,52.575787576597065,54.546234923402935,53.294884870814634,0.17447744779555308,-0.012394359479630274
2013-12-05,0.070288,0.281146,-0.43929,-0.035131,-0.035131,0.625549,0.706375,1.171437,1.313474,1.187838,1.247581,0.0,52.840961,53.53501309999999,0.5168518768952894,52.50130934620942,54.56871685379057,53.25165402597515,0.12184450342672193,-0.0003513701750991488
2013-12-06,-1.049192,0.068801,-1.117986,2.161306,2.161301,-1.221186,-1.245267,-1.049188,-0.757651,-0.901957,-0.857697,1.0,53.983013,53.57401035,0.5199029282465953,52.53420449350681,54.61381620649319,53.32130726159656,0.1703231879989744,0.021382756533092986
2013-12-09,0.518402,0.570247,-0.466565,-0.464396,-0.464379,-0.642829,-0.737873,-0.665872,-0.308463,-0.397456,-0.365776,0.0,53.732327,53.566582800000006,0.5163370522123243,52.533908695575356,54.59925690442466,53.36045199858736,0.18636631479491683,-0.004654610060196971
2013-12-10,0.034857,0.470549,-0.226562,-0.846722,-0.846723,0.115013,0.12721,0.074344,0.480989,0.460773,0.46937,-1.0,53.277363,53.53362135,0.5125009483515863,52.508619453296824,54.55862324670317,53.35253876062666,0.1605184589821036,-0.008503281177140973
2013-12-11,2.008534,2.079634,-0.106642,-1.951905,-1.951936,1.869913,1.925014,1.867542,2.336496,2.401017,2.336792,-1.0,52.237423,53.45794825,0.5852972940859915,52.28735366182802,54.62854283817198,53.24633725961459,0.05547984307199272,-0.019712378027963086
2013-12-12,0.826593,0.952377,-0.07188,-1.084245,-1.084234,2.533697,2.718783,2.835583,3.230013,3.392636,3.321358,-1.0,51.671047,53.3400285,0.6919535711905701,51.95612135761886,54.72393564238114,53.096309615841776,-0.07262860920029368,-0.010901548433474047
2013-12-13,0.053675,0.518878,-0.590442,0.431261,0.431267,1.288249,2.021833,2.24966,2.522817,2.84774,2.787622,0.0,51.893887,53.2030746,0.6936443871044937,51.81578582579101,54.59036337420899,52.9817931762378,-0.15439439249964693,0.004303393731731396
2013-12-16,-0.17749,0.496981,-0.372735,0.805155,0.805164,-0.063906,0.995734,1.283864,1.507803,1.906276,1.912192,1.0,52.311718,53.10047565,0.6640644198946105,51.77234681021078,54.42860448978922,52.91797649278658,-0.18336517551197318,0.008019400477562843
2013-12-17,1.272311,1.396008,-0.954234,0.443734,0.443727,-0.784595,0.364023,0.755141,0.907405,1.350062,1.421924,0.0,52.543839,53.020624350000006,0.6273821667484321,51.76586001650314,54.27538868349687,52.88234435061643,-0.1854566758719116,0.004427450214691632
2013-12-18,-1.644732,0.017316,-2.718142,2.0675,2.06751,-2.274936,-1.525282,-1.239617,-1.152187,-0.711917,-0.59442,1.0,53.630188,53.01226805,0.6175283396827598,51.77721137063448,54.24732472936552,52.95356755531962,-0.09832153027503665,0.020464268762733655
2013-12-19,0.454787,0.752143,-0.13993,-1.021468,-1.021471,-0.734651,-0.463531,-0.253047,-0.107576,0.241383,0.413967,-1.0,53.082371,53.02526685,0.6160556634270025,51.793155523146,54.257378176854004,52.96583455005109,-0.07263328195526242,-0.010267241597920846
2013-12-20,0.42187,0.527333,-0.070313,-0.489766,-0.48976,0.105461,-0.193363,0.187488,0.365608,0.597635,0.884152,0.0,52.822395,53.015518,0.61772762204494,51.78006275591012,54.25097324408988,52.95217364052242,-0.07241825797873958,-0.00490962837715323
2013-12-23,-0.174221,0.069681,-0.696868,0.896472,0.896464,-0.414637,-1.162027,-0.717775,-0.543561,-0.376313,-0.048788,1.0,53.295929,53.0062332,0.6117193770521272,51.782794445895746,54.22967195410425,52.98491224618695,-0.03364972058426474,0.008924700753640605
2013-12-24,0.069725,0.174311,-0.418334,-0.05227,-0.05228,-0.090629,-1.112073,-0.69722,-0.483694,-0.389743,-0.03834,0.0,53.268066,53.0104116,0.6132845233342659,51.78384255333147,54.23698064666853,53.01187927035962,-0.005114727234364125,-0.0005229346109810594
2013-12-26,0.052199,0.052199,-0.330611,0.174311,0.174322,-0.365412,-1.073609,-0.807383,-0.6473,-0.595796,-0.236652,0.0,53.360924,53.01551855,0.6158814053057179,51.78375573938857,54.24728136061144,53.04512162556347,0.024707512310243374,0.0017417031423434203
2013-12-27,0.296164,0.505221,-0.243909,-0.121801,-0.121803,-0.163766,-0.648088,-0.629506,-0.530493,-0.439031,-0.160866,0.0,53.295929,53.0131977,0.6146712563436618,51.783855187312675,54.242540212687324,53.06900804217647,0.04260616138583373,-0.0012187685313624777
2013-12-30,0.174311,0.348616,-0.139442,-0.05227,-0.05228,0.055787,-0.338145,-0.667006,-0.474107,-0.368129,-0.194054,0.0,53.268066,53.01551855,0.6155866903380431,51.78434516932391,54.24669193067609,53.087965942921564,0.05392108973408938,-0.0005229346109810594
2013-12-31,-0.226522,0.174252,-0.383344,0.034861,0.525484,-0.373101,-0.628244,-1.209207,-0.9821,-0.883984,-0.766554,0.0,53.547981,53.0220863,0.620770271115645,51.78054575776871,54.26362684223129,53.13177690073856,0.08450097844302462,0.005241078444818595
2014-01-02,-0.052416,0.384341,-0.349408,-0.261364,-0.261354,-0.059625,-0.206042,-0.934026,-0.733001,-0.60752,-0.552262,0.0,53.408031,53.01654945,0.6165867987176012,51.783375852564795,54.249723047435204,53.15808681495393,0.09633250403044258,-0.0026169651851024036
2014-01-03,-0.239971,0.274254,-1.079878,1.921729,1.921726,-1.549587,-1.939912,-2.532841,-2.460016,-2.395171,-2.388329,1.0,54.434387,53.09529225,0.6914898591263319,51.71231253174734,54.47827196825266,53.27963921352975,0.18637896420258926,0.019034940215956486
2014-01-06,-0.118202,0.928739,-0.540356,1.508401,1.508412,-2.303287,-3.003798,-3.548732,-3.690971,-3.707082,-3.692058,1.0,55.255482,53.216018299999995,0.8396504933452416,51.53671731330951,54.89531928669048,53.4678147170031,0.32030466417559467,0.014971489062569685
2014-01-07,-0.100269,0.484627,-0.51805,1.046942,1.046946,-2.3964,-3.469392,-4.077609,-4.523071,-4.517622,-4.52175,1.0,55.833977,53.3085665,1.0127962741870498,51.2829739516259,55.3341590483741,53.69316350585995,0.46772976057410176,0.01041503369359926
2014-01-08,-1.610781,0.147929,-1.808018,1.671123,1.671104,-2.866526,-4.444543,-5.130999,-5.825072,-5.850925,-5.898149,1.0,56.767021,53.4603012,1.2734171960901675,50.91346680781967,56.00713559218034,53.98591183863519,0.6523343601960221,0.016572950018295826
2014-01-09,-2.291107,0.640163,-2.425881,-2.432608,-2.432603,0.269543,-1.67969,-2.423559,-3.286685,-3.368691,-3.419451,-1.0,55.386105,53.5657383,1.3428788792153727,50.87998054156925,56.251496058430746,54.11926356828898,0.6793750424046863,-0.024626790886853867
2014-01-10,-0.467061,0.500415,-1.100917,0.993935,0.993935,-0.180148,-2.186848,-3.108976,-3.907834,-4.099651,-4.210377,1.0,55.936607,53.7506975,1.4036709155441258,50.94335566891175,56.55803933108825,54.2923438951186,0.7367332858171238,0.00989028164162312
2014-01-13,0.894513,1.232068,-0.118143,-1.167641,-1.167638,1.009282,-0.671733,-1.698842,-2.445851,-2.789926,-2.961646,-1.0,55.28347,53.93131865,1.3535044977236563,51.22430965455269,56.63832764544731,54.38673685748826,0.7211741627263848,-0.011745082826582615
2014-01-14,0.15149,0.235649,-0.892104,0.270042,0.270036,0.592496,-0.548725,-1.649638,-2.389369,-2.947109,-3.090018,0.0,55.432755,54.10826205000001,1.3035279685371657,51.50120611292568,56.715317987074336,54.48635763296557,0.7126742325245132,0.0026967156886017253
2014-01-15,0.455075,0.792174,-0.252827,-0.134654,-0.134641,0.219103,-0.087656,-1.268694,-1.982614,-2.698785,-2.842457,0.0,55.35812,54.26058214999999,1.259805002553589,51.740972144892815,56.780192155107166,54.569382620302186,0.6919393102008229,-0.0013473133286495298
2014-01-16,0.456775,0.761292,-0.219931,-0.370809,-0.370829,0.507538,0.600586,-0.673383,-1.38126,-2.200601,-2.382067,0.0,55.152836,54.391031999999996,1.2066401998762313,51.97775160024753,56.80431239975246,54.62494960884484,0.6514327207996402,-0.003715183427076932
2014-01-17,-0.672151,0.134435,-1.04184,0.676699,0.676705,-0.315906,0.120997,-1.081059,-1.873413,-2.621058,-2.878136,1.0,55.526058,54.4858255,1.2181373862254856,52.049550727549025,56.92210027245097,54.71076945562152,0.6420457493793421,0.006744256310793987
2014-01-21,0.471624,0.875863,-0.57268,-0.235253,-0.235246,-0.040426,0.382348,-0.595139,-1.433252,-2.122507,-2.49541,0.0,55.395435,54.601478699999994,1.1872902983419271,52.22689810331614,56.97605929668385,54.77597569794328,0.616954455538604,-0.0023552344428303964
2014-01-22,0.591713,0.642429,-0.828406,-0.370552,-0.370558,0.243448,0.639052,0.006762,-0.852137,-1.519562,-2.059847,0.0,55.190163,54.7198671,1.1164935931315052,52.48687991373699,56.95285428626301,54.81542210766297,0.5738902400731902,-0.0037124587554488615
2014-01-23,0.579118,0.86868,-0.289555,-0.743877,-0.743888,0.783522,1.030504,0.906165,0.026362,-0.601282,-1.262095,-1.0,54.77961,54.794051149999994,1.0650056822816343,52.66403978543673,56.92406251456326,54.812011430742686,0.5008597437390634,-0.0074666864576898645
2014-01-24,2.169353,2.344297,0.0,-2.640094,-2.640085,2.834149,3.385237,3.633081,2.744876,2.153303,1.418858,-1.0,53.333382,54.79731695,1.060169185636738,52.676978578726526,56.91765532127348,54.67118958019576,0.3225656996739872,-0.026755605357650744
2014-01-27,0.59691,1.176268,-0.175558,-0.349897,-0.349903,2.299866,3.223324,3.835452,3.085497,2.475612,1.832005,0.0,53.146767,54.7866091,1.0763978087487338,52.63381348250253,56.93940471749747,54.526006477319974,0.16431400475491387,-0.0035051639731521404
2014-01-28,-0.157646,0.840778,-0.157646,0.228232,0.228234,1.268174,2.609919,3.350273,2.848142,2.256204,1.700055,0.0,53.268066,54.78521595000001,1.078444781291086,52.628326387417836,56.94210551258218,54.40620262233712,0.04813138332539779,0.0022797395647789474
2014-01-29,0.709718,1.295243,-0.408091,-1.278681,-1.278682,1.589778,3.397803,4.27727,4.115514,3.562762,3.061249,-1.0,52.586937,54.75115949999999,1.1379878205592249,52.47518385888154,57.02713514111844,54.23293922973358,-0.09777846974132132,-0.012869271763844429
2014-01-30,-0.631461,0.526229,-0.824412,1.153295,1.153304,-0.164887,1.81196,2.640474,2.895109,2.374278,1.941443,1.0,53.193424,54.73343165,1.1602614307688786,52.412908788462246,57.05395451153775,54.13393777928276,-0.16260029228942585,0.011467036791734194
2014-01-31,-0.282884,0.671849,-0.795615,-0.78933,-0.789331,0.417249,2.171139,3.127059,3.65364,3.151297,2.767009,-1.0,52.773552,54.7017077,1.2061735570816852,52.28936058583663,57.11405481416337,54.00437722887488,-0.2450276883907705,-0.007924623560379523
2014-02-03,3.38147,3.418028,-0.182778,-3.270866,-3.270856,2.990302,4.748663,5.97574,6.826897,6.458032,6.073381,-1.0,51.047405,54.53235860000001,1.4573068863565244,51.61774482728696,57.446972372713056,53.72276082612489,-0.4445135549842405,-0.033255445322919706
2014-02-04,0.89553,2.033584,-0.503724,-2.028881,-2.028887,3.820895,5.841413,7.467658,8.514924,8.399998,8.065395,-1.0,50.011711,54.270170050000004,1.760526452605588,50.749117144788826,57.79122295521118,53.369327509351095,-0.6783596834550849,-0.020497512798594124
2014-02-05,-1.479996,0.438518,-1.827151,2.108213,2.108202,1.08168,2.848531,4.678729,5.807605,5.989408,5.719551,1.0,51.066059,54.031774150000004,1.8577546968158158,50.31626475636837,57.74728354363164,53.14996860369861,-0.7697343347247667,0.020862871086851087
2014-02-06,-0.018261,0.584475,-0.310499,0.036543,0.036551,0.219177,2.087667,4.082795,5.212782,5.757806,5.536641,0.0,51.084724,53.747659299999995,1.8519250589255567,50.043809182148884,57.451509417851106,52.9532786414416,-0.831063314098742,0.0003654401789111021
2014-02-07,-0.107935,0.233857,-0.899442,1.534247,1.534236,-1.644173,0.262643,2.087911,3.283871,4.041023,3.851983,1.0,51.868484,53.57177825,1.8551636993303902,49.86145085133922,57.28210564866078,52.84996486606621,-0.8071201120230995,0.015225851754070624
2014-02-10,-0.197097,0.286687,-0.376282,0.395756,0.395772,-1.637708,-0.338659,1.243494,2.505813,3.449552,3.360192,0.0,52.073765,53.37863615,1.7961444957031742,49.78634715859365,56.97092514140635,52.776041069297996,-0.7627875507157071,0.003949910048527844
2014-02-11,-1.381268,0.106248,-1.505228,1.182584,1.18258,-1.770856,-1.613251,-0.282163,1.061619,2.045682,2.113801,1.0,52.689579,53.2489416,1.7442621750865752,49.76041724982685,56.73746595017315,52.76780658650771,-0.6702365633584577,0.011756422987033915
2014-02-12,0.389867,0.708846,-0.283537,-0.070836,-0.070836,-1.098708,-1.531103,-0.532819,0.869214,1.876303,2.147199,0.0,52.652256,53.10991665,1.67028195190126,49.769352746197484,56.45048055380252,52.75680176874507,-0.5930644158465483,-0.0007086073934772594
2014-02-13,-0.653707,0.017673,-0.936392,0.301255,0.30125,-0.742044,-1.899288,-1.080091,0.325091,1.270675,1.79388,0.0,52.810871,52.9825542,1.5847560048379163,49.81304219032417,56.15206620967584,52.76195121934077,-0.5131902898375458,0.003007973006421309
2014-02-14,-0.562588,0.210969,-1.283402,0.494705,0.494718,-0.777083,-2.325961,-1.599873,-0.364818,0.597735,1.271669,0.0,53.072136,52.87851919999999,1.5008596919854498,49.87679981602909,55.88023858397089,52.791492627022606,-0.42392087157023894,0.004934985086677701
2014-02-18,1.067809,1.067809,-1.583912,-1.213084,-1.2131,0.576623,-0.863136,-0.482879,0.563272,1.565408,2.387739,-1.0,52.428318,52.7236322,1.3671413943950828,49.98934941120983,55.457914988790165,52.75690456730617,-0.4005081379241062,-0.01220517955783207
2014-02-19,-0.124555,1.548041,-0.355874,0.0178,0.017811,0.462628,-0.418156,-0.606175,0.263336,1.33024,2.190383,0.0,52.437656,52.57574325,1.2143498500353833,50.147043549929236,55.00444295007077,52.726499941848445,-0.3768557211025083,0.00017809399309399077
2014-02-20,-1.122805,0.05263,-1.456144,1.423486,1.42349,-0.747375,-1.417551,-1.926324,-1.332467,-0.261064,0.590047,1.0,53.184101,52.47544015,1.0600883749838155,50.355263400032364,54.59561689996763,52.770080995005735,-0.29448450312430907,0.014134539105366054
2014-02-21,-0.087533,1.032913,-0.210082,0.210525,0.210523,-0.773811,-1.209738,-2.119519,-1.678929,-0.625359,0.16164,0.0,53.296066,52.40126295,0.9348836921970253,50.53149556560595,54.271030334394055,52.82017480500519,-0.21766101891773815,0.002103021518845563
2014-02-24,-0.590278,0.763894,-0.763885,0.840334,0.840319,-1.350683,-1.684015,-2.814804,-2.46006,-1.558325,-0.774875,1.0,53.743923,52.42179,0.9605811215816464,50.50062775683671,54.342952243163296,52.90815082357612,-0.11926472765711793,0.008368080333425915
2014-02-25,0.522191,0.539594,-0.696261,-0.260411,-0.260402,-0.654484,-1.141865,-2.243114,-2.162755,-1.444741,-0.660871,0.0,53.603973,52.4446503,0.9838998360520107,50.47685062789598,54.41244997210402,52.974419602283156,-0.05197857663917915,-0.0026074116867388095
2014-02-26,-0.311365,0.726516,-0.501645,0.626632,0.626625,-0.716136,-1.525684,-2.36637,-2.709737,-2.166407,-1.362509,1.0,53.939869,52.47824045,1.024135538998704,50.429969372002596,54.52651152799741,53.06636716397047,0.02812596420552893,0.006246700620136345
2014-02-27,-0.994851,0.034307,-0.994851,0.847601,0.847601,-1.104628,-2.032585,-2.778725,-3.361059,-3.046995,-2.255,1.0,54.397064,52.5687468,1.1105820979821361,50.34758260403573,54.78991099596427,53.19310019597328,0.12703680430658437,0.008440292732959782
2014-02-28,-1.670601,0.91124,-1.687479,1.646654,1.646657,-1.984475,-3.170769,-3.846323,-4.73675,-4.580491,-3.842389,1.0,55.292797,52.673715449999996,1.2616680451953424,50.15037935960931,55.19705154039068,53.3930713201663,0.274537823709899,0.01633246506285503
2014-03-03,-0.592822,0.626692,-0.863825,-0.37124,-0.371247,-1.131433,-2.444101,-3.098459,-4.171743,-4.097557,-3.488028,0.0,55.087524,52.789414050000005,1.3725331925345392,50.044347664930925,55.534480435069085,53.554447765864744,0.3705976101517052,-0.0037193810415173667
2014-03-04,0.0,0.385581,-0.335291,1.0332,1.033194,-1.404858,-2.861685,-3.660232,-4.737628,-4.897897,-4.467163,1.0,55.656685,53.01987805,1.4494549609401228,50.120968128119756,55.91878797188025,53.75466083578239,0.48703794870124995,0.010278930454658166
2014-03-05,0.184442,0.335347,-0.737757,-0.016769,-0.016765,-0.774645,-2.268605,-3.28973,-4.215284,-4.710924,-4.436054,0.0,55.647354,53.3016602,1.3800078424269113,50.541644515146174,56.06167588485383,53.93491732761264,0.5719714908844935,-0.0001676668718529248
2014-03-06,0.301156,0.384808,-0.552118,0.217976,0.21798,-0.49858,-2.017734,-3.127542,-4.002005,-4.689975,-4.609334,0.0,55.768654,53.53678995,1.3796726719947243,50.77744460601055,56.29613529398945,54.109558915459054,0.6416730240379209,0.0021774258493528313
2014-03-07,0.200299,0.200299,-0.901354,0.234231,0.234236,-0.51411,-1.781009,-2.985591,-3.795695,-4.719079,-4.765483,0.0,55.899284,53.777517950000004,1.3489994005029458,51.07951914899411,56.4755167510059,54.28000892351057,0.6993906010209443,0.002339616221567904
2014-03-10,-0.732477,0.049938,-1.115362,0.267067,0.267068,-0.436163,-1.631434,-2.889964,-3.679042,-4.739139,-4.857668,0.0,56.048573,53.9865224,1.3614197597800395,51.263682880439916,56.70936191956008,54.448443597461946,0.7485497556256391,0.002667118290571811
2014-03-11,-0.33189,0.813146,-0.796547,0.316294,0.316297,-0.54763,-1.475277,-2.74588,-3.613509,-4.671093,-4.975109,0.0,56.225853,54.19412679999999,1.3709347639077714,51.45225727218445,56.93599632781554,54.61772068341795,0.7926762755509671,0.003157979134659876
2014-03-12,0.250707,0.685275,-0.317571,-0.713568,-0.71357,0.230649,-0.429558,-1.642437,-2.639985,-3.569452,-4.139511,-1.0,55.824642,54.35087995,1.3690808508126229,51.612718248374755,57.089041651625244,54.732665570711475,0.7862095515545562,-0.007161284109280966
2014-03-13,1.643234,2.04981,-0.254105,-1.337127,-1.33713,1.338307,1.043538,-0.080184,-1.100285,-1.971198,-2.68959,-1.0,55.078194,54.472176850000004,1.317147411923455,51.837882026153096,57.10647167384691,54.765573040167524,0.7126376674940715,-0.013461500156341512
2014-03-14,0.30581,1.10431,-0.10194,-0.287986,-0.287976,1.274203,1.267403,0.405471,-0.622673,-1.408776,-2.303781,0.0,54.919582,54.57761240000001,1.260337672524876,52.056937054950254,57.09828774504976,54.780240560151576,0.6342218418911898,-0.002883914851712245
2014-03-17,-0.40527,0.709216,-0.40527,0.611621,0.611622,0.37149,0.682192,-0.022526,-1.029223,-1.762927,-2.747955,1.0,55.255482,54.6867797,1.2168827289168165,52.25301424216637,57.12054515783363,54.82550164966095,0.5923527837477209,0.0060975873950123004
2014-03-18,-0.885544,0.53467,-0.952379,1.063825,1.063818,-0.82205,-0.344192,-0.807574,-1.765245,-2.526983,-3.485379,1.0,55.8433,54.8575288,1.1189528185743502,52.6196231628513,57.0954344371487,54.92243482588371,0.5996903959287962,0.010581996933966565
2014-03-19,0.25063,1.069347,-0.701751,0.0,0.0,-0.815368,-0.309104,-0.58034,-1.460317,-2.301085,-3.137287,0.0,55.8433,55.027811,0.982078695837704,53.06365360832459,56.99196839167541,55.010136271037645,0.5986051587951167,0.0
2014-03-20,0.386034,0.386034,-0.688157,-0.451121,-0.451132,-0.181261,0.110782,0.013432,-0.797243,-1.646856,-2.426984,0.0,55.591373,55.14817459999999,0.8871503869187765,53.37387382616244,56.92247537383754,55.06549214998644,0.5708364498294713,-0.0045215267819519395
2014-03-21,2.090768,2.634708,-0.288972,-1.258812,-1.258805,1.08108,1.203468,1.239728,0.61278,-0.241375,-0.951897,-1.0,54.891586,55.22795060000001,0.7766977198074858,53.67455516038503,56.78134603961498,55.048929659511536,0.48675161574151815,-0.01266795105087463
2014-03-24,1.736884,1.840067,-0.498712,-1.155873,-1.155869,1.895094,2.056747,2.321577,1.836624,1.012548,0.353105,-1.0,54.257111,55.25361,0.7322981534840948,53.78901369303181,56.71820630696819,54.97351835860568,0.3647127672026258,-0.011626014124742333
2014-03-25,-1.101698,0.118644,-1.152542,1.461733,1.461748,0.138971,0.372869,0.773997,0.500832,-0.252218,-0.912444,1.0,55.050213,55.325922000000006,0.6242654094503611,54.07739118109928,56.57445281890073,54.98082261016704,0.32820940988921876,0.014511670199445138
2014-03-26,0.101192,1.16377,-0.151796,0.491527,0.491515,-0.539721,-0.209143,0.241747,0.134082,-0.531629,-1.238549,0.0,55.320793,55.39496820000001,0.5325200544991482,54.32992809100171,56.460008308998304,55.013200742532085,0.3174543645879524,0.004903109102267572
2014-03-27,0.084507,0.321114,-1.183027,-0.2024,-0.202399,-0.476588,0.016904,0.377446,0.410681,-0.183201,-0.883894,0.0,55.208824,55.43555620000001,0.48089082448305615,54.4737745510339,56.39733784896612,55.031831528957596,0.29647833348766284,-0.0020260458932276626
2014-03-28,-1.15875,0.827678,-1.258067,2.09566,2.095654,-1.996352,-1.779502,-1.627761,-1.555204,-2.014234,-2.708158,1.0,56.36581,55.48920685,0.5222062415060392,54.44479436698792,56.53361933301208,55.1588770976283,0.3689606301072459,0.020739973433251232
2014-03-31,-0.065,0.324993,-1.34872,1.870553,1.870559,-2.694184,-3.206049,-3.274838,-3.159738,-3.557367,-4.242233,1.0,57.420166,55.60583895,0.6679300706647523,54.269978808670494,56.941699091329504,55.374237945473226,0.505652245634181,0.018532796654188166
2014-04-01,0.0,0.957637,-0.357088,0.113747,0.113742,-1.957474,-3.030351,-3.23865,-3.110696,-3.396852,-4.057783,0.0,57.485477,55.69727855,0.7893938672674751,54.11849081546505,57.27606628453495,55.57530833161863,0.6121943917520483,0.0011367763206065063
2014-04-02,-1.26091,0.226316,-1.26091,0.405778,0.864178,-1.879451,-3.492264,-3.819599,-3.739473,-3.945652,-4.561039,1.0,57.982254,55.81402355,0.9399256219683968,53.93417230606321,57.69387479393679,55.804541252416854,0.7283199433628837,0.008604656224080626
2014-04-03,-0.353075,0.160486,-0.690098,0.727449,0.727455,-1.4939,-3.707655,-4.134578,-4.20905,-4.364926,-4.952379,1.0,58.404049,55.94579329999999,1.1036935934707837,53.738406113058424,58.15318048694156,56.052113418853345,0.8446490229056991,0.007248221410417571
2014-04-04,0.94202,2.160146,-0.227383,-1.187612,-1.187615,0.156024,-2.061882,-2.659986,-2.900833,-3.047929,-3.55504,-1.0,57.710434,56.0363508,1.1718728125276068,53.69260517494479,58.380096425055214,56.21004871229588,0.8708332986397451,-0.01194723056757677
2014-04-07,-0.097368,0.843882,-0.259656,0.081207,0.081198,0.191504,-1.535326,-2.450187,-2.831689,-2.941693,-3.401666,0.0,57.757294,56.12178685,1.2334790683426071,53.654828713314785,58.588744986685214,56.35740540636294,0.8851621380480239,0.0008116554016297924
2014-04-08,1.000002,1.213118,-0.229507,-1.006165,-1.00616,1.101641,-0.162719,-1.303293,-1.76098,-1.848904,-2.211597,-1.0,57.176163,56.16930235000001,1.2558005724187042,53.6577012051626,58.680903494837416,56.43538232004266,0.8399430904271838,-0.010112563696526668
2014-04-09,-0.716617,0.097715,-1.058635,0.655741,0.65574,0.293159,-0.425594,-1.748442,-2.250983,-2.356011,-2.639497,1.0,57.55109,56.25562475,1.2897405225379182,53.676143704924165,58.83510579507584,56.541640194324316,0.8248517671866153,0.006535994280536694
2014-04-10,2.279539,2.662235,-0.715474,-2.11727,-2.117265,1.72712,1.927749,0.464519,-0.025273,-0.203868,-0.418999,-1.0,56.332581,56.318344100000004,1.2596174534176208,53.79910919316476,58.83757900683525,56.521729794864854,0.7064250635971376,-0.021400003904461028
2014-04-11,1.097968,1.182434,-0.152027,-1.497499,-1.49751,2.472976,3.319316,2.063632,1.545928,1.283733,1.106693,-1.0,55.488995,56.34681475,1.232480584008006,53.88185358198399,58.81177591801601,56.423374100115815,0.538295571456139,-0.01508835833381994
2014-04-14,-3.323003,0.482092,-3.839538,-1.89189,-1.891889,3.230028,4.76412,4.054097,3.429139,3.118609,3.016709,-1.0,54.439205,56.3060009,1.2830024775217803,53.73999594495644,58.87200585504356,56.234405614390504,0.3166918317849081,-0.019100138358658664
2014-04-15,-0.086131,0.706288,-1.826007,-0.051658,-0.05165,2.26701,4.253229,4.029561,3.350977,3.038486,2.993637,0.0,54.411087,56.234390250000004,1.3484856350521346,53.53741897989573,58.931361520104275,56.06075622254379,0.13721861316175676,-0.0005166362002119504
2014-04-16,0.051287,0.427423,-0.906143,0.757972,0.757967,0.502649,2.892802,3.186511,2.480497,2.190319,2.168761,1.0,54.823505,56.183400500000005,1.3828936703011039,53.417613159397796,58.949187840602214,55.94292277277771,0.02794138930416068,0.0075510871067976815
2014-04-17,-0.324506,1.178485,-0.631937,0.102577,0.102571,-0.129797,2.145184,3.040804,2.310654,2.071144,2.010081,0.0,54.879738,56.14781875000001,1.4078580464159942,53.33210265716802,58.963534842832004,55.84166708013222,-0.05350726630283731,0.0010251840034498508
2014-04-21,-1.391245,0.288432,-1.49304,0.666097,0.666095,-0.878852,1.023084,2.223778,1.665689,1.419335,1.295633,1.0,55.245289,56.1655039,1.3933942887624229,53.37871532247515,58.95229247752484,55.78486916773868,-0.08754978261825386,0.006638860440345952
2014-04-22,1.200688,1.509436,0.0,-1.08585,-1.085836,0.284728,1.562603,3.00743,2.817259,2.488015,2.32202,-1.0,54.645416,56.184919150000006,1.367875224370069,53.449168701259865,58.92066959874015,55.676349818430225,-0.16107666824863998,-0.01091773792108673
2014-04-23,-0.188422,0.205548,-0.736554,0.137225,0.137208,0.260368,0.974657,2.529415,2.646242,2.265502,2.090112,0.0,54.720394,56.16842820000001,1.3841662282087757,53.400095743582455,58.93676065641756,55.58530640715116,-0.21086642003029965,0.0013711417077556904
2014-04-24,0.771342,1.045597,-0.274254,-0.068518,-0.068499,0.277671,0.51936,2.197455,2.658277,2.25072,2.090494,0.0,54.682911,56.13653409999999,1.4117987415440323,53.31293661691193,58.96013158308806,55.49936398742248,-0.25046254555689984,-0.0006852261266994174
2014-04-25,0.274867,0.274867,-0.687164,-0.222833,-0.222836,0.384809,0.419167,1.956131,2.828185,2.403545,2.286902,0.0,54.561058,56.10414579999999,1.4413231661872408,53.221499467625506,58.986792132374475,55.41000151242986,-0.28835134423948006,-0.0022308426112759845
2014-04-28,0.153244,0.357567,-1.242976,0.893319,0.893311,-0.575512,-0.549973,0.73103,1.798089,1.508261,1.389056,1.0,55.048458,56.03827819999999,1.4587318696168945,53.120814460766205,58.95574193923378,55.37556879696035,-0.2758693335863498,0.008893447034398412
2014-04-29,0.0,0.42517,-0.323126,0.119188,0.119199,-0.523815,-0.545926,0.291376,1.467681,1.449605,1.259793,0.0,55.114075,55.92297365,1.4346961820203372,53.053581285959325,58.79236601404068,55.350664625821274,-0.25771176588277456,0.0011912763073443494
2014-04-30,-0.204011,0.034002,-0.697042,0.034015,0.034004,-0.408019,-0.448825,0.010203,1.219826,1.421112,1.182416,0.0,55.132816,55.8053406,1.395762218917955,53.01381616216409,58.59686503783591,55.329917137647826,-0.23905385653230837,0.00033998237973917924
2014-05-01,-0.624893,0.489784,-1.097784,0.663038,0.663052,-0.770146,-0.982951,-0.895128,0.329328,0.765867,0.495227,1.0,55.498375,55.68114665,1.2990215841885722,53.08310348162286,58.27918981837715,55.345960743586126,-0.19255017420322673,0.006608630480185755
2014-05-02,0.867788,1.054958,-0.255234,-0.743116,-0.743132,0.163355,-0.204181,-0.304005,0.779314,1.511374,1.217046,-1.0,55.085949,55.51524165000001,1.1344198169803603,53.24640201603928,57.78408128396073,55.321197720387445,-0.18682144104849385,-0.007459066480347266
2014-05-05,-0.728196,0.169353,-1.354782,0.476432,0.476439,-0.203216,-0.658763,-0.793678,0.08806,0.956499,0.764607,0.0,55.3484,55.397139949999996,1.0099834431632844,53.377173063673425,57.41710683632657,55.323788413683886,-0.159267835972301,0.004753077216979686
2014-05-06,-0.27027,0.692568,-0.506755,0.254025,0.254018,-0.320943,-0.758442,-0.918916,-0.369929,0.56149,0.583297,0.0,55.488995,55.283725000000004,0.8448642290994374,53.59399654180113,56.973453458198875,55.339522374285416,-0.12464968001832943,0.0025369610212833617
2014-05-07,0.016861,0.151719,-1.095755,0.202701,0.202707,-0.354013,-0.800741,-0.976625,-0.713083,0.222522,0.412868,0.0,55.601475,55.204990599999995,0.7239430448087554,53.75710451038248,56.65287668961751,55.364470243401094,-0.08713392045304147,0.0020250168792545057
2014-05-08,-0.23557,0.605756,-0.269224,0.185435,0.185447,-0.464423,-0.800953,-1.054474,-1.062607,-0.126547,0.249967,0.0,55.704586,55.112665400000004,0.48842989198645576,54.13580561602709,56.08952518397292,55.396862220220044,-0.048522873267096145,0.0018527477941303115
2014-05-09,-1.063651,0.299152,-1.229845,1.245159,1.245147,-1.223197,-1.695193,-2.091848,-2.273555,-1.497089,-0.912645,1.0,56.39819,55.11594585,0.49719611863719193,54.12155361272562,56.110338087274386,55.49222677067527,0.03761114801268661,0.012374588314702353
2014-05-12,-0.885393,0.295124,-0.983773,1.362812,1.362817,-1.915073,-2.646341,-3.184135,-3.440736,-2.859493,-2.198164,1.0,57.166794,55.199835799999995,0.6736756059579277,53.85248458808414,56.54718701191585,55.6517093639443,0.16597959034855592,0.01353613955018613
2014-05-13,0.312343,0.575371,-0.674016,-0.262338,-0.262327,-1.121169,-2.056566,-2.652216,-2.960727,-2.655944,-1.964509,0.0,57.01683,55.32871705,0.7613574717529574,53.806002106494084,56.85143199350592,55.781720853092466,0.25269871080715234,-0.0026267179297950276
2014-05-14,0.115415,0.577078,-0.115416,-0.295907,-0.29592,-0.389116,-1.46414,-2.11377,-2.458372,-2.390112,-1.710914,0.0,56.848106,55.450568,0.8007622548970571,53.84904349020588,57.052092509794115,55.883281343274135,0.30430181987519944,-0.0029635835124775384
2014-05-15,0.817897,1.068267,-0.267067,-1.220119,-1.220113,1.001501,-0.1302,-0.729989,-1.135043,-1.283933,-0.605359,-1.0,56.154495,55.5171175,0.8012132932668858,53.914690913466224,57.11954408653377,55.909111215343266,0.2859329871521581,-0.012276172489715086
2014-05-16,-0.629245,0.016564,-1.109452,0.8012,0.801193,0.271576,-0.655733,-1.278354,-1.768503,-2.049345,-1.501351,1.0,56.604401,55.603350649999996,0.821555704746143,53.96023924050771,57.24646205949228,55.97532929007248,0.30417289328480024,0.0079800069613631
2014-05-19,-0.082862,0.563474,-0.314879,-0.082794,-0.082785,0.13921,-0.359633,-1.018678,-1.571104,-1.892617,-1.48769,0.0,56.557541,55.668963250000004,0.8435605165723118,53.981842216855384,57.356084283144625,56.03077802435129,0.3112589406162414,-0.0008281936815552101
2014-05-20,0.75745,0.807943,-1.144588,-1.541266,-1.541276,1.228755,1.235489,0.59923,0.063124,-0.267293,-0.069571,-1.0,55.685833,55.720984099999995,0.808468493545648,54.1040471129087,57.33792108709129,55.99792611727022,0.24372561655265912,-0.015532774810103907
2014-05-21,-0.267738,0.518745,-0.619142,0.589123,0.589112,0.338034,0.716217,0.114922,-0.407446,-0.736932,-0.723992,1.0,56.013885,55.785658649999995,0.7752676697934523,54.23512331041309,57.3361939895869,55.99944601086354,0.2142067829808738,0.005873836551716803
2014-05-22,-0.083638,0.284379,-0.685848,0.033469,0.033493,0.260946,0.741043,0.144967,-0.32035,-0.683851,-0.847563,0.0,56.032646,55.8531454,0.7317470219917078,54.389651356016586,57.31663944398342,56.00260791459082,0.19013499276957901,0.00033487873310990063
2014-05-23,-0.216921,0.116803,-0.433843,0.250922,0.250909,-0.1435,0.448861,0.023363,-0.426329,-0.840313,-1.105178,0.0,56.173237,55.93375435,0.6679360632193772,54.59788222356125,57.26962647643875,56.018858303677405,0.18032378399697535,0.002505948348061918
2014-05-27,-0.562721,0.13241,-0.844088,0.817617,0.817617,-0.926844,-0.460106,-0.636649,-1.094003,-1.546503,-1.839895,1.0,56.632519,56.012957400000005,0.6511404187072807,54.71067656258544,57.31523823741457,56.07730217951765,0.20721984796148263,0.008142927348642321
2014-05-28,0.498669,0.615025,0.0,-0.430318,-0.430322,-0.249333,-0.141285,-0.100836,-0.553518,-0.997335,-1.300417,0.0,56.388817,56.076694499999995,0.6201750841142417,54.836344331771514,57.317044668228476,56.10697025765883,0.20649016761503702,-0.00431250215783612
2014-05-29,-0.494885,0.131973,-0.82481,0.764626,0.764627,-0.722529,-0.903987,-0.715928,-1.159677,-1.600786,-1.908056,1.0,56.819981,56.161052749999996,0.59942812552005,54.9621964989599,57.359909001040094,56.1748760426437,0.23796016543346354,0.007617183334623311
2014-05-30,-0.835653,0.049159,-0.852042,0.676344,0.676347,-0.979846,-1.386202,-1.208145,-1.674583,-2.085528,-2.428311,1.0,57.204281,56.246348049999995,0.621146863421828,55.00405432315634,57.48864177684365,56.27291461001097,0.29056076012956567,0.006740696205836568
2014-06-02,-0.032776,0.131101,-0.770241,-0.016384,-0.016378,-0.606365,-1.266803,-1.099096,-1.47411,-1.885287,-2.277399,0.0,57.194912,56.3517962,0.5921195850976231,55.167557029804755,57.53603537019525,56.36072388524802,0.327713433921339,-0.00016379486210091156
2014-06-03,-0.311421,0.098348,-0.852313,-0.016391,-0.016395,-0.396656,-1.140796,-1.080694,-1.297325,-1.719715,-2.148279,0.0,57.185535,56.44365295,0.5703678249999174,55.30291730000017,57.58438859999983,56.439277324748204,0.35233900530894147,-0.0001639615907604918
2014-06-04,-3.511549,1.755775,-3.748818,3.622362,3.622372,-2.910482,-3.994002,-4.286629,-4.429779,-4.875683,-5.309512,1.0,59.257008,56.63205359999999,0.8102880708528495,55.011477458294294,58.25262974170569,56.70763262715314,0.5328629942273437,0.03558306971224369
2014-06-05,-0.290135,0.370727,-0.531918,-1.866498,-1.866503,-0.606064,-1.800457,-2.316791,-2.392815,-2.858806,-3.311847,-1.0,58.150974,56.759528550000006,0.8396364523684257,55.08025564526316,58.438801454736854,56.84509371028141,0.5799960226480039,-0.018841422892469196
2014-06-06,-0.320155,0.304144,-0.560272,0.693101,0.693096,-0.829195,-2.045783,-2.715971,-2.821354,-3.318713,-3.757003,1.0,58.554016,56.90200004999999,0.8913655086124128,55.119269032775165,58.68473106722482,57.00784821406413,0.6424654663092184,0.0069070500299464686
2014-06-09,-0.080339,0.353466,-0.385607,-0.368175,-0.368173,-0.070695,-1.312665,-2.158316,-2.295954,-2.738435,-3.185522,0.0,58.338436,56.99901235,0.9380105732172423,55.12299120356552,58.87503349643448,57.13457086034374,0.6668899538921167,-0.0036885229239161468
2014-06-10,0.242478,0.242478,-0.727451,-0.610541,-0.610544,0.817981,-0.473649,-1.39347,-1.625443,-1.959262,-2.422135,-1.0,57.982254,57.03978535,0.9630755991399749,55.11363415172005,58.965936548279956,57.215302587930054,0.6500126840053042,-0.006124157503287255
2014-06-11,0.572179,0.768352,-0.392346,-1.115427,-1.115424,1.284948,0.814128,-0.089367,-0.487982,-0.724535,-1.192303,-1.0,57.335506,57.05571915,0.965309430035988,55.12510028992803,58.986338010071975,57.226750531936716,0.577789766754897,-0.011216915436009153
2014-06-12,0.707353,0.871852,-0.279655,-0.621215,-0.621217,1.506827,1.472283,0.648133,0.145583,-0.007237,-0.466633,-1.0,56.979328,57.06228025,0.964269427453074,55.13374139509385,58.99081910490615,57.20318648127608,0.486207301481727,-0.006231547387746545
2014-06-13,2.026357,2.026357,-0.181221,-0.148051,-0.148043,1.074129,1.568364,0.8984,0.359136,0.224705,-0.237239,0.0,56.894974,57.099304200000006,0.94152722825576,55.21624974348848,58.98235865651153,57.17383291163073,0.4021847397835856,-0.0014815285617160862
2014-06-16,5.71381,6.446782,-2.848574,-1.103792,-1.103799,1.465936,2.537069,2.035651,1.449278,1.334003,0.946197,-1.0,56.266968,57.08243255,0.9538056248627937,55.17482130027441,58.99004379972559,57.08746482480876,0.281674450820276,-0.01109935789706378
2014-06-17,0.454691,0.682036,-1.315365,2.582047,2.582046,-1.178955,0.048718,-0.407059,-1.003574,-1.178305,-1.457725,1.0,57.719807,57.14054585,0.9555475192097994,55.229450811580406,59.0516408884196,57.147687889112696,0.2999435811103268,0.025492741242092637
2014-06-18,-2.948096,0.250902,-3.324444,3.556346,3.556351,-3.757254,-3.300926,-3.4499,-4.061474,-4.387646,-4.603002,1.0,59.772526,57.3448805,1.0594046793543348,55.226071141291335,59.46368985870867,57.39767247110196,0.4745885056269046,0.034945733775763384
2014-06-19,-1.005104,1.283442,-1.036026,1.411319,1.411314,-3.896701,-4.239982,-4.376057,-5.017004,-5.46961,-5.654858,1.0,60.616104,57.574991450000006,1.2395831302212745,55.09582518955746,60.05415771044255,57.70418975956844,0.673304130184043,0.014014476398723157
2014-06-20,1.75384,2.020045,-0.469778,-1.252508,-1.252499,-1.688075,-2.807712,-2.867738,-3.492805,-4.023184,-4.226963,-1.0,59.856888,57.76620355,1.28332917038978,55.19954520922044,60.33286189077956,57.909208639609545,0.7607557889660157,-0.012604087245025675
2014-06-23,-0.514496,0.686004,-0.685996,0.438456,0.438451,-0.835671,-2.935765,-2.967466,-3.585906,-4.208295,-4.438727,0.0,60.119331,57.96350825,1.3280937051907136,55.30732083961857,60.619695660381424,58.11969648345626,0.8415380881374759,0.004374923977152127
2014-06-24,-0.515059,0.905263,-0.639925,-0.109135,-0.109136,0.049946,-2.484782,-2.54305,-3.195723,-3.870767,-4.17408,0.0,60.053719,58.134568249999994,1.367384037792362,55.39980017441527,60.86933632558472,58.303889104079474,0.8900048799312046,-0.0010919587464827533
2014-06-25,0.171341,0.747668,-0.311522,0.202898,0.202893,-0.018683,-2.210271,-2.63862,-3.077094,-3.76697,-4.193138,0.0,60.175564,58.3239056,1.3750806026503442,55.57374439469932,61.07406680530069,58.4821438560719,0.9275547609099846,0.002026877956412273
2014-06-26,-0.402106,0.061851,-1.453763,0.716522,0.716535,-0.733077,-2.307467,-3.061153,-3.454235,-4.148482,-4.668021,1.0,60.606743,58.51324370000001,1.4171629494770934,55.67891780104583,61.347569598954195,58.6844866316841,0.9807998042875496,0.007139801223935869
2014-06-27,0.810973,0.982528,-0.358709,-0.835139,-0.835143,0.184024,-0.951348,-2.073203,-2.400194,-3.070501,-3.646297,-1.0,60.10059,58.65805915000001,1.4243284718180753,55.809402206363856,61.50671609363616,58.81935361914276,0.9709619231242428,-0.008386499047524988
2014-06-30,0.86261,1.050819,-0.141154,-0.561455,-0.56146,0.630496,0.192917,-1.36135,-1.634248,-2.282932,-2.926073,-1.0,59.763149,58.78647099999999,1.4010550957762744,55.98436080844744,61.58858119155254,58.909238893510114,0.9252707179606929,-0.0056304249186410514
2014-07-01,-0.970113,0.250352,-1.110936,0.23526,0.71703,-0.040082,-0.109717,-1.818875,-2.084826,-2.742083,-3.415914,1.0,60.191669,58.93677770000001,1.3813779449372758,56.17402181012545,61.69953358987456,59.0313750941282,0.9131123011748841,0.007144720487807617
2014-07-02,0.0,0.469409,-0.391175,0.0,0.0,-0.034731,-0.040083,-1.502534,-2.007185,-2.489367,-3.166387,0.0,60.191669,58.98351075000001,1.40832899638198,56.16685275723605,61.800168742763965,59.1418792756398,0.8931806378677791,0.0
2014-07-03,-0.573204,0.015484,-1.146401,1.001413,1.001428,-0.964135,-1.001849,-2.060773,-2.761372,-3.194682,-3.864375,1.0,60.794445,59.1156843,1.4495260414190245,56.21663221716195,62.014736382838045,59.299266487483635,0.9154706607711205,0.009964465632638482
2014-07-07,0.471622,0.958969,-0.534509,-1.456239,-1.45625,0.435469,0.469836,-0.278042,-1.211312,-1.583526,-2.228025,-1.0,59.909126,59.18343980000001,1.453555558056022,56.27632868388797,62.09055091611205,59.35734834581853,0.8518779019544098,-0.014669572226565805
2014-07-08,0.723048,0.943103,-0.172903,0.015718,0.015729,0.471544,0.420526,0.112558,-1.094992,-1.41718,-2.035045,0.0,59.918549,59.26244545000001,1.448141598667384,56.36616225266524,62.158728647334776,59.41079602716915,0.7930981974461133,0.0001572758550046654
2014-07-09,0.72327,1.100637,-0.15723,-0.031438,-0.031438,0.405658,0.426395,0.386658,-0.903833,-1.20493,-1.822423,0.0,59.899712,59.358318350000005,1.4221657678572603,56.51398681428548,62.20264988571453,59.45735945315304,0.7365048996410763,-0.0003144261984438478
2014-07-10,-0.535686,0.157553,-1.291947,-0.204398,-0.204397,0.47266,0.565456,0.592795,-0.49663,-0.967769,-1.432391,0.0,59.777279,59.480407,1.3419192737465233,56.79656845250695,62.164245547493046,59.487827981424175,0.6740054680315382,-0.0020460581719057886
2014-07-11,-0.548678,0.094054,-1.426556,0.504175,0.504185,-0.269647,-0.026934,0.028529,-0.737854,-1.336225,-1.74606,0.0,60.078667,59.63537395000001,1.2104027854898274,57.214568379020356,62.05617952097966,59.54409836414568,0.6414000504681425,0.005029181201270538
2014-07-14,-0.062463,0.078068,-0.96815,0.391911,0.391898,-0.52467,-0.381795,-0.311412,-0.841898,-1.604648,-1.957743,0.0,60.314114,59.806330949999996,1.0311667742963941,57.743997401407206,61.868664498592786,59.617433186608,0.6273271899786721,0.003911319237053024
2014-07-15,0.487725,1.242915,-0.031466,-0.749532,-0.749524,0.207675,0.387027,0.412767,0.207209,-0.759774,-1.068827,-1.0,59.862045,59.9860848,0.6083877937278038,58.76930921254439,61.20286038745561,59.64072954978819,0.5730899324444252,-0.007523474474787971
2014-07-16,0.905768,1.382487,-1.525503,-0.991191,-0.991194,0.997937,1.236292,1.329716,1.341068,0.320558,0.038749,-1.0,59.268696,60.06352925,0.34726428661903835,59.36900067676193,60.758057823238076,59.605297783141694,0.4767327314424463,-0.009961390342714798
2014-07-17,1.934329,2.015601,-0.081273,-2.240585,-2.240591,2.678811,3.168081,3.394995,3.505673,2.661631,2.255855,-1.0,57.940727,59.971939299999995,0.586922810881764,58.79809367823647,61.14578492176352,59.4467672323663,0.2898714972506724,-0.02266073482002617
2014-07-18,-0.705585,0.416931,-0.994225,1.365411,1.365426,0.837066,1.427186,1.789412,1.951006,1.398103,0.911403,1.0,58.731865,59.87772735,0.6278789529281015,58.6219694441438,61.1334852558562,59.378681305474274,0.20327759015169278,0.013561884796085957
2014-07-21,-0.320463,0.208302,-1.089569,0.080178,0.080176,0.233933,1.153656,1.557968,1.777637,1.445079,0.843317,0.0,58.778954,59.823830650000005,0.6743097492920371,58.475211151415934,61.172450148584076,59.321564419238626,0.13687319467355508,0.0008014411425465489
2014-07-22,-0.175412,0.63786,-0.366766,0.480691,0.480674,-0.516653,0.524649,0.992939,1.201205,1.149053,0.401716,0.0,59.061489,59.770938550000004,0.6911878399363519,58.3885628701273,61.153314229872706,59.29679533169209,0.10582555497218493,0.0047952219831280465
2014-07-23,-0.978379,0.315608,-1.341327,1.052464,1.052478,-1.41392,-0.558625,-0.115726,0.116129,0.227151,-0.548991,1.0,59.683098,59.752407500000004,0.6881690105475432,58.37606947890492,61.12874552109509,59.33358606200713,0.12988153463666663,0.010469777088747113
2014-07-24,0.537295,1.090395,-0.110619,-0.142023,-0.142034,-0.717438,-0.44721,-0.040026,0.210103,0.358018,-0.280976,0.0,59.598328,59.7235457,0.6815606762703872,58.36042434745923,61.086667052540776,59.35879957991121,0.14048640150044633,-0.001421344749368982
2014-07-25,0.572331,0.890297,-0.461051,-0.600501,-0.6005,0.054054,0.01272,0.388979,0.700181,0.871422,0.448682,-1.0,59.24044,59.65523055,0.6563851807870172,58.34246018842597,60.96800091157403,59.34752723896729,0.1186446031572359,-0.006023103200592316
2014-07-28,0.015937,0.430212,-0.605476,-0.222582,-0.222569,0.388776,0.031864,0.522622,0.840896,1.045793,0.797582,0.0,59.108589,59.6056305,0.658437434619632,58.28875563076073,60.92250536923926,59.3247712162085,0.08966197934810083,-0.002228172984007306
2014-07-29,0.383076,0.526733,-0.718278,-0.175265,-0.175276,0.54589,0.062251,0.595904,0.95371,1.14767,1.129243,0.0,59.004986,59.56772235,0.6706037512127084,58.22651484757458,60.908929852425416,59.294315481331495,0.05766837973298067,-0.0017542949922613176
2014-07-30,0.415465,0.607218,-0.543305,-0.111732,-0.111736,0.405883,0.118253,0.599771,0.960375,1.185167,1.311323,0.0,58.939056,59.5050917,0.6677510733348869,58.169589553330226,60.840593846669776,59.26048124501421,0.02668560647631324,-0.0011179879161194962
2014-07-31,0.890831,0.988008,-0.275351,-1.342282,-1.342271,1.273075,1.51603,1.78166,2.158238,2.422344,2.596567,-1.0,58.147934,59.40290494999999,0.7120609235887915,57.97878310282241,60.827026797177574,59.15452436453667,-0.0610022028441648,-0.01351361136484097
2014-08-01,-0.227716,0.748209,-0.699416,-0.421124,-0.421128,1.239429,1.802212,1.961615,2.340599,2.668723,2.874274,0.0,57.903057,59.25833554999999,0.7081755043095549,57.84198454138088,60.6746865586191,59.035336996485555,-0.14854264373235537,-0.00422016841604617
2014-08-04,-1.296624,0.192091,-2.032976,1.610281,1.610285,-0.457823,0.19849,0.178216,0.627498,0.955654,1.186089,1.0,58.835461,59.2046523,0.6968498744082389,57.81095255118352,60.59835204881648,59.01630118729645,-0.14105585931446996,0.015974570244629026
2014-08-05,0.516211,1.484107,-0.58074,-0.768367,-0.76838,0.100023,0.85821,0.78508,1.275214,1.642852,1.870491,-1.0,58.383381,59.12789389999999,0.6986225625175841,57.73064877496482,60.52513902503516,58.956023074220596,-0.16964603267009437,-0.007713473939176404
2014-08-06,-0.326266,0.831977,-0.96248,-1.113088,-1.113079,0.809138,1.655793,1.742254,2.227573,2.616642,2.883193,-1.0,57.733528,59.01958470000001,0.7393927679207277,57.54079916415856,60.49837023584146,58.83959497191387,-0.2419525783741321,-0.011193198139080814
2014-08-07,0.754097,1.065577,-0.52459,-0.489395,-0.489392,1.062292,1.781965,2.185791,2.527868,2.93049,3.231089,0.0,57.450985,58.90327,0.7948238407173643,57.31362231856527,60.492917681434726,58.707346403160166,-0.31838475431462143,-0.004905929787458608
2014-08-08,-1.786003,0.193078,-2.236531,1.885249,1.885252,-0.592123,-0.22205,0.272451,0.498786,0.871432,1.202903,1.0,58.534081,58.8260407,0.7482825575319029,57.3294755849362,60.3226058150638,58.69084493619253,-0.28823837644105055,0.018677016308285128
2014-08-11,0.434993,0.869987,-0.096668,-0.128724,-0.12872,-0.592886,-0.204615,0.36517,0.469623,0.902199,1.23972,0.0,58.458736,58.73327180000001,0.6643967644867141,57.40447827102658,60.06206532897344,58.668739323221814,-0.26734507894533976,-0.0012880279721198017
2014-08-12,-0.337565,0.225043,-0.578687,0.22555,0.225552,-0.745865,-0.499927,0.085723,0.135018,0.584464,0.945176,0.0,58.590591,58.6696991,0.6092461805807423,57.451206738838515,59.88819146116149,58.66129662577212,-0.23741067117581593,0.0022529827236666537
2014-08-13,-1.465259,0.015754,-1.670082,2.025401,2.02539,-2.032452,-2.33496,-1.890657,-1.810304,-1.420514,-1.081877,1.0,59.777279,58.695128249999996,0.6451209751002756,57.40488629979944,59.98537020020055,58.767580661412865,-0.11658768308087986,0.020051518373189487
2014-08-14,-0.188293,0.486429,-0.40797,0.409641,0.409629,-1.575382,-2.421139,-2.243829,-2.03749,-1.806358,-1.494836,0.0,60.022144,58.799199099999996,0.6837464556292133,57.43170618874157,60.16669201125842,58.887062884135446,-0.001063772942899277,0.004087921875833562
2014-08-15,0.426877,0.901186,-0.743085,-0.753177,-0.753162,-0.480634,-1.400793,-1.465088,-1.223719,-1.095339,-0.815814,-1.0,59.57008,58.841109849999995,0.7047682843458338,57.431573281308324,60.250646418691666,58.95211213326541,0.053396450361134384,-0.007560126202858379
2014-08-18,0.315105,0.488417,-0.393887,0.347828,0.347824,-0.384434,-1.585001,-1.732052,-1.482592,-1.474083,-1.166956,0.0,59.777279,58.8910261,0.734846387285235,57.42133332542953,60.360718874570466,59.0306994539068,0.11198490508240155,0.003472204327024815
2014-08-19,-0.109363,0.093732,-1.140451,0.850797,0.850797,-0.662399,-2.099672,-2.419415,-2.212156,-2.277146,-1.980421,1.0,60.285862,58.95224475,0.798074662471905,57.35609542505619,60.54839407494381,59.15023874401092,0.19718208294000306,0.008471976290079827
2014-08-20,-0.670306,0.311763,-1.060017,0.218716,0.218716,-0.667189,-1.869057,-2.469214,-2.364772,-2.414343,-2.165759,0.0,60.417717,58.988975700000005,0.8487768090313648,57.29142208193728,60.68652931806273,59.27095095886702,0.2722032669259917,0.002184774528482863
2014-08-21,0.592832,0.81124,-0.031195,-0.077949,-0.077957,-0.474247,-1.308879,-2.147674,-2.224637,-2.177211,-2.05667,0.0,60.370617,59.02759015,0.8943042076566198,57.23898173468676,60.81619856531324,59.375681058022536,0.3241212513375018,-0.0007798766789384938
2014-08-22,0.676202,1.273788,-0.11008,-0.795629,-0.795612,0.430878,-0.290933,-1.141695,-1.386231,-1.315308,-1.281655,-1.0,59.890301,59.060083199999994,0.9140329743824784,57.232017251235035,60.88814914876495,59.42469248106801,0.32278823910906596,-0.007987940919685119
2014-08-25,0.471474,0.707215,-0.141443,0.062905,0.062898,0.41804,-0.108442,-1.082301,-1.379854,-1.300647,-1.365186,0.0,59.927971,59.101052300000006,0.9344566776184992,57.23213894476301,60.969965655237004,59.47262376858534,0.321070372102632,0.0006287855869117694
2014-08-26,0.409318,0.645466,-0.047226,-0.172876,-0.172886,0.437664,0.270788,-0.750411,-1.140577,-1.078707,-1.196465,0.0,59.824364,59.14202120000001,0.9478884686387345,57.24624426272254,61.03779813727748,59.50612283824388,0.3078005974155076,-0.0017303550006110844
2014-08-27,0.347224,0.552396,-0.22096,-0.251888,-0.251879,0.441916,0.506626,-0.283039,-0.829389,-0.829547,-0.924349,0.0,59.673679,59.17875235,0.9538244356514656,57.27110347869707,61.086401221302935,59.52208056793494,0.2818758953396667,-0.0025219673240515655
2014-08-28,0.332704,0.570344,-0.095054,-0.378791,-0.378798,0.513316,0.79215,0.320035,-0.342988,-0.462602,-0.46313,0.0,59.447636,59.243737450000005,0.9236965413338875,57.39634436733223,61.091130532667776,59.514990609083995,0.24032033792595087,-0.0037951775686000107
2014-08-29,-0.673453,0.015666,-1.23727,1.156526,1.156544,-0.554433,-0.266257,-0.649446,-1.296796,-1.541119,-1.523369,1.0,60.135174,59.3553433,0.8873143526380205,57.58071459472396,61.129972005276045,59.57405569393313,0.2598702078961068,0.011499070409870102
2014-09-02,-0.06259,0.109529,-0.563294,0.093973,0.093947,-0.560152,-0.29102,-0.55076,-1.27678,-1.561555,-1.537564,0.0,60.191669,59.4231537,0.8972591748798519,57.628635350240295,61.217672049759706,59.63287600879665,0.27673229738388727,0.000939025785813955
2014-09-03,-0.482037,0.435388,-0.559784,0.625877,0.625887,-0.932977,-0.864557,-0.951634,-1.710457,-2.070587,-2.067063,1.0,60.568401,59.53240470000001,0.8970171330197293,57.73837043396055,61.32643896603947,59.72197362700649,0.31684238689841493,0.006239367403005985
2014-09-04,0.359313,0.827994,-0.578039,-0.466484,-0.466479,-0.265591,-0.421815,-0.431187,-1.038122,-1.522265,-1.574757,0.0,60.285862,59.66002139999999,0.8044015454600164,58.05121830907996,61.268824490920025,59.7756772815773,0.32211820760754506,-0.004675706222198577
2014-09-05,-0.310989,0.062199,-0.979627,0.468671,0.468665,-0.360749,-0.853672,-0.835529,-1.242412,-1.821793,-1.980503,0.0,60.568401,59.81589219999999,0.6388135645887767,58.53826507082244,61.093519329177546,59.85117477856994,0.3451195462530663,0.004675706222198688
2014-09-08,-0.571244,0.339665,-0.694761,0.715284,0.715284,-0.784312,-1.375631,-1.383349,-1.741539,-2.315878,-2.580404,1.0,61.001637,59.93927,0.6161032801053574,58.70706343978929,61.171476560210714,59.960742609182326,0.39376768853940547,0.007127378441942156
2014-09-09,-1.113828,0.564545,-1.342687,1.188828,1.188834,-1.452554,-2.242911,-2.331405,-2.631221,-3.27617,-3.583564,1.0,61.726845,60.10267544999999,0.635837550299668,58.831000349400654,61.37435055059933,60.12894283687925,0.48524629929322316,0.01181822554970779
2014-09-10,-0.303174,0.363799,-0.651811,0.656088,0.656071,-1.591623,-2.508706,-2.769935,-2.980889,-3.665289,-4.044249,1.0,62.131817,60.27973675,0.6838551856513285,58.91202637869734,61.647447121302655,60.31969275717646,0.5836931618576813,0.006539283350636256
2014-09-11,-0.21296,0.167326,-0.760572,-0.348648,-0.348654,-0.721008,-1.80558,-2.268513,-2.468796,-3.058085,-3.548299,0.0,61.915192,60.38663240000001,0.7636207679739534,58.8593908640521,61.91387393594792,60.4716450660168,0.6368914939311736,-0.0034926310912952335
2014-09-12,0.337478,0.920385,-0.398837,-0.836623,-0.836594,0.386545,-0.659626,-1.332529,-1.53399,-1.983137,-2.558174,-1.0,61.397213,60.455385850000006,0.7905060832671643,58.87437368346568,62.036398016534335,60.559794393062816,0.6299928140009285,-0.008401134444432518
2014-09-15,0.461898,0.708248,-0.307925,-0.368162,-0.36816,0.812924,-0.123182,-0.828338,-1.039268,-1.448505,-2.020021,0.0,61.171173,60.53544050000001,0.7770899610014067,58.98126057799719,62.089620422002824,60.61802092705683,0.599376779138197,-0.0036883941061062863
2014-09-16,-2.054691,0.030212,-2.659015,1.909169,1.909184,-0.879313,-1.649824,-2.428391,-2.687745,-3.045804,-3.668254,1.0,62.339043,60.66352869999999,0.8529684612122725,58.957591777575445,62.36946562242454,60.78192779114666,0.6617227714350449,0.018911873784717804
2014-09-17,0.424369,0.515303,-1.030615,-0.317267,-0.317284,-0.560781,-1.083672,-1.869265,-2.228717,-2.50865,-3.160059,0.0,62.141251,60.75629815,0.9088007240081343,58.93869670198373,62.57389959801627,60.911387144370785,0.6872500671498472,-0.003177887199686018
2014-09-18,-0.330679,0.315646,-0.736507,0.83358,0.833569,-1.145333,-1.522616,-2.36284,-2.858105,-3.130613,-3.698576,1.0,62.659241,60.868374349999996,0.9986250854971305,58.87112417900573,62.86562452099426,61.077849416335475,0.7407393151640136,0.008301136737592826
2014-09-19,1.132588,1.344005,0.0,-0.465952,-0.465939,-0.37149,-0.773189,-1.593688,-2.24329,-2.526739,-2.985009,0.0,62.367287,60.96820785,1.0449737182468228,58.878260413506354,63.058155286493644,61.20065299573209,0.7509155942045851,-0.0046702813448258945
2014-09-22,-0.045477,0.166707,-0.757805,-0.362425,-0.362427,0.303122,-0.228865,-1.020523,-1.706589,-2.006679,-2.438628,0.0,62.141251,61.080755350000004,1.043986277991733,58.992782794016534,63.168727905983474,61.29023375804332,0.7322996579063954,-0.0036308553927669423
2014-09-23,-0.920724,0.905122,-1.201624,-2.879662,-2.879665,2.618602,2.501558,1.931955,1.242971,0.936948,0.558671,-1.0,60.351791,61.101946350000006,1.0234548230178553,59.0550367039643,63.148855996035714,61.20085825727729,0.5666202815142967,-0.02921941173431735
2014-09-24,0.470441,0.956558,-1.097695,-0.483773,-0.483779,2.424344,2.65486,2.371024,1.754746,1.412579,1.12906,0.0,60.059822,61.113719249999995,1.0092407306786553,59.095237788642685,63.13220071135731,61.092188137536596,0.40706631674539295,-0.0048495251402002285
2014-09-25,1.625498,2.501992,-0.015933,-1.599498,-1.599497,2.884468,3.84702,3.901197,3.36016,2.971793,2.734662,-1.0,59.099167,61.08499364999999,1.0593188437364545,58.966355962527075,63.2036313374729,60.90237660062835,0.20078726951339831,-0.016124269289761253
2014-09-26,-0.663091,0.520995,-1.041996,0.940239,0.940242,1.016737,2.587627,2.831281,2.414744,1.964634,1.757182,1.0,59.654842,61.09535395,1.0433553866169645,59.00864317676607,63.182064723233935,60.78356378152089,0.08121180778448434,0.009358489203620748
2014-09-29,0.191876,0.767507,-0.063961,-1.263023,-1.263032,1.208832,3.514562,3.908973,3.620089,3.201797,3.021006,-1.0,58.901382,61.03366435,1.135519219029258,58.762625911941484,63.30470278805852,60.60430837375699,-0.07350323269012904,-0.012710764881957345
2014-09-30,1.694914,1.694914,-0.032286,-0.943396,-0.943385,1.485063,3.815978,4.512238,4.448744,4.076185,3.920361,-1.0,58.345715,60.94136665,1.2741232748164155,58.39312010036717,63.48961319963283,60.38920424292299,-0.23820778881479754,-0.009478634004829473
2014-10-01,-0.8324,0.480229,-1.392673,0.839387,1.338307,-0.170865,1.935079,2.793164,2.947431,2.654513,2.482597,1.0,59.12656,60.8692746,1.3356426956119445,58.19798920877611,63.54055999122389,60.268952410263665,-0.3022455716610324,0.013294311367136245
2014-10-02,-0.477705,0.55733,-1.528661,0.52825,0.528243,-0.581124,0.857652,1.975278,2.335229,2.099296,1.889192,0.0,59.438892,60.8269261,1.3681459411224748,58.09063421775505,63.56321798224495,60.1898990378576,-0.32405785655011243,0.005268528347697538
2014-10-03,0.784377,1.230395,-0.353731,3.535029,3.535047,-3.362943,-2.720396,-1.491036,-1.079905,-1.250724,-1.526316,1.0,61.540085,60.875510299999995,1.3757140711858218,58.12408215762835,63.62693844237164,60.31848817710926,-0.16983775090423592,0.034739991518676405
2014-10-06,0.5547,0.785827,-0.184904,-0.184551,-0.184568,-2.362093,-2.656876,-1.281173,-0.86241,-0.984038,-1.260867,0.0,61.426502,60.89675354999999,1.3810341911069002,58.134685167786195,63.65882193221379,60.42401330309885,-0.05613531199759336,-0.0018473804156756788
2014-10-07,0.703785,1.141694,-0.140759,-1.479203,-1.479208,-0.178283,-1.167906,0.000388,0.526174,0.524166,0.254112,-1.0,60.517876,60.836305100000004,1.3691962564239568,58.09791258715209,63.57469761284792,60.43295260756563,-0.03889547169183771,-0.014902578224541137
2014-10-08,-2.814547,0.030423,-2.860193,2.799506,2.7995,-1.904756,-3.513409,-2.715295,-2.204968,-2.107689,-2.348137,1.0,62.212074,60.840317950000006,1.373304434132761,58.09370908173449,63.586926818265525,60.60239274017843,0.11020447694306057,0.027610304194540632
2014-10-09,2.655136,3.063623,-0.015716,-3.164462,-3.164431,1.56793,-0.170445,0.196472,0.852065,1.088456,0.874493,-1.0,60.243416,60.75672915,1.3551953106899912,58.04633852862001,63.467119771379984,60.56820447920906,0.06872084152090707,-0.03215580827154615
2014-10-10,-0.733118,1.294651,-0.951491,0.722701,0.72268,0.555297,-0.717968,-0.707945,0.069258,0.370428,0.218356,1.0,60.678783,60.72080765,1.3468204512294988,58.027166747541,63.41444855245899,60.57873576690343,0.07016640531812612,0.007200809856376072
2014-10-13,1.332066,1.538214,-0.079294,-1.63781,-1.6378,1.646044,1.066437,0.670979,1.610979,1.953426,1.86192,-1.0,59.684986,60.6464983,1.3615826932640986,57.9233329134718,63.36966368652819,60.49361674148405,-0.008777901169153779,-0.016513600265389596
2014-10-14,-0.094469,1.19666,-0.755785,0.713601,0.713598,0.790429,0.643993,-0.069034,0.705686,1.123512,1.135706,1.0,60.110897,60.535091,1.3058203842498783,57.92345023150025,63.146731768499755,60.457167242295085,-0.03655301421566293,0.007110641599376768
2014-10-15,0.192769,1.25301,-3.887547,-1.983936,-1.983936,1.712452,2.64578,1.824501,2.470556,2.952181,3.089434,-1.0,58.918335,60.3739452,1.2960052242282256,57.78193475154355,62.96595564845645,60.31061179064793,-0.15303073510149545,-0.02003880704221086
2014-10-16,-0.501539,1.666395,-0.85747,-0.706826,-0.706821,1.84112,3.2163,2.481278,2.844677,3.451668,3.721631,-1.0,58.501888,60.16607755,1.2424679038860584,57.68114174222788,62.651013357772115,60.1383523820148,-0.2757651120336888,-0.007093305318035635
2014-10-17,0.967895,0.967895,-0.984031,0.291217,0.291213,0.861427,2.427805,2.072058,2.231162,2.965503,3.312731,0.0,58.672253,59.98132585,1.170567300205744,57.64019124958851,62.322460450411484,59.99872386944196,-0.35519153143032867,0.002907896206357168
2014-10-20,-2.600251,0.360276,-2.64724,2.984349,2.984341,-1.817036,-0.706448,-0.717936,-0.873518,-0.067805,0.286966,1.0,60.423233,59.89542494999999,1.061695621588669,57.772033706822654,62.01881619317733,60.03915331044749,-0.2736931246165213,0.02940675987124928
2014-10-21,-1.385043,0.569398,-1.53894,1.785719,1.785722,-3.087104,-2.288397,-2.117577,-2.519059,-1.875434,-1.484636,1.0,61.502224,59.9529466,1.1174244982436052,57.71809760351279,62.187795596487206,60.17849337611916,-0.12064873039354751,0.017699653461334598
2014-10-22,1.067111,1.422824,-0.046407,-0.492458,-0.492463,-1.862044,-1.970302,-1.40736,-1.943526,-1.451378,-1.047872,0.0,61.199348,60.00992289999999,1.1516871102816184,57.70654867943676,62.31329712056323,60.275717626012565,-0.023528287849693186,-0.004936800893487889
2014-10-23,-0.79257,0.411517,-0.838291,1.469219,1.469243,-2.124689,-3.091006,-2.549423,-3.121854,-2.91445,-2.470827,1.0,62.098515,60.15989030000001,1.2200995867320479,57.71969112653591,62.6000894734641,60.44931737591613,0.12455977725274181,0.014585539743274208
2014-10-24,-1.216944,0.060096,-1.367182,1.447945,1.447936,-2.148438,-4.10607,-3.78606,-4.239254,-4.260098,-3.778149,1.0,62.997662,60.3270313,1.3673518237377318,57.59232765252454,63.061734947475465,60.69201686392412,0.3108905316520705,0.01437553898175388
2014-10-27,0.241467,0.664043,-1.131905,-0.450715,-0.450715,-0.974951,-3.188958,-3.21361,-3.501744,-3.790117,-3.26051,0.0,62.713722,60.5176483,1.4227565709749532,57.67213515805009,63.363161441949906,60.88456021021705,0.4306827690686106,-0.004517339222805354
2014-10-28,-0.285674,0.030066,-0.526234,0.377302,0.377299,-0.887084,-3.101791,-3.319805,-3.498727,-3.986633,-3.591766,0.0,62.95034,60.74787955000001,1.4253541577052495,57.89717123458951,63.59858786541051,61.08130114257734,0.5385045303599867,0.0037658862187818875
2014-10-29,-0.805491,0.477327,-1.208231,0.796871,0.796865,-0.960612,-3.153336,-3.953853,-3.920791,-4.531841,-4.285079,1.0,63.451969,60.964150000000004,1.4929486814318145,57.97825263713637,63.950047362863636,61.30707903376045,0.6568594541026869,0.007937064400045312
2014-10-30,-0.889809,0.474566,-1.245742,0.581741,0.581741,-0.993617,-2.880018,-4.135641,-4.133171,-4.788058,-4.777989,1.0,63.821095,61.18326015,1.576547813423402,58.030164523153196,64.3363557768468,61.54650912578327,0.77154804160363,0.00580055234593452
2014-10-31,0.073349,0.366784,-0.396134,1.08261,1.082615,-1.584511,-3.014969,-4.766241,-4.929584,-5.506633,-5.687017,1.0,64.512032,61.3318575,1.7432023127358849,57.84545287452823,64.81826212547176,61.82893987570867,0.9077286837584566,0.010767970706728122
2014-11-03,-0.044019,0.35216,-0.83639,-0.014674,-0.014665,-1.015416,-2.368314,-4.25435,-4.677193,-5.145426,-5.551156,0.0,64.502571,61.485660949999996,1.8821556545689482,57.7213496408621,65.24997225913789,62.083571411355464,1.0033237089936335,-0.00014666556803596267
2014-11-04,0.26498,0.529959,-0.794937,-0.32282,-0.322823,-0.276759,-1.617844,-3.51048,-4.074787,-4.468135,-5.040865,0.0,64.294342,61.67448425,1.967454741152918,57.739574767694165,65.60939373230583,62.29412099122638,1.0501753474657107,-0.0032334498797020484
2014-11-05,0.0,0.451245,-0.611351,1.133515,1.133521,-0.91121,-2.132463,-3.96604,-4.933775,-5.176135,-5.850745,1.0,65.023132,61.81503715,2.1035811779404843,57.607874794119034,66.02219950588098,62.55402680158577,1.1330517554143071,0.011271449916807895
2014-11-06,0.174575,0.523713,-0.37823,0.058226,0.05821,-0.58771,-1.734061,-3.349812,-4.618846,-4.885649,-5.60007,0.0,65.060982,62.05591545,2.1882670323607445,57.67938138527851,66.43244951472148,62.79278443952998,1.188090516565893,0.0005819311813606512
2014-11-07,0.881056,1.11601,-0.455209,-0.931045,-0.931016,0.328914,-0.584452,-1.843386,-3.429534,-3.810887,-4.464676,-1.0,64.455254,62.244739,2.22579358438386,57.79315183123228,66.69632616876773,62.95111487386046,1.1693523776782087,-0.009353768069753512
2014-11-10,-0.858676,0.058217,-1.484496,0.895743,0.895697,-0.398755,-1.110441,-2.242251,-3.875687,-4.443,-4.998524,1.0,65.032578,62.51211860000001,2.223307853110957,58.065502893778095,66.95873430622193,63.14934945730232,1.1873998827926613,0.008917097715719982
2014-11-11,-0.405854,0.492831,-0.768226,0.407508,0.407533,-0.495725,-1.152341,-2.251533,-3.868676,-4.538049,-5.029233,0.0,65.297607,62.77145410000001,2.230964398586121,58.309525302827765,67.23338289717225,63.35394541374972,1.2091499579359777,0.0040670450259406195
2014-11-12,0.072997,0.583945,-0.364964,-0.710245,-0.71026,0.157672,-0.232105,-1.178576,-2.724805,-3.693419,-4.056437,-1.0,64.833824,63.06722855,2.0802838003199917,58.90666094936002,67.22779615063999,63.49488623148785,1.1754141939264855,-0.007127946877662795
2014-11-13,-0.807145,0.34593,-1.037753,1.284667,1.284694,-0.928232,-1.216497,-2.069769,-3.413096,-4.584615,-4.95725,1.0,65.66674,63.42547115,1.8577349442648896,59.71000126147022,67.14094103852977,63.70172944753662,1.2020314478344147,0.01276511433537783
2014-11-14,0.739669,0.783178,-0.21754,-0.619775,-0.619792,-0.063814,-0.485852,-1.227936,-2.306012,-3.708767,-4.174517,-1.0,65.259743,63.75484565000001,1.5247799246366405,60.70528580072673,66.80440549927329,63.85011169062837,1.1767200604650228,-0.00621720375688277
2014-11-17,-0.607031,0.650379,-0.664834,0.348086,0.348071,-0.271706,-0.680722,-1.288227,-2.25826,-3.688381,-4.300223,0.0,65.486893,64.00802865,1.3532112896861341,61.301606070627734,66.71445122937227,64.00599562485424,1.1615995141161903,0.003474662683284489
2014-11-18,-4.250037,0.372564,-5.022767,4.740568,4.740584,-3.825035,-4.54947,-5.207672,-6.165309,-7.552918,-8.239271,1.0,68.591354,64.36248515,1.5729198662677137,61.21664541746457,67.50832488253542,64.44269642248717,1.3841646414597903,0.04631647605641454
2014-11-19,0.710695,0.97547,-0.167228,-0.979714,-0.979721,-1.96488,-3.178649,-3.831285,-4.74219,-6.108133,-7.051276,-1.0,67.91935,64.69848525,1.579396800176529,61.53969164964695,67.85727885035307,64.7738062870122,1.4891579162565165,-0.00984551992849218
2014-11-20,-0.957274,0.013865,-1.63707,0.445931,0.445939,-1.65095,-3.145121,-3.828156,-4.71629,-5.955052,-7.074087,0.0,68.222229,65.00467095,1.6412017716943264,61.72226740661135,68.28707449338866,65.10222749777294,1.5786084316527393,0.004449478284604025
2014-11-21,0.455238,0.551802,-0.496622,0.568807,0.568787,-1.2305,-3.087307,-3.973861,-4.846165,-5.907553,-7.214308,1.0,68.610268,65.28530125,1.7558099002254877,61.77368144954903,68.79692105045098,65.43632659322314,1.6616555826708321,0.0056717526718500395
2014-11-24,-0.452491,0.027419,-0.850133,0.606983,0.607001,-0.800771,-3.09338,-4.116276,-4.962977,-5.976688,-7.323002,1.0,69.026733,65.60095179999999,1.8348538736517115,61.93124405269657,69.27065954730341,65.77827006053522,1.7410070476260842,0.006051661515089978
2014-11-25,0.0,0.467092,-0.192333,-0.191964,-0.191976,-0.522044,-2.384936,-3.486733,-4.348801,-5.366659,-6.719776,0.0,68.894218,65.8981457,1.8640711117175603,62.17000347656488,69.62628792343511,66.07502700715091,1.7727654654955671,-0.001921608570939209
2014-11-26,-0.898208,0.095264,-0.97986,0.947935,0.94793,-0.988018,-2.623834,-3.959344,-4.808779,-5.775163,-7.086268,1.0,69.547287,66.2029116,1.939821855425557,62.32326788914888,70.0825553108511,66.4057184350413,1.8295416337352322,0.009434653925190599
2014-11-28,0.08122,0.893456,-0.324903,0.530757,0.530777,-1.026141,-2.530132,-4.003438,-4.875463,-5.825375,-7.03263,0.0,69.916428,66.50767825,2.022957284234827,62.46176368153034,70.55359281846965,66.74007172694212,1.88262205462118,0.005293733385131444
2014-12-01,-0.622714,0.406112,-1.25897,0.0,0.0,-0.652506,-1.864096,-3.482705,-4.488974,-5.429544,-6.496553,0.0,69.916428,66.77789805,2.1017707246345028,62.574356600731,70.98143949926902,67.04258184818573,1.9027548965731853,0.0
2014-12-02,-0.457425,0.605404,-0.470872,0.622714,0.622713,-0.890629,-1.779907,-3.575951,-4.66434,-5.580523,-6.604783,1.0,70.351807,67.07035985,2.17420762709843,62.721944595803144,71.41877510419687,67.35774614835852,1.9315757625290502,0.006207826001178809
2014-12-03,-0.841792,0.267243,-0.935325,0.686121,0.686117,-1.018165,-2.132545,-3.711914,-4.852346,-5.778721,-6.802059,1.0,70.834503,67.39736789999999,2.225926307048549,62.94551528590289,71.84922051409708,67.68886584851485,1.9706496174798929,0.00683774341424713
2014-12-04,1.217195,1.420065,-0.635652,-1.202558,-1.202552,0.31106,-0.646478,-2.049417,-3.339877,-4.258593,-5.249306,-1.0,69.982681,67.64534534999999,2.223761653805961,63.19782204238806,72.0928686576119,67.90732443437058,1.910853878566968,-0.01209841534952014
2014-12-05,-1.545848,0.079953,-1.772391,1.487691,1.487708,-0.847563,-1.708443,-2.982431,-4.337041,-5.256415,-6.219368,1.0,71.023819,67.94348719999999,2.25848786149998,63.426511477000034,72.46046292299995,68.20413344062099,1.9252829961871356,0.014767502502419098
2014-12-08,0.026738,0.695276,-0.37438,-0.333156,-0.333174,-0.270087,-1.072337,-2.137544,-3.57,-4.585106,-5.539066,0.0,70.787186,68.26008379999999,2.1864266070850724,63.88723058582985,72.63293701417014,68.45013844627614,1.8957706069016638,-0.0033373040354222686
2014-12-09,-1.351716,0.080297,-1.47216,-0.093595,-0.093607,-0.072258,-0.740086,-1.552454,-3.077481,-4.143995,-5.073152,0.0,70.720924,68.54450109999999,2.1132394893216335,64.31802212135672,72.77098007864326,68.66640373710699,1.8457582835936535,-0.0009365117637844972
2014-12-10,1.379209,1.843505,-0.040975,-1.994109,-1.99408,1.52122,1.339596,0.519802,-0.815944,-1.904159,-2.835834,-1.0,69.310692,68.74515534999999,1.9746995278843418,64.79575629423131,72.69455440576867,68.72776452404918,1.673043417371204,-0.020142303845566808
2014-12-11,-0.135555,0.691341,-0.298216,0.737394,0.737383,0.73201,0.637119,-0.034342,-1.184765,-2.347297,-3.242963,1.0,69.821777,68.994553,1.7577788582297846,65.47899528354043,72.51011071645956,68.83195618842545,1.5594297937795858,0.007346772503814155
2014-12-12,0.275792,1.654722,-0.027574,-1.694456,-1.694453,1.773303,2.185604,1.729174,0.734965,-0.455603,-1.341243,-1.0,68.63868,69.14315,1.578083925380346,65.98698214923931,72.2993178507607,68.81354893238493,1.358266883059315,-0.017089728287578373
2014-12-15,1.986387,2.11141,-0.027777,-0.730832,-0.730843,1.744695,2.67677,2.431826,1.68774,0.493406,-0.437555,-1.0,68.137039,69.2870148,1.314576106151506,66.65786258769698,71.916167012303,68.74911941501493,1.1451648432293524,-0.007335267589109222
2014-12-16,-0.756929,2.354922,-0.784969,-0.902906,-0.902902,1.724146,3.193167,3.216528,2.764933,1.556494,0.618639,-1.0,67.521828,69.38876155,1.0588476148941277,67.27106632021174,71.50645677978825,68.63223451834683,0.916077583040888,-0.009070033255515319
2014-12-17,-1.265994,0.137607,-1.513689,1.864315,1.864326,-0.291738,1.005912,1.316447,0.897886,-0.099638,-1.005467,1.0,68.780655,69.3982266,1.0521694428204933,67.29388771435902,71.50256548564099,68.6463698023138,0.8265728796676939,0.018471604695022844
2014-12-18,-1.205941,0.067001,-1.648124,2.697123,2.697106,-2.67988,-1.554323,-1.24167,-1.559686,-2.394739,-3.340472,1.0,70.635742,69.53404619999999,1.0262240261223698,67.48159814775525,71.58649425224473,68.83583382114105,0.8950126262594296,0.0266137489397909
2014-12-19,0.053606,0.509243,-0.83088,-0.013391,-0.013383,-2.104002,-1.597433,-1.161445,-1.376314,-2.100786,-3.06487,0.0,70.626289,69.6542492,1.0050591505971362,67.64413089880573,71.66436750119426,69.00635336198476,0.9376798507827715,-0.00013383638826638066
2014-12-22,-1.217412,0.092628,-1.310041,1.273113,1.273105,-2.387187,-2.731238,-2.253975,-2.412328,-2.981074,-3.953947,1.0,71.525436,69.8000076,1.05579272035934,67.68842215928132,71.91159304071869,69.2462659941767,1.0321496038904314,0.012650694060819173
2014-12-23,2.412913,2.562027,-0.040666,-2.381902,-2.381893,0.653382,-0.486647,0.080431,0.025755,-0.365462,-1.381774,-1.0,69.821777,69.8397598,1.0399945002533282,67.75977079949334,71.91974880050665,69.30107656615986,0.9584975574204719,-0.02410718217516361
2014-12-24,-0.269985,0.499453,-0.890934,0.420232,0.42024,0.612837,-0.788351,-0.40678,-0.305764,-0.69548,-1.565441,0.0,70.115196,69.9008087,1.0171544180104504,67.8664998639791,71.9351175360209,69.37861175033511,0.9132765573950508,0.004193594069111065
2014-12-26,0.597748,0.828692,-0.13585,-0.634451,-0.634463,0.97813,-0.176607,0.199249,0.339629,0.039124,-0.705522,-1.0,69.670341,69.9069614,1.0152738740051739,67.87641365198965,71.93750914801035,69.40639548839843,0.8319522803677728,-0.006364843049546852
2014-12-29,-0.420688,0.325686,-0.678518,0.108682,0.108686,0.616092,-0.12621,-0.031669,0.218478,0.017906,-0.618363,0.0,69.746063,69.89844315,1.015904761710563,67.86663362657887,71.93025267342114,69.43874477521763,0.7647962424647261,0.0010862711312782183
2014-12-30,0.506366,0.766384,-0.5611,-0.841365,-0.42925,0.451185,0.492929,0.27061,0.6167,0.49726,0.011038,0.0,69.446678,69.87495565,1.0208851230609863,67.83318540387803,71.91672589612197,69.439500320435,0.679582922256202,-0.004301739581025449
2014-12-31,1.495848,2.146819,-0.124648,-1.190643,-1.190627,1.311274,1.863854,1.274716,1.702904,1.684506,1.368333,-1.0,68.619827,69.78835665,1.0513123437247232,67.68573196255055,71.89098133744945,69.36143619467929,0.5391161907850517,-0.011977718786697553
2015-01-02,0.347802,1.544242,-0.653858,-0.443213,-0.443222,1.235486,2.249285,1.628487,1.971329,2.103326,1.806169,0.0,68.315689,69.66241595,1.0700959588230625,67.52222403235388,71.80260786764612,69.26184122375746,0.39865841324173346,-0.0044420689239376065
2015-01-05,-0.111766,0.363222,-0.684557,-0.417355,-0.417376,1.177716,2.294894,1.878906,2.255242,2.442087,2.238313,0.0,68.030556,69.5648097,1.126869428154612,67.31107084369077,71.81854855630922,69.14457596435199,0.26132437769364003,-0.004182490183837987
2015-01-06,1.095197,1.755125,-0.491432,-0.502935,-0.502911,1.081147,2.377919,2.300265,2.525715,2.828221,2.728792,-1.0,67.688423,69.3980399,1.146223433731968,67.10559303253606,71.69048676746394,69.0058947296518,0.12345577003979713,-0.005041796324494521
2015-01-07,-1.753423,0.136984,-2.041093,2.499297,2.499274,-1.402728,-0.427605,-0.074708,-0.075604,0.290008,0.26091,1.0,69.380142,69.3276877,1.098667610466423,67.13035247906716,71.52502292093284,69.04153732682782,0.14898409429915205,0.024685527374856478
2015-01-08,-1.391306,0.040132,-1.391306,2.39726,2.397261,-3.028756,-2.586782,-2.083638,-2.392279,-2.018982,-1.991717,1.0,71.043365,69.34380975,1.1222998625389877,67.09921002492203,71.58840947507798,69.23218758141564,0.29996585154736977,0.023689777003435258
2015-01-09,0.309133,0.59139,-0.349466,-0.468225,-0.468201,-1.895177,-2.044324,-1.441066,-1.83413,-1.565077,-1.44505,0.0,70.710739,69.4138121,1.1630489616492776,67.08771417670144,71.73991002329856,69.3730020022332,0.38830372002905733,-0.004693008542292
2015-01-12,-0.013431,0.362558,-0.496848,0.094085,0.094054,-1.211212,-1.979976,-1.520348,-1.858874,-1.612666,-1.479731,0.0,70.777245,69.4615855,1.1997333654409938,67.06211876911802,71.86105223088198,69.50673943059195,0.4583945090670767,0.0009400940350952223
2015-01-13,2.871268,3.571916,-0.343454,-2.255942,-2.255923,1.500199,0.200574,0.613233,0.445378,0.551527,0.75865,-1.0,69.180565,69.48867974999999,1.1862137889037827,67.11625217219242,71.86110732780756,69.475675199107,0.38071459154339493,-0.02281758015909476
2015-01-14,0.027872,0.961407,-0.501593,-1.401297,-1.401314,2.599987,1.443518,1.719252,1.878368,1.829531,2.107327,-1.0,68.211128,69.4923842,1.1818783267279376,67.12862754654412,71.85614085345588,69.35524213252539,0.23818162377932595,-0.01411225188146092
2015-01-15,0.542419,0.709321,-0.584143,0.181141,0.181152,1.621695,1.218357,1.39024,1.753624,1.505719,1.824298,0.0,68.334694,69.5330275,1.1230599297341561,67.2869076405317,71.77914735946831,69.25804707228488,0.13365329149944216,0.001809883772646112
2015-01-16,-1.470588,0.123689,-2.075319,1.196106,1.196113,-0.030248,0.142927,0.09898,0.577775,0.296771,0.539661,1.0,69.152054,69.55159745,1.112990000375973,67.32561744924806,71.77757745075195,69.24795249397204,0.11543726716053015,0.011890158745473042
2015-01-20,1.024938,1.454298,-0.817169,-0.769661,-0.769647,0.116332,1.005527,0.773303,1.210983,1.004625,1.253261,-1.0,68.619827,69.45080170000001,1.1008565846562215,67.24908853068757,71.65251486931245,69.18813101835565,0.05739307410684091,-0.007726244916388229
2015-01-21,-1.615112,0.246373,-2.162599,1.191137,1.191109,-0.988218,0.068448,-0.442545,-0.065986,-0.138291,-0.014747,1.0,69.437164,69.39134545,1.065574563588184,67.26019632282363,71.52249457717637,69.21184844517892,0.07646347471597892,0.011840712207992942
2015-01-22,-3.325387,0.013242,-3.325387,3.312353,3.312352,-3.179643,-2.811335,-3.42165,-3.255265,-3.13927,-3.176285,1.0,71.737167,69.401932,1.0886937762093838,67.22454444758124,71.57931955241877,69.4523549742095,0.27400931593720657,0.03258675299577432
2015-01-23,-1.429498,0.571802,-1.923322,1.947528,1.947551,-3.716705,-4.382074,-4.855108,-4.876957,-4.682678,-4.915956,1.0,73.134285,69.5675574,1.37123421660283,66.82508896679434,72.31002583320566,69.80301497666574,0.5371100939203615,0.01928829035040619
2015-01-26,1.693355,1.772727,-0.806976,-1.767383,-1.767395,-1.235608,-2.504296,-2.816064,-3.045347,-2.797301,-3.087775,-1.0,71.841713,69.65388325,1.4590590852020517,66.73576507959591,72.5720014204041,69.99717669317377,0.6340111126374239,-0.017832003485980102
2015-01-27,-0.318901,0.465053,-0.850384,-0.436558,-0.436556,0.010623,-1.971835,-2.06396,-2.49037,-2.321195,-2.583327,0.0,71.528084,69.7467704,1.5181015153831832,66.71056736923363,72.78297343076638,70.14297738906198,0.6776866787247258,-0.0043751125668422645
2015-01-28,1.961577,2.860643,0.0,-2.458142,-2.458153,2.626349,0.58303,0.603009,-0.031326,0.091307,-0.074287,-1.0,69.769814,69.74795795,1.5181102225906737,66.71173750481866,72.78417839518134,70.10743801867513,0.563921647269197,-0.024888703752269665
2015-01-29,0.150666,0.506773,-1.232709,-0.544888,-0.544875,2.51198,1.303926,1.155087,0.512253,0.516549,0.533339,-1.0,69.389656,69.74510685,1.5187592306746456,66.7075883886507,72.78262531134929,70.03907782642035,0.43803704829670664,-0.00546364463284172
2015-01-30,2.016798,2.128846,-0.266111,-2.205177,-2.205202,3.268923,3.518226,3.123268,2.722708,2.667456,2.816879,-1.0,67.859474,69.7070892,1.5574339909030175,66.59222121819397,72.82195718180603,69.83149650961842,0.212351837725123,-0.022298799339035343
2015-02-02,-2.446398,0.027484,-2.542603,1.904762,1.904789,0.560739,1.583279,1.045437,0.863103,0.692699,0.912943,1.0,69.152054,69.74890745,1.5290779182308014,66.6907516135384,72.80706328646161,69.76678769917856,0.13622477146277845,0.018868753139183982
2015-02-03,-1.751568,0.026738,-2.20618,2.789993,2.789991,-2.29443,-0.827657,-1.668677,-1.659986,-1.960961,-1.805201,1.0,71.08139,69.90144915,1.5005420942544276,66.90036496149115,72.90253333850886,69.89198791830441,0.22893578483029842,0.027517797313098266
2015-02-04,0.701477,1.295021,-0.202339,-0.882476,-0.882471,-1.230274,0.199645,-0.672696,-0.58816,-1.047892,-0.939091,-1.0,70.454117,70.03973385,1.4106066034216436,67.21852064315672,72.86094705684329,69.94552402132304,0.24892479205749396,-0.008863883279583741
2015-02-05,-0.252261,0.185872,-0.809879,1.605292,1.605284,-2.177377,-1.404673,-1.927774,-2.00478,-2.491768,-2.501398,1.0,71.585106,70.14998205,1.4421553526810031,67.265671344638,73.03429275536202,70.10167468595894,0.3519702901180466,0.01592536032217353
2015-02-06,1.141398,1.597963,-0.228277,-1.128517,-1.128532,-0.236323,-0.612315,-0.578296,-0.905049,-1.256869,-1.343537,-1.0,70.777245,70.13667605,1.4346870901172852,67.26730186976543,73.00605023023458,70.1660147158676,0.36424813287069924,-0.011349484833251544
2015-02-09,0.869328,1.27682,-0.203752,-1.141397,-1.141371,1.149131,0.267576,0.647454,0.186075,-0.022291,-0.211445,-1.0,69.969414,70.0996098,1.4286387350323346,67.24233232993532,72.95688727006467,70.14729083816593,0.3052741904931935,-0.011479347030214873
2015-02-10,-1.215445,0.253767,-1.509289,1.697908,1.697912,-0.518245,-1.458544,-0.795174,-1.459881,-1.515711,-1.807817,1.0,71.157433,70.1186192,1.440609106956481,67.23740098608704,72.99983741391296,70.2434948535787,0.3503613730693047,0.016836584805220475
2015-02-11,0.68558,1.061972,-0.470491,-0.641117,-0.641125,0.193575,-0.690955,-0.03585,-0.716498,-0.709777,-1.129187,-1.0,70.701225,70.19465220000001,1.4285730988453826,67.33750600230924,73.05179839769077,70.28708820085691,0.3453007055939423,-0.006431889024996242
2015-02-12,-0.160152,0.146805,-0.840781,0.725905,0.725914,-0.632597,-1.150418,-0.805207,-1.221152,-1.322314,-1.758987,1.0,71.214455,70.34481854999999,1.3655581415594271,67.61370226688113,73.07593483311884,70.37540884839436,0.37834216890421146,0.007232917990054347
2015-02-13,-1.062986,0.026571,-2.032951,0.440414,0.440401,-0.858351,-1.070952,-1.38985,-1.431041,-1.727879,-2.054215,0.0,71.528084,70.50448804999999,1.3034339495439677,67.89762015091206,73.11135594908792,70.48518743426156,0.4249366011968192,0.004394338322462409
2015-02-17,-1.959778,0.294611,-2.228766,3.73372,3.733714,-3.286782,-3.951573,-4.727374,-4.638779,-5.076977,-5.31531,1.0,74.198738,70.75682225,1.5013119704433873,67.75419830911322,73.75944619088678,70.83885891671284,0.6696432521246862,0.03665698614483137
2015-02-18,-0.547771,0.127386,-0.675158,0.550788,0.550786,-2.891711,-4.005086,-4.974089,-4.759865,-5.391585,-5.54012,1.0,74.607414,71.05620160000001,1.6430485664387695,67.77010446712247,74.34229873287755,71.19776892464495,0.8863346595225892,0.00549274370708833
2015-02-19,0.588761,0.588761,-0.358376,-0.471341,-0.471339,-1.474458,-3.038515,-4.121327,-3.984376,-4.670156,-4.797978,0.0,74.25576,71.2971314,1.7433710701440643,67.81038925971187,74.78387354028813,71.48900616991685,1.0179542788853553,-0.004724535217989349
2015-02-20,-1.053436,0.012695,-1.700728,0.844751,0.844737,-1.319954,-3.410314,-4.435403,-4.57861,-5.112307,-5.350494,1.0,74.883026,71.45442435,1.9183010354112564,67.61782227917749,75.2910264208225,71.81224615373428,1.1595127581139053,0.008411892246066154
2015-02-23,-0.731864,0.252362,-0.731864,0.583829,0.583837,-0.885804,-3.367813,-4.329748,-4.987372,-5.292104,-5.710611,1.0,75.320221,71.56372115,2.0749284643682526,67.4138642212635,75.71357807873652,72.14633899623577,1.2920825323458018,0.00582139525467659
2015-02-24,0.1139,0.240448,-0.366988,-0.290225,-0.290214,-0.356877,-2.403187,-3.523155,-4.493796,-4.699567,-5.241286,0.0,75.101631,71.72671705,2.220827345624421,67.28506235875116,76.16837174124885,72.42779537754666,1.3637857738967512,-0.002906361688300456
2015-02-25,0.495994,0.979276,-0.241632,-0.493546,-0.493543,0.170411,-1.440928,-2.719064,-3.805799,-3.899784,-4.594938,0.0,74.730972,71.88686145,2.3190580667409737,67.24874531651805,76.52497758348194,72.64714553206603,1.3748535697113624,-0.004947651561804236
2015-02-26,-0.088821,0.228397,-0.545617,0.228922,0.22891,0.114201,-1.105184,-2.545353,-3.682899,-3.827424,-4.558211,0.0,74.902039,72.1434727,2.3561229873778142,67.43122672524437,76.85571867475564,72.86189729091689,1.3815034431306543,0.0022864884344085657
2015-02-27,1.2115,1.507934,-0.038662,-1.548029,-1.548023,1.379044,0.792628,-0.81797,-1.873303,-2.206464,-2.807486,-1.0,73.742538,72.3611168,2.288427631096149,67.78426153780771,76.9379720621923,72.94576783463908,1.2784740226685045,-0.015601302676682615
2015-03-02,-1.573013,0.114165,-1.573013,1.598152,1.598145,-0.322212,-0.339974,-2.009383,-2.945574,-3.649368,-4.043295,1.0,74.921051,72.71419565,2.0938041575803483,68.52658733483929,76.9018039651607,73.13389004086393,1.277195895267468,0.015855095334437276
2015-03-03,0.986805,1.217486,-0.845823,-1.014846,-1.014852,0.44599,0.67667,-0.627951,-1.612828,-2.536447,-2.834366,-1.0,74.160713,72.9646286,1.9391469531999317,69.08633469360014,76.84292250639986,73.2316827036388,1.2009858308334032,-0.010200370215602883
2015-03-04,-0.805735,0.358101,-1.457986,0.205053,0.205053,0.127895,0.431004,-0.548231,-1.596743,-2.585999,-2.77784,0.0,74.312782,73.1261982,1.908352313115684,69.30949357376863,76.94290282623138,73.33464454138748,1.1397215030764158,0.0020484336705952747
2015-03-05,-0.15287,0.585986,-0.585986,0.396468,0.396476,-0.3465,0.081526,-0.591932,-1.707003,-2.711334,-2.930781,0.0,74.607414,73.33386304999999,1.8264986777520784,69.68086569449584,76.98686040550415,73.45586068030296,1.1022375140579612,0.003956916420196177
2015-03-06,1.987444,2.405854,-0.06538,-2.573245,-2.573223,1.995269,2.42283,2.168733,0.964936,0.039727,-0.323417,-1.0,72.687599,73.3889877,1.7871556707504899,69.81467635849903,76.96329904150097,73.38269290122649,0.9071609697949725,-0.026069093376733857
2015-03-09,-0.429131,0.286087,-0.923277,0.549162,0.549147,0.936275,1.557859,1.752916,0.571516,-0.220551,-0.869966,0.0,73.086761,73.5044635,1.680977633432307,70.14250823313539,76.86641876686461,73.3545089106335,0.7758271875969598,0.0054764500097534575
2015-03-10,0.843547,1.041256,-0.039551,-1.3394,-1.339394,1.737174,2.521404,2.940979,2.085132,1.297997,0.488103,-1.0,72.107841,73.61138485000001,1.5028633410616645,70.60565816787668,76.61711153212333,73.2357786334303,0.5859985298908583,-0.013484452170984864
2015-03-11,-0.06575,1.249174,-0.276143,0.237248,0.237238,0.933601,1.93951,2.482572,1.921101,1.124521,0.284898,0.0,72.278908,73.6674586,1.4254102970007545,70.8166380059985,76.51827919400151,73.14464809691313,0.4442406980141129,0.0023695675846676207
2015-03-12,-1.133407,0.091193,-1.25065,0.933595,0.933602,-0.453359,0.72954,1.415658,1.132742,0.326204,-0.497228,1.0,72.953705,73.78008259999999,1.2578451688114505,71.26439226237709,76.29577293762289,73.12646304006425,0.38194425767747475,0.009292704193987493
2015-03-13,0.235388,0.274616,-0.77155,-0.377802,-0.377822,-0.078446,0.965098,1.598024,1.616985,0.76685,0.030962,0.0,72.67807,73.85326335,1.137545678680516,71.57817199263897,76.12835470736104,73.08375894101052,0.306795886955868,-0.003785373475428382
2015-03-16,-1.004247,0.257506,-1.029992,1.569239,1.569253,-1.423969,-0.744171,-0.10729,0.202137,-0.625206,-1.245437,1.0,73.818573,73.96778780000001,0.9978561405747083,71.97207551885059,75.96350008114943,73.15374123234285,0.33540300520010646,0.015570678195557967
2015-03-17,0.912405,1.016683,-0.404063,-1.22312,-1.223124,0.01825,0.314134,0.929791,1.354928,0.766948,0.149465,-1.0,72.91568,73.9036349,1.0231504906734974,71.85733391865301,75.94993588134699,73.1310687340245,0.2819680806883298,-0.012306661560858164
2015-03-18,-1.533311,0.760206,-1.945629,1.160063,1.160088,-0.72673,-0.910982,-0.315273,0.135269,-0.247413,-0.877914,1.0,73.761566,73.8613425,1.009924624950275,71.84149325009946,75.88119174990055,73.19111609268883,0.3043678853507572,0.011534104992994346
2015-03-19,0.785466,0.785466,-0.502198,0.064429,0.064398,-0.558842,-1.082916,-0.478147,0.040565,-0.143184,-0.790191,0.0,73.809067,73.83900785,1.0056733289147664,71.82766119217047,75.85035450782954,73.2499685600518,0.3222382635295702,0.0006437730959728056
2015-03-20,0.46142,0.551141,-0.410151,0.46355,0.463568,-0.620354,-1.341964,-0.900626,-0.470396,-0.445531,-1.132618,0.0,74.151222,73.80241765,0.9786382851087044,71.8451410797826,75.7596942202174,73.33580222099926,0.3598614571052252,0.004624965417576008
2015-03-23,-0.851656,0.254233,-0.940636,0.833121,0.833108,-1.187228,-1.932112,-1.732969,-1.329597,-1.094693,-1.771527,1.0,74.768982,73.7748557,0.9406674948139977,71.893520710372,75.656190689628,73.47229553328505,0.4345173329026295,0.008296571276838336
2015-03-24,0.038108,0.660565,-0.050814,0.06356,0.06356,-0.741864,-1.632363,-1.736952,-1.411327,-1.124489,-1.617966,0.0,74.816505,73.7605994,0.9214658546919402,71.91766769061613,75.60353110938388,73.600315482496,0.49184764775354495,0.0006353958870205185
2015-03-25,1.597936,2.448456,-0.064427,-1.422768,-1.422772,0.688151,-0.012876,-0.369402,-0.054757,0.256196,-0.080745,-1.0,73.752037,73.71165264999999,0.8927609968092037,71.92613065638159,75.4971746436184,73.61476515082971,0.44624463348854704,-0.014329900542416152
2015-03-26,0.430754,1.122569,-0.13053,-1.275769,-0.886195,1.393996,0.900929,0.383794,0.715505,1.089276,0.921967,-1.0,73.09845,73.6214732,0.856546705480056,71.90837978903988,75.33456661096011,73.56559227932212,0.3532923729277968,-0.008901452476918698
2015-03-27,-1.085547,0.284312,-1.137241,1.005085,1.005076,0.298889,0.053333,-0.511664,-0.280553,0.026484,0.035943,1.0,73.833145,73.62600355,0.8574598563075331,71.91108383738492,75.34092326261506,73.59107349081525,0.3350485519992361,0.010000587323200541
2015-03-30,-0.918134,0.038254,-0.918134,1.344018,1.344031,-1.016179,-1.139012,-1.67617,-1.609425,-1.326521,-1.143846,1.0,74.825485,73.62122525,0.8500978862065657,71.92102947758687,75.32142102241312,73.70863649168999,0.3960977686278824,0.01335078548484164
2015-03-31,0.641108,1.089881,-0.153859,-0.54833,-0.548324,-0.57829,-0.392438,-0.927355,-1.049852,-0.819385,-0.58911,-1.0,74.415199,73.63394955,0.860439637737402,71.9130702745252,75.3548288254748,73.77592815914808,0.40668504925001514,-0.00549832689902377
2015-04-01,3.257163,3.401634,-0.22327,-2.372098,-2.372103,1.534013,1.874762,1.513904,1.23994,1.475869,1.736505,-1.0,72.649994,73.55081014999999,0.8716554988900289,71.80749915221993,75.29412114778005,73.66869633446731,0.2695312657003939,-0.024006901181038303
2015-04-02,-1.118773,0.325224,-1.352935,0.958765,0.958752,0.637444,0.844249,0.585585,0.192564,0.427376,0.729046,1.0,73.346527,73.4877658,0.836084576883912,71.81559664623218,75.15993495376783,73.63801354070851,0.21456690234155928,0.009541847709558977
2015-04-06,-1.357294,0.245608,-1.409002,0.637437,0.637456,-0.005178,0.159809,0.051059,-0.365769,-0.204873,0.042737,1.0,73.814079,73.54408980000001,0.8170703928803684,71.90994901423927,75.17823058576074,73.65478167968865,0.20635604327306112,0.006354330631320201
2015-04-07,0.505312,0.764443,-0.038868,-0.23268,-0.232704,-0.093274,0.240435,0.268467,-0.095657,-0.041561,0.200135,0.0,73.642311,73.5718673,0.810118330999501,71.95163063800099,75.192103961999,73.65359399590878,0.18386910761228137,-0.002329747496089237
2015-04-08,1.269802,1.387614,-0.117811,-1.023583,-1.023595,0.521032,1.01259,1.30294,0.991087,0.922374,1.135175,-1.0,72.888512,73.61090085,0.7526329780262748,72.10563489394744,75.11616680605255,73.58072904391747,0.10402364967166022,-0.010288697410534927
2015-04-09,-1.024246,0.090756,-1.361332,0.968711,0.96874,-0.186704,0.022039,0.31587,0.111522,-0.084955,0.113369,1.0,73.594612,73.67668605,0.684496669325784,72.30769271134844,75.04567938865156,73.58205123021105,0.09660827778459691,0.009640775670568981
2015-04-10,-1.065061,0.038495,-1.142049,1.037214,1.037197,-0.939299,-0.835356,-0.664713,-0.821749,-1.124053,-0.938735,1.0,74.357933,73.74689745,0.6784262404336516,72.3900449691327,75.10374993086731,73.6559447320957,0.1505892681547465,0.01031854873073341
2015-04-13,-0.614759,0.74283,-0.909322,0.192483,0.192484,-0.945187,-0.936213,-0.824245,-0.889938,-1.216642,-1.095108,0.0,74.50106,73.83804695,0.6490959509564859,72.53985504808703,75.13623885191298,73.73643190046755,0.20258348832331308,0.001922988208116879
2015-04-14,0.141226,0.218255,-0.577734,-0.243344,-0.243328,-0.52126,-0.76262,-0.622629,-0.614467,-0.909325,-0.880826,0.0,74.319778,73.8631072,0.6579197985284366,72.54726760294312,75.17894679705688,73.7919886718516,0.22654981479928438,-0.0024362460539766482
2015-04-15,0.115513,0.487738,-0.243875,0.025684,0.025665,-0.156587,-0.798353,-0.690963,-0.544246,-0.814704,-0.89827,0.0,74.338852,73.9342658,0.6262568269600101,72.68175214607999,75.18677945392002,73.84407089358002,0.24426665959043703,0.0002566147704262847
2015-04-16,0.986759,1.246437,-0.090885,-1.142353,-1.142354,0.96859,0.46223,0.432804,0.586519,0.397335,0.209569,-1.0,73.489639,73.92066945,0.6331178159527203,72.65443381809456,75.18690508190545,73.81031547514382,0.18762022562803793,-0.011489291892905408
2015-04-17,-0.065363,1.058969,-0.32684,-0.688132,-0.688134,1.291682,1.108653,1.118244,1.226956,1.094647,0.829775,-1.0,72.983932,73.8794127,0.6667637774565057,72.545885145087,75.21294025491301,73.73161228703489,0.10075969502358362,-0.006905122964078737
2015-04-20,-0.388907,0.337053,-0.492607,0.849786,0.849788,0.194456,0.228161,0.245452,0.336826,0.293122,0.021663,1.0,73.604141,73.85205865,0.6662477054709025,72.5195632390582,75.1845540609418,73.71947216446013,0.08103367594574706,0.008461980407371766
2015-04-21,0.53191,0.583805,-0.207582,-0.077777,-0.077771,0.062266,0.293198,0.207577,0.331838,0.356407,0.120366,0.0,73.546898,73.79095445,0.6329352766128999,72.5250838967742,75.0568250032258,73.70303652974964,0.06008896383694662,-0.0007780169719016324
2015-04-22,-0.781951,0.141009,-1.217798,1.206539,1.206532,-1.104988,-0.694779,-0.985338,-0.889943,-0.758384,-0.969035,1.0,74.434265,73.77184245,0.6055151519463606,72.56081214610727,74.98287275389272,73.77267733644015,0.11378162570228767,0.01199311612607026
2015-04-23,-0.942673,0.598727,-1.210187,0.628122,0.628141,-1.345236,-1.14014,-1.402983,-1.431855,-1.316976,-1.470479,1.0,74.901817,73.82933145000001,0.6560116298260639,72.51730819034789,75.14135470965213,73.88021444725538,0.19184946476255504,0.0062617623477252615
2015-04-24,1.120992,1.120992,-0.038654,-1.133757,-1.133767,0.074731,-0.047677,-0.208738,-0.237083,-0.172156,-0.291109,-1.0,74.052605,73.8770392,0.634400533734437,72.60823813253113,75.14584026746887,73.89663259513583,0.18308400004040948,-0.011402430212747765
2015-04-27,2.427502,2.545602,-0.367405,-1.803894,-1.803895,1.669075,1.543105,1.523859,1.518833,1.582809,1.54235,-1.0,72.716774,73.82122065,0.685519055357383,72.45018253928524,75.19225876071476,73.7842651098848,0.06756802625477576,-0.01820363207918696
2015-04-28,-1.450592,0.326712,-2.744379,0.406768,0.406773,1.110822,0.952689,1.05506,0.983404,1.075046,1.094179,0.0,73.012566,73.7305747,0.6652990156060414,72.39997666878793,75.06117273121208,73.71076995656244,-0.00011000478815503811,0.004059476371811474
2015-04-29,0.607742,1.109786,-0.911616,-1.084677,-1.084672,1.606546,1.766402,2.101543,1.938818,2.039626,2.170664,-1.0,72.220619,73.62084569999999,0.7247605607572034,72.17132457848558,75.0703668215144,73.56885081784222,-0.11630810882704168,-0.010905976475286053
2015-04-30,1.087985,1.584956,-0.443242,-1.638268,-1.638266,2.210877,3.116179,3.562115,3.523164,3.586295,3.744544,-1.0,71.037453,73.54021865,0.9055858799502209,71.72904689009955,75.35139040990045,73.32776531138106,-0.30040467342927,-0.016518341844897
2015-05-01,-2.103169,0.105823,-2.103169,1.544662,1.544664,0.124334,1.429887,1.781296,1.864409,1.957135,2.089046,1.0,72.134743,73.47962944999999,0.9582345130408321,71.56316042391833,75.39609847608165,73.21414413886858,-0.3536833531212977,0.015328555626489083
2015-05-04,0.13175,0.434784,-0.223978,0.396831,0.396823,-0.353096,0.86561,1.187521,1.365605,1.476149,1.605897,0.0,72.42099,73.409975,0.9829568816686223,71.44406123666276,75.37588876333724,73.13860564945251,-0.36856081039428545,0.0039603738737655795
2015-05-05,1.321583,1.655317,-0.226947,-1.304345,-1.304333,0.533964,1.908941,2.25958,2.55371,2.629803,2.795139,-1.0,71.476379,73.3016784,1.0713525832738375,71.15897323345233,75.44438356654767,72.98029834950466,-0.45137039873758056,-0.013129143019382736
2015-05-06,0.995692,1.251346,-0.79386,-0.787617,-0.787635,0.963412,2.221483,2.749375,3.22861,3.247044,3.42775,-1.0,70.913406,73.20292309999999,1.1953025865095914,70.81231792698081,75.59352827301917,72.78345145907565,-0.556015410701832,-0.007907532601610003
2015-05-07,-0.603212,0.281501,-0.683649,0.376747,0.376772,0.624655,1.314999,2.147435,2.671563,2.776924,2.919106,0.0,71.180588,73.08222190000001,1.273025006197809,70.53617188760438,75.62827191239563,72.63079779630654,-0.6103522216629926,0.0037606419154273024
2015-05-08,-1.259676,0.236189,-1.259676,2.158178,2.158153,-1.34102,-1.009045,-0.034984,0.389717,0.571058,0.727382,1.0,72.716774,73.00016395,1.2389023978268392,70.52235915434632,75.47796874565368,72.63898600618211,-0.5234234641919642,0.021351946153682105
2015-05-11,-0.013148,0.552493,-0.118386,-0.249314,-0.249319,-1.062862,-0.786619,0.116651,0.505143,0.751919,0.919509,0.0,72.535477,72.90188479999999,1.1905941254061458,70.5206965491877,75.28307305081228,72.62912800559334,-0.4638143868093323,-0.002496306844108506
2015-05-12,0.279265,0.638302,-0.186169,-1.078664,-1.078647,0.093082,0.119682,1.041666,1.422203,1.745208,1.877213,-1.0,71.753075,72.77354964999999,1.167830144305873,70.43788936138824,75.10920993861174,72.54569438601303,-0.47424031892481366,-0.010845069240654946
2015-05-13,0.494259,0.908362,-0.387391,-0.452122,-0.45213,0.691958,0.463534,1.220057,1.679133,2.125566,2.200551,0.0,71.428658,72.62803995,1.143582052851621,70.34087584429676,74.91520405570324,72.4393099682975,-0.5028837549819798,-0.004531549498102493
2015-05-14,-1.193291,0.393386,-1.442431,1.870159,1.87016,-0.721222,-1.143456,-0.83399,-0.237349,0.205084,0.329571,1.0,72.764488,72.5917824,1.126190394046977,70.33940161190604,74.84416318809396,72.47027930465012,-0.4130323871637245,0.01852887262449678
2015-05-15,-0.130853,0.0,-0.56268,0.209803,0.209796,-0.87411,-1.243119,-1.145413,-0.450788,-0.083739,0.099895,0.0,72.917145,72.58844305,1.1250648579376767,70.33831333412463,74.83857276587536,72.5128379423025,-0.32575132819313524,0.0020957625574565797
2015-05-18,-1.110107,0.37434,-1.148831,1.37399,1.374003,-1.843301,-2.378991,-2.376839,-1.778759,-1.46948,-1.252107,1.0,73.919029,72.60418745,1.1421011725586308,70.31998510488273,74.88838979511726,72.64676090017845,-0.17373409591482414,0.013646494876544587
2015-05-19,-0.752172,0.331457,-0.930651,1.252099,1.252096,-2.231009,-3.13616,-3.420876,-2.906684,-2.659874,-2.419691,1.0,74.844566,72.66907085,1.2318130077065035,70.20544483458698,75.13269686541301,72.85607567159002,0.021179611379182006,0.01244321827520021
2015-05-20,-0.444218,0.368068,-0.53306,0.4462,0.446197,-1.667724,-2.999112,-3.587595,-3.288488,-3.047597,-2.75162,0.0,75.17852,72.7062836,1.297439407511951,70.1114047849761,75.30116241502391,73.07726084572431,0.2002886229470846,0.00445204215569087
2015-05-21,0.344339,0.369842,-0.153046,-0.482291,-0.482291,-0.642779,-2.043112,-2.783661,-2.825536,-2.506828,-2.225912,0.0,74.815941,72.7019898,1.289911257813063,70.12216728437389,75.28181231562613,73.24284943184581,0.3094100237715338,-0.004834574607609737
2015-05-22,0.578254,1.117967,-0.025696,-0.75246,-0.752468,0.470326,-1.093542,-1.856412,-2.075293,-1.699298,-1.489327,-1.0,74.252975,72.71200830000001,1.301677789238257,70.1086527215235,75.31536387847652,73.33905186690811,0.34646898995853803,-0.007553133027721561
2015-05-26,1.070914,1.123155,-0.274258,-1.606271,-1.60627,1.875414,0.592928,-0.195892,-0.453172,-0.124323,0.053116,-1.0,73.060272,72.7291832,1.3040080243127494,70.1211671513745,75.3371992486255,73.31250140339304,0.2764110291083597,-0.016193099892571762
2015-05-27,0.142266,0.155202,-1.099326,0.979496,0.979495,0.597521,-0.108633,-0.956193,-1.367038,-1.080696,-0.941967,1.0,73.775894,72.7673496,1.3237599127940638,70.11982977441187,75.41486942558814,73.35663403164133,0.27545898537552205,0.009747294354078036
2015-05-28,0.090662,0.815953,-0.349692,-0.142267,-0.142244,0.331548,0.338025,-0.565571,-1.128105,-0.981233,-0.831082,0.0,73.670952,72.83986625,1.3319332108562598,70.17599982828747,75.50373267171253,73.38656907624691,0.2632025068341193,-0.0014234555782858197
2015-05-29,1.061317,1.388885,0.0,-1.152699,-1.152731,0.95389,1.516001,0.74425,0.147423,0.059241,0.294827,-1.0,72.821724,72.9290798,1.2628149414959504,70.40344991700809,75.4547096829919,73.33277430708054,0.18285571017820246,-0.011594265821767627
2015-06-01,0.482403,1.251639,-0.495433,0.4979,0.497921,0.161665,1.049542,0.287698,-0.277054,-0.483964,-0.192961,0.0,73.184319,72.9815586,1.249808944583061,70.48194071083388,75.48117648916612,73.3186357064062,0.14674707222638972,0.004966859425473148
2015-06-02,-0.520284,0.728414,-1.131627,0.234681,0.234664,0.007815,0.736225,0.127485,-0.446785,-0.682086,-0.437897,0.0,73.356056,73.02831189999999,1.2452165165210536,70.53787886695788,75.5187449330421,73.32219954389133,0.13048431517323422,0.0023438875275728814
2015-06-03,0.299357,0.585705,-0.598723,-0.06503,-0.065013,-0.054676,0.592206,0.334062,-0.25707,-0.601335,-0.383972,0.0,73.308365,73.1199112,1.1912586149205735,70.73739397015886,75.50242842984115,73.32088196828263,0.11245142785041651,-0.0006503417987228185
2015-06-04,0.420831,1.038928,-0.526042,-1.028245,-1.028248,0.675952,1.275639,1.479918,0.892289,0.44976,0.564612,-1.0,72.554573,73.20196954999999,1.0828596471109795,71.03625025577803,75.36768884422195,73.24790016177953,0.036910044018000576,-0.010335712700784507
2015-06-05,0.424066,0.702358,-0.132518,-0.762759,-0.762754,1.221834,1.663125,2.189232,1.724747,1.275372,1.203281,-1.0,72.00116,73.24299814999999,1.0157032455090984,71.21159165898179,75.2744046410182,73.1291630035148,-0.06684233413010077,-0.007656779737809501
2015-06-08,0.465796,0.891668,-0.013311,-0.424066,-0.424071,1.237689,1.739418,2.510868,2.08677,1.682193,1.524709,0.0,71.695824,73.19195065,1.0678588420680775,71.05623296586384,75.32766833413615,72.99265452698958,-0.17172536163496943,-0.004249726765803993
2015-06-09,0.520555,0.640689,-0.160164,-0.292788,-0.292786,1.011748,1.817937,2.584977,2.313132,1.928455,1.765437,0.0,71.485909,73.13947225000001,1.1260239418352023,70.88742436632961,75.39152013367041,72.84915495299059,-0.26868704572984825,-0.002932149876903256
2015-06-10,-1.260513,0.236334,-1.483725,1.655107,1.655093,-0.808818,0.007882,0.715164,0.71035,0.334562,0.092792,1.0,72.669067,73.18527185,1.0845299765664314,71.01621189686715,75.35433180313287,72.83200371937244,-0.24720924214913964,0.016415452330846368
2015-06-11,0.23616,0.524799,-0.183678,0.078778,0.078774,-0.839664,-0.200725,0.411101,0.720294,0.355298,0.037185,0.0,72.726311,73.2501545,1.0101760609901258,71.22980237801974,75.27050662198025,72.82193774609887,-0.22299823088619064,0.000787425346599183
2015-06-12,0.172146,0.595874,-0.238349,-0.918399,-0.918386,0.095339,0.618381,1.086689,1.604875,1.334218,1.011656,-1.0,72.058403,73.21485025,1.0399425514730616,71.13496514705388,75.29473535294612,72.74922015123231,-0.25476860974416127,-0.009226288044907261
2015-06-15,-0.437552,0.371253,-1.405459,-0.132414,-0.132422,0.302312,0.582081,1.008582,1.673305,1.426685,1.137639,0.0,71.962982,73.1671421,1.0755941820533619,71.01595373589328,75.31833046410674,72.67434032730542,-0.28436851785518513,-0.0013250950747667677
2015-06-16,-0.238095,0.198415,-0.661376,0.238663,0.23868,0.243375,0.173274,0.682532,1.307532,1.162956,0.883591,0.0,72.134743,73.07792780000001,1.0839130915266213,70.91010161694678,75.24575398305325,72.62295010565728,-0.2906169299893975,0.002383952714679394
2015-06-17,-0.198126,0.409455,-0.4755,0.145504,0.145481,-0.021124,-0.120182,0.394501,0.980069,1.042941,0.772259,0.0,72.239685,72.94768375000001,1.0147557243136138,70.91817230137278,74.97719519862724,72.58644866702326,-0.28382909414025903,0.001453748006979112
2015-06-18,-1.251302,0.286758,-1.251302,1.33404,1.334062,-1.206997,-1.346465,-0.969771,-0.484238,-0.190312,-0.450131,1.0,73.203407,72.8489281,0.8723400127381439,71.10424807452371,74.59360812547628,72.64520660349724,-0.19839836127680144,0.013252414965880956
2015-06-19,0.35198,0.703951,-0.156437,-0.013037,-0.013049,-0.883846,-1.17064,-0.922952,-0.582059,-0.153822,-0.345453,0.0,73.193855,72.7678238,0.7461071436626073,71.27560951267479,74.26003808732521,72.6974588317356,-0.12996648383361276,-0.0001304942439914831
2015-06-22,0.051808,0.297893,-0.3756,0.651806,0.651827,-1.062052,-1.542563,-1.520544,-1.265396,-0.759502,-0.947648,1.0,73.670952,72.73872265,0.6947119981391171,71.34929865372176,74.12814664627824,72.7901724668084,-0.03681164556519434,0.0064971137474261285
2015-06-23,1.200885,1.253099,-0.1958,-0.777099,-0.777107,-0.023503,-0.550852,-0.772754,-0.489502,-0.02716,-0.146205,-1.0,73.09845,72.74063155,0.6956937979902111,71.34924395401958,74.13201914598042,72.81953223187426,-0.00907725494958811,-0.007801420402863418
2015-06-24,2.324964,2.324964,-0.013279,-1.749124,-1.749141,1.639447,1.10138,0.855599,1.145887,1.584176,1.634573,-1.0,71.819855,72.6428296,0.679805081849229,71.28321943630154,74.00243976369846,72.72432487645767,-0.08924076936814629,-0.017646192840889807
2015-06-25,0.09274,1.338096,-0.370967,0.279004,0.787841,0.619014,0.264031,0.051674,0.266469,0.635779,0.884184,1.0,72.385681,72.57856604999999,0.6368945088548956,71.3047770322902,73.85235506770978,72.6920730786998,-0.10589283599955479,0.007847533728607211
2015-06-26,0.838208,0.971255,-0.252798,-0.423952,-0.423947,0.738004,0.693737,0.484828,0.64182,0.912341,1.28199,0.0,72.078804,72.54142005000001,0.6435958810682721,71.25422828786347,73.82861181213656,72.63366649977601,-0.1422127875085124,-0.0042484831006597175
2015-06-29,1.473389,2.032739,-0.081862,-2.474722,-2.474736,2.333767,3.011597,2.901816,2.990129,3.247807,3.727716,-1.0,70.295044,72.3969563,0.7975484905652143,70.80185931886957,73.99205328113042,72.41094054741639,-0.3113421764399362,-0.025058722022376204
2015-06-30,0.121463,0.769231,-0.593784,1.091398,1.091406,0.655873,1.748538,1.751119,1.71683,2.020655,2.473845,1.0,71.062248,72.2822659,0.8170577688704582,70.64815036225909,73.91638143774091,72.28249363813863,-0.3791014392615324,0.01085492686508393
2015-07-01,0.269974,0.850428,-0.445467,-0.026985,-0.026979,0.464359,1.607562,1.625995,1.584849,1.894318,2.323134,0.0,71.043076,72.16900145,0.8243089638033682,70.52038352239326,73.81761937760673,72.16445386307781,-0.4293983267797472,-0.00026982803425882256
2015-07-02,0.609679,0.731608,-0.447087,-0.364476,-0.364475,0.379352,1.637469,1.814832,1.831396,2.103922,2.490502,0.0,70.784142,72.0804799,0.8742716989502544,70.3319365020995,73.8290232979005,72.03299559040373,-0.4845669956127665,-0.003651404735188898
2015-07-06,-0.611991,0.612001,-0.992787,-0.379351,-0.379358,0.318239,1.644699,2.056687,2.113838,2.361922,2.677508,0.0,70.515617,72.00620275,0.941857945964136,70.12248685807172,73.88991864192828,71.88848334369862,-0.5436889783666885,-0.0038007895435870805
2015-07-07,0.245031,0.462842,-1.715222,-0.095199,-0.095177,0.457377,1.284115,2.010597,2.122593,2.304104,2.595315,0.0,70.448502,71.94383665000001,1.0028154436557375,69.93820576268854,73.94946753731148,71.75134226334637,-0.5891676374660193,-0.000952228205977907
2015-07-08,0.027461,0.947156,-0.082357,-0.830385,-0.830404,0.955394,1.669186,2.648058,2.86161,2.960789,3.301879,-1.0,69.863495,71.86271595,1.102476870633981,69.65776220873204,74.06766969126795,71.5715472858848,-0.6647521294957812,-0.008338708055330078
2015-07-09,0.98509,1.518677,0.0,0.329441,0.329458,0.352983,1.089059,2.106876,2.340126,2.439239,2.78755,0.0,70.093666,71.7339459,1.1526023404634318,69.42874121907313,74.03915058092686,71.4307966872291,-0.6980340063909551,0.0032891665687752856
2015-07-10,-0.376505,0.121011,-0.658876,1.751275,1.751262,-1.223614,-0.800059,0.173555,0.480222,0.606962,0.908632,1.0,71.32119,71.66368985,1.131561837267611,69.40056617546477,73.92681352453522,71.42035795511205,-0.6182326050251561,0.017361044892733404
2015-07-13,-0.518823,0.412405,-0.518823,1.075696,1.075682,-1.838483,-1.85445,-0.994759,-0.587044,-0.458892,-0.199182,1.0,72.088379,71.66518865,1.1321318761514207,69.40092489769717,73.92945240230284,71.48397900700614,-0.4874644916471169,0.010699374164526007
2015-07-14,-0.672028,0.026361,-0.896034,0.95783,0.957817,-2.129378,-2.444305,-2.015769,-1.474153,-1.343744,-1.164593,1.0,72.778854,71.70598225,1.157834103002393,69.39031404399522,74.02165045600479,71.60730043491031,-0.3243750638820302,0.009532593593937305
2015-07-15,-0.118494,0.276507,-0.276496,0.079059,0.079085,-1.390391,-2.277814,-2.117183,-1.503843,-1.347538,-1.266476,0.0,72.836411,71.74106565,1.1818903874370643,69.37728487512587,74.10484642487413,71.72435858396646,-0.18831042316712399,0.000790535291715615
2015-07-16,-0.234375,0.325521,-0.299483,1.119165,1.119168,-1.515639,-3.005218,-3.034732,-2.498131,-2.386045,-2.343708,1.0,73.651573,71.81166005,1.2532521601688296,69.30515572966235,74.31816437033766,71.9079028140649,-0.014533916360093713,0.01112951918614793
2015-07-17,-0.143026,0.065005,-0.871156,0.14323,0.143241,-0.995992,-2.740884,-3.049471,-2.600061,-2.469768,-2.429046,0.0,73.757072,71.8393433,1.2911545098567718,69.25703428028645,74.42165231971354,72.08401416510632,0.13019727178057394,0.0014313816942371793
2015-07-20,0.142858,0.194808,-0.376625,0.117015,0.116991,-0.636356,-2.403887,-3.003455,-2.669898,-2.487047,-2.459904,0.0,73.843361,71.8718186,1.334458523983668,69.20290155203266,74.54073564796734,72.25157100652477,0.24899037620097886,0.0011692243454378072
2015-07-21,0.36582,0.783901,-0.457276,-0.597401,-0.597398,0.130658,-1.414943,-2.138311,-2.10326,-1.822575,-1.796208,-1.0,73.402222,71.8583821,1.3166235580275967,69.22513498394481,74.49162921605519,72.36115681542717,0.3040338240950149,-0.005991898851660593
2015-07-22,0.03905,0.377507,-0.338456,0.36582,0.365825,-0.007807,-1.257485,-2.258959,-2.421245,-2.097026,-2.055297,0.0,73.670746,71.88699690000001,1.3507692282419883,69.18545844351604,74.58853535648399,72.48587959491029,0.36511497758354494,0.003651579240252283
2015-07-23,-0.078132,0.494788,-0.455737,-0.026031,-0.026025,0.018223,-0.748708,-1.997404,-2.271493,-1.99486,-1.985334,0.0,73.651573,71.9785828,1.4069084040009783,69.16476599199804,74.79239960800196,72.59689801444264,0.4072802576377228,-0.00026028642826668826
2015-07-24,0.460464,0.802527,-0.144718,-1.028647,-1.028657,0.820945,0.498619,-0.785859,-1.22089,-0.993227,-0.958954,-1.0,72.893951,72.0039963,1.4191859595001712,69.16562438099966,74.84236821900033,72.62518877497192,0.37523728038515003,-0.01033984156234395
2015-07-27,0.079298,0.396504,-0.436164,-0.460463,-0.460459,0.933119,1.02828,-0.139222,-0.730906,-0.570269,-0.477835,0.0,72.558304,72.02797129999999,1.4245562889435917,69.1788587221128,74.87708387788717,72.61881879640316,0.31908091609456335,-0.004615227117409757
2015-07-28,-1.52317,0.051634,-2.181492,2.392277,2.392275,-1.184971,-1.128174,-2.127273,-2.781074,-2.859777,-2.698464,1.0,74.294098,72.227924,1.4489655717755814,69.32999285644884,75.12585514355116,72.77836919674571,0.40991541226468087,0.02364108207045368
2015-07-29,-0.449407,0.077048,-1.12994,0.529232,0.529232,-1.432966,-1.400864,-2.211943,-3.050198,-3.286075,-3.096782,0.0,74.687286,72.40917590000001,1.5204420967292718,69.36829170654147,75.45006009345855,72.96017079705565,0.5077760641100468,0.005278363005241074
2015-07-30,-0.804799,0.166077,-1.124166,0.513613,0.513607,-1.558501,-1.715625,-2.269621,-3.277327,-3.607041,-3.466228,0.0,75.070885,72.61056635,1.5949004811362189,69.42076538772756,75.80036731227244,73.16119119733607,0.6092613832013143,0.005122923662599291
2015-07-31,0.127566,0.650597,-0.293398,0.140521,0.140522,-1.08942,-1.664746,-2.064882,-3.120925,-3.593816,-3.514207,0.0,75.176376,72.83017805,1.6321347117399854,69.56590862652003,76.09444747347997,73.35311355949453,0.6902447598887562,0.0014042321521526243
2015-08-03,0.115379,0.615388,-0.564105,-0.497511,-0.497497,0.005118,-1.044879,-1.33334,-2.350006,-2.96616,-2.960115,0.0,74.802376,73.044516,1.5931922174259845,69.85813156514803,76.23090043485197,73.49113855382838,0.7159924794029706,-0.004987383482683791
2015-08-04,0.372896,0.552912,-0.360035,-0.294876,-0.294896,0.378048,-0.594044,-0.880356,-1.784091,-2.449257,-2.632394,0.0,74.581787,73.25118024999999,1.504321469464618,70.24253731107075,76.25982318892923,73.59500983441615,0.7104088923625085,-0.002953313870795795
2015-08-05,-0.21609,0.305079,-0.508454,1.15726,1.157281,-0.569477,-1.49613,-1.783827,-2.537822,-3.332914,-3.642647,1.0,75.444908,73.5302509,1.3528741358303498,70.8245026283393,76.2359991716607,73.7711906120908,0.7667914165631515,0.01150635922246679
2015-08-06,1.537261,1.795632,-0.361719,-1.601619,-1.601623,0.824173,0.186012,-0.132636,-0.672403,-1.5874,-1.965732,-1.0,74.236565,73.73739585000001,1.09076707309741,71.55586170380519,75.91892999619483,73.81551198236787,0.7058353609760388,-0.01614587598374748
2015-08-07,0.038718,0.258127,-0.826029,0.090426,0.090418,0.498194,0.285234,-0.173809,-0.561435,-1.486834,-1.968249,0.0,74.303688,73.88652075,0.9359361966809246,72.01464835663815,75.75839314336186,73.86200493642806,0.6553886010604799,0.0009037685504524162
2015-08-10,0.141716,0.798757,-0.051534,0.180692,0.180704,0.219005,0.356854,-0.300621,-0.58298,-1.45376,-2.039434,0.0,74.437958,74.0039997,0.840998715019544,72.3220022699609,75.68599713003908,73.9168576091492,0.6191069674963074,0.0018054128091504209
2015-08-11,-0.374727,0.310115,-0.607315,-0.296321,-0.296329,0.418665,0.644786,0.068917,-0.19059,-0.957745,-1.572122,0.0,74.217377,74.07592585,0.7907151459771712,72.49449555804566,75.65735614195435,73.94547850351596,0.5660296310286981,-0.002967685779874214
2015-08-12,-0.568551,0.012925,-1.692721,0.0,0.0,0.087872,0.581471,0.118019,-0.097555,-0.723089,-1.430415,0.0,74.217377,74.14497415,0.7351203413578753,72.67473346728424,75.61521483271575,73.9713735984192,0.5179943431292457,0.0
2015-08-13,-0.206509,0.42591,-0.632428,0.116299,0.116295,-0.010323,0.361384,0.060231,-0.16972,-0.61177,-1.398639,0.0,74.303688,74.1775799,0.72649552112154,72.72458885775691,75.63057094224308,74.00302258904594,0.4813419968475756,0.0011622729707237505
2015-08-14,-0.618721,0.19335,-0.618721,0.129064,0.129057,-0.113422,0.12762,0.066176,-0.255212,-0.574366,-1.363744,0.0,74.399582,74.20970539999999,0.7211079262758939,72.7674895474482,75.65192125255177,74.04079015199395,0.4547900560645388,0.0012897364434912655
2015-08-17,-1.778006,0.076207,-2.006596,1.495226,1.495237,-1.300483,-1.25349,-1.147234,-1.614171,-1.857757,-2.596305,1.0,75.512032,74.29313895,0.771279162845882,72.75058062430824,75.83569727569176,74.18090842323261,0.5175469109374831,0.014841684252564769
2015-08-18,0.371368,0.806768,-0.076831,-0.825504,-0.8255,-0.299656,-0.390572,-0.271482,-0.695991,-0.928158,-1.58791,-1.0,74.88868,74.36746185,0.7522953526555006,72.862871144689,75.872052555311,74.2483152400676,0.5110913310124374,-0.008289263541568365
2015-08-19,0.309795,0.851938,-0.658322,-0.793949,-0.793954,0.518908,0.251711,0.491372,0.1407,-0.056795,-0.601523,-1.0,74.294098,74.39862945000002,0.7346162101455853,72.92939702970884,75.8678618702912,74.25267550291831,0.4527780951052165,-0.007971230410172715
2015-08-20,0.156887,0.679833,-0.065363,-1.26501,-1.26502,1.547924,1.415884,1.622883,1.403464,1.207492,0.820165,-1.0,73.354263,74.38376395,0.7532996478147462,72.8771646543705,75.8903632456295,74.16711240740227,0.32695862999152325,-0.012730892334940501
2015-08-21,2.113907,2.369735,0.0,-2.902342,-2.902319,3.691925,4.015072,4.290643,4.317347,4.090472,3.829263,-1.0,71.225288,74.30033080000001,0.9840558584627099,72.33221908307459,76.26844251692543,73.88693865431634,0.054823338178891845,-0.029452697609736216
2015-08-24,-4.385842,2.806371,-21.675366,-4.524025,-4.524038,6.396837,7.997456,8.565784,8.925394,8.679167,8.548861,-1.0,68.003029,74.07256705,1.685585620411225,70.70139580917755,77.44373829082245,73.32656630628622,-0.4160591421663895,-0.04629567559814664
2015-08-25,4.293074,4.336015,-0.057242,-1.452555,-1.45255,5.615341,8.514596,9.413282,9.987837,9.89983,9.862147,-1.0,67.015251,73.7086247,2.306630396970234,69.09536390605953,78.32188549394047,72.72548865806849,-0.8590398530674861,-0.014632027948120426
2015-08-26,-0.595238,0.207643,-2.727023,3.37722,3.377219,0.717053,4.256643,5.245478,6.00429,6.055925,6.101884,1.0,69.278503,73.43818555,2.4952142154211194,68.44775711915776,78.42861398084224,72.39720430968102,-1.0157705655618798,0.03321443569948334
2015-08-27,0.380857,0.462465,-2.149068,1.77187,1.771858,-1.844384,1.902894,3.060404,3.835023,4.031024,4.105926,1.0,70.50602,73.2099423,2.5462642742396926,68.11741375152062,78.30247084847937,72.21709151828281,-1.029067966341671,0.017563440190563655
2015-08-28,-0.108748,0.394236,-0.91082,0.054408,0.054407,-2.090802,1.300989,2.649096,3.450257,3.84123,3.897511,0.0,70.54438,72.9783425,2.5685482779045627,67.84124594419087,78.11543905580912,72.05778565939873,-1.0246988305840574,0.0005439190664574347
2015-08-31,1.978144,2.586807,-0.414999,-1.726478,-1.726468,0.01106,2.188404,3.960894,4.872732,5.47904,5.5056,-1.0,69.326454,72.7045464,2.654304053721145,67.3959382925577,78.0131545074423,71.79765883469409,-1.1067547290009117,-0.017415450353460128
2015-09-01,1.639579,2.200488,-0.762259,-3.817958,-3.817941,3.88032,5.013645,7.333985,8.443101,9.209243,9.357573,-1.0,66.679611,72.3094376,2.9336062342012643,66.44222513159747,78.17665006840252,71.31022570758037,-1.3695751197377746,-0.038927340924274835
2015-09-02,-1.160031,0.0,-1.788967,2.905227,2.905216,0.754705,1.221511,3.759595,4.883985,5.772174,6.024679,1.0,68.616798,71.9680321,2.946792399659717,66.07444730068056,77.86161689931944,71.0537087830489,-1.4053474017140815,0.02863814952868882
2015-09-03,3.100884,3.601024,-0.214348,-2.19427,-2.19427,2.003423,2.562151,5.372951,6.70619,7.670751,8.078486,-1.0,67.11116,71.61176185,3.0855564945815064,65.44064886083699,77.782874839163,70.67822794656806,-1.5374666380007795,-0.022187024485880488
2015-09-04,-0.173966,0.753837,-1.580174,-1.42898,-1.428983,2.154249,3.282105,6.069384,7.636988,8.685988,9.305587,-1.0,66.152153,71.20418509999999,3.2454908395216626,64.71320342095666,77.69516677904332,70.24717318975205,-1.6999598557410565,-0.014392911802718018
2015-09-08,-0.649727,0.084743,-1.807918,2.638446,2.638439,-0.892647,0.611583,2.595103,4.388417,5.48531,6.266948,1.0,67.897537,70.87716405,3.231984758827394,64.41319453234522,77.3411335676548,70.02339831453756,-1.6686636832499318,0.026042322702048714
2015-09-09,2.256083,2.600957,-0.21554,-1.709049,-1.709058,0.847843,2.319317,3.564706,5.64307,6.849279,7.737241,-1.0,66.737129,70.50315165,3.257816077498645,63.987519495002715,77.0187838049973,69.7104202845816,-1.7176959391813682,-0.017238305257092565
2015-09-10,-0.485651,0.999853,-1.142698,0.603544,0.603553,-0.197115,1.386945,2.233014,4.482215,5.713469,6.716182,1.0,67.139923,70.14927895000001,3.2172664561448094,63.71474603771039,76.58381186228962,69.46561101938336,-1.704404926715327,0.006017389976528586
2015-09-11,-0.157369,0.371963,-0.915594,-0.15712,-0.157111,-0.062957,1.028605,1.76537,4.104424,5.450061,6.484491,0.0,67.034439,69.78581650000001,3.132732789309235,63.52035092138154,76.05128207861848,69.23407082706113,-1.6829830004047324,-0.0015723424379984344
2015-09-14,1.513159,1.687758,-0.320095,-1.673818,-1.673826,1.565542,2.045687,2.960374,5.232791,6.73592,7.828698,-1.0,65.912399,69.36145735,3.048564779933709,63.264327790132576,75.4585869098674,68.91772112924578,-1.7365276108405396,-0.016879929735040024
2015-09-15,-1.487203,0.128696,-1.973398,1.745958,1.74597,-0.42615,-0.042906,1.100138,2.797072,4.464453,5.593677,1.0,67.06321,68.93901625,2.718982393129036,63.50105146374192,74.37698103625807,68.74110102169857,-1.6668864411154232,0.017309034952857218
2015-09-16,-0.613236,0.427831,-0.798638,0.271705,0.271691,-0.544777,-0.229605,0.84902,1.950227,3.766683,4.943904,0.0,67.245415,68.556853,2.3509600647137052,63.8549328705726,73.25877312942741,68.59865473391775,-1.5787935424291817,0.002713230245294447
2015-09-17,-0.819086,1.468719,-0.960318,0.98402,0.984025,-1.287949,-1.30631,-0.268322,0.486514,2.383844,3.551288,1.0,67.907127,68.23750444999999,1.925995915296041,64.3855126194079,72.08949628059207,68.53279494973512,-1.4389967979607263,0.009792154518518758
2015-09-18,-0.440786,0.611403,-0.526096,-0.677865,-0.677888,-0.49195,-0.582949,0.109976,0.734413,2.675973,3.922478,-1.0,67.446793,67.94213095,1.5075047612235475,64.9271214275529,70.95714047244711,68.4293661926175,-1.349792410722344,-0.006801957044762965
2015-09-21,0.811503,1.679954,-0.355923,-0.127974,-0.127959,0.065495,-0.27619,-0.07687,0.576602,2.389529,3.712042,0.0,67.360489,67.74889099999999,1.2975928133245036,65.15370537335097,70.344076626649,68.32756836474917,-1.2714053334190822,-0.0012804057838780771
2015-09-22,-0.883949,0.156831,-1.183349,-0.142368,-0.142359,0.268029,-0.228119,-0.13877,0.665096,2.04505,3.504417,0.0,67.264595,67.71196929999999,1.300483459264503,65.11100238147098,70.312936218529,68.22633280620163,-1.2031516707635888,-0.0014246084513959447
2015-09-23,0.692735,1.197867,-0.230919,-1.211859,-0.673736,0.818234,0.459758,0.551746,1.332659,2.253642,3.836997,-1.0,66.811409,67.7017772,1.3070135145059723,65.08775017098804,70.31580422901195,68.09157815799195,-1.1721170385319368,-0.006760161585273743
2015-09-24,0.292491,0.731208,-0.76045,-1.313327,-1.313345,1.561413,1.613793,1.618645,2.427588,3.107273,4.80011,-1.0,65.933945,67.5345493,1.3086205119801135,64.91730827603976,70.15179032396023,67.88608928580223,-1.2044418248059259,-0.013220451847245965
2015-09-25,4.013224,4.11844,-0.676382,-2.705467,-2.705456,3.357722,3.989735,4.136622,4.780386,5.400451,7.186679,-1.0,64.150131,67.21675485,1.3207264369223612,64.57530197615527,69.85820772384473,67.53028373477345,-1.3583402320028455,-0.02742727437657852
2015-09-28,2.417863,2.758844,-0.836945,-3.021196,-3.021193,4.922505,6.634541,6.958578,7.374949,8.104486,9.872867,-1.0,62.212032,66.80013745,1.5156170987296407,63.76890325254071,69.83137164745928,67.02378356955693,-1.6180424344277498,-0.030677711596015317
2015-09-29,-2.03406,2.470994,-2.13953,2.867337,2.867344,0.976331,3.182885,3.570744,3.96548,4.840697,6.21041,1.0,63.995865,66.533608,1.5166743104907694,63.50025937901846,69.56695662098154,66.73541037245627,-1.6607735225449431,0.02827005034499706
2015-09-30,0.821625,1.000895,-1.045719,0.85882,0.858804,-0.585597,1.88599,2.462479,2.914901,3.79493,4.771881,1.0,64.545464,66.42690065,1.5796300172374957,63.267640615525,69.58616068447499,66.52684405126996,-1.6314834460265786,0.008551371818456735
2015-10-01,-2.251463,0.116961,-2.997082,2.181058,2.18106,-2.701752,-0.585025,0.15546,0.51625,1.377748,2.113966,1.0,65.953239,66.2937227,1.4953149019453444,63.30309289610931,69.28435250389069,66.47221499876807,-1.4776418368338113,0.021576147205835255
2015-10-02,-4.920568,0.224946,-5.48291,3.991221,3.991234,-5.142698,-4.23458,-3.53778,-3.234124,-2.625181,-2.03698,1.0,68.585587,66.36744405,1.5721106822037438,63.22322268559252,69.51166541440749,66.67348852269492,-1.130283563684685,0.03913641969480924
2015-10-05,1.058276,1.114718,-0.606746,-0.365519,-0.365521,-3.002687,-3.74066,-2.947561,-2.719417,-2.397282,-1.818582,0.0,68.334892,66.476581,1.6310376365906072,63.21450572681878,69.7386562731812,66.83171742529541,-0.865254505648366,-0.0036619106502400415
2015-10-06,1.001151,1.315787,-1.53032,-1.34049,-1.340491,-0.669336,-2.409898,-1.593736,-1.433162,-1.184328,-0.513469,-1.0,67.418869,66.4526476,1.6124960421954395,63.22765551560913,69.67763968439088,66.88763662288632,-0.7208232663817427,-0.013495565738607633
2015-10-07,-1.170004,0.507472,-1.691576,1.458816,1.45881,-0.969832,-3.580491,-2.895894,-2.728665,-2.50439,-1.876324,1.0,68.402382,66.53591025,1.6699292046406005,63.1960518407188,69.8757686592812,67.03189808737334,-0.5209935003878741,0.014482714355897439
2015-10-08,-2.373361,0.180426,-2.678695,1.564704,1.564719,-1.482314,-4.556571,-4.24166,-4.059349,-3.957141,-3.378713,1.0,69.472687,66.65254845,1.7913879403664021,63.069772569267194,70.23532433073281,67.26435417429016,-0.2731140142059303,0.015526033939533328
2015-10-09,-0.702482,1.584025,-1.157019,0.763352,0.763337,-1.823682,-4.443519,-4.723644,-4.574121,-4.519477,-4.134624,1.0,70.002998,66.8009764,1.941396661833751,62.9181830763325,70.6837697236675,67.52517739578634,-0.03349001774763849,0.0076043871805899655
2015-10-12,-0.725927,0.575261,-0.849203,0.564744,0.564747,-1.788797,-3.817286,-4.971011,-4.791398,-4.814407,-4.679896,1.0,70.398338,67.02527335,2.087010670322801,62.851252009354404,71.19929469064562,67.7988117390448,0.18616832725810184,0.0056315852271085634
2015-10-13,0.508316,1.360074,-0.206075,-0.30133,-0.301335,-0.703388,-2.64459,-4.406279,-4.281155,-4.396278,-4.350963,0.0,70.186203,67.18142300000001,2.2035741304778966,62.774274739044216,71.5885712609558,68.02618233532624,0.33922129468702167,-0.0030179016767663703
2015-10-14,0.664824,1.523554,-0.207748,-0.810556,-0.810538,0.457058,-1.120505,-3.356426,-3.328624,-3.449554,-3.428696,-1.0,69.617317,67.3000181,2.2700246772367083,62.759968745526585,71.84006745447341,68.17771897005707,0.4098875991434454,-0.008138409389820063
2015-10-15,-1.334608,0.027233,-2.328747,1.703605,1.703606,-0.8498,-2.091798,-4.516785,-4.743413,-4.859879,-4.943394,1.0,70.803322,67.44482785,2.399477886139789,62.64587207772042,72.24378362227958,68.4277764014802,0.5551919391119355,0.016892576638684948
2015-10-16,-0.458783,0.391312,-0.958034,0.926053,0.926023,-1.352028,-2.588028,-4.711,-5.336684,-5.485147,-5.612751,1.0,71.458977,67.64543705,2.561875309319759,62.52168643136048,72.76918766863952,68.7164621727678,0.7150103600090603,0.009217616288824086
2015-10-19,-0.026936,0.350218,-0.996765,0.175411,0.175427,-1.193423,-2.304683,-4.005024,-5.207432,-5.333723,-5.525092,0.0,71.584335,67.85662935,2.707130689467429,62.442367971065146,73.27089072893486,68.98959291821849,0.8420760247004466,0.0017527283217859057
2015-10-20,0.434546,0.529603,-0.366643,-0.808188,-0.808189,-0.15752,-1.003527,-2.564726,-4.171643,-4.340307,-4.609418,-1.0,71.005798,68.0436895,2.7919951680273556,62.45969916394529,73.62767983605471,69.18161244981674,0.8858814882084971,-0.008114729434498487
2015-10-21,0.789978,0.967038,-1.212202,-0.298752,-0.298746,0.473982,-0.36911,-1.684374,-3.603244,-3.853187,-4.132586,0.0,70.793671,68.2428026,2.8410567514599174,62.56068909708017,73.92491610291984,69.33514183554847,0.8931846805500214,-0.0029919316304437677
2015-10-22,0.889559,1.053779,-0.574789,-0.476707,-0.476708,0.856706,0.247704,-0.787375,-2.820585,-3.247934,-3.516494,0.0,70.456192,68.46891495,2.827554263594038,62.81380642281192,74.12402347718808,69.44190851787718,0.8618064103839913,-0.004778477444069923
2015-10-23,-0.39354,0.624237,-0.909221,0.848504,0.848505,-0.105854,-0.447827,-1.390514,-3.1524,-3.858903,-4.139704,1.0,71.054016,68.81410919999999,2.690664859972049,63.43277948005589,74.19543891994408,69.59544256379364,0.8750908037253282,0.008449249916184513
2015-10-26,1.154475,1.649254,-0.178676,-1.262044,-1.262048,0.764156,0.790269,0.043064,-1.348268,-2.470589,-2.712753,-1.0,70.15728,69.2113716,2.2078115687523443,64.79574846249531,73.6269947375047,69.64895089105138,0.803991763708126,-0.012700797737327477
2015-10-27,0.536599,1.073196,-0.564121,-0.109953,-0.109943,0.610892,0.886069,0.40634,-0.805594,-2.20254,-2.462176,0.0,70.080147,69.5155857,1.8398590301754163,65.83586763964917,73.19530376035084,69.69001718714173,0.7329720284957091,-0.0011000345546566064
2015-10-28,-0.924667,0.054394,-1.740548,1.183271,1.183261,-0.53304,-0.111503,-0.532136,-1.516861,-3.11504,-3.430569,1.0,70.909378,69.8337814,1.4424416609602388,66.94889807807952,72.71866472192049,69.80614678836633,0.7351263096997087,0.01176315136634387
2015-10-29,-0.379608,0.488071,-0.677874,0.299158,0.299154,-0.642619,-0.364694,-0.674256,-1.447257,-3.112253,-3.567947,0.0,71.121506,70.09219475,1.142393542161733,67.80740766567654,72.37698183432347,69.9314190942362,0.7453585207888693,0.0029870708644974477
2015-10-30,-0.14881,0.58171,-0.500534,0.216914,0.216916,-0.795448,-0.606054,-0.770195,-1.471854,-2.922071,-3.597602,0.0,71.27578,70.22670439999999,1.1136792345308415,67.9993459309383,72.45406286906167,70.05945346621371,0.7571878540263697,0.0021668118079249746
2015-11-02,-2.257424,0.118807,-2.455447,2.475652,2.475664,-2.402647,-2.807927,-2.9263,-3.53004,-4.67433,-5.667334,1.0,73.040329,70.46197624999999,1.1875631767341173,68.08684989653176,72.83710260346822,70.34334637419336,0.8985886723289553,0.02445516239028716
2015-11-03,-0.838793,0.471823,-1.323725,0.726077,0.726074,-2.157282,-3.159902,-3.319361,-3.807347,-4.840899,-6.061608,1.0,73.570656,70.76956559999999,1.1540998671635305,68.46136586567293,73.07776533432705,70.65070919569875,1.0414377502317933,0.0072345099246842355
2015-11-04,0.446423,0.656513,-0.328256,-0.183485,-0.18349,-1.289393,-2.622114,-2.794997,-3.287819,-4.181727,-5.58824,0.0,73.435661,71.02122955,1.159509768814544,68.70221001237091,73.34024908762909,70.91594270087029,1.1307194750818184,-0.0018365882596117291
2015-11-05,-0.223182,0.341344,-0.761457,0.013122,0.013122,-0.669549,-2.227906,-2.567937,-3.030061,-3.786263,-5.259722,0.0,73.445297,71.21986005,1.219012383641057,68.78183528271788,73.65788481728211,71.15683358650169,1.1885525361456928,0.00013120829473116635
2015-11-06,-0.157765,0.01315,-0.749408,-0.144414,-0.144422,0.036826,-1.774903,-2.256102,-2.66236,-3.38784,-4.705046,0.0,73.339226,71.38667145000001,1.2708942263292788,68.84488299734146,73.92845990265856,71.36468048302534,1.2118570764533558,-0.0014452616160800294
2015-11-09,0.013173,0.395407,-0.869914,-0.249796,-0.249784,0.318961,-1.119025,-1.868114,-2.230137,-2.882305,-3.967758,0.0,73.156036,71.52455634999998,1.3071035384687382,68.91034927306251,74.13876342693746,71.53528577035625,1.2016918350824,-0.0025009695601686493
2015-11-10,-0.746073,0.314132,-1.08639,0.698562,0.698562,-0.35079,-1.318067,-2.308031,-2.672125,-3.216758,-4.19634,1.0,73.667076,71.6986,1.3505408363892768,68.99751832722144,74.39968167277856,71.7383134112747,1.2207998444346941,0.006961329954007334
2015-11-11,0.604784,0.907181,-0.354979,-0.445031,-0.445043,0.068376,-0.545611,-1.639921,-1.983291,-2.514845,-3.368382,0.0,73.339226,71.88469545,1.3042952297357828,69.27610499052842,74.49328590947157,71.89078127686759,1.1957049817399366,-0.004460360393838569
2015-11-12,1.900019,1.900019,-0.026947,-2.432289,-2.432288,2.034771,1.994349,0.914531,0.512742,0.03181,-0.698459,-1.0,71.555405,71.9222996,1.2821305685227862,69.35803846295443,74.48656073704558,71.85884067907067,1.0201183858196714,-0.02462356427279919
2015-11-13,-0.107443,0.846088,-0.282029,0.336882,0.336894,1.262418,1.724412,0.644638,0.198761,-0.20414,-0.882804,0.0,71.796471,71.9391743,1.2779256834288775,69.38332293314225,74.49502566685776,71.85290070963536,0.8901555954454494,0.0033632796997761366
2015-11-16,-2.295383,0.078705,-2.34785,2.390544,2.39054,-1.004723,-0.586305,-1.400838,-2.009442,-2.364636,-2.962135,1.0,73.512794,72.03559725,1.3217454034771323,69.39210644304573,74.67908805695426,72.01098578490819,0.915103328395034,0.02362413466949081
2015-11-17,-0.626801,0.522331,-0.966318,0.445965,0.445978,-1.397248,-0.991136,-1.499101,-2.252561,-2.600171,-3.103088,0.0,73.840645,72.17733960000001,1.357030433073291,69.46327873385343,74.89140046614659,72.18523904348835,0.9503741011801026,0.00444986616145034
2015-11-18,-1.289324,0.141826,-1.689012,1.279702,1.27969,-2.256315,-2.061629,-2.398141,-3.22073,-3.554407,-4.042889,1.0,74.785576,72.37693485,1.434182205569328,69.50857043886134,75.24529926113865,72.43289018220375,1.0425565345452554,0.012715706901552097
2015-11-19,2.138618,2.297027,-0.092409,-2.333675,-2.333668,0.485806,0.223095,0.109124,-0.731359,-1.1274,-1.587246,-1.0,73.040329,72.5061417,1.366856629707894,69.7724284405842,75.2398549594158,72.49074149818435,0.9636762696940906,-0.023613291503193787
2015-11-20,0.144567,0.709687,-0.420553,0.44884,0.44883,0.465248,-0.220783,-0.148062,-1.017209,-1.4651,-1.874089,0.0,73.368156,72.6218487,1.335039547712589,69.95176960457482,75.29192779542518,72.57430478407154,0.9170448682329919,0.004478258864235832
2015-11-23,-0.417973,0.248174,-0.875129,0.617692,0.617709,-0.067928,-0.743219,-0.690537,-1.376709,-1.94881,-2.321938,1.0,73.821358,72.80505259999998,1.2259847081865658,70.35308318362685,75.25702201637311,72.69307175701711,0.9062125067665079,0.006158094009299583
2015-11-24,-0.770634,0.274293,-1.018807,0.0,0.0,-0.073153,-0.72232,-0.667897,-1.123313,-1.796249,-2.157796,0.0,73.821358,72.99211315,1.062907252954205,70.86629864409159,75.1179276559084,72.80052758968215,0.8873984058253512,0.0
2015-11-25,-0.117551,0.391853,-0.561652,0.0,0.0,-0.334383,-0.657009,-0.633065,-0.926081,-1.632194,-1.967966,0.0,73.821358,73.13771215,0.9567363570041117,71.22423943599178,75.05118486400822,72.89774953352195,0.8625452110045018,0.0
2015-11-27,0.483917,0.706253,-0.248499,-0.130615,-0.130623,-0.018309,-0.232801,-0.477813,-0.619935,-1.326187,-1.707651,0.0,73.72493,73.26788335,0.8376782266708026,71.5925268966584,74.94323980334161,72.97652862556748,0.8255514975579104,-0.0013070883047736179
2015-11-30,1.606062,1.884797,-0.026541,-1.464822,-1.464836,1.268933,1.367152,0.937985,0.9517,0.228312,-0.192005,-1.0,72.644981,73.3363434,0.7129696025469328,71.91040419490614,74.76228260509387,72.94495266122772,0.7010100468797162,-0.014756702249096877
2015-12-01,-0.87571,0.104554,-1.476938,1.552968,1.552976,-0.292771,-0.147692,-0.54982,-0.542414,-1.108354,-1.619398,1.0,73.77314,73.37298395,0.7157808976598778,71.94142215468025,74.80454574531976,73.0238276458727,0.6854417074950447,0.015410405741173645
2015-12-02,0.367886,0.446717,-0.643802,-0.522809,-0.522804,0.112991,0.31533,-0.05256,-0.032195,-0.408361,-0.99418,-1.0,73.387451,73.3638237,0.7142887676498498,71.9352461647003,74.79240123529969,73.05845844150387,0.6346657754130831,-0.005241755017125472
2015-12-03,0.026091,2.530329,-0.339108,0.735773,0.735759,-0.58953,-0.533441,-0.72952,-0.729087,-0.972467,-1.576006,1.0,73.927406,73.38841095000001,0.7252707001771945,71.93786954964563,74.83895235035439,73.14121535183683,0.630724737167526,0.00733065800730373
2015-12-04,-1.471719,0.268747,-1.574091,1.917309,1.917313,-2.029688,-2.09879,-2.261744,-2.470559,-2.611204,-3.211323,1.0,75.344826,73.4833874,0.8472322581660177,71.78892288366796,75.17785191633203,73.35108303261428,0.7335198241584209,0.01899164478183871
2015-12-07,0.423351,0.705584,-0.872354,-0.243156,-0.243155,-1.121227,-1.621543,-1.725028,-2.111601,-2.167022,-2.793235,0.0,75.161621,73.57450715,0.9253129432616282,71.72388126347674,75.42513303652326,73.52351521998436,0.7910834413261227,-0.0024345148548472867
2015-12-08,-0.614759,0.179302,-0.858092,0.16678,0.166786,-0.883716,-1.59068,-1.73156,-2.133072,-2.210557,-2.727975,0.0,75.28698,73.68105435,0.9946773044145484,71.6916997411709,75.6704089588291,73.69146424665252,0.8371680936218695,0.0016664698532017478
2015-12-09,0.425478,1.572977,-0.593089,-0.665989,-0.66599,0.154717,-0.801958,-0.988479,-1.402138,-1.489941,-1.866079,-1.0,74.785576,73.73697935,1.0248362238087372,71.68730690238253,75.78665179761747,73.79566536601894,0.8237358856641492,-0.006682179328015976
2015-12-10,0.361569,1.084707,-0.322831,-0.154714,-0.154709,0.508773,-0.534616,-0.845392,-1.160259,-1.271185,-1.54615,0.0,74.669876,73.80351185,1.0407247825686963,71.72206228486262,75.8849614151374,73.87892352163618,0.7945951428407199,-0.001548287754841602
2015-12-11,-0.195697,0.626217,-0.678415,-1.020145,-1.020146,1.155899,0.515322,0.254834,0.017609,-0.228576,-0.405745,-1.0,73.908134,73.9211483,0.8961686896503315,72.12881092069934,75.71348567930066,73.88170547195655,0.7019431176333057,-0.010253854849927092
2015-12-14,-0.01305,0.704501,-1.382917,0.0,0.0,0.816698,0.686231,0.303541,0.160466,-0.197786,-0.287023,0.0,73.908134,74.02673145,0.7441776739417263,72.53837610211654,75.51508679788346,73.88422247462736,0.6213531478253884,0.0
2015-12-15,0.142673,1.2192,-0.376135,0.587079,0.58709,-0.025946,0.175087,-0.235201,-0.368361,-0.716482,-0.810645,1.0,74.342041,74.06819379999999,0.7371036375725609,72.59398652485487,75.54240107514511,73.92782423894856,0.5857455743539504,0.005853729872848617
2015-12-16,-0.916383,0.089091,-2.023669,1.906617,1.906598,-1.639293,-1.38602,-1.931181,-2.105759,-2.46353,-2.570101,1.0,75.759445,74.1641338,0.8255006828729812,72.51313243425403,75.81513516574597,74.10226431142965,0.6642420045475035,0.0188865036564106
2015-12-17,0.770216,1.309366,-0.03851,-0.85274,-0.852744,-0.675216,-0.379968,-0.973036,-1.241969,-1.530159,-1.657674,-1.0,75.113411,74.18052555,0.8415880720146435,72.49734940597071,75.86370169402929,74.1985639960554,0.666636871456447,-0.00856400502496103
2015-12-18,1.480807,1.559431,0.0,-2.041083,-2.041083,1.305212,1.455915,1.077195,0.852456,0.631646,0.397513,-1.0,73.580284,74.2075233,0.811198053297598,72.58512719340482,75.8299194065952,74.13968018690727,0.5386154609553984,-0.020622008646777292
2015-12-21,0.443397,0.756393,-0.821592,0.484867,0.484876,0.824202,0.800731,0.705963,0.404278,0.261868,-0.059989,0.0,73.937057,74.23596835000001,0.7899112371699158,72.65614587566017,75.81579082433984,74.12038274053515,0.46063624234682266,0.004837040760066187
2015-12-22,-0.698398,0.025861,-1.396795,0.834637,1.336807,-0.350112,-0.577256,-0.519992,-0.846548,-0.985342,-1.299651,1.0,74.925453,74.29117310000001,0.7979503856541393,72.69527232869173,75.88707387130829,74.19705609857941,0.4731384016438369,0.01327950905675434
2015-12-23,0.064385,0.412104,-0.321957,0.4268,0.426827,-0.910307,-0.938725,-0.778195,-1.173346,-1.331499,-1.649228,0.0,75.245255,74.36236794999999,0.8171176379823583,72.72813267403528,75.9966032259647,74.29688456538136,0.5030529207324577,0.004259185931940638
2015-12-24,-0.154573,0.566795,-0.154573,-0.025763,-0.025774,-0.854864,-0.839277,-0.637543,-1.054515,-1.28265,-1.540273,0.0,75.225861,74.4325931,0.8284494235200858,72.77569425295984,76.08949194704017,74.38535851153551,0.5192103254801452,-0.0002577770488177158
2015-12-28,0.246182,0.414615,-0.27209,-0.579669,-0.579656,0.046634,-0.143248,-0.107698,-0.406436,-0.613525,-0.822063,-1.0,74.78981,74.4858371,0.8146797523569934,72.85647759528601,76.11519660471399,74.4238777009131,0.4911676388809951,-0.005813422359853219
2015-12-29,-0.295434,0.231215,-0.77071,0.868098,0.868085,-0.416182,-0.799695,-0.942869,-1.078365,-1.359054,-1.514652,1.0,75.439049,74.6255405,0.7159785289735725,73.19358344205286,76.05749755794714,74.5205606817785,0.5153906663160512,0.008643386447440981
2015-12-30,0.412742,0.683605,-0.219267,-0.411046,-0.411036,0.049011,-0.285519,-0.548049,-0.57985,-0.882311,-1.036464,0.0,75.128967,74.69333185,0.6948993910850735,73.30353306782986,76.08313063217015,74.57850414065673,0.5037595377672801,-0.004118835415527592
2015-12-31,0.182007,0.975039,-0.091004,-0.786794,-0.786804,0.652632,0.341371,0.218492,0.285765,-0.057814,-0.220461,-1.0,74.537849,74.75085175000001,0.6252366901382226,73.50037836972356,76.00132513027646,74.57463222249895,0.4417512685308651,-0.007899160140473333
