date,c_open,c_high,c_low,n_close,n_adj_close,adj_sum_5,adj_sum_10,adj_sum_15,adj_sum_20,adj_sum_25,adj_sum_30,label,closing_price_for_label,melody_ma20,melody_std20,melody_lb20,melody_ub20,melody_ema20,melody_macd_12_26,melody_str_log_return
2013-06-03,-1.882557,0.112394,-2.135426,1.977072,1.977076,-1.421737,-2.112942,-3.060775,-4.220523,-4.952085,-6.198732,1.0,31.800098,,,,,,,
2013-06-04,1.800506,2.143469,-0.628757,-1.685861,-1.685856,0.2515,-0.460132,-0.981232,-2.367353,-3.0242,-4.173505,-1.0,31.263994,,,,,,,-0.017002287596057472
2013-06-05,-0.517542,0.316274,-1.006323,-0.60018,-0.600182,0.799315,0.120769,-0.143751,-1.533168,-2.218932,-3.173864,-1.0,31.076353,,,,,,,-0.006019907674378198
2013-06-06,-0.343247,0.429068,-1.344385,0.517539,0.517554,0.240265,-0.294628,-0.446229,-1.725557,-2.440035,-3.346214,0.0,31.23719,,,,,,,0.005162195870286786
2013-06-07,-1.177455,0.308385,-1.710112,2.03089,2.030887,-1.323243,-1.853098,-2.130641,-3.227871,-4.074567,-4.900722,1.0,31.871582,,,,,,,0.02010539421410663
2013-06-10,0.112763,0.507474,-0.930369,-0.560687,-0.56071,-0.834497,-0.961363,-1.466014,-2.258233,-3.284086,-3.99785,-1.0,31.692875,,,,,,,-0.005622874143131745
2013-06-11,0.602753,0.97589,-0.459242,-1.776152,-1.776141,0.872561,0.777845,0.26981,-0.198042,-1.383087,-2.026802,-1.0,31.129965,,,,,,,-0.017921032077708846
2013-06-12,0.399997,0.771429,-0.428577,0.459242,0.459271,0.537121,0.351404,-0.160022,-0.444308,-1.614283,-2.271803,0.0,31.272936,,,,,,,0.004582198835852726
2013-06-13,0.777653,0.864052,-0.374427,-0.799997,-0.800011,1.209668,1.071416,0.666271,0.483861,-0.595064,-1.269775,-1.0,31.022749,,,,,,,-0.008032284904504585
2013-06-14,0.436038,0.843014,-0.436052,-0.921656,-0.921662,1.412787,1.866272,1.651156,1.46511,0.558407,-0.208821,-1.0,30.736824,,,,,,,-0.009259359446336922
2013-06-17,-0.885717,0.457143,-1.05714,1.74418,1.744201,-0.594297,-0.04859,0.047599,-0.255734,-0.875449,-1.753521,1.0,31.272936,,,,,,,0.017291644350841448
2013-06-18,-0.028585,0.543162,-0.228696,-0.057143,-0.057184,-0.457377,0.005738,0.097218,-0.212959,-0.569449,-1.557703,0.0,31.255053,,,,,,,-0.0005719998603372769
2013-06-19,1.06967,1.445504,0.0,-1.114923,-1.114914,0.427882,1.078358,1.169904,0.874541,0.674193,-0.30208,-1.0,30.906586,,,,,,,-0.011211758759668936
2013-06-20,2.299182,2.508211,-0.358325,-3.180104,-3.180115,2.991951,3.959406,4.186338,4.020618,3.937908,3.045197,-1.0,29.923721,,,,,,,-0.03231779000449604
2013-06-21,1.172227,1.382627,-0.661259,-0.656918,-0.65692,2.993703,3.92548,4.548664,4.576217,4.527826,3.810499,-1.0,29.727146,,,,,,,-0.006590875254002003
2013-06-24,-2.313173,1.423488,-3.410442,1.352573,1.352595,0.860009,2.01957,2.783705,3.099047,2.996438,2.549423,1.0,30.129234,,,,,,,0.013435294559901943
2013-06-25,1.217713,2.108711,-0.623698,-0.148289,-0.148291,0.231658,1.82359,2.674989,3.051685,2.981891,2.787851,0.0,30.084555,,,,,,,-0.0014840125141331588
2013-06-26,-0.669575,0.378463,-1.339153,2.019602,2.019624,-1.892304,-0.381383,0.558938,0.934483,0.884994,0.832592,1.0,30.69215,,,,,,,0.019995004431893365
2013-06-27,-0.288847,0.462161,-0.346618,0.786029,0.786015,-2.004626,-1.18718,-0.290779,0.088095,0.099361,0.120352,1.0,30.933395,,,,,,,0.007829423086024337
2013-06-28,-0.463231,0.723798,-0.579042,-0.231075,-0.2311,-1.042254,-0.917764,-0.277923,0.26782,0.376391,0.396658,0.0,30.861908,30.9445625,0.5961597943283583,29.752242911343284,32.13688208865672,30.89125694398753,,-0.002313672024219168
2013-07-01,1.135038,1.83353,-0.087308,-0.521135,-0.521082,-0.151369,-0.585022,0.02907,0.61405,0.912654,0.873073,-1.0,30.701092,30.8896122,0.5628718509061214,29.763868498187755,32.01535590181224,30.873145996941098,,-0.005224448639195576
2013-07-02,1.3848,1.473188,-0.913371,-1.222357,-1.22238,1.243372,0.338825,1.090155,1.704472,2.034171,2.009422,-1.0,30.325808,30.8427029,0.5690885365187393,29.70452582696252,31.980879973037478,30.821018568660993,,-0.012299124835370436
2013-07-03,-1.029103,1.058515,-1.205528,0.206243,0.206237,0.835056,-0.038222,0.688036,1.38195,1.721849,1.717145,0.0,30.388351,30.8083028,0.5749850994749965,29.658332601050006,31.958272998949994,30.779812133550422,,0.002060245028595352
2013-07-05,-0.350772,0.087702,-1.841558,0.588065,0.588067,0.005849,-0.412161,-2e-06,0.679624,1.031274,1.083502,1.0,30.567055,30.77479605,0.5681619326489731,29.638472184702053,31.911119915297945,30.759549549402763,,0.0058634507983586085
2013-07-08,0.058246,0.757349,-1.019522,0.350783,0.350773,-0.466057,-0.451498,-0.363143,0.132537,0.611709,0.747645,0.0,30.674276,30.714930749999997,0.506216067347245,29.702498615305508,31.727362884694486,30.751428258983452,,0.003501593051738406
2013-07-09,0.66959,0.727802,-0.611351,0.058246,0.05827,-0.529849,-0.326064,-0.547321,-0.088803,0.408721,0.696737,0.0,30.69215,30.664894500000003,0.4509003221713865,29.763093855657228,31.566695144342777,30.745782710508838,-0.21545908732661445,0.0005825335340681676
2013-07-10,-1.037467,0.317003,-1.095104,1.018932,1.018928,-1.095113,-1.034593,-1.604244,-1.11673,-0.637481,-0.349681,1.0,31.004881,30.658640300000002,0.44493813053112663,29.76876403893775,31.548516561062254,30.770458738079423,-0.16934517424079942,0.010137722133328851
2013-07-11,-1.933312,0.224155,-2.213497,2.85302,2.852999,-2.897158,-3.404303,-4.128132,-3.76295,-3.291669,-3.038192,1.0,31.88945,30.689466,0.5067937239971948,29.67587855200561,31.70305344799439,30.87702933445281,-0.060722271689339635,0.028130590383567168
2013-07-12,-0.252302,0.168214,-1.093353,-0.056041,-0.056031,-2.024105,-3.055784,-3.666944,-3.575832,-3.157834,-2.924025,0.0,31.871582,30.73190765,0.5680183698497472,29.595870910300505,31.867944389699495,30.971748635933498,0.02364776616937192,-0.0005604677310658661
2013-07-15,-1.410003,0.138244,-1.631175,1.401738,1.40171,-2.361046,-3.945227,-4.464075,-4.66406,-4.441222,-4.148899,1.0,32.318329,30.8109829,0.6697172666304314,29.471548366739135,32.15041743326086,31.099994384892213,0.12511809479178737,0.013919764227294195
2013-07-16,-0.716851,0.441136,-0.854704,0.276478,0.276521,-1.571566,-3.683502,-4.258816,-4.751881,-4.616505,-4.350722,0.0,32.407696,30.867720899999995,0.753714003119423,29.360292893761148,32.37514890623884,31.22453739585486,0.21032078422767952,0.002761394872851314
2013-07-17,1.678786,1.818682,-0.699496,-1.461257,-1.461276,0.470053,-1.751543,-2.452903,-3.233078,-3.101291,-2.862344,-1.0,31.93413,30.90167475,0.7866570210220944,29.328360707955813,32.47498879204419,31.292117643868682,0.23690086530448795,-0.014720581651045058
2013-07-18,0.790073,1.269752,-0.620762,-0.839404,-0.839372,1.179433,-0.516391,-1.422147,-2.294045,-2.231404,-1.978019,-1.0,31.666084,30.93964965,0.8050240802626758,29.329601489474648,32.54969781052535,31.32773348730976,0.23364340329566957,-0.008429141042297826
2013-07-19,3.18472,4.04458,-1.210191,-11.399546,-11.399591,11.477729,11.388558,10.577518,9.944289,9.924861,10.255859,-1.0,28.05628,30.8462776,1.011006646562534,28.824264306874934,32.86829089312507,31.016166488518355,-0.05953291483996637,-0.12103370993515215
2013-07-22,-0.968438,0.0,-1.280844,1.942669,1.942695,6.754147,8.541082,7.943354,7.652297,7.531395,7.773612,1.0,28.601328,30.789986699999996,1.1036905603818534,28.58260557923629,32.99736782076371,30.786181870564224,-0.24507141007626032,0.019240657486238814
2013-07-23,0.282841,0.691392,-0.345698,-0.593558,-0.59357,4.594603,8.394098,8.055737,7.99655,7.773731,8.034785,-1.0,28.431559,30.705102949999997,1.2166824235067069,28.271738102986582,33.13846779701341,30.56193207336763,-0.40118631762519286,-0.005953389714410139
2013-07-24,0.250319,0.71965,-0.219024,0.439972,0.439979,1.770966,7.061952,7.16938,7.255948,6.923654,7.261161,0.0,28.556652,30.628707799999994,1.3026298020213438,28.023448195957307,33.23396740404268,30.370953018761185,-0.5089477145068386,0.004390143109192712
2013-07-25,0.732724,0.828292,-0.445999,-1.783479,-1.783486,1.038549,7.636197,8.558998,8.73209,8.457478,8.825536,-1.0,28.047348,30.4964677,1.4244054760629472,27.647656747874105,33.34527865212589,30.14965730268869,-0.6282044247188736,-0.01799582166456166
2013-07-26,-1.138523,0.0,-1.296654,0.732724,0.732722,0.442758,5.572425,7.223281,7.466798,7.432009,7.70715,1.0,28.252857,30.362440799999995,1.5049621004796292,27.352516599040737,33.372365000959256,29.96900965481358,-0.6980862640619883,0.007300503177784932
2013-07-29,-0.221947,0.190231,-0.443884,-0.253004,-0.252994,0.399484,4.372221,6.90551,7.263787,7.485092,7.678072,0.0,28.181379,30.228414349999998,1.575830755995279,27.07675283800944,33.380075861990555,29.798759116259905,-0.7505835425893679,-0.0025331445338177055
2013-07-30,-0.219777,0.847721,-0.941918,0.982876,0.982865,-0.558866,1.96861,5.341712,5.825753,6.204089,6.300371,1.0,28.458364,30.11627795,1.6196128760309356,26.87705219793813,33.355503702061874,29.67110243852087,-0.7610645608932707,0.009780666132668722
2013-07-31,0.408288,0.659545,-0.408295,-0.031397,-0.031393,-0.603015,0.775756,4.775964,5.529211,6.007542,6.005027,0.0,28.44943,30.022459050000002,1.6606626930634263,26.70113366387315,33.34378443612685,29.554752682471264,-0.7613157682721905,-0.00031398159884377943
2013-08-01,1.231452,1.326176,-0.221029,-0.53392,-0.533919,0.107358,0.126301,4.49216,5.726242,6.238083,6.26671,-1.0,28.297533,29.91791815,1.7017193779722402,26.514479394055517,33.32135690594448,29.43501747461686,-0.7649537596001501,-0.005353497517732553
2013-08-02,-0.62715,0.031361,-1.003446,0.694661,0.694665,-0.413923,-0.410788,2.981081,4.633115,5.162749,5.366365,1.0,28.494106,29.814270699999998,1.7230959666677694,26.36807876666446,33.260462633335536,29.345406857986685,-0.7434055789072396,0.006922631165024685
2013-08-05,0.630912,0.946369,-0.189281,-0.595792,-0.59579,0.283904,0.088319,2.658249,4.845419,5.434695,5.832801,-1.0,28.324341,29.69677395,1.7413894356653477,26.213995078669306,33.179552821330695,29.24816249055938,-0.7315937498298091,-0.0059757178924931265
2013-08-06,-0.095,0.284991,-0.633315,-0.378552,-0.378565,0.493991,0.392661,2.058273,4.805265,5.483227,6.009088,0.0,28.217115,29.573022199999997,1.7548224288803773,26.063377342239242,33.08266705776075,29.149967491458487,-0.722555858104414,-0.0037928322377226726
2013-08-07,-1.621959,0.124757,-2.526516,1.519953,1.519953,-0.87336,-1.079224,-0.234972,2.824395,3.669375,4.254529,1.0,28.646002,29.455078249999996,1.7326518267546673,25.989774596490662,32.92038190350933,29.10197077798625,-0.673027426033471,0.015085178436121286
2013-08-08,-1.976276,0.547282,-2.553968,2.58889,2.588902,-2.633022,-3.119492,-3.269488,-0.196111,0.916994,1.475625,1.0,29.387619,29.3299867,1.6352207595685322,26.059545180862933,32.600428219137065,29.129175370558986,-0.5673929402111249,0.025559576023248834
2013-08-09,0.214064,0.611624,-0.703364,-0.577677,-0.577702,-1.571852,-2.226285,-2.442391,-0.07032,1.318672,1.869539,-1.0,29.217846,29.1972999,1.5218711621187264,26.153557575762548,32.241042224237454,29.13762019241051,-0.49170800755588573,-0.005793776225790039
2013-08-12,-1.247338,0.304235,-1.247338,0.519872,0.519884,-1.369027,-2.327344,-2.772531,-1.089129,0.616986,1.173321,0.0,29.369745,29.049870700000003,1.33495421046838,26.379962279063243,31.719779120936764,29.159727316942842,-0.4146898864435933,0.005185375871024581
2013-08-13,0.86875,0.992861,-0.062057,-1.947061,-1.256112,0.426126,-0.897807,-1.404846,-0.418266,1.663647,2.264911,-1.0,29.000828,28.879527299999996,1.0762270622173282,26.72707317556534,31.03198142443465,29.144594048662572,-0.3790515193448627,-0.012640681540910926
2013-08-14,-0.649147,3.122111,-2.009264,0.372318,0.372303,0.3716,-1.03888,-1.644101,-1.272942,1.026003,1.746224,0.0,29.108799,28.738260750000002,0.805568520857212,27.127123708285577,30.349397791714427,29.14118499640899,-0.33819697510118374,0.0037161183035099446
2013-08-15,0.660582,1.226798,-2.988364,-1.731057,-1.731047,1.592433,0.811816,0.218423,-0.068904,2.346319,3.3307,-1.0,28.604912,28.585202149999997,0.4171940353393731,27.750814079321252,29.419590220678742,29.090111377703373,-0.34253044641909014,-0.017462048276016513
2013-08-16,-0.03144,0.597487,-0.440248,0.03145,0.031432,1.138378,0.822006,0.271052,-0.002865,1.858762,3.070702,0.0,28.613903,28.6130833,0.39818564348382335,27.81671201303235,29.409454586967648,29.04475819887448,-0.34130490461495455,0.00031426725890774465
2013-08-19,1.178723,1.847722,-0.031857,-1.289308,-1.289293,1.662949,2.11078,1.595738,1.24015,2.612314,4.13025,-1.0,28.244986,28.595266200000005,0.40662233745285864,27.782021525094287,29.408510874905723,28.968589418029293,-0.3658844840605404,-0.012976763475267003
2013-08-20,-0.56926,0.885512,-0.790639,0.732724,0.732714,0.537634,1.450576,0.855241,0.507327,1.309796,3.110367,1.0,28.451941,28.596285299999998,0.40621578886388776,27.783853722272223,29.408716877727773,28.919384806788408,-0.3644631348049714,0.007300428087033255
2013-08-21,0.0,1.265413,-0.221449,-0.031626,-0.031618,0.101229,1.411272,0.88562,0.519127,0.850865,2.842736,0.0,28.442945,28.59059995,0.4075930672133054,27.77541381557339,29.405786084426612,28.87400958709427,-0.35991374567533896,-0.0003162322910698361
2013-08-22,-0.617475,0.308747,-0.895341,2.467567,2.467568,-1.938872,-1.114175,-1.350047,-1.713245,-1.923807,0.052224,1.0,29.144794,28.64547225,0.40446839952665686,27.836535450946688,29.454409049053314,28.89979857879958,-0.2962598738994089,0.024376152454679764
2013-08-23,1.208627,1.294967,-2.158273,7.286203,7.28619,-6.900712,-7.174093,-7.45823,-7.906057,-8.17361,-6.80699,1.0,31.268339,28.79624635,0.7025864137600609,27.39107352247988,30.201419177520123,29.125373857009144,-0.07361282479975628,0.07032974868966485
2013-08-26,0.732064,1.522682,-0.3514,-1.726613,-1.726612,-3.648608,-5.101023,-5.310737,-5.873565,-6.283375,-5.342102,-1.0,30.728456,28.923600200000003,0.8081791723720966,27.30724185525581,30.539958544744195,29.278048346817794,0.05859704927888387,-0.017416921235521483
2013-08-27,0.781726,2.525556,-0.330716,-2.606161,-2.606141,-0.084191,-2.251961,-2.395933,-3.109386,-3.575673,-3.085401,-1.0,29.927629,28.997063450000002,0.8301429821641897,27.33677748567162,30.657349414328383,29.339913170930387,0.09762887598689218,-0.02640703026800143
2013-08-28,1.12053,1.756505,-0.060569,-0.721582,-0.721584,1.496054,-1.338591,-1.447404,-2.192742,-2.719336,-2.630333,-1.0,29.711676,29.060175749999996,0.8342887137122577,27.39159832257548,30.72875317742451,29.375319154651304,0.10986976727109266,-0.0072420006850210305
2013-08-29,-1.847985,0.149028,-2.23547,1.605085,1.605079,0.584203,-2.37258,-2.827385,-3.424621,-3.972388,-4.331648,1.0,30.188572,29.154727700000002,0.8503116520502426,27.454104395899517,30.855351004100488,29.452771806589276,0.1562511177955095,0.015923342303523002
2013-08-30,-0.089829,0.239515,-0.92815,-0.447085,-0.447096,0.227549,-1.455088,-2.205587,-2.731445,-3.301453,-3.680468,0.0,30.0536,29.232702400000004,0.858012314689886,27.516677770620234,30.948727029379775,29.50999353929506,0.1800421460662598,-0.004480988030932204
2013-09-03,-0.407776,0.595988,-1.850684,-4.550907,-4.550882,3.582174,3.397101,2.298188,1.969205,1.379351,0.921741,-1.0,28.685896,29.250780150000004,0.8415167451878709,27.567746659624262,30.933813640375746,29.431508059362198,0.08752548563945695,-0.04657688073495703
2013-09-04,0.608968,0.865378,-0.288462,-2.132993,-2.13302,4.519242,5.516035,4.3077,4.166149,3.534162,3.078888,-1.0,28.07402,29.243625400000003,0.8513189523987383,27.540987495202526,30.94626330479748,29.302223482280084,-0.034767139887410536,-0.02156097988873586
2013-09-05,-0.416266,0.672434,-0.896571,0.096151,0.096157,3.2725,5.292993,3.968412,3.969113,3.385108,2.925819,0.0,28.101015,29.21637605,0.8797035826137112,27.45696888477258,30.975783215227423,29.187822674443883,-0.12803079646957016,0.0009611031689782924
2013-09-06,0.51364,0.770462,-0.064209,-0.256164,-0.256151,1.996783,5.165321,4.09844,3.993762,3.612293,3.187964,0.0,28.029034,29.1484468,0.9174294410748359,27.313587917850327,30.98330568214967,29.07746184830637,-0.20538364653856078,-0.0025647951762389587
2013-09-09,-1.389769,0.410616,-1.452934,1.637239,1.637231,-0.745418,2.495264,2.392083,2.190461,1.94238,1.553259,1.0,28.487934,29.1119512,0.9289689004279177,27.254013399144164,30.969889000855837,29.02131633894386,-0.2270397695665345,0.016239727700284333
2013-09-10,-1.51281,0.030883,-1.852417,2.305745,2.305748,-2.66749,-0.358133,0.290214,-0.15128,-0.242575,-0.625343,1.0,29.144794,29.100703650000003,0.9270431773245568,27.24661729535089,30.954790004649116,29.0330761161873,-0.1890203814025071,0.02279567415695753
2013-09-11,-0.519249,0.580324,-0.641426,1.08059,1.080584,-2.767259,-1.582164,-0.553861,-1.140809,-1.140294,-1.574387,1.0,29.459728,29.12364865,0.930115043189655,27.26341856362069,30.98387873637931,29.07370962893137,-0.13195609288194632,0.010747874768951646
2013-09-12,0.091777,0.275314,-0.305901,-0.152728,-0.152717,-1.7253,-1.532582,-0.181507,-0.937599,-0.88455,-1.314454,0.0,29.414738,29.1389456,0.9323710138469677,27.274203572306064,31.003687627693935,29.106188521414094,-0.08933277745549972,-0.0015283368772245718
2013-09-13,-0.78716,0.121105,-1.574329,1.040073,1.040074,-1.598549,-2.703606,-1.07983,-1.769608,-1.859988,-2.170678,1.0,29.720673,29.19473365,0.9321160757088984,27.3305014985822,31.0589658014178,29.16471085270799,-0.03051533343243662,0.010347023020362436
2013-09-16,1.768299,2.134149,-0.213412,-0.696337,-0.696333,-0.213419,-2.204273,-0.782526,-0.92836,-1.131714,-1.369526,-1.0,29.513718,29.2397244,0.9242883638994474,27.391147672201104,31.088301127798896,29.19794962864056,-0.0005947680761053675,-0.006987692068834056
2013-09-17,1.487999,1.639845,-0.091096,0.396345,0.396348,-0.279388,-2.271496,-1.421207,-1.085648,-1.486803,-1.611943,0.0,29.630695,29.309009850000002,0.8973415317408763,27.51432678651825,31.103692913481755,29.239163473531935,0.032185546867754766,0.003955645059135596
2013-09-18,-0.99039,0.240102,-1.470582,1.18433,1.184312,-1.09843,-2.779105,-2.563019,-1.98829,-2.508999,-2.567351,1.0,29.981615,29.38549355,0.8855581116777382,27.614377326644522,31.156609773355477,29.309873142719372,0.08549496117570499,0.011773543202532226
2013-09-19,-0.475621,0.118909,-0.951246,0.960381,0.960392,-1.474434,-2.987515,-3.367025,-2.618908,-3.282999,-3.315396,1.0,30.269556,29.476824100000005,0.8773882736830355,27.722047552633935,31.231600647366076,29.401271510079432,0.1492569471870553,0.009558094468224154
2013-09-20,1.890817,2.104297,-0.304977,-2.526748,-2.52676,0.933218,0.027453,-1.016566,-0.033543,-0.653855,-0.795851,-1.0,29.504717,29.494820249999997,0.8739038328220825,27.747012584355833,31.24262791564416,29.411123461500438,0.13649918754139279,-0.0255923060694568
2013-09-23,-0.610877,0.702501,-0.733054,-0.152482,-0.152481,1.050703,0.51008,-0.999796,-0.187844,-0.387295,-0.616984,0.0,29.459728,29.404389700000003,0.7678664663702871,27.868656767259427,30.94012263274058,29.41575246516706,0.12135937941397756,-0.0015259707347390584
2013-09-24,1.294293,1.294293,-0.924496,-0.88577,-0.885765,1.657932,1.42681,0.002052,0.442217,0.633588,0.251666,-1.0,29.198784,29.3279061,0.7024351106589066,27.923035878682185,30.732776321317814,29.395088801817817,0.08729864792481834,-0.008897113562257366
2013-09-25,-0.061507,0.892036,-0.338345,0.184891,0.184888,0.972017,1.168882,0.086137,0.141505,0.557376,0.095364,0.0,29.252769,29.2941631,0.6881742754745461,27.917814549050906,30.67051165094909,29.381534534978027,0.0639245289754804,0.0018471712924349618
2013-09-26,-0.396707,0.701861,-0.549283,0.79976,0.799788,-0.360106,0.39058,-0.394691,-0.691203,-0.098894,-0.656111,1.0,29.486729,29.28291575,0.6828087264577165,27.917298297084567,30.648533202915434,29.39155305545631,0.06354646394137475,0.007966061855718302
2013-09-27,-1.172224,1.442741,-1.202287,1.525786,1.525768,-1.568982,-1.04599,-1.46679,-2.225733,-1.494444,-2.000807,1.0,29.936628,29.270318550000002,0.6673703325775435,27.935577884844914,30.60505921515509,29.443464954936662,0.09841546183270111,0.01514244967863707
2013-09-30,-0.841343,0.09015,-1.742783,0.030054,0.030037,-1.274023,-0.931475,-1.171859,-2.273122,-1.700706,-1.881997,0.0,29.94562,29.264919549999995,0.6611074954286363,27.942704559142722,30.587134540857267,29.491289244942696,0.12533024409134796,0.000300322728952515
2013-10-01,-0.684943,0.089336,-0.833839,0.901451,0.901474,-1.483038,-1.623005,-1.818557,-2.893106,-2.646829,-2.541211,1.0,30.215572,29.34140335,0.6788409497353473,27.983721450529305,30.699085249470695,29.560268554948152,0.16652369179722015,0.008974350501637971
2013-10-02,-1.650935,0.324295,-1.857303,1.012495,1.012494,-1.639148,-2.432195,-2.570756,-3.465509,-3.544814,-3.292063,1.0,30.521503,29.4637775,0.6586486021841135,28.146480295631772,30.781074704368226,29.651814692572138,0.22130480675997788,0.01007403097062639
2013-10-03,0.059067,0.413464,-1.299477,-0.176878,-0.176902,-0.821017,-2.194318,-2.167737,-2.906072,-3.274649,-2.899182,0.0,30.46751,29.582102250000002,0.6118515477381326,28.358399154523738,30.805805345476266,29.72949995994622,0.2573953577221353,-0.0017705816654382152
2013-10-04,-0.560809,0.324678,-0.76742,0.059067,0.059073,-0.519478,-1.930337,-2.058239,-2.560502,-3.292793,-2.809913,0.0,30.485508,29.70492595,0.5239170156900923,28.657091918619816,30.752759981380184,29.80150072566563,0.28417388787514497,0.0005905532199593639
2013-10-07,0.900898,1.231231,-0.300294,-1.71193,-1.711912,1.22522,-0.05406,-0.252259,-0.617124,-1.620427,-1.262269,-1.0,29.963623,29.7787104,0.4408283830854251,28.897053633829152,30.66036716617085,29.816940942268904,0.2602839170505753,-0.017267343912318545
2013-10-08,0.908825,0.969415,-0.636168,-0.870874,-0.870876,1.769158,0.993637,0.640208,0.349893,-0.619208,-0.509948,-1.0,29.702677,29.806604549999996,0.41552965610693804,28.97554523778612,30.637663862213874,29.80605866205282,0.21778429982846959,-0.008746902814798455
2013-10-09,0.0,0.846683,-0.332631,0.181769,0.181758,1.070457,0.979745,0.40722,0.217724,-0.573326,-0.709603,0.0,29.756664,29.82145135,0.4077147593711395,29.006021831257723,30.636880868742278,29.801354408523977,0.18631166183589798,0.0018159304804820783
2013-10-10,-1.33293,0.385074,-1.481043,2.086477,2.086474,-1.054493,-0.790866,-1.621237,-1.672085,-2.305675,-2.665865,1.0,30.377529,29.8695909,0.4139573747093903,29.041676150581218,30.69750564941878,29.85622817914074,0.20905809461281777,0.02065005054672748
2013-10-11,-1.318491,0.029294,-1.318491,1.095981,1.095975,-1.980656,-1.614409,-2.42601,-2.576903,-3.01552,-3.664412,1.0,30.710459,29.919080200000003,0.4525804527383959,29.013919294523212,30.824241105476794,29.937583495413048,0.251055463943878,0.010900123158497303
2013-10-14,-1.596514,0.145135,-1.944853,0.937592,0.937615,-2.223528,-2.188693,-3.001465,-3.242394,-3.592467,-4.457682,1.0,30.998405,29.99331455,0.5016898283813421,28.989934893237315,30.996694206762687,30.03861411489752,0.30406840613837005,0.009332470935954153
2013-10-15,0.521879,1.449695,-0.057991,0.116113,0.11609,-1.478687,-2.038268,-2.719623,-3.128438,-3.460707,-4.316222,0.0,31.034391,30.063499349999994,0.5446384656867308,28.974222418626532,31.152776281373455,30.133450008716807,0.34500827359971353,0.0011602251182355708
2013-10-16,-0.115476,0.750586,-0.230941,0.4349,0.434918,-0.99885,-2.254624,-2.730949,-3.357393,-3.659356,-4.399541,0.0,31.169365,30.122886850000004,0.597436911170779,28.928013027658444,31.317760672341564,30.232108579315206,0.38391910681187724,0.004339744752220518
2013-10-17,-1.345925,0.20047,-1.575026,0.808311,0.8083,-1.128284,-2.734814,-3.100411,-3.949017,-4.176393,-4.81385,1.0,31.421307,30.180474399999998,0.6641077481466791,28.85225890370664,31.508689896293355,30.345365571761374,0.43012759315404026,0.008050508251760692
2013-10-18,-0.400455,0.085821,-1.802051,0.11455,0.114531,-0.766568,-2.537162,-2.888993,-3.748545,-4.065192,-4.559471,0.0,31.457294,30.278103250000004,0.7019797306289354,28.874143788742135,31.682062711257874,30.451263517307908,0.4642998420756257,0.0011446502739224118
2013-10-21,-0.028585,0.600169,-0.228642,0.085821,0.085827,-0.54301,-2.137747,-2.646461,-3.509564,-3.897103,-4.324082,0.0,31.484293,30.3793315,0.7234037888706145,28.93252392225877,31.826139077741228,30.549647277564297,0.48793557166290213,0.0008579066065158935
2013-10-22,1.272406,1.503748,-0.173516,-1.171763,-1.171756,0.688253,-0.523426,-1.299402,-2.057546,-2.566799,-2.978597,-1.0,31.115374,30.475160999999996,0.6846954026557265,29.105770194688542,31.84455180531145,30.603526013034365,0.47146363818669457,-0.011786748676195497
2013-10-23,1.74763,2.162334,-0.266588,-2.371324,-2.37132,2.612557,2.097161,1.066357,0.506526,-0.148095,-0.521317,-1.0,30.377529,30.531399,0.6223632230551321,29.286672553889737,31.776125446110264,30.582002487983473,0.3943260420080499,-0.0239988804209111
2013-10-24,0.296557,1.126919,-0.444843,-0.118475,-0.118469,2.022525,2.206397,1.158553,0.766601,-0.020171,-0.301507,0.0,30.341541,30.574139600000002,0.5743444372919847,29.425450725416034,31.72282847458397,30.559101393889808,0.32652602173124023,-0.0011853937886094038
2013-10-25,0.419818,1.567313,-0.727677,5.960851,5.960861,-3.285766,-3.095451,-4.18697,-4.557806,-5.315431,-5.658187,1.0,32.150158,30.6848161,0.6529280739091565,29.378959952181685,31.990672247818313,30.71063059447173,0.4139623930615919,0.05789960146950231
2013-10-28,0.112457,0.449817,-0.843407,-0.447803,-0.447817,-2.524596,-2.344673,-3.330521,-3.806576,-4.571265,-4.974226,0.0,32.006184,30.7878443,0.6915768548555544,29.40469059028889,32.170998009711106,30.83401663309347,0.46626404703195945,-0.004488231005654407
2013-10-29,0.309687,0.563066,-0.731988,-0.140568,-0.140557,-1.858113,-1.91724,-2.723358,-3.398094,-4.091223,-4.597417,0.0,31.961197,30.875125549999996,0.7249026438620231,29.42532026227595,32.32493083772404,30.941367144227424,0.4983388694072417,-0.0014065608662923229
2013-10-30,-0.028143,0.703433,-0.309513,0.056309,0.056293,-0.91164,-1.719188,-2.31476,-3.224532,-3.804159,-4.442876,0.0,31.979189,30.94800985,0.7599119681880223,29.428185913623953,32.46783378637604,31.040207320967667,0.5192248998219817,0.0005627742214401652
2013-10-31,0.706015,0.790734,-0.197684,-0.365788,-0.365763,0.406653,-1.220012,-1.645503,-2.650398,-3.152798,-3.92546,0.0,31.862221,31.017745400000003,0.7772928314541688,29.463159737091665,32.57233106290834,31.118494338018365,0.5203407253626189,-0.0036643341956507755
2013-11-01,0.39403,0.450324,-0.394033,0.338884,0.338875,-0.045033,-1.393191,-1.714987,-2.746978,-3.225447,-3.992873,0.0,31.970194,31.091979700000003,0.7944930800441956,29.50299353991161,32.68096586008839,31.19960859154043,0.5238983695854849,0.0033830179534182873
2013-11-04,-0.973843,0.111299,-1.085142,1.153954,1.15394,-0.979398,-2.253745,-2.559814,-3.48914,-4.03338,-4.791309,1.0,32.339111,31.210754100000003,0.7944930957807309,29.621767908438542,32.79974029156146,31.30813263044134,0.5501446222434545,0.011473333351371512
2013-11-05,-2.319864,0.191048,-2.374451,1.947691,1.947722,-2.259841,-3.558969,-4.030224,-4.837629,-5.532771,-6.229094,1.0,32.968987,31.374069600000002,0.8038333699387527,29.766402860122497,32.98173633987751,31.46630923706597,0.6146849897419351,0.0192899671165574
2013-11-06,-2.462017,0.10477,-2.93347,4.20306,4.203029,-4.819267,-6.291243,-7.283041,-8.006805,-8.8968,-9.51632,1.0,34.354683,31.603970550000003,0.9593797358887359,29.68521107822253,33.52273002177748,31.741392452583497,0.7687856994374229,0.04117100954354713
2013-11-07,1.226664,1.359995,-0.186667,-1.781037,-1.781026,-1.978669,-3.584001,-5.143116,-5.840005,-6.856538,-7.455115,-1.0,33.742817,31.77223495,1.025773832926272,29.72068728414746,33.823782615852544,31.932004314242214,0.8319489597465655,-0.017970776216272133
2013-11-08,-0.291162,0.0,-1.164635,0.746664,0.746663,-1.514027,-3.755954,-5.348508,-6.054791,-7.133934,-7.743075,1.0,33.994762,31.936450100000002,1.1065582768253168,29.72333354634937,34.14956665365064,32.128457427171526,0.8920531214161613,0.007438888886882956
2013-11-11,0.266026,0.505451,-0.638473,-0.502909,-0.502922,-0.138323,-2.732099,-4.408964,-5.162269,-6.208026,-6.894555,-1.0,33.823795,32.0777196,1.1595814560144364,29.75855668797113,34.396882512028874,32.289918148393284,0.9153390358704954,-0.005041905040133358
2013-11-12,0.053533,0.64239,-0.428266,-0.611862,-0.611862,0.861888,-1.640785,-3.324404,-4.19432,-5.164877,-5.984113,-1.0,33.61684,32.20684205,1.1808752063340848,29.84509163733183,34.56859246266817,32.416291658070115,0.9066425410883312,-0.0061374169928675466
2013-11-13,-3.092243,0.0,-3.301882,2.141325,2.141335,-1.263105,-3.016246,-4.582458,-5.741616,-6.619498,-7.584732,1.0,34.336689,32.36520825,1.2450565647868026,29.875095120426398,34.85532137957361,32.59918664301582,0.9469207911468871,0.02118730075821835
2013-11-14,-0.394532,0.289324,-0.789056,-0.366876,-0.366864,-0.625999,-1.972657,-3.477127,-4.986861,-5.827471,-6.879724,0.0,34.21072,32.5046789,1.2892077115374228,29.926263476925158,35.083094323074846,32.752666010347646,0.9576378954247105,-0.0036753874038924304
2013-11-15,0.2907,0.475687,-0.317122,-0.473435,-0.473454,-0.12156,-0.895871,-2.646222,-4.154327,-4.987309,-6.087908,0.0,34.048748,32.6342516,1.3084829808314307,30.01728563833714,35.25121756166286,32.876102390314536,0.9422003914210109,-0.004745782782850448
2013-11-18,0.403218,1.021508,-0.349465,-1.691329,-1.691302,1.387077,1.147828,-0.679233,-2.208355,-3.057013,-4.122783,-1.0,33.472881,32.733681000000004,1.291950725973545,30.149779548052916,35.317582451947096,32.93293844837982,0.8734300462167326,-0.017057673860055626
2013-11-19,0.29939,1.333691,-0.190539,-1.236556,-0.487583,1.699414,1.745703,0.077298,-1.399825,-2.308792,-3.292056,0.0,33.309673,32.84339595,1.2393907399939608,30.36461447001208,35.322177429987924,32.968817929486505,0.7965770857721637,-0.004887753317179278
2013-11-20,-0.43151,0.889962,-0.593314,0.925422,0.925431,0.339282,0.593596,-0.515382,-1.821989,-2.913226,-3.795957,1.0,33.617931,33.00541605,1.104538322076333,30.796339405847334,35.21449269415267,33.03063822191636,0.7518772325945449,0.00921175005161392
2013-11-21,-0.347599,0.347586,-0.374342,0.862999,0.862992,-0.697752,-0.218361,-0.96435,-2.136099,-3.450557,-4.272018,1.0,33.908051,33.18374155,0.9251632312793259,31.33341508744135,35.03406801255865,33.11420134363861,0.7314310543773885,0.008592893477658107
2013-11-22,-0.106471,0.292787,-0.638802,0.45454,0.454559,-1.139208,-0.650081,-1.003043,-2.298268,-3.581547,-4.377188,0.0,34.062183,33.2793428,0.9114241467970282,31.456494506405946,35.10219109359406,33.204485310911124,0.7193720024479546,0.004535287143275442
2013-11-25,0.77046,0.823597,-0.18597,0.186316,0.186321,-0.940497,-0.746393,-0.83814,-2.16943,-3.451257,-4.249559,0.0,34.125648,33.385316,0.8782122483861579,31.62889150322769,35.14174049677232,33.29221509082435,0.706788790794441,0.001861476377684365
2013-11-26,0.589028,0.803224,0.0,-0.77046,-0.77047,0.155293,0.096875,0.107757,-1.129052,-2.377074,-3.227691,-1.0,33.86272,33.48039215,0.816697086091368,31.846997977817264,35.11378632218273,33.34654889169822,0.667901262680779,-0.0077345380834038975
2013-11-27,-0.079782,0.425532,-0.292543,0.669344,0.669356,-0.234047,-0.641221,-0.609748,-1.476941,-2.59063,-3.585609,1.0,34.089382,33.5859018,0.7457776052424867,32.09434658951503,35.07745701048498,33.41729490201268,0.6479037148688747,0.006671253249642763
2013-11-29,-0.813011,0.419617,-0.813011,1.409583,1.409586,-1.237881,-1.918401,-1.831765,-2.454781,-3.45536,-4.622165,1.0,34.569901,33.7212858,0.6568706861978704,32.40754442760426,35.035027172395736,33.527066911344804,0.6631846023111763,0.013997432672669383
2013-12-02,-0.936283,0.858252,-1.014304,0.839234,0.839201,-1.602063,-2.501932,-2.483267,-2.85208,-3.947879,-5.090546,1.0,34.860012,33.8657767,0.5624628798146389,32.74085094037072,34.990702459629276,33.654014062645295,0.6907419061214028,0.00835699415116263
2013-12-03,-0.443754,0.469854,-0.600363,-0.364109,-0.364082,-0.892726,-1.782835,-1.952398,-2.152464,-3.282852,-4.431948,0.0,34.733093,33.985475799999996,0.46712430702686136,33.051227185946274,34.91972441405372,33.75678348525051,0.6943360910881466,-0.0036474630844735663
2013-12-04,-1.874679,0.102725,-2.105804,1.644474,1.644458,-1.679496,-2.806872,-3.22002,-3.404757,-4.468821,-5.582594,1.0,35.304264,34.10223965,0.49092684355253047,33.12038596289494,35.08409333710506,33.90416258189332,0.7348028845397181,0.01631082860405183
2013-12-05,2.236837,2.315792,-2.157895,-2.413968,-2.413946,0.963147,-0.160539,-0.803692,-1.001191,-1.818598,-2.852809,-1.0,34.452038,34.1071074,0.4940344911031179,33.11903841779376,35.09517638220623,33.956341193141576,0.6901499747420701,-0.02443559593529247
2013-12-06,0.156405,0.495302,-0.964544,0.947371,0.947349,0.135562,-0.847229,-1.625786,-1.781368,-2.404587,-3.339243,1.0,34.778419,34.158887500000006,0.5079193721361811,33.14304875572764,35.17472624427237,34.03463431760428,0.6733366354448549,0.00942889682346142
2013-12-09,-0.387492,0.41333,-0.878326,0.912404,0.912422,-0.635499,-1.449243,-2.316375,-2.512579,-2.930786,-3.933456,1.0,35.095745,34.21393665,0.5473292235687289,33.119278202862546,35.308595097137456,34.13569247783244,0.6778041942809949,0.009082847318600169
2013-12-10,1.311992,2.072949,-0.236161,-1.549982,-1.549966,0.823908,0.225637,-0.570306,-0.872423,-1.146404,-2.175433,-1.0,34.551773,34.25033555,0.5442155916820489,33.1619043666359,35.3387667333641,34.17531919422935,0.6301863763402977,-0.015621032223249478
2013-12-11,1.19649,1.834613,-0.584956,-1.311992,-1.312011,1.45706,1.627223,0.905781,0.516053,0.300303,-0.665972,-1.0,34.09845,34.27441605,0.5250261543956903,33.22436374120862,35.32446835879138,34.16799831858846,0.5495348394768982,-0.013206937118065396
2013-12-12,1.12842,1.12842,-0.107472,-1.036958,-1.036942,2.101007,2.589986,1.988157,1.481577,1.278971,0.549272,-1.0,33.744869,34.244825049999996,0.5378527682237474,33.1691195135525,35.32053058644749,34.1277002882467,0.4518779164132454,-0.010423552579693766
2013-12-13,1.98964,2.071415,-0.190788,-1.423971,-1.423974,2.665576,3.679466,3.332413,2.805272,2.684455,2.142253,-1.0,33.264351,34.197506600000004,0.5809163314840508,33.0356739370319,35.359339262968106,34.04547654650892,0.3318845559911452,-0.014342093123196075
2013-12-16,-0.433719,0.298187,-0.948761,0.545108,0.545112,1.122254,2.694486,2.649303,2.15775,2.062076,1.735535,0.0,33.445679,34.16735315,0.6042282118373301,32.958896726325335,35.37580957367466,33.98835297065093,0.2485554154212224,0.005436317344590214
2013-12-17,1.150052,1.615556,-0.520257,-1.002979,-1.003003,1.276027,3.244807,3.484855,3.13801,3.009926,2.843914,-1.0,33.110218,34.14922,0.6310146317130872,32.88719073657383,35.41124926342617,33.904721068684175,0.15367608972773894,-0.010080664701587088
2013-12-18,-0.601424,0.054664,-2.870429,0.164299,0.164303,0.546752,2.430292,3.174774,2.946961,2.786413,2.694878,0.0,33.164619,34.1419673,0.6419115275213167,32.858144244957366,35.42579035504263,33.83423515738092,0.0819288221362271,0.0016416792460178912
2013-12-19,0.717236,0.827583,-0.46896,-0.902138,-0.902136,0.926902,2.880006,3.865749,3.769655,3.543063,3.478714,-1.0,32.865429,34.1043422,0.694170493193107,32.71600121361379,35.49268318638621,33.74196790429702,0.0009159051099913995,-0.009062299866440072
2013-12-20,-1.630429,0.353264,-1.657609,1.517239,1.517248,-0.521741,0.918479,2.072459,2.137222,1.894035,1.894312,1.0,33.364079,34.0771436,0.7126763823051984,32.651790835389605,35.502496364610394,33.70597848484016,-0.022787843615525105,0.01505852716754772
2013-12-23,0.518848,0.737302,-0.191152,-0.48913,-0.489152,-0.180216,0.843823,2.241052,2.509573,2.292751,2.315475,0.0,33.200878,34.03407835,0.7391592008227156,32.55575994835457,35.51239675164543,33.65787367676015,-0.05411834938490756,-0.00490352084227423
2013-12-24,-0.970876,0.242708,-1.186632,1.256152,1.256151,-1.116499,-0.684994,0.751539,1.16236,1.040999,1.02577,1.0,33.617931,34.0086925,0.7445477238093181,32.519597052381364,35.49778794761864,33.6540696123068,-0.044779123427758805,0.01248326398131424
2013-12-26,-0.64102,0.133555,-0.721157,0.970866,0.97089,-1.607915,-1.685367,-0.484334,0.20165,0.144223,0.086512,1.0,33.944324,34.012772700000006,0.7439290189668386,32.52491466206633,35.50063073793368,33.6817128873252,-0.01091471421998591,0.009662067650423753
2013-12-27,0.777691,0.88495,-0.32181,-0.400636,-0.400659,-0.654324,-1.271107,-0.210946,0.563165,0.5696,0.437037,0.0,33.808323,33.99871975,0.7450594574249144,32.50860083515017,35.48883866484983,33.69377099329423,0.00489253190256278,-0.004014638207840109
2013-12-30,-0.187718,0.241352,-1.045854,0.0,0.0,-0.391523,-1.110208,-0.402239,0.450534,0.557801,0.397362,0.0,33.808323,33.96064085,0.7337058480008634,32.49322915399827,35.42805254600172,33.70468070821859,0.01722137109371147,0.0
2013-12-31,-0.026725,0.454429,-0.507883,0.321799,0.321823,-0.288705,-1.288438,-0.953406,-0.010701,0.218113,0.062361,0.0,33.917126,33.913496550000005,0.7025043372292058,32.50848787554159,35.31850522445842,33.72491359315015,0.035363904692545134,0.0032130637806426373
2014-01-02,0.511297,0.645861,-0.161469,-0.668271,-0.66827,0.425179,-0.45211,-0.457489,0.507257,0.840679,0.757075,-1.0,33.690468,33.8613653,0.6766941539348457,32.50797699213031,35.214753607869696,33.72163306046918,0.03109415290026618,-0.006705129876032583
2014-01-03,0.785698,0.839884,-0.839886,-0.672766,-0.672766,0.818197,0.311558,0.090302,0.913024,1.476013,1.454879,-1.0,33.46381,33.7693426,0.5896972726128192,32.58994805477436,34.94873714522564,33.697078483281636,0.009313576391775769,-0.006750392303867087
2014-01-06,1.992795,2.103509,-0.055356,-2.113246,-2.113256,2.352617,2.44395,2.050003,2.832826,3.504012,3.557521,-1.0,32.756634,33.68457239999999,0.607969032988436,32.46863433402312,34.900510465976865,33.60751234201672,-0.06427001576036417,-0.021359049927271664
2014-01-07,-0.219714,0.219725,-0.549302,0.774976,0.774967,1.082135,1.549033,1.213962,1.774251,2.519098,2.670522,1.0,33.010487,33.5961758,0.5677523608013866,32.460671078397226,34.73168052160277,33.55065278563418,-0.10093817467431876,0.00771979240813453
2014-01-08,0.671147,1.062643,-0.503345,-1.785229,-1.785245,1.996673,3.154391,2.843057,3.211723,4.081688,4.36804,-1.0,32.421169,33.462447,0.5077700202684092,32.44690695946318,34.47798704053682,33.443082901288065,-0.175527619126278,-0.018013725215043106
2014-01-09,0.985089,1.069522,-0.36588,-0.643174,-0.643132,1.739358,3.385856,3.322998,3.516733,4.442429,4.845655,-1.0,32.212658,33.345491249999995,0.5130171812690718,32.319456887461854,34.371525612538136,33.32589957735587,-0.24859968393478482,-0.006452092751686771
2014-01-10,-0.388454,0.305219,-0.804664,1.435412,1.435395,-0.183137,1.534402,1.761002,1.834072,2.642618,3.240841,1.0,32.675037,33.274320599999996,0.5016710355864406,32.270978528827115,34.27766267117288,33.26391266522674,-0.26613189785672375,0.014251910979172068
2014-01-13,2.88737,2.973128,-0.428811,-2.941179,-2.941172,2.184094,3.950822,4.602621,4.599764,5.407655,6.11968,-1.0,31.714008,33.17277755,0.5977476374688055,31.97728227506239,34.36827282493761,33.11630269710991,-0.35349840280574796,-0.02985291585196865
2014-01-14,-2.934598,0.279491,-3.214081,2.287018,2.287002,-0.452759,1.204596,2.073794,2.133885,2.762451,3.528053,1.0,32.439308,33.1315254,0.6191802564822512,31.8931648870355,34.369885912964506,33.05182701167087,-0.36006078243467954,0.0226124213085471
2014-01-15,-2.339489,0.081619,-2.475517,2.738958,2.738952,-2.56255,-1.670277,-0.622036,-0.606621,-0.189316,0.614818,1.0,33.327805,33.1256317,0.616588154508361,31.892455390983276,34.35880800901672,33.07811062960698,-0.2902217376147931,0.0270211362349336
2014-01-16,-0.542152,0.298187,-1.572236,0.353648,0.353681,-2.168626,-2.090014,-1.006613,-0.906767,-0.673368,0.131909,0.0,33.445679,33.142404750000004,0.6206958777848943,31.901012994430214,34.38379650556979,33.11311714107298,-0.22279411289705564,0.0035305667872783386
2014-01-17,1.236946,1.236946,-0.632213,-1.382483,-1.382501,-0.610229,-0.863117,0.186912,0.454916,0.583835,1.30108,-1.0,32.983292,33.1333384,0.6216778443749541,31.88998271125009,34.37669408874991,33.100752841923175,-0.20431281019344283,-0.013921470131108695
2014-01-21,1.797075,1.797075,-0.304111,-0.577248,-0.57725,0.62483,-0.276469,0.562166,1.0271,1.051707,1.720587,-1.0,32.792896,33.12971175,0.6235317925820899,31.882648164835818,34.376775335164176,33.07143314269239,-0.20269309086504705,-0.005789223655272316
2014-01-22,0.918447,1.085444,-0.500974,-0.663528,-0.663516,1.380452,0.256041,0.981528,1.580839,1.642071,2.174589,-1.0,32.57531,33.0902733,0.632803765068583,31.824665769862833,34.35588083013717,33.02418331957883,-0.21647147497111519,-0.006657267100235832
2014-01-23,0.083192,0.194121,-1.497507,0.361817,0.361826,0.62672,-0.022204,0.367885,1.136972,1.18356,1.561267,0.0,32.693176,33.0648882,0.6382928010090468,31.788302597981904,34.34147380201809,32.99265881295228,-0.2153971779035473,0.0036117316441584965
2014-01-24,1.738658,2.010318,-0.760668,2.079867,2.079865,-1.467003,-1.711507,-1.740487,-0.960355,-0.846529,-0.625754,1.0,33.37315,33.05264915,0.6294153263728957,31.793818497254208,34.311479802745794,33.028896068861584,-0.15785788330185113,0.020585313362294865
2014-01-27,2.331391,2.3869,-0.13877,-2.118995,-2.118997,0.471828,0.413537,0.223877,0.988055,1.238956,1.379396,-1.0,32.665974,32.98873165,0.5982357441400364,31.792260161719927,34.18520313828007,32.994332062303336,-0.16739118943098674,-0.021417698776444727
2014-01-28,-0.413568,0.330849,-1.433692,0.666114,0.666106,-0.137848,0.104768,-0.41357,0.179207,0.571265,0.621261,1.0,32.883564,32.9424937,0.5664480929894606,31.80959751402108,34.07538988597892,32.98378272303635,-0.15559510517967112,0.006638972778320716
2014-01-29,-1.854883,0.600112,-2.073099,1.075269,1.075261,-0.801951,-0.720124,-1.427528,-0.972445,-0.51391,-0.451898,1.0,33.237148,32.91393495,0.5339650163346147,31.84600491733077,33.98186498266923,33.00791274941384,-0.11637386418300366,0.010695207591181616
2014-01-30,-0.189908,0.054259,-1.709172,0.545556,0.54557,-0.906136,-1.231693,-1.763438,-1.584385,-1.027685,-0.994769,0.0,33.41848,32.889002649999995,0.49486814659265144,31.899266356814692,33.8787389431853,33.04701439232681,-0.0698535430125915,0.005440874319942689
2014-01-31,-2.352006,0.132133,-3.382661,2.658706,2.658709,-2.928124,-3.538589,-3.900643,-4.043351,-3.510583,-3.442578,1.0,34.30698,32.91982825,0.5620593653457312,31.795709519308538,34.043946980691466,33.167011116867116,0.03826754671366217,0.02623979162568361
2014-02-03,3.453953,4.13926,-0.137061,-3.59408,-3.594091,0.937504,0.084983,-0.237571,-0.524946,-0.018642,0.148024,-1.0,33.073956,32.90033555,0.5488046237148554,31.802726302570292,33.99794479742971,33.15814872478453,0.02418081590985821,-0.03660268713415283
2014-02-04,1.705648,2.310869,-0.275098,-0.356365,-0.356374,1.342519,0.492454,0.370487,-0.138914,0.235501,0.515372,0.0,32.956089,32.910308300000004,0.5478672996297612,31.814573700740482,34.006042899259526,33.13890494147172,0.003466142876561662,-0.003570105856841232
2014-02-05,1.312119,1.814631,-0.055838,-1.458041,-1.458046,2.372989,1.948649,1.863034,1.256294,1.554452,1.91142,-1.0,32.475574,32.88356265,0.5557197573679545,31.772123135264092,33.99500216473591,33.07573056609346,-0.051134482923046676,-0.014687801484975643
2014-02-06,-1.050307,0.193477,-1.354342,1.005025,1.005054,0.978426,0.967374,0.742572,0.306786,0.407945,0.85681,1.0,32.801971,32.90260275000001,0.5454724329703888,31.81165788405923,33.993547615940784,33.04965822646551,-0.06729265432817044,0.010000367512914098
2014-02-07,-0.656458,0.082054,-1.504385,1.050307,1.050294,-0.771341,-0.15044,-0.364699,-0.594916,-0.701318,-0.238882,1.0,33.146488,32.94929425,0.5228020487391946,31.903690152521612,33.99489834747839,33.05888010965927,-0.051702484866908094,0.01044816328668946
2014-02-10,-0.461951,0.0,-1.385864,0.65645,0.656453,-1.244568,-0.592392,-0.938404,-1.139946,-1.360872,-0.947467,1.0,33.364079,32.983746350000004,0.5264682759932556,31.93080979801349,34.03668290198652,33.0879466706441,-0.021541075917298258,0.006543073863383525
2014-02-11,-0.780191,0.242131,-0.833998,1.005432,1.005432,-1.786384,-1.339788,-1.74513,-1.82943,-2.230831,-1.94422,1.0,33.699532,33.083022549999995,0.4570619218946947,32.168898706210605,33.997146393789386,33.14619289248752,0.02909492341265718,0.0100041078233652
2014-02-12,-0.320264,0.346936,-0.453702,0.807111,0.807118,-1.692028,-1.913542,-2.257816,-2.389923,-2.900467,-2.713295,1.0,33.971527,33.1596335,0.4716652130632194,32.21630307387356,34.102963926126435,33.22479614082204,0.09013304341860362,0.008038782568406627
2014-02-13,-0.74448,0.664717,-0.74448,0.373632,0.373616,-1.297522,-2.079231,-2.346888,-2.64025,-3.065139,-3.057695,0.0,34.09845,33.19816575,0.5155627213119075,32.16704030737618,34.22929119262382,33.30800127026756,0.14705268680310013,0.003729196120989624
2014-02-14,-0.611377,0.425306,-0.770859,0.026583,0.026579,-0.760222,-2.163732,-2.229298,-2.569098,-2.868675,-3.042697,0.0,34.107513,33.23125745,0.5522223938206644,32.126812662358674,34.33570223764133,33.384145244527794,0.19069500926328686,0.00026575389173330317
2014-02-18,0.561205,0.962055,-0.026718,-0.531635,0.214237,-0.494616,-2.049126,-2.142898,-2.602243,-2.900134,-3.180071,0.0,34.180584,33.29112205,0.5876850436461211,32.115751962707755,34.46649213729224,33.45999655457277,0.22854357518778556,0.002140080954033346
2014-02-19,-0.773119,0.639835,-0.799784,0.240513,0.24054,-0.404599,-1.902792,-2.109354,-2.621457,-2.835579,-3.265872,0.0,34.262802,33.36461735,0.6134459203150833,32.13772550936984,34.59150919063017,33.53645421604203,0.262151225696293,0.0024025123347141152
2014-02-20,-0.476821,0.317878,-0.927147,0.639835,0.639816,-0.741682,-1.944562,-2.491012,-2.964061,-3.216341,-3.738606,1.0,34.482021,33.4599529,0.6321979007385554,32.19555709852288,34.72434870147711,33.6265081954666,0.30298208320926534,0.006377781875464055
2014-02-21,-0.105321,0.974192,-0.315953,0.609272,0.609289,-1.000541,-1.99355,-2.836775,-3.263612,-3.645157,-4.103364,1.0,34.692116,33.5598999,0.6619071553081552,32.236085589383684,34.88371421061631,33.72799465304121,0.3482789991159052,0.006074398760112237
2014-02-24,0.0,0.769438,-0.397978,-0.763562,-0.763554,-0.05308,-0.867448,-2.065888,-2.366207,-2.789732,-3.151088,-1.0,34.427223,33.61260355,0.6877163163188318,32.23717091736234,34.988036182637664,33.79458782894204,0.3586679788249114,-0.007664838833753523
2014-02-25,0.186468,0.825778,-0.506135,-0.397978,-0.397987,0.410224,-0.201251,-1.438103,-1.739248,-2.248848,-2.607091,0.0,34.290207,33.6938152,0.6655924622982227,32.36263027540356,35.025000124596446,33.841789654757086,0.35179005718582346,-0.003987814491216285
2014-02-26,0.293571,0.720579,-0.74727,-0.186468,-0.186485,0.576471,0.139102,-1.00655,-1.359514,-1.8987,-2.180458,0.0,34.226261,33.76095005,0.64702163604277,32.46690677791446,35.05499332208554,33.87840597335165,0.33729126322715075,-0.0018665882942613212
2014-02-27,-1.082937,0.079234,-1.664028,1.040833,1.040835,-0.401471,-0.715773,-1.620131,-2.18111,-2.677092,-2.981532,1.0,34.5825,33.828217650000006,0.6595125825864612,32.50919248482708,35.14724281517293,33.94546254731816,0.3505059601173386,0.010354558859079944
2014-02-28,-0.861396,0.391537,-1.279042,1.18859,1.188595,-1.399111,-1.62621,-2.358214,-3.105073,-3.557332,-3.962473,1.0,34.993546,33.90697095,0.7007606266530314,32.50544969669394,35.308492203306066,34.04528001900214,0.3896549795029003,0.011815870718809983
2014-03-03,0.370564,0.926421,-0.767594,-1.383456,-1.383455,0.031765,-0.129696,-0.725136,-1.716438,-2.072667,-2.512448,-1.0,34.509426,33.91709325000001,0.708264717443037,32.500563815113935,35.33362268488608,34.0894843981448,0.37726751629212885,-0.013931140374099508
2014-03-04,-0.54673,0.182244,-0.885186,1.667552,1.66753,-1.155934,-1.510003,-2.026443,-3.041884,-3.403073,-3.911752,1.0,35.084881,34.0176395,0.7248156255014438,32.56800824899712,35.467270751002886,34.18428407451196,0.4091681360980175,0.016537792824094528
2014-03-05,0.367355,0.419835,-0.47232,-0.781044,-0.781023,-0.041991,-0.577279,-1.042392,-2.012251,-2.421231,-2.962142,-1.0,34.81086,34.110378049999994,0.7000788171002764,32.71022041579944,35.51053568420055,34.24395797217748,0.4076393893807264,-0.007840889873084135
2014-03-06,-0.02622,0.235911,-0.681528,0.104962,0.10497,0.005228,-0.576683,-0.978595,-1.774685,-2.338718,-2.846559,0.0,34.847401,34.2289694,0.6026885830191875,33.02359223396162,35.43434656603837,34.30142873673201,0.4047111417887592,0.0010491506054614538
2014-03-07,1.002631,1.213718,-0.554098,-0.655308,-0.655334,0.448558,0.05806,-0.225143,-0.864298,-1.555772,-2.020245,-1.0,34.619034,34.319822550000005,0.5053491286752608,33.309124292649486,35.330520807350524,34.33167685704325,0.37958752738720136,-0.006574911255520967
2014-03-10,0.449503,0.502374,-0.264408,-0.211087,-0.21106,0.682168,0.304062,0.0705,-0.452066,-1.319884,-1.699847,0.0,34.545967,34.3897965,0.42480195804845006,33.5401925839031,35.239400416096906,34.35208544208675,0.3497492935696087,-0.0021128323899336017
2014-03-11,-0.394532,0.552341,-0.789056,0.528821,0.528797,-0.052589,-0.097306,-0.350678,-0.779242,-1.648372,-2.018941,0.0,34.728645,34.4580248,0.3552832276695349,33.74745834466093,35.16859125533907,34.387948257126105,0.33695861700516616,0.005274036711724704
2014-03-12,-1.228119,0.418082,-1.254244,0.657549,0.657564,-0.621898,-0.540896,-0.869263,-1.247559,-2.061914,-2.461306,1.0,34.957008,34.5208986,0.3238670842624044,33.873164431475196,35.16863276852481,34.442144423114094,0.34131443887627455,0.0065541128665426735
2014-03-13,1.398783,1.477968,-0.659805,-0.992947,-0.992963,0.23754,0.464516,0.149572,-0.164926,-0.833,-1.350858,-1.0,34.609898,34.552817149999996,0.2972367246148715,33.95834370077025,35.14729059922974,34.458120954246084,0.3131478099846774,-0.009979253083026763
2014-03-14,-0.132623,1.167103,-0.503987,-0.501446,-0.501446,0.63661,0.809025,0.604784,0.387277,-0.143381,-0.755167,-1.0,34.436348,34.56971205000001,0.27910105147156866,34.01150994705687,35.12791415294314,34.45604733955598,0.2736668578902979,-0.005027076069822088
2014-03-17,-0.39421,0.946126,-0.683306,0.928377,0.928374,-0.168192,-0.047293,-0.25754,-0.442822,-0.876656,-1.624986,1.0,34.756046,34.6021387,0.25956574749857875,34.08300720500284,35.12127019499715,34.48461864055065,0.26511875174352895,0.00924090804059089
2014-03-18,-3.261697,0.884963,-3.362827,3.942181,3.942198,-3.18079,-3.549938,-3.701644,-3.949429,-4.33026,-5.07441,1.0,36.126198,34.699419400000004,0.4126863764722455,33.874046647055515,35.52479215294449,34.640959531926775,0.36470009591066344,0.03866476602391561
2014-03-19,0.509297,0.71301,-0.91673,-0.707962,-0.707963,-1.981165,-2.566848,-2.70945,-3.040489,-3.406041,-4.126759,-1.0,35.870438,34.779801199999994,0.47502443113505466,33.829752337729886,35.7298500622701,34.758052719362325,0.4181610339799491,-0.00710480628176405
2014-03-20,-2.677912,0.793454,-2.702703,2.699267,2.699265,-3.347392,-4.587163,-4.858258,-5.269033,-5.63352,-6.25182,1.0,36.838676,34.89763395,0.6553390945650007,33.58695576087,36.20831213913,34.95620731751829,0.5325193753848865,0.026634769314030107
2014-03-21,1.394425,1.942229,-0.373511,-0.421527,-0.421516,-1.713158,-3.620529,-4.148417,-4.596622,-4.9522,-5.502288,0.0,36.683395,34.997197899999996,0.7646245224247773,33.46794885515044,36.52644694484955,35.12070138251655,0.6036606813245413,-0.00422407118773789
2014-03-24,-0.395062,0.345677,-1.580244,0.846614,0.846593,-1.328384,-3.767895,-4.505342,-5.050608,-5.438015,-5.948908,1.0,36.993954,35.125534449999996,0.8718136172283912,33.381907215543215,36.86916168445678,35.29910639370545,0.6772927850513426,0.008430293529686918
2014-03-25,0.793257,1.611309,-0.941996,-0.395062,-0.39504,-0.545372,-2.811118,-3.807646,-4.326982,-4.773435,-5.260748,0.0,36.847813,35.25341475,0.9285677911657113,33.396279167668574,37.11055033233142,35.4466022609716,0.7156053474008175,-0.00395822572355052
2014-03-26,1.734101,2.312134,-0.477514,-1.363409,-1.363413,1.090722,-1.08571,-2.19654,-2.713002,-3.227954,-3.708544,-1.0,36.345425,35.35937295000001,0.9260960354326739,33.50718087913466,37.21156502086536,35.53220442659335,0.6973907298979682,-0.013727931802005253
2014-03-27,0.96545,1.549797,-0.050816,-1.080674,-1.080678,1.702236,0.36839,-0.923108,-1.459608,-2.007116,-2.472897,-1.0,35.952648,35.427880349999995,0.9162280196962532,33.59542431060749,37.2603363893925,35.5722466716797,0.6438399072971919,-0.01086559704856018
2014-03-28,-1.265504,0.843672,-1.538459,2.388206,2.388197,-0.600486,-1.327533,-2.837047,-3.511157,-4.062521,-4.502058,1.0,36.811268,35.51876645,0.9599866034309859,33.59879324313803,37.43873965686197,35.690248702948296,0.6630408308174083,0.023601254646152113
2014-03-31,-1.366192,1.244201,-1.439375,1.712166,1.712182,-2.03465,-2.271295,-3.957076,-4.743853,-5.355464,-5.812811,1.0,37.441544,35.66537235,1.019761346204769,33.62584965759046,37.70489504240954,35.85703873123893,0.720806695902283,0.016976896116576042
2014-04-01,-0.651849,0.410435,-0.844998,1.049027,1.049017,-2.53017,-2.834371,-4.406883,-5.36938,-5.963297,-6.468687,1.0,37.834312,35.8028439,1.1179801174623905,33.56688366507522,38.03880413492478,36.04535047112093,0.7891824512149057,0.010435525684877133
2014-04-02,0.217657,0.749703,-0.435308,-0.169,-0.169013,-1.610626,-2.166849,-3.748472,-4.817395,-5.428761,-6.000788,0.0,37.770367,35.95081925,1.174216252045888,33.60238674590823,38.29925175409178,36.209637759585604,0.8286586418306072,-0.0016915623766510963
2014-04-03,0.682768,0.682768,-0.731526,-0.822249,-0.822219,0.00974,-1.189964,-2.443318,-3.679603,-4.33749,-4.956525,-1.0,37.459812,36.081439800000005,1.1902053128563606,33.701029174287285,38.461850425712726,36.328701972958406,0.8253702596425612,-0.00825617506678959
2014-04-04,3.461252,3.81239,-0.576875,-2.779807,-2.779824,2.653627,1.562582,0.708974,-0.678452,-1.445696,-2.080926,-1.0,36.418495,36.17141285,1.1408274360426667,33.88975797791467,38.453067722085336,36.33725368981951,0.7303199401545726,-0.02819192831977968
2014-04-07,0.40201,1.180907,-0.150746,-0.175571,-0.175554,2.236166,1.565315,1.179218,-0.255039,-1.06936,-1.732006,0.0,36.354561,36.26184255,1.0749828874635614,34.11187677507287,38.41180832492712,36.33890200507479,0.6424274341152199,-0.001757079335757693
2014-04-08,-0.175791,0.276243,-1.557004,0.050254,0.05023,1.381222,1.383735,1.173624,-0.079099,-0.977391,-1.590483,0.0,36.372822,36.3440514,1.0126211888247534,34.31880902235049,38.3692937776495,36.342132480781956,0.5677013916728129,0.0005021767491277956
2014-04-09,-1.334324,0.197672,-1.45787,1.632348,1.632348,-0.68198,-0.076596,-0.25368,-1.412153,-2.334564,-2.923972,1.0,36.966553,36.444528649999995,0.9663914718996768,34.51174570620064,38.37731159379935,36.40160110165987,0.550048972190325,0.016191683430943783
2014-04-10,2.743897,3.37906,-0.685978,-2.742772,-2.742763,1.280484,2.741356,2.394983,1.554873,0.542678,-0.059286,-1.0,35.952648,36.51166615,0.8745003125408867,34.76266552491823,38.26066677508177,36.358843663406546,0.44906905410928033,-0.027810791528698788
2014-04-11,-0.535575,1.47922,-0.535575,-0.381103,-0.381101,1.331294,2.856414,2.62518,2.135934,1.060953,0.399557,0.0,35.815632,36.58063035,0.7473694933657608,35.08589136326848,38.07536933673152,36.30710921927259,0.35390608633514375,-0.003818293164253808
2014-04-14,-0.17866,0.587034,-0.714645,-0.076509,-0.076517,1.092397,2.473204,2.479162,2.358352,1.277186,0.595547,0.0,35.788227,36.632239399999996,0.6431086987868229,35.34602200242635,37.91845679757364,36.25769186505616,0.27312893396126725,-0.0007654615748606953
2014-04-15,-1.031447,0.528299,-1.761009,1.454824,1.454828,-0.392453,0.583648,0.910693,0.915725,-0.001006,-0.73459,1.0,36.308884,36.641373699999995,0.636809451716575,35.36775479656684,37.91499260343315,36.26256730647938,0.24826330251209328,0.014443465045814893
2014-04-16,-0.841587,0.049495,-1.212876,1.635225,1.635231,-2.02971,-1.269809,-0.61222,-0.568077,-1.399019,-2.142748,1.0,36.902618,36.6929827,0.6123997761715242,35.46818314765695,37.91778225234305,36.32352451538611,0.2733158670175939,0.016220047419954243
2014-04-17,0.0,0.474889,-1.249688,-0.965356,-0.96536,-0.749808,-0.557356,0.464888,0.361165,-0.225939,-1.033905,-1.0,36.546375,36.67836765,0.6122276630877592,35.45391232382448,37.902822976175514,36.34474837106363,0.26141098887212166,-0.00970049496860168
2014-04-21,0.475719,0.525796,-0.375558,-0.174954,-0.174961,-0.210308,-0.365539,0.58088,0.509523,0.173269,-0.690193,0.0,36.482433,36.66831955,0.6137879517303948,35.44074364653921,37.89589545346079,36.3578611928671,0.24400397620690484,-0.0017511450095115534
2014-04-22,-0.075026,0.375086,-0.4001,0.125195,0.125195,0.070018,-0.44261,0.288406,0.320083,0.242063,-0.63349,0.0,36.528107,36.6450272,0.6096050678784508,35.4258170642431,37.864237335756904,36.374075079260706,0.23122884119903375,0.0012511619817686208
2014-04-23,0.755865,0.755865,-0.554291,-0.750195,-0.750187,0.79617,0.277148,0.755858,0.996474,1.013859,0.257832,-1.0,36.254078,36.615340450000005,0.6136534926018473,35.38803346479631,37.8426474352037,36.36264678599778,0.19672488253247167,-0.007530147517749945
2014-04-24,-0.301051,0.275966,-1.404922,0.428325,0.428313,0.095336,-0.303556,0.076943,0.574518,0.642256,-0.036789,0.0,36.409359,36.618537149999995,0.6123385372764791,35.39386007544704,37.84321422455295,36.3670955682837,0.17983707579904973,0.004273985453669219
2014-04-25,0.952145,1.929341,-0.400902,0.125437,0.125454,-0.08019,-0.290662,-0.232197,0.517406,0.47406,0.006674,0.0,36.455036,36.643656549999996,0.5936025509450295,35.45645144810994,37.830861651890054,36.37547084749478,0.16820021210990888,0.0012537537979501663
2014-04-28,-1.786151,1.027654,-1.908488,2.40541,2.405407,-1.972109,-2.226575,-2.41253,-1.77392,-1.816493,-2.083845,1.0,37.331928,36.66968955,0.6124577506465879,35.444774048706826,37.894605051293176,36.46656200487623,0.22711769825534844,0.023769328284566935
2014-04-29,1.456431,1.6786,-0.296221,-0.880844,-0.880839,-0.84424,-1.029381,-1.42846,-0.960263,-0.942982,-1.011278,-1.0,37.003094,36.64776705,0.590841182035119,35.46608468592976,37.82944941407024,36.51766029012611,0.24445811391623806,-0.008847408291578717
2014-04-30,0.0,0.24752,-0.569317,-0.271528,-0.271534,-0.222778,-0.599018,-1.064365,-0.816841,-0.667335,-0.671625,0.0,36.902618,36.60118235,0.5254787365244877,35.55022487695103,37.65213982304898,36.55432292916172,0.24724288272273043,-0.0027190337305130754
2014-05-01,0.600005,0.900002,-0.124997,-0.990104,-0.990128,0.845021,0.295018,-0.153314,0.00627,0.347019,0.38252,-1.0,36.537235,36.53952575,0.4476544684624312,35.64421681307514,37.434834686924866,36.55269550733679,0.21745973711275468,-0.009950619450620158
2014-05-02,1.562111,1.637695,-0.075583,-0.775002,-0.774982,1.521795,0.997732,0.681952,0.621064,1.164022,1.112792,-1.0,36.254078,36.47923905,0.3953253058629089,35.68858843827418,37.26988966172581,36.52425574473329,0.16905916733726656,-0.007780006063474436
2014-05-05,0.228253,0.532587,-0.329701,-0.655074,-0.655077,1.460816,1.534365,1.383042,1.228761,1.742836,1.717813,-1.0,36.016586,36.4591436,0.40856883170057595,35.64200593659884,37.27628126340115,36.47590624523488,0.11026666204492841,-0.006572316946709148
2014-05-06,0.588838,0.74244,-0.281618,-0.938369,-0.938354,1.679451,2.258048,2.322905,2.092916,2.508943,2.55844,-1.0,35.678623,36.4253467,0.4440881605406801,35.53717037891864,37.31352302108136,36.39997450759346,0.03598754636523438,-0.009427840660685851
2014-05-07,-0.507349,0.228311,-2.308473,0.921651,0.921636,0.253682,1.255714,1.332663,1.109848,1.369869,1.544062,1.0,36.00745,36.4070781,0.45377223391414817,35.499533632171705,37.314622567828295,36.36259122115599,0.0036127571989226226,0.009174147572756112
2014-05-08,-0.756809,0.655911,-1.690207,0.558095,0.558101,-0.48436,0.638243,0.642445,0.443993,0.63471,0.967875,1.0,36.208408,36.36917085,0.4358895332058609,35.497391783588284,37.24094991641172,36.34790710485542,-0.005762439523387286,0.005565495565204768
2014-05-09,0.0,0.784009,-0.429949,-0.252265,-0.252278,-0.308542,0.799196,0.817742,0.720794,0.740521,1.238413,0.0,36.117062,36.37739155,0.42911843583625003,35.519154678327496,37.2356284216725,36.32592185677395,-0.020328870693020917,-0.0025259717930538237
2014-05-12,-0.575429,0.125091,-0.800598,1.087506,1.087508,-1.110829,-0.51038,-0.26186,-0.267698,-0.333247,0.121761,1.0,36.509838,36.41210185,0.4088869473850905,35.594327955229815,37.22987574477018,36.34343767993834,-0.00017709031944690423,0.010816373254534396
2014-05-13,-1.237011,0.197927,-1.410193,1.125837,1.839255,-2.088483,-2.259258,-1.946041,-1.881559,-2.044319,-1.709802,1.0,37.181347,36.48175785,0.4156201001111776,35.65051764977765,37.312998050222355,36.42323856756326,0.0691810292361339,0.018225452275306083
2014-05-14,0.149098,0.521866,-0.472174,-0.445314,-0.445312,-1.105713,-1.79149,-1.370258,-1.347187,-1.536681,-1.343857,0.0,37.015774,36.51710235,0.4299549848869793,35.65719238022604,37.37701231977396,36.47967051350961,0.10952494593367845,-0.004463064674343719
2014-05-15,1.237379,2.020212,-0.227273,-1.590467,-1.590462,0.612629,-0.234524,0.227001,0.181931,-0.004591,0.127668,-1.0,36.427052,36.49332405,0.4205599706704639,35.65220410865907,37.334443991340926,36.47465922650869,0.09292170179718795,-0.01603246068884092
2014-05-16,-0.401717,0.025102,-1.40598,0.580818,0.580805,0.316345,-0.705665,-0.318355,-0.383982,-0.507125,-0.525231,1.0,36.638622,36.4979364,0.42167677227221384,35.65458285545557,37.34128994454443,36.49027472874596,0.09573190423387246,0.005791244499067857
2014-05-19,-0.352199,0.176101,-0.729562,-0.200859,-0.20084,0.548418,-0.355847,-0.257574,-0.172215,-0.22492,-0.311684,0.0,36.565037,36.5020666,0.42192139884557556,35.65822380230885,37.34590939769115,36.497394945055866,0.09097263942804545,-0.0020104193093562536
2014-05-20,0.0,0.655239,-0.554438,-0.176101,-0.176125,0.352836,0.045166,-0.173365,0.000154,0.029189,-0.122459,0.0,36.500637,36.5006931,0.42187687656043227,35.656939346879135,37.344446853120864,36.497703712193406,0.08106982353255177,-0.0017627981280700002
2014-05-21,-1.363071,0.0,-1.511762,1.688503,1.688524,-1.258987,-1.317148,-1.792474,-1.544097,-1.544698,-1.714084,1.0,37.116959,36.54383715,0.43909945831140923,35.66563823337718,37.42203606662282,36.556680406270225,0.12155262220665719,0.016744268579753183
2014-05-22,0.473823,0.623441,-0.623441,-0.619579,-0.61959,-0.394008,-0.517946,-1.116985,-0.865529,-0.93257,-1.108507,-1.0,36.886986,36.5677185,0.4443575335227806,35.67900343295444,37.45643356704556,36.58813808186354,0.13353927504584107,-0.006215175158306016
2014-05-23,0.623131,0.623131,-0.2991,0.049878,0.049877,-0.299098,-0.353933,-1.048627,-0.853935,-0.943046,-1.071754,0.0,36.905384,36.5902359,0.44972498686474044,35.69078592627052,37.489685873729485,36.61835197882892,0.14287635889368033,0.0004986423496416922
2014-05-27,0.17417,0.17417,-0.945504,0.174477,0.174479,-0.253795,-0.403082,-1.049088,-1.075602,-1.062849,-1.140001,0.0,36.969776,36.572128299999996,0.42489531374146716,35.722337672517064,37.42191892748293,36.65182093322617,0.15370020112325022,0.0017432657014115427
2014-05-28,0.324921,0.44989,-0.474876,-0.447875,-0.44786,0.359901,-0.057493,-0.400047,-0.657586,-0.587749,-0.603238,0.0,36.804203,36.562183749999996,0.41652281642560784,35.72913811714878,37.39522938285121,36.66633351101415,0.14722074758661563,-0.004488663353737192
2014-05-29,-0.470992,0.024784,-1.06594,0.824799,0.824803,-0.466054,-0.850288,-1.01715,-1.44262,-1.308973,-1.344596,1.0,37.107765,36.5724411,0.4277230432403747,35.71699501351925,37.427887186480746,36.70837460520328,0.16468229541305135,0.008214196295026014
2014-05-30,-1.196869,0.073283,-1.685391,1.487355,1.487328,-1.514398,-1.97605,-2.210864,-2.737983,-2.622518,-2.723412,1.0,37.659679,36.628563299999996,0.4917126775347633,35.64513794493047,37.611988655069524,36.79897502375535,0.2205136015971476,0.01476375265543459
2014-06-02,0.392253,0.735472,-0.269676,-0.366385,-0.366368,-0.823737,-1.380249,-1.601708,-2.211417,-2.150734,-2.279065,0.0,37.521706,36.6919447,0.5216858498654903,35.64857300026902,37.73531639973098,36.86780654530246,0.2507367092730348,-0.0036704073726863957
2014-06-03,0.769414,0.96798,-0.099283,-1.225791,-1.225792,0.456687,-0.022346,-0.281301,-0.856851,-0.965579,-1.014239,-1.0,37.061768,36.744203799999994,0.5024679105725993,35.7392679788548,37.74913962114519,36.88627906479746,0.2348681730159896,-0.012333666046175248
2014-06-04,-0.27282,0.124005,-1.140871,0.074458,0.074446,0.535723,0.062011,-0.372016,-0.740424,-1.029947,-1.037433,0.0,37.089359,36.8147406,0.44016545272157886,35.93440969455684,37.69507150544316,36.90562001100723,0.22195999021612778,0.0007441829245116247
2014-06-05,-1.504487,0.097066,-1.965535,2.207339,2.20735,-1.2133,-1.89032,-2.366741,-2.633426,-3.061291,-3.029269,1.0,37.908051,36.90977065,0.46135739083377253,35.987055868332455,37.83248543166754,37.00108962900654,0.2746260465385646,0.021833407903671328
2014-06-06,0.0,0.433944,-0.578587,0.655183,0.655172,-1.595942,-2.196232,-2.70009,-3.011926,-3.522531,-3.507837,1.0,38.156414,37.00717095,0.5086947128083569,35.98978152438329,38.024560375616716,37.111120521482114,0.3325714177708008,0.006530352448539455
2014-06-09,0.290766,0.508844,-0.605767,-0.506268,-0.506256,-0.862618,-1.419922,-1.972382,-2.275266,-2.851536,-2.884427,-1.0,37.963245,37.0994801,0.5061724258269474,36.08713524834611,38.111824951653894,37.192275233721915,0.358770732351374,-0.005075414609164054
2014-06-10,-0.194605,0.121622,-0.608125,-0.387688,-0.387686,-0.07785,-0.812462,-1.370318,-1.722219,-2.2831,-2.463784,0.0,37.816067,37.16479155,0.510340816865519,36.14410991626896,38.185473183731034,37.25168397336745,0.3634680103577992,-0.0038843895826787414
2014-06-11,0.171314,0.513948,-0.220267,-0.608125,-0.608136,0.797849,0.00245,-0.574318,-1.067057,-1.482215,-1.815299,-1.0,37.586094,37.1850289,0.5189837185647789,36.14706146287044,38.22299633712956,37.283532547332456,0.34466070383453484,-0.006099923663716999
2014-06-12,0.566779,0.739278,-0.71464,-0.685264,-0.685267,1.182851,0.751603,0.1495,-0.342533,-0.660885,-1.099797,-1.0,37.328529,37.20066665,0.5183268718521128,36.164012906295774,38.23732039370423,37.287817923776984,0.3054513815860034,-0.006876254716441434
2014-06-13,-0.315309,0.824642,-0.897402,1.601769,1.601767,-0.533583,-0.766424,-1.246657,-1.715976,-2.045784,-2.536876,1.0,37.926445,37.2756363,0.5088923882629591,36.25785152347408,38.293421076525924,37.34863955008394,0.31894790254129646,0.015890739178863716
2014-06-16,-1.108431,0.265063,-1.108431,0.654863,0.654865,-1.069875,-1.240959,-1.667464,-2.154212,-2.467465,-3.003261,1.0,38.174812,37.3524458,0.5234095472586499,36.3056267054827,38.399264894517295,37.427322640552134,0.3457001180755981,0.0065273003787354065
2014-06-17,-0.935698,0.551823,-3.214971,0.433735,0.433744,-1.223614,-1.333977,-1.853809,-2.345253,-2.6977,-3.220129,0.0,38.340393,37.441213600000005,0.5332929546645558,36.37462769067089,38.50779950932912,37.51428172240431,0.37592896935659326,0.004328061552562384
2014-06-18,-0.096041,0.216086,-1.128456,-0.071972,-0.071974,-0.773117,-0.943583,-1.520614,-2.038422,-2.50949,-2.921241,0.0,38.312798,37.53182165,0.5188248252065706,36.494171999586854,38.56947130041314,37.59033089169914,0.39312714093735934,-0.0007199961497255256
2014-06-19,0.144548,0.62636,-0.433621,-0.336144,-0.336159,0.00965,-0.537203,-1.000545,-1.56828,-2.058282,-2.403796,0.0,38.184006,37.585173999999995,0.5286879852283486,36.5277980295433,38.64254997045669,37.64687137820398,0.39184740481474023,-0.0033672549690132035
2014-06-20,-0.551821,0.35989,-0.719767,0.409545,0.409562,-0.182347,-0.894917,-1.285992,-1.780234,-2.258161,-2.616526,0.0,38.340393,37.65784435,0.5275553544418952,36.60273364111621,38.712955058883786,37.71292105647027,0.3988545813019755,0.004087251118738736
2014-06-23,-0.6192,0.02381,-0.714463,0.743767,0.743759,-0.685879,-1.455109,-1.824245,-2.282686,-2.773994,-3.118997,1.0,38.625553,37.7438528,0.5385307874471558,36.66679122510569,38.82091437489431,37.799838384425485,0.42254698930420176,0.007410064311323709
2014-06-24,0.191622,0.455087,-0.455087,-0.571569,-0.57157,-0.081435,-0.735327,-1.026743,-1.534127,-2.023469,-2.3976,-1.0,38.404781,37.81560305000001,0.5254052068990678,36.764792636201875,38.86641346379814,37.857451966861156,0.4186826253252818,-0.005732095215639198
2014-06-25,-0.785149,0.047585,-1.356174,0.670656,0.670659,-0.566262,-1.118247,-1.414859,-1.949793,-2.45253,-2.920132,1.0,38.662346,37.9085102,0.5008608793661204,36.906788441267764,38.91023195873224,37.93410854144581,0.431430173486234,0.0066841977635271645
2014-06-26,0.503353,0.52732,-0.695113,-0.737564,-0.737565,0.27325,-0.11026,-0.600831,-1.055848,-1.596356,-2.080536,-1.0,38.377186,37.97198125,0.47374562547788596,37.02448999904423,38.91947250095577,37.97630639464144,0.4137531793275926,-0.007402986361065826
2014-06-27,-1.514791,0.094677,-1.751484,1.270371,1.270382,-0.7148,-1.121901,-1.72624,-2.142018,-2.627226,-3.09981,1.0,38.864723,38.03223345,0.5073725933032714,37.01748826339346,39.04697863660654,38.06091749991368,0.4340803869887395,0.012623806967136606
2014-06-30,1.127091,1.223017,0.0,-1.301773,-1.301777,0.455631,0.230211,-0.361316,-0.742211,-1.191371,-1.672267,-1.0,38.358791,38.0740877,0.49747139625085424,37.07914490749829,39.06903049250171,38.089286404683804,0.40470022903677716,-0.013103243108344827
2014-07-01,-0.023879,0.668744,-0.429902,0.407669,0.407667,0.10509,-0.131358,-0.644852,-0.956531,-1.432049,-1.902713,0.0,38.515167,38.14675765,0.445221373256761,37.25631490348648,39.03720039651352,38.12984646138059,0.3895440570910864,0.004068379455388798
2014-07-02,-0.405733,0.0,-0.883062,0.071658,0.071668,-0.02865,-0.143213,-0.550532,-0.838917,-1.32221,-1.796355,0.0,38.54277,38.219428199999996,0.37692195565721776,37.46558428868556,38.97327211131443,38.169172512677676,0.37543226360553206,0.0007164220132347374
2014-07-03,0.26316,0.454553,-0.574158,-0.238671,-0.238683,0.248812,0.165077,-0.118019,-0.531096,-0.946407,-1.445769,0.0,38.450775,38.2465644,0.3728391191536686,37.50088616169266,38.99224263830733,38.19599179718456,0.35275895231508514,-0.0023896819864243973
2014-07-07,-0.571569,0.30959,-0.666833,0.454553,0.45455,-0.328647,-0.214336,-0.449314,-0.920457,-1.294594,-1.741684,0.0,38.625553,38.27002135,0.38152546034226387,37.50697042931547,39.03307227068453,38.236902387928886,0.34491732150558363,0.004535200472186821
2014-07-08,0.215414,0.52657,-0.406888,-0.500126,-0.500115,0.210625,0.236952,0.095735,-0.361421,-0.70369,-1.11537,-1.0,38.432381,38.29347815,0.37605405256790664,37.54137004486419,39.04558625513581,38.255519398602324,0.3194331797430934,-0.005013692805434803
2014-07-09,0.743945,0.767948,-0.335971,-0.263286,-0.263281,0.379166,0.482356,0.358364,-0.031205,-0.309103,-0.735948,0.0,38.331196,38.3192346,0.3588834801622829,37.601467639675434,39.03700156032457,38.26272669397353,0.2877549697611599,-0.0026362778431402055
2014-07-10,-0.76757,0.743586,-1.53514,0.047999,0.047977,0.230282,0.352616,0.316634,0.0204,-0.225462,-0.649225,0.0,38.349586,38.3574092,0.3146785963273844,37.728052007345234,38.986766392654765,38.2709990088332,0.2611236090088056,0.000479650829658367
2014-07-11,-0.926584,0.0,-1.449275,0.959465,0.959465,-0.584455,-0.513176,-0.544855,-0.750764,-1.090037,-1.454811,1.0,38.717537,38.4268596,0.21226351124592793,38.00233257750814,38.85138662249186,38.31352643656337,0.2666350316785113,0.00954891739934315
2014-07-14,0.189848,0.735648,-0.237299,0.118791,0.118783,-0.631216,-0.657316,-0.590079,-0.760543,-1.144738,-1.476806,0.0,38.763527,38.4687137,0.18973042073814478,38.089252858523714,38.84817454147629,38.35638363308115,0.2715832399618492,0.0011871289067752475
2014-07-15,-0.282683,0.047114,-0.989404,0.735648,0.735668,-1.041236,-1.206132,-1.243823,-1.373388,-1.755484,-2.065967,1.0,39.048698,38.512408,0.21713138884941585,38.07814522230117,38.946670777698834,38.42231833469248,0.2951137593865596,0.007329755105719049
2014-07-16,-3.561715,0.521776,-3.629768,3.839814,3.839805,-3.607085,-4.357987,-4.543256,-4.748187,-5.118876,-5.400788,1.0,40.548092,38.62279295,0.5008675738603822,37.62105780227923,39.62452809772076,38.624772969483665,0.4297960095411213,0.03767919257298762
2014-07-17,2.066027,2.649899,-0.628787,1.020864,1.020872,-3.305641,-4.73389,-5.133619,-5.387382,-5.748037,-6.041621,1.0,40.962036,38.75525485,0.7178746512510198,37.31950554749796,40.19100415250204,38.84736944858046,0.5634395045677323,0.010156960093716721
2014-07-18,-0.089499,0.335648,-0.984558,0.359308,0.359306,-2.488253,-4.428284,-5.030207,-5.370328,-5.71761,-6.118445,0.0,41.109215,38.90151529999999,0.875950522447489,37.149614255105014,40.65341634489497,39.06278331062041,0.6734657584539008,0.0035866190896456105
2014-07-21,-0.62444,0.713649,-1.382692,0.335648,0.335635,-1.610159,-4.112391,-4.962821,-5.334513,-5.710963,-6.182714,0.0,41.247192,39.04685525,1.0089954348076347,37.02886438038473,41.06484611961527,39.270822233418464,0.7630005527128105,0.0033507321195694966
2014-07-22,0.379206,0.713808,-0.53536,-0.022297,-0.022288,-0.526437,-3.410668,-4.476173,-4.996657,-5.39282,-5.897096,0.0,41.237999,39.177477550000006,1.1151052724425359,36.94726700511494,41.407688094885074,39.45817240166433,0.8237203880699369,-0.00022290061831967516
2014-07-23,1.292628,1.292628,-0.557165,0.089219,0.089231,-0.26299,-2.783607,-4.115601,-4.733682,-5.192787,-5.701664,0.0,41.274796,39.32097829999999,1.192422810505683,36.93613267898863,41.70582392101136,39.63118417293439,0.8648411549386807,0.0008919102168178774
2014-07-24,1.193689,1.351347,-0.180185,-1.047464,-1.047475,0.734231,-1.144149,-2.72523,-3.458336,-3.941445,-4.437691,-1.0,40.842453,39.42998365,1.2281568657488702,36.97366991850225,41.88629738149774,39.7465431088454,0.8527136400359794,-0.010529992179071426
2014-07-25,-0.44944,0.359551,-0.44944,0.225221,0.225226,0.422469,-0.824724,-2.539331,-3.362925,-3.888543,-4.358806,0.0,40.934441,39.5578464,1.245772806443499,37.06630078711301,42.049392012887,39.85967624133632,0.8408325655106594,0.0022497317836059284
2014-07-28,0.886968,1.228103,-0.090973,-1.191009,-1.191012,1.237208,0.786898,-1.064366,-2.002505,-2.521723,-2.99826,-1.0,40.446907,39.6369556,1.249671350744503,37.137612898510994,42.136298301489006,39.915602980256665,0.7830502927001035,-0.011981611129798021
2014-07-29,0.045571,0.455687,-0.569606,-0.181947,-0.18195,0.993399,1.298706,-0.563528,-1.574387,-2.170878,-2.63993,0.0,40.373314,39.73768175,1.2221098024413464,37.29346214511731,42.18190135488269,39.959194505946506,0.7229849645129178,-0.0018211536526207947
2014-07-30,1.124364,1.193199,-0.665445,-0.706304,-0.706308,1.119782,1.904544,0.435979,-0.678063,-1.307021,-1.80205,-1.0,40.088154,39.8163311,1.189472884011752,37.43738533197649,42.195276868023505,39.97147636252303,0.6449382832891857,-0.007088142958339768
2014-07-31,0.509734,1.227987,-0.185352,-0.963749,-0.963749,1.529198,2.578781,1.640411,0.434433,-0.241886,-0.729839,-1.0,39.701805,39.87428285,1.1517962936618953,37.57069026267621,42.17787543732379,39.94579337561607,0.5456210112957862,-0.009684226544078014
2014-08-01,0.816608,0.909937,-0.606633,-0.695086,-0.695079,1.474564,2.869804,2.471608,1.261077,0.562758,0.069991,-1.0,39.425846,39.9230364,1.1081811123222218,37.70667417535556,42.13939862464444,39.89627457793835,0.4395766071836249,-0.0069750615702467685
2014-08-04,-0.922292,0.230579,-1.291211,1.189916,1.18991,0.004616,1.321197,1.455698,0.229426,-0.51648,-0.97686,1.0,39.894978,39.98650765,1.0654871454545902,37.85553335909082,42.11748194090918,39.89615109432518,0.38890759989138246,0.011828860228229298
2014-08-05,0.533888,0.882073,-0.580316,-0.668658,-0.668651,0.301756,1.597022,2.236142,1.055005,0.281329,-0.225945,-1.0,39.62822,40.046299600000005,1.005551776668354,38.035196046663295,42.057403153336715,39.87063384724659,0.32349782380895675,-0.006708960587008402
2014-08-06,0.0,1.006074,-1.240063,-0.789229,-0.789246,0.706605,1.906887,2.840439,1.984097,1.160513,0.644993,-1.0,39.315456,40.0955126,0.9390831687063846,38.21734626258723,41.97367893741277,39.817759766556435,0.24361442860124782,-0.007923766722839795
2014-08-07,-0.902151,0.508908,-1.341656,1.146462,1.146483,-0.402505,0.48114,1.474277,1.006237,0.136934,-0.403277,1.0,39.766201,40.16634335,0.8496288134300555,38.46708572313989,41.86560097686011,39.81284940783677,0.2142083562464805,0.011399606389650992
2014-08-08,0.069442,0.277775,-0.671299,-0.069394,-0.069386,-0.17594,0.249984,1.314798,1.204843,0.336093,-0.219925,0.0,39.738609,40.21739695,0.7863071826586536,38.644782584682694,41.79001131531731,39.805778892804696,0.18652721857540655,-0.0006940963976331876
2014-08-11,0.138882,0.578704,-0.416669,0.0,0.0,-0.254639,0.071744,1.061714,1.32753,0.448131,-0.146622,0.0,39.738609,40.26615105,0.7187438438629645,38.82866336227407,41.703638737725925,39.79938176015663,0.16271405124251004,0.0
2014-08-12,-1.102939,0.160846,-1.194853,0.740738,0.740715,-0.785833,-0.749071,0.117963,0.705431,-0.130507,-0.741414,1.0,40.032959,40.3153641,0.6624916947304721,38.99038071053905,41.64034748946094,39.82162721157028,0.16568363180798684,0.007379855838183797
2014-08-13,-0.907446,0.226856,-1.270422,1.286769,1.286772,-1.438287,-1.896549,-1.27344,-0.573955,-1.180581,-1.835299,1.0,40.548092,40.3153641,0.6624916947304721,38.99038071053905,41.64034748946094,39.89081433427787,0.20721532448114033,0.012785636600536023
2014-08-14,-0.42918,0.338825,-0.58731,0.43103,0.431039,-1.391459,-2.066863,-1.71674,-1.030046,-1.371587,-2.078161,0.0,40.72287,40.3034058,0.6522844939400372,38.998836812119926,41.607974787880075,39.97005773101331,0.2513353762965096,0.004301124661095494
2014-08-15,-0.468852,0.245593,-0.870728,1.174613,1.174596,-1.82629,-2.772928,-2.814605,-2.167884,-2.275498,-2.992474,1.0,41.201199,40.308005,0.6585593235479369,38.99088635290413,41.625123647095876,40.087309280440614,0.3211954467923448,0.011677506779247572
2014-08-18,-0.376861,0.0,-0.953228,0.714445,0.714465,-1.675913,-3.076928,-3.335557,-2.831973,-2.705394,-3.450093,1.0,41.495567,40.320423749999996,0.6792199103557651,38.961983929288465,41.67886357071153,40.2214290632558,0.395751120864098,0.007119244380183869
2014-08-19,-0.794178,0.022056,-1.103022,0.487699,1.115307,-1.842661,-3.590647,-4.149925,-3.817898,-3.501172,-4.234926,1.0,41.95837,40.356442300000005,0.746233733154089,38.86397483369183,41.84890976630818,40.38685200961239,0.486572459571434,0.01109133399909632
2014-08-20,0.867628,1.001115,-0.111232,-0.838299,-0.838293,-0.504024,-2.224945,-3.096321,-2.964916,-2.583624,-3.162934,-1.0,41.606636,40.3730343,0.7710053513835959,38.83102359723281,41.915045002767194,40.50302191345883,0.5241252410706636,-0.008418262476907868
2014-08-21,-0.840338,0.06634,-0.862448,0.600667,0.600673,-0.556401,-2.309338,-3.331724,-3.423159,-3.0798,-3.461851,1.0,41.856556,40.42373945000001,0.8342534721190625,38.75523250576188,42.09224639423813,40.63192992170085,0.5675106369339247,0.005988765609503167
2014-08-22,0.442959,0.708746,-0.177192,-0.154797,-0.154807,-0.119596,-1.66659,-2.804429,-3.170849,-2.8642,-3.066969,0.0,41.791759,40.46660535,0.8825057020082728,38.701593945983454,42.23161675401655,40.742389833919816,0.5898656948104559,-0.0015492724022168481
2014-08-25,0.509196,0.597744,-0.287795,0.044288,0.044298,-0.013282,-1.214639,-2.542071,-3.050682,-2.85334,-2.866988,0.0,41.810272,40.5347736,0.9321628444427821,38.67044791111444,42.399099288885566,40.84409289735602,0.6021350456275627,0.00044288398454340035
2014-08-26,0.666525,0.866483,-0.155519,-0.354217,-0.354224,0.199962,-0.472421,-1.870158,-2.551364,-2.467275,-2.312596,0.0,41.66217,40.5992164,0.964406546548804,38.670403306902394,42.52802949309761,40.92200500236974,0.5930714424714196,-0.0035485281575677774
2014-08-27,0.066867,0.289728,-0.245155,-0.31104,-0.311038,0.476935,0.075154,-1.208099,-2.073425,-2.138138,-1.928789,0.0,41.532585,40.67143795,0.9781075410301767,38.715222867939644,42.62765303206035,40.980155478334524,0.5688744150132337,-0.003115222943987041
2014-08-28,-0.289664,0.222814,-0.601604,0.022291,0.022284,0.303032,0.250002,-0.945153,-1.873774,-2.092597,-1.904115,0.0,41.54184,40.763439700000006,0.9685941550145666,38.82625138997087,42.70062801002914,41.033649242302666,0.544172021249544,0.0002228122563181277
2014-08-29,-0.748404,0.02201,-1.254675,1.225488,1.225507,-0.788037,-0.761621,-1.777788,-2.749626,-3.171728,-3.017083,1.0,42.050938,40.8946943,0.955572511535402,38.983549276929196,42.8058393230708,41.13053388589289,0.5592287096540645,0.012180580825069873
2014-09-02,0.754047,0.820579,-0.532273,-0.748404,-0.748435,-0.075389,0.044374,-0.718031,-1.795702,-2.318,-2.246698,-1.0,41.736214,40.9867561,0.942797430267392,39.10116123946521,42.87235096053479,41.18821770628404,0.5395460956159681,-0.007512499772970833
2014-09-03,-0.956406,0.333634,-0.956406,-0.288314,-0.288287,0.191274,0.251328,-0.177408,-1.272961,-1.916148,-1.933805,0.0,41.615894,41.0861398,0.8956363413079019,39.29486711738419,42.8774124826158,41.22894878187604,0.5083783940691262,-0.0028870315690579526
2014-09-04,-1.148909,0.022099,-1.1931,0.667258,0.667262,-0.300494,-0.344683,-0.624959,-1.619663,-2.393904,-2.534592,1.0,41.893581,41.21504605,0.8086840645098278,39.597677920980345,42.83241417901965,41.292247088364036,0.500317438223945,0.006650455495592216
2014-09-05,-1.742538,0.043563,-1.742538,1.436151,1.436148,-1.263348,-1.605324,-1.753876,-2.691448,-3.512885,-3.784877,1.0,42.495235,41.35149775,0.7811185922423097,39.78926056551538,42.91373493448462,41.406817365662704,0.5362954421831461,0.014259334896285357
2014-09-08,-0.968369,0.710131,-1.032922,1.21978,1.219781,-2.005605,-2.507005,-2.656922,-3.483405,-4.341996,-4.783225,1.0,43.013584,41.5152465,0.7683758115530708,39.97849487689386,43.051998123106145,41.559842759409115,0.5997214858300097,0.012124020784544972
2014-09-09,-0.620182,0.449108,-0.727117,0.624052,0.624047,-1.899053,-2.7716,-2.985458,-3.67264,-4.622225,-5.155394,1.0,43.282009,41.6924165,0.7453311208632152,40.20175425827357,43.18307874172643,41.72385859184634,0.6639926426948719,0.00622107934784028
2014-09-10,-0.042699,0.213491,-1.195561,0.171091,0.17109,-1.263875,-2.54697,-2.93624,-3.453931,-4.4412,-5.088065,0.0,43.35606,41.85857155,0.7260785662430315,40.406414417513936,43.310728682486065,41.87930634500383,0.7126878722306458,0.0017094337140045892
2014-09-11,-0.553187,0.0,-1.127657,0.341588,0.341576,-0.859563,-2.425523,-2.975878,-3.442842,-4.381364,-5.14942,0.0,43.504154,42.00637465,0.7458757277674876,40.514623194465024,43.49812610553497,42.03405374071775,0.7545313726107565,0.0034099419441772317
2014-09-12,0.449677,0.685223,-0.214139,-0.638296,-0.638272,0.115619,-1.409007,-2.141344,-2.532993,-3.446937,-4.268327,-1.0,43.226479,42.1315551,0.7290277938985182,40.673499512202966,43.589610687797034,42.14761805112559,0.7565653814827868,-0.006403180494230719
2014-09-15,0.648787,1.016429,-0.302777,-0.985009,-0.985019,1.012106,-0.253033,-1.010676,-1.376521,-2.200238,-3.053137,-1.0,42.80069,42.21152965,0.7090545755066386,40.79342049898673,43.62963880101328,42.20981537958983,0.7155710763941201,-0.009899023340866923
2014-09-16,-0.791272,0.192472,-1.005126,1.124559,1.124559,-0.111202,-1.005128,-1.884801,-2.266894,-2.960353,-3.870388,1.0,43.282009,42.30085175000001,0.7264247054655807,40.84800233906885,43.753701160931165,42.31192905772413,0.7136941926193145,0.011182828176916024
2014-09-17,-0.558904,0.365432,-0.623388,-0.513255,-0.513259,0.266555,-0.159067,-1.162222,-1.634779,-2.178537,-3.1088,-1.0,43.05986,42.355926249999996,0.7407073420576619,40.874511565884674,43.83734093411532,42.38316057603612,0.6863691447317066,-0.005145811476400188
2014-09-18,-0.192802,0.321341,-0.471296,0.343938,0.343944,-0.214224,-0.197088,-1.242506,-1.786637,-2.267597,-3.140617,0.0,43.207962,42.43599255,0.7419964802584863,40.95199958948303,43.91998551051697,42.46171309260411,0.6689531653926224,0.003433543169793744
2014-09-19,-1.494106,0.105219,-1.936031,1.799486,1.799481,-1.632995,-1.622472,-2.617843,-3.280724,-3.698486,-4.533025,1.0,43.985481,42.5424388,0.8045648845651059,40.933309030869786,44.15156856913021,42.60683384568944,0.7097090771310235,0.017834818367616256
2014-09-22,0.509983,0.679983,-0.169998,-0.968011,-0.968004,-0.322999,-0.535494,-1.435055,-2.132393,-2.540596,-3.307466,-1.0,43.5597,42.63083585,0.8148034258885096,41.00122899822298,44.260442701777016,42.697583003242826,0.6995870583832655,-0.009727191202351928
2014-09-23,0.622846,0.90206,-0.193299,-1.062473,-1.062475,0.661508,0.489686,-0.166098,-0.932138,-1.345368,-2.009353,-1.0,43.096889,42.6951667,0.7972089198347296,41.10074886033054,44.28958453966946,42.73561214579112,0.6467648037132747,-0.010681597458650067
2014-09-24,-0.955822,0.063719,-1.571797,1.116841,1.116842,-0.212409,-0.569251,-0.968571,-1.806509,-2.286331,-2.820486,1.0,43.578213,42.79096885,0.7815109091826201,41.227947031634756,44.35399066836524,42.81585984619197,0.6364055238013151,0.011106510097504341
2014-09-25,1.8245,2.280623,-0.021725,-2.209008,-2.209019,1.763691,1.468296,1.381414,0.538666,0.015642,-0.463565,-1.0,42.615562,42.8451177,0.7252231022322908,41.39467149553542,44.295563904464586,42.79678386084036,0.5442441218896477,-0.022337831895598882
2014-09-26,-1.03426,0.452487,-1.400565,0.803647,0.803659,0.474035,0.59685,0.644972,-0.098044,-0.679171,-1.083683,1.0,42.958046,42.915927999999994,0.6572254471047589,41.60147710579048,44.23037889420951,42.81214215980795,0.49315634407406606,0.008004473262893226
2014-09-29,-0.990523,0.258402,-1.464257,0.064639,0.064637,0.14212,0.574935,0.575652,-0.053835,-0.632216,-1.00919,0.0,42.985813,42.96267175,0.6249184000610639,41.71283494987787,44.21250855012212,42.828682239826236,0.4497253233459162,0.0006461660271998295
2014-09-30,0.021566,0.258842,-0.754968,-0.172261,-0.172285,0.228662,0.662227,0.691706,0.255626,-0.358051,-0.728342,0.0,42.911755,43.021448799999995,0.5548464082743585,41.91175598345128,44.13114161654871,42.83659393127136,0.4046653347600824,-0.0017243332977687192
2014-10-01,0.806096,1.372542,-0.108941,-0.992233,-0.992199,0.718936,1.535931,1.564253,1.362728,0.718064,0.307896,-1.0,42.485985,43.064953349999996,0.4658054973923366,42.133342355215326,43.996564344784666,42.80320260448361,0.3307857957283389,-0.009971540884130173
2014-10-02,0.152981,0.743007,-0.262236,-0.30502,-0.305044,0.904734,1.645558,1.694364,1.727507,1.104035,0.673819,0.0,42.356384,43.0880935,0.41306100461846984,42.26197149076306,43.91421550923694,42.76064845167564,0.2587947859943185,-0.003055103301140751
2014-10-03,-0.238663,0.455628,-1.041438,0.721158,0.721162,0.043397,0.607515,0.877999,1.018666,0.485144,0.015916,1.0,42.661842,43.09642385,0.4020074444714939,42.29240896105701,43.90043873894299,42.75123831342082,0.22380936485233605,0.007185737193683142
2014-10-06,0.065088,0.455628,-0.368848,0.0,0.0,-0.108482,0.397055,0.856302,0.977442,0.542423,0.083899,0.0,42.661842,43.07883675,0.41335613195509785,42.252124486089805,43.905549013910196,42.742724378809314,0.19384860054049824,0.0
2014-10-07,0.724801,0.878544,-0.241601,-1.215016,-1.21499,0.755529,1.405649,1.916668,2.084322,1.817685,1.341221,-1.0,42.143505,43.02191155,0.45970010224973534,42.10251134550053,43.941311754499466,42.685655866541765,0.126817145874071,-0.012224310684993422
2014-10-08,-2.778963,0.235143,-3.078236,2.745443,2.745431,-1.560503,-1.368113,-0.769565,-0.649856,-0.747334,-1.240566,1.0,43.300526,43.01913485,0.4577390729969206,42.103656704006156,43.934612995993845,42.74421492687112,0.165152386282152,0.027084202692963966
2014-10-09,1.417671,2.071976,-0.239904,-1.988031,-1.988043,0.475471,0.591065,1.122509,1.239921,1.317347,0.833886,-1.0,42.439693,42.9659118,0.4602534508091098,42.04540489838178,43.88641870161822,42.71521283859768,0.12463460157302109,-0.020080702762799038
2014-10-10,3.565748,4.746764,-0.18169,-3.969464,-3.969461,3.692941,4.208495,4.774021,5.121511,5.334548,4.937545,-1.0,40.755066,42.842341149999996,0.6704037006667404,41.50153374866652,44.183148551333474,42.52853218730266,-0.04291663831673276,-0.04050392899955782
2014-10-13,0.389457,2.084763,-0.366552,-0.863041,-0.863034,3.477656,4.476505,5.165319,5.739965,5.993115,5.715146,-1.0,40.403336,42.72247345,0.8644751163460844,40.99352321730783,44.45142368269217,42.326132550416695,-0.20175813238059703,-0.00866779516284395
2014-10-14,0.320144,1.486396,-0.388747,0.183271,0.183277,2.465118,3.683959,4.541493,5.20008,5.522055,5.418084,0.0,40.477386,42.5822423,0.9876359180726575,40.60697046385468,44.557514136145315,42.15006145037701,-0.3180002359077747,0.001831091979870643
2014-10-15,-0.509026,0.393332,-2.5914,-1.166245,-1.166251,2.026835,4.287359,5.179693,6.059687,6.432199,6.527834,-1.0,40.005318,42.429515200000004,1.1350626754261592,40.159389849147686,44.69964055085232,41.94580016938872,-0.4431070208831116,-0.01173105251846613
2014-10-16,-0.49135,0.795508,-1.216661,-1.110595,-1.110607,1.717368,4.751994,5.846205,6.789896,7.228829,7.52769,-1.0,39.561016,42.2471679,1.2862895587367986,39.674588782526406,44.819747017473595,41.71867786754217,-0.571518399187056,-0.011168206344563435
2014-10-17,-0.98556,0.710516,-1.925281,2.082356,2.082381,-0.540922,2.051326,3.262263,4.165694,4.760009,5.160039,1.0,40.384827,42.0671352,1.2821573407467817,39.50282051850644,44.631449881493566,41.59164445158577,-0.5998954574116695,0.02060995618405343
2014-10-20,-2.313977,0.136109,-2.881127,1.031403,1.031365,-1.361142,0.553559,1.851196,2.764309,3.494572,3.905794,1.0,40.801342,41.9292173,1.2613417518104613,39.40653379637907,44.45190080362092,41.51637755143475,-0.5820655120615825,0.010260827909685355
2014-10-21,-1.158645,0.222814,-1.537438,1.81488,1.814886,-2.606941,-1.383677,-0.184183,0.745333,1.482187,1.914005,1.0,41.54184,41.85146485,1.2331895399265267,39.385085770146944,44.317843929853055,41.51880254653621,-0.5023918909233487,0.017986139096696937
2014-10-22,1.397023,1.554752,-0.337992,-1.114082,-1.114074,-0.98693,-0.813425,0.712036,1.576164,2.432631,2.877426,-1.0,41.079033,41.726505849999995,1.17422021475499,39.37806542049002,44.07494627950997,41.47691973258038,-0.4711633513885758,-0.011203266774688114
2014-10-23,-0.888496,0.955133,-1.088407,1.442089,1.442096,-1.381611,-2.407818,-0.829261,0.018879,0.828964,1.268325,1.0,41.671432,41.67929935,1.1554245599346151,39.36845023013077,43.99014846986923,41.495444710429865,-0.39407026370305687,0.014317964746618048
2014-10-24,1.517453,1.669198,-2.059399,2.465573,2.465564,-2.670715,-4.300883,-3.209763,-2.418161,-1.717749,-1.20962,1.0,42.698868,41.66634045,1.1416995856984047,39.38294127860319,43.94973962139681,41.61005645229369,-0.2472181606593722,0.024356599249856194
2014-10-27,-0.435637,0.413849,-0.435637,-0.476915,-0.476905,-1.407107,-3.350035,-2.772092,-2.00828,-1.346986,-0.760186,0.0,42.495235,41.64181155,1.1168589875135557,39.40809357497289,43.87552952502711,41.69435917112286,-0.145590021116206,-0.004780457346867402
2014-10-28,-1.355132,0.021506,-1.548724,1.263346,1.263328,-1.944497,-3.962134,-3.847412,-3.21681,-2.583771,-2.017628,1.0,43.032089,41.64782825,1.12435939585753,39.39910945828494,43.89654704171507,41.8217620119683,-0.021481729210698575,0.012554141199438802
2014-10-29,-0.3861,0.171604,-0.600598,0.279624,0.279631,-1.256966,-3.500638,-4.138416,-3.409473,-2.894886,-2.283703,0.0,43.15242,41.68115,1.1598225768612722,39.361504846277455,44.00079515372255,41.9484913441618,0.085597972187756,0.0027924061896180937
2014-10-30,0.586321,0.586321,-0.608033,-1.222651,-1.222659,0.412605,-1.587393,-2.922894,-2.182394,-1.692058,-1.119781,-1.0,42.624813,41.69457145,1.1695598808403878,39.35545168831922,44.033691211680775,42.012902930432105,0.1264285419764235,-0.012301950889432492
2014-10-31,-0.021304,0.042599,-1.001067,1.954402,1.954423,-1.162952,-2.766786,-4.369195,-3.965929,-3.530573,-3.05574,1.0,43.457882,41.73437345,1.2168013239490751,39.30077080210185,44.16797609789815,42.15051998467666,0.2234331702498693,0.019355690674960496
2014-11-03,-1.159359,0.042159,-1.496625,1.043659,1.04365,-1.538787,-3.062815,-4.824335,-4.815551,-4.44266,-4.030349,1.0,43.91143,41.79685285,1.2964081468160966,39.20403655636781,44.38966914363219,42.31822570042174,0.3330681676692393,0.010382411484629204
2014-11-04,-0.567587,0.336346,-0.672693,0.274032,0.274031,-1.353795,-2.762244,-4.54628,-4.861253,-4.602056,-4.221844,0.0,44.031761,41.89126565,1.388470926656782,39.114323796686435,44.66820750331357,42.481419538476814,0.42476793866538287,0.002736563768634843
2014-11-05,-0.12537,0.083579,-1.253663,0.60963,0.609626,-1.433346,-2.624318,-4.478336,-5.324901,-5.016292,-4.74787,1.0,44.30019,41.94124885,1.4581190867824725,39.02501067643506,44.85748702356494,42.65463577290759,0.5131849679225837,0.006077751555436341
2014-11-06,-1.724846,0.328542,-1.868583,1.755119,1.755132,-2.045181,-3.548264,-5.31007,-6.665304,-6.413148,-6.208767,1.0,45.077717,42.073150049999995,1.616317150802924,38.84051574839415,45.305784351605844,42.88540541358306,0.6386342533187204,0.017399078607417368
2014-11-07,0.493012,0.493012,-0.801148,-0.04107,-0.041069,-1.294172,-2.984806,-4.579575,-6.149348,-6.161878,-6.014796,0.0,45.059204,42.28835695,1.7151037093225552,38.85814953135489,45.71856436864511,43.09243385038467,0.7281660267394017,-0.0004107750754059335
2014-11-10,-0.490892,0.531812,-0.695439,0.431387,0.431384,-1.124974,-2.791985,-4.33354,-6.016568,-6.335855,-6.251449,0.0,45.253582,42.53086925,1.7763511572453408,38.97816693550932,46.08357156449068,43.29825748368137,0.8055197520491788,0.004304557720968894
2014-11-11,-0.040927,0.163704,-0.450168,-0.040908,-0.040918,-0.552477,-2.265187,-3.750078,-5.452212,-6.024137,-6.04187,0.0,45.235065,42.768753200000006,1.8052139538748595,39.15832529225029,46.37918110774972,43.48271534237838,0.8554676707158251,-0.00040926681682992014
2014-11-12,-0.451,0.287001,-0.533003,-0.184162,-0.184151,0.0082,-1.642069,-2.971166,-4.707875,-5.686758,-5.671725,0.0,45.151764,43.0260755,1.7567167643496815,39.51264197130063,46.539509028699364,43.64167235738996,0.8782066420846633,-0.0018432115498619038
2014-11-13,-1.612578,0.080631,-1.814154,1.701521,1.701508,-1.29812,-2.57004,-3.977688,-5.609751,-6.961493,-6.991191,1.0,45.920025,43.344025949999995,1.6698798981348557,40.004266153730285,46.683785746269706,43.85865832335282,0.9472998003698265,0.016871947569017068
2014-11-14,0.322711,0.947957,-0.383225,-0.06047,-0.060459,-0.87536,-1.980643,-3.455701,-4.952609,-6.457447,-6.700286,0.0,45.892262,43.6193977,1.609209271932215,40.40097915613557,46.83781624386443,44.052334863985884,0.9884224651189442,-0.0006047774596053462
2014-11-17,-0.10109,0.505459,-0.646987,-0.242039,-0.24203,-0.404376,-1.334419,-2.742967,-4.178133,-5.760622,-6.246805,0.0,45.781189,43.86839005,1.533717448517645,40.80095515296471,46.93582494703529,44.21698763884437,1.0005164792087768,-0.00242323274929941
2014-11-18,0.800162,1.210505,-0.08207,-1.455716,-0.834188,0.505774,-0.203218,-1.577224,-2.947239,-4.534222,-5.219101,-1.0,45.399288,44.06126245,1.4668317660932708,41.12759891781346,46.994925982186544,44.32958767324015,0.9681249121371849,-0.008376864122402928
2014-11-19,0.912482,1.099127,-0.601412,-1.066888,-1.066889,1.484162,1.009852,-0.254232,-1.47361,-3.067488,-4.077177,-1.0,44.914928,44.2530572,1.2973588763460502,41.6583394473079,46.8477749526921,44.3853343710268,0.8930757366578703,-0.010726210452998758
2014-11-20,-1.437374,0.0,-1.704316,0.995438,0.995451,0.237878,0.076937,-0.835087,-2.03793,-3.511362,-4.807888,1.0,45.362034,44.4375873,1.1667244914533983,42.1041383170932,46.77103628290679,44.478353383309965,0.8597655993261313,0.009905288032054777
2014-11-21,2.16757,2.230094,-0.854523,-1.478441,-1.478448,1.20467,1.496422,0.837017,-0.344959,-1.677973,-3.085811,-1.0,44.69138,44.5372129,1.0931951110839726,42.350822677832056,46.723603122167944,44.49864163251854,0.7703705504271738,-0.014894857824033964
2014-11-24,0.840517,0.861526,-0.420258,-0.812839,-0.81285,1.378451,2.119419,1.726054,0.678464,-0.55397,-1.996458,-1.0,44.328106,44.62885645,0.9844185196152229,42.66001941076956,46.597693489230444,44.48240014370725,0.6625734203732634,-0.008161719032660277
2014-11-25,0.400251,1.053297,-0.042132,-0.252152,-0.252161,1.099655,2.147176,2.011043,1.066892,-0.060627,-1.466839,0.0,44.216328,44.6880684,0.9165986593950392,42.85487108120992,46.521265718790076,44.457059939544656,0.5616495216658066,-0.0025247901946724516
2014-11-26,-0.544498,0.502622,-0.984295,0.589844,0.589859,0.309948,1.396507,1.439374,0.623157,-0.341067,-1.709497,1.0,44.477142,44.7543045,0.8448431328895193,43.064618234220966,46.44399076577904,44.45897251673088,0.4969832019187663,0.005881261648222198
2014-11-28,0.292826,0.815729,-0.418323,0.125657,0.125651,-0.188245,0.957807,1.230533,0.711129,-0.209101,-1.460686,0.0,44.533028,44.849715249999996,0.684166934122676,43.481381381754645,46.21804911824535,44.46602541989937,0.4451132226079011,0.0012557218426521852
2014-12-01,-1.522003,0.329083,-1.871658,1.694202,1.694208,-1.587827,-0.857668,-0.422341,-0.764699,-1.642959,-2.741478,1.0,45.28751,44.94119665,0.6061392491391423,43.728918151721714,46.15347514827829,44.54426204657562,0.45958843286168616,0.016800160909147384
2014-12-02,0.784154,1.217499,-0.536521,-0.329083,-0.329082,-0.903841,-0.672719,-0.110568,-0.301136,-1.083981,-2.100077,0.0,45.138477,45.002549,0.556488471702868,43.88957205659427,46.115525943405736,44.60085394690175,0.4538032621732171,-0.0032962456896347826
2014-12-03,0.748746,0.87354,-0.561566,-0.784146,-0.784143,0.133104,-0.024966,0.611831,0.570867,-0.145686,-1.08498,-1.0,44.784527,45.0401873,0.5109681410723559,44.018251017855285,46.062123582144714,44.618346618625395,0.4158638462529183,-0.007872331043588688
2014-12-04,-0.921378,0.450452,-1.310399,1.580695,1.580682,-0.978699,-1.453719,-0.903853,-0.863064,-1.493755,-2.300803,1.0,45.492428,45.0997992,0.48917408681017327,44.12145102637965,46.07814737362035,44.70159246447059,0.43787077855179746,0.0156831942261149
2014-12-05,0.826109,1.135901,-0.082604,-0.859955,-0.859943,0.132176,-0.656755,-0.165323,-0.000543,-0.419679,-1.19987,-1.0,45.101219,45.100974300000004,0.4891464763937373,44.12268134721253,46.07926725278748,44.73965213452101,0.4189151411386547,-0.008636619557350433
2014-12-08,1.173998,1.362677,-0.524109,-1.486983,-1.48698,1.257854,0.784057,1.122285,1.438131,1.17098,0.421362,-1.0,44.430573,45.06954275,0.5116513785552028,44.04623999288959,46.092845507110404,44.71021602647139,0.3457910703319058,-0.014981461412113989
2014-12-09,-1.008613,0.693419,-1.134694,-0.23061,-0.230623,1.126294,1.017025,1.1375,1.568222,1.442442,0.791318,0.0,44.328106,45.02326895,0.5354284191065867,43.95241211178683,46.09412578821318,44.67382459537888,0.27638548698949705,-0.002308890728776271
2014-12-10,1.449893,1.620465,-0.426441,-1.44988,-1.449879,2.110874,2.381663,2.363895,2.885137,2.90316,2.32402,-1.0,43.685402,44.945785799999996,0.610088254451803,43.72560929109639,46.1659623089036,44.5796891101047,0.16758836628545026,-0.014604926876253432
2014-12-11,-0.190791,1.208404,-1.038792,0.575684,0.575696,0.818315,1.672671,1.629565,2.157971,2.281067,1.797832,1.0,43.936897,44.88504245,0.6478133416464115,43.58941576670718,46.180669133292824,44.51847081390425,0.10050089717218924,0.0057404494858283635
2014-12-12,-0.362092,1.66134,-0.596386,-0.466392,-0.466417,0.664551,1.965936,1.85731,2.386519,2.637268,2.359248,0.0,43.731968,44.7756396,0.6485852021034002,43.478469195793195,46.0728100042068,44.443565784008605,0.030446567842176364,-0.004675077594534073
2014-12-15,1.13564,2.142704,-0.257122,-0.596386,-0.596376,0.82709,2.159857,2.281276,2.722319,3.106921,2.974375,-1.0,43.471161,44.654584549999996,0.6551144879624969,43.344355574075,45.96481352592499,44.350955804579215,-0.045591388958747814,-0.005981615123764156
2014-12-16,1.638623,2.612932,-0.066428,-3.235479,-3.235455,3.122213,4.844978,5.342468,5.715218,6.251203,6.271122,-1.0,42.064671,44.46875865,0.8240501441668504,42.8206583616663,46.1168589383337,44.13321439461929,-0.2168443592277356,-0.03288953297544008
2014-12-17,-1.508533,0.459115,-1.836467,1.284327,1.284311,1.307384,3.00393,3.75455,4.046782,4.656977,4.811943,1.0,42.604912,44.32903985,0.892062269597897,42.54491531080421,46.113164389195795,43.987661785607926,-0.30544960534473375,0.012761332049373807
2014-12-18,-1.97811,0.0,-2.483165,3.891556,3.891544,-2.34006,-1.132145,-0.164131,0.075769,0.656436,0.883115,1.0,44.262901,44.29643850000001,0.8813739043673549,42.5336906912653,46.059186308734716,44.013875044121455,-0.23912753201366144,0.03817732519215682
2014-12-19,-0.062944,0.923202,-1.02812,0.294613,0.294626,-2.328999,-1.582042,-0.478391,-0.327321,0.223184,0.53537,0.0,44.393311,44.24800234999999,0.8456249176541738,42.556752514691645,45.93925218530834,44.05001180182417,-0.1740376166458546,0.002941927951028321
2014-12-22,-0.416842,0.291786,-0.562737,0.671423,0.671428,-2.434351,-2.180083,-1.231075,-0.992088,-0.552736,-0.162584,1.0,44.69138,44.24800234999999,0.8456249176541738,42.556752514691645,45.93925218530834,44.111094487364724,-0.09728032549846688,0.006691836924264708
2014-12-23,-0.165123,0.72239,-0.660475,0.979577,0.979583,-2.022715,-2.95151,-2.190588,-1.863791,-1.575245,-1.140276,1.0,45.129169,44.2880555,0.8682863188829066,42.55148286223419,46.02462813776581,44.20805396475856,-0.0011108999499640504,0.009748158337223969
2014-12-24,1.038637,1.038637,-0.12463,-0.639839,-0.639854,-0.394676,-2.06896,-1.552411,-1.16223,-0.99127,-0.532983,-1.0,44.840408,44.3192595,0.8767456618926883,42.565768176214625,46.07275082378538,44.26827815859108,0.05121311037948573,-0.00641910301589177
2014-12-26,1.106932,1.106932,-0.125315,-0.540087,-0.540075,0.29657,-1.388899,-1.151499,-0.611956,-0.482048,-0.03424,-1.0,44.598236,44.325314199999994,0.8783100990930945,42.5686940018138,46.081934398186185,44.29970271491574,0.07230551607487001,-0.0054153905069688375
2014-12-29,0.52687,0.695465,-0.400428,-0.898079,-0.89808,1.116963,-0.38989,-0.391999,0.250783,0.314428,0.741774,-1.0,44.197708,44.308548200000004,0.8773362890518311,42.55387562189634,46.06322077810367,44.28998893254281,0.05605595910031269,-0.009021374138822702
2014-12-30,0.893235,1.276051,-0.382816,-0.906219,-0.906219,1.633348,0.595489,0.42251,0.997443,1.150142,1.50361,-1.0,43.79718,44.2340317,0.8527582915495799,42.52851511690084,45.939548283099164,44.24305474849112,0.010735058802865183,-0.009103500787458871
2014-12-31,0.602797,2.13132,0.0,-1.212248,-1.212254,2.019377,2.107643,1.491208,2.020451,2.293216,2.555434,-1.0,43.266247,44.1404202,0.851007484614921,42.43840523077016,45.842435169229844,44.15002543911101,-0.06724873554758659,-0.01219661573095734
2015-01-02,-0.213854,1.411463,-0.470481,0.667378,0.667386,0.752782,1.648844,0.7984,1.202948,1.554316,1.734385,1.0,43.555,44.07894385,0.8464264648358911,42.38609092032822,45.77179677967178,44.093356349671865,-0.10454635521762867,0.006651691253766621
2015-01-05,0.086331,0.863367,-0.172679,-0.919581,-0.919591,1.018781,2.335422,1.613065,1.871357,2.37427,2.542627,-1.0,43.154472,43.962046050000005,0.801174345089481,42.35969735982104,45.56439474017897,44.003938792560255,-0.16452767712188177,-0.009238456641061788
2015-01-06,1.599122,2.409634,-0.240966,-1.467731,-1.467741,1.734949,3.419508,2.936848,3.085441,3.709976,3.847397,-1.0,42.521076,43.833038900000005,0.8156866359514027,42.2016656280972,45.46441217190281,43.862713764697375,-0.2601739472505997,-0.014786191737755222
2015-01-07,-0.540774,0.49751,-1.600688,1.270532,1.270544,0.116808,1.74346,1.581949,1.633139,2.202034,2.418343,1.0,43.061325,43.7645765,0.820343394459709,42.12388971108058,45.405263288919414,43.78639102520239,-0.28904875208363023,0.012625403587945743
2015-01-08,-1.765077,0.336205,-1.828113,2.941813,2.941807,-2.265177,-1.344813,-0.980591,-1.271269,-0.791757,-0.508504,1.0,44.328106,43.7645765,0.820343394459709,42.12388971108058,45.405263288919414,43.83798292756407,-0.20732370456440208,0.028993660347319785
2015-01-09,0.890023,1.335031,-0.614531,-0.840515,-0.840501,-1.25451,-0.7099,0.063568,-0.403693,-0.026283,0.315033,-1.0,43.955528,43.7780828,0.821194504908553,42.13569379018289,45.42047180981711,43.84917769636749,-0.17065276756711256,-0.008440527311017212
2015-01-12,1.759657,2.017174,-0.515015,-1.250267,-1.250282,0.111595,0.272544,1.198869,0.796149,1.047222,1.502872,-1.0,43.40596,43.75153595,0.8243659958195572,42.10280395836088,45.400267941639115,43.80696648718964,-0.1838173979245994,-0.012581636649502709
2015-01-13,1.315789,3.343397,-0.64711,-0.515015,-0.515001,0.936142,0.556505,1.535799,1.254306,1.392571,1.924063,-1.0,43.182419,43.7240585,0.8341531349738678,42.05575223005226,45.39236476994773,43.74748577412396,-0.20986911233089955,-0.005163314043097146
2015-01-14,0.0,0.609232,-0.739774,-0.862817,-0.862826,1.69713,1.201047,2.126492,2.058317,2.123589,2.618222,-1.0,42.80983,43.69099195,0.857487341299103,41.976017267401794,45.4059666325982,43.65818522420739,-0.25761052832066866,-0.008665695709521705
2015-01-15,1.627091,1.978894,-0.153914,-1.044384,-1.044391,1.842575,2.055855,2.768991,3.170633,3.015839,3.482858,-1.0,42.362728,43.705894799999996,0.8298804498231283,42.04613390035374,45.365655699646254,43.53480834571144,-0.32774529551127785,-0.010498830076859984
2015-01-16,-2.011248,0.086499,-2.314022,1.671069,1.671066,-0.242212,0.266007,0.805947,1.528986,1.265577,1.649372,1.0,43.070637,43.72918105,0.8034751500024538,42.12223074999509,45.33613135000491,43.49060155088178,-0.3224878248428169,0.01657256979628936
2015-01-20,-0.194007,0.560472,-1.76762,0.324388,0.3244,-0.655314,-0.04527,0.265863,1.078898,0.870878,1.144644,0.0,43.210358,43.6765539,0.8011439863555221,42.074265927288955,45.27884187271105,43.463911688893035,-0.30354781420692944,0.0032387461951111393
2015-01-21,0.043556,0.479096,-0.958184,-1.013152,-1.013169,0.169874,1.036603,1.069996,1.92402,1.81361,1.998424,-1.0,42.772564,43.59551655,0.8067778017847459,41.981960946430505,45.209072153569494,43.39806905185561,-0.32017327807673723,-0.010183366024655463
2015-01-22,-1.591343,0.021214,-2.227878,2.635024,2.635042,-1.905377,-1.36644,-1.509306,-0.782944,-0.761301,-0.660588,1.0,43.899639,43.555929500000005,0.7687018818691396,42.01852573626172,45.09333326373829,43.44583761834555,-0.23964111127300924,0.02600922780864026
2015-01-23,0.38152,0.445102,-0.805428,0.106087,0.106092,-1.288691,-1.557871,-1.510534,-1.022685,-0.695215,-0.794834,0.0,43.946213,43.4967817,0.6818866444501117,42.13300841109977,44.860554988900226,43.49349241659835,-0.17009985111312886,0.0010603575081455747
2015-01-26,-0.021268,0.255271,-1.637941,-0.360326,-0.360331,-0.604126,-1.240161,-1.11891,-0.784936,-0.228033,-0.428274,0.0,43.787861,43.44415435,0.609504599835224,42.22514515032955,44.66316354967044,43.52152751977946,-0.12630956635979373,-0.0036098214692400284
2015-01-27,0.679796,1.265825,-1.289262,-9.253346,-9.253336,7.782452,7.90669,8.390359,8.720099,9.489908,9.372545,-1.0,39.736023,43.2010437,0.9812639319373939,41.23851583612521,45.16357156387479,43.16100327980047,-0.413785057605935,-0.09709847622650078
2015-01-28,3.763057,3.884443,-0.072831,-3.445853,-3.445878,9.332381,10.502563,11.536796,11.840269,12.769138,12.809762,-1.0,38.366768,42.9094967,1.4321788320200446,40.045139035959906,45.77385436404009,42.70440944362899,-0.7435279631964349,-0.03506648838727479
2015-01-29,-2.570812,0.261845,-2.904063,1.990772,1.99078,4.76078,7.405387,8.690003,9.060947,9.999536,10.238051,1.0,39.130566,42.676166,1.6443693274145479,39.387427345170906,45.9649046548291,42.36404340137861,-0.9324705363719374,0.019712232485051513
2015-01-30,2.846527,2.920792,-0.123772,-3.832412,-3.832416,5.579209,10.428219,11.834986,12.658419,13.586144,14.238455,-1.0,37.63092,42.39439965,1.9853877429597642,38.423624164080465,46.36517513591953,41.913269744104454,-1.1895059024054788,-0.039077847838125644
2015-02-02,-1.671509,0.218023,-2.543602,2.17821,2.178217,0.552327,6.87258,8.49645,9.593027,10.500006,11.442997,1.0,38.450603,42.1391798,2.1496305767742534,37.839918646451494,46.43844095354851,41.58349195895165,-1.3119434467063442,0.021548325648745665
2015-02-03,0.072123,0.793274,-1.322113,0.775191,0.775192,-0.73077,4.899042,6.860582,8.181496,9.046161,10.111387,1.0,38.748669,41.918889650000004,2.2628755686567548,37.39313851268649,46.44464078731352,41.313508820003875,-1.3691420304553859,0.007722028288847772
2015-02-04,0.239003,0.884319,-1.147225,0.576928,0.576959,-0.989512,3.322151,5.527374,7.105609,7.88429,9.016063,1.0,38.972233,41.7414475,2.350609703954539,37.04022809209092,46.44266690790908,41.090530170479695,-1.3805188122478782,0.005753011374222294
2015-02-05,-0.541814,0.447581,-1.38987,1.457937,1.4579,-2.20494,0.734989,3.459761,5.121325,5.903422,7.01532,1.0,39.540409,41.5654017,2.3782413340390303,36.808919031921945,46.32188436807806,40.94289958281496,-1.3283752559628113,0.014473743447898342
2015-02-06,0.636642,0.896017,-0.613058,-0.094231,-0.094218,-1.164821,-0.294747,3.074741,4.609756,5.622253,6.641511,0.0,39.503155,41.32415415,2.3274214759833964,36.669311198033206,45.97899710196679,40.8057810511183,-1.2753556918538607,-0.0009426195093744127
2015-02-09,-0.283284,0.897075,-0.354112,-0.117894,-0.117889,-0.538249,-1.274798,2.58576,4.163112,5.331432,6.312547,0.0,39.456585,41.099207,2.2765692747989275,36.546068450402146,45.652345549597854,40.677286189107036,-1.2229971650807059,-0.0011795886207302579
2015-02-10,0.328648,0.399066,-0.985911,0.566565,0.566549,-0.629092,-1.845061,1.414721,3.106818,4.387804,5.300481,1.0,39.680126,40.912915299999995,2.229835669281321,36.45324396143735,45.37258663856264,40.58231855204923,-1.1502059071805846,0.005649504300500481
2015-02-11,0.637095,0.637095,-0.401137,-0.516425,-0.516425,0.141579,-1.054739,1.384305,3.172489,4.621051,5.448328,-1.0,39.475208,40.72755475,2.1848805783843326,36.357793593231335,45.09731590676867,40.47687945185407,-1.0964146947838458,-0.005177628529337649
2015-02-12,-0.997911,0.0,-1.346025,1.675316,1.675338,-1.211429,-2.434452,-0.911285,1.13946,2.605693,3.406807,1.0,40.136551,40.5938908,2.131918506877633,36.33005378624473,44.85772781375526,40.44446721834415,-0.9890191215979911,0.016614586125900065
2015-02-13,-1.116932,0.0,-1.641206,1.810162,1.810161,-2.302263,-3.37817,-3.17606,-0.842272,0.442205,1.372225,1.0,40.863087,40.51890875,2.092438633658752,36.3340314826825,44.703786017317505,40.48433576897804,-0.8356491298244748,0.01793972178504282
2015-02-17,0.894904,0.96374,-0.894913,-0.661037,0.045902,-1.64983,-2.827801,-3.694372,-1.155464,0.095383,1.107757,0.0,40.881844,40.4094691,2.00746702759746,36.39453504480508,44.42440315519492,40.52219369574204,-0.7044681034512124,0.00045891531376275174
2015-02-18,0.229731,0.39054,-0.321617,-0.114738,-0.114726,-0.971265,-2.205288,-3.40435,-1.332789,-0.041495,1.034545,0.0,40.834942,40.290698299999995,1.9004496970698832,36.489798905860226,44.091597694139764,40.55197924852851,-0.5974042895866774,-0.0011479160511838897
2015-02-19,-0.735632,0.068963,-1.034485,-0.068916,-0.068924,-0.250333,-1.688264,-2.939095,-1.5056,-0.205418,0.964198,0.0,40.806797,40.19240995,1.8142123198897917,36.56398531022042,43.82083458977958,40.57624760581151,-0.50895954323029,-0.000689475786765175
2015-02-20,-0.798,0.0456,-1.29959,0.827589,0.827585,-0.579111,-2.10533,-3.409444,-2.648846,-1.186424,-0.0198,1.0,41.144508,40.0546534,1.6111350464068905,36.83238330718622,43.27692349281378,40.63036764335327,-0.40692520869772864,0.008241794603371138
2015-02-23,-1.019255,0.090593,-1.132503,0.661197,0.661204,-0.964898,-2.286372,-3.434549,-3.593699,-1.926872,-0.910861,1.0,41.416557,39.9281706,1.37093809486087,37.186294410278265,42.67004678972174,40.705242820176764,-0.3006445396628479,0.006590273142152455
2015-02-24,0.13609,0.476296,-0.385579,-0.135905,-0.135902,-0.598778,-1.693127,-2.834141,-3.755971,-1.958819,-0.985172,0.0,41.360271,39.806791100000005,1.0898815930447499,37.6270279139105,41.98655428608951,40.767626456350406,-0.21844011190431445,-0.001359946014719482
2015-02-25,-0.090932,0.22732,-0.431923,-0.226804,-0.226805,-0.163679,-1.085242,-2.206509,-3.351755,-1.924375,-0.932911,0.0,41.266464,39.88331315,1.1373450205259914,37.60862310894802,42.15800319105198,40.81513479384085,-0.15902876694358525,-0.0022706219797642728
2015-02-26,-0.158872,0.385835,-0.385842,0.159125,0.159127,-0.068092,-0.793124,-1.981238,-3.146581,-2.219592,-1.239524,0.0,41.33213,40.03158125,1.1224271797242993,37.78672689055141,42.2764356094486,40.86437243252267,-0.10543080987243769,0.0015900031865976306
2015-02-27,0.638547,0.798182,-0.433291,-0.47663,-0.476641,0.405943,-0.075244,-1.253351,-2.439071,-2.020121,-0.902244,0.0,41.135124,40.131809149999995,1.127224775218689,37.87735959956262,42.386258700437374,40.89015829609194,-0.07795219610019899,-0.004777808528994544
2015-03-02,-0.478585,0.706468,-0.752056,0.068422,0.068431,0.214219,-0.07065,-1.05201,-2.076721,-2.357553,-1.067141,0.0,41.163273,40.3084268,0.9821478458462459,38.34413110830751,42.27272249169249,40.916169220273666,-0.05328951925756087,0.0006840716739039014
2015-03-03,0.646955,1.270802,-0.439,-1.36737,-1.367372,1.229209,1.245382,0.507553,-0.45443,-1.317939,0.101586,-1.0,40.600418,40.41591755,0.8805003898270926,38.65491677034582,42.176918329654185,40.88609767548569,-0.07825973518703933,-0.01376806463363158
2015-03-04,-0.116124,0.348346,-0.418021,-0.508313,-0.508308,1.314438,1.6535,1.138876,0.257818,-0.748608,0.380606,-1.0,40.394043,40.498186249999996,0.7885942116294573,38.92099782674108,42.075374673258914,40.83923532543943,-0.11339440880485796,-0.005096038521028408
2015-03-05,-0.092788,0.301556,-0.6727,0.116117,0.116111,0.756203,1.44514,1.18078,0.32313,-0.65856,0.072005,0.0,40.440945,40.57162185,0.702724894672719,39.16617206065456,41.97707163934544,40.80130291349282,-0.13588786068429215,0.0011604382316044459
2015-03-06,1.510857,1.770538,-0.495748,-1.739736,-1.739732,1.836636,2.887155,2.905253,2.12417,1.161397,1.494667,-1.0,39.737381,40.58147045,0.6887533065973652,39.203963836805265,41.95897706319473,40.6999770169697,-0.20808711944243186,-0.017550430251735836
2015-03-09,-1.540254,0.653449,-1.540254,1.156745,1.156735,0.191377,1.407247,1.618059,1.042683,0.259963,0.023168,1.0,40.197037,40.61616455,0.6478382061620183,39.320488137675966,41.911840962324035,40.652077967734485,-0.22561441198009646,0.011500954860827903
2015-03-10,0.761359,1.617892,0.0,-1.91365,-1.913649,1.55128,2.895558,3.354755,3.010359,2.315157,1.605993,-1.0,39.427807,40.614725650000004,0.6505754542225556,39.313574741554895,41.91587655844511,40.53548073271215,-0.2981385937463017,-0.019321957648124742
2015-03-11,0.786091,0.929011,-0.333492,-0.11896,-0.118974,1.157707,2.539321,3.231716,3.09507,2.501247,1.696963,0.0,39.380898,40.59976425000001,0.6761383113498706,39.247487627300266,41.95204087269975,40.425520472453854,-0.3553039715546191,-0.001190452388219394
2015-03-12,0.755734,1.535841,-0.390051,-2.286803,-2.286781,2.506085,4.197946,5.244592,5.378533,4.848951,4.086814,-1.0,38.480343,40.550021,0.7902008126703385,38.969619374659324,42.13042262534068,40.2402654750773,-0.4678817579109378,-0.023133336925321976
2015-03-13,-1.643306,0.217496,-1.860802,0.877623,0.877609,1.140647,2.694544,3.929442,4.291936,3.862357,3.15445,1.0,38.81805,40.48409595,0.8767695797085391,38.73055679058292,42.23763510941708,40.104816382212796,-0.5238121516897039,0.008737805160752513
2015-03-16,-0.216554,0.192488,-0.67373,0.434993,0.434988,0.081813,1.691539,3.063854,3.599626,3.359558,2.823618,0.0,38.986904,40.3902868,0.9326735596584661,38.52493968068307,42.25563391931693,39.99834853628777,-0.5481930567677722,0.0043404502261841895
2015-03-17,-0.791372,0.311753,-1.318942,0.336862,0.336872,-0.412475,0.971222,2.335732,3.02638,2.977941,2.535288,0.0,39.11824,40.302106599999995,0.9665097008773826,38.36908719824523,42.23512600175476,39.914528675688935,-0.550570745284567,0.003363059513365948
2015-03-18,-2.517647,0.776475,-2.752936,1.918463,1.918466,-2.042355,-1.061179,0.175685,0.965883,1.058452,0.698855,1.0,39.86871,40.253795000000004,0.9626148016680773,38.32856539666385,42.17902460333616,39.91016499228999,-0.48629274346400564,0.019002951336077913
2015-03-19,-0.070946,0.709385,-0.165524,-0.494115,-0.494109,-0.955318,-0.763785,0.394095,1.324182,1.580084,1.257661,0.0,39.671715,40.1970409,0.9617556103971876,38.27352967920562,42.12055212079437,39.88745546921476,-0.4461053888357682,-0.004953340462590747
2015-03-20,-0.746269,0.233207,-0.909513,1.395129,1.395135,-1.618482,-2.007945,-1.138073,-0.184248,0.191219,-0.078837,1.0,40.225189,40.151074949999995,0.9357053142512366,38.27966432149752,42.02248557850247,39.919620567384776,-0.3653839755078252,0.013854926184967
2015-03-23,0.046664,0.629958,-0.186659,-0.046642,-0.046657,-0.96593,-1.959869,-1.250582,-0.288145,0.172658,0.02611,0.0,40.206421,40.090568149999996,0.8874487732197581,38.31567060356048,41.865465696439514,39.94693489430051,-0.2994739454018003,-0.0004666821997130304
2015-03-24,-0.279727,0.629361,-0.349655,0.093329,0.093341,-0.49884,-1.848496,-1.401721,-0.519824,0.01584,-0.001952,0.0,40.24395,40.0347521,0.8370629484143755,38.36062620317125,41.70887799682875,39.97522204722427,-0.24142845804919233,0.0009329727695654971
2015-03-25,3.521464,3.545589,-0.048239,-3.35665,-3.356661,2.45539,1.435126,1.765563,2.630253,3.289925,3.403774,-1.0,38.893097,39.91608375,0.8213413877527087,38.27340097449458,41.55876652550542,39.87216251891719,-0.3009602561854834,-0.03414290214325862
2015-03-26,0.024271,0.970643,-0.703715,-0.602991,-0.602986,2.552784,2.096581,2.075549,2.907063,3.694252,3.960653,-1.0,38.658577,39.7824061,0.795916346815737,38.19057340636853,41.37423879363148,39.75658294568698,-0.36288038001094236,-0.006048114832149079
2015-03-27,0.366117,1.12277,-0.341711,-0.582378,-0.58238,2.221137,2.594582,2.447317,3.158408,4.019527,4.421935,-1.0,38.433437,39.647321749999996,0.7834166087659962,38.080488532468,41.21415496753199,39.63056904609775,-0.4252177946319122,-0.00584082911776674
2015-03-30,0.341794,1.416021,-0.122068,-0.024413,-0.024416,1.318366,2.473154,2.16472,2.827156,3.733406,4.235848,0.0,38.424053,39.510360750000004,0.7428324882660863,38.02469577346783,40.996025726532174,39.5156627559932,-0.4699604437550917,-0.0002441922068135696
2015-03-31,0.295128,0.909983,-0.295128,-0.732419,-0.732401,0.964078,2.973427,2.69387,3.263636,4.161324,4.765522,-1.0,38.142635,39.3874716,0.7561890623392723,37.87509347532146,40.89984972467854,39.384898207803374,-0.5221088504042513,-0.007350958349874576
2015-04-01,-0.294703,0.098224,-1.006876,0.147568,0.147557,0.451863,2.384576,2.336276,2.824159,3.686635,4.381135,0.0,38.198917,39.2777153,0.7616866052635051,37.754342089472985,40.80108851052701,39.27194761658401,-0.5525261735578155,0.0014744790673586765
2015-04-02,0.91834,1.116905,-0.421946,-1.055992,-1.056001,1.067268,2.980895,3.307691,3.571609,4.418966,5.22959,-1.0,37.795536,39.145444850000004,0.7785616262543863,37.58832159749123,40.70256810250878,39.13133698643315,-0.6022393563868746,-0.010616164011643123
2015-04-06,-2.912152,0.55355,-3.29723,3.127322,3.127332,-1.718411,-0.462094,0.202166,0.333331,1.031046,1.853188,1.0,38.977528,39.1074522,0.7666037453530908,37.574244709293815,40.64065969070618,39.116688511534754,-0.5400353445704695,0.03079427451781481
2015-04-07,0.192637,0.915004,-0.529733,-0.048135,-0.048133,-1.39658,-0.734411,0.245604,0.222727,0.853356,1.691947,0.0,38.958767,39.045538699999994,0.7227211505670209,37.60009639886595,40.49098100113404,39.10164836757907,-0.4866423627249077,-0.0004814445018815
2015-04-08,0.096574,0.651861,-0.917424,-0.264871,-0.264872,-0.767744,-0.828102,0.466766,0.415259,0.941575,1.747144,0.0,38.855576,39.01692715,0.7181033398144197,37.58072047037116,40.45313382962884,39.078212904000104,-0.44749623321371956,-0.0026522375313314385
2015-04-09,-0.554484,0.33751,-0.554484,0.144862,0.144878,-0.544856,-0.966747,0.15749,0.209722,0.643182,1.398245,0.0,38.911869,38.9934757,0.7132335098353701,37.56700868032926,40.419942719670736,39.06237062742866,-0.40723590686491207,0.0014477268690545016
2015-04-10,-0.215724,0.551294,-0.743051,0.578595,0.578579,-0.431448,-1.414193,-0.509751,-0.282843,-0.069038,0.62799,1.0,39.137005,39.026308799999995,0.7034155017718707,37.61947779645625,40.43313980354374,39.06947866291165,-0.35309248414872485,0.005769119088845272
2015-04-13,-0.862059,0.718398,-0.886013,0.09587,0.095871,-0.42624,-1.319441,-0.783842,-0.332853,-0.222222,0.364784,0.0,39.174526,39.0441326,0.7023762992118462,37.639380001576306,40.44888519842369,39.07948317120578,-0.3036554494377697,0.0009582497594412852
2015-04-14,0.360137,0.912358,-0.624257,-0.2634,-0.263424,-0.105626,-0.893141,-0.715471,-0.058808,-0.073936,0.451394,0.0,39.071331,39.04835394999999,0.7022679460368009,37.64381805792639,40.452889842073596,39.078706773948085,-0.2696943487447072,-0.002637713069763012
2015-04-15,-1.183152,0.473263,-1.372452,1.464576,1.46459,-1.150014,-1.945092,-2.249557,-1.435153,-1.494549,-1.079026,1.0,39.643566,39.07462025,0.7147329293906312,37.64515439121874,40.504086108781266,39.13250289071494,-0.19436483283139694,0.01453968950655746
2015-04-16,-0.4981,0.426945,-0.806452,-0.236626,-0.236616,-0.592987,-1.370972,-1.907025,-1.241702,-1.243838,-0.915565,0.0,39.549763,39.0586729,0.6994778424365083,37.65971721512698,40.457628584873014,39.172241948742084,-0.14061385788129144,-0.002368963271349087
2015-04-17,0.120132,0.28833,-1.105235,-1.280837,-1.28084,0.648723,0.228256,-0.568636,-0.040845,0.095147,0.25068,-1.0,39.043194,39.02724685,0.6844430250685141,37.65836079986297,40.396132900137026,39.1599516679095,-0.13730889622088682,-0.012891130058105273
2015-04-20,-2.749942,0.605915,-2.866465,3.099474,3.09947,-1.841065,-2.467954,-3.256426,-3.042413,-2.77138,-2.720422,1.0,40.253326,39.0286537,0.6870588705149956,37.65453595897001,40.40277144102999,39.26408255668002,-0.036620018609788474,0.03052406226804417
2015-04-21,0.84428,1.196067,-0.257974,-0.629226,-0.629235,-0.755151,-1.590045,-2.381163,-2.454256,-2.054396,-2.120846,-1.0,40.000038,39.018334550000006,0.6697709697986814,37.678792610402645,40.357876489597366,39.33417355128193,0.02247929027195994,-0.006312229877497042
2015-04-22,-0.744368,0.325655,-1.023501,0.820833,0.820837,-1.223541,-2.026052,-2.814607,-3.237962,-2.731796,-2.843296,1.0,40.328373,39.0225557,0.6781158507903585,37.66632399841928,40.378787401580716,39.4288592130646,0.09471795916481085,0.008174861780984612
2015-04-23,-1.038304,0.622983,-1.245964,0.814138,0.814144,-1.476699,-2.388097,-3.196432,-3.802492,-3.439778,-3.523304,1.0,40.656704,39.11073605,0.7689756228986194,37.57278480420276,40.64868729579724,39.54579681182035,0.17642744665447907,0.008108476550733866
2015-04-24,-4.616668,0.564028,-4.637554,10.452236,10.452244,-8.188851,-10.340513,-11.301446,-12.210157,-12.111139,-12.176037,1.0,44.906242,39.423119299999996,1.498541785519486,36.426035728961025,42.42020287103897,40.05631540117079,0.5774287665207041,0.09941306268515732
2015-04-27,-1.665624,0.208207,-1.686442,0.334239,0.33423,-6.362689,-9.333749,-10.697478,-11.767642,-11.975013,-12.007076,0.0,45.056332,39.75426405,1.9361845216473215,35.88189500670536,43.62663309329464,40.53250745820214,0.8969961964270539,0.0033367239860226014
2015-04-28,-2.807162,0.101707,-2.969892,2.352698,2.352706,-5.862494,-9.890161,-11.715492,-12.961762,-13.485766,-13.51438,1.0,46.116375,40.13888015,2.3728264619319943,35.39322722613601,44.884533073863984,41.06430436694479,1.2217091948274401,0.023254563889229335
2015-04-29,-0.693029,0.50958,-1.141461,-0.203415,-0.203414,-3.196092,-8.320432,-10.497358,-11.928259,-12.807183,-12.838029,0.0,46.022568,40.532876800000004,2.6606679391259624,35.21154092174808,45.854212678251926,41.536519951045285,1.4547081742599062,-0.0020362081299638026
2015-04-30,0.123359,1.850333,-0.082239,-0.856099,-0.856113,-0.180911,-6.196539,-8.74314,-10.353611,-11.463808,-11.664603,-1.0,45.628563,40.9043591,2.830869229352029,35.24262064129594,46.56609755870406,41.92623833666002,1.5892487629974923,-0.008597982871420114
2015-05-01,-0.164402,0.452119,-0.534316,0.04112,0.041132,0.10275,-4.788332,-7.829846,-9.53042,-10.887797,-11.264561,0.0,45.647331,41.29694885,2.9200852404748714,35.456778369050255,47.137119330949744,42.28062811412097,1.678044121546904,0.0004112367338631058
2015-05-04,0.26948,1.305964,-0.124382,-0.863128,-0.86315,1.061373,-2.854466,-6.13183,-8.049325,-9.509109,-10.121603,-1.0,45.253326,41.61073875,2.993985053121033,35.62276864375794,47.59870885624207,42.5637421984904,1.6970595264326676,-0.00866896853092188
2015-05-05,0.462189,1.176475,-0.609237,-1.326708,-1.326691,1.764708,-0.506298,-4.036412,-6.175417,-7.73445,-8.581229,-1.0,44.652954,41.8954481,2.9992623185404512,35.8969234629191,47.89397273708091,42.762714751015125,1.644725002893793,-0.013355706058515764
2015-05-06,2.787383,3.219536,-0.561796,-2.773107,-2.773098,3.465849,3.042344,-0.720261,-2.974294,-4.61712,-5.730344,-1.0,43.414684,42.1234035,2.9284799065710994,36.266443686857805,47.9803633131422,42.824807060442254,1.4861994929656817,-0.02812273925288413
2015-05-07,-0.920773,0.835116,-1.156319,0.907524,0.90752,1.704489,2.835111,-0.965033,-3.288017,-4.962749,-6.204147,1.0,43.808681,42.3682441,2.849479774494128,36.66928455101174,48.067203648988254,42.918509340400135,1.3764918086292255,0.009034269195360716
2015-05-08,-0.41885,0.481675,-0.481675,2.248392,2.248381,-0.913086,0.548696,-2.286907,-4.783243,-6.42764,-7.810118,1.0,44.793667,42.6510772,2.7920285362092985,37.06702012758141,48.2351342724186,43.09709578417155,1.353426360119137,0.022234773730171686
2015-05-11,0.379987,1.139964,0.0,-0.795814,-0.795809,-0.485536,1.215962,-0.875377,-3.427274,-5.185559,-6.620222,-1.0,44.437195,42.91421065,2.69338436966355,37.5274419106729,48.300979389327104,43.224724280917115,1.2914949647323866,-0.007989923853830865
2015-05-12,-1.055966,0.696942,-1.964097,-0.042223,-0.042235,-0.549088,0.876466,-0.170347,-2.784569,-4.65384,-6.130925,0.0,44.418427,43.18156545000001,2.553608787308579,38.07434787538285,48.28878302461717,43.33841025416311,1.2267581624808557,-0.00042243810479662225
2015-05-13,1.175725,1.448665,-0.125973,0.591347,0.591358,-0.566873,-0.0168,-0.107777,-2.792359,-4.692842,-6.194976,1.0,44.681099,43.43344209999999,2.431804211700511,38.569833676598975,48.29705052340101,43.46628537281424,1.1830121873552315,0.005896165171003517
2015-05-14,-1.41626,0.205252,-1.41626,2.288474,2.288471,-1.962236,-2.237275,-1.606458,-4.293924,-6.230706,-7.746305,1.0,45.703613,43.741134599999995,2.300308695864728,39.14051720827054,48.34175199172945,43.679364194450976,1.2168247232271199,0.022626782822438376
2015-05-15,1.180124,1.262942,-0.517598,-0.862073,-0.86207,-0.881989,-1.461698,-0.69151,-2.770185,-4.870393,-6.391303,-1.0,45.309616,44.0544557,2.0386149531387785,39.97722579372244,48.13168560627756,43.834626271169924,1.1980191177338426,-0.008658070163325184
2015-05-18,-0.062483,0.437415,-0.833154,-0.600416,-0.600422,-0.016659,-0.914385,-0.094416,-1.651731,-3.775039,-5.377343,-1.0,45.037567,44.29366775,1.840145022184256,40.613377705631486,47.97395779436851,43.94919205486803,1.1479308271880058,-0.006022319970505763
2015-05-19,-0.042037,0.483394,-0.840694,-0.895638,-0.251559,0.460691,-0.604103,-0.019366,-0.855643,-3.011227,-4.696077,0.0,44.924271,44.539879400000004,1.5404466346114807,41.45898613077704,47.620772669222966,44.04205671630916,1.086568174171326,-0.002518758229398755
2015-05-20,-0.399334,0.735599,-0.651538,0.0,0.0,0.56895,-0.268074,-0.182351,-0.344127,-2.54104,-4.245786,0.0,44.924271,44.769674300000005,1.1796832240103972,42.41030785197921,47.1290407480208,44.12607712427972,1.0261094782275322,0.0
2015-05-21,-0.295232,0.379587,-0.864614,-0.336284,-0.336277,0.49267,0.283857,0.027083,0.451829,-1.745545,-3.486328,0.0,44.773201,44.975499150000005,0.6758078223640193,43.62388350527197,46.32711479472804,44.187707969586405,0.9549968306564409,-0.003368437024429975
2015-05-22,0.852872,0.95948,-0.17058,-1.096575,-1.09658,1.142852,1.280247,0.930606,1.495118,-0.18292,-2.028939,-1.0,44.282227,44.9442984,0.6933506755993676,43.55759704880126,46.33099975119874,44.19670978200675,0.849232621526312,-0.011026368306432274
2015-05-26,0.515136,0.622453,-0.858555,-0.660985,-0.661001,1.339358,1.852396,1.410666,2.049208,0.820997,-1.012181,-1.0,43.989521,44.89095785,0.7246092267474707,43.44173939650506,46.34017630349494,44.17697751705373,0.7333412938998336,-0.006631953699053023
2015-05-27,-1.659317,0.336062,-2.079399,2.189313,2.189326,-0.819156,-0.210882,-0.71754,-0.266561,-0.898322,-2.696808,1.0,44.952595,44.832768849999994,0.6653271791338513,43.50211449173229,46.163423208267695,44.2508458487629,0.7110124954015973,0.021657043600311267
2015-05-28,0.105372,1.201262,-0.126453,-0.336064,-0.336056,-0.539523,0.152477,-0.176401,-0.066543,-0.164786,-1.984948,0.0,44.801529,44.7717169,0.6035575213289145,43.564601857342176,45.97883194265783,44.303291863166436,0.6733648670009771,-0.0033662217604551745
2015-05-29,1.216387,1.515149,-0.576187,-1.243414,-1.243431,0.473759,1.083689,1.146126,1.03529,1.416583,-0.397161,-1.0,44.244453,44.702511400000006,0.5789912237338017,43.5445289525324,45.86049384746761,44.29768816191249,0.5917560770346597,-0.012512260638804767
2015-06-01,-0.359939,1.143341,-1.291554,0.789584,0.789591,-0.173618,0.131276,0.323863,0.12565,0.594055,-0.762553,1.0,44.593803,44.649835,0.5347416141121394,43.580351771775725,45.71931822822428,44.325889575063684,0.5489422834481275,0.007864895519738157
2015-06-02,0.021317,0.916454,-0.639384,-0.656367,-0.656356,0.626596,0.626596,0.966216,0.679701,1.190482,0.197667,-1.0,44.301109,44.60222415,0.5203792068058859,43.56146573638823,45.64298256361177,44.323529520295715,0.48579415133960424,-0.006585192585968533
2015-06-03,1.109927,1.899688,-0.06403,-0.14919,-0.149199,0.452513,0.621137,1.08944,0.782898,1.171559,0.666512,0.0,44.235012,44.58132705,0.5265894899855199,43.52814807002896,45.634506029971035,44.315099280267546,0.42551030821936564,-0.0014931083840813183
2015-06-04,0.927524,1.725623,-0.345125,-1.045885,-1.045891,1.044005,1.421489,2.019497,1.888975,2.035259,1.992767,-1.0,43.772362,44.59921095,0.48966181115267,43.61988732769466,45.57853457230534,44.26341001548016,0.33652370397167175,-0.01051398856469069
2015-06-05,0.368448,0.823583,-0.650193,-0.474551,-0.474532,1.213688,1.627645,2.178596,2.346768,2.332255,2.701564,0.0,43.564648,44.5870093,0.5128871009007031,43.561235098198594,45.6127835018014,44.1968612521011,0.24640004874658672,-0.004756617879051605
2015-06-08,1.246444,1.530724,-0.131209,-0.888598,-0.88861,1.465123,2.282965,2.765509,3.077236,3.020938,3.488905,-1.0,43.177528,44.50620235,0.5987418938623144,43.308718562275374,45.70368613772463,44.09978189475814,0.14210100207455412,-0.008925821048341253
2015-06-09,0.240955,0.635262,-0.416217,-0.174935,-0.174931,1.086521,2.256291,2.646215,3.102978,3.00182,3.519116,0.0,43.101997,44.43944245,0.6762605469361551,43.08692135612769,45.79196354387231,44.00475476192403,0.0527405751711143,-0.0017508445785892914
2015-06-10,-1.759279,0.472004,-1.97383,2.102955,2.102951,-1.098476,-0.064365,0.393334,0.932846,0.821771,1.227333,1.0,44.008411,44.41894165,0.6831112657017009,43.0527191185966,45.7851641814034,44.005102975074124,0.05443434241006173,0.020811444597560427
2015-06-11,0.473732,1.03359,-0.667524,-0.364733,-0.364735,-0.701974,0.083984,0.597191,1.20732,1.230369,1.432577,0.0,43.847897,44.377281550000006,0.6916354859369477,42.99401057812611,45.760552521873905,43.99013097744802,0.04233649802564088,-0.003654016023443724
2015-06-12,0.543833,1.087666,-0.152271,-1.012054,-1.012044,0.239279,0.91363,1.415406,1.977163,2.228058,2.298784,-1.0,43.404137,44.262307750000005,0.6493846872615003,42.96353837547701,45.561077124523,43.934322027214876,-0.003023995415425418,-0.010171999573059835
2015-06-15,-0.065961,0.373795,-1.011434,-1.065915,-1.065921,1.209325,1.616096,2.299911,2.800132,3.156938,3.190916,-1.0,42.941483,44.1439011,0.6641032625537021,42.815694574892596,45.472107625107405,43.83976592938489,-0.07543525386167715,-0.010716430727188685
2015-06-16,-1.047358,0.89461,-1.156454,0.769573,0.769566,0.51495,0.602229,1.408106,1.811044,2.261426,2.250228,1.0,43.271946,44.05562005,0.6563626165292886,42.74289481694142,45.36834528305858,43.78568784087204,-0.10494633949492993,0.007666198231306856
2015-06-17,-0.522082,0.217531,-1.326952,0.305475,0.305489,-0.069618,0.104408,0.861423,1.325856,1.856506,1.84291,0.0,43.404137,43.97961335,0.6382443487605208,42.70312465247896,45.25610204752104,43.749349665550895,-0.1163264397546584,0.003050232495881745
2015-06-18,-1.070205,0.171229,-1.177232,1.631499,1.631497,-1.553941,-1.425518,-0.861878,-0.392772,0.169817,0.260733,1.0,44.112274,43.9390135,0.5996496758733225,42.739714148253356,45.13831285174665,43.783913887879386,-0.06742725403502448,0.016183306579787747
2015-06-19,1.496753,1.583523,-0.238603,-1.327061,-1.327066,-0.17353,-0.108454,0.361538,0.803692,1.316979,1.587573,-1.0,43.526875,43.8766972,0.5725445454900143,42.73160810901997,45.02178629098003,43.75943399379564,-0.07504602016311424,-0.01335950230708334
2015-06-22,0.216314,1.05992,-0.151417,0.282,0.281998,-0.129783,-0.281199,-0.06489,0.447763,0.87995,1.214537,0.0,43.64962,43.84506685,0.5664031449737243,42.712260560052556,44.97787313994745,43.748975518196055,-0.07036828969180675,0.0028160132180874596
2015-06-23,0.479201,0.805922,-0.631673,-0.692191,-0.692192,0.60118,0.470489,0.48501,1.073843,1.427143,1.836222,-1.0,43.347481,43.81296485,0.5758998377219159,42.66116517455617,44.96476452544383,43.71073794503452,-0.0900037397249207,-0.006945983516535006
2015-06-24,0.06573,1.336549,-0.197195,-0.588109,-0.588106,1.051709,0.852324,0.902719,1.455961,1.857144,2.336109,-1.0,43.092552,43.7199627,0.5305806965876997,42.65880130682461,44.7811240931754,43.65186309312648,-0.12469817220414114,-0.005898418366168073
2015-06-25,0.832414,0.898136,-0.328591,0.021917,0.021918,0.560781,0.65717,0.776921,1.236576,1.665711,2.191563,0.0,43.101997,43.6349861,0.4821267102704559,42.670732679459086,44.59923952054091,43.599494893781106,-0.14970591078810003,0.0002191553908542546
2015-06-26,0.861697,2.253648,-0.508173,-0.854335,-0.854355,1.056138,1.367675,1.515709,1.932192,2.350884,2.840509,-1.0,42.733753,43.5594511,0.4996386907297245,42.56017371854055,44.55872848145945,43.51704328484958,-0.1969684078463203,-0.008580253779977034
2015-06-29,1.510034,1.938249,-0.022533,-1.966414,-1.966401,2.244762,3.150783,3.347614,3.654503,4.1758,4.631514,-1.0,41.893436,43.42443275,0.5658836112371111,42.29266552752578,44.556199972474225,43.36241401962581,-0.29878661029539444,-0.01985992041844471
2015-06-30,1.268396,1.291051,-0.475658,-0.495824,-0.495815,1.956953,3.284249,3.63608,3.857295,4.47383,4.884853,0.0,41.685722,43.2936634,0.6487559891106418,41.99615142177872,44.59117537822128,43.202729065375735,-0.39172350839316294,-0.0049704838530034165
2015-07-01,0.022493,1.754778,-0.787408,0.679499,0.679487,0.73341,2.245223,2.612679,2.886395,3.48437,3.942263,1.0,41.968971,43.18036135,0.6731203072237746,41.834120735552446,44.52660196444755,43.08522829724472,-0.4374778700550195,0.0067718874408176045
2015-07-02,0.180176,0.788284,-0.765768,-0.112484,-0.112471,0.283771,1.837827,2.421913,2.781523,3.326117,3.820561,0.0,41.921768,43.087831650000005,0.7134455150282916,41.660940619943425,44.514722680056586,42.97442255464998,-0.4721052830943151,-0.0011253448364902168
2015-07-06,-0.968687,0.202751,-0.99121,-0.022529,-0.022549,-0.08559,1.475572,2.207721,2.607587,3.126848,3.616448,0.0,41.912315,43.005215,0.7500547664573106,41.50510546708538,44.50532453291462,42.87326945420713,-0.49460899093883626,-0.00022551687098588006
2015-07-07,0.090296,0.428901,-2.212187,-0.202748,-0.202728,0.085775,1.246044,2.237769,2.654624,3.07178,3.631298,0.0,41.827347,42.937705949999994,0.7932475793198202,41.35121079136035,44.52420110863964,42.77365779190169,-0.5133816054502063,-0.0020293377625450744
2015-07-08,0.452073,1.491863,-0.47469,-0.135433,-0.135433,0.262196,1.005865,2.136819,2.634483,2.969248,3.594776,0.0,41.770699,42.87114105,0.8335683811130259,41.20400428777395,44.53827781222605,42.678137906958675,-0.526757920461101,-0.0013552471949027348
2015-07-09,0.516622,1.572329,-0.044924,0.632907,0.632908,-0.336932,0.11904,1.277321,1.754261,2.112303,2.711883,1.0,42.035069,42.77247395,0.8082736077593681,41.15592673448126,44.389021165518734,42.616893249153094,-0.5101456553504207,0.006309133207640481
2015-07-10,0.896653,1.18807,-0.089668,0.202159,0.202136,-0.443835,-0.316062,0.75769,1.343883,1.749398,2.292474,0.0,42.120037,42.68608095,0.7790913230465032,41.12789830390699,44.244263596093006,42.56957360637661,-0.48453864815144954,0.0020193196327859997
2015-07-13,-1.22969,0.175665,-1.295564,2.084734,2.084751,-1.971894,-2.290297,-1.381939,-0.77295,-0.381206,0.106863,1.0,42.998135,42.66578085,0.7645505684029531,41.13667971319409,44.1948819868059,42.610388977197886,-0.38890666646392447,0.020633176952008545
2015-07-14,-0.372639,0.745287,-0.679522,0.175665,0.175652,-1.56509,-2.187623,-1.644003,-0.931595,-0.565527,-0.186307,0.0,43.073662,42.672389800000005,0.7676243480227243,41.137141103954555,44.207638496045455,42.654510217464754,-0.3035243940139907,0.0017549771706268232
2015-07-15,-0.174821,0.284093,-0.72115,0.306881,0.306886,-1.201917,-2.135044,-1.966774,-1.242341,-0.860129,-0.576184,0.0,43.205849,42.66908495,0.765045175628785,41.13899459874243,44.19917530125757,42.7070186729443,-0.22262565184934857,0.0030641597731383583
2015-07-16,-1.39306,0.064293,-1.478781,1.966788,1.966792,-2.190317,-3.549078,-3.711958,-3.073295,-2.768107,-2.507498,1.0,44.055618,42.701659,0.8105079402244165,41.08064311955117,44.32267488044883,42.835456704092465,-0.08891856152835231,0.019477001536240744
2015-07-17,-0.15015,0.3432,-0.772203,-0.085729,-0.085721,-1.244108,-2.990138,-3.490638,-3.000862,-2.669243,-2.405264,0.0,44.017853,42.69693795,0.8020902135676401,41.092757522864716,44.30111837713528,42.94806587513128,0.013838430165066029,-0.0008575795159588471
2015-07-20,-0.575439,0.447577,-1.023016,0.643499,0.643503,-1.287306,-3.07119,-3.871844,-3.53368,-3.210576,-2.97386,1.0,44.301109,42.73564965,0.8607898098984809,41.01407003020304,44.45722926979696,43.07692712511877,0.11678426205973835,0.0064144089738034675
2015-07-21,-1.05753,0.105759,-1.692045,0.767266,0.767261,-1.33672,-3.178937,-4.193459,-4.157152,-3.795264,-3.603357,1.0,44.641014,42.78521935,0.941000342359301,40.90321866528139,44.6672200347186,43.22588777986936,0.22322388235259893,0.007643322271042823
2015-07-22,-0.219592,3.052259,-0.746596,-3.680199,-3.680201,2.336406,0.805879,-0.329385,-0.535798,-0.144932,0.071728,-1.0,42.998135,42.76775205,0.9332242924865816,40.901303465026835,44.63420063497316,43.20419703892942,0.17301701070338993,-0.03749629020889329
2015-07-23,-1.821733,0.260245,-2.190421,1.251647,1.251647,0.83279,-0.09543,-1.321482,-1.714384,-1.36717,-1.201479,1.0,43.53632,42.78994045,0.9465338208434778,40.89687280831305,44.68300809168696,43.235827797126625,0.17464157552861082,0.012438789592817651
2015-07-24,-0.0653,0.827168,-0.304745,-0.368688,-0.368701,0.909896,0.56379,-0.732828,-1.3191,-1.070079,-0.872139,0.0,43.375801,42.80363065,0.9532411212097194,40.897148407580566,44.71011289241944,43.24915857835266,0.16111923086998559,-0.003693827297457787
2015-07-27,1.300995,1.455347,-0.220503,-1.284286,-1.284283,1.530329,1.830219,0.699754,-0.025347,0.150838,0.371934,-1.0,42.818733,42.807879650000004,0.9531026393925564,40.90167437121489,44.71408492878512,43.2081656661286,0.10425021176855864,-0.012926011208641718
2015-07-28,0.529338,0.661665,-1.213055,-0.022046,-0.022023,0.696941,1.790897,0.874855,0.103646,0.094382,0.383752,0.0,42.809303,42.853673,0.9285399518638605,40.99659309627228,44.71075290372772,43.17017874554492,0.05775442515896856,-0.0002202549650472745
2015-07-29,-1.922659,1.05854,-2.225109,2.095282,2.095267,-1.045585,-0.183626,-0.900126,-1.719596,-1.926985,-1.643266,1.0,43.706272,42.9547005,0.9043819291943993,41.1459366416112,44.7634643583888,43.22123524596922,0.0922210148504945,0.020736177048802963
2015-07-30,-1.322532,1.109217,-2.026453,1.274573,1.274572,-1.96246,-1.392918,-1.81172,-2.697314,-3.055462,-2.816412,1.0,44.26334,43.06941895,0.9181759675859651,41.233067014828066,44.90577088517193,43.32048331778168,0.16261227441108872,0.012665179117449663
2015-07-31,1.263383,1.434685,-0.428268,-0.383959,-0.383957,-1.259102,-0.99572,-1.134908,-2.076021,-2.591867,-2.443259,0.0,44.093388,43.17799995,0.9036041367387967,41.37079167652241,44.98520822347759,43.39409328751676,0.20235156581143343,-0.0038469557087768506
2015-08-03,0.363168,0.405894,-0.769066,0.235546,0.23555,-0.867338,-1.251875,-1.186364,-2.047646,-2.688321,-2.621954,0.0,44.19725,43.29224670000001,0.8792752445160041,41.533696210967996,45.05079718903202,43.47058440299135,0.23946562527538617,0.002352730714422946
2015-08-04,-1.661761,0.357589,-1.809005,1.559496,1.559479,-1.464021,-2.713496,-2.434433,-3.210972,-3.915852,-4.025374,1.0,44.886497,43.4452042,0.8771112006743514,41.69098179865129,45.199426601348705,43.60543322175408,0.3207973057639464,0.0154744445982754
2015-08-05,0.840685,1.744426,-0.084071,0.084142,0.084154,-1.004628,-2.366546,-2.261459,-2.941368,-3.708287,-3.989077,0.0,44.924271,43.602882799999996,0.8430389022894734,41.916804995421046,45.288960604578946,43.73103681968226,0.38387620864514105,0.0008411909410998589
2015-08-06,2.338052,2.466755,-0.622044,-2.017661,-2.017658,0.92235,-0.246678,-0.254542,-0.717507,-1.539256,-1.941945,-1.0,44.017853,43.702022,0.7616175915904246,42.17878681681915,45.22525718318085,43.75835264637919,0.35661549484954946,-0.02038290386889787
2015-08-07,-0.74883,0.085573,-1.026966,0.257407,0.257396,0.680362,-0.331618,-0.493507,-0.744543,-1.591783,-2.115959,0.0,44.131153,43.8025778,0.6688723132510732,42.46483317349786,45.140322426502145,43.793857441962125,0.3402315681453203,0.002570648667161151
2015-08-10,-0.802876,0.338052,-1.035288,1.262302,1.26231,-0.35496,-1.155718,-1.676179,-1.792738,-2.570045,-3.190371,1.0,44.688225,43.887082299999996,0.6686528401130551,42.54977661977389,45.224387980226105,43.8790353046324,0.36795666752923495,0.01254409380769542
2015-08-11,0.88343,1.141993,-1.098897,-1.943803,-1.943814,1.133387,1.03427,0.147967,0.239182,-0.456789,-1.124748,-1.0,43.819569,43.92437765,0.6411306784368953,42.64211629312621,45.206639006873786,43.87337184704836,0.31619087738809526,-0.01962954567136155
2015-08-12,-1.176729,0.342319,-2.203686,0.711058,0.711061,0.059907,0.417204,-0.38796,-0.363712,-0.945655,-1.638138,1.0,44.131153,43.970642850000004,0.6195747964575145,42.73149325708498,45.20979244291503,43.89792243304376,0.2968860232616919,0.0070854518636661755
2015-08-13,0.706187,0.791778,-0.513584,-0.021399,-0.021384,0.128388,0.406583,-0.278203,-0.33491,-0.735297,-1.454463,0.0,44.121716,43.973947749999994,0.6202278661467995,42.733492017706396,45.21440348229359,43.91923610608721,0.27762501192891165,-0.00021386273654103668
2015-08-14,-1.000002,0.212762,-1.021277,0.577787,0.577774,-0.336167,-0.106379,-0.700705,-0.867017,-1.102124,-1.836167,1.0,44.37664,43.9918871,0.6267193817020609,42.73844833659588,45.24532586340412,43.96279838169795,0.27970647584848507,0.005761117304528173
2015-08-17,-1.077766,0.274727,-1.584954,0.680851,0.680854,-1.014371,-0.674133,-1.094672,-1.495138,-1.620456,-2.293603,1.0,44.67878,44.01077065,0.6420296102385401,42.726711429522915,45.29482987047708,44.03098710725053,0.30225205041967484,0.006785463687060505
2015-08-18,-0.909668,0.338481,-1.205837,-0.105664,0.553077,-1.066317,-1.211692,-1.3246,-2.005244,-1.996663,-2.601122,1.0,44.925888,44.02501435,0.6596655377536316,42.705683274492735,45.344345425507264,44.11621576370286,0.33618381339801573,0.005515530205202351
2015-08-19,0.364724,1.008369,-0.665098,-1.396232,-1.396233,0.410194,0.045919,0.161792,-0.470849,-0.51026,-1.031732,-1.0,44.298618,44.090038500000006,0.6157506658956727,42.85853716820866,45.32153983179135,44.13358740525497,0.30889874093492153,-0.014060718575190435
2015-08-20,0.897941,1.773984,0.0,-2.038191,-2.038179,2.164726,1.984099,2.112456,1.583741,1.498884,1.131903,-1.0,43.395733,44.083009149999995,0.623162413708788,42.83668432258242,45.32933397741757,44.063315557135454,0.21197631959277174,-0.020592361875730374
2015-08-21,5.177616,5.595542,0.0,-5.672361,-5.672371,6.626423,7.335884,7.738446,7.394218,7.301165,7.11688,-1.0,40.934166,43.960927399999996,0.9317580221659743,42.097411355668044,45.82444344433195,43.76530131359874,-0.06274005404671357,-0.05839604944290008
2015-08-24,-2.951053,2.423222,-4.702493,-3.227304,-3.227299,7.624757,9.634283,10.559957,10.571119,10.406201,10.404308,-1.0,39.613098,43.80064565,1.3294338898468705,41.14177787030626,46.45951342969374,43.369853378970284,-0.38264303562697677,-0.0328052477096161
2015-08-25,5.189026,6.844579,-0.197682,-2.903069,-2.903065,7.482079,11.519574,12.752205,13.312061,13.064718,13.30568,-1.0,38.463104,43.5833357,1.7791572991963613,40.02502110160728,47.14165029839272,42.90254391430645,-0.7206560834676168,-0.029460377015694497
2015-08-26,-1.638963,0.304381,-3.863259,5.534959,5.534941,0.018745,4.798879,6.127231,6.985632,6.897764,7.148548,1.0,40.592014,43.4276228,1.9000079673641164,39.62760686527177,47.22763873472823,42.68249344627726,-0.8074409376622214,0.053871903620142866
2015-08-27,-1.5262,0.113893,-2.209572,2.78624,2.786235,-3.494298,1.383173,2.883751,3.781135,3.826234,4.057706,1.0,41.723003,43.30060595,1.9259340190014327,39.448737911997135,47.15247398800286,42.59111340377466,-0.7760118184396134,0.027481259655504773
2015-08-28,-1.20646,0.500801,-1.229231,0.068333,0.068344,-3.168677,0.685183,2.433517,3.429802,3.59971,3.8057,0.0,41.751518,43.18351245,1.9462807636561497,39.2909509226877,47.076073977312305,42.511151936748504,-0.7402697242516538,0.0006832025094016879
2015-08-31,0.091914,0.942096,-0.965078,-0.933303,-0.933283,-1.410862,0.831786,2.862378,4.061435,4.434807,4.546755,-1.0,41.361858,43.04174285,1.9716538093401257,39.09843523131975,46.98505046868025,42.401695371343884,-0.7349145253949771,-0.009376658095575498
2015-09-01,0.836915,1.841224,-0.382592,-3.90625,-3.906282,3.24248,3.627468,6.360571,7.644963,8.371889,8.386149,-1.0,39.746147,42.78472535,2.0519263139572494,38.6808727220855,46.8885779779145,42.14878600264447,-0.8512323892491978,-0.03984624623710785
2015-09-02,-2.306273,0.046125,-3.413284,3.682451,3.682465,-0.12454,-0.802582,2.110388,3.371083,4.280551,4.39197,1.0,41.209785,42.599001050000005,2.0158652519413702,38.567270546117264,46.63073155388275,42.05935733572595,-0.8159065174626292,0.03616282257218469
2015-09-03,-0.206897,1.103448,-0.505749,0.322876,0.322867,-0.629876,-1.618382,1.333664,2.714889,3.662382,3.879154,0.0,41.342838,42.465250299999994,2.005486698447716,38.454276903104564,46.476223696895424,41.99111739899015,-0.7683175578866894,0.003223473958190462
2015-09-04,0.469373,1.009153,-0.962215,-2.045975,-2.045963,0.826092,0.328556,2.811542,4.411595,5.472347,5.811917,-1.0,40.496979,42.2835416,2.0112324072932655,38.261076785413465,46.306006414586534,41.84881850384823,-0.7897529364766314,-0.020671823377275498
2015-09-08,-1.34427,0.250629,-1.572108,3.003985,3.003982,-1.945775,-2.09387,-0.66074,1.009995,2.158206,2.637726,1.0,41.713501,42.1348054,1.9324930042004624,38.26981939159907,45.999791408400924,41.83593112252935,-0.7005025130188685,0.029597462654456487
2015-09-09,2.646852,3.088001,-0.371488,-1.868305,-1.868304,0.501507,0.373807,0.58045,2.580654,3.716956,4.439123,-1.0,40.934166,41.99053525000001,1.907642304434815,38.175250641130376,45.80581985886964,41.750048729907505,-0.6847632067426304,-0.018859772534611387
2015-09-10,-0.392705,1.155001,-1.247404,0.510799,0.510788,-0.041576,-0.002305,-0.441973,1.696237,2.822279,3.700721,0.0,41.143253,41.84114025,1.847219099231803,38.146702051536394,45.53557844846361,41.692258660392504,-0.6479489672755747,0.00509488370454365
2015-09-11,-0.781971,0.25299,-1.241953,0.438898,0.438898,-0.487574,-0.535871,-1.211277,0.913313,2.112194,3.010458,0.0,41.32383,41.70124595,1.7697357139977854,38.16177452200443,45.24071737799557,41.657170216545595,-0.597316865501945,0.004379378584457683
2015-09-14,0.906131,0.929363,-0.418216,-1.011957,-1.011946,0.729547,0.274158,-0.206015,1.520674,2.84067,3.803762,-1.0,40.905655,41.52769669999999,1.6603767841893013,38.20694313162139,44.8484502683786,41.58559733877935,-0.5841994995482338,-0.010171013596739631
2015-09-15,-1.796273,0.704868,-2.04638,2.184012,2.184009,-1.382447,-1.76444,-1.990298,-0.993631,0.366142,1.393884,1.0,41.799038,41.383709599999996,1.4887264900656416,38.406256619868714,44.36116258013128,41.60592502080037,-0.49599779688309553,0.021605007361967465
2015-09-16,-0.744916,0.180591,-1.038372,0.727601,0.72761,-1.53951,-1.914227,-2.121902,-2.044022,-0.521922,0.441104,1.0,42.103172,41.2425738,1.249884978476331,38.74280384304734,43.742343756952664,41.653281875962236,-0.3969801005285518,0.007249757356330492
2015-09-17,0.090398,1.694915,-0.384176,-0.112865,-0.112873,-0.99435,-1.60226,-1.779284,-2.199999,-0.606917,0.327236,0.0,42.055649,41.13042535,1.0450932056330862,39.04023893873383,43.22061176126618,41.69160255444202,-0.3186691520965894,-0.001129364800658495
2015-09-18,0.045998,1.172958,-0.344982,-1.740113,-1.740121,0.758978,0.135702,-0.104255,-0.718713,0.882446,1.886658,-1.0,41.32383,41.0268302,0.9015578291920222,39.223714541615955,42.82994585838404,41.656576596876114,-0.3120615867770056,-0.01755438632089994
2015-09-21,-1.110864,0.816141,-1.156207,1.448944,1.448951,-0.194968,-0.954434,-1.503817,-2.018817,-0.792564,0.255849,1.0,41.922592,41.0762515,0.9230463613456351,39.23015877730873,42.922344222691265,41.68191139717363,-0.25556397193372504,0.014385539015750758
2015-09-22,-1.184512,0.341679,-1.343966,-0.47608,-0.476089,0.246018,-0.478355,-0.974939,-1.297261,-0.60136,0.498542,0.0,41.723003,41.18174675,0.8658175783741993,39.450111593251606,42.9133819067484,41.68582488315709,-0.2243086785729247,-0.004772262754415153
2015-09-23,0.13677,0.683836,-0.820609,-0.068344,-0.068341,0.118537,-0.227939,-0.595691,-0.842253,-0.843391,0.397378,0.0,41.694489,41.343316,0.5890650604452276,40.16518587910954,42.52144612089046,41.68665003714212,-0.19953930994469005,-0.0006836456102169783
2015-09-24,-1.047595,0.501027,-1.457527,0.091181,0.09119,-0.127539,-0.177639,-0.602751,-0.795948,-1.179686,0.114321,0.0,41.73251,41.400340799999995,0.567308325221208,40.26572414955758,42.53495745044241,41.6910176526524,-0.17482614295739296,0.0009114795710752512
2015-09-25,1.228951,1.797909,-0.409652,0.068319,0.068318,0.013654,-0.141101,-0.603853,-0.859125,-1.403731,-0.142458,0.0,41.761021,41.402241700000005,0.5685088077078926,40.26522408458422,42.53925931541579,41.697684638114076,-0.15119727260600513,0.0006829511404466199
2015-09-28,1.247404,1.847999,-0.184805,-1.479285,-1.479293,1.136522,1.416035,0.993305,0.55556,0.097025,1.094947,-1.0,41.143253,41.371828449999995,0.5651001272183799,40.24162819556324,42.50202870443675,41.644881624960355,-0.1802422172297682,-0.014903439947098246
2015-09-29,-0.161142,0.299266,-0.89779,0.346496,0.346504,0.575505,0.941528,0.575506,0.199125,-0.086555,0.471917,0.0,41.285816,41.36802635,0.5654264591883844,40.23717343162323,42.49887926837677,41.610684898773656,-0.1895716386047539,0.003459050159780244
2015-09-30,-0.858556,0.090377,-1.355621,1.887659,1.887668,-1.111618,-0.937648,-1.108607,-1.381614,-1.595125,-1.616211,1.0,42.065155,41.48397675,0.4389605160128402,40.606055717974314,42.36189778202568,41.65396776555711,-0.1325511608945007,0.018700723047648766
2015-10-01,0.313829,0.313829,-1.927821,0.790789,0.790778,-1.57364,-1.634166,-1.687217,-2.015245,-2.196819,-2.537548,1.0,42.397797,41.54337735,0.4785041420753232,40.586369065849354,42.500385634150646,41.72480864502786,-0.059830898746639605,0.007876677571349185
2015-10-02,-2.852754,0.0,-3.620808,2.151982,2.151987,-2.931757,-3.247756,-3.452568,-3.852319,-4.110603,-4.597326,1.0,43.310192,41.641745050000004,0.6172200816296689,40.40730488674067,42.87618521325934,41.8757975359776,0.07060914594181611,0.021291585032121734
2015-10-05,-1.887199,0.557577,-1.994424,2.326094,2.326092,-3.705771,-4.906717,-5.134039,-5.60691,-6.058765,-6.511549,1.0,44.317627,41.83277745,0.806494666614642,40.219788116770715,43.44576678322929,42.108352723027345,0.2523662847040882,0.02299451021378552
2015-10-06,-0.898391,0.919786,-1.133688,0.257343,0.257342,-2.536897,-4.541178,-4.982533,-5.543318,-6.023532,-6.390019,0.0,44.431675,41.968686149999996,0.9928390288629423,39.98300809227411,43.95436420772588,42.32962151131046,0.40099047849556513,0.0025701174028095303
2015-10-07,0.641024,1.175212,-1.816235,0.10695,0.106957,-1.555559,-4.017099,-4.727927,-5.245734,-5.698298,-6.039181,0.0,44.479198,42.145937749999995,1.1081737613517084,39.92959022729658,44.36228527270341,42.53434308166184,0.5166552516541785,0.001069003214615651
2015-10-08,-1.875659,0.147522,-2.00211,1.388893,1.388883,-1.707058,-4.58588,-5.583423,-6.105375,-6.645312,-6.993328,1.0,45.096962,42.3436232,1.261880578530782,39.81986204293844,44.86738435706157,42.778402026265475,0.6506683103778386,0.013793263616447126
2015-10-09,0.721715,0.912757,-0.403318,-0.716544,-0.716534,-0.343882,-3.224377,-4.388321,-5.042464,-5.665049,-6.094965,-1.0,44.773827,42.51612305,1.3480062796347123,39.82011049073057,45.212135609269424,42.96844249995448,0.7224721220801058,-0.007191132872012129
2015-10-12,-0.042553,0.148936,-1.06383,-0.233498,-0.233498,0.046805,-2.208516,-3.754617,-4.398944,-5.070646,-5.657455,0.0,44.669281,42.70430435,1.3738063805381806,39.95669158892364,45.45191711107636,43.130427119006434,0.7621555173217089,-0.002337710527926455
2015-10-13,-0.703771,0.51184,-0.703771,-0.234045,-0.234051,0.341229,-1.243332,-3.103717,-3.864363,-4.592024,-5.19656,0.0,44.564732,42.84258905,1.4164218477391133,40.009745354521776,45.675432745478226,43.26702758386296,0.7762208723705797,-0.0023432555440163483
2015-10-14,-0.064263,0.899739,-0.321339,-0.447855,-0.447863,0.741226,-0.280625,-2.266487,-3.176943,-3.853464,-4.423016,0.0,44.365143,42.9556876,1.444305942966681,40.06707571406663,45.84429948593336,43.37161000444744,0.76247328590037,-0.00448869033304018
2015-10-15,0.0,0.042546,-1.021057,0.706937,0.706945,-0.153154,-0.470108,-2.512937,-3.563069,-4.211867,-4.835139,1.0,44.67878,43.08684415,1.4770046254101765,40.13283489917964,46.04085340082035,43.49610238497626,0.7680327063479169,0.007044575002512058
2015-10-16,-1.031358,0.063151,-1.283932,1.063604,1.063601,-1.035568,-1.109233,-3.037951,-4.153857,-4.880652,-5.555317,1.0,45.153984,43.27835185,1.4846699950414224,40.309011859917156,46.247691840082844,43.653995872121385,0.8015438795606968,0.01057984662660418
2015-10-19,-0.419994,0.545993,-1.259973,0.231532,0.231532,-1.00378,-1.129773,-2.655743,-4.006717,-4.715663,-5.422789,0.0,45.25853,43.44514875,1.5114867464158117,40.42217525716838,46.468122242831626,43.80680864620506,0.8270045209147483,0.002312645494970473
2015-10-20,-0.690812,0.083737,-1.570023,0.314996,0.314988,-0.946197,-1.226703,-2.357119,-3.903069,-4.697501,-5.449019,0.0,45.401089,43.629053049999996,1.5146782175793754,40.59969661484124,46.65840948515875,43.958644870376006,0.8488999918227336,0.003144930875991627
2015-10-21,1.525417,1.673731,-0.190678,-1.193215,-1.193207,0.470334,0.050845,-0.762713,-2.389832,-3.30085,-4.015539,-1.0,44.85936,43.7872966,1.4664861091579762,40.854324381684044,46.72026881831595,44.044427263673526,0.813165640063211,-0.012003829160694078
2015-10-22,-1.041016,1.915474,-1.957108,1.75847,1.758476,-0.841146,-1.557363,-2.002917,-3.647723,-4.657093,-5.345274,1.0,45.648201,43.983081150000004,1.4388451888624172,41.10539077227517,46.860771527724836,44.19716761951414,0.8388292830999049,0.01743193533810554
2015-10-23,-1.078116,2.26972,-1.172686,10.077035,10.07703,-7.891054,-9.479856,-10.053589,-11.623793,-12.674862,-13.418447,1.0,50.248184,44.4074393,1.9200822308894205,40.56727483822116,48.24760376177884,44.77345489384613,1.216327028691616,0.09601020926148582
2015-10-26,-3.170509,0.129032,-3.225806,2.610178,2.610176,-7.789862,-10.446084,-11.405221,-12.861749,-14.148571,-14.932104,1.0,51.55975,44.928264150000004,2.352188962097396,40.22388622580521,49.6326420741948,45.419768713479826,1.6028524415775252,0.025766922356631406
2015-10-27,0.558769,1.26653,-0.204874,-1.03226,-1.032253,-4.622837,-8.245489,-9.619423,-10.998326,-12.523751,-13.441985,-1.0,51.027523,45.4153495,2.557872806444479,40.29960388711104,50.531095112888956,45.953840550291275,1.8449627628804137,-0.010376175515987046
2015-10-28,-0.815115,0.0,-2.074841,0.54014,0.540124,-2.623186,-7.386062,-9.218221,-10.57613,-12.244527,-13.309243,0.0,51.303135,45.87724849999999,2.748078311984325,40.38109187603134,51.373405123968645,46.46329716454925,2.0356112623299083,0.005386707597320533
2015-10-29,0.337331,0.880811,-0.262369,-1.148572,-1.148556,0.505988,-5.119949,-7.425045,-8.717211,-10.516499,-11.732892,-1.0,50.71389,46.293053150000006,2.8220504106673765,40.64895232866525,51.93715397133476,46.86811552983028,2.1147765965159238,-0.011552023847868128
2015-10-30,1.291795,2.564595,-0.037994,-1.349329,-1.349333,1.793312,-2.847646,-5.458462,-6.797113,-8.63146,-9.945543,-1.0,50.029591,46.6290231,2.848103156440982,40.932816787118036,52.32522941288196,47.1692084317512,2.0981127461315694,-0.013585187201004472
2015-11-02,-0.732539,0.225393,-1.164544,1.139823,1.139811,0.266721,-2.886923,-5.742546,-7.226705,-8.913594,-10.388801,1.0,50.599834,46.94313345,2.9251506595277137,41.09283213094457,52.79343476905542,47.49593467634632,2.1066363762164,0.011333645283873062
2015-11-03,-2.253005,0.443208,-2.308403,1.709241,1.709247,-1.248386,-3.340721,-6.432751,-8.102494,-9.653186,-11.263774,1.0,51.46471,47.2947852,3.028267466491831,41.23825026701634,53.35132013298366,47.873913278599055,2.158300139089519,0.016948034409515915
2015-11-04,-0.404415,0.882351,-0.625002,0.461681,0.461679,-1.547793,-2.461397,-5.916667,-7.826287,-9.322793,-11.026348,0.0,51.702312,47.655940900000004,3.104561716187358,41.44681746762529,53.86506433237472,48.23852268063724,2.193135438900761,0.004606169985134651
2015-11-05,0.202282,0.588452,-0.698788,-0.036767,-0.036764,-1.136448,-1.257816,-4.978547,-7.155204,-8.570798,-10.351845,0.0,51.683304,47.985258,3.1675164688165305,41.65022506236694,54.32029093763306,48.566597092005125,2.1939187485659843,-0.0003677107309429494
2015-11-06,-1.511286,0.109253,-1.747995,0.993007,0.993005,-1.278218,-1.85542,-5.013347,-7.35706,-8.788778,-10.566879,1.0,52.196522,48.35639275,3.2060525521929657,41.94428764561407,54.76849785438593,48.91230422609988,2.2104709968955305,0.009881074997000229
2015-11-09,0.720087,1.310929,-1.107827,-1.383827,-1.383834,0.44683,-0.494823,-2.875423,-5.396042,-6.952725,-8.642902,-1.0,51.474209,48.696639149999996,3.154840218145623,42.38695871370875,55.00631958629124,49.15629515694751,2.1406283196962264,-0.013934978203406636
2015-11-10,1.046537,1.158668,-0.448511,-1.200151,-1.200151,1.427777,0.680256,-0.980492,-3.628285,-5.317127,-6.905864,-1.0,50.856441,49.0112246,3.032457110961172,42.946310378077655,55.07613882192234,49.31821380866679,2.0122330105549295,-0.012074104973238018
2015-11-11,0.093195,1.025161,-0.354153,0.261641,0.26164,0.883503,0.356013,-0.4374,-3.230193,-5.053492,-6.565389,0.0,50.989502,49.34244255,2.854852997376921,43.63273655524616,55.05214854475384,49.47738411260329,1.89932151751767,0.002612987258773874
2015-11-12,0.300075,1.237809,-0.243813,-0.615102,-0.615093,1.110271,0.969614,0.840208,-2.039574,-4.025507,-5.442611,-1.0,50.675869,49.642297,2.6465822149529306,44.34913257009414,54.93546142990586,49.591525530450596,1.7641942506934072,-0.00616992771212135
2015-11-13,0.435276,0.851629,-0.586679,-0.900225,-0.900223,1.241477,1.924673,1.752457,-0.645348,-2.719912,-4.125034,-1.0,50.219673,49.895581449999995,2.427787602311037,45.040006245377924,54.751156654622065,49.65134909897911,1.6018288279599417,-0.009042998328162919
2015-11-16,-1.28324,0.223171,-1.710995,1.76003,1.760029,-0.654644,0.260365,-0.066954,-1.791894,-3.898831,-5.34065,1.0,51.103554,50.187832650000004,2.1793001828248135,45.829232284350375,54.54643301564963,49.78965432764777,1.5268740172375956,0.017447202335148747
2015-11-17,0.377567,1.057198,-0.226549,-1.487817,-0.823814,0.101958,0.93886,0.71777,-0.455088,-2.617725,-4.143242,-1.0,50.682556,50.451905999999994,1.8662483925182158,46.71940921496356,54.184402785036426,49.87469258215751,1.4171645784410316,-0.008272256415856672
2015-11-18,-1.578455,0.241415,-1.615595,1.661312,1.661311,-1.326184,-0.745146,-0.899474,-1.435016,-3.653305,-5.253905,1.0,51.524551,50.78516555,1.334315045445525,48.11653545910895,53.45379564089105,50.03182195528536,1.3822275585469583,0.01647662424468163
2015-11-19,0.092701,1.334818,-0.296626,0.167133,0.16713,-1.128574,-0.924828,-0.948986,-1.021834,-3.276816,-4.991295,0.0,51.610664,51.0832887,0.5777921143738686,49.92770447125226,52.23887292874773,50.1821878643058,1.3459727816094755,0.0016699052794159478
2015-11-20,0.110723,0.202989,-1.697728,0.463478,0.46348,-0.955895,-1.44876,-1.171905,-1.324007,-3.206481,-4.974704,0.0,51.849869,51.16337295,0.5668475417254902,50.02967786654902,52.297068033450984,50.34101463913382,1.3213112010275765,0.004624090351970417
2015-11-23,0.110723,0.498247,-0.811956,0.0,0.0,-0.668019,-1.376309,-1.01118,-1.29603,-2.697987,-4.513077,0.0,51.849869,51.1778789,0.5810589328221183,50.01576103435577,52.33999676564424,50.484715054454405,1.2869317723548335,0.0
2015-11-24,-0.608299,0.350229,-1.235019,0.110723,0.110733,-0.306001,-1.282951,-1.06383,-1.320464,-2.304243,-4.147179,0.0,51.907284,51.221866950000006,0.6020004422633545,50.0178660654733,52.42586783452671,50.62019781117303,1.2499105473564782,0.0011067189914180286
2015-11-25,0.74502,1.005776,0.0,-1.03226,-1.032271,0.674244,-0.178942,-0.074824,-0.284549,-0.778179,-2.692779,-1.0,51.37146,51.2252832,0.6026793808789673,50.019924438242064,52.430641961757935,50.69174659106131,1.1639175243821995,-0.010376361812114945
2015-11-27,-0.241055,0.278142,-0.259594,0.447012,0.447005,0.222519,-0.443858,-0.530128,-0.642331,-0.758277,-2.678643,0.0,51.601093,51.26964335,0.59566768504832,50.078307979903364,52.46097872009664,50.778351010960236,1.1015983579563908,0.00446008910087723
2015-11-30,0.349592,1.122357,-0.643971,0.778784,0.778796,-0.4931,-0.870285,-1.323623,-1.220408,-1.390219,-2.991709,1.0,52.00296,51.368311799999994,0.5403163813488318,50.28767903730233,52.448944562697655,50.89498043848783,1.0722767391560453,0.007757785604573036
2015-12-01,-1.466862,0.018108,-1.666067,1.600742,1.600747,-1.687803,-2.10432,-2.706544,-2.565148,-2.847268,-4.042084,1.0,52.835396,51.480089899999996,0.6008233427699675,50.27844321446006,52.68173658553993,51.079781920536604,1.103489433951708,0.015880704858315473
2015-12-02,0.199241,1.35845,-0.271686,-0.018113,-0.018122,-1.322223,-1.680853,-2.440371,-2.418657,-2.69349,-3.556187,0.0,52.825821,51.54814545000001,0.6718752073035741,50.20439503539286,52.89189586460716,51.24607135667598,1.1146046286326339,-0.00018123963168465427
2015-12-03,2.380076,2.896677,-0.498157,-1.829375,-1.829372,0.704794,0.215863,-0.510552,-0.585117,-0.837311,-1.309053,-1.0,51.85944,51.556001849999994,0.6746855837271932,50.20663068254561,52.90537301745438,51.304487417944934,1.033520845221588,-0.01846312351583196
2015-12-04,-3.201576,0.572348,-3.237349,3.15498,3.154978,-1.666963,-2.49687,-3.202024,-3.456318,-3.662191,-3.838525,1.0,53.495594,51.64661635,0.802312585744564,50.04199117851088,53.25124152148913,51.51316423528351,1.088735056563678,0.031062313621310646
2015-12-07,-0.035836,0.286687,-0.931733,-0.178857,-0.178856,-0.967569,-2.031896,-2.63155,-3.170657,-3.237117,-3.469489,0.0,53.399914,51.706785950000004,0.8864373706599691,49.933911208680065,53.47966069131994,51.69285468906603,1.1119542243494962,-0.0017901598924421553
2015-12-08,-0.573579,0.55565,-1.433947,-0.035836,-0.035841,-0.727727,-1.709981,-2.312241,-2.957358,-2.994039,-3.321167,0.0,53.380775,51.80211425,0.9596065705929776,49.882901108814046,53.72132739118596,51.85360900439308,1.1159472791748613,-0.0003584730607040203
2015-12-09,0.709347,1.618769,-0.85486,-1.451875,-1.451871,0.651147,-0.129138,-0.62932,-1.361401,-1.478126,-1.796831,-1.0,52.605755,51.889579950000005,0.9485331118695021,49.992513726261,53.78664617373901,51.92524195635565,1.044533435756847,-0.014625138012113185
2015-12-10,0.217114,0.705627,-0.470422,0.527465,0.527473,0.510216,-0.367295,-0.979442,-1.699914,-1.905752,-2.212512,0.0,52.883236,51.984266649999995,0.9484748652006729,50.08731691959865,53.88121638040134,52.01647948432178,0.9988141403637272,0.005260864424789841
2015-12-11,1.202364,1.923783,-0.092495,-2.189251,-2.189263,2.075475,1.886796,1.251698,0.601762,0.293118,0.041421,-1.0,51.725483,52.03674735,0.9000721292138371,50.23660309157233,53.83689160842767,51.98876553343399,0.8592553175871984,-0.022135827397555142
2015-12-14,-1.468983,0.12695,-2.647804,1.997777,1.997775,-0.166842,0.034466,-0.616605,-1.128031,-1.628636,-1.745601,1.0,52.758842,52.1637058,0.8042570761943597,50.55519164761128,53.772219952388724,52.06210614929742,0.8225554727612874,0.019780817730072505
2015-12-15,0.833332,1.268118,-0.199277,0.108818,0.108825,-0.489134,-0.077903,-0.602661,-1.073374,-1.633934,-1.712528,0.0,52.816257,52.24934095,0.7761237387384206,50.69709347252316,53.80158842747684,52.13393003984052,0.7890082955015458,0.0010876618862597528
2015-12-16,-1.051131,0.213788,-2.440768,1.684783,1.684777,-1.728129,-1.569569,-2.026248,-2.430963,-3.051484,-3.201902,1.0,53.706093,52.4005178,0.7488663627161477,50.90278507456771,53.898250525432296,52.28365984556999,0.8247174153635513,0.01670741771674181
2015-12-17,1.184919,1.956912,-0.30521,-0.766079,-0.766071,-0.815087,-0.5404,-1.029329,-1.511676,-2.130043,-2.35504,-1.0,53.294666,52.48902355,0.7444791032430527,51.000065343513896,53.9779817564861,52.379946145991894,0.810475769496307,-0.007690207648399717
2015-12-18,3.029741,3.454644,-0.184744,-2.818671,-2.81867,2.087562,2.015512,1.865873,1.362454,0.794837,0.484103,-1.0,51.792465,52.498113599999996,0.7342292522548584,51.02965509549028,53.966572104509716,52.323995560659334,0.6702478957314142,-0.02859157575289371
2015-12-21,0.091189,0.948379,-1.094295,1.293185,1.293178,0.671167,0.534378,0.623745,0.126754,-0.320994,-0.781864,1.0,52.462234,52.52873185,0.718370819141021,51.091990211717956,53.96547348828204,52.33716112631083,0.6061734659072826,0.012848882994394923
2015-12-22,-0.650399,0.234873,-1.535678,0.948379,0.948385,-0.220414,-0.489611,-0.305932,-0.709124,-1.117255,-1.620491,1.0,52.959778,52.584227299999995,0.705930783731624,51.17236573253675,53.99608886746324,52.396457971424084,0.5887548617327241,0.009439161418512474
2015-12-23,-0.214975,0.10749,-0.680761,0.849145,0.849148,-1.171626,-1.177003,-1.072501,-1.404521,-1.745618,-2.289507,1.0,53.409485,52.65933735,0.7100183394500622,51.239300671099876,54.079374028900126,52.49293673605036,0.6042724127443222,0.008455632139058375
2015-12-24,0.341302,0.520929,-0.431108,-0.268724,-0.268739,-0.916101,-0.838861,-0.629891,-0.96101,-1.350089,-1.883755,0.0,53.265953,52.754062,0.6532628267954237,51.44753634640915,54.060587653590844,52.566557332616995,0.5980938967249827,-0.002691005339311163
2015-12-28,-1.072391,0.0,-1.733693,0.502969,0.502982,-0.7614,-0.997325,-1.122437,-1.276146,-1.700096,-2.196836,0.0,53.533871,52.85070090000001,0.6155988576918076,51.61950318461639,54.08189861538362,52.65868244379633,0.6078096702514202,0.00501720980385177
2015-12-29,-0.459767,0.530502,-0.866486,1.072382,1.072377,-1.20601,-1.798405,-2.084289,-2.129087,-2.576125,-2.994988,1.0,54.107956,52.9559507,0.642394880328774,51.67116093934246,54.24074046065755,52.796708496768105,0.6542910920142901,0.010666679657513325
2015-12-30,0.284141,0.834662,-0.035518,-0.4244,-0.424398,-0.443973,-1.18274,-1.605401,-1.615169,-2.010303,-2.409877,0.0,53.878323,53.00809705,0.6736626069061562,51.66077183618769,54.355422263812315,52.89971940183781,0.6649335496118098,-0.004253009702003385
2015-12-31,1.009375,1.279739,-0.108151,-1.473985,-1.473986,0.922854,0.178444,-0.073299,-0.118962,-0.45566,-0.799088,-1.0,53.084164,53.0210142,0.672459328377818,51.676095543244365,54.36593285675564,52.91728555404373,0.6023423520074616,-0.014849572322798276
