date,c_open,c_high,c_low,n_close,n_adj_close,adj_sum_5,adj_sum_10,adj_sum_15,adj_sum_20,adj_sum_25,adj_sum_30,label,closing_price_for_label,melody_ma20,melody_std20,melody_lb20,melody_ub20,melody_ema20,melody_macd_12_26,melody_str_log_return
2013-06-03,-0.812788,0.786573,-1.966439,0.87278,0.872793,-0.624376,1.072637,2.252557,2.8815,3.518771,3.660325,1.0,67.189552,,,,,,,
2013-06-04,-0.457575,0.287621,-0.65368,0.2753,0.275281,-0.860233,0.396344,1.75953,2.376324,3.022181,3.257065,0.0,67.374512,,,,,,,0.0027490269093066867
2013-06-05,0.342153,0.48691,-0.460586,-0.65368,-0.653658,0.036841,0.557053,2.121917,2.719764,3.419725,3.786358,-1.0,66.934113,,,,,,,-0.006558038672261881
2013-06-06,-1.83486,0.0,-2.067448,1.842349,1.84234,-1.338675,-1.401591,0.010696,0.677774,1.381847,1.802556,1.0,68.167267,,,,,,,0.018255746133935585
2013-06-07,-1.002539,0.03807,-1.61168,1.821946,1.821939,-2.296953,-3.005725,-1.857424,-1.145524,-0.544787,-0.058751,1.0,69.409233,,,,,,,0.018055405387565886
2013-06-10,0.063552,0.915102,-0.355869,-0.152288,-0.152271,-1.537886,-2.596776,-1.852907,-1.034339,-0.512962,0.044603,0.0,69.303543,,,,,,,-0.0015238685793809946
2013-06-11,-0.976296,0.316977,-1.267909,0.241488,0.241485,-1.171555,-2.51174,-2.14603,-1.276301,-0.804739,-0.267483,0.0,69.470901,,,,,,,0.0024119438177446642
2013-06-12,1.92926,2.173636,-0.167199,-1.420062,-1.420056,0.704816,-0.761425,-0.911214,0.033862,0.456583,1.016337,-1.0,68.484375,,,,,,,-0.014302357188724562
2013-06-13,-1.604949,0.227475,-1.946166,1.774916,1.774901,-0.611642,-2.059895,-2.583668,-1.794247,-1.35116,-0.808148,1.0,69.699905,,,,,,,0.017593337722194017
2013-06-14,-0.689832,0.752539,-0.727456,0.758254,0.758266,-1.126308,-2.281462,-3.133516,-2.533237,-2.064155,-1.608457,1.0,70.228416,,,,,,,0.007554060671337761
2013-06-17,-0.334745,0.371925,-0.557904,1.166438,1.166403,-1.775332,-2.865094,-3.916946,-3.640441,-3.126002,-2.758464,1.0,71.047562,,,,,,,0.011596524638230122
2013-06-18,-0.894711,0.134822,-1.066301,1.152978,1.152995,-2.228205,-3.347212,-4.583885,-4.613207,-4.09962,-3.797727,1.0,71.866737,,,,,,,0.011463988939547346
2013-06-19,1.508916,1.982787,0.0,-1.715889,-1.715901,0.087301,-1.136037,-2.491568,-2.92285,-2.390471,-2.152162,-1.0,70.633575,,,,,,,-0.017307931004955392
2013-06-20,2.896674,2.922532,-0.168117,-3.566529,-3.566526,3.323423,2.512619,1.254375,0.593771,1.058031,1.341473,-1.0,68.11441,,,,,,,-0.03631680666689946
2013-06-21,-0.485133,0.54896,-1.812841,1.293159,1.293195,1.646848,1.143856,0.192326,-0.639952,-0.303599,0.01302,1.0,68.995262,,,,,,,0.012849044214337638
2013-06-24,-0.688953,0.88033,-1.492725,0.063826,0.063804,1.000256,1.041087,0.307056,-0.591432,-0.469905,-0.089992,0.0,69.039284,,,,,,,0.0006378403489295512
2013-06-25,-0.063295,0.468358,-1.11392,0.791022,0.791016,-0.448098,0.264562,-0.268348,-1.203792,-1.278398,-0.870973,1.0,69.585396,,,,,,,0.007879041815420422
2013-06-26,-0.300599,0.789084,-0.413319,1.063286,1.063295,-1.583164,-0.528558,-0.996157,-1.943885,-2.314471,-1.899349,1.0,70.325294,,,,,,,0.010576817220019904
2013-06-27,-0.248691,0.659039,-0.621736,0.726455,0.726453,-1.524492,-1.085551,-1.459004,-2.358242,-2.922003,-2.608214,1.0,70.836174,,,,,,,0.007238267464349409
2013-06-28,-0.024551,0.355908,-1.595487,1.318086,1.318102,-2.032418,-2.157606,-2.521699,-3.268918,-3.991433,-3.8036,1.0,71.769867,69.4237689,1.4335023232529736,66.55676425349405,72.29077354650595,69.53224920998396,,0.013094905876633681
2013-07-01,2.05658,2.143829,-0.349004,-1.534119,-1.534131,-0.044874,-0.686782,-0.874159,-1.515648,-2.315915,-2.311605,-1.0,70.668823,69.59773245,1.357180078145219,66.88337229370956,72.31209260629043,69.64049433284264,,-0.015460208608983264
2013-07-02,-0.136909,0.821514,-0.398306,0.137097,0.137087,0.151868,-0.97833,-0.887882,-1.410866,-2.250922,-2.412173,0.0,70.765701,69.7672919,1.2740992845014676,67.21909333099707,72.31549046900294,69.74765687257191,,0.0013699344744297298
2013-07-03,-0.237148,0.374432,-0.499254,-0.273827,-0.273809,0.496745,-0.71519,-0.418554,-0.88244,-1.729918,-2.130439,0.0,70.571938,69.94918315,1.095495919396774,67.75819131120645,72.14017498879355,69.82615983708888,,-0.0027418474336918662
2013-07-05,0.30026,0.475413,-1.113473,-0.237148,-0.237157,0.61304,-0.153883,-0.115103,-0.487928,-1.285126,-1.836897,0.0,70.404572,70.0610484,1.015251901197223,68.03054459760556,72.09155220239445,69.88124670974709,,-0.002374382492939118
2013-07-08,-0.805854,0.545492,-1.066205,0.913304,0.913279,-0.500852,-0.768641,-0.942211,-1.273228,-1.928572,-2.596277,1.0,71.047562,70.14296485,1.0259304302488887,68.09110398950222,72.19482571049778,69.99232435643785,,0.009091335853801443
2013-07-09,-0.405656,0.405657,-0.860475,0.855435,0.855466,-1.06946,-1.245242,-1.725882,-1.946533,-2.51113,-3.228907,1.0,71.65535,70.2605552,1.0589036459799614,68.14274790804008,72.37836249195992,70.15070775106281,0.7524307970129627,0.008518279923290555
2013-07-10,-0.551264,0.367516,-0.943276,0.344191,0.344186,-1.092735,-1.26179,-2.059701,-2.113807,-2.593654,-3.345176,0.0,71.901978,70.38210905,1.1021383517534225,68.17783234649315,72.58638575350685,70.31749539381873,0.8002545893907467,0.003435954765560876
2013-07-11,-1.14142,0.204252,-1.165446,1.960071,1.960074,-2.246796,-2.752621,-3.698995,-3.666357,-4.118236,-4.876055,1.0,73.31131,70.6234558,1.189721961944972,68.24401187611006,73.00289972388994,70.60262059440743,0.9410290069016582,0.01941111961814755
2013-07-12,-0.964177,0.15474,-1.440304,0.937161,0.937146,-2.183069,-3.22818,-4.063001,-4.27032,-4.693245,-5.429904,1.0,73.998344,70.83837775,1.3861423937341233,68.06609296253176,73.61066253746826,70.92602282351149,1.0954045077218666,0.009327820177493997
2013-07-15,-2.01311,0.514975,-2.083331,1.702178,1.702188,-2.701312,-4.384367,-5.113923,-5.538394,-5.977531,-6.629607,1.0,75.257935,71.0898537,1.6921187879701354,67.70561612405973,74.47409127594028,71.33858588793896,1.3043509256553847,0.016878631999273884
2013-07-16,0.647367,0.81215,-0.57674,-0.561801,-0.561769,-1.301813,-3.287458,-4.061547,-4.751678,-5.150688,-5.761564,-1.0,74.835159,71.27923355,1.8877762260064461,67.50368109798711,75.05478600201289,71.67159285099238,1.4194652653394257,-0.005633531921528997
2013-07-17,0.754627,0.990454,-0.235818,-0.176555,-0.176585,-0.377306,-2.589313,-3.435127,-4.393349,-4.702747,-5.267853,0.0,74.703011,71.42104724999999,2.0350242688743037,67.35099871225138,75.49109578774859,71.96029934137405,1.4829365996748862,-0.0017674154284468891
2013-07-18,-0.433105,0.304345,-0.702327,0.731048,0.731044,-0.585267,-2.6747,-3.699711,-4.780519,-5.034764,-5.587028,1.0,75.249123,71.65182465000001,2.1963371297091703,67.25915039058167,76.04449890941835,72.27352064219556,1.5593297807106694,0.007283849851331282
2013-07-19,0.670904,1.012242,-0.094164,-0.550159,-0.550125,0.188305,-1.544282,-2.81076,-3.804758,-4.234963,-4.767762,-1.0,74.835159,71.9878621,2.1400434179221737,67.70777526415566,76.26794893584434,72.51748620008169,1.5683890788929915,-0.005516434422884458
2013-07-22,0.176722,0.577293,-0.094244,-0.094164,-0.094211,0.150827,-0.954266,-2.452069,-3.328209,-3.901962,-4.43919,0.0,74.764656,72.27633180000001,2.1039632329867817,68.06840533402645,76.48425826597357,72.73150237150249,1.5519892688775059,-0.0009425547113093983
2013-07-23,0.271222,0.719341,-0.212264,-0.094244,-0.094229,0.207546,-0.454008,-2.000788,-2.858492,-3.616041,-4.108493,0.0,74.694206,72.5590779,2.0245245637547398,68.51002877249053,76.60812702750948,72.91842652659749,1.515833984462219,-0.0009427343989505826
2013-07-24,1.193887,1.301332,-0.14327,-1.226416,-1.226406,1.201043,1.036287,-0.511789,-1.368205,-2.315675,-2.723269,-1.0,73.778152,72.7687157,1.914483466833623,68.93974876633276,76.59768263366725,73.000305143112,1.3971572005532238,-0.012339881126369719
2013-07-25,-0.558993,0.166507,-0.594672,0.382044,0.382039,0.494767,0.752853,-0.576439,-1.491441,-2.502384,-2.842538,0.0,74.060013,72.95545165,1.8444714656353143,69.26650871872937,76.64439458127063,73.10122970091085,1.3107394330968702,0.003813106602295365
2013-07-26,-0.833826,0.071477,-1.179271,-0.154621,-0.154618,0.409765,0.90173,-0.103237,-1.128649,-2.035975,-2.500698,0.0,73.945503,73.1109181,1.7865711401813675,69.53777581963728,76.68406038036274,73.18163668177648,1.2189613026612847,-0.0015473750701057334
2013-07-29,-0.813779,1.061447,-0.872742,1.0006,1.00059,-0.606197,-0.174541,-0.768166,-1.912957,-2.70173,-3.267679,1.0,74.685394,73.25669445,1.7903312507691695,69.67603194846166,76.83735695153834,73.32485166446443,1.1921867069905545,0.009956168290036618
2013-07-30,1.352913,1.352913,-1.699816,1.993162,1.993153,-2.160026,-1.949573,-2.311891,-3.468422,-4.228482,-4.933695,1.0,76.173988,73.5319527,1.7947088122328483,69.94253507553431,77.1213703244657,73.59619798213448,1.2763715256873809,0.01973549534623424
2013-07-31,0.011548,0.588849,-1.25852,0.150321,0.150327,-1.648766,-1.88892,-2.075194,-3.251349,-4.020776,-4.883187,0.0,76.288498,73.80809255,1.7714095470089934,70.26527345598201,77.35091164401798,73.85260750764549,1.3369174488750701,0.0015021402908509585
2013-08-01,-1.438446,0.113261,-1.438446,1.93973,1.939749,-2.566554,-3.431881,-3.55647,-4.62964,-5.464275,-6.387295,1.0,77.768303,74.1679108,1.8099306610388215,70.54804947792236,77.78777212207764,74.22553088786972,1.4871653095050164,0.019211751839453277
2013-08-02,0.181938,0.284285,-0.523083,-0.39642,-0.39642,-1.271333,-2.708677,-2.874696,-3.794643,-4.745973,-5.61255,0.0,77.460014,74.5206829,1.723328975874691,71.07402494825061,77.96734085174938,74.5335768985488,1.5633402623118968,-0.003972076890236459
2013-08-05,0.838305,0.838305,-0.091872,-0.977939,-0.977952,0.229676,-1.495174,-1.789921,-2.475881,-3.548,-4.345429,-1.0,76.702492,74.8034294,1.5815748800064036,71.6402796399872,77.9665791600128,74.74014024154415,1.5447765442852415,-0.009827656757977888
2013-08-06,0.449204,0.79475,-0.161253,-0.298578,-0.298591,0.608171,-0.967503,-1.352975,-1.868792,-2.955524,-3.734915,0.0,76.473465,75.04433515000001,1.4371775392868227,72.16998007142637,77.91869022857365,74.90521878996853,1.4943580695431535,-0.002990380150461791
2013-08-07,0.449516,0.610879,-0.403409,-0.069106,-0.069097,0.712315,-0.553247,-1.134927,-1.505296,-2.592434,-3.370212,0.0,76.420624,75.27026745,1.2616397176521907,72.74698801469563,77.79354688530438,75.0495430956858,1.433611457485469,-0.0006912105294513271
2013-08-08,0.242409,0.542538,-0.30012,-0.149844,-0.149851,0.480215,-0.109648,-0.894208,-1.161243,-2.145661,-2.96393,0.0,76.306107,75.42000730000001,1.192740532839036,73.03452623432193,77.80548836567809,75.16921584847763,1.3605452462438592,-0.0014996329812288493
2013-08-09,0.347781,0.718751,-0.370971,-0.427098,-0.427102,0.521683,0.586609,-0.368641,-0.606871,-1.4324,-2.322035,0.0,75.980202,75.5191002,1.1499719241789943,73.21915635164201,77.81904404835798,75.2464526248131,1.2617967303566502,-0.004280168055603156
2013-08-12,0.479033,0.642602,-0.373874,-0.776728,-0.776705,0.960381,1.467455,0.466562,0.179926,-0.430426,-1.397362,-1.0,75.39006,75.52570645,1.1487715260532279,73.22816339789354,77.82324950210646,75.26012951768804,1.1229733548854028,-0.007797370265498466
2013-08-13,0.752056,0.834313,-0.152758,-0.572494,-0.572512,1.137489,1.889551,1.068558,0.764994,0.319167,-0.638844,-1.0,74.958443,75.53187065,1.1451962933583917,73.24147806328322,77.82226323671678,75.23139746838442,0.9669801991186091,-0.0057415694482772575
2013-08-14,0.604125,0.959494,-0.473823,-0.79906,-0.799037,1.397757,2.450828,1.934758,1.553531,1.259408,0.322584,-1.0,74.359497,75.51469495,1.1607522066252098,73.19319053674958,77.83619936325043,75.14835932853828,0.7859644537273311,-0.008022468195628733
2013-08-15,1.108431,1.108431,-0.192776,-1.682064,-1.682069,2.257823,3.566255,3.591959,3.144571,2.980717,2.154612,-1.0,73.108719,75.40767475,1.279158715425091,72.84935731914982,77.96599218085018,74.95410786867748,0.5354089785207492,-0.016963763832068247
2013-08-16,1.180768,1.375529,-0.864273,-1.024094,-1.024095,2.315272,3.933037,4.517742,4.04077,3.955684,3.301676,-1.0,72.360016,75.28391760000001,1.4462806434845292,72.39135631303095,78.17647888696906,74.70705150023201,0.2732777090167815,-0.010293752965130857
2013-08-19,0.564139,1.177335,-0.269807,-0.742545,-0.742548,2.087318,4.031143,5.033925,4.614296,4.542063,4.110454,-1.0,71.822708,75.1368202,1.6386838858766593,71.85945242824668,78.41418797175332,74.43235211925753,0.021927754744240247,-0.007453188182054455
2013-08-20,-0.693514,0.997688,-0.949018,0.797156,0.797148,0.571854,2.645092,3.855297,3.628182,3.580488,3.321171,1.0,72.395241,75.02187195,1.7483300280865683,71.52521189382686,78.51853200617315,74.2383415364711,-0.12957658840083752,0.007939871725371604
2013-08-21,1.349349,1.473139,-0.569447,-1.715541,-1.715526,1.426092,3.69645,5.186919,5.252529,5.1889,5.089536,-1.0,71.153282,74.89062845000001,1.93514791514679,71.02033261970642,78.7609242802936,73.94452634252147,-0.34587356848999207,-0.017304113816218315
2013-08-22,-0.012353,0.321109,-0.72867,0.235209,0.235219,0.686661,2.754088,4.337388,4.81349,4.721729,4.749888,0.0,71.320648,74.7536602,2.087945149182307,70.57776990163538,78.92955049836462,73.69463316704324,-0.49804430139755596,0.0023494273932878197
2013-08-23,-0.503629,0.33165,-0.945836,0.543415,0.543392,-0.039303,1.603,3.238748,4.091019,3.981327,4.077304,0.0,71.708199,74.641795,2.1909169358399674,70.25996112832007,79.02362887167993,73.50544896065816,-0.5806749177621953,0.005419213768283599
2013-08-26,1.017874,1.092359,-0.037238,-1.044105,-1.044108,0.772108,2.050658,3.788488,4.926771,4.863962,4.973529,-1.0,70.959488,74.45549969999999,2.340328233486915,69.77484323302616,79.13615616697382,73.26297648821452,-0.6985228602956255,-0.010495969889667825
2013-08-27,-1.282517,0.480956,-1.664814,0.657892,0.657878,-0.157825,0.889163,2.639067,3.908645,3.995586,4.128361,1.0,71.426315,74.21811605,2.3969424222098423,69.42423120558033,79.01200089441969,73.0880563464798,-0.7456537342429499,0.006557236225192355
2013-08-28,-0.542678,0.505668,-1.640358,-0.012325,0.808184,-0.722085,-0.246866,1.407239,2.778055,3.063266,3.168591,1.0,72.003571,74.00386970000001,2.3936431704590717,69.21658335908187,78.79115604091815,72.98477202776743,-0.7280332425008993,0.008049356140471926
2013-08-29,0.595833,0.682725,-0.347566,-0.641347,-0.641346,-0.019441,0.178002,1.617841,3.006306,3.587726,3.661794,-1.0,71.541779,73.6925435,2.280506377412591,69.13153074517481,78.25355625482518,72.84734412036102,-0.7427694470619741,-0.006434114279531136
2013-08-30,0.298652,0.783968,-0.510209,-0.248258,-0.248242,0.132959,0.287762,1.43951,2.835554,3.70083,3.757642,0.0,71.364182,73.3877519,2.154346308581443,69.07905928283711,77.69644451716289,72.70609058508853,-0.7600175794438684,-0.0024855099141636223
2013-09-03,1.629689,1.692373,-0.426222,-0.734201,-0.734234,0.83993,0.890862,1.761642,3.182424,4.25075,4.340438,-1.0,70.840202,73.0946374,2.0770315190182305,68.94057436196354,77.24870043803645,72.52838691031819,-0.8066688788377263,-0.007369426407783893
2013-09-04,-0.574281,0.287146,-1.223464,0.413691,0.413703,0.342077,0.297784,0.983887,2.381948,3.537786,3.74369,0.0,71.13327,72.82762765000001,1.9597494561170214,68.90812873776596,76.74712656223406,72.39551863314503,-0.8106475905698005,0.0041284954454830535
2013-09-05,0.462735,1.025513,-0.175086,-0.17478,-0.174782,0.237622,0.453066,0.846131,2.18015,3.421666,3.795339,0.0,71.008942,72.55704355,1.8050429401980077,68.94695766960399,76.16712943039602,72.26346371570264,-0.8144445688149347,-0.0017493470793301072
2013-09-06,0.237464,1.012371,-0.124982,0.062535,0.062532,0.037497,0.352671,0.590262,1.74666,2.979012,3.589423,0.0,71.053345,72.29440545,1.601503856559577,69.09139773688085,75.49741316311915,72.14821431420715,-0.8045958700746354,0.0006251201833171647
2013-09-09,-0.16204,0.087249,-0.473645,0.274967,0.274967,-0.26923,0.013001,0.210448,1.135618,2.34792,3.1792,0.0,71.248718,72.05783125,1.359576103479772,69.33867904304046,74.77698345695956,72.06254799856838,-0.7721251588669844,0.002745893048060733
2013-09-10,-0.062031,0.074429,-0.570648,0.473636,0.473642,-0.530955,-0.370925,-0.283981,0.39317,1.579559,2.548492,0.0,71.586182,71.86763735,1.1125060998689398,69.64262515026212,74.09264954973787,72.01717980822853,-0.7109657907257514,0.004725240510616218
2013-09-11,1.180759,1.180759,-0.979775,-1.240541,-1.240538,0.595398,0.777537,0.808539,1.352926,2.528761,3.578445,-1.0,70.698128,71.6546216,0.8712629967729759,69.91209560645405,73.39714759354595,71.89155582649249,-0.7257886471310542,-0.012482972039446776
2013-09-12,0.643373,0.933525,-0.441528,-0.427087,-0.427075,0.852773,0.981445,1.169216,1.506136,2.626198,3.743693,0.0,70.396194,71.45645645,0.6450126699203169,70.16643111015937,72.74648178984064,71.74914041444558,-0.753216803606648,-0.00427989527303049
2013-09-13,0.441806,0.719515,-0.176722,-0.063071,-0.063064,0.716976,0.876022,1.141248,1.374253,2.352415,3.457759,0.0,70.351799,71.31861045000001,0.5626559057010502,70.19329863859791,72.44392226140211,71.61606027973647,-0.7696639141945667,-0.0006308438298270077
2013-09-16,1.376789,1.97045,-0.341033,-0.063119,-0.063148,0.512837,0.789451,1.072329,1.292333,2.094345,3.184019,0.0,70.307373,71.21597829999999,0.5497588080060523,70.11646068398788,72.3154959160121,71.49142339595205,-0.7773226827270605,-0.000631682965932065
2013-09-17,0.215187,0.658224,-0.215187,-0.214725,-0.214719,0.321526,0.908864,1.213504,1.391538,2.015633,3.095028,0.0,70.15641,71.1326634,0.5784824427525951,69.97569851449481,72.28962828550519,71.36427926300424,-0.7865073967313947,-0.0021494944091724785
2013-09-18,-4.482138,0.39975,-4.530593,4.493675,4.493678,-3.280436,-3.133861,-2.967901,-2.906411,-2.461477,-1.482389,1.0,73.309013,71.178352,0.7055734217785794,69.76720515644284,72.58949884355717,71.54949199986098,-0.5332506524700591,0.043956383772517586
2013-09-19,-0.120918,1.438938,-0.266015,0.181701,0.18171,-2.626363,-2.978238,-3.013306,-2.926687,-2.688352,-1.796262,0.0,73.442223,71.29279905000001,0.868191225344946,69.55641659931013,73.0291815006899,71.7297520951123,-0.31812675708044935,0.0018154536918098053
2013-09-20,1.437596,1.623495,-0.185898,-2.430466,-2.430477,0.163587,-0.477133,-0.586607,-0.485086,-0.345323,0.433758,-1.0,71.657227,71.309628,0.8720131568030942,69.56560168639382,73.05365431360619,71.72284494319685,-0.2883498617514988,-0.02460500095683031
2013-09-23,-0.874168,0.283177,-1.378974,0.656834,0.656838,0.014773,-1.004679,-1.164742,-1.105378,-1.008494,-0.399656,1.0,72.127899,71.330613,0.8870303249434466,69.55655235011311,73.10467364988689,71.76142152003524,-0.22418786271313706,0.006546903622821923
2013-09-24,0.073871,0.504797,-0.578676,0.0,0.0,0.561438,-0.929574,-1.045722,-1.024382,-0.991569,-0.550414,0.0,72.127899,71.38903355,0.8996872303587441,69.5896590892825,73.18840801071748,71.79632413717474,-0.1713636428088563,0.0
2013-09-25,0.983445,1.493834,0.0,-1.095788,-1.095765,1.122848,0.257664,0.069687,0.065951,0.046044,0.382202,-1.0,71.337547,71.38459515,0.8997125888265586,69.58516997234688,73.18402032765312,71.75263107649144,-0.19107230649855467,-0.011018123425324045
2013-09-26,0.099447,0.658875,-0.397811,0.136935,0.136915,0.422676,0.266034,-0.027354,-0.110648,-0.07496,0.108498,0.0,71.435219,71.35617755,0.8880330890847064,69.58011137183058,73.13224372816941,71.72240135492082,-0.1965446064662757,0.0013682163338766139
2013-09-27,0.387157,0.649427,-0.324718,-0.459973,-0.459973,0.731864,0.835518,0.439615,0.320342,0.374753,0.477244,0.0,71.106636,71.3344204,0.8885768691176935,69.55726666176461,73.11157413823538,71.66375703540454,-0.2248039456835471,-0.004610345249263049
2013-09-30,-0.486536,0.012468,-0.823358,0.112407,0.112403,0.354295,0.845808,0.321023,0.19523,0.232745,0.309484,0.0,71.186562,71.3255394,0.889151195025347,69.5472370099493,73.1038417900507,71.61830988917555,-0.23800672204257012,0.001123398862758279
2013-10-01,0.249778,0.811791,-0.187339,-0.11228,-0.112277,0.179848,1.092795,0.388827,0.326587,0.353687,0.388667,0.0,71.106636,71.3388611,0.883474720621278,69.57191165875744,73.10581054124256,71.56957904258739,-0.25201431352563475,-0.001123398862758235
2013-10-02,-0.820798,0.149229,-0.957599,0.424633,0.424631,-0.223854,0.399203,0.030674,-0.078353,-0.071638,-0.081869,0.0,71.408577,71.35262644999999,0.88224674215029,69.5881329656994,73.11711993430058,71.55424551472193,-0.23603050271009351,0.0042373223941586675
2013-10-03,0.956579,0.956579,-0.604149,-1.19389,-1.193878,0.732532,1.203269,1.254452,1.096909,1.053736,1.097229,-1.0,70.556046,71.32998165,0.8972177063587898,69.53554623728242,73.12441706271757,71.45917889427221,-0.28882593864993567,-0.012010615467987354
2013-10-04,-0.22599,0.251094,-0.615189,0.251737,0.251742,0.374125,0.818569,1.036183,0.820448,0.754281,0.815703,0.0,70.733665,71.31399765,0.905217292474279,69.50356306505145,73.12443223494856,71.39008233291295,-0.3127293834615017,0.0025142537600319746
2013-10-07,-0.138626,0.680531,-0.252043,-0.376653,-0.376671,0.549474,0.964093,1.43332,1.146194,1.084314,1.13818,0.0,70.467232,71.27492335,0.9248374878636456,69.4252483742727,73.12459832572729,71.30219182501648,-0.34914720052512394,-0.003773819031830417
2013-10-08,-0.476853,1.22976,-0.476853,0.428486,0.428473,0.025113,0.34134,1.058283,0.656935,0.649027,0.697715,0.0,70.769165,71.2340725,0.9284026157778892,69.37726726844421,73.09087773155578,71.2514273654911,-0.34961496944363546,0.004275575791674549
2013-10-09,-0.037499,1.587496,-0.462504,0.389005,0.389021,-0.464999,-0.088749,0.454169,0.291251,0.253999,0.289582,0.0,71.044472,71.2513897,0.9210809169804247,69.40922786603916,73.09355153396085,71.23171733068243,-0.32403542692173914,0.0038826639197771574
2013-10-10,-1.154795,0.135135,-2.297301,1.750003,1.750011,-1.697797,-1.689198,-1.380024,-1.302835,-1.399519,-1.422207,1.0,72.287758,71.34596789999999,0.9257489118070275,69.49447007638594,73.19746572361404,71.3322926325222,-0.20112225341404155,0.017348745406690236
2013-10-11,-0.550455,0.232418,-0.807344,0.429973,0.429968,-1.604897,-1.904588,-1.7158,-1.570644,-1.736516,-1.795723,0.0,72.598572,71.45830655,0.9350332302132955,69.58824008957342,73.32837301042659,71.45289066752008,-0.07773648780640485,0.00429045965605836
2013-10-14,0.246736,0.308414,-1.245984,-0.844039,-0.844084,-0.345387,-0.958507,-0.892298,-0.616166,-0.859073,-0.930956,-1.0,71.985779,71.54222684999999,0.9009989340612484,69.7402289818775,73.34422471812249,71.50364193728007,-0.029064614606056693,-0.008476666597087902
2013-10-15,0.835305,1.171927,-0.087271,-1.048605,-1.048582,0.840305,0.108482,0.073992,0.512424,0.171569,0.137158,-1.0,71.230949,71.59595379999999,0.8442641255287355,69.90742554894251,73.28448205105747,71.47767118134864,-0.05081451891226152,-0.010541184679172099
2013-10-16,-1.324993,0.0,-1.656236,1.620749,1.620767,-0.397508,-1.353213,-1.425595,-1.154461,-1.332845,-1.402285,1.0,72.385437,71.549775,0.7673919820586466,70.0149910358827,73.08455896411729,71.56412506883925,0.024819949439418565,0.016077731810621505
2013-10-17,-2.144577,0.108429,-2.819272,1.827994,1.828009,-1.800022,-2.696402,-2.989572,-2.910856,-2.92435,-3.050215,1.0,73.708649,71.5630963,0.8034382366766707,69.95621982664666,73.16997277335334,71.76836544323551,0.18935024858173222,0.018115013698052733
2013-10-18,-0.071819,0.442905,-0.395023,0.650604,0.650575,-2.006223,-2.859701,-3.339706,-3.367835,-3.344972,-3.536018,1.0,74.188179,71.6896439,0.9954279612510963,69.6987879774978,73.68049982250218,71.99882387721308,0.3543510214302046,0.006484678365028614
2013-10-21,-0.393844,0.477385,-0.560927,0.299258,0.299281,-1.646985,-2.619658,-3.339311,-3.502813,-3.412827,-3.68223,0.0,74.41021,71.80375945,1.1647368099258095,69.47428583014837,74.13323306985163,72.22847969843089,0.4972988175772457,0.0029883387932445136
2013-10-22,-1.341017,0.611689,-1.423361,1.456022,1.456009,-1.92918,-3.391366,-4.339096,-4.664742,-4.516172,-4.891971,1.0,75.493629,71.97204595000001,1.4275353957824763,69.11697515843505,74.82711674156496,72.53944629858033,0.6900543180619394,0.014455104981975145
2013-10-23,-0.599358,1.010696,-0.669878,0.0941,0.094107,-1.179924,-2.884007,-4.062365,-4.474673,-4.486541,-4.766715,0.0,75.564674,72.1834023,1.6275626929862739,68.92827691402745,75.43852768597255,72.82756322252506,0.8388771253583513,0.0009406302576865335
2013-10-24,0.434429,0.434429,-0.763181,0.09402,0.09401,-0.763173,-2.532577,-3.70474,-4.286712,-4.460246,-4.62525,0.0,75.635712,72.39342695,1.7889529871522252,68.81552097569555,75.97133292430446,73.09500596323696,0.9515831866263937,0.0009396537549437318
2013-10-25,-1.10529,0.023274,-1.687024,0.915814,0.915821,-1.102964,-2.928449,-4.089975,-4.813261,-5.082486,-5.229781,1.0,76.3284,72.65451515,1.9637711304932495,68.7269728890135,76.5820574109865,73.40294825245249,1.084298565834942,0.009116531375527134
2013-10-28,0.469697,1.04509,-0.551905,-0.919131,-0.919135,0.136211,-1.546503,-2.745424,-3.636685,-4.016909,-4.116173,-1.0,75.626839,72.87652899999999,2.0386471731216798,68.79923465375663,76.95382334624335,73.61474737126653,1.1199561926697328,-0.009233850565921603
2013-10-29,-0.942085,0.081414,-1.221218,0.962892,0.962899,-0.593169,-1.814381,-3.185245,-4.212032,-4.710868,-4.760026,1.0,76.355049,73.13894965,2.134378398862494,68.87019285227501,77.40770644772499,73.87572847876497,1.1932208724671511,0.00958292573346787
2013-10-30,0.73615,1.343773,-0.128536,-0.465226,-0.465217,-0.014034,-0.87989,-2.298059,-3.46227,-4.02011,-4.196864,0.0,75.999832,73.3685124,2.1847838509252036,68.99894469814959,77.73808010185041,74.07802405221592,1.2086876173515293,-0.004663029386611132
2013-10-31,1.002947,1.168139,-0.766964,-0.969855,-0.969889,0.866099,0.297367,-1.07766,-2.204109,-2.876674,-3.177951,-1.0,75.262718,73.603846,2.1183749800777743,69.36709603984445,77.84059596015555,74.19085204724298,1.1482301027469646,-0.009746230442384842
2013-11-01,-2.053548,1.826641,-2.88178,3.999999,4.000036,-2.516461,-3.038359,-4.399076,-5.483902,-6.245983,-6.620159,1.0,78.273254,73.98082545,2.247640874941257,69.48554370011749,78.4761071998825,74.57965223321985,1.3279345787377252,0.03922106167596758
2013-11-04,0.63572,1.010338,-1.260067,-0.056731,-0.056747,-1.795883,-2.495169,-3.812761,-4.934153,-5.832664,-6.307178,0.0,78.228836,74.36890565,2.2788966677090685,69.81111231458186,78.92669898541814,74.92719354434178,1.450052210026925,-0.0005676346072139163
2013-11-05,0.813659,1.707538,-0.045841,-0.942211,-0.942214,-0.568415,-1.309877,-2.359229,-3.596148,-4.607377,-5.185266,-1.0,77.491753,74.70503505,2.2148828384490518,70.2752693731019,79.1348007268981,75.1714373020235,1.4704049614925339,-0.009466808590119957
2013-11-06,0.101872,0.101872,-0.803621,1.249136,1.249128,-1.168073,-2.158448,-3.047712,-4.312947,-5.424774,-6.052428,1.0,78.459724,75.07579765,2.190374672709738,70.69504830458052,79.45654699541947,75.48460746373554,1.5468111575240613,0.01241390526536481
2013-11-07,1.4023,1.988509,-0.229882,-1.528011,-1.527984,0.882744,-0.4299,-1.236797,-2.506338,-3.61013,-4.343309,-1.0,77.260872,75.32445335,2.138886510760155,71.0466803284797,79.6022263715203,75.65377551480834,1.4934111668647319,-0.015397779319897083
2013-11-08,-0.137744,0.057386,-1.893942,0.137934,0.137912,0.509643,-0.432732,-1.098863,-2.332413,-3.399905,-4.205306,0.0,77.367424,75.56289595,2.084126436776095,71.3946430764478,79.73114882355219,75.81698013244564,1.443054511312667,0.0013781697091841268
2013-11-11,0.658579,0.820334,-0.161755,-0.65427,-0.654274,0.815719,0.383601,-0.234925,-1.372032,-2.430958,-3.328319,-1.0,76.861229,75.80666845,1.9225733780333818,71.96152169393324,79.65181520606677,75.91643240554606,1.346775997574582,-0.0065642383277234395
2013-11-12,0.560414,1.004086,-0.490367,-1.039862,-1.039848,1.499118,1.399877,0.863197,-0.018102,-1.127385,-2.095354,-1.0,76.061989,76.04822045,1.592589949679696,72.8630405506406,79.2334003493594,75.9302949383512,1.1922392019384773,-0.010452922554978471
2013-11-13,-1.672467,0.023235,-1.753777,0.525389,0.525368,0.446012,0.93033,0.414266,-0.27408,-1.360724,-2.38674,0.0,76.461594,76.25202829999999,1.3399657203865079,73.57209685922697,78.93195974077301,75.98089484898442,1.0894539153069047,0.005239922987151962
2013-11-14,-1.097142,0.308568,-1.382856,1.626019,1.626027,-1.046854,-0.370279,-1.014849,-1.612563,-2.660107,-3.641896,1.0,77.70488,76.45183985,1.2345500180155946,73.9827398139688,78.92093988603119,76.1450839109859,1.0956882130706873,0.01612948551129191
2013-11-15,-0.677429,0.146773,-1.332281,1.222857,1.222855,-1.914866,-1.525341,-2.013464,-2.517208,-3.528048,-4.470277,1.0,78.655098,76.6751858,1.2072299514254292,74.26072589714913,79.08964570285086,76.38413287184439,1.1638870251298385,0.012154385156969628
2013-11-18,-0.101052,0.235795,-0.550189,0.553232,0.553238,-1.89086,-1.958227,-2.260643,-2.757685,-3.699522,-4.632451,1.0,79.090248,76.90918769999999,1.198638508957583,74.51191068208482,79.30646471791516,76.64185812214492,1.2387682935507627,0.005517133973451739
2013-11-19,0.263455,0.687284,-0.13746,-1.97619,-1.97617,0.465039,0.022888,-0.189405,-0.666113,-1.433236,-2.419262,-1.0,77.52729,77.01087075,1.157797509678536,74.69527573064292,79.32646576935707,76.72618496765493,1.1586385261477687,-0.01995957678595392
2013-11-20,1.345235,1.820712,-0.023198,-1.225659,-1.225665,1.741842,1.018195,1.099372,0.632598,0.008803,-0.967579,-1.0,76.577065,77.0614903,1.1124856476216007,74.8365190047568,79.28646159524321,76.71198306597351,1.0068535115027117,-0.012332384027654832
2013-11-21,-0.127027,0.681377,-0.588976,0.41748,0.41748,1.108672,0.550867,0.820722,0.29622,-0.24114,-1.179509,0.0,76.896759,77.12454265,1.0620150328690043,75.00051258426198,79.248572715738,76.72958077397604,0.9019621694132525,0.0041661105987255325
2013-11-22,-0.16168,0.54279,-0.496584,0.0,0.0,0.651348,0.489659,0.701385,0.333176,-0.100245,-0.993191,0.0,76.896759,77.1529606,1.04708953382747,75.05878153234507,79.24713966765493,76.74550250978785,0.8095035718284862,0.0
2013-11-25,0.743322,1.173058,-0.116142,-0.565883,-0.565908,0.536608,1.009309,1.12042,0.958788,0.575629,-0.234592,-1.0,76.461594,77.19469835,0.9985682694758867,75.19756181104822,79.19183488895177,76.71846360409377,0.6931253706229938,-0.005675154426830179
2013-11-26,0.481621,0.681313,-0.317157,-1.126598,-0.362803,0.550093,1.393148,1.374203,1.315189,0.978106,0.3454,0.0,76.184189,77.18615535,1.0068264797392705,75.17250239052147,79.19980830947854,76.66758030846579,0.5719178298423628,-0.0036346278283837926
2013-11-27,0.364961,0.635744,-0.494473,-0.223182,-0.223181,0.626899,1.561083,1.386474,1.542754,1.227627,0.728979,0.0,76.01416,77.18687175,1.0059426422611215,75.17498646547776,79.19875703452223,76.60534980289762,0.456873507808055,-0.0022343090033650455
2013-11-29,-0.248255,0.933918,-0.248255,-0.412063,-0.412081,0.727342,1.716608,1.668619,1.991867,1.649939,1.233507,0.0,75.70092,77.20878185,0.9657986956786014,75.2771844586428,79.1403792413572,76.51921363119308,0.33654472549845593,-0.004129325115160937
2013-12-02,1.084232,1.084232,-0.28595,-0.780229,-0.780214,1.043718,2.044509,2.26775,2.583325,2.384392,2.070478,-1.0,75.110291,77.0506337,1.038544564417842,74.97354457116433,79.12772282883569,76.3850305234604,0.19131906727299963,-0.007832733597930042
2013-12-03,-0.416426,0.582984,-0.666276,0.14298,0.142967,0.568713,1.383978,1.976078,2.23671,2.216466,1.960543,0.0,75.217674,76.90007560000001,1.0763277530063373,74.74742009398733,79.05273110601269,76.27385371170227,0.0839241718852719,0.0014286499290323675
2013-12-04,-0.605631,0.653133,-0.807505,0.190358,0.190366,0.159126,0.90387,1.720295,1.901077,1.969481,1.760941,0.0,75.360863,76.7935311,1.1192856245853477,74.5549598508293,79.03210234917069,76.18690221534968,0.01024895559135075,0.0019018519639360954
2013-12-05,0.550313,1.327911,-0.095698,-0.736258,-0.736244,0.579006,1.415528,2.327216,2.412671,2.661958,2.481901,-1.0,74.806023,76.61084605,1.131131687534542,74.34858267493092,78.87310942506909,76.05538990912589,-0.09185133017271596,-0.0073896787719184166
2013-12-06,-0.472639,0.082713,-0.838945,1.244169,1.244154,-0.647519,0.016102,0.896508,1.053536,1.425416,1.226983,1.0,75.736725,76.5346387,1.1363635830983276,74.26191153380334,78.80736586619666,76.02504087016152,-0.09655365856140463,0.012364778377951758
2013-12-09,0.23778,0.392345,-0.380454,-0.614435,-0.614438,0.009514,0.4185,1.220595,1.539053,1.892942,1.805995,-1.0,75.27137,76.429836,1.15206373180816,74.12570853638367,78.73396346361632,75.9532626920509,-0.1362598285689245,-0.0061633314837290665
2013-12-10,1.605507,1.726221,-0.060351,-1.509933,-1.509927,1.250606,1.644136,2.326761,2.911842,3.234142,3.299673,-1.0,74.134827,76.2935159,1.2550334236932947,73.7834490526134,78.8035827473866,75.780078340427,-0.2564802315256145,-0.015214428136718645
2013-12-11,0.08495,0.934461,-0.570391,-0.531137,-0.531131,1.351933,1.855572,2.530854,3.303988,3.581927,3.733099,-1.0,73.741074,76.17747015,1.3787693143706032,73.4199315212588,78.9350087787412,75.58588745086251,-0.37915765000707324,-0.005325464499965069
2013-12-12,-0.169163,0.857901,-0.338326,0.436893,0.436877,0.710492,1.14911,1.85859,2.692726,2.893924,3.194724,0.0,74.063232,76.05755205,1.4549509161801195,73.14765021763976,78.96745388236023,75.44087264601846,-0.44525233799103603,0.0043592574382405975
2013-12-13,0.181359,0.556159,-0.495703,-0.060419,-0.060416,0.307101,0.982958,1.660927,2.505788,2.780906,3.201075,0.0,74.018486,75.87323235,1.4687156427627417,72.93580106447452,78.81066363552547,75.30540725115955,-0.49553130620647323,-0.0006043420074567686
2013-12-16,0.434468,1.15858,-0.241367,0.181359,0.181349,-0.176191,0.671022,1.230198,2.016643,2.421441,2.829032,0.0,74.152718,75.64811335,1.3609827911304118,72.92614776773918,78.37007893226082,75.19562732247769,-0.5185686139968482,0.0018118505228778951
2013-12-17,-0.169429,0.665621,-0.278343,-0.277581,-0.27757,0.050832,0.779382,1.285252,1.952825,2.548879,2.922231,0.0,73.946892,75.39094555,1.145158379833105,73.10062879033379,77.68126230966621,75.07670014890839,-0.5471273410235398,-0.002779563464308219
2013-12-18,-0.96797,0.298757,-2.581266,1.270729,1.270742,-0.898675,-0.548529,-0.10119,0.49721,1.199315,1.514805,1.0,74.886566,75.25890935,1.0325779323804158,73.19375348523917,77.32406521476082,75.05859213472664,-0.48830759335471896,0.012627355414846228
2013-12-19,-0.58522,0.298579,-1.576495,0.059755,0.059742,-0.726147,-0.591189,-0.257179,0.327388,1.057202,1.297231,0.0,74.931305,75.17662134999999,0.9865540915619069,73.20351316687618,77.1497295331238,75.04646955046695,-0.4330900634904964,0.0005972451888581837
2013-12-20,-1.190759,0.707378,-1.261495,1.3018,1.301811,-1.50437,-1.846272,-1.520876,-1.027111,-0.336219,-0.063985,1.0,75.906769,75.12712185,0.9181711966793791,73.29077945664123,76.96346424335876,75.12840283137487,-0.3070781746966986,0.012934103080979996
2013-12-23,0.70839,0.791034,-0.106253,-0.14148,-0.141479,-0.930344,-1.63755,-1.320746,-0.959275,-0.345715,0.008648,0.0,75.799377,75.07225274999999,0.8359623374532713,73.40032807509344,76.74417742490654,75.1923051331487,-0.2134183282092863,-0.0014157899435212594
2013-12-24,-0.283259,0.259641,-0.802549,0.035426,0.03542,-0.469727,-1.449315,-1.302181,-1.036239,-0.553184,-0.072261,0.0,75.826225,75.0404843,0.7912630782049412,73.45795814359012,76.62301045640989,75.2526784538012,-0.13546426810421508,0.0003541354484524314
2013-12-26,0.118224,0.248265,-0.425574,-0.165239,-0.165253,-0.089828,-1.027294,-1.108863,-0.904347,-0.485078,0.077247,0.0,75.70092,75.01632085,0.7613106892718203,73.49369947145635,76.53894222854365,75.29536812486774,-0.08284123790105014,-0.00165389545962813
2013-12-27,-0.035418,0.425031,-0.365995,0.13004,0.130061,0.009442,-0.926806,-1.149947,-1.047232,-0.655379,-0.081867,0.0,75.799377,75.00558170000001,0.7478908140236008,73.50980007195281,76.5013633280472,75.34336897011843,-0.032814188734448635,0.0012997600111757542
2013-12-30,-0.564377,0.141088,-0.576138,0.41323,0.413229,-0.348039,-1.059387,-1.52382,-1.427406,-1.105421,-0.562792,0.0,76.112602,75.0261658,0.7732704713040791,73.47962485739184,76.57270674260816,75.41662925867858,0.03174135336170991,0.004123775438136712
2013-12-31,-0.362071,0.256941,-0.724133,0.670194,0.670183,-0.796542,-1.3957,-2.061824,-1.984934,-1.778091,-1.313183,1.0,76.622696,75.10178605,0.8518852282487995,73.39801559350241,76.8055565064976,75.53149275785206,0.1226485917178195,0.006679476233486016
2014-01-02,1.353115,1.459944,-0.035607,-1.600097,-1.600106,0.70268,0.400014,-0.357654,-0.379217,-0.237377,0.128292,-1.0,75.396652,75.11073495,0.854103859558805,73.40252723088238,76.8189426691176,75.51865078091377,0.09467042699149886,-0.01613045444377509
2014-01-03,-0.118538,0.450447,-0.462304,0.130565,0.130587,0.516825,0.349683,-0.332712,-0.500248,-0.403994,-0.092018,0.0,75.49511,75.11744730000001,0.8566966447123616,73.40405401057528,76.83084058942474,75.51640880177914,0.07952554662766431,0.0013050151004712002
2014-01-06,0.035543,0.284357,-0.473936,0.047417,0.047406,0.398106,0.381518,-0.250396,-0.499409,-0.476779,-0.185527,0.0,75.530899,75.15369109999999,0.8581601688618995,73.43737076227619,76.87001143772379,75.51778882065732,0.06960858854627361,0.0004739448642905254
2014-01-07,-0.494,0.364626,-0.611617,0.734591,0.734597,-0.341097,-0.326982,-0.796676,-1.202071,-1.182311,-0.948945,1.0,76.085747,75.17114219999999,0.8740422574197246,73.42305768516054,76.91922671483944,75.57188007583281,0.105307010692826,0.007319123480831833
2014-01-08,-0.269672,0.539335,-0.949699,0.317577,0.317586,-0.733978,-0.573351,-0.920793,-1.44567,-1.431366,-1.287388,0.0,76.327385,75.22394295000001,0.9115094740391607,73.40092400192168,77.04696189807834,75.6438329257535,0.15135174587095435,0.0031708317949382565
2014-01-09,-0.523131,0.220881,-1.278771,0.855899,0.855884,-1.164837,-1.267142,-1.49887,-2.097182,-2.176234,-2.102608,1.0,76.980659,75.36623455,0.9536931163466279,73.45884831730675,77.27362078269326,75.77114969472936,0.23781490025984908,0.008522422398497894
2014-01-10,-0.859599,0.630376,-0.985674,1.429904,1.429901,-1.895697,-2.354149,-2.614704,-3.199423,-3.415928,-3.401716,1.0,78.081406,75.58325115,1.0530698417204012,73.4771114665592,77.6893908334408,75.99117410475515,0.3906554240658551,0.014197740630775404
2014-01-13,0.196121,1.026765,-0.403782,-0.653295,-0.653295,-0.7245,-1.483613,-1.747419,-2.336752,-2.638206,-2.699582,-1.0,77.571304,75.75865474999999,1.0784182666598439,73.6018182166803,77.91549128331968,76.14166266620704,0.4652584621011613,-0.006554384130694347
2014-01-14,-0.27675,0.322877,-0.714948,0.046148,0.046158,-0.378234,-1.336491,-1.646685,-2.150606,-2.586723,-2.662599,0.0,77.607109,75.9380859,1.0721699169025818,73.79374606619484,78.08242573380517,76.28122898371113,0.5212622843555721,0.00046146883375324405
2014-01-15,-0.241944,0.334093,-0.288018,0.092253,0.092252,-0.122127,-1.291481,-1.576043,-2.013831,-2.552542,-2.642097,0.0,77.678703,76.11438515,1.052865741502378,74.00865366699524,78.22011663300476,76.41432174716722,0.5649108142203545,0.0009220933213496107
2014-01-16,-0.628216,0.011416,-0.833813,0.864055,0.864037,-0.628203,-1.760126,-2.204445,-2.572233,-3.17212,-3.342842,1.0,78.349876,76.33453435,1.035986143548918,74.26256206290216,78.40650663709783,76.59866024743701,0.6462115163740094,0.00860325901953687
2014-01-17,0.171109,0.21674,-0.479131,0.125644,0.125644,-0.659359,-1.506951,-2.093686,-2.467479,-3.053609,-3.332945,0.0,78.448318,76.51262195000001,1.0792113010462365,74.35419934790754,78.67104455209248,76.77481812863348,0.7103973369630694,0.0012556523825033626
2014-01-21,-1.448625,0.011224,-1.448625,1.585671,1.585685,-1.677713,-2.522182,-3.296279,-3.691188,-4.284339,-4.637474,1.0,79.692261,76.75066975,1.2270085510799515,74.29665264784009,79.20468685215991,77.05266983066839,0.851821597117322,0.015732440909094376
2014-01-22,0.15755,0.967815,-0.247583,-0.213366,-0.213347,-0.985838,-1.881629,-2.80368,-3.257952,-3.802855,-4.274909,0.0,79.52224,76.9314433,1.3557150250015781,74.22001324999684,79.64287335000316,77.28786698965236,0.939353782741108,-0.0021357484847202217
2014-01-23,-0.281532,0.394143,-0.653155,-0.06752,-0.067542,-0.468467,-1.420045,-2.499248,-2.961711,-3.470269,-4.034159,0.0,79.468529,77.1149009,1.4400913215355695,74.23471825692886,79.99508354307113,77.49554908587595,0.9929436058624077,-0.0006756493144989415
2014-01-24,1.148633,1.596599,-0.011481,-1.959465,-1.959457,1.408226,0.669652,-0.335401,-0.888469,-1.337469,-1.954592,-1.0,77.911377,77.2191585,1.417182024715438,74.38479445056913,80.05352254943088,77.53515174436396,0.8993970843094559,-0.019789093225078446
2014-01-27,0.345268,0.897686,-0.886173,-0.195266,-0.195251,1.429384,0.825166,0.053692,-0.562221,-0.996679,-1.590534,0.0,77.759254,77.3220752,1.3752418159768476,74.5715915680463,80.0725588319537,77.55649481632929,0.8037209425308163,-0.0019544219413210368
2014-01-28,-2.016221,1.374185,-2.32034,2.175164,2.175144,-0.79071,-1.084699,-1.747387,-2.44931,-2.876771,-3.459486,1.0,79.45063,77.50463785,1.4045052378653737,74.69562737426925,80.31364832573074,77.73688864334555,0.8545263705671289,0.021518255981939665
2014-01-29,-0.349215,0.563253,-0.84488,-0.011266,-0.011254,-0.799823,-0.842632,-1.454702,-2.228801,-2.687852,-3.221066,0.0,79.441689,77.6710922,1.4279231631618146,74.81524587367637,80.52693852632363,77.89925058207454,0.883879758680294,-0.00011254162650169104
2014-01-30,-1.978886,0.307827,-2.088831,2.467052,2.467043,-2.713278,-2.772647,-3.411757,-4.289249,-4.755498,-5.254326,1.0,81.40155,77.9100349,1.6289427498861688,74.65214940022766,81.16792039977234,78.23280290759125,1.0531469116614858,0.02437103375604084
2014-01-31,-1.588164,0.348091,-1.718701,1.066404,1.066399,-2.680294,-3.322088,-4.002317,-4.881428,-5.447186,-5.916818,1.0,82.269615,78.25368305,1.7880097608361691,74.67766352832767,81.82970257167234,78.61726120210636,1.2430093031805285,0.010607526860505125
2014-02-03,0.90989,1.677263,-0.153474,-0.772326,-0.772328,-0.973467,-2.17934,-2.964989,-3.765069,-4.420518,-4.909008,-1.0,81.634224,78.56063875,1.8162496785127218,74.92813939297456,82.19313810702543,78.90459099238194,1.3269100794056499,-0.007753255650511732
2014-02-04,1.431108,1.486581,-0.377187,-1.183953,-1.183958,0.514764,-0.886386,-1.546472,-2.293644,-3.033937,-3.532643,-1.0,80.667709,78.81747925,1.7262307011178368,75.36501784776434,82.26994065223568,79.07250699310747,1.300421911725536,-0.011910226913539348
2014-02-05,0.604298,0.940013,-0.134292,-0.865318,-0.865304,1.524164,0.034686,-0.490157,-1.197969,-1.994634,-2.521268,-1.0,79.969688,79.0116763,1.6178047222843646,75.77606685543128,82.24728574456873,79.15795280328771,1.2091668639792914,-0.008690696019559069
2014-02-06,-0.501222,0.077967,-0.857649,0.470007,0.469987,0.786377,-0.32411,-0.734372,-1.410099,-2.26775,-2.788654,0.0,80.345535,79.21258379999999,1.5130142978879024,76.18655520422419,82.23861239577579,79.27105586964127,1.1538731614547117,0.004688858382401607
2014-02-07,0.022068,0.960161,-0.860831,0.924484,0.924496,-0.428212,-0.845379,-1.418531,-2.059925,-2.88224,-3.462824,1.0,81.088326,79.41796715,1.4723469829441937,76.4732731841116,82.36266111588839,79.44412921538972,1.1566563157564644,0.00920248375865054
2014-02-10,-1.08386,0.087587,-1.532728,0.805645,0.805642,-1.197719,-1.150639,-1.937804,-2.618777,-3.352738,-3.98802,1.0,81.741608,79.60097725,1.5240417918632934,76.55289366627342,82.64906083372658,79.66293671868594,1.1977692450155928,0.008024145059593622
2014-02-11,-0.92412,0.739292,-1.054578,0.700686,0.700679,-1.485102,-1.490535,-2.40776,-3.008253,-3.695577,-4.39225,1.0,82.314354,79.83812975000001,1.5601851780127303,76.71775939397455,82.95850010602547,79.91545265023967,1.2620195771130227,0.006982353094050667
2014-02-12,-0.260302,0.596533,-0.694142,0.239176,0.239186,-1.104123,-1.353577,-2.399127,-2.94251,-3.613877,-4.361889,0.0,82.511238,80.08333619999999,1.5763867424050424,76.93056271518991,83.23610968481007,80.16267030259779,1.3136820130627171,0.0023889990777639265
2014-02-13,-1.163167,0.280025,-1.260095,0.70499,0.704999,-1.135172,-1.84061,-2.791603,-3.29618,-3.962954,-4.771857,1.0,83.092941,80.3540481,1.6063143436317668,77.14141941273647,83.56667678726353,80.44174370235038,1.3855912034727282,0.0070252501593246934
2014-02-14,-0.78267,0.096498,-0.889884,0.452341,0.452339,-1.009975,-2.138955,-2.785462,-3.425002,-4.084486,-4.87831,0.0,83.468803,80.60999445,1.6764544547736067,77.25708554045279,83.96290335954721,80.7300350640313,1.4561233930706408,0.004513192873285245
2014-02-18,-0.010715,0.739157,-0.192823,0.085774,0.085783,-0.664178,-1.994657,-2.407439,-3.203008,-3.905312,-4.638824,0.0,83.540405,80.8645988,1.7170581429012084,77.43048251419758,84.29871508580241,80.99768934364737,1.5005014972505393,0.0008574617560855783
2014-02-19,1.038511,1.384681,-0.162268,-0.974822,-0.974838,0.413244,-0.781047,-1.182748,-2.066743,-2.710079,-3.410137,-1.0,82.726021,81.0162868,1.7418655510147687,77.53255569797047,84.50001790202954,81.1622923585381,1.453205829616536,-0.009796211205471722
2014-02-20,0.118984,0.638187,-0.43266,0.010812,0.010808,0.456475,-0.457537,-0.92806,-1.883169,-2.472676,-3.152683,0.0,82.734962,81.1769229,1.7449687952038497,77.68698530959229,84.6668604904077,81.3120704196297,1.4003033113321663,0.00010807381712094162
2014-02-21,-0.054015,0.972343,-0.19447,0.118984,0.119013,0.274402,-0.275515,-0.930586,-1.796689,-2.339688,-3.005995,0.0,82.833427,81.3451678,1.7337618821618066,77.87764403567638,84.81269156432361,81.45696152252212,1.3507523547124123,0.0011894180066985374
2014-02-24,1.013293,1.078664,-0.032686,-0.842696,-0.842717,0.801923,0.699501,-0.099512,-0.704944,-1.32534,-1.972467,-1.0,82.135376,81.55636775,1.5398919370884487,78.47658387582311,84.6361516241769,81.52157242513907,1.2408522108683115,-0.008462874840774121
2014-02-25,0.403757,1.178527,-0.283721,-0.152539,-0.152551,0.582727,0.886089,0.083673,-0.294072,-1.000858,-1.663015,0.0,82.010078,81.76890895,1.2552706000334286,79.25836774993314,84.27945015006685,81.56809676560201,1.1306120615788444,-0.0015266706604771534
2014-02-26,0.840153,1.094404,-0.176869,-1.287647,-0.500454,0.812558,1.305932,0.663205,0.339101,-0.40942,-1.00385,-1.0,81.599655,81.8763602,1.1323402755705272,79.61167964885894,84.14104075114105,81.57110231173515,0.9986168100092669,-0.005017108131444333
2014-02-27,-0.143525,0.287032,-0.64032,0.132659,0.132655,0.427604,1.073404,0.67167,0.34485,-0.434358,-0.967705,0.0,81.707901,81.9896708,0.9788732594272156,80.03192428114556,83.94741731885443,81.58413075823655,0.8924564868706,0.0013256706364849198
2014-02-28,-0.984792,0.339203,-1.137981,0.894234,0.894233,-0.55829,0.098205,-0.051331,-0.481618,-1.172707,-1.652974,1.0,82.43856,82.0415213,0.9735315596184779,80.09445818076304,83.98858441923696,81.66550497173783,0.8573981882648667,0.008902583964363801
2014-03-03,0.653527,0.952592,-0.520604,-1.214575,-1.214588,0.492922,1.079475,1.206125,0.690879,0.215579,-0.317405,-1.0,81.437271,81.9999041,0.9810295911692436,80.0378449176615,83.96196328233849,81.64376840300089,0.7402850347901051,-0.012220245712056958
2014-03-04,-0.763697,0.392748,-0.861882,1.528583,1.5286,-0.857524,-0.546169,-0.241786,-0.761739,-1.055093,-1.647526,1.0,82.682121,82.05229895,0.988426598537272,80.07544575292545,84.02915214707454,81.74265912652461,0.7393976919276639,0.015170344696257377
2014-03-05,1.059017,1.103144,-0.209601,-1.1019,-1.101897,0.289016,0.445134,0.8254,0.411413,0.160833,-0.466968,-1.0,81.771049,82.10746594999999,0.9365080694899827,80.23444981102003,83.98048208897995,81.74536292399847,0.657598187497797,-0.011080130847627052
2014-03-06,0.297558,0.473881,-0.52898,0.099279,0.099274,0.224819,0.237673,0.671731,0.426826,0.179298,-0.470794,0.0,81.852226,82.20159285,0.794115042795066,80.61336276440987,83.78982293559012,81.75554035980814,0.5924919183576094,0.0009922427803771448
2014-03-07,-1.307195,0.054461,-1.633987,1.168178,1.168175,-0.843138,-0.92278,-0.513618,-0.584079,-0.909501,-1.485602,1.0,82.808403,82.32473625,0.6728469443147383,80.97904236137052,83.67043013862948,81.85581299220736,0.611006916400413,0.011614042211408498
2014-03-10,0.515466,0.789649,-0.636107,-0.675385,-0.67539,0.028525,-0.235242,0.064011,0.162498,-0.236699,-0.639924,-1.0,82.249123,82.3827761,0.6074698074589461,81.1678364850821,83.5977157149179,81.89327108818762,0.5739349984407767,-0.00677681477450121
2014-03-11,0.813542,0.923487,-0.373786,-0.241282,-0.241286,0.116546,0.011006,0.184994,0.423594,0.0249,-0.225261,0.0,82.050667,82.39822905,0.5940846927519376,81.21005966449613,83.58639843550387,81.9082611750269,0.5225182308263498,-0.002415780282076593
2014-03-12,-1.518604,0.03254,-1.616233,1.352246,1.352256,-0.885132,-1.135699,-1.116881,-0.865415,-1.189757,-1.407778,1.0,83.160202,82.44052144999999,0.6174476594755604,81.20562613104887,83.67541676895111,82.02749363454814,0.5647897293526398,0.013431945346714113
2014-03-13,-1.524846,0.821075,-1.631477,1.724696,1.724701,-1.917258,-2.470679,-2.646862,-2.423071,-2.646365,-2.876331,1.0,84.594467,82.5446829,0.7834162394432249,80.97785042111354,84.11151537888645,82.27196728840069,0.7058863765814891,0.017099970542836667
2014-03-14,-0.700195,0.678973,-1.177594,0.511839,0.511835,-1.894763,-2.662849,-2.970587,-2.806203,-2.921863,-3.228766,0.0,85.027451,82.6414084,0.9552490203689508,80.7309103592621,84.55190644073791,82.534394308553,0.8429279278111181,0.005105294711289276
2014-03-17,-0.063282,0.274235,-0.45354,0.583488,0.583495,-1.698138,-2.749713,-3.26935,-3.249904,-3.277583,-3.66332,1.0,85.523582,82.74414735,1.141300046504834,80.46154725699034,85.02674744300967,82.81907885059557,0.9802680499675347,0.00581799348541895
2014-03-18,0.709218,0.857413,-0.042343,-0.358609,-0.358608,-0.601254,-2.102262,-2.670343,-2.803337,-2.766354,-3.176468,0.0,85.216888,82.8279715,1.2584167254175351,80.31113804916494,85.34480495083507,83.04744162672932,1.0522339456745158,-0.0035925206233127422
2014-03-19,1.221864,1.693455,-0.846732,-1.238486,-1.238501,0.883179,-0.590564,-1.246869,-1.49918,-1.459224,-1.823894,-1.0,84.161476,82.89974425,1.2927623267459818,80.31421959650804,85.48526890349196,83.15354013846938,1.0124338019044927,-0.012462343297098968
2014-03-20,-0.577294,0.053448,-1.849479,0.257233,0.257252,0.573008,-0.546302,-1.2893,-1.654564,-1.623577,-1.901657,0.0,84.377983,82.9818953,1.3333084088162928,80.31527848236742,85.64851211763259,83.27015374432943,0.9869848596128321,0.002569215783403342
2014-03-21,-0.148038,0.909379,-0.856506,1.101132,1.101126,-0.456805,-1.336581,-2.140218,-2.580691,-2.591207,-2.776208,1.0,85.307091,83.10557850000001,1.4300360038775104,80.24550649224498,85.96565050775503,83.46414776867901,1.0299154163972872,0.010951078529645024
2014-03-24,0.797194,1.105443,-0.584612,-0.518133,-0.518121,-0.093548,-0.514471,-1.361269,-1.912485,-2.018071,-2.121504,-1.0,84.865097,83.24206455,1.4624618771329447,80.3171407957341,86.16698830426589,83.5975715049953,1.0165547595600515,-0.005194679566820248
2014-03-25,-0.34895,0.465266,-0.719045,0.520831,0.52082,-0.590037,-0.648197,-1.667198,-2.227454,-2.442897,-2.489313,0.0,85.307091,83.4069152,1.5015803734905304,80.40375445301893,86.41007594698107,83.76038288547194,1.0297611194789056,0.0051946795668202095
2014-03-26,0.852155,1.086499,-0.085209,-0.729621,-0.729625,0.264177,0.262043,-0.715094,-1.32669,-1.633349,-1.679322,-1.0,84.684669,83.5611659,1.4641456735995937,80.63287455280081,86.4894572471992,83.84841013447462,0.9787209157745451,-0.007322999438494334
2014-03-27,-0.919568,0.116267,-1.289506,0.777593,0.777592,-0.283264,-0.423842,-1.208469,-1.875066,-2.270093,-2.327347,1.0,85.34317,83.74292935000001,1.4475190627708392,80.84789122445834,86.63796747554169,83.99076821690561,0.9801086317808085,0.007745840872502692
2014-03-28,-0.285055,0.158364,-0.665124,0.116267,0.116296,-0.367419,-0.490944,-1.117707,-1.813266,-2.261477,-2.349145,0.0,85.442421,83.89312240000001,1.4608334089691581,80.9714555820617,86.81478921793833,84.12902086291459,0.9779440032184112,0.0011622878791137119
2014-03-31,-0.49153,0.533355,-0.669316,0.950171,0.950147,-0.983059,-1.342817,-1.738832,-2.458173,-2.990385,-3.160595,1.0,86.25425,84.13397135,1.431418211659262,81.27113492668147,86.99680777331852,84.3314236378751,1.0298646959035125,0.009456619575202748
2014-04-01,0.790639,0.790639,-0.421676,-0.794815,-0.794816,-0.128607,-0.511278,-0.677489,-1.508013,-2.046808,-2.305721,-1.0,85.568687,84.27829965,1.4228239198429535,81.43265181031408,87.1239474896859,84.44925824379176,1.0041181651479292,-0.007979919910230494
2014-04-02,0.893233,0.935769,-0.808169,-0.864432,-0.864425,0.776265,0.434918,0.319716,-0.468958,-1.040417,-1.371227,-1.0,84.82901,84.43119770000001,1.298046102994067,81.83510549401188,87.02728990598814,84.48542507771636,0.913497867089859,-0.008681826797645752
2014-04-03,0.084569,0.687106,-0.169129,0.595488,0.595492,0.177591,-0.047572,-0.216355,-0.854131,-1.456246,-1.853546,1.0,85.33416,84.6052944,1.160118022382251,82.2850583552355,86.9255304447645,84.56625697507671,0.872385692063304,0.00593725991260826
2014-04-04,-0.147352,0.947271,-0.431538,0.433408,0.433414,-0.193674,-0.432598,-0.594337,-1.113058,-1.729099,-2.165444,0.0,85.70401,84.75007475,1.1033616805170015,82.54335138896599,86.956798111034,84.67461440602179,0.8597372849392002,0.004324772376389297
2014-04-07,0.947816,1.469645,-0.021305,-1.168298,-1.168329,0.619826,0.725257,0.516169,0.20076,-0.413192,-0.907869,-1.0,84.702705,84.87275385000001,0.9340690262018378,83.00461579759633,86.74089190240369,84.67728970068637,0.7601538060250022,-0.011752078247288331
2014-04-08,-2.694298,0.072539,-3.129531,2.768901,2.768896,-1.751276,-1.788579,-2.051792,-2.211897,-2.895733,-3.384784,1.0,87.048035,85.12262224999999,0.797898671667095,83.52682490666581,86.71841959333418,84.90307496728767,0.8605616922771304,0.02731255533201494
2014-04-09,0.165919,0.912577,-0.798503,-0.072539,-0.072509,-1.184288,-1.452873,-1.764326,-1.921091,-2.585512,-3.10831,0.0,86.984917,85.31385800000001,0.7602572200256055,83.7933435599488,86.83437244005123,85.1013456370698,0.9243868146424461,-0.000725356917090293
2014-04-10,0.386344,0.918873,-0.616056,-0.684437,-0.68444,-0.258957,-0.652604,-0.932095,-1.141277,-1.704086,-2.259933,-1.0,86.389557,85.40361250000001,0.7766431577031433,83.85032618459373,86.95689881540629,85.22403243353935,0.9163648243059583,-0.006867935359232456
2014-04-11,0.451918,1.177084,-0.136632,-0.647379,-0.647368,0.420369,0.039921,-0.245943,-0.450359,-0.922773,-1.491349,-1.0,85.830299,85.4437549,0.7769255516518077,83.88990379669639,86.99760600330362,85.28177210653561,0.8550237113721693,-0.0064947210948292766
2014-04-14,-0.270526,0.447404,-0.67631,1.008932,1.008912,-0.122773,-0.90833,-1.101511,-1.377064,-1.707208,-2.273088,1.0,86.696251,85.50238834999999,0.8259689502518451,83.8504504494963,87.15432625050369,85.41648438210365,0.8662993669212256,0.010038562435951302
2014-04-15,-1.223771,0.020572,-1.326616,1.175733,1.175726,-1.131206,-1.815083,-2.067722,-2.380694,-2.591102,-3.217458,1.0,87.715561,85.627322,0.9588019887677232,83.70971802246456,87.54492597753546,85.63544405999853,0.9465736911614044,0.011688676283641238
2014-04-16,-0.796657,0.040847,-1.205189,0.689023,0.689028,-1.505462,-2.091715,-2.463484,-2.813295,-3.024,-3.632588,1.0,88.319946,85.8352455,1.0687818863756395,83.69768172724872,87.97280927275128,85.89111091142725,1.0468925640998918,0.006866653041469388
2014-04-17,1.004247,1.604724,-0.041405,-1.348185,-1.348171,0.01035,-0.54768,-0.993894,-1.327262,-1.582362,-2.113751,-1.0,87.129242,85.97280844999999,1.048205015505846,83.8763984189883,88.06921848101167,86.009028157958,1.018574637608964,-0.01357341455441119
2014-04-21,-0.041375,0.589574,-0.165498,0.093181,0.093177,0.233756,-0.467527,-0.950906,-1.309993,-1.573854,-2.03662,0.0,87.210426,86.0679752,1.0707430918666465,83.92648901626671,88.2094613837333,86.12344700005724,0.9912567563113868,0.00093133142674207
2014-04-22,0.197201,0.581221,-0.31136,-0.341334,-0.341339,0.626882,0.127662,-0.561145,-0.854173,-1.172803,-1.522225,0.0,86.912743,86.1703575,1.0473123138385305,84.07573287232293,88.26498212767706,86.19861804767083,0.9348106925447865,-0.003419226651225859
2014-04-23,-0.093297,1.015856,-0.238419,0.124549,0.124544,0.34208,6e-06,-0.573576,-0.879024,-1.212807,-1.454334,0.0,87.020988,86.25605235,1.0430690955267286,84.16991415894655,88.34219054105345,86.27693899551171,0.8885683839807115,0.001244669603211678
2014-04-24,0.103422,0.424031,-0.910129,0.228051,0.228038,-0.138574,-0.200626,-0.617077,-0.959234,-1.297325,-1.523409,0.0,87.219429,86.38279035000001,0.994973370366842,84.39284360926632,88.3727370907337,86.36669994832012,0.8580425709008068,0.002277784789710199
2014-04-25,-0.993141,0.255964,-1.003375,1.013544,1.013547,-0.919412,-1.00746,-1.404715,-1.796338,-2.118545,-2.378742,1.0,88.103439,86.5208038,1.0338567345531833,84.45309033089363,88.58851726910636,86.53210366752772,0.8948673889048564,0.010084451637986182
2014-04-28,0.812173,1.562665,-0.514033,-0.409543,-0.409538,-0.390663,-0.382434,-0.844376,-1.261426,-1.605004,-1.874152,0.0,87.742622,86.63581385,1.0355196819531256,84.56477448609375,88.70685321390626,86.64739112776319,0.8847377005729413,-0.004103788328574657
2014-04-29,-0.5716,0.19394,-0.62264,0.71965,0.719658,-0.771674,-0.904363,-1.275903,-1.846995,-2.149229,-2.467762,1.0,88.374069,86.7418048,1.1008364663618866,84.54013186727623,88.94347773272376,86.81183663940479,0.9170906946083619,0.007170810468788506
2014-04-30,0.050079,1.652481,-0.160236,1.918952,1.918959,-1.962956,-2.50877,-2.911038,-3.445172,-3.780073,-4.124523,1.0,90.069931,86.96686700000001,1.2919209756841912,84.38302504863162,89.55070895136839,87.12213134041386,1.0672697446975405,0.019007790216742447
2014-05-01,0.250075,0.380111,-0.610183,0.120183,0.120171,-1.424428,-2.419724,-2.791501,-3.264475,-3.65189,-4.017199,0.0,90.178169,87.23432495,1.3769433964445712,84.48043815711085,89.98821174288915,87.41318254608873,1.1814031458250014,0.0012009892255172505
2014-05-02,1.602204,1.653233,-0.520456,-1.980597,-1.980578,0.632706,-0.305148,-0.676272,-1.136863,-1.567109,-1.926397,-1.0,88.39212,87.38722295,1.3235875449889958,84.740047860022,90.03439803997799,87.50641468455647,1.1148837746761444,-0.020004543551166976
2014-05-05,-0.224598,0.29607,-0.541091,-0.040822,-0.040843,0.812671,-0.134756,-0.445117,-0.946392,-1.394987,-1.7713,0.0,88.356018,87.51982335,1.2781462005165622,84.96353094896688,90.07611575103311,87.58732928602728,1.0471822984236212,-0.0004085135030058352
2014-05-06,-0.235034,0.82771,-0.439404,-0.09188,-0.091857,0.882881,0.111365,-0.234366,-0.65299,-1.212768,-1.552232,0.0,88.274857,87.69843095,1.1010856605898218,85.49625962882035,89.90060227117965,87.65280811592945,0.9757317481012961,-0.0009189900204254165
2014-05-07,-1.349994,0.050369,-1.470884,1.430616,1.430594,-0.65887,-1.019543,-1.505806,-1.915168,-2.428768,-2.783257,1.0,89.537712,87.82291479999999,1.1626969175170716,85.49752096496584,90.14830863503414,87.83232277155521,1.0093730918874826,0.014204577785344277
2014-05-08,0.629509,0.883341,-0.060918,-0.775744,-0.775723,-0.182767,-0.062963,-0.69653,-1.043773,-1.485239,-1.867205,-1.0,88.843147,87.9158263,1.1664476167663342,85.58293106646734,90.24872153353267,87.92859174569281,0.9688205482226664,-0.007787478029170784
2014-05-09,1.681805,2.073877,-0.113496,-1.59407,-1.594087,1.213378,1.478544,0.934795,0.618555,0.20636,-0.198096,-1.0,87.42691,87.96769395,1.1170246409309188,85.73364466813815,90.20174323186184,87.8808125318173,0.8130317513545151,-0.016069291623142183
2014-05-12,1.440355,1.471666,-0.135683,-1.145274,-1.145278,1.939265,2.501836,2.043634,1.81871,1.400695,0.996077,-1.0,86.425629,87.99746044999999,1.0637303568049192,85.86999973639016,90.12492116360983,87.74222362402517,0.6018354147614957,-0.011518866240577082
2014-05-13,0.083266,0.541211,-0.353876,0.281812,0.281806,1.282271,2.017079,1.738141,1.531023,1.206503,0.728222,0.0,86.669182,87.99610700000001,1.0654888707266612,85.86512925854669,90.12708474145333,87.64002918364181,0.4489384055816288,0.0028141012352823533
2014-05-14,-0.797024,0.631405,-0.797024,0.551623,0.551624,0.178041,1.122045,1.189668,0.941421,0.655841,0.236009,1.0,87.14727,87.96769245,1.0808314197540623,85.80602961049188,90.12935528950813,87.59309973758069,0.36216926841129293,0.005501081170997831
2014-05-15,0.373948,1.27766,-0.041544,-0.351935,-0.351917,0.070625,1.094832,1.517946,1.212728,1.004669,0.667215,0.0,86.840584,87.89372435,1.105788594501099,85.6821471609978,90.1053015390022,87.52143157209682,0.2655954855181477,-0.0035253761751838676
2014-05-16,-0.372671,0.269154,-0.703934,0.342787,0.342784,-0.337481,0.605586,1.097304,0.867489,0.693992,0.392335,0.0,87.13826,87.89417525,1.105462250379994,85.68325074924002,90.10509975075999,87.48493904142093,0.21065176974127553,0.003421982623142819
2014-05-19,1.900742,1.900742,-0.042231,-1.966875,-1.96688,1.427667,2.28089,2.944741,2.786696,2.695249,2.395637,-1.0,85.424355,87.8048717,1.2288609510409312,85.34714979791815,90.26259360208186,87.28869294223799,0.028482342625594015,-0.01986480513216582
2014-05-20,-1.692105,0.238758,-2.190388,1.72123,1.721233,-0.236691,0.391357,1.089307,1.046396,0.966671,0.747079,1.0,86.894707,87.8039699,1.2295565182910642,85.34485686341787,90.26308293658212,87.25117047154865,0.0027254599266939294,0.017065873835432413
2014-05-21,0.394687,0.540096,-0.342752,-0.051908,-0.051917,-0.25342,0.13399,0.89462,1.089016,0.979233,0.791795,0.0,86.849594,87.79540019999999,1.2358819418447329,85.32363631631053,90.26716408368945,87.21292509330591,-0.021084251132876375,-0.0005193033757559186
2014-05-22,-0.413908,0.444951,-0.44495,0.373909,0.373926,-0.548435,-0.430474,0.289037,0.709841,0.550486,0.423556,0.0,87.174347,87.7931461,1.2370283140197607,85.31908947196048,90.26720272803952,87.20925098918154,-0.013592084571186547,0.0037322839043448454
2014-05-23,0.155507,0.622018,-0.0311,-0.186258,-0.186266,-0.391873,-0.292352,0.370445,0.835059,0.732736,0.634803,0.0,87.011971,87.73857269999999,1.2466572077140672,85.24525828457186,90.23188711542812,87.1904624187833,-0.02052032917873703,-0.00186439496395445
2014-05-27,0.745883,1.201702,-0.072516,0.072569,0.072557,-0.084937,-0.290056,0.199603,0.72362,0.653484,0.609492,0.0,87.075104,87.7051968,1.2554476027632595,85.19430159447347,90.21609200552652,87.1794759027087,-0.020678340433335052,0.0007253037339810775
2014-05-28,-0.852508,0.164334,-1.088741,0.859838,0.859836,-0.725136,-1.008618,-0.688843,-0.166382,-0.163097,-0.205414,1.0,87.823807,87.6776837,1.2460118257564876,85.18566004848702,90.16970735151298,87.2408407691174,0.039159107619994415,0.00856160360412775
2014-05-29,0.176072,0.745721,-0.611086,-0.831962,-0.087941,-0.433309,-0.853189,-0.737516,-0.210901,-0.042146,-0.116398,0.0,87.746574,87.56151585,1.112379225145711,85.33675739970859,89.78627430029142,87.28900583872526,0.07943300444102874,-0.0008797953794016511
2014-05-30,-0.780611,0.10271,-1.057928,0.838941,0.838927,-0.96592,-1.492452,-1.590485,-1.136902,-0.816635,-0.941246,1.0,88.482704,87.4767426,0.956098076123221,85.56454644775356,89.38893875224643,87.40269137789427,0.16880402896532587,0.008354279036976598
2014-06-02,-0.030868,0.607118,-0.565963,-0.184882,-0.184866,-0.486493,-1.176303,-1.340875,-0.957932,-0.623171,-0.712873,0.0,88.31913,87.4730931,0.9525528431924656,85.56798741361507,89.37819878638493,87.48997124666624,0.22385173161011096,-0.0018503659489315103
2014-06-03,0.010286,0.494025,-0.308772,-0.020576,-0.020586,-0.188352,-0.830184,-1.178975,-0.940657,-0.577417,-0.651263,0.0,88.300949,87.47033965,0.9499423485219813,85.57045495295604,89.37022434704396,87.56720722317422,0.26297892050149585,-0.00020587693276050557
2014-06-04,-0.318535,0.102752,-0.739829,0.164673,0.164665,-0.211663,-0.81778,-1.207477,-1.093811,-0.737594,-0.756789,0.0,88.44635,87.4789143,0.9583235468692555,85.5622672062615,89.3955613937385,87.65093510668144,0.3022361548693624,0.0016452984981695585
2014-06-05,-0.501174,0.357989,-0.634136,0.462389,0.462398,-0.421396,-1.048556,-1.534037,-1.587445,-1.249146,-1.144762,0.0,88.855324,87.4447949,0.8909447798116493,85.66290534037671,89.2266844596233,87.76563881080703,0.3621736672103566,0.0046133205187885665
2014-06-06,0.64655,1.159686,-0.123155,-0.337522,-0.337519,-0.067738,-0.557489,-1.071472,-1.270404,-0.988013,-0.759688,0.0,88.55542,87.43040855000001,0.8692352836544885,85.69193798269103,89.16887911730899,87.84085606692065,0.38108195560047875,-0.0033809033084397965
2014-06-09,0.726297,1.03756,-0.404647,-1.087854,-1.087857,0.865327,0.602427,0.051104,-0.175127,0.064406,0.312317,-1.0,87.592064,87.43866625,0.8699844536156311,85.69869734276874,89.17863515723126,87.81716158435678,0.31470441567137186,-0.010938170481356943
2014-06-10,0.271458,0.762166,-0.167045,-0.622534,-0.622523,1.209011,1.229371,0.802104,0.485878,0.63107,0.914051,-1.0,87.046783,87.46972395,0.8425719534566092,85.78458004308678,89.15486785691323,87.74379219537042,0.21561464603263403,-0.006244690472418889
2014-06-11,0.821916,1.032661,-0.748156,-0.918769,-0.918768,1.637504,1.985236,1.686765,1.393197,1.470162,1.767607,-1.0,86.247025,87.44861610000001,0.8685692082315281,85.71147768353696,89.18575451646306,87.60124293866848,0.07172470519280694,-0.009230147195815082
2014-06-12,-0.752982,0.46015,-1.401385,0.758694,0.758684,0.422508,1.120057,0.925065,0.615587,0.584772,0.879788,1.0,86.901367,87.43632095000001,0.8747777345211785,85.68676548095765,89.18587641904237,87.53458808736671,0.01037126772351371,0.007558200309633879
2014-06-13,-1.177929,0.423644,-1.787555,1.213131,1.213143,-0.917549,-0.151899,-0.225409,-0.527008,-0.661202,-0.413591,1.0,87.955605,87.492072,0.8703319218893659,85.75140815622126,89.23273584377873,87.57468493618893,0.046282901982905855,0.01205843567204479
2014-06-16,-0.205851,1.101275,-0.679296,0.392648,0.392634,-1.144499,-0.544462,-0.518309,-0.850209,-1.010121,-0.806513,0.0,88.300949,87.55020645,0.8841761617514803,85.78185412649704,89.31855877350297,87.64385294226618,0.10144016640856535,0.003918656459393792
2014-06-17,-1.29923,0.194375,-1.350384,0.607242,0.607235,-1.338095,-1.084389,-0.986521,-1.256566,-1.499013,-1.387163,1.0,88.837143,87.72084585,0.7748747747656263,86.17109630046875,89.27059539953126,87.75749961443131,0.18627184461773538,0.0060539845676718775
2014-06-18,-1.936002,0.040125,-1.996193,1.984657,1.984677,-2.29713,-2.771601,-2.709075,-2.973665,-3.242338,-3.220665,1.0,90.600273,87.90612415000001,0.9822161236727954,85.94169190265443,89.8705563973456,88.02823993686643,0.39126120111077967,0.019652386717725526
2014-06-19,-0.209672,0.638977,-0.888585,0.471464,0.471447,-1.849037,-2.989211,-2.925316,-3.199465,-3.525854,-3.620236,0.0,91.027405,88.1150147,1.1716756940289217,85.77166331194216,90.45836608805784,88.3138747047839,0.5814797886638843,0.004703388735859595
2014-06-20,0.510053,0.510053,-0.240022,-0.169734,-0.169724,-1.040105,-2.569256,-2.584925,-2.831391,-3.184343,-3.381925,0.0,90.87291,88.29994285,1.300218950352821,85.69950494929435,90.90038075070564,88.55759235194733,0.7115605078161593,-0.0016986780605596663
2014-06-23,0.481787,0.602234,-0.572116,-0.360037,-0.360032,-0.186695,-1.890998,-2.068992,-2.285151,-2.683985,-2.917996,0.0,90.545738,88.4766312,1.3549357329317722,85.76675973413646,91.18650266586354,88.74693955652378,0.7792674586298602,-0.0036068216613108894
2014-06-24,-0.962971,0.367314,-1.221089,1.104091,1.104077,-0.684995,-2.470957,-2.902144,-3.108058,-3.479241,-3.79173,1.0,91.545433,88.70014764999999,1.4749708274378823,85.75020599512423,91.65008930487575,89.01346274161676,0.9031814234140398,0.010980269264215851
2014-06-25,-1.277644,0.127761,-1.454548,1.012605,1.012614,-1.275678,-2.775432,-3.585259,-3.828012,-4.205555,-4.546994,1.0,92.472435,88.93257905,1.6814300257138772,85.56971899857224,92.29543910142776,89.3428886709866,1.063921225755891,0.010075215539924548
2014-06-26,0.069033,0.276132,-0.601579,-0.343978,-0.343986,-0.690332,-1.869819,-3.013803,-3.256901,-3.644643,-4.036404,0.0,92.154343,89.1529675,1.8023181752091704,85.54833114958166,92.75760385041835,89.61064622613074,1.152357649519388,-0.0034457874224227843
2014-06-27,-0.009844,0.600395,-0.344486,0.197235,0.197245,-0.5689,-1.588586,-2.931761,-3.238684,-3.610718,-4.026926,0.0,92.336113,89.34563795,1.9284489180054387,85.48874011398912,93.20253578601087,89.87021449030877,1.2230133359492612,0.001970509074098875
2014-06-30,-0.966047,0.029273,-1.600319,0.866147,0.866139,-0.866511,-1.914521,-3.368461,-3.810988,-4.175404,-4.636394,1.0,93.135872,89.58647504999999,2.0877020200438507,85.41107100991229,93.76187909008769,90.18122949123175,1.328231320064404,0.008624094434896158
2014-07-01,0.975855,0.995566,-0.137998,-1.00508,-1.005079,0.281916,-0.553963,-2.014781,-2.622963,-2.980184,-3.423228,-1.0,92.199783,89.78141674999999,2.1426526925105915,85.4961113649788,94.06672213502118,90.37347268254301,1.3208567569630105,-0.010101639213525852
2014-07-02,1.434303,1.745241,-0.270809,-1.724988,-1.724992,1.630899,1.192585,0.026087,-0.794375,-1.154255,-1.591391,-1.0,90.609344,89.88956644999999,2.1262443267769218,85.63707779644615,94.14205510355383,90.39593661753892,1.1731538399238843,-0.017400434591845638
2014-07-03,1.354105,1.354105,-0.997763,-1.484449,-1.484437,2.514755,2.519846,1.70976,0.723369,0.403169,-0.018394,-1.0,89.264305,89.9100155,2.117723640938741,85.67456821812252,94.14546278187748,90.2881621777733,0.9367663483413793,-0.014955654460448605
2014-07-07,-0.416331,0.517867,-0.416331,0.264714,0.264717,1.610468,2.095845,1.55631,0.510244,0.183578,-0.195725,0.0,89.500603,89.95727465,2.09634187712269,85.76459089575462,94.14995840424538,90.2131565417949,0.759737056094778,0.002643674759972442
2014-07-08,-0.647118,0.495447,-0.798788,0.426482,0.426459,0.455015,1.588484,1.242343,0.210831,-0.172284,-0.513095,0.0,89.882286,90.07178575,2.0215611748307483,86.0286634003385,94.1149080996615,90.18164506162395,0.6428285672281362,0.004255518217293425
2014-07-09,-0.060715,0.445204,-0.52616,-0.070779,-0.070766,-0.004049,1.468176,1.386892,0.436101,-0.033999,-0.340823,0.0,89.81868,90.2103806,1.8942674229358334,86.42184575412833,93.99891544587166,90.14707696051691,0.5388339327345761,-0.0007079094127548291
2014-07-10,-0.784785,0.342091,-0.814968,0.566627,0.566615,-0.62983,0.659032,0.795531,0.096099,-0.513922,-0.809928,1.0,90.327606,90.41440965,1.6487591736275446,87.1168913027449,93.71192799725509,90.16427020237244,0.49181418282955747,0.005650156494744187
2014-07-11,0.394059,0.656767,-0.272814,-0.422576,-0.422554,-0.056593,0.840648,1.143096,0.690097,-0.043256,-0.307512,0.0,89.945923,90.56663745,1.433880903416188,87.69887564316763,93.43439925683238,90.14347523071793,0.4189229806779906,-0.004234493798894657
2014-07-14,1.252311,1.642372,-0.030793,-1.566134,-1.566137,1.315945,2.016008,2.576468,2.324979,1.54629,1.280704,-1.0,88.537247,90.59571955,1.3831370566338423,87.82944543673231,93.36199366326768,89.9905011135067,0.24466742365690664,-0.01578530065924838
2014-07-15,-0.762815,0.122052,-1.017087,0.923837,0.923828,0.270547,0.659074,1.548686,1.447316,0.69569,0.392258,1.0,89.355179,90.64843105,1.3091920603270186,88.03004692934596,93.26681517065404,89.92999424555367,0.17060231859872488,0.009195869462814943
2014-07-16,-0.222854,0.212722,-0.850895,0.406836,0.406831,-0.158019,-0.025319,1.00149,1.085398,0.406812,0.03816,0.0,89.718704,90.6925091,1.2588730060786317,88.17476308784273,93.21025511215726,89.90987136502474,0.1396290617172724,0.004060061615630074
2014-07-17,1.988107,1.988107,-0.0205,-1.15478,-1.154775,0.637426,0.925394,1.896562,2.158227,1.689689,1.215753,-1.0,88.682655,90.5966282,1.3368778775207442,87.92287244495851,93.27038395504148,89.79299361597477,0.031123267160936052,-0.01161494120101988
2014-07-18,-0.860497,0.08099,-1.53877,1.229757,1.229752,-0.623603,-0.243971,0.481885,0.847343,0.58231,0.020253,1.0,89.773232,90.53391955,1.3449979824626395,87.84392358507472,93.22391551492527,89.7911115573105,0.03275451909360072,0.012222522832736653
2014-07-21,0.212808,0.283744,-0.55736,-0.101234,-0.101243,-0.267522,-0.122608,0.386447,0.883171,0.761262,0.163505,0.0,89.682343,90.4743912,1.3555105367581917,87.76337012648362,93.18541227351638,89.78075264709045,0.026408890048330136,-0.0010129415903784315
2014-07-22,0.508388,0.762583,-0.040671,-0.334416,-0.334407,0.073209,0.156588,0.443319,1.156589,1.147743,0.566351,0.0,89.382439,90.41622625,1.3770749607512243,87.66207632849755,93.17037617150244,89.74281801403423,-0.002787678463491261,-0.00334967353231977
2014-07-23,-0.030459,0.395978,-0.324906,0.142349,0.142366,-0.115761,-0.020319,0.100168,0.899065,1.034003,0.515101,0.0,89.509689,90.31443905,1.3643942693553954,87.58565051128922,93.04322758871079,89.72061525079286,-0.015479717286552841,0.0014226452878012667
2014-07-24,-0.060775,0.384924,-0.324148,0.233529,0.233511,-0.117503,-0.321106,-0.199213,0.510538,0.759323,0.409918,0.0,89.718704,90.17675249999999,1.270902388303415,87.63494772339317,92.71855727660682,89.72043322690782,-0.00857365405917676,0.0023323882031802893
2014-07-25,0.111733,0.609453,-0.152356,-0.273505,-0.273495,0.089381,-0.100562,0.09006,0.636361,0.966174,0.781105,0.0,89.473328,90.04270175,1.1901617426859092,87.66237826462819,92.42302523537182,89.69689939577374,-0.02263936914818032,-0.0027386949143942446
2014-07-28,-1.114683,0.180759,-1.486246,1.147796,1.147786,-0.865633,-1.017272,-0.972081,-0.607047,-0.19602,-0.268793,1.0,90.50029,89.9509106,1.0685542136298294,87.81380217274034,92.08801902725966,89.77341278665243,0.048521376798035476,0.011412485427164505
2014-07-29,0.640241,1.006094,-1.117885,-1.184977,-1.184963,0.333326,0.177834,0.181561,0.37753,0.950802,0.969163,-1.0,89.427895,89.76551175,0.7655911224455845,88.23432950510883,91.29669399489117,89.74050633078078,0.018173968330842172,-0.011920397002220593
2014-07-30,1.889151,2.242064,-0.602028,-2.093502,-2.093506,2.032386,2.072865,2.151407,2.258666,2.927132,3.079371,-1.0,87.555717,89.53330845,0.6888439757844398,88.15562049843113,90.91099640156888,89.53243115642071,-0.15515713480819215,-0.02115730168982607
2014-07-31,1.863883,2.226013,-0.095853,-2.543074,-2.543084,3.665999,4.343386,4.426463,4.617644,5.278098,5.563254,-1.0,85.329102,89.26929635,1.1271544522881183,87.01498744542377,91.52360525457624,89.13211409390446,-0.46681139356603296,-0.02575978778405954
2014-08-01,-0.341079,1.172456,-0.575571,-0.074554,-0.074543,2.756337,3.892554,4.138414,4.461196,5.033462,5.416749,0.0,85.265495,89.06935585,1.4394798456172675,86.19039615876545,91.94831554123454,88.76386465638976,-0.7107392328371134,-0.0007457094663738266
2014-08-04,-0.11696,0.09569,-2.402979,0.245153,0.245134,1.329091,3.146209,3.644879,3.970238,4.455512,4.948442,0.0,85.47451,88.8680512,1.643110234817445,85.58183073036511,92.15427166963488,88.45059278435264,-0.8770776341710018,0.0024483436604059473
2014-08-05,1.155641,1.50125,-0.270008,-1.552373,-1.55237,1.671897,4.150571,4.866629,5.268942,5.675357,6.349872,-1.0,84.147629,88.58131834999999,1.9318087052895156,84.71770093942096,92.44493576057901,88.0407867096524,-1.1032526137440186,-0.015645458475105286
2014-08-06,0.238226,0.7255,-0.595555,-0.259205,-0.25919,1.072001,3.756357,4.679295,5.191658,5.555816,6.323764,0.0,83.929527,88.2868607,2.1677031909979214,83.95145431800417,92.62226708199584,87.64923816587597,-1.2852810038511677,-0.0025952619333554664
2014-08-07,-1.202517,0.340534,-1.457915,1.754199,1.75419,-0.6534,1.462171,2.618567,3.089818,3.492181,4.214823,1.0,85.40181,88.0405709,2.2031736464450167,83.63422360710997,92.44691819289004,87.4351973881735,-1.2958016855151442,0.017389812519216678
2014-08-08,-1.393393,0.052387,-1.456259,1.574966,1.574971,-1.852281,-0.425353,0.794832,1.306968,1.7714,2.391132,1.0,86.746864,87.88061795,2.1734900409645097,83.53363786807098,92.22759803192902,87.36964182739507,-1.1819796590636855,0.015626973368321438
2014-08-11,0.611236,0.927388,-0.126464,-0.586693,-0.586697,-1.096006,-0.33196,1.12341,1.771528,2.22068,2.759691,-1.0,86.237923,87.76565175,2.1976070796241465,83.3704375907517,92.1608659092483,87.26185908192888,-1.119932286099555,-0.005884245398737572
2014-08-12,0.0843,0.51633,-0.316126,0.010542,0.010555,-0.61961,-0.711288,0.870378,1.580598,2.041294,2.482601,0.0,86.247025,87.61024404999999,2.1891678293337455,83.2319083913325,91.98857970866749,87.16520821698327,-1.0578308253886206,0.00010553964405571019
2014-08-13,-0.689299,0.574416,-0.731067,0.895678,0.895682,-0.791655,-1.654322,-0.215853,0.523746,1.006775,1.374399,1.0,87.019524,87.47528505,2.1348699960160866,83.20554505796783,91.74502504203217,87.15133352965154,-0.9354969308101317,0.008916944707721417
2014-08-14,-0.602974,0.114358,-0.602974,0.459532,0.459511,-0.783857,-1.865054,-0.847622,-0.008312,0.411691,0.789069,0.0,87.419388,87.4121217,2.1158713298640937,83.18037904027182,91.64386435972818,87.17686252682758,-0.797092370319163,0.004584581453643156
2014-08-15,0.031134,1.079063,-0.352766,0.197521,0.197526,-0.786463,-1.792899,-1.186272,-0.329939,0.106251,0.52674,0.0,87.592064,87.30306329999999,2.0427146656069466,83.2176339687861,91.38849263121388,87.21640552427257,-0.6657973514693225,0.0019733115068693192
2014-08-18,0.468064,1.081757,-0.260037,-0.249012,-0.248997,-0.278767,-1.330362,-1.178154,-0.213242,0.30288,0.696542,0.0,87.373962,87.18764425,1.9649374503155645,83.25776934936887,91.11751915063114,87.23141090291328,-0.5727418996471414,-0.002493079576108501
2014-08-19,-0.832304,0.061649,-1.048086,1.227378,1.227354,-0.990535,-2.040679,-2.450326,-1.476048,-0.954368,-0.578494,1.0,88.44635,87.14083980000001,1.920553751410192,83.29973229717963,90.98194730282039,87.34711938835012,-0.4077616123260981,0.012198832847116653
2014-08-20,-0.532021,0.10231,-0.767342,0.431564,0.431586,-1.008808,-1.910177,-2.774036,-1.937803,-1.420103,-1.042912,0.0,88.828072,87.10675895,1.8819654256947962,83.34282809861041,90.87068980138959,87.48816249422154,-0.24340593864350524,0.004306572664715892
2014-08-21,-0.214263,0.632583,-0.234673,0.276247,0.276237,-0.910113,-1.768188,-2.761626,-2.244161,-1.674118,-1.362449,0.0,89.073448,87.07449614999999,1.8398923669405365,83.39471141611891,90.75428088388107,87.63914206620045,-0.0922892377395641,0.002758561653687299
2014-08-22,0.348222,0.798852,-0.634988,-0.377516,-0.377523,-0.276517,-1.171642,-2.132316,-1.915191,-1.348211,-1.034063,0.0,88.737175,87.03768849999999,1.7962224274452299,83.44524364510953,90.63013335489045,87.74371663132422,0.0003335705212634821,-0.003782376949479485
2014-08-25,-0.356522,0.39727,-0.448197,0.542809,0.542827,-0.401353,-1.371097,-2.380912,-2.516561,-1.901607,-1.54291,0.0,89.218864,86.9736172,1.6856624490812864,83.60229230183744,90.34494209816258,87.88420685691239,0.1113228297510176,0.005413586176763362
2014-08-26,1.406122,1.571544,-0.062032,-1.477027,-1.477027,0.967736,0.295691,-0.632763,-1.141966,-0.498355,-0.122012,-1.0,87.901077,86.8972763,1.601115457446346,83.6950453851073,90.0995072148927,87.88581353720645,0.09188898066034312,-0.014880439872090164
2014-08-27,-0.753427,0.123855,-0.918566,0.175763,0.932329,0.010854,-0.439023,-1.190622,-1.989485,-1.453045,-1.082102,1.0,88.720604,86.95552065,1.6468626490747258,83.66179535185054,90.24924594814945,87.96531739080582,0.14099123586667872,0.009280093778218078
2014-08-28,-0.881781,0.184559,-1.179126,0.660543,0.660542,-0.593202,-0.881027,-1.547525,-2.409948,-2.118174,-1.707918,1.0,89.306641,87.15439760000001,1.6799508696406475,83.79449586071871,90.51429933928131,88.09306249644337,0.2246043163176239,0.0065837014645601525
2014-08-29,-0.711018,0.05079,-0.924323,0.943297,0.943292,-1.208901,-1.523629,-2.215942,-3.051043,-3.002873,-2.612538,1.0,90.149063,87.39857599999999,1.7446168267116007,83.90934234657679,90.88780965342319,88.28887206821067,0.3547553016701386,0.009388703388605127
2014-09-02,1.090196,1.326745,-0.401118,-1.239202,-1.239182,-0.011327,-0.101792,-0.7798,-1.634811,-1.85179,-1.414939,-1.0,89.031952,87.5764481,1.7192897412764652,84.13786861744707,91.01502758255292,88.35964158552393,0.36356838362245014,-0.012469239268198387
2014-09-03,-0.184426,0.481559,-0.358605,0.380536,0.380518,-0.06147,-0.377049,-0.922905,-1.715474,-2.226405,-1.789088,0.0,89.370735,87.83760339999999,1.5603948609471627,84.71681367810567,90.95839312189432,88.45593619642642,0.39335541496831183,0.00379796305682139
2014-09-04,0.298256,0.637658,-0.473111,-0.379093,-0.379076,0.388755,0.024934,-0.395209,-1.054933,-1.788034,-1.433263,0.0,89.031952,88.09272465000001,1.2796685571166948,85.53338753576662,90.6520617642334,88.51079484438581,0.38518472539634274,-0.003797963056821414
2014-09-05,-0.68423,0.0,-0.857839,0.709652,0.709631,-0.238959,-0.614037,-0.930182,-1.514467,-2.286692,-2.129837,1.0,89.66375,88.30582165,1.1569554664123514,85.9919107171753,90.6197325828247,88.62060009730145,0.4247934589180602,0.007071245984664218
2014-09-08,0.678737,0.781573,-0.257096,-0.694444,-0.694437,0.209795,0.115094,-0.128903,-0.696935,-1.433778,-1.46162,-1.0,89.041092,88.42053305,1.1069035164834051,86.20672601703319,90.63434008296682,88.6606469451775,0.40131426770096823,-0.006968591480616633
2014-09-09,1.128529,1.43156,-0.083588,-1.583711,-1.583723,1.502624,1.544947,1.49778,0.980539,0.250789,0.014922,-1.0,87.630928,88.49018329999998,1.0011083031842978,86.48796669363139,90.49239990636858,88.56257847420822,0.2658537928989517,-0.015963976050742703
2014-09-10,-0.01046,0.648395,-0.439245,-0.083588,-0.083572,1.173386,1.590663,1.515013,1.139847,0.490427,0.027378,0.0,87.557693,88.5557167,0.8824017860902547,86.7909131278195,90.32052027218052,88.4668750957122,0.15085201015779148,-0.0008360703320567324
2014-09-11,-0.572027,0.26001,-1.248055,0.554276,0.554279,0.391044,0.953709,0.895992,0.640464,0.123385,-0.505548,1.0,88.043007,88.60689085,0.8157861136799083,86.97531862264019,90.23846307735981,88.42650670564437,0.0977462942191778,0.005527486344342859
2014-09-12,1.540919,1.742827,-0.085017,-2.132089,-2.132093,1.766205,2.788522,2.869092,2.760219,2.340083,1.69435,-1.0,86.165848,88.54421384999999,0.9490879758562843,86.64603789828742,90.44238980171257,88.21120587653539,-0.09471954355858259,-0.021551506736450437
2014-09-15,0.276069,0.722023,-0.43534,0.085018,0.085019,1.02994,2.247822,2.588596,2.594485,2.229597,1.645597,0.0,86.239105,88.4765659,1.0620239937594345,86.35251791248113,90.60061388751886,88.02338674543678,-0.23858857835816139,0.0008498248238710929
2014-09-16,-1.135282,0.378431,-1.35604,1.008704,1.00872,-0.098821,1.005977,1.402627,1.554721,1.248685,0.693063,1.0,87.109016,88.4633186,1.07803309813077,86.30725240373846,90.61938479626153,87.93630381729994,-0.2791929152711248,0.01003666261255712
2014-09-17,0.356801,0.975968,-0.514218,0.168195,0.168171,-0.335808,0.593982,1.18306,1.315984,1.124932,0.642738,0.0,87.255508,88.40377649999999,1.1113899578853934,86.1809965842292,90.62655641577078,87.87146612041424,-0.2961377727924486,0.0016802963252672152
2014-09-18,0.718968,1.131317,-0.296045,-0.745093,-0.745089,0.080357,1.068935,1.779798,1.948222,1.86493,1.501235,-1.0,86.605377,88.29264175,1.1759824687292086,85.94067681254158,90.64460668745842,87.75088620418431,-0.357901170875607,-0.007478784319652059
2014-09-19,-0.147151,0.367878,-0.64116,0.592088,0.592079,-0.290087,0.181849,1.013255,1.23594,1.251528,0.969476,1.0,87.118149,88.1948768,1.188860039551469,85.81715672089706,90.57259687910295,87.69062551807151,-0.3613077628681083,0.005903328132354907
2014-09-22,0.042275,0.644684,-0.433316,-0.546559,-0.546566,0.350889,0.45552,1.298542,1.671391,1.764114,1.520339,-1.0,86.641991,88.09011760000001,1.2301530253468447,85.62981154930632,90.5504236506937,87.59075556396947,-0.3978433917754245,-0.005480649266086502
2014-09-23,0.074035,0.592277,-0.380752,-0.07398,-0.073968,0.302481,0.408252,1.184559,1.594131,1.802663,1.608576,0.0,86.577904,87.9580696,1.2442761772478133,85.46951724550438,90.44662195449563,87.49429351025809,-0.4270466977082066,-0.0007399496798460761
2014-09-24,0.67955,0.67955,-0.265449,-0.391331,-0.391323,0.460812,0.649817,1.339984,1.896896,2.100227,2.007449,0.0,86.239105,87.87497099999999,1.3024213178218969,85.2701283643562,90.47981363564378,87.37475174737637,-0.4720868525249813,-0.003920903804594669
2014-09-25,1.052184,1.460169,-0.021469,-1.104269,-1.104274,1.273349,1.450506,2.1788,2.833371,3.074195,3.078747,-1.0,85.286789,87.70328025,1.4071950658733134,84.88889011825339,90.51767038174663,87.17589815238814,-0.5779630438768493,-0.011104163494066652
2014-09-26,-0.278256,0.267551,-0.834758,0.322099,0.322104,0.584325,1.054146,1.531101,2.284348,2.579071,2.675412,0.0,85.561501,87.51602325,1.4315782621961093,84.65286672560778,90.37917977439223,87.02214604263689,-0.6324136548348633,0.0032158617069048007
2014-09-29,-0.662388,0.106837,-1.100425,0.171229,0.17123,0.194443,0.819441,1.098288,1.850425,2.262354,2.426628,0.0,85.708008,87.2939705,1.3433810925884377,84.60720831482313,89.98073268517687,86.89699003857623,-0.6561802286072691,0.00171083617382254
2014-09-30,-0.042609,1.107798,-0.404769,0.299144,0.299139,-0.247119,0.3856,0.667523,1.368239,1.805926,2.066487,0.0,85.964394,87.1405926,1.3091877917926644,84.52221701641467,89.75896818358534,86.80817136823565,-0.64687048180663,0.0029869237877481318
2014-10-01,-0.646941,1.124188,-0.646941,0.436732,0.436715,-0.657532,-0.156949,0.135767,0.751951,1.290927,1.541358,0.0,86.339813,86.9890465,1.209042014079843,84.57096247184032,89.40713052815968,86.76356580935607,-0.6022568228396779,0.004357637002666055
2014-10-02,0.319935,1.002455,-0.170626,-0.551494,-0.551476,0.027727,0.310332,0.521845,1.12616,1.719528,1.989357,-1.0,85.86367,86.8306324,1.1324165610633603,84.56579927787328,89.09546552212672,86.67786144656026,-0.5984226931893346,-0.0055300183842883445
2014-10-03,-0.031843,0.169793,-0.93389,0.490568,0.490577,-0.292914,-0.275935,0.040314,0.436684,1.08287,1.383738,0.0,86.284897,86.66168975000001,0.9195369973165316,84.82261575536694,88.50076374463308,86.64043626117356,-0.5549969597802118,0.004893771095559427
2014-10-06,0.726022,1.259868,-0.288282,-0.604902,-0.604924,0.326719,0.228494,0.612151,0.856831,1.493496,1.885166,-1.0,85.762939,86.4977821,0.749536733694627,84.99870863261074,87.99685556738925,86.55686509344275,-0.5562868728097641,-0.006067610189081593
2014-10-07,0.333267,1.257799,-0.053748,-0.68333,-0.683321,0.832082,0.753607,1.153161,1.406693,2.010756,2.427979,-1.0,85.176903,86.37508084999999,0.7551190571549734,84.86484273569005,87.88531896430993,86.42544013216249,-0.5977073474305286,-0.006856661257239188
2014-10-08,-2.182125,0.115401,-2.287034,2.47259,2.472585,-1.384803,-1.557904,-1.285489,-1.055909,-0.546363,-0.067135,1.0,87.282974,86.36134489999999,0.7346970720943063,84.89195075581138,87.8307390441886,86.50711002433749,-0.4553421426755051,0.02442510965409662
2014-10-09,1.880545,2.521638,0.0,-1.814943,-1.814935,0.399616,0.309863,0.468712,0.636288,1.136449,1.662574,-1.0,85.698845,86.2441368,0.6321217359416051,84.9798933281168,87.50838027188321,86.43013240297202,-0.46498263305062437,-0.018316066921406967
2014-10-10,0.363136,1.815663,-0.042722,0.042741,0.042759,0.228541,0.287284,0.318257,0.568178,0.909949,1.480279,0.0,85.735489,86.22261885,0.6421720091238943,84.93827483175221,87.5069628682478,86.36397588840326,-0.46431360832400514,0.00042749896946624107
2014-10-13,1.034593,2.327833,-0.086218,-0.897144,-0.897155,0.94837,1.107868,1.094936,1.403698,1.631632,2.19563,-1.0,84.966309,86.15897905,0.700839911892445,84.75729922621511,87.56065887378489,86.23086475617437,-0.5198572087994506,-0.009012034024992958
2014-10-14,-0.289261,1.521326,-0.932071,0.592731,0.592715,0.422125,0.454263,0.412839,0.710317,0.93166,1.454551,1.0,85.469917,86.0770241,0.6794060519741117,84.71821199605178,87.43583620394823,86.15839354130063,-0.5172761184733758,0.005909652865303116
2014-10-15,1.590066,2.036596,-1.622738,-1.628451,-1.628444,1.322155,1.848182,1.903725,2.18852,2.436943,2.9242,-1.0,84.078087,85.91815305,0.7564593460519531,84.40523435789609,87.43107174210391,85.96026910879581,-0.6203881859561164,-0.01641849190744049
2014-10-16,-2.75249,0.546208,-3.073796,1.688089,1.688087,-0.406981,0.114597,0.228481,0.42733,0.617328,1.07779,1.0,85.497398,85.8627541,0.7439496758511877,84.37485474829762,87.35065345170239,85.91618614605335,-0.5808826526624671,0.016739968562047576
2014-10-17,-0.519892,0.350135,-1.973476,0.942484,0.942495,-1.205313,-0.818046,-0.650053,-0.557569,-0.315765,0.004235,1.0,86.303207,85.82200700000001,0.6920806601449602,84.4378456797101,87.20616832028993,85.95304527500065,-0.47903021885504415,0.009380815733884629
2014-10-20,-0.882998,0.105126,-0.988116,0.933684,0.933695,-1.627261,-1.581009,-1.461876,-1.450662,-1.197956,-0.994795,1.0,87.109016,85.84535824999999,0.7281429136429571,84.38907242271408,87.3016440772859,86.06313772500059,-0.32949120981669466,0.00929363323957416
2014-10-21,-0.324537,0.115159,-0.858459,0.409965,0.409956,-1.572447,-1.72111,-1.749728,-1.802247,-1.585016,-1.405297,0.0,87.466125,85.8897693,0.7988302206121192,84.29210885877576,87.48742974122423,86.19675556071482,-0.18008880433289676,0.00409118384273307
2014-10-22,-1.067025,0.652652,-1.253495,1.057372,1.057373,-1.626439,-2.62406,-2.623026,-2.707975,-2.563358,-2.405479,1.0,88.390968,85.99736245,0.9740555072519514,84.04925143549609,87.9454734645039,86.40572817398008,0.012793305995813853,0.010518216930704859
2014-10-23,-0.511247,0.511247,-1.12475,1.315657,1.315645,-1.997948,-3.458074,-3.612814,-3.733129,-3.696934,-3.616565,1.0,89.553879,86.21071695,1.240975655686462,83.72876563862708,88.69266826137293,86.70555206217246,0.25653380490295774,0.013070651673511615
2014-10-24,-0.366003,0.427001,-0.823503,0.572595,0.572593,-1.720202,-3.526834,-3.881655,-4.031107,-4.114271,-4.02094,1.0,90.066658,86.4359748,1.4989885894325348,83.43799762113493,89.43395197886507,87.02565738958461,0.4854805683783354,0.005709596481466405
2014-10-27,0.152923,0.917527,-0.265057,-0.274507,-0.274498,-0.846159,-2.720969,-3.316001,-3.538078,-3.708839,-3.623884,0.0,89.819427,86.64154575,1.666464802979707,83.3086161440406,89.97447535595941,87.29173068581466,0.6396001401225391,-0.0027487524192399736
2014-10-28,-0.70614,0.0,-1.382019,1.060252,1.060248,-1.158072,-3.157465,-3.919429,-4.28528,-4.534246,-4.500487,1.0,90.771736,86.88191285,1.8947212543947851,83.09247034121043,90.67135535878958,87.62315976335611,0.8290278713737251,0.010546671403575082
2014-10-29,0.405682,0.8925,-1.095336,-0.53465,-0.534661,-0.206888,-1.949277,-3.181191,-3.55222,-3.841774,-3.875244,-1.0,90.286415,87.07924295000001,2.0355703103593834,83.00810232928124,91.15038357071877,87.87680311922696,0.9292772349309502,-0.005360953479924195
2014-10-30,-0.930839,0.260228,-2.402164,1.328607,1.328627,-1.092999,-2.580333,-4.028971,-4.509572,-4.831563,-4.95781,1.0,91.485985,87.3603587,2.2371106821596034,82.8861373356808,91.83458006431921,88.22053472691964,1.092922323359744,0.013198785013561577
2014-10-31,0.289364,0.289364,-1.347035,0.310276,0.31026,-1.027735,-2.285964,-3.887442,-4.506082,-4.855314,-5.082814,0.0,91.769829,87.6346053,2.4265115352855458,82.7815822294289,92.4876283705711,88.55856275292729,1.231322158187325,0.003097792324210278
2014-11-03,-0.486061,0.228155,-1.150676,0.588702,0.588703,-1.06735,-2.294409,-3.919578,-4.71034,-5.126073,-5.433649,1.0,92.310081,87.9619624,2.5964032941433253,82.76915581171335,93.15476898828666,88.91585020502944,1.3688199415059472,0.005869772004589667
2014-11-04,-0.009907,0.643821,-0.584386,0.148796,0.148803,-0.851825,-1.900755,-3.559166,-4.458697,-4.986531,-5.362522,0.0,92.447441,88.3254893,2.6931181059565015,82.939253088087,93.711725511913,89.25219218550282,1.4719045302426963,0.0014869221433686005
2014-11-05,-2.965294,0.276507,-3.194125,3.882724,3.882723,-3.360029,-4.771167,-6.333585,-7.573892,-8.133866,-8.559623,1.0,96.036919,88.76318655,3.181794840504328,82.39959686899134,95.12677623100866,89.89835664402636,1.8222350937231226,0.03809241283218531
2014-11-06,0.548341,1.135161,-1.154398,-0.886728,-0.886735,-1.718129,-3.327555,-4.81705,-6.248668,-6.920242,-7.394894,-1.0,95.185326,89.2375106,3.4005152057496697,82.43648018850065,96.03854101149933,90.40187753507148,2.008011049797844,-0.008906899194018146
2014-11-07,-0.840261,0.028644,-1.441805,0.750367,0.750369,-1.58885,-3.439321,-4.858842,-6.416976,-7.212451,-7.725262,1.0,95.899567,89.74571449999999,3.6030687632143477,82.5395769735713,96.95185202642868,90.92546700792181,2.187655185756128,0.007475675498008818
2014-11-10,-1.12679,0.0,-1.675982,0.840254,0.840247,-1.499852,-3.531856,-4.99005,-6.589803,-7.53299,-8.11507,1.0,96.70536,90.33266705000001,3.7371792653774554,82.8583085192451,97.80702558075492,91.47593300716736,2.3677512559712426,0.008367363326184374
2014-11-11,0.67748,1.087785,-0.171756,-0.766971,-0.766968,-0.005726,-2.245228,-3.665392,-5.321084,-6.368699,-7.057567,-1.0,95.963661,90.85735425,3.755133258754358,83.34708773249129,98.36762076750871,91.90333567315142,2.422702373593097,-0.007699241528669047
2014-11-12,-0.058199,0.940927,-0.940919,-1.631686,-1.631686,1.30566,-0.188177,-1.643216,-3.203986,-4.514103,-5.231341,-1.0,94.397835,91.37334165000001,3.472987259467746,84.42736713106453,98.3193161689355,92.14090703761319,2.313236903084942,-0.01645144999037262
2014-11-13,0.801798,1.525379,-0.361783,-0.795421,-0.795423,1.789386,0.842874,-0.563206,-1.992753,-3.409004,-4.194441,-1.0,93.646973,91.7808204,3.215857720469604,85.34910495906078,98.21253584093921,92.28434189117385,2.141213860343967,-0.00798603267601969
2014-11-14,0.098183,0.51056,-0.206185,-0.410677,-0.410681,1.643599,1.418762,0.075285,-1.2155,-2.687861,-3.549979,0.0,93.262383,92.1287792,2.958149753652782,86.21247969269443,98.04507870730556,92.37748866344302,1.9513571304432702,-0.004115262617082414
2014-11-17,-1.453348,0.203468,-1.52117,1.335298,1.335306,-0.16084,0.314892,-0.9127,-2.125759,-3.566316,-4.512478,1.0,94.507721,92.49871445000001,2.752861181958495,86.99299208608302,98.004436813917,92.5803679335913,1.8797144944191473,0.013264691592511568
2014-11-18,0.009679,0.435461,-0.609635,0.125954,0.125959,-0.569001,0.419003,-0.765757,-1.870523,-3.300559,-4.29972,0.0,94.626762,92.8567463,2.519654766933299,87.8174367661334,97.8960558338666,92.77526260658261,1.8116591243783944,0.0012587975902742421
2014-11-19,-0.163917,0.19285,-0.838881,0.358044,0.358053,-0.804179,-0.052082,-0.79132,-1.874468,-3.186972,-4.371492,0.0,94.965576,93.18547670000001,2.3279452890481815,88.52958612190365,97.84136727809637,92.98386388214618,1.7647215994247603,0.0035741355822089703
2014-11-20,-0.164951,0.329909,-0.368715,-0.626749,-0.626761,-0.025227,0.491946,0.038166,-1.000386,-2.200267,-3.462056,-1.0,94.370369,93.4263012,2.1767043560486075,89.07289248790278,97.77970991209722,93.11591198860845,1.6603554975445576,-0.006287331871786475
2014-11-21,0.26027,0.26027,-0.954307,0.65981,0.659802,-0.316166,-0.262188,-0.391355,-1.390005,-2.475408,-3.769991,1.0,94.993027,93.67261965,2.0516587248787252,89.56930220024255,97.77593709975746,93.29468484683622,1.6093364775809391,0.006576352740097315
2014-11-24,0.658788,0.920361,-0.048443,-0.50125,-0.501233,0.187939,0.008706,0.266086,-0.644751,-1.670616,-2.948404,-1.0,94.516891,93.90749285000001,1.845893865012143,90.21570511997572,97.5992805800243,93.41108543285182,1.5130419351298912,-0.005024929638414084
2014-11-25,-0.320857,0.204181,-1.011181,-0.358461,0.346346,-0.111999,-0.454501,0.088491,-0.772981,-1.698832,-2.953914,0.0,94.844246,94.11111835,1.7006875949018367,90.70974316019633,97.51249353980367,93.54757691543736,1.4464686390770112,0.003457471066018963
2014-11-26,-0.116274,0.174419,-0.552326,0.3403,0.340306,-0.408439,-0.711288,-0.311901,-0.853089,-1.747417,-2.894645,0.0,95.167007,94.35514794999999,1.4554790100600103,91.44418992987997,97.26610597012001,93.70180835206237,1.40357341693786,0.0033972862694634553
2014-11-28,-1.034583,0.708878,-1.034583,1.153103,1.153112,-1.150246,-1.571248,-1.373583,-1.735139,-2.588627,-3.628787,1.0,96.264389,94.59406815,1.3479304202675488,91.8982073094649,97.2899289905351,93.94586365186596,1.4415113549548835,0.011465141494663449
2014-12-01,-0.925486,0.772832,-1.335745,0.402336,0.402328,-1.203128,-1.614995,-1.716917,-1.876353,-2.706444,-3.658063,0.0,96.651688,94.83816110000001,1.2478878417401786,92.34238541651965,97.33393678348037,94.2035612088311,1.4857029775613313,0.00401521248365262
2014-12-02,-0.627917,0.352014,-1.160691,0.286235,0.286225,-0.987531,-1.646062,-1.982088,-1.918176,-2.69076,-3.595347,0.0,96.928329,95.0690735,1.1809554422361013,92.70716261552779,97.43098438447221,94.46306290322813,1.5254631835628345,0.0028581585290898687
2014-12-03,0.38318,0.919627,-0.335279,-0.684999,-0.68498,-0.009587,-0.797593,-1.285228,-1.043447,-1.791381,-2.625783,-1.0,96.264389,95.2599209,1.0343018736820562,93.19131715263589,97.3285246473641,94.63461776958736,1.4862662716430606,-0.006873371012742608
2014-12-04,-0.811669,0.589429,-0.879308,-0.862153,-0.862171,0.916042,0.114268,-0.354324,-0.214418,-0.721519,-1.532936,-1.0,95.434425,95.2297962,1.019143154932086,93.19150989013582,97.26808250986417,94.71078988676952,1.3724109785817973,-0.008659095677878774
2014-12-05,-0.281746,0.631499,-0.709223,-0.541113,-0.541108,1.181386,0.716639,0.277074,0.314386,-0.036762,-0.808846,-1.0,94.918022,95.216431,1.0215070295332354,93.17341694093354,97.25944505906646,94.73052627850575,1.2263735611852695,-0.005425769670972856
2014-12-08,-0.819907,0.607702,-0.819907,0.718933,0.718932,0.239223,0.061257,-0.275662,-0.417304,-0.590024,-1.323925,1.0,95.600418,95.20147355,1.013133553096621,93.17520644380676,97.22774065619325,94.81337310912424,1.1524171622428838,0.007163599683225106
2014-12-09,-1.013478,0.086054,-1.128207,0.887429,0.887432,-0.741943,-0.618603,-1.018693,-1.30656,-1.292816,-1.96279,1.0,96.448807,95.1886459,0.9945437367191478,93.19955842656171,97.17773337343829,94.96912871777909,1.1490189105103212,0.008835177739343912
2014-12-10,1.754731,2.513797,-0.197165,-3.011755,-3.01177,1.758682,2.328483,1.977801,1.628829,1.819221,1.18034,-1.0,93.543991,95.06766239999999,1.0413738099796723,92.98491478004064,97.15041001995934,94.83340131608584,0.9015390162980736,-0.03058055254547366
2014-12-11,-0.712337,0.683057,-0.946527,1.025238,1.025259,0.528872,1.219741,0.910247,0.603012,0.720982,0.302237,1.0,94.503059,95.0729236,1.0380721879145414,92.99677922417091,97.14906797582908,94.8019401431253,0.773877412384806,0.0102003867195541
2014-12-12,0.98205,2.122804,-0.03968,-1.629591,-1.629594,1.77363,2.541412,2.480992,2.232806,2.293895,2.016796,-1.0,92.963043,95.0387271,1.0971051981292728,92.84451670374146,97.23293749625854,94.62680708187527,0.5421882422261319,-0.016430177268853083
2014-12-15,1.182191,1.281535,-1.082857,-0.148789,-0.148799,1.327241,2.281941,2.477982,2.361579,2.313833,2.206703,0.0,92.824715,95.01684370000001,1.138004487386252,92.7408347252275,97.29285267477252,94.45517926455382,0.3434518924753007,-0.0014890973124378885
2014-12-16,-0.207755,1.414721,-0.999211,0.417244,0.417244,0.211716,1.458254,1.958848,1.866752,1.738798,1.814277,0.0,93.212021,94.95205870000001,1.203509499299839,92.54503970140033,97.35907769859969,94.33678323935823,0.21472899859674044,0.004163764296079848
2014-12-17,-1.745542,0.193946,-2.191623,2.018204,2.018205,-1.444916,-0.672033,-0.040727,-0.12393,-0.310494,-0.10715,1.0,95.093231,94.97538215,1.2013917191072998,92.5725987117854,97.3781655882146,94.40882588322887,0.2614987085369478,0.019981095249468186
2014-12-18,-1.337123,0.01897,-2.133713,2.259498,2.259505,-3.05927,-2.680892,-2.107159,-2.213728,-2.396224,-2.273058,1.0,97.241867,95.0891967,1.3038663471004295,92.48146400579914,97.69692939420086,94.67863932292137,0.46656276380591066,0.022343559870920664
2014-12-19,-0.179468,0.528948,-1.020121,0.398299,0.3983,-2.487963,-2.789276,-2.402323,-2.434768,-2.620281,-2.577319,0.0,97.629181,95.25213729999999,1.4087152745509588,92.43470675089807,98.0695678491019,94.95964329216696,0.6528053739020407,0.003975085206144416
2014-12-22,-0.075515,0.273741,-0.651314,0.066118,0.066104,-1.555591,-2.639223,-2.395688,-2.360997,-2.503173,-2.580461,0.0,97.693718,95.38717185,1.5084775759106848,92.37021669817864,98.40412700182137,95.22003135957962,0.7964308219955711,0.0006608237198910675
2014-12-23,0.037623,0.442063,-0.498494,0.358692,0.35869,-0.921737,-2.824483,-2.668663,-2.530087,-2.707356,-2.88313,0.0,98.044136,95.5635341,1.6045098319471842,92.35451443610563,98.77255376389436,95.48899370628632,0.9278353203936831,0.003580486525204725
2014-12-24,-1.361364,0.546395,-1.518806,1.561327,1.561338,-1.544735,-3.712727,-3.943326,-3.790981,-4.004298,-4.255252,1.0,99.574936,95.8000686,1.8262642723128915,92.14754005537422,99.45259714462578,95.87813106759239,1.1423290405586641,0.015492741703315719
2014-12-26,-0.924149,0.366,-1.171195,1.213186,1.21318,-2.02214,-4.243751,-4.740899,-4.665563,-4.924051,-5.191701,1.0,100.782959,96.0808662,2.1302466691850395,91.82037286162992,100.34135953837009,96.3452575373455,1.3937281883738706,0.012058797469857144
2014-12-29,-1.257918,0.307689,-1.303169,1.107145,1.107153,-2.257019,-4.415388,-5.327303,-5.433034,-5.669636,-5.959945,1.0,101.898781,96.3625858,2.496821135820923,91.36894352835816,101.35622807164185,96.87416453378879,1.6638218319513243,0.011010693642838387
2014-12-30,2.420477,2.420477,-0.19475,-2.416288,-2.416286,0.513765,-1.383666,-2.725902,-2.951411,-3.155156,-3.42443,-1.0,99.436615,96.50183215,2.5897214280385676,91.32238929392287,101.68127500607713,97.1182074353327,1.6600606258430304,-0.024459571453041312
2014-12-31,1.46768,2.050993,-0.103491,-1.428175,-1.428189,1.964446,0.535336,-1.209889,-1.489783,-1.609173,-1.905839,-1.0,98.016472,96.55623929999999,2.6105002139610747,91.33523887207784,101.77723972792214,97.20375644149149,1.5249079814465887,-0.014384859816456392
2015-01-02,-0.056242,0.412405,-1.227861,0.37633,0.376338,1.340331,0.493017,-1.252226,-1.751336,-1.834098,-2.146278,0.0,98.385345,96.6622871,2.640923326585754,91.38044044682849,101.94413375317151,97.31628868515897,1.4310670551366087,0.0037563138606789385
2015-01-05,0.966279,1.146267,-0.350508,-1.059147,-1.059155,1.718464,1.579206,-0.000621,-0.601543,-0.693811,-1.017341,-1.0,97.343292,96.75773045000001,2.6286776543310975,91.50037514133781,102.01508575866221,97.31886042942953,1.2581097703622675,-0.010648036604933186
2015-01-06,-0.047186,1.83071,-0.198168,0.388408,0.388433,0.469929,1.195604,-0.062927,-0.842707,-1.018417,-1.286028,0.0,97.721405,96.8978996,2.600001737269604,91.6978961254608,102.0979030745392,97.3571980075791,1.1384273532842144,0.0038768006655073304
2015-01-07,0.607812,0.953803,-0.813542,0.915354,0.91535,-0.607829,0.371224,-0.577906,-1.589221,-1.836556,-2.058953,1.0,98.615898,97.0486736,2.60822157257067,91.83223045485866,102.26511674514134,97.47707419733348,1.1030411136557348,0.009111861833422132
2015-01-08,0.260254,0.594857,-0.260245,0.607812,0.607801,-0.966626,-0.117106,-0.775161,-2.044331,-2.337387,-2.492792,1.0,99.215286,97.18699755,2.64779227512482,91.89141299975036,102.48258210024964,97.64261817853982,1.1105610100874799,0.006059609227930679
2015-01-09,1.022134,1.294072,-0.253185,-0.882979,-0.882982,-0.093767,0.647041,0.328836,-0.927883,-1.382967,-1.505684,-1.0,98.339233,97.42675965,2.5142929028903094,92.39817384421937,102.45534545578062,97.70896244725031,1.033912131108508,-0.008869032679540631
2015-01-12,0.122212,0.921308,-0.686287,-0.253185,-0.25319,0.312127,0.628003,0.641164,-0.493555,-1.024343,-1.156334,0.0,98.090248,97.6061191,2.4209665564621425,92.76418598707572,102.44805221292428,97.74527535703601,0.9422150648872787,-0.002535109618781136
2015-01-13,0.468209,1.563815,-0.561849,0.394846,0.394839,0.071179,-0.115166,0.302788,-0.604912,-1.269019,-1.470161,0.0,98.477547,97.8818443,2.164805150814415,93.55223399837116,102.21145460162883,97.81501551350877,0.8905307871938675,0.003940620091714264
2015-01-14,-1.544901,0.139601,-1.814795,0.618032,0.618044,-0.448582,-0.764073,-0.219633,-0.899484,-1.734756,-1.99348,1.0,99.086182,98.19491765000001,1.820306792649846,94.55430406470032,101.8355312352997,97.9360789884127,0.8884409880073605,0.0061614237446747135
2015-01-15,0.457771,0.738043,-0.85949,-0.381569,-0.38157,-0.170034,-0.313901,0.2074,-0.241497,-1.266815,-1.557983,0.0,98.708099,98.46972155,1.3932274528529063,95.68326664429419,101.25617645570581,98.00960470380197,0.8465185300919273,-0.0038229968892081155
2015-01-16,-1.007211,0.092403,-1.22898,1.102392,1.102392,-0.966553,-1.259471,-0.870448,-1.093605,-2.092772,-2.513397,1.0,99.796249,98.70487245000001,1.1727978175965106,96.35927681480699,101.05046808519303,98.17976130343988,0.8908303533195294,0.010963597630182799
2015-01-20,-0.293766,0.14688,-1.294412,0.65607,0.656062,-1.142014,-1.593675,-1.538594,-1.578527,-2.494069,-2.982333,1.0,100.450974,98.86532780000002,1.1815958652676166,96.50213606946478,101.22851953053525,98.39606727454084,0.9676244558104514,0.0065391901395478996
2015-01-21,-1.446898,0.327601,-1.929204,0.881299,0.881317,-1.44145,-2.096651,-2.435777,-2.255445,-3.015386,-3.618777,1.0,101.336266,99.05068205,1.2652763314732112,96.52012938705359,101.58123471294643,98.67608620077505,1.0873853001459537,0.008774565528523725
2015-01-22,0.666359,1.068004,-0.949339,-0.309397,-0.309411,-0.752166,-1.554541,-2.028295,-1.787309,-2.389773,-3.140723,0.0,101.02272,99.21713215000001,1.2959659927350007,96.62520016453001,101.80906413547001,98.89957513403456,1.1438109496948954,-0.0030989110700689656
2015-01-23,0.365358,0.675921,-0.127884,-0.063898,-0.063884,-0.242976,-1.318975,-1.771414,-1.580207,-2.02047,-2.929921,0.0,100.958183,99.36283449999999,1.3207211712315696,96.72139215753685,102.00427684246313,99.09563302603127,1.1698359463535297,-0.0006390406344134939
2015-01-26,-0.400913,0.027334,-1.02961,0.246618,0.246623,-0.209577,-1.278373,-1.827195,-1.741698,-2.019875,-2.916336,0.0,101.207169,99.44444615,1.3834578589804307,96.67753043203915,102.21136186796086,99.29673169021876,1.19675656827863,0.0024631928609584
2015-01-27,-1.213809,0.260745,-2.328721,1.339409,1.339399,-1.116704,-2.1471,-2.785473,-2.953609,-3.107358,-3.937544,1.0,102.562737,99.53343505000001,1.5241718716634904,96.48509130667303,102.58177879332699,99.60777981495983,1.3123464507751805,0.01330508536846083
2015-01-28,1.237264,2.474528,-0.145557,-1.168857,-1.16886,0.05823,-0.705055,-1.396165,-1.83224,-1.814045,-2.525168,-1.0,101.363922,99.5066921,1.4846657482494796,96.53736060350104,102.47602359649895,99.77503145163033,1.2923208436055091,-0.011757450604647826
2015-01-29,-1.325456,0.053732,-1.73742,1.582975,1.582985,-1.123058,-1.875347,-2.650918,-3.190502,-3.139185,-3.715757,1.0,102.968498,99.68328625000001,1.6738844629298897,96.33551732414023,103.03105517585979,100.07917112290363,1.3899043269500169,0.015705867760327043
2015-01-30,2.032224,2.077997,-0.073228,-2.167299,-2.1673,1.023434,0.499813,-0.393636,-0.910845,-0.886495,-1.333767,-1.0,100.736862,99.81930575,1.6415272211684449,96.53625130766311,103.10236019233689,100.14180834929375,1.2724970124541102,-0.021911306450822288
2015-02-02,-0.490598,0.109023,-1.862454,0.759797,0.759797,0.319793,-0.089948,-0.936988,-1.504505,-1.557926,-1.867305,1.0,101.502258,99.97515139999999,1.6461749643158126,96.68280147136836,103.26750132863161,100.27137498269434,1.227067065057554,0.007569254201212661
2015-02-03,-0.199565,0.208638,-0.979675,0.154445,0.154434,-0.012691,-0.125173,-0.855704,-1.444117,-1.675249,-1.873786,0.0,101.659012,100.1909374,1.5638242415815842,97.06328891683683,103.31858588316317,100.4035308891044,1.1899947237633057,0.0015431487616378273
2015-02-04,0.493422,1.087349,-0.274126,-0.725686,-0.725685,0.630487,0.563783,0.030459,-0.56515,-0.995248,-1.047759,-1.0,100.921288,100.35093155,1.4579769342661721,97.43497768146766,103.26688541853234,100.45284109014207,1.0885384709115442,-0.007283307025812103
2015-02-05,0.100265,0.346365,-0.802112,0.246708,0.246712,0.027346,0.330875,-0.078388,-0.683622,-1.17036,-1.17674,0.0,101.170273,100.4786503,1.409049240599046,97.6605518188019,103.29674878119809,100.52116793869997,1.0165070081825291,0.002464082366904892
2015-02-06,3.298675,3.402645,-0.699438,-3.563938,-3.563944,3.073726,3.690931,3.536235,2.902175,2.463518,2.459044,-1.0,97.564621,100.39611705,1.530088028872081,97.33594099225584,103.45629310774416,100.23959203977617,0.6608576170622769,-0.03629003069288973
2015-02-09,1.090707,1.760433,-0.325294,-1.209836,-1.209838,3.274022,4.460402,4.568196,4.060955,3.635295,3.603467,-1.0,96.384247,100.29836775,1.7191712957087408,96.86002515858252,103.73671034141748,99.87241632170225,0.28052290188759343,-0.012172162549563591
2015-02-10,-2.809978,0.19475,-3.041824,3.166863,3.166874,-0.343139,0.939437,1.290299,0.934335,0.538249,0.378058,1.0,99.436615,100.36568609999999,1.6532525948095596,97.05918091038087,103.67219128961911,99.83091143392107,0.22283676433603716,0.031177630595453653
2015-02-11,2.017896,2.075005,-0.199886,-2.568862,-2.568871,1.450604,3.138215,3.654428,3.513238,3.154394,2.852027,-1.0,96.882217,100.2859196,1.7825746093768806,96.72077038124624,103.85106881875376,99.55008339259525,-0.028668018809327123,-0.026024423032362198
2015-02-12,-0.275292,0.028486,-1.423961,0.266512,0.266511,0.351249,2.264106,3.112473,3.137945,2.81945,2.499851,0.0,97.140419,100.18863144999999,1.9006837627693522,96.38726392446128,103.9899989755387,99.32059154568142,-0.20479191422167276,0.0026615673072696946
2015-02-13,1.196678,1.206331,-0.521136,-1.632801,-1.632796,1.596211,3.41922,4.447017,4.684904,4.372897,4.115354,-1.0,95.554314,100.0309422,2.145092078205343,95.74075804358931,104.32112635641069,98.96189844609272,-0.466973804767278,-0.016462731466785698
2015-02-17,0.077356,1.305356,-0.696191,-0.193018,-0.193014,1.579962,2.97621,4.240958,4.655288,4.450201,4.211305,0.0,95.369881,99.8096238,2.3854576343914857,95.03870853121703,104.58053906878297,98.61980154646483,-0.6817779320634969,-0.001932002985461567
2015-02-18,-2.817166,0.046956,-2.8829,2.968478,2.968475,-1.600152,-0.344634,0.939683,1.52362,1.443517,1.236111,1.0,98.200912,99.6971207,2.4065835033166754,94.88395369336665,104.51028770663335,98.57990730394437,-0.6164649841381475,0.029252686668130957
2015-02-19,1.441712,1.441712,-0.3794,-0.995397,-0.995401,-0.540641,0.276963,1.670623,2.332832,2.411841,2.236875,-1.0,97.223419,99.49147835000001,2.4347037674998835,94.62207081500024,104.36088588499977,98.45071794166395,-0.6362452786793966,-0.010003883826420538
2015-02-20,-0.331438,0.34091,-1.249999,0.161243,0.161254,-0.65152,-0.273682,1.124362,1.981056,2.176888,2.02998,0.0,97.380196,99.30935215,2.450319843679736,94.40871246264052,104.20999183735947,98.34876347102929,-0.6319855746455687,0.001611244826233122
2015-02-23,-0.235871,0.217004,-0.660437,0.369318,0.369317,-0.569869,-0.622706,0.547845,1.44117,1.761294,1.604234,0.0,97.739838,99.1484349,2.442002237794471,94.26443042441106,104.03243937558894,98.29077056902649,-0.5927566945661198,0.003686370895921626
2015-02-24,-0.339367,0.914405,-0.584467,0.084917,0.084919,-0.152722,-0.559964,0.211779,1.182117,1.594259,1.500429,0.0,97.822838,98.97921835,2.4088680448160305,94.16148226036793,103.79695443963206,98.24620556245254,-0.5486456723435822,0.0008488327801729299
2015-02-25,1.387553,1.618809,-0.289069,-2.168178,-1.452865,0.946016,0.591235,1.325609,2.354274,2.924026,2.938445,-1.0,96.401604,98.6711617,2.31874253262665,94.0336766347467,103.3086467652533,98.07052922317136,-0.6212081743362461,-0.014635226680022035
2015-02-26,0.570156,0.918049,-0.260924,-0.289069,-0.289057,1.009683,0.803855,1.286555,2.378376,3.005455,3.155206,0.0,96.122948,98.409113,2.294430514411663,93.82025197117667,102.99797402882334,97.88504529715505,-0.6932088106628669,-0.0028947600884307776
2015-02-27,0.328633,0.560605,-0.492946,-0.019331,-0.019336,0.763707,0.715544,0.954726,2.041056,2.820666,3.071733,0.0,96.104362,98.0659062,2.079877068308763,93.90615206338248,102.22566033661752,97.71545641171171,-0.7432023939881276,-0.00019337522912756992
2015-03-02,1.890878,1.890878,-0.817414,-1.855788,-1.855795,1.944067,2.489188,2.634394,3.630421,4.483409,4.865655,-1.0,94.320862,97.74510620000001,2.140154718222339,93.46479676355533,102.02541563644469,97.39216170583441,-0.916175117174717,-0.018732309876377085
2015-03-03,-0.686682,0.215815,-1.34393,0.393934,0.393939,0.882871,2.015485,2.112553,2.864205,3.798228,4.274506,0.0,94.692429,97.40461475000001,2.050788577844772,93.30303759431047,101.50619190568955,97.13504430527875,-1.0116136425525326,0.00393165450610806
2015-03-04,0.226851,0.680543,-0.305747,-0.539536,-0.539531,0.958673,2.142107,2.294488,3.025229,4.005329,4.618259,-1.0,94.181534,97.03074085,1.9112087898217034,93.2083232703566,100.8531584296434,96.85375760953792,-1.1156142120929502,-0.005409917152407059
2015-03-05,-0.293738,0.812692,-0.499358,0.729853,0.729844,-0.037201,1.153845,1.411828,1.959767,2.977901,3.633004,1.0,94.868912,96.72812205,1.7336794734351089,93.26076310312978,100.19548099687022,96.66472469434383,-1.1295490148714293,0.0072719323719590955
2015-03-06,2.168185,2.168185,-0.476184,-3.358465,-3.358476,2.472153,4.047704,4.539231,4.985653,6.064197,6.894872,-1.0,91.682762,96.2537465,1.7521348713166152,92.74947675736678,99.75801624263323,96.19025205678729,-1.381760053915869,-0.03416168597426193
2015-03-09,-0.151623,0.616599,-0.353783,0.233032,0.233044,1.706257,3.169921,4.030812,4.433158,5.432795,6.317645,0.0,91.896423,95.97033660000001,1.9733888596834586,92.02355888063309,99.91711431936693,95.78131595614089,-1.5465705596752741,0.0023277268223355694
2015-03-10,-0.520456,1.592004,-0.520456,-0.950169,-0.950174,1.875706,3.412602,4.710414,5.140489,5.983702,6.964596,-1.0,91.023247,95.70228660000001,2.257809440004948,91.18666771999011,100.2179054800099,95.32816653174652,-1.7277259296044463,-0.009547170431451892
2015-03-11,0.612369,1.09206,-0.46949,-0.0102,-0.010193,1.19003,2.831187,4.194653,4.688495,5.526664,6.552533,0.0,91.013969,95.2811543,2.3095275310569745,90.66209923788605,99.90020936211394,94.9172905763421,-1.850707715963722,-0.00010193519997607951
2015-03-12,-1.730997,0.74612,-1.830479,2.59236,2.592365,-1.687233,-0.061682,1.286916,1.855271,2.536811,3.574846,1.0,93.373383,95.10571259999999,2.3147697927972692,90.47617301440545,99.73525218559453,94.77025175954762,-1.737754919339622,0.025593325803366734
2015-03-13,-0.248484,0.357817,-1.103271,0.089538,0.089528,-1.395485,-0.434348,0.916459,1.567098,2.114962,3.142954,0.0,93.456978,94.92154055,2.2907701927782007,90.34000016444361,99.5030809355564,94.64517806816212,-1.622787116635962,0.0008948760269064677
2015-03-16,-1.204232,0.961443,-1.320773,2.345691,2.345694,-2.870739,-2.57745,-1.542195,-0.755792,-0.305547,0.601684,1.0,95.649193,94.9262845,2.2922473366366036,90.34178982672678,99.5107791732732,94.74079853786097,-1.339341777006183,0.02318605677987192
2015-03-17,-0.271107,0.697135,-0.551898,0.301057,0.301063,-2.13788,-2.740128,-1.96876,-1.024117,-0.623429,0.106359,0.0,95.937157,94.9546483,2.3015161415612138,90.35161601687757,99.55768058312243,94.85473743901706,-1.0790345761337932,0.003006103690087479
2015-03-18,-3.405051,0.458369,-3.657628,3.505038,3.505029,-3.782972,-5.518241,-5.093854,-4.320443,-3.994167,-3.362775,1.0,99.299782,95.0095918,2.3943369321068078,90.22091793578637,99.79826566421362,95.27807501625352,-0.5945499079160044,0.034450013150318634
2015-03-19,0.967005,1.886612,-0.502471,-1.328343,-1.32834,-1.547215,-3.92871,-3.6898,-2.993736,-2.656868,-2.161861,-1.0,97.980743,95.04745799999999,2.4368030085200485,90.17385198295989,99.9210640170401,95.53547196708652,-0.3134148897064506,-0.013372416319226576
2015-03-20,-0.018867,0.849138,-1.103876,0.483499,0.483488,-1.005743,-3.703167,-3.994075,-3.405936,-3.071858,-2.724568,0.0,98.454468,95.1011716,2.5018994541124093,90.09737269177518,100.10497050822482,95.81347158926876,-0.05179070290743937,0.00482322813679214
2015-03-23,-0.633628,0.416117,-0.633628,-0.235871,-0.235869,-0.24777,-2.831464,-3.502291,-3.153005,-2.734045,-2.472265,0.0,98.222244,95.12529190000001,2.5308352425048013,90.06362141499041,100.18696238500961,96.04287848552887,0.13525072780869607,-0.0023614804778530805
2015-03-24,0.476917,1.449833,-0.085841,-0.851146,-0.851137,0.906141,-1.34395,-2.489506,-2.344044,-1.816253,-1.600748,-1.0,97.386238,95.1034619,2.5081236937186255,90.08721451256275,100.11970928743725,96.17081748690708,0.21356190312408785,-0.008547799989749904
2015-03-25,1.37304,1.75015,0.0,-1.354443,-1.35444,1.618636,0.536644,-1.019793,-1.020596,-0.556996,-0.366602,-1.0,96.0672,95.08674169999999,2.5001161205526867,90.08650945889461,100.08697394110537,96.16094915482068,0.16726065411906177,-0.013636960448997074
2015-03-26,0.087614,1.03193,-0.408877,-0.676849,-0.676857,1.773752,1.435944,-0.306981,-0.383076,0.044949,0.261182,-1.0,95.416962,95.0514424,2.489677984329697,90.07208643134061,100.03079836865939,96.09009323531396,0.07720780485165335,-0.006791585190053434
2015-03-27,-0.560172,0.473245,-0.772651,0.798287,0.798289,0.494493,0.915588,-0.784881,-1.168146,-0.797345,-0.566185,1.0,96.178665,95.05515755,2.491386719189893,90.07238411162022,100.03793098837978,96.09852864147453,0.06653634967233302,0.007951194136550304
2015-03-30,-0.391442,0.305518,-0.916554,1.158969,1.158973,-0.847814,-0.071607,-1.551779,-2.147699,-1.952261,-1.645813,1.0,97.29335,95.20378194999999,2.533581604115526,90.13661874176894,100.27094515823104,96.2123211518103,0.1463380147065152,0.01152308600396383
2015-03-31,0.384425,0.903407,-0.634314,-0.658769,-0.658776,-0.342142,0.665064,-0.51065,-1.397404,-1.350502,-0.949351,-1.0,96.652405,95.30178075,2.5506101515130597,90.20056044697388,100.40300105302613,96.25423389925695,0.15606350138905611,-0.006609552587201274
2015-04-01,-0.782741,0.381827,-1.81367,0.682363,0.682373,-0.761748,-0.221467,-0.753475,-1.904837,-1.981678,-1.651117,1.0,97.311935,95.45830079999999,2.574187941058153,90.30992491788368,100.6066766821163,96.35496733742295,0.21451676301909117,0.006800554594741814
2015-04-02,-0.124102,0.496417,-0.458237,-0.009548,-0.009549,-0.36468,-0.281629,-0.474785,-1.77041,-1.923821,-1.639011,0.0,97.302643,95.57998735,2.602230765951358,90.37552581809729,100.7844488819027,96.44522216243028,0.2571276003301506,-9.549130494283295e-05
2015-04-06,-0.303203,1.03278,-0.388482,0.754178,0.754176,-0.731477,-1.070687,-0.908348,-2.18164,-2.579119,-2.352959,1.0,98.036476,95.89767305000001,2.486680107727838,90.92431283454434,100.87103326545568,96.59677014696072,0.34612131502878185,0.007513461266280238
2015-04-07,1.073931,1.409532,-0.095886,-1.184385,-1.184389,0.372042,-0.02397,0.36373,-0.752229,-1.305973,-1.212322,-1.0,96.875343,96.14661905,2.307816643672275,91.53098576265545,100.76225233734455,96.62330089486922,0.3192753386242515,-0.011914585189044037
2015-04-08,-0.076895,0.288346,-0.720877,-0.239716,-0.239706,0.611298,0.139362,0.653585,-0.223,-0.98809,-1.015643,0.0,96.643127,96.42761305,1.9683383584875467,92.4909363330249,100.3642897669751,96.62518909535785,0.27607934755376107,-0.0023999374473956435
2015-04-09,-0.124993,0.086526,-1.028747,-0.028834,-0.028845,0.49611,0.224981,0.497389,0.095665,-0.858763,-0.979711,0.0,96.61525,96.7076771,1.50038083339621,93.70691543320758,99.70843876679241,96.62424251484758,0.2368663249480818,-0.00028849461147392925
2015-04-10,-0.610105,0.247857,-0.934227,0.855687,0.855684,-0.327926,-0.417535,-0.392116,-0.544801,-1.594276,-1.774701,1.0,97.441971,96.91110649999999,1.2848450701159908,94.341416359768,99.48079664023197,96.70212141819543,0.2693937935624433,0.008520435335984618
2015-04-13,0.693977,1.021685,-0.106025,-1.096284,-1.096288,0.431816,0.706517,0.568042,0.708925,-0.308809,-0.676616,-1.0,96.373726,97.0569439,1.0078145556316733,95.04131478873664,99.07257301126334,96.67084566408158,0.20659213742197835,-0.011023418989249552
2015-04-14,-0.201226,0.412035,-0.431197,0.587953,0.587971,-0.141825,0.081441,-0.107968,0.186844,-0.683413,-1.167123,1.0,96.940376,97.12150305,0.9527406780939429,95.21602169381211,99.02698440618789,96.69651521988334,0.2002370833242253,0.005862496497286204
2015-04-15,0.431942,1.391819,-0.028794,-0.172481,-0.172491,0.057593,0.266849,0.022399,0.403149,-0.274139,-0.92468,0.0,96.773163,97.16330335,0.915662001444129,95.33197934711175,98.99462735288826,96.70381500846587,0.17963721947755573,-0.001726394989156549
2015-04-16,0.048184,0.626448,-0.790285,-0.403146,-0.403146,0.414416,0.57633,0.449113,0.658248,0.352351,-0.447508,0.0,96.383026,97.01746555000001,0.779649704058295,95.45816614188342,98.5767649581166,96.67326367432626,0.13032853732443073,-0.004039606833772313
2015-04-17,0.116331,1.05671,-0.387787,-0.587895,-0.587899,0.668931,1.015999,1.070936,1.140574,1.047797,0.174183,-1.0,95.816391,96.90924795,0.7890592403118859,95.33112946937622,98.48736643062377,96.59165675296187,0.04500950102413981,-0.005896340899666352
2015-04-20,-1.10048,0.775118,-1.330143,1.308772,1.308782,-0.488042,-0.388522,-0.173529,-0.237326,-0.108714,-0.934934,1.0,97.070419,96.8400455,0.7023332067370743,95.43537908652586,98.24471191347415,96.63725315744169,0.07768759507918332,0.013002917812506952
2015-04-21,1.063828,1.721468,-0.241779,-1.05263,-1.052627,0.384905,0.585097,0.802054,0.710822,0.970589,0.263046,-1.0,96.04863,96.73136480000001,0.6428473929411959,95.44567001411761,98.01705958588241,96.58119380911391,0.020894528084383523,-0.010582058479102083
2015-04-22,0.329166,0.571203,-0.60993,-0.106384,-0.106376,0.319478,0.6196,0.860346,0.743038,1.0785,0.540856,0.0,95.946457,96.65937575000001,0.646259501473033,95.36685674705394,97.95189475294607,96.5207426844364,-0.031990131562082524,-0.0010643294184408908
2015-04-23,-0.843879,0.297274,-1.074027,0.958465,0.958452,-0.533176,-0.309743,-0.127861,-0.172134,0.01841,-0.212251,1.0,96.866058,96.69931865000001,0.6322687740447089,95.43478110191059,97.96385619808943,96.55362985734722,0.00029906252186151505,0.009538882607133346
2015-04-24,-0.799623,0.704425,-1.094718,0.7384,0.738397,-0.900519,-1.026178,-0.84087,-0.792957,-0.731083,-0.799939,1.0,97.581314,96.80753625,0.5846622277518289,95.63821179449634,97.97686070550365,96.65150453759986,0.0826509147241552,0.007356841274123635
2015-04-27,1.560395,1.570022,-0.366016,-1.170874,-1.17089,0.142574,0.153169,0.223481,0.395895,0.361411,0.478409,-1.0,96.438744,96.8205402,0.572708941918112,95.67512231616377,97.96595808383623,96.63124162925702,0.05508452069774705,-0.011777990584662232
2015-04-28,-0.778095,0.403457,-1.104708,0.269696,0.269698,0.007699,-0.141194,-0.058261,0.095118,0.02845,0.244332,0.0,96.698837,96.79081455000001,0.5622092412252394,95.66639606754953,97.91523303245049,96.6376792836135,0.053607334258856554,0.0026933459131252414
2015-04-29,0.516072,1.811101,-0.321318,-1.344862,-1.34484,1.256077,1.075946,1.217133,1.393862,1.308662,1.592011,-1.0,95.398392,96.7281139,0.6426327964942813,95.44284830701143,98.01337949298856,96.51965192326935,-0.05190011761503399,-0.013539652533368852
2015-04-30,1.377192,1.95185,-0.673734,-1.723464,-1.723472,2.367974,2.568119,2.788733,2.982267,2.986626,3.17646,-1.0,93.754227,96.5502285,0.9095068998897663,94.73121470022048,98.36924229977953,96.25627812105321,-0.2651296583411238,-0.01738497113218904
2015-05-01,-0.863758,0.117789,-1.648999,0.941243,0.941258,0.791113,1.487036,1.632631,1.881126,1.993316,2.096574,1.0,94.636696,96.41693115000001,0.9856061078395156,94.44571893432098,98.38814336567904,96.10203220476244,-0.3587720317494245,0.009368555984029319
2015-05-04,-0.885562,1.148307,-1.34294,0.863766,0.863762,-0.278328,0.44861,0.698058,0.873385,1.08952,1.11748,1.0,95.454132,96.28781395,0.9298443630879801,94.42812522382404,98.14750267617596,96.04032742335649,-0.3628414236590629,0.008600531097130359
2015-05-05,2.076886,2.376432,-0.5991,-2.539899,-2.539907,1.531705,2.741886,3.042103,3.295556,3.540688,3.566649,-1.0,93.029686,96.0955311,1.1688580508490605,93.75781499830188,98.43324720169812,95.75359966875111,-0.5552978483898556,-0.025727192395769382
2015-05-06,-0.049981,0.719785,-0.919722,-0.119823,-0.119825,1.11967,2.539241,2.889138,3.219038,3.504153,3.530611,0.0,92.918213,95.9092854,1.3584064491582561,93.19247250168348,98.62609829831652,95.48356284315577,-0.7086470489807795,-0.0011989703992710023
2015-05-07,0.069583,0.367796,-0.487075,0.569828,0.569843,0.481108,1.592434,2.096744,2.464702,2.752276,2.850553,1.0,93.447701,95.75090795,1.4531171023496645,92.84467374530067,98.65714215469933,95.28967123904569,-0.7784783252388507,0.0056822560876283595
2015-05-08,0.760798,1.640158,-0.800313,0.606363,0.606357,-0.256893,0.600725,1.353617,1.66485,1.993078,2.180939,1.0,94.014328,95.5795258,1.4452829955369195,92.68895980892616,98.47009179107384,95.1682099781842,-0.779116877005265,0.006045263978493363
2015-05-11,0.989899,1.849814,-0.139985,-1.185651,-1.185654,0.38996,1.426854,2.270437,2.697727,2.995696,3.289333,-1.0,92.899643,95.40582165,1.5497974576679532,92.30622673466408,98.5054165653359,94.95215598026189,-0.859659082782315,-0.011927393215684035
2015-05-12,-0.300273,0.450402,-1.090986,-0.099988,-0.100004,0.442409,1.10901,2.139936,2.57783,2.923441,3.231585,0.0,92.80674,95.19913985,1.6088831051928603,91.98137363961428,98.41690606038571,94.74783064880837,-0.9203763313793445,-0.0010005365055246176
2015-05-13,-0.059878,1.177645,-0.479038,0.290254,0.290266,0.185635,0.566873,1.638726,2.082341,2.47226,2.804729,0.0,93.076126,95.014288,1.6307542149007268,91.75277957019854,98.27579642980145,94.5886206822552,-0.9359687246519002,0.0028984509910991003
2015-05-14,-0.494658,0.178077,-0.603483,0.878249,0.878245,-0.591608,-0.293821,0.542807,1.061045,1.46419,1.788356,1.0,93.893562,94.8898148,1.6157210934241795,91.65837261315164,98.12125698684835,94.52242461727852,-0.8723101071343677,0.008744104107177457
2015-05-15,-0.89093,0.088118,-0.920307,1.048671,1.048679,-1.441162,-1.303113,-0.690558,-0.037204,0.303112,0.646824,1.0,94.878204,94.84290545,1.6009556356143655,91.64099417877128,98.04481672122873,94.5563083680139,-0.7339473258071365,0.010432184333167418
2015-05-18,-0.449665,0.527852,-0.547414,0.156652,0.156644,-1.147606,-1.502441,-0.944931,-0.301072,0.089544,0.383841,0.0,95.026825,94.74072575,1.5141667147399227,91.71239232052015,97.76905917947984,94.6011194758221,-0.6053235589461252,0.0015652142665706667
2015-05-19,-0.936493,0.526779,-1.258415,0.205278,0.205285,-0.84285,-1.474006,-1.251262,-0.548731,-0.187693,0.12031,0.0,95.221901,94.69938929999999,1.4876342577637194,91.72412078447256,97.67465781552742,94.6602415257438,-0.4820900600214344,0.0020507476971706245
2015-05-20,0.009756,0.858374,-0.26336,0.00975,0.009759,-0.399929,-1.24074,-1.272603,-0.595989,-0.2622,0.061118,0.0,95.231194,94.66362615,1.4644940988393886,91.73463795232122,97.59261434767878,94.71461795186343,-0.3793043721457252,9.758833278468826e-05
2015-05-21,0.332807,0.577522,-0.283869,-0.351144,-0.351158,0.162491,-0.740016,-0.844426,-0.349453,0.026625,0.353367,0.0,94.896782,94.56516235000001,1.3718959133345867,91.82137052333084,97.30895417666918,94.73196690882882,-0.3211284586004126,-0.003517760530436046
2015-05-22,-0.156513,0.273891,-0.694518,0.068519,0.068522,0.111513,-0.70821,-0.889499,-0.555613,-0.077865,0.197591,0.0,94.961807,94.43418700000001,1.1804757047341092,92.0732355905318,96.79513840946822,94.75385644132132,-0.2667022760951028,0.0006849835225783997
2015-05-26,1.18777,1.227356,-0.623574,-1.173828,-1.173832,1.049201,0.572112,0.173552,0.487485,0.971599,1.297971,-1.0,93.847115,94.30460555,1.0874284640267402,92.12974862194652,96.47946247805349,94.66750011357644,-0.3099426370827416,-0.011807757168634279
2015-05-27,-0.327286,0.565308,-0.515723,-0.197958,0.568535,0.299685,0.17032,-0.297323,-0.203402,0.330094,0.634908,1.0,94.380669,94.18869715,0.9311074021259618,92.32648234574808,96.05091195425192,94.64018286466438,-0.2977255907102858,0.005669252622701157
2015-05-28,-1.486259,0.058673,-1.486259,1.428141,1.428128,-1.008646,-0.96302,-1.505441,-1.591313,-1.091679,-0.818426,1.0,95.728546,94.20520485,0.9562696618996934,92.29266552620061,96.1177441737994,94.7438364966011,-0.1772379949402989,0.014180265652482857
2015-05-29,-0.195424,0.420169,-0.869649,0.068445,0.068461,-0.889031,-0.83238,-1.409532,-1.552168,-1.204108,-0.906774,0.0,95.794083,94.30719765,1.012752471146281,92.28169270770745,96.33270259229256,94.84385997311529,-0.07559105244311581,0.0006843786856956064
2015-06-01,-0.946582,0.821016,-1.052832,1.162794,1.16279,-1.626586,-1.762784,-2.34369,-2.566565,-2.367486,-2.008229,1.0,96.907967,94.42076119999999,1.167209498173887,92.08634220365221,96.75518019634777,95.04044159472336,0.09376514526769597,0.011560815321714664
2015-06-02,0.557621,0.753274,-0.586967,-1.265332,-1.265337,0.017609,-0.435374,-0.898329,-1.306009,-1.14792,-0.800791,-1.0,95.681755,94.43214235,1.1788674712746154,92.07440740745078,96.78987729254924,95.10151906189257,0.12756559481015017,-0.012734101873785179
2015-06-03,1.496707,2.185196,-0.239471,-1.956564,-1.956552,1.891826,1.400995,1.150617,0.705098,0.701577,1.099269,-1.0,93.809692,94.47114265,1.1423655498066656,92.18641155038668,96.75587374961333,94.9784879131409,0.003255330550700819,-0.019759455525001298
2015-06-04,-0.508122,0.518079,-0.617717,0.149673,0.149662,1.360965,1.113103,1.061475,0.609523,0.489428,0.877358,0.0,93.950089,94.52273645,1.090669759046606,92.34139693190679,96.7040759680932,94.88054515950843,-0.08297608823434643,0.0014954962710209945
2015-06-05,0.546726,0.566979,-0.23286,-1.594108,-1.594108,2.280051,2.486675,2.594683,2.185502,2.060965,2.35237,-1.0,92.452423,94.47297255,1.1626335257850233,92.14770549842994,96.79823960157005,94.64929543003143,-0.269062651803992,-0.016069506920243004
2015-06-08,0.570727,0.76437,-0.010194,-0.658089,-0.658083,1.854867,2.826124,3.054071,2.74427,2.615433,2.82217,-1.0,91.844009,94.36445660000001,1.300773006739962,91.76291058652009,96.96600261347993,94.38212529383796,-0.4603251770873129,-0.0066025826291633396
2015-06-09,-0.061111,0.448106,-0.122214,0.07134,0.071332,0.961407,2.542014,2.754499,2.617169,2.388023,2.584613,0.0,91.909523,94.3149506,1.376115836295218,91.56271892740956,97.06718227259044,94.14663936109149,-0.5997026749350738,0.000713063874885654
2015-06-10,-0.353113,0.353105,-0.423735,0.947144,0.947151,-0.207833,1.40738,1.614932,1.65291,1.41659,1.481307,1.0,92.780045,94.31361585,1.3776677748425916,91.55828030031482,97.06895139968519,94.01648751717802,-0.6326240003151042,0.009426936844897612
2015-06-11,-0.050161,0.270898,-0.541789,0.554878,0.554869,-0.898959,0.586947,0.915846,1.103704,0.873114,0.846168,1.0,93.294853,94.3245522,1.3681625403517943,91.5882271192964,97.0608772807036,93.94776042030394,-0.6101403663499951,0.005533355859027311
2015-06-12,-0.060457,0.594522,-0.231757,-0.431424,-0.431415,-0.374849,0.7104,1.209247,1.48788,1.286268,1.252192,0.0,92.892365,94.27449234999999,1.4026440042652362,91.46920434146952,97.07978035853046,93.84724657075118,-0.6176791218890116,-0.00432348290373906
2015-06-15,-0.635598,0.534704,-0.635598,-0.120914,-0.120914,-0.052467,0.387405,1.175002,1.497671,1.355672,1.308064,0.0,92.780045,94.1695844,1.4332441195347083,91.3030961609306,97.03607263906942,93.74560832591774,-0.6255064759792504,-0.0012098729552882854
2015-06-16,-0.401891,0.241131,-0.944442,0.413636,0.41363,-0.194912,-0.296387,0.709339,0.979589,0.949504,0.808804,0.0,93.163811,94.0764337,1.4351373131641674,91.20615907367166,96.94670832632833,93.69019905678272,-0.5938969274633052,0.004127767952694109
2015-06-17,-1.201588,0.27806,-1.598809,1.175523,1.17553,-1.040717,-1.40715,-0.469382,-0.244743,-0.161773,-0.318994,1.0,94.25898,94.02828765000001,1.4106293858220225,91.20702887835597,96.84954642164405,93.74436867042245,-0.4749996466890991,0.011686748009502675
2015-06-18,-1.437513,0.136906,-1.5842,1.549161,1.54915,-2.043806,-2.726379,-1.98839,-1.741036,-1.574371,-1.742103,1.0,95.719193,94.0526876,1.4365144233862137,91.17965875322757,96.92571644677243,93.93244717800127,-0.2599491771744056,0.015372731860683565
2015-06-19,1.267828,1.505551,0.0,-1.271272,-1.271272,-0.441754,-1.256927,-0.817478,-0.496682,-0.281235,-0.439694,-1.0,94.502342,94.0329656,1.4269919533019901,91.17898169339601,96.88694950660398,93.98672287533448,-0.1855706933418162,-0.012794214903298065
2015-06-22,0.704644,0.83366,-0.218342,-0.198095,-0.198092,0.08138,-0.798928,-0.803889,-0.333465,-0.107187,-0.23145,0.0,94.31514,94.00063225,1.4120865821859248,91.17645908562815,96.82480541437184,94.0180006967312,-0.14011567958873172,-0.001982889077373631
2015-06-23,1.319364,1.601366,-0.070501,-1.458913,-1.458922,1.514761,0.78055,0.468,1.093273,1.281896,1.247062,-1.0,92.939156,93.9552343,1.4317403212466102,91.09175365750679,96.81871494249322,93.9152535827568,-0.2126711226073894,-0.014696685696021984
2015-06-24,0.893134,1.400594,0.0,-0.765437,-0.765426,1.857299,1.49802,1.128591,1.756319,1.933255,2.007085,-1.0,92.227776,93.84758965,1.4782474809361295,90.89109468812775,96.80408461187226,93.75454143201807,-0.32384121474329675,-0.007683699160071008
2015-06-25,0.877641,1.061334,-0.132664,-0.548057,-0.548076,1.54711,1.885924,1.523983,2.098704,2.341983,2.520042,-1.0,91.722298,93.64727725,1.4813838362910976,90.68450957741781,96.61004492258219,93.56099443849254,-0.4475728229438687,-0.005495831138336303
2015-06-26,-0.810532,0.091189,-1.489356,0.724563,0.724574,0.358664,1.098283,0.78893,1.179847,1.497105,1.728191,1.0,92.386894,93.4769178,1.415976648310052,90.6449645033799,96.3088710966201,93.4491753491123,-0.4863967915005105,0.007219616570997043
2015-06-29,-0.468574,1.670571,-0.468574,-0.53698,-0.536966,0.37281,1.547306,1.336449,1.453085,1.911372,2.169018,-1.0,91.890808,93.22605985,1.2048118212073842,90.81643620758523,95.63568349241477,93.30075941110161,-0.5508452592699484,-0.005384126164233368
2015-06-30,0.561056,1.030299,-0.224422,-0.142609,-0.142615,0.259099,1.53932,1.470296,1.384269,1.965928,2.196252,0.0,91.759758,93.02996,1.098572240589433,90.83281551882114,95.22710448117887,93.15399737194907,-0.605515765251468,-0.0014271670934421622
2015-07-01,-0.020315,0.365743,-0.518137,0.408039,0.408044,-0.168657,0.896059,1.011201,0.88133,1.454022,1.669231,0.0,92.134178,92.9461843,1.0998668443227806,90.74645061135443,95.14591798864556,93.05687171747773,-0.611580056088826,0.004072135553125357
2015-07-02,-1.247256,0.349231,-1.267216,1.818552,1.818559,-1.506695,-1.109574,-0.75635,-0.927972,-0.439845,-0.197171,1.0,93.809692,92.93916444999999,1.093552149382611,90.75206015123477,95.12626874876521,93.12856888724176,-0.4757024713478728,0.018022205844376065
2015-07-06,-0.437987,0.39817,-1.114875,0.239471,0.239464,-1.391596,-1.395585,-0.912474,-1.080533,-0.752541,-0.466164,0.0,94.034332,93.0182599,1.1135203229818362,90.79121925403633,95.24530054596367,93.21483204083778,-0.34590456340154674,0.002391772730434998
2015-07-07,-2.556374,0.797045,-2.556374,2.408917,2.408914,-2.795484,-3.508942,-2.999611,-3.176029,-3.112362,-2.761144,1.0,96.299538,93.24103635,1.296837378598492,90.64736159280302,95.83471110719698,93.508613560758,-0.059568919701135314,0.023803571653943492
2015-07-08,0.441398,0.941645,0.0,-0.903966,-0.903958,-1.139776,-2.367833,-1.956522,-2.108393,-2.239143,-1.818871,-1.0,95.429031,93.41701175,1.344560239263744,90.72789127147252,96.10613222852749,93.69151045973342,0.09600481732569222,-0.00908068094678398
2015-07-09,1.067407,1.620874,-0.355802,-0.755269,-0.755272,0.156156,-1.362923,-1.178764,-1.26162,-1.457211,-1.060163,-1.0,94.708282,93.5134236,1.3654524953615246,90.78251860927695,96.24432859072304,93.78834584452072,0.15930335411509589,-0.007581388848507102
2015-07-10,-0.482091,0.629673,-1.082249,0.454634,0.454631,-0.017708,-1.450215,-1.666669,-1.611572,-1.853209,-1.528599,0.0,95.138855,93.6056237,1.4114007000291442,90.78282229994171,96.42842510005828,93.91696576409018,0.2414285056838139,0.004536004546280217
2015-07-13,0.039228,0.431502,-0.637443,0.324677,0.324682,-0.045116,-1.448469,-1.918873,-1.796125,-2.045315,-1.859378,0.0,95.447754,93.73339315,1.458319007170104,90.81675513565979,96.6500311643402,94.06275511989112,0.32766176681960246,0.0032415632148175776
2015-07-14,-0.029414,0.539272,-0.352977,0.019611,0.019592,-0.239224,-1.093229,-1.857686,-1.674662,-1.912724,-1.928934,0.0,95.466454,93.8677136,1.4892771075031876,90.88915938499363,96.84626781500637,94.19644072752054,0.39298113931265277,0.00019589951167796804
2015-07-15,-0.71032,0.009732,-1.313612,0.76478,0.764797,-0.836822,-1.382699,-2.376831,-2.26331,-2.478937,-2.655447,1.0,96.196579,94.019352,1.5662430887765664,90.88686582244686,97.15183817755313,94.3869300868043,0.49792245805437574,0.007618876946512137
2015-07-16,-1.560851,0.47879,-1.647037,1.61526,1.61526,-1.790678,-2.375757,-3.551986,-3.638328,-3.825727,-4.068441,1.0,97.750404,94.1939232,1.7750175124502656,90.64388817509946,97.74395822490054,94.70726093568007,0.6984189618200531,0.016023536140481444
2015-07-17,0.752531,0.829715,-0.15437,-0.74691,-0.74692,-0.66377,-1.310175,-2.462128,-2.846115,-2.948382,-3.241034,-1.0,97.020287,94.2589779,1.8558626637583675,90.54725257248327,97.97070322751674,94.92754913228197,0.7893009751769853,-0.007497230883608517
2015-07-20,0.562289,0.804654,-0.436263,-0.482393,-0.482392,0.046534,-0.571011,-1.701725,-2.269025,-2.32632,-2.630472,0.0,96.552269,94.36147425,1.9253181043636358,90.51083804127273,98.21211045872727,95.08228435777892,0.8141751796568855,-0.004835591590469208
2015-07-21,0.988938,1.321851,-0.342699,-0.988856,-0.988851,1.073144,0.348578,-0.4615,-1.225888,-1.232938,-1.527138,-1.0,95.597511,94.4255928,1.9449470629024235,90.53569867419516,98.31548692580485,95.13135356179998,0.7482221355353715,-0.009937725221613292
2015-07-22,-0.603116,0.603108,-0.642027,0.656033,0.656018,0.420241,-0.222753,-0.800897,-1.698921,-1.749408,-2.019447,1.0,96.224648,94.5898674,1.9515303689872607,90.68680666202548,98.49292813797453,95.23547684162855,0.7380507974283717,0.006538756916536937
2015-07-23,0.715198,0.764179,-0.832761,-0.71012,-0.710098,0.675996,0.578025,0.146297,-0.822484,-0.993054,-1.222374,-1.0,95.541359,94.75554654999999,1.8797790142871513,90.99598852142569,98.5151045785743,95.26460847575918,0.6671635804222831,-0.007126308800833266
2015-07-24,-0.439966,0.527963,-0.498633,0.20574,0.20572,0.201416,0.434112,0.074969,-0.816375,-1.195532,-1.340102,0.0,95.737907,94.95632700000002,1.7486234166839774,91.45908016663206,98.45357383336797,95.30968452568688,0.6197012015095567,0.0020550901651305684
2015-07-27,-1.024153,0.367147,-1.053136,1.192805,1.192807,-0.912073,-0.601927,-0.908849,-1.753614,-2.262021,-2.365854,1.0,96.879875,95.18097605,1.6887351272106996,91.8035057955786,98.5584463044214,95.45922647562145,0.6665506174439315,0.011857486553612535
2015-07-28,-0.614852,0.163326,-1.027956,0.570044,0.570055,-1.09713,-0.963589,-1.393024,-2.026129,-2.688058,-2.760111,1.0,97.432144,95.45804285,1.570985801407444,92.3160712471851,98.60001445281489,95.64712338270513,0.7397156285897353,0.005684367749554441
2015-07-29,-0.812695,0.086054,-1.472409,0.480354,0.480345,-1.227645,-1.26302,-1.696138,-2.180887,-2.95056,-3.0637,0.0,97.900154,95.76506265,1.401001601517265,92.96305944696547,98.56706585303453,95.8616977272094,0.8259429663411169,0.004791945831363225
2015-07-30,-0.638763,0.39089,-0.896179,0.286837,0.286846,-0.972455,-1.501578,-1.74151,-2.152733,-2.985606,-3.207808,0.0,98.180977,96.06740260000001,1.2165186341886052,93.6343653316228,98.50043986837721,96.08258146747517,0.9064893766438615,0.0028643571216648046
2015-07-31,0.475285,1.064642,-0.133079,0.295546,0.295537,-0.709122,-1.644482,-1.805443,-2.204365,-2.99733,-3.399866,0.0,98.471138,96.30047490000001,1.2077091611055721,93.88505657778887,98.71589322221115,96.31006304200133,0.9824119217341405,0.002951010321666683
2015-08-03,0.714886,1.485469,-1.067683,2.385934,2.38595,-2.241214,-3.513148,-3.738444,-4.146792,-4.923228,-5.442091,1.0,100.82061,96.6397888,1.4637048552598575,93.7123790894803,99.56719851051972,96.73963894276311,1.2181220875828132,0.02357930901074238
2015-08-04,1.107565,1.351607,-0.150182,-1.086248,-1.086255,-0.70772,-2.039616,-2.396601,-2.922381,-3.564862,-4.222832,-1.0,99.725441,96.81108395,1.6144877709290162,93.58210840814196,100.04005949185803,97.02400104345233,1.3015496524205759,-0.010921979080374124
2015-08-05,0.906001,1.113628,-0.018872,-0.544398,-0.54441,0.094384,-1.205165,-1.661626,-2.201766,-2.737628,-3.488729,-1.0,99.182526,96.9987587,1.6628142804050468,93.67313013918991,100.32438726081008,97.22957484883781,1.308771195784388,-0.005458970361447886
2015-08-06,0.472813,0.548465,-0.434987,-0.198187,-0.198184,0.455795,-0.660991,-1.383134,-1.791486,-2.267607,-3.069499,0.0,98.985962,97.21264269999999,1.6274267939623912,93.9577891120752,100.46749628792477,97.39684981561517,1.2838340095790102,-0.001983807480679448
2015-08-07,-1.177572,0.607479,-1.644862,1.182033,1.18203,-0.381302,-1.380369,-2.326475,-2.688312,-3.155881,-3.921176,1.0,100.156006,97.46350025000001,1.6768711984511082,94.10975785309779,100.81724264690223,97.6596265950804,1.343002584380173,0.011750988258120808
2015-08-10,0.525671,0.901154,-0.469351,-0.439253,-0.439234,-0.163346,-0.660859,-1.684045,-2.044976,-2.500715,-3.252302,0.0,99.716087,97.67691690000001,1.6784395023768774,94.32003789524626,101.03379590475376,97.8554799669775,1.3389616035619412,-0.0044020123448159565
2015-08-11,0.037514,1.36922,-0.478284,0.093868,0.093841,-0.24007,-0.515787,-1.494874,-1.919238,-2.451451,-3.078541,0.0,99.809662,97.89407729999999,1.6582379161148486,94.5776014677703,101.21055313222969,98.04159254155107,1.3280014436210053,0.000937974244723436
2015-08-12,-1.891148,0.156825,-2.214024,1.65995,1.659967,-1.418825,-1.78875,-2.758922,-3.261075,-3.806277,-4.342253,1.0,101.466469,98.1575718,1.7879303190751847,94.58171116184963,101.73343243815037,98.36777125187953,1.4364474443097919,0.01646339696437524
2015-08-13,-0.495778,0.266251,-1.560776,0.479701,0.479697,-1.30738,-1.887622,-2.803891,-3.516799,-3.981268,-4.4779,0.0,101.953201,98.36771165,1.9747756963483247,94.41816025730336,102.31726304269665,98.70924075170053,1.543870112150742,0.004785505048646268
2015-08-14,-0.284298,0.018339,-1.036314,0.110175,0.110183,-1.041826,-1.64344,-2.497562,-3.375833,-3.815487,-4.313408,0.0,102.065536,98.61997410000001,2.111131734767378,94.39771063046526,102.84223756953476,99.02888791820524,1.6194004061896692,0.0011012224955818163
2015-08-17,-0.273894,0.41085,-0.392587,0.449375,0.449367,-0.93673,-1.917282,-2.566723,-3.516843,-3.969687,-4.465441,0.0,102.524185,98.9185699,2.222669520677845,94.4732308586443,103.36390894135569,99.36177335456664,1.6967092416197147,0.004483605198724655
2015-08-18,-0.292211,0.328738,-0.721396,-0.018257,-0.018261,-0.392654,-1.62816,-2.218973,-3.162266,-3.677469,-4.246184,0.0,102.505463,99.2639675,2.2161526170215433,94.83166226595692,103.69627273404309,99.66117236841744,1.7364496312971625,-0.00018262724668997271
2015-08-19,-0.055009,0.495096,-0.999355,-0.401792,-0.401791,0.132029,-0.946178,-1.550682,-2.484181,-3.057849,-3.642305,0.0,102.093605,99.55741535,2.1808070519833955,95.19580124603321,103.91902945396679,99.89283261904434,1.7149418952176916,-0.004026006182077395
2015-08-20,0.267899,1.311776,-0.064665,-0.751811,-0.7518,0.766738,0.035097,-0.598005,-1.460053,-2.182362,-2.694694,-1.0,101.326065,99.84665065,1.9959002765455371,95.85485009690893,103.83845120309107,100.02933094104013,1.6173193453523709,-0.007546405345171141
2015-08-21,0.832086,1.206059,-0.158936,-1.191687,-1.191686,1.593114,1.237841,0.710541,-0.052829,-0.878839,-1.35534,-1.0,100.118576,100.0656841,1.7459938556375116,96.57369638872497,103.55767181127503,100.03783047046488,1.426079543089216,-0.011988439661979738
2015-08-24,-0.029114,1.290763,-2.950312,-3.66492,-3.664927,4.198371,4.750582,4.239778,3.727194,2.887811,2.432066,-1.0,96.449303,100.0441555,1.7894568326287141,96.46524183474257,103.62306916525743,99.69606594946823,0.9672906319931371,-0.03733773074656894
2015-08-25,4.168734,4.29808,-0.069645,-2.455356,-2.455362,5.030352,6.778437,6.463707,6.16009,5.413198,4.96137,-1.0,94.081123,99.87660445,2.164481763595263,95.54764092280948,104.20556797719053,99.16130947809032,0.40790273148203937,-0.024860092054641153
2015-08-26,-0.521353,0.275426,-1.957511,1.144167,1.925013,1.753277,4.180453,4.224222,4.050392,3.408438,2.96843,1.0,95.892197,99.7762066,2.3031122715784647,95.16998205684307,104.38243114315692,98.84996543255791,0.10946053328693495,0.019067191844007368
2015-08-27,0.097789,0.361818,-1.232155,0.590201,0.590216,0.146909,2.999491,3.437976,3.35057,2.839705,2.319604,1.0,96.458168,99.69006615,2.3962516310431377,94.89756288791374,104.48256941208628,98.62217520088572,-0.08046043149028037,0.0058848095592999835
2015-08-28,0.383028,0.589273,-1.217833,-0.430278,-0.43027,-0.268995,2.817531,3.599474,3.670777,3.296818,2.727843,0.0,96.043137,99.5686661,2.5195860421664373,94.52949401566713,104.60783818433288,98.37655251508708,-0.26144986621326893,-0.004311987838877403
2015-08-31,3.007823,3.119601,-0.802765,-3.349043,-3.349064,2.406263,5.335574,6.69452,6.832497,6.701509,6.153693,-1.0,92.826591,99.16896514999999,2.913769116222555,93.34142691755488,104.9965033824451,97.84798475174546,-0.656861783831431,-0.034064294597751794
2015-09-01,2.066075,2.181439,-0.734133,-3.109446,-3.109436,4.771895,7.318962,9.387029,9.717006,9.792603,9.350734,-1.0,89.940208,98.67970349999999,3.5643240498114763,91.55105540037704,105.80835159962294,97.09486315634113,-1.1894246163376039,-0.03158804570264682
2015-09-02,0.978535,1.452017,-0.726013,-0.325115,-0.325117,3.720541,6.280712,8.864929,9.54309,9.78251,9.462867,0.0,89.647797,98.20296705000001,4.0921019204026035,90.0187632091948,106.38717089080522,96.38561876049913,-1.6164462359212166,-0.0032564675843240907
2015-09-03,0.35726,0.872126,-0.462325,0.136781,0.136771,2.088906,4.848304,7.8115,8.880187,9.257805,9.099073,0.0,89.770409,97.7421894,4.498007147805022,88.74617510438996,106.73820369561004,95.75559878330874,-1.9228052799149822,0.001366773437555389
2015-09-04,-0.443887,0.676389,-0.61298,-0.577908,-0.577892,1.160421,4.240173,7.481018,8.902176,9.479676,9.490966,-1.0,89.251633,97.19697075,4.838045862630398,87.5208790247392,106.87306247526081,95.13617347061268,-2.182301701506489,-0.005795682434868681
2015-09-08,-1.328657,0.061805,-1.43166,2.610434,2.610427,-1.685031,1.056756,3.950109,5.687567,6.290957,6.512648,1.0,91.581482,96.7902405,4.955625431368243,86.87898963726352,106.70149136273648,94.79763142579242,-2.17488442837724,0.025769372259497762
2015-09-09,2.654773,2.759703,-0.167895,-1.843643,-1.843654,0.151108,2.488991,4.967221,7.1211,7.849886,8.233699,-1.0,89.893036,96.2944092,5.130629360508966,86.03315047898207,106.55566792101794,94.33052709952648,-2.2789790157731176,-0.018608615042252145
2015-09-10,-0.167799,0.849508,-0.367067,0.052461,0.052476,0.163604,1.773466,4.011318,6.424144,7.382278,7.881924,0.0,89.940208,95.71809615000001,5.166321763655137,85.38545262268974,106.05073967731028,93.91240147100015,-2.330800324806674,0.0005246193643919103
2015-09-11,-2.149188,0.083466,-2.201356,0.524384,0.524386,-0.217009,0.57381,2.663964,5.230715,6.442782,7.032722,0.0,90.411842,95.14102820000001,5.0770193440757865,84.98698951184844,105.29506688815158,93.57901485471442,-2.3072160133679205,0.0052301604014140385
2015-09-14,-0.280866,0.634558,-0.572137,0.292122,0.292107,-0.193479,-0.311027,1.670709,4.296186,5.714565,6.434424,0.0,90.675941,94.57154845,4.894940646381834,84.78166715723633,104.36142974276366,93.3025316304559,-2.241377490008574,0.0029168084435727344
2015-09-15,-0.020788,0.15587,-1.018397,0.104032,0.104039,-0.475946,-0.641174,1.147943,3.540337,5.210478,5.954731,0.0,90.770279,93.98385315,4.585709729392682,84.81243369121464,103.15527260878537,93.06136471326963,-2.156726299456281,0.0010398453988236607
2015-09-16,-1.230647,0.328171,-1.240897,1.330145,1.330144,-1.329094,-1.723925,-0.332271,1.608878,3.488793,4.283096,1.0,91.977654,93.4574627,4.138466555567789,85.18052958886442,101.73439581113557,92.95815416914871,-1.969511249314678,0.013213748005244889
2015-09-17,-1.36778,1.540024,-1.519757,1.220382,1.220386,-1.839917,-2.537992,-1.733869,-0.099191,1.881603,2.808012,1.0,93.100136,93.00778925,3.604907528644637,85.79797419271073,100.21760430728928,92.9716762482774,-1.7108454949380416,0.012129988834976521
2015-09-18,1.490386,2.713536,-0.030835,-1.428567,-1.428571,-0.121287,-0.907593,-0.650286,0.828002,2.914297,4.035885,-1.0,91.770134,92.52999270000001,3.0321444184505464,86.46570386309891,98.59428153690111,92.85724365320337,-1.5947873512533448,-0.01438873807477348
2015-09-21,-0.55074,0.54054,-0.652727,0.781172,0.781178,-0.50383,-1.32586,-1.676701,-0.366113,1.702321,2.953081,1.0,92.487022,92.148415,2.4515013109022186,87.24541237819557,97.05141762180443,92.82198444813638,-1.4284967446484842,0.007781424970306549
2015-09-22,0.236987,0.89644,-0.484287,-1.019888,-1.019891,0.690364,-0.313243,-0.757,0.39258,2.270472,3.716335,-1.0,91.543755,91.90313760000001,2.2343263548290833,87.43448489034184,96.37179030965818,92.70024831021863,-1.3571792865432712,-0.010251277269159791
2015-09-23,0.134046,0.46401,-0.329964,-0.072128,-0.072124,0.653739,-0.06806,-0.573319,0.322743,1.862083,3.487588,0.0,91.47773,91.77296795,2.175830626700807,87.42130669659838,96.12462920340161,92.5838179949597,-1.291104306129867,-0.0007215000234992794
2015-09-24,-0.933138,0.143567,-1.076698,0.55681,0.556814,-0.145612,-0.398896,-0.954338,-0.445039,0.858566,2.571041,1.0,91.987091,91.57771265,1.9502475885507453,87.6772174728985,95.47820782710149,92.5269868525826,-1.1839899333714357,0.00555269730687523
2015-09-25,-0.892402,0.983674,-1.460301,1.117724,1.117714,-0.981641,-1.219956,-1.816582,-1.730552,-0.61368,1.116958,1.0,93.015244,91.40556645,1.6209291219887498,88.16370820602249,94.6474246939775,92.57348753328901,-1.00455775034564,0.01111514171277407
2015-09-28,0.912352,1.537673,-0.256279,-1.07494,-1.074938,-0.008201,-0.001027,-0.549464,-0.881601,0.114016,1.851638,-1.0,92.015388,91.204179,1.2134009787192799,88.77737704256144,93.63098095743855,92.5203351967853,-0.932289621190435,-0.010807569767256303
2015-09-29,0.76454,1.436098,-0.37194,-0.77909,-0.779104,0.723229,0.842043,0.210779,-0.186989,0.674464,2.241547,-1.0,91.298492,91.12777405,1.152444009018193,88.82288603196362,93.43266206803638,92.40396917804384,-0.9222331938330512,-0.007821553444548789
2015-09-30,-0.953357,0.102511,-0.953357,0.785207,0.785222,0.055352,0.060479,-0.4162,-0.851874,-0.199694,1.064967,1.0,92.015388,91.23153305,1.1331521820037667,88.96522868599246,93.49783741400753,92.36696144680157,-0.8466561616432813,0.007821553444548797
2015-10-01,1.284307,1.356808,-0.735378,-1.025115,-1.025119,0.890729,0.874159,0.698084,0.253237,0.62227,1.708335,-1.0,91.072121,91.30274925,1.0714574645088881,89.15983432098223,93.44566417901778,92.24364330901095,-0.8530412542394146,-0.010304092846446854
2015-10-02,-1.461339,0.081187,-1.968747,2.061106,2.061112,-1.160954,-1.036129,-1.153511,-1.600368,-1.560789,-0.646061,1.0,92.949219,91.46168974999999,1.0679531630739554,89.32578342385207,93.59759607614791,92.31084099386705,-0.6985825404131276,0.02040158067967
2015-10-05,-1.757351,0.049639,-2.154486,2.2123,2.212296,-2.670772,-2.913025,-2.989144,-3.427323,-3.735106,-2.975885,1.0,95.005531,91.74938465,1.2071944000151975,89.3349958499696,94.16377345003039,92.56747813730829,-0.40557053909152785,0.021881799193103665
2015-10-06,0.560847,0.560847,-0.350524,-0.863784,-0.863781,-1.209813,-1.786679,-1.902185,-2.447671,-2.838657,-2.210648,-1.0,94.184891,91.8795551,1.322948481892298,89.23365813621541,94.5254520637846,92.72151745756464,-0.23684500484705495,-0.00867533502168956
2015-10-07,0.120087,0.930652,-0.180126,0.080122,0.080105,-0.812556,-1.570085,-1.819259,-2.294091,-2.733098,-2.282582,0.0,94.260338,92.0979202,1.338142148325686,89.42163590334863,94.77420449665138,92.86807179493944,-0.09593498223563302,0.0008007313788900843
2015-10-08,-1.279127,0.128909,-1.636094,0.920642,0.920664,-0.864656,-2.137834,-2.572802,-2.912746,-3.389989,-3.200796,1.0,95.128159,92.35731774999999,1.399299584970304,89.55871858005939,95.1559169199406,93.0833181954214,0.08478577032018109,0.009164517250463048
2015-10-09,-0.247402,0.158333,-0.801588,0.198319,0.198314,-0.564082,-2.090059,-2.517568,-2.847603,-3.348444,-3.432296,0.0,95.316811,92.6025662,1.4685032766995936,89.66555964660081,95.53957275339918,93.29603179585746,0.24045904630754933,0.0019811713767557025
2015-10-12,-0.394277,0.66043,-0.443565,0.395838,0.395842,-0.812226,-2.091674,-2.678496,-2.968459,-3.460228,-3.825202,0.0,95.694115,92.8534749,1.548517481278256,89.75643993744349,95.9505098625565,93.52442067244247,0.3897833389323324,0.003950606372373609
2015-10-13,0.029632,0.612409,-0.286449,-0.206998,-0.207003,-0.331883,-1.449029,-2.200708,-2.519752,-3.096006,-3.532526,0.0,95.496025,93.08976220000001,1.5742492532711214,89.94126369345777,96.23826070654225,93.71219251316224,0.4865312794340042,-0.002072178731413129
2015-10-14,0.396316,0.822354,-0.237787,-0.306201,-0.306211,0.172406,-0.811444,-1.639411,-2.050916,-2.57524,-3.05194,0.0,95.203606,93.25105980000001,1.6189367232529694,90.01318635349406,96.48893324650595,93.85423189286107,0.5334595601183878,-0.003066804352551766
2015-10-15,-1.715113,0.164735,-1.889532,2.249081,2.249095,-1.575584,-2.34884,-3.436049,-3.987404,-4.413955,-4.920867,1.0,97.344826,93.4632943,1.8585993624387112,89.74609557512258,97.18049302487742,94.18666942687429,0.734956993017903,0.02224176274107225
2015-10-16,0.115758,0.578813,-0.511294,0.445743,0.445741,-1.508785,-2.288257,-3.539784,-4.106218,-4.53676,-5.069785,0.0,97.778732,93.7637242,2.046620943690477,89.67048231261904,97.85696608738095,94.52877062431484,0.9190633579047898,0.0044475072070290275
2015-10-19,-0.163823,0.048186,-1.175671,0.106109,0.106109,-1.16604,-2.097909,-3.242427,-3.932253,-4.34345,-4.876488,0.0,97.882484,94.0334973,2.2179074031361306,89.59768249372773,98.46931210627226,94.84817189818962,1.061109092697592,0.0010605270870268088
2015-10-20,-0.4137,0.500286,-0.711954,0.163829,0.163824,-0.808159,-1.864538,-2.942081,-3.757936,-4.203193,-4.812391,0.0,98.042839,94.3584515,2.3081919471608994,89.7420676056782,98.9748353943218,95.15242590788584,1.1730979265928312,0.0016368995426398502
2015-10-21,0.095975,0.652591,-0.278304,0.250139,0.250143,-0.42802,-1.699614,-2.758795,-3.651629,-4.18541,-4.765192,0.0,98.288086,94.6989693,2.362555203860958,89.97385889227809,99.42407970772192,95.4510602023729,1.2670336918772165,0.0024983035918514896
2015-10-22,-1.173019,0.132437,-1.447355,1.449138,1.449147,-1.375467,-2.644034,-3.570153,-4.640534,-5.288816,-5.798891,1.0,99.712425,95.085236,2.5219884553117677,90.04125908937645,100.12921291062354,95.85690446881357,1.439813443118524,0.01438747367365735
2015-10-23,0.956389,1.224176,-0.181709,-1.087883,-1.087899,-0.118585,-1.237559,-2.125726,-3.307184,-3.969005,-4.485136,-1.0,98.627655,95.36585655,2.5908441749201945,90.18416820015962,100.54754489984039,96.1207854717837,1.4722397047107876,-0.010938594118709094
2015-10-26,0.895523,0.895523,-0.558499,-0.679036,-0.679027,0.579681,-0.331249,-1.255659,-2.342804,-3.089072,-3.584337,-1.0,97.957947,95.66298450000001,2.5263307098871204,90.61032308022577,100.71564591977425,96.29575323637573,1.4274432349644428,-0.006813424625121235
2015-10-27,-0.365031,0.18252,-0.605184,0.240732,0.240733,0.368874,-0.295872,-1.220624,-2.226227,-3.050914,-3.563883,0.0,98.193764,96.00774809999999,2.3646898267283576,91.27836844654327,100.7371277534567,96.47651616624472,1.3948907388957679,0.0024044359583583704
2015-10-28,1.117048,2.282667,-1.389024,-1.104708,-1.104717,1.247214,1.014092,0.078363,-0.871775,-1.735981,-2.310499,-1.0,97.109001,96.26242875,2.1790869124476955,91.90425492510461,100.62060257489539,96.53675281707856,1.266956655207835,-0.011108641038736385
2015-10-29,0.854788,0.854788,-0.766358,-1.136472,-1.136462,1.638823,2.035759,1.289705,0.524656,-0.438991,-1.086661,-1.0,96.005394,96.5090924,1.8083125147115446,92.89246737057691,100.12571742942309,96.48614721545204,1.064248120635142,-0.011429691860911919
2015-10-30,-0.798761,0.360408,-1.100726,0.864615,0.864616,0.39742,1.063696,0.525998,-0.136383,-1.134629,-1.760189,1.0,96.835472,96.70340505,1.6027700653728836,93.49786491925423,99.90894518074577,96.51941624255184,0.9595197574156629,0.008608996049104775
2015-11-02,0.518438,0.753201,-0.802112,-0.418859,-0.418856,0.502779,1.338148,0.999695,0.357515,-0.535667,-1.210681,0.0,96.429871,96.77462205,1.554267015123514,93.66608801975298,99.88315608024703,96.51088812421357,0.8341772875723024,-0.0041973546750434035
2015-11-03,-0.547354,0.166167,-0.928548,0.07825,0.078232,0.074296,1.09961,0.990464,0.399287,-0.397605,-1.116531,0.0,96.50531,96.890643,1.4326232469050144,94.02539650618996,99.75588949381003,96.51035687428846,0.7324861298594669,0.0007820139743670585
2015-11-04,-0.871925,0.096879,-1.085064,0.889457,0.88946,-0.755661,0.113355,0.248019,-0.326483,-1.055993,-1.786794,1.0,97.363686,97.0458104,1.2941061705051118,94.45759805898977,99.63402274101021,96.59162631483242,0.7129405888609739,0.0088552747153636
2015-11-05,0.920669,1.381003,-0.058763,-1.085064,-1.085064,0.395698,0.857988,1.27588,0.828116,0.246823,-0.559902,-1.0,96.307228,97.10476385000001,1.227280084589671,94.65020368082067,99.55932401917936,96.56454076103886,0.6052265998865352,-0.010909934352546304
2015-11-06,1.831249,2.256176,-1.406312,-3.19295,-3.192951,2.934042,3.605837,4.29112,4.041896,3.565368,2.72765,-1.0,93.232185,97.00053254999999,1.4545920027031112,94.09134854459377,99.9097165554062,96.24717354570183,0.26863555325542166,-0.03245037840463688
2015-11-09,-0.283093,0.384185,-0.657165,0.07083,0.070834,2.189861,3.033057,3.889728,3.839851,3.418862,2.700769,0.0,93.298225,96.88073804999999,1.6529759435232296,93.57478616295353,100.18668993704645,95.96632130325403,0.007131393607068048,0.0007080883246793038
2015-11-10,-0.121215,0.525249,-0.363637,0.090988,0.090999,1.428272,2.424233,3.462617,3.632314,3.290495,2.681809,0.0,93.383125,96.77509305,1.806521948002122,93.16204915399575,100.38813694600424,95.72030260770603,-0.19105940262578258,0.0009095713723228469
2015-11-11,-0.631774,0.120332,-0.952671,0.727274,0.727268,-0.006022,1.360807,2.416094,2.823401,2.536297,2.012965,1.0,94.062271,96.71802629999999,1.8754874323786064,92.96705143524278,100.4690011647572,95.56239483554356,-0.2899828879634896,0.007246365995747544
2015-11-12,-1.022541,0.853761,-1.250871,1.012838,1.012846,-1.280662,0.240234,1.059584,1.669797,1.503411,1.128415,1.0,95.014977,96.60153385,1.9066048400696445,92.7883241698607,100.41474353013929,95.51025980358703,-0.28818305581538084,0.01007751141751345
2015-11-13,0.368419,1.234689,-0.2091,-0.297829,-0.297837,-0.669119,0.317632,1.087323,1.812703,1.781935,1.493243,0.0,94.731987,96.4491966,1.9291800206931946,92.5908365586136,100.30755664138638,95.43613858419779,-0.30606349437950087,-0.002982816735008071
2015-11-16,-1.586372,0.058751,-1.938899,1.682767,1.682757,-1.684284,-1.353306,-0.698519,0.047008,0.12378,-0.14068,1.0,96.326096,96.3713772,1.8994832995343622,92.57241060093128,100.17034379906872,95.52089643332181,-0.18941909160918158,0.01668755352314772
2015-11-17,1.280398,2.30273,-0.238211,-1.341562,-1.341571,1.7e-05,-0.166734,0.430124,1.249148,1.465823,1.246997,-1.0,95.033813,96.2209259,1.8791834854226424,92.46255892915471,99.97929287084528,95.4745075349102,-0.1989605071981373,-0.013506514004804146
2015-11-18,1.053163,1.564699,-1.153454,-1.042187,-1.042182,1.049159,0.531607,1.270492,2.089783,2.485069,2.305598,-1.0,94.043388,96.008691,1.873119102026635,92.26245279594673,99.75492920405327,95.33821043634732,-0.2831768811530253,-0.010476504344222735
2015-11-19,-1.128825,0.257453,-1.346669,1.293883,1.293901,-0.190128,-0.862467,-0.07526,0.55203,1.08842,1.003395,1.0,95.260216,95.78608055,1.662502699183416,92.46107515163317,99.11108594836682,95.33078239479043,-0.2488623834692163,0.012856012603261153
2015-11-20,-0.059392,0.841424,-0.445453,0.029705,0.029689,-0.102946,-0.676093,-0.213149,0.346972,0.953882,0.972426,0.0,95.288498,95.6191227,1.5240170919868161,92.57108851602638,98.66715688397363,95.32675530957229,-0.21688565299365337,0.0002968479777585068
2015-11-23,0.507515,0.845853,-0.258727,-0.524648,-0.524643,0.09951,0.00498,0.197701,0.709031,1.355762,1.47312,-1.0,94.788574,95.46065404999999,1.429895093922276,92.60086386215544,98.32044423784454,95.27549994675589,-0.22924100486615373,-0.005260236255580151
2015-11-24,-0.110654,0.502967,-0.764513,-1.074728,-0.310855,0.297374,0.434372,0.368236,0.827294,1.521585,1.754188,0.0,94.493919,95.2756618,1.290198752941544,92.69526429411691,97.85605930588308,95.20106366611246,-0.25981393291593236,-0.00311339134795297
2015-11-25,0.303401,0.394417,-0.353962,-0.533153,-0.533146,0.823639,0.965029,0.666929,1.201818,1.882834,2.256559,-1.0,93.990128,95.11971815000001,1.2446250694999375,92.63046801100013,97.60896828899989,95.08573645981603,-0.32099469497298116,-0.005345727744561204
2015-11-27,-0.251585,0.332086,-0.352225,0.495556,0.49554,0.156173,0.407983,0.039876,0.620772,1.15785,1.650385,0.0,94.455887,95.0422428,1.2347797842490384,92.57268323150193,97.51180236849807,95.02575079697641,-0.32811571715473065,0.004943165801590828
2015-11-30,-0.580815,0.640896,-0.60084,0.493105,0.493113,-0.412579,-0.06473,-0.332355,0.026223,0.505305,1.051263,0.0,94.921661,94.94655225,1.1604145487890625,92.62572315242187,97.26738134757812,95.01583748297865,-0.2927998944520738,0.004919009081060619
2015-12-01,-0.53694,0.387789,-0.914784,0.710994,0.710987,-0.946598,-0.846557,-0.875698,-0.723516,-0.303037,0.258165,1.0,95.596542,94.9048858,1.1185565622400868,92.66777267551983,97.14199892448018,95.07114267507593,-0.20795739068843488,0.007084717494093035
2015-12-02,2.285953,2.490052,-0.081635,-2.565379,-2.565372,1.371568,1.561193,1.717057,1.709922,2.105048,2.72257,-1.0,93.144135,94.73682705,1.1179449606638836,92.50093712867223,96.97271697132777,94.88761813459251,-0.33474906562359763,-0.025988515752648166
2015-12-03,1.099362,1.64904,-0.238536,-1.602204,-1.602217,2.511936,2.953973,3.197984,3.054461,3.529458,4.153847,-1.0,91.651764,94.45123095,1.1409170180392407,92.16939691392152,96.73306498607847,94.5794415503456,-0.5493220067765208,-0.01615191086605084
2015-12-04,-1.202364,0.173221,-1.752599,1.783863,1.783871,0.464643,0.938043,1.26582,1.086427,1.59842,2.098836,1.0,93.286713,94.3002052,1.0806270757974104,92.13895104840518,96.46145935159481,94.45632454555079,-0.5807513480583992,0.017681464899910963
2015-12-07,-0.557982,0.14203,-0.852183,0.438151,0.438151,-0.235368,0.327686,0.750306,0.67017,1.021155,1.47797,0.0,93.69545,94.32336845,1.0613217589226427,92.20072493215471,96.4460119678453,94.38386030311737,-0.5661514262928478,0.004371942697504457
2015-12-08,-1.006644,0.140937,-1.258305,0.781167,0.781176,-1.256297,-0.488225,-0.164682,-0.050356,0.153293,0.566763,1.0,94.427376,94.37982600000001,1.0335891228252083,92.3126477543496,96.44700424565042,94.38800465520143,-0.48987361378372896,0.007781402275834224
2015-12-09,0.030376,1.063179,-0.769544,-0.583847,-0.583859,-0.520454,0.030378,0.33942,0.562891,0.62945,1.004067,-1.0,93.876053,94.4044724,1.0142679100321248,92.37593657993575,96.43300822006425,94.33924735470605,-0.4685093719172073,-0.0058557040442532024
2015-12-10,1.42418,1.42418,-0.112705,-1.174569,-1.174552,0.903679,1.088104,1.440707,1.68863,1.62753,2.048736,-1.0,92.77343,94.34003035,1.0762065549485396,92.18761724010292,96.49244345989709,94.19012189235309,-0.534390397555498,-0.0118150429242133
2015-12-11,-0.544099,0.328507,-1.129254,-0.194666,-0.194687,0.950627,1.084082,1.446531,1.756195,1.66531,2.124947,0.0,92.592812,94.2189221,1.131139743036104,91.9566426139278,96.4812015860722,94.03799714070041,-0.5943249401774722,-0.0019487696919607903
2015-12-14,-0.510308,0.418449,-0.928764,0.585154,0.58516,0.242908,0.304143,0.702184,1.078467,1.069676,1.398374,1.0,93.134628,94.13905415,1.1492548057483787,91.84054453850325,96.43756376149676,93.95196198444323,-0.5912874799504948,0.005834544825868656
2015-12-15,-0.24311,0.557127,-0.698949,0.755254,0.755259,-0.634118,-0.635133,-0.120208,0.188213,0.33507,0.546226,1.0,93.838036,94.01465115,1.028357998972862,91.95793515205428,96.07136714794574,93.94111189068673,-0.5260570654712353,0.007524215609914588
2015-12-16,-4.100338,0.260488,-4.100338,4.993923,4.993918,-4.416785,-4.815244,-4.598166,-4.399993,-4.228531,-4.167838,1.0,98.524231,94.18917205,1.4286790358721542,91.33181397825568,97.04653012174431,94.37759942490705,-0.09512814170005868,0.048732243040065834
2015-12-17,0.232084,0.986361,-0.386812,-0.231547,-0.231544,-3.071273,-3.918386,-4.084715,-3.961801,-3.833974,-3.91381,0.0,98.296104,94.40180785,1.697098287435806,91.00761127512838,97.79600442487161,94.75079033682066,0.2253801506186619,-0.002318125331483213
2015-12-18,1.22417,1.263344,-1.371072,-1.257135,-1.25713,-0.916662,-2.30634,-2.684691,-2.64637,-2.525356,-2.664637,-1.0,97.060394,94.49181675,1.7902057081230989,90.9114053337538,98.07222816624619,94.97075259045678,0.37534704459351076,-0.012650989279955149
2015-12-21,0.469204,0.645157,-0.782017,0.186076,0.186081,-0.256117,-2.123176,-2.70643,-2.726795,-2.603193,-2.708004,0.0,97.241005,94.5894421,1.8865816191854208,90.81627886162916,98.36260533837084,95.18696710565138,0.5029727302479472,0.0018590813339303654
2015-12-22,-0.25265,0.369252,-1.360414,0.596286,0.596277,-0.033038,-2.356429,-3.131542,-3.148385,-3.119384,-3.130584,1.0,97.820831,94.74105495,2.0205145969706715,90.70002575605866,98.78208414394135,95.43781128606552,0.6434864072678437,0.005945065622887267
2015-12-23,-0.865552,0.317364,-0.942492,1.039742,1.039741,-0.998265,-2.859202,-3.74431,-3.925274,-3.962373,-3.943446,1.0,98.837914,94.95825470000001,2.2165260724200753,90.52520255515986,99.39130684484016,95.76163059215452,0.8273771182404914,0.010343725811451812
2015-12-24,-0.076977,0.211683,-0.404116,-0.048089,-0.048083,-0.850572,-2.203408,-3.21627,-3.636105,-3.723968,-3.737703,0.0,98.79039,95.1982678,2.3613403269225226,90.47558714615495,99.92094845384504,96.05008386909219,0.95823114970635,-0.00048094326525254205
2015-12-28,-0.298104,0.076932,-0.663521,0.057729,0.05772,-0.546197,-1.627071,-2.897065,-3.469558,-3.634346,-3.663997,0.0,98.847412,95.41784405000001,2.4893825508004257,90.43907894839916,100.39660915160087,96.31649607203579,1.05438086496072,0.0005770353748644434
2015-12-29,0.0,0.621119,-0.172003,0.63468,0.63468,-0.724316,-1.610124,-3.122149,-3.849496,-4.073767,-4.112638,1.0,99.474777,95.64549985,2.644949987355021,90.35559987528995,100.93539982471003,96.61728473184189,1.1677423129240054,0.006326746349743469
2015-12-30,-0.247833,0.333617,-0.428944,0.248449,0.248459,-0.589084,-1.263947,-3.0083,-3.880953,-4.113629,-4.236778,0.0,99.721931,95.8517693,2.797399173726266,90.25697095254748,101.44656764745253,96.91296532880934,1.2629666460812814,0.0024815081464977713
2015-12-31,0.981813,0.991432,-0.827799,-0.972267,-0.97227,0.369622,-0.271439,-1.726825,-2.653288,-2.999712,-3.171043,-1.0,98.752365,96.1321808,2.792781676240967,90.54661744751806,101.71774415248194,97.08814624987511,1.2458355265198264,-0.00977026982615022
