date,c_open,c_high,c_low,n_close,n_adj_close,adj_sum_5,adj_sum_10,adj_sum_15,adj_sum_20,adj_sum_25,adj_sum_30,label,closing_price_for_label,melody_ma20,melody_std20,melody_lb20,melody_ub20,melody_ema20,melody_macd_12_26,melody_str_log_return
2013-06-03,-1.214238,0.266138,-1.746504,0.940224,0.940235,0.705257,2.985694,4.059658,4.426977,4.753823,4.341868,1.0,52.789917,,,,,,,
2013-06-04,-0.364961,0.481082,-0.431322,0.266138,0.26614,-0.378239,2.05872,3.405215,3.863629,4.272719,4.057722,0.0,52.930412,,,,,,,0.0026578631382706804
2013-06-05,1.264045,1.264045,-0.210675,-5.507631,-2.249839,1.420411,3.612428,5.159974,5.862468,6.343023,6.305304,-1.0,51.739563,,,,,,,-0.022755339059406555
2013-06-06,-1.399203,0.0691,-1.623768,1.632722,1.632725,-0.220305,1.444585,2.984755,3.850856,4.354486,4.506555,1.0,52.584328,,,,,,,0.016195397934968426
2013-06-07,-0.532373,0.051517,-0.824317,0.587324,0.587319,-0.577936,0.466718,2.000242,2.996097,3.518573,3.820407,1.0,52.893166,,,,,,,0.005856014792671523
2013-06-10,-0.535129,0.276193,-0.535129,-0.515198,-0.515195,-0.127396,0.450889,2.168833,3.263925,3.784814,4.22107,-1.0,52.620663,,,,,,,-0.005165268068597991
2013-06-11,-0.449907,0.449905,-0.501817,-0.241672,-0.241683,-0.051904,0.199524,1.921495,3.186447,3.772121,4.275201,0.0,52.493488,,,,,,,-0.002419751495740838
2013-06-12,0.99639,1.030749,-0.017181,0.726769,0.726764,-0.343574,-0.550524,0.810456,2.090446,2.802641,3.325596,1.0,52.874992,,,,,,,0.007241362257214832
2013-06-13,-1.243399,0.119225,-1.498896,0.85896,0.858966,-0.91296,-1.263438,-0.285839,0.931545,1.737715,2.261989,1.0,53.32917,,,,,,,0.008552974952487451
2013-06-14,-0.920403,0.0,-0.920403,-0.068134,-0.068133,-0.695413,-1.009482,-0.422958,0.752616,1.639861,2.169295,0.0,53.292835,,,,,,,-0.0006815666504596332
2013-06-17,0.666777,0.871942,-0.239353,-0.306801,-0.306805,-0.198322,-0.640955,-0.406667,0.843411,1.780546,2.292917,0.0,53.12933,,,,,,,-0.003072764562712112
2013-06-18,-0.458479,0.30566,-0.577346,0.683876,0.683875,-0.502628,-1.210722,-1.282266,-0.112365,0.906711,1.444378,1.0,53.492668,,,,,,,0.0068154679757179695
2013-06-19,1.723245,2.102357,0.0,-1.460346,-1.460338,0.909869,0.437702,0.141919,1.069826,2.107658,2.752902,-1.0,52.711494,,,,,,,-0.014711063548003313
2013-06-20,1.551081,1.711534,-0.231771,-3.343099,-3.343094,3.46585,3.590651,3.387686,4.145362,5.210062,5.985926,-1.0,50.949299,,,,,,,-0.034002533245990695
2013-06-21,-0.07072,0.19449,-0.972413,0.837937,0.837943,1.859962,2.434572,2.408919,2.933842,3.980978,4.836306,1.0,51.376225,,,,,,,0.008344515827132918
2013-06-24,0.144459,0.523653,-0.397253,-2.086278,-2.086284,2.907184,4.156729,4.261583,4.616467,5.786643,6.731422,-1.0,50.304371,,,,,,,-0.021083544875788587
2013-06-25,-0.036018,0.252112,-0.612285,0.270858,0.270857,1.419052,3.468388,3.650874,3.872948,5.029091,6.080125,0.0,50.440624,,,,,,,0.0027049102156394152
2013-06-26,-0.624552,0.124912,-0.802994,0.91842,0.91842,-0.214131,2.13954,2.598141,2.71996,3.684252,4.742256,1.0,50.903881,,,,,,,0.009142286039767532
2013-06-27,-0.462547,0.426971,-0.462547,0.303354,0.303362,-0.47323,1.385865,2.088586,2.256914,3.043771,4.075668,0.0,51.058304,,,,,,,0.0030290272431748194
2013-06-28,-0.388216,0.441144,-0.476446,0.818364,0.818357,-1.242281,0.209983,1.076401,1.347033,1.938777,2.942241,1.0,51.476143,52.16954365,1.029217046843875,50.11110955631225,54.22797774368775,51.91357828839295,,0.008150262184028105
2013-07-01,1.080981,1.151868,-0.230375,-0.423505,-0.423495,-0.450123,0.27112,1.329065,1.628641,2.045849,3.10685,0.0,51.258144,52.092954999999996,1.03758161792395,50.01779176415209,54.1681182358479,51.85115597521267,,-0.0042439449100274635
2013-07-02,-0.796745,0.495749,-0.796745,0.088603,0.088599,-0.201842,-0.244337,1.084742,1.380127,1.660262,2.685098,0.0,51.303558,52.0116123,1.032228487637412,49.94715532472518,54.076069275274826,51.79900378709718,,0.0008855937856431744
2013-07-03,-0.529847,0.017663,-1.006707,0.247871,0.247864,-0.24372,-0.740013,0.647596,1.099439,1.285439,2.1445,0.0,51.430721,51.99617020000001,1.038801740743205,49.918566718513596,54.07377368148642,51.76392923594507,,0.0024755722467814556
2013-07-05,-0.409397,0.0178,-1.566397,-0.777105,-0.777109,0.526885,0.053407,1.135639,1.739055,1.954601,2.670153,-1.0,51.031048,51.9185062,1.0505128922819993,49.817480415436,54.019531984564004,51.69413102299792,,-0.007801446939529501
2013-07-08,-0.070981,0.266191,-0.319431,0.302596,0.302606,0.110026,-0.285715,0.556045,1.265301,1.560055,2.116394,0.0,51.185471,51.83312145,1.036429528114744,49.76026239377051,53.90598050622949,51.645687211283835,,0.0030214904399648132
2013-07-09,-0.088448,0.035381,-0.566073,0.319433,0.319429,-0.173359,-0.399785,0.004718,0.819033,1.124429,1.525562,0.0,51.348972,51.769536900000006,1.0245115977664083,49.72051370446719,53.818560095532824,51.61742861973299,-0.3872293701736709,0.003189194455958028
2013-07-10,-0.579865,0.527148,-0.650149,0.672211,0.67221,-0.688808,-0.822349,-0.894979,0.068528,0.353539,0.628652,1.0,51.694145,51.729569749999996,1.0102758233850804,49.70901810322984,53.750121396770155,51.624734941663185,-0.3334207348118454,0.0066996088847534755
2013-07-11,-0.620048,0.103341,-1.050637,2.020735,2.020741,-2.15984,-2.43886,-2.854523,-1.926463,-1.558396,-1.382179,1.0,52.73875,51.722757650000005,1.0025759480111442,49.717605753977715,53.727909546022296,51.73083161388574,-0.20413299218007808,0.02000595388395327
2013-07-12,-0.259918,0.103968,-0.502511,-0.602829,-0.602843,-1.036204,-1.587234,-2.078194,-1.418288,-0.973825,-0.796366,-1.0,52.420818,51.67734005,0.9448888696921157,49.78756231061577,53.56711778938423,51.79654460303948,-0.12587497168874506,-0.006046676964158724
2013-07-15,-0.172919,0.138339,-0.380423,0.207936,0.207942,-0.729721,-1.590864,-2.134987,-1.695482,-1.206982,-0.987526,0.0,52.529823,51.63918945,0.8900407567915325,49.85910793641694,53.41927096358307,51.86638064084524,-0.05443167960365258,0.0020772629525260163
2013-07-16,-0.0864,0.345598,-0.414723,0.069173,0.06917,-0.335233,-1.410055,-1.915784,-1.817,-1.279418,-1.070155,0.0,52.566158,51.61103085,0.8483473756324369,49.91433609873513,53.30772560126487,51.933026103621884,0.005061232196389653,0.0006914631958706825
2013-07-17,0.694925,0.816539,-0.399582,-0.535685,-0.535693,0.427388,-0.691443,-1.152408,-1.40374,-0.763714,-0.578516,-1.0,52.284565,51.5506257,0.7438975017515598,50.06283069649688,53.038420703503114,51.96650599851504,0.029151550761142175,-0.005371325422769996
2013-07-18,-0.274254,0.25711,-0.411382,1.355109,1.355128,-0.819348,-1.724384,-2.211183,-2.695413,-2.081599,-1.828943,1.0,52.993088,51.5647054,0.7692581486856647,50.02618910262867,53.10322169737133,52.064275712942184,0.10421387384450753,0.013460286722841367
2013-07-19,-0.474099,0.186249,-0.592618,1.234144,1.234144,-1.571292,-2.43482,-3.081618,-3.630212,-3.251616,-2.95971,1.0,53.647099,51.6995954,0.8836865279291685,49.932222344141664,53.466968455858336,52.215020787900066,0.21400758140163134,0.01226590496834929
2013-07-22,-0.538275,0.134562,-0.571908,0.660348,0.660343,-1.671997,-2.553412,-3.405667,-4.019348,-3.833815,-3.5279,1.0,54.001354,51.83085185,1.0178950115692174,49.79506182686157,53.866641873138434,52.38514776048101,0.3258491177338243,0.006581725402655497
2013-07-23,0.491197,0.813009,-0.474258,-0.689661,-0.689659,-0.592818,-1.45156,-2.440155,-3.042853,-3.128727,-2.795283,-1.0,53.628929,51.99707975,1.0269115216881024,49.94325670662379,54.0509027933762,52.503603116625676,0.38005175596862983,-0.006920477694523618
2013-07-24,0.457629,0.457629,-0.254229,-0.067754,-0.06776,-0.037278,-1.030502,-2.089259,-2.683042,-3.055585,-2.66101,0.0,53.59259,52.154678049999994,1.0172913510895116,50.12009534782097,54.18926075217902,52.60731615313752,0.41528829867716865,-0.0006778303782721435
2013-07-25,-0.4074,0.067905,-0.52622,-0.15254,-0.152538,0.30895,-0.735018,-1.680527,-2.290779,-2.84773,-2.472696,0.0,53.510841,52.28502605,1.0156052079946947,50.25381563401061,54.31623646598939,52.69336613855299,0.43164135864907394,-0.0015265433630265422
2013-07-26,0.324018,0.324018,-0.494537,-0.458328,-0.458333,0.627565,-0.119364,-0.948149,-1.633687,-2.226456,-2.027617,0.0,53.265583,52.39539,0.9950050448604736,50.40537991027905,54.385400089720946,52.74786298250032,0.4199698545398931,-0.004593868611283114
2013-07-29,-0.34106,0.187596,-0.375163,0.0,0.0,0.3513,0.018766,-0.687805,-1.465714,-2.084574,-2.029322,0.0,53.265583,52.484862,0.9884272936341613,50.50800741273168,54.46171658726832,52.797169650833624,0.4060395324653001,0.0
2013-07-30,1.707362,1.792723,-0.017075,-0.119367,-0.11937,0.310739,0.257816,-0.336914,-1.165267,-1.749694,-1.907682,0.0,53.202,52.5820548,0.956509631648794,50.66903553670242,54.49507406329759,52.835724922182806,0.3854260831764833,-0.0011944106509687794
2013-07-31,-0.151041,0.587347,-0.335634,1.74151,1.741515,-1.208264,-1.11764,-1.743026,-2.596077,-3.158921,-3.547577,1.0,54.128521,52.72330294999999,0.9663083760772802,50.79068619784543,54.65591970215455,52.9588483581654,0.43879413193110395,0.017265247698649615
2013-08-01,0.317467,0.551386,-0.367585,0.436306,0.43631,-1.323311,-1.294903,-1.970482,-2.749372,-3.324976,-3.865216,0.0,54.364689,52.87000135000001,0.9823242398645192,50.905352870270974,54.834649829729045,53.09273794310203,0.49444581534931586,0.004353606516482712
2013-08-02,-0.266315,0.149798,-0.765654,0.384304,0.384292,-1.221704,-1.502994,-2.082776,-2.7971,-3.437412,-4.011868,0.0,54.573608,53.04712935,0.9522078764377229,51.142713597124555,54.95154510287544,53.233773186616126,0.5490787546046221,0.003835552085511767
2013-08-05,0.36636,0.416322,-0.566192,-0.049936,-0.049929,-0.70275,-1.353875,-1.787401,-2.440468,-3.16403,-3.770191,0.0,54.54636,53.2151738,0.9015903768607242,51.41199304627855,55.01835455372145,53.35878145455745,0.5834514021168431,-0.0004994136465717899
2013-08-06,0.317667,0.601906,-0.267518,-0.399666,-0.399678,0.110358,-0.829286,-1.177052,-1.774777,-2.549396,-3.137145,0.0,54.32835,53.3641427,0.8194046740064409,51.72533335198712,55.00295204801289,53.451121316028164,0.5863414091179706,-0.004004792139089626
2013-08-07,0.116798,0.500578,-0.250294,0.200635,0.200648,0.023356,-0.87269,-1.111299,-1.71951,-2.51427,-3.08638,0.0,54.437359,53.501303400000005,0.7519692089153601,51.99736498216929,55.00524181783072,53.545048714501675,0.5906195808810395,0.0020044743421678353
2013-08-08,-0.066692,0.216776,-0.666992,0.066737,0.066746,-0.003341,-0.762055,-0.996059,-1.625819,-2.355849,-2.932581,0.0,54.473694,53.588050599999995,0.7594059447301751,52.06923871053964,55.10686248946035,53.63349112264437,0.5901392358990449,0.0006672417600822609
2013-08-09,0.218305,0.43661,-0.251893,-0.700344,-0.700345,0.523921,0.09067,-0.242943,-0.777507,-1.440815,-2.061021,-1.0,54.09219,53.671619199999995,0.7148537120480793,52.24191177590384,55.10132662409615,53.677176730011574,0.5526042962590267,-0.0070280931040122875
2013-08-12,0.528297,0.698711,-0.289705,-1.460961,-1.460958,1.54737,1.581451,1.148593,0.766011,0.179269,-0.494782,-1.0,53.301926,53.71022435,0.6693464255529927,52.371531498894015,55.04891720110598,53.64143856524856,0.4538580923101989,-0.014717347535775282
2013-08-13,-0.459415,0.306284,-0.91883,0.153372,0.153347,1.037964,1.459947,0.963093,0.688294,0.17834,-0.514417,0.0,53.383663,53.751099599999996,0.6188617263922636,52.51337614721547,54.988823052784525,53.61688851141537,0.3778409912983136,0.0015322972251249076
2013-08-14,0.239928,0.239928,-0.428449,-0.714645,-0.714631,1.22365,1.977718,1.615535,1.480718,0.998113,0.308481,-1.0,53.002167,53.7869797,0.5458569104144245,52.69526587917115,54.878693520828854,53.558343605566286,0.2835448239380369,-0.0071719633197625966
2013-08-15,0.086466,0.190219,-0.795433,-0.891178,-0.891179,1.393743,2.545394,2.404751,2.349129,1.89037,1.280192,-1.0,52.529823,53.76381645,0.5894102217386992,52.5849960065226,54.9426368934774,53.46038926217902,0.16875491704392687,-0.008951734051680187
2013-08-16,0.312501,0.347224,-0.520832,-0.397716,-0.397707,1.12152,2.524299,2.693279,2.631068,2.289576,1.766775,0.0,52.320908,53.69750690000001,0.6720395697871412,52.353427760425724,55.04158603957429,53.35186723720959,0.06023108780161124,-0.003985003718639607
2013-08-19,0.559444,0.769233,-0.139861,-0.694443,-0.694451,1.311186,2.743007,3.243589,3.152096,2.960838,2.527971,-1.0,51.957565,53.59531745,0.7714418341209212,52.05243378175816,55.138201118241845,53.21907654795153,-0.0544657252834142,-0.0069687340056338335
2013-08-20,-0.378655,0.413081,-0.413081,1.573427,1.573424,-0.48881,0.857146,1.590363,1.473322,1.381757,1.029835,1.0,52.775078,53.5526249,0.7928143576338795,51.96699618473224,55.13825361526776,53.17679097195615,-0.07849249650065104,0.015611743973038099
2013-08-21,0.500603,0.742276,-0.138099,-0.292598,-0.292591,-0.341797,0.807866,1.697444,1.678743,1.70481,1.384998,0.0,52.620663,53.50402855,0.8195718130092183,51.86488492398156,55.14317217601844,53.12382640319842,-0.10874039421784687,-0.0029301964010968935
2013-08-22,-0.538283,0.243099,-0.746659,-0.586918,-0.586929,0.163231,0.989763,2.03624,2.164445,2.253176,1.956365,-1.0,52.311817,53.44407735,0.8618126618921398,51.720452026215725,55.16770267378428,53.04649217432238,-0.1558369705579068,-0.005886583293185451
2013-08-23,-0.654835,0.017234,-0.792691,0.764023,0.764028,-0.448044,-0.037911,1.027056,1.337239,1.406859,1.201678,1.0,52.711494,53.4163729,0.8766313400402321,51.66311021991953,55.16963558008047,53.014587586291675,-0.15907701218549164,0.007611242221689898
2013-08-26,0.711193,0.711193,-0.225493,-0.654835,-0.65484,0.364272,0.442329,1.415445,1.919348,1.950396,1.858347,-1.0,52.366318,53.37140965,0.9072982287665268,51.55681319246694,55.18600610753305,52.95284762569246,-0.18733807030185545,-0.006569935841428048
2013-08-27,-0.348495,0.505313,-0.365921,-0.450993,-0.450985,0.571522,0.656903,1.593768,2.278266,2.297257,2.291915,0.0,52.130154,53.31781735,0.9485497159595703,51.42071791808086,55.214916781919136,52.874495851816995,-0.22618431161465224,-0.004520045463066682
2013-08-28,-0.364579,0.347224,-0.590275,0.365913,0.365919,0.09027,0.159716,0.953698,1.732632,1.827075,1.921289,0.0,52.320908,53.2274367,0.9533431291319335,51.32075044173613,55.134122958263866,52.82177319926299,-0.23882495866469355,0.003652508809682764
2013-08-29,-0.155712,0.294117,-0.224914,0.347224,0.347224,-0.183397,-0.192049,0.354086,1.203278,1.397914,1.537476,0.0,52.502579,53.1343312,0.92699578504087,51.28033962991826,54.98832277008174,52.79137375171413,-0.23151467406098902,0.0034662304621543793
2013-08-30,0.521195,0.694925,-0.764421,-0.415225,-0.415244,0.069504,0.217175,0.542053,1.406369,1.745667,1.873997,0.0,52.284565,53.01987905,0.8800628422250355,51.259753365549926,54.780004734450074,52.743106251550884,-0.24054032943915615,-0.004161088970413981
2013-09-03,1.171809,1.395832,-0.379112,0.816539,0.816549,-0.610026,-0.45149,-0.346947,0.410995,0.879546,0.967316,1.0,52.711494,52.92813575,0.804995001798531,51.31814574640294,54.538125753597065,52.74009556092699,-0.21081349727743515,0.008132331003071593
2013-09-04,-0.346556,0.173284,-0.485182,-0.551441,-0.551447,0.051992,0.032932,0.083183,0.785835,1.379319,1.450363,-1.0,52.420818,52.83275915,0.740808929925947,51.35114129014811,54.314377009851896,52.70968817417204,-0.20830864020170736,-0.005529731728698137
2013-09-05,0.366049,0.522922,-0.244031,-0.589151,-0.589144,0.564753,0.528149,0.562431,1.160014,1.825344,1.956887,-1.0,52.111984,52.7164904,0.6529917883020678,51.41050682339586,54.02247397660413,52.65276396710803,-0.22860858818851426,-0.005908861001706004
2013-09-06,0.276862,0.501816,-0.674855,0.732091,0.732085,-0.16958,-0.167845,-0.173036,0.236205,0.942728,1.151299,1.0,52.493488,52.6174801,0.5061449773917844,51.60519014521643,53.62977005478357,52.63759482738345,-0.21147451224440061,0.007294182306158925
2013-09-09,-0.945993,0.085997,-1.066387,0.605639,0.605639,-0.571033,-0.749909,-0.712068,-0.48847,0.201589,0.513709,1.0,52.811409,52.55344105,0.37334132508010326,51.806758399839794,53.30012370016021,52.65414855810884,-0.17027919334523745,0.006038123106868405
2013-09-10,-0.051543,0.017184,-0.721649,0.103199,0.103205,-0.615123,-0.757732,-0.699886,-0.632303,-0.028865,0.38488,0.0,52.865913,52.53164039999999,0.33843251582542605,51.85477536834914,53.20850543165085,52.674316600193706,-0.1317152575314111,0.001031517525260899
2013-09-11,-0.238863,0.0,-0.784847,0.704467,0.704471,-1.003246,-1.243819,-1.336522,-1.341071,-0.810103,-0.31508,1.0,53.238338,52.52437414999999,0.3202480787357107,51.88387799252857,53.16487030747142,52.728032923984784,-0.07029120232078867,0.007020011468560156
2013-09-12,-0.034137,0.375488,-0.153613,-0.034121,-0.034128,-0.552996,-1.041134,-1.227741,-1.286908,-0.867724,-0.337941,0.0,53.220169,52.53527425,0.3404398106567111,51.85439462868658,53.21615387131342,52.774903026462425,-0.022815282115075775,-0.0003413348672343284
2013-09-13,1.162985,1.248503,-0.342058,-0.204813,-0.204796,-0.116313,-0.723465,-0.924706,-1.029603,-0.766904,-0.21209,0.0,53.111176,52.5643419,0.36395637194555414,51.83642915610889,53.29225464389111,52.80692902394219,0.005946356588722779,-0.002050064130621909
2013-09-16,0.844882,0.86178,-0.118278,1.214296,1.214283,-0.963161,-1.640758,-1.983779,-2.083475,-1.982427,-1.459953,1.0,53.756096,52.63610129999999,0.4457312214863228,51.74463885702735,53.52756374297264,52.89732587880484,0.07985924894537533,0.01206969761857201
2013-09-17,0.772717,0.856715,-0.268776,0.591414,0.591406,-1.098595,-1.967068,-2.349507,-2.463456,-2.501588,-2.068416,1.0,54.074013,52.741923699999994,0.5210344495172026,51.69985480096559,53.7839925990344,53.00939131891867,0.16221903356730394,0.005896644714976047
2013-09-18,-2.010549,0.230709,-2.521432,1.931806,1.931806,-2.290703,-3.335529,-3.838715,-4.099372,-4.223465,-3.876618,1.0,55.118618,52.8591007,0.744489533896753,51.37012163220649,54.34807976779351,53.21027005045022,0.3082275937860004,0.01913383457678007
2013-09-19,1.349792,1.382715,0.0,0.115354,0.115357,-1.692176,-2.890531,-3.603838,-3.977774,-4.175798,-3.942382,0.0,55.182201,52.987177599999995,0.904459631532348,51.1782583369353,54.79609686306469,53.39807299802639,0.4241813478743168,0.0011529018119580921
2013-09-20,1.07652,1.142759,-0.016562,-0.609055,-0.609041,-0.457115,-1.86652,-2.728286,-3.158339,-3.419683,-3.331133,-1.0,54.846119,53.113892699999994,0.9792938952875684,51.155304909424856,55.07248049057513,53.5359821410715,0.48338437061730843,-0.00610902802515976
2013-09-23,-0.149574,0.01662,-1.263092,-0.347793,-0.347799,0.219371,-1.186643,-2.099614,-2.64252,-2.911757,-2.9594,0.0,54.655365,53.211086249999994,1.0322839916335784,51.14651826673284,55.27565423326715,53.642590032398026,0.5090430081439479,-0.0034840476309339215
2013-09-24,-0.700589,0.183486,-0.700589,-0.36563,-0.365644,0.727279,-0.532103,-1.526822,-2.093405,-2.371971,-2.532661,0.0,54.455521,53.3155464,1.047888617532147,51.219769164935705,55.4113236350643,53.7200120293125,0.5074028978512146,-0.003663139963298526
2013-09-25,-0.437344,0.605551,-1.295212,-0.834029,-0.834015,1.160634,0.445747,-0.503512,-1.096727,-1.460058,-1.674804,-1.0,54.001354,53.4091064,1.0196348157049406,51.36983676859012,55.44837603140988,53.74680650271131,0.4641056957945082,-0.008375119690707337
2013-09-26,-0.218746,0.302872,-0.286055,-0.033645,-0.033653,0.750469,0.620903,-0.238933,-0.90947,-1.325927,-1.581128,0.0,53.983181,53.49222005,0.9936820497213896,51.50485595055722,55.47958414944278,53.76931835959595,0.42344473468689614,-0.0003365852373502593
2013-09-27,0.033673,0.336709,-0.252528,-0.050482,-0.050475,0.471381,0.828282,-0.007857,-0.724749,-1.15421,-1.443323,0.0,53.955933,53.564887750000004,0.9703690210299649,51.62414970794008,55.50562579205993,53.78709118249157,0.3845886456745191,-0.0005048772325256495
2013-09-30,-0.016936,0.287897,-0.355628,-0.589224,-0.589231,0.687556,1.403899,0.687558,-0.010157,-0.499234,-0.777303,-1.0,53.638008,53.632559900000004,0.922389189796017,51.78778152040797,55.47733827959204,53.77289278415904,0.32440152584232607,-0.005909736595545471
2013-10-01,0.084596,0.372249,-0.186123,0.084678,0.084675,0.314724,1.24535,0.703895,-0.004228,-0.485276,-0.754086,0.0,53.683426,53.6811565,0.896549728827533,51.88805704234493,55.47425595765507,53.76437213804866,0.2771725798103546,0.000846392021026688
2013-10-02,-0.099364,0.0,-0.629349,2.165816,2.165832,-1.503818,-0.950653,-1.235516,-1.902956,-2.396828,-2.732149,1.0,54.846119,53.80242155,0.8809924772290025,52.04043659554199,55.564406504458006,53.86739564871069,0.3297616211834793,0.02142711432933435
2013-10-03,0.369188,0.436306,-0.184605,-1.308375,-1.308384,-0.144322,0.167811,0.185711,-0.416181,-0.969294,-1.349783,-1.0,54.128521,53.903248399999995,0.7878100165371738,52.32762836692565,55.47886843307434,53.892264729785865,0.30996160948227214,-0.013170190284364383
2013-10-04,0.184717,0.537359,-0.067175,-0.067128,-0.06712,-0.026875,0.09571,0.373907,-0.20152,-0.785232,-1.173813,0.0,54.09219,53.98318350000001,0.7149799393406632,52.553223621318686,55.41314337868133,53.91130523171102,0.2880182543376435,-0.0006714241854290509
2013-10-07,0.100954,0.538446,-0.050482,-0.201512,-0.201524,0.302884,0.173318,0.604637,0.108536,-0.459024,-0.895728,0.0,53.983181,54.0417721,0.6597855313297221,52.72220103734056,55.361343162659445,53.91815054297663,0.25884803302105297,-0.002017278052496659
2013-10-08,0.524364,0.710425,-0.202976,-0.521628,-0.521625,0.835598,0.558195,1.085935,0.711273,0.136678,-0.293182,-1.0,53.701591,54.08355600000001,0.6056394042423288,52.87227719151535,55.294834808484666,53.897525824597906,0.21058101594371692,-0.0052299064501958835
2013-10-09,-0.21967,0.253466,-0.557618,0.101494,0.101496,0.327814,0.410611,0.814465,0.657317,0.134505,-0.293455,0.0,53.756096,54.109443899999995,0.57804641901553,52.95335106196894,55.26553673803105,53.88405631749335,0.17471317047350965,0.0010144458939314888
2013-10-10,-1.520464,0.183803,-1.537172,1.132135,1.132138,-0.708437,-0.643273,-0.414367,-0.364242,-0.820717,-1.284321,1.0,54.364689,54.1666699,0.5408307206696455,53.08500845866071,55.248331341339295,53.92983085868446,0.19316927820512575,0.011257769310672919
2013-10-11,-0.633335,0.0,-0.899994,0.250629,0.250628,-0.806669,-0.791667,-0.705555,-0.485833,-0.921333,-1.40889,0.0,54.500942,54.2361582,0.48441812556511477,53.26732194886977,55.204994451130226,53.98422239595261,0.2162970175594765,0.0025031420824372336
2013-10-14,-0.06635,0.132689,-0.530776,0.483338,0.483331,-0.998507,-1.063192,-1.169899,-0.872448,-1.255264,-1.732182,0.0,54.764362,54.2865715,0.48429368043477794,53.317984139130445,55.25515886086956,54.05852140586188,0.2529656792466781,0.004821668008039053
2013-10-15,0.482293,0.648597,-0.099777,-0.265388,-0.265384,-0.399134,-0.628635,-0.886965,-0.558787,-0.864125,-1.354286,0.0,54.619026,54.31382215,0.48702966133662895,53.339762827326744,55.287881472673256,54.1119027957798,0.26721813294181374,-0.0026573703408343356
2013-10-16,0.083228,0.116526,-0.649245,-0.099777,-0.099777,-0.003334,-0.580993,-0.719166,-0.510242,-0.667892,-1.124804,0.0,54.564529,54.2861177,0.45344104026151166,53.37923561947697,55.192999780523024,54.15501005332458,0.2709920253474962,-0.0009982639698012919
2013-10-17,-0.787143,0.196785,-0.967529,1.514893,1.514904,-1.124966,-1.836676,-2.031275,-1.976065,-1.993448,-2.402982,1.0,55.391129,54.29656409999999,0.47696788538063406,53.34262832923872,55.25049987076126,54.27273566729367,0.3368001515873047,0.015035434956956096
2013-10-18,0.048895,0.293345,-0.293356,0.623156,0.623161,-1.294013,-2.149622,-2.425045,-2.503273,-2.412008,-2.813464,1.0,55.736305,54.341073400000006,0.564460181118302,53.2121530377634,55.46999376223661,54.41212322278951,0.4120564538938609,0.006212275361200409
2013-10-21,-0.08099,0.178165,-0.388727,0.619299,0.619282,-1.431807,-2.377712,-2.735125,-2.97619,-2.846777,-3.217255,1.0,56.08147,54.41237865000001,0.6837282842584008,53.04492208148321,55.77983521851681,54.571108630142895,0.49385667417513446,0.00617372499723226
2013-10-22,-0.831206,0.335674,-0.895137,1.328148,1.328145,-1.946922,-3.107411,-3.641298,-4.039317,-3.926465,-4.253511,1.0,56.826313,54.53091824999999,0.8713687966456787,52.78818065670863,56.27365584329135,54.78588999870071,0.6117348447752704,0.013194020562656741
2013-10-23,0.159768,0.559193,-0.063912,0.047957,0.04795,-1.188677,-2.609033,-3.452086,-3.834469,-3.850446,-4.087438,0.0,56.853561,54.6735286,1.0035165754352913,52.666495449129414,56.68056175087058,54.982811046443494,0.6992918292081356,0.0004793812583186543
2013-10-24,0.206777,0.286312,-0.206777,0.447347,0.447369,-1.02752,-2.562433,-3.53428,-3.989187,-4.143791,-4.287686,0.0,57.107906,54.829764850000004,1.1261317822018675,52.57750128559627,57.08202841440374,55.18520104202031,0.7802110981602866,0.004463709164294493
2013-10-25,0.079231,0.221837,-0.253518,0.381741,0.381725,-0.849303,-2.440172,-3.525052,-4.06036,-4.335276,-4.406581,0.0,57.325901,54.998263249999994,1.2353257057836848,52.52761183843263,57.46891466156736,55.389077228494564,0.8521080057648476,0.0038099800996794914
2013-10-28,-0.031623,0.237156,-0.347825,0.221837,0.221839,-0.591302,-2.188135,-3.335962,-3.940704,-4.352246,-4.403682,0.0,57.453072,55.18901645,1.3067158184940422,52.575584813011915,57.80244808698808,55.58564815911413,0.908871554392185,0.0022159294287771502
2013-10-29,0.015827,0.20573,-0.458938,-0.094857,-0.094848,-0.297525,-1.61102,-2.814797,-3.52588,-4.056344,-4.119856,0.0,57.398579,55.3747741,1.3449293533453623,52.68491539330928,58.064632806690724,55.7583082391985,0.938639889591478,-0.000948928528490894
2013-10-30,0.812622,0.924153,-0.207139,-0.680493,-0.680496,0.439771,-0.508283,-1.76864,-2.675269,-3.188016,-3.352451,-1.0,57.007984,55.48286734999999,1.3864395842190498,52.70998818156189,58.255746518438094,55.87732497832245,0.920107332957393,-0.0068282187204448406
2013-10-31,0.143014,0.333702,-0.20658,0.270877,0.27088,0.187504,-0.46719,-1.707721,-2.672815,-3.227081,-3.49807,0.0,57.162407,55.63456165,1.396394904938285,52.84177184012343,58.427351459876576,55.99971374229174,0.9074206138514,0.002705133841033246
2013-11-01,-0.144229,0.144239,-0.641018,-0.842209,-0.842214,0.810901,0.544874,-0.616448,-1.617784,-2.212816,-2.570508,-1.0,56.680977,55.76400099999999,1.3655428793521527,53.03291524129569,58.495086758704296,56.064595957311575,0.8487352286390006,-0.008457810247511308
2013-11-04,0.191572,0.191572,-0.941889,0.384614,0.384619,0.229886,0.303319,-0.747126,-1.738505,-2.358237,-2.812366,0.0,56.898983,55.90979109999999,1.3203111466301762,53.26916880673964,58.55041339326034,56.14406138994857,0.8104752461661704,0.003838815715738834
2013-11-05,-0.349095,0.333224,-0.476034,0.606644,0.606649,-0.428442,-0.228507,-1.039888,-2.021587,-2.698197,-3.236016,1.0,57.24416,56.08691954999999,1.2438926988344894,53.59913415233101,58.57470494766897,56.24883268614394,0.7987987784604869,0.006048160987141339
2013-11-06,-0.238125,0.206383,-0.301631,-0.047607,-0.047614,-0.307982,-0.117477,-0.683703,-1.672485,-2.486106,-3.00259,0.0,57.216904,56.25995995000001,1.138867829155582,53.982224291688844,58.537695608311175,56.34102995413023,0.7783731609878259,-0.0004762492949597166
2013-11-07,0.563062,0.852643,-0.19305,-1.317669,-1.317663,0.775415,1.10199,0.768979,-0.173749,-1.018665,-1.561029,-1.0,56.462978,56.364874400000005,1.0481161604908955,54.268642079018214,58.461106720981796,56.352644053736874,0.6933575899082456,-0.013264212461750016
2013-11-08,-0.064385,0.048277,-0.965729,-0.048254,-0.048272,0.73717,0.993085,0.900268,0.045878,-0.804759,-1.36702,0.0,56.435722,56.4616134,0.9518958628358865,54.557821674328224,58.36540512567177,56.36055623909527,0.6166741699466627,-0.00048283993579252197
2013-11-11,0.032208,0.370369,-0.193238,-0.048289,-0.048274,0.611912,0.856678,0.987648,0.239931,-0.584869,-1.155668,0.0,56.408478,56.54381920000001,0.8645964718890217,54.81462625622196,58.273012143778054,56.36512021632429,0.547393631002997,-0.00048286044881938156
2013-11-12,-0.161549,0.436191,-0.339254,-0.322069,-0.322077,0.57513,0.974162,1.242874,0.706796,-0.083996,-0.685503,0.0,56.226799,56.62420784999999,0.7423093541644694,55.13958914167105,58.10882655832893,56.35194676715055,0.47238299073656265,-0.0032259725797905824
2013-11-13,-1.009133,0.208234,-1.217367,0.856225,0.856236,-0.458119,0.064067,0.366271,0.040841,-0.724016,-1.419194,1.0,56.708233,56.731393049999994,0.5621598521040778,55.60707334579184,57.85571275420815,56.38587878932669,0.4466356800920721,0.008525909238298787
2013-11-14,-0.558303,0.558301,-0.60616,0.416468,0.416455,-0.701862,-0.389211,-0.069118,-0.237671,-0.954532,-1.663204,0.0,56.944397,56.80905645,0.46639046054374944,55.8762755289125,57.7418373710875,56.439070999867,0.44021271385958016,0.004155897490598505
2013-11-15,-0.128048,0.128038,-0.400128,-0.334979,-0.334969,-0.256088,-0.041619,0.199524,0.187253,-0.462874,-1.176383,0.0,56.753651,56.85992374999999,0.3929246357539347,56.07407447849212,57.645773021507864,56.46903099987967,0.4149476011263289,-0.0033553114113855443
2013-11-18,0.096055,0.288178,-0.448292,-0.032012,-0.032016,-0.108872,-0.038425,0.147294,0.276975,-0.292027,-0.98303,0.0,56.735481,56.8926243,0.34954969950053594,56.19352490099893,57.59172369900107,56.49440719036732,0.3889747908524015,-0.00032020687505568385
2013-11-19,-0.302543,0.095537,-0.700632,0.544345,0.544347,-0.363056,-0.61465,-0.436305,-0.246816,-0.661783,-1.323779,0.0,57.044319,56.903524600000004,0.35077002652780315,56.201984546944395,57.605064653055614,56.54677974366567,0.38882961139729844,0.0054287098145222815
2013-11-20,1.16486,1.601684,-0.097067,-1.576435,-1.576425,1.032189,0.786273,1.055917,1.28781,1.041895,0.398526,-1.0,56.145058,56.86809945,0.3896981973700663,56.08870305525987,57.647495844740135,56.50852052998322,0.31254883989945625,-0.015889828969926433
2013-11-21,-0.303569,0.111834,-1.421957,1.261937,1.261915,-0.258818,-0.401015,-0.239647,0.003203,-0.114387,-0.706707,1.0,56.853561,56.855382199999994,0.3855889979724346,56.084204204055126,57.62656019594486,56.541381527127676,0.3057416503794883,0.01254019369384226
2013-11-22,-0.490669,0.0,-0.949668,0.942641,0.942666,-0.968672,-1.164938,-1.088965,-0.925148,-0.931955,-1.466195,1.0,57.3895,56.85856215,0.3899116143620304,56.078738921275935,57.63838537872406,56.62215471502027,0.33967711556609004,0.009382503005837107
2013-11-25,0.095063,0.538654,-0.110895,-0.094972,-0.094986,-0.665393,-0.909374,-0.944228,-0.841249,-0.750312,-1.223062,0.0,57.334988,56.85265795,0.38123295202761376,56.090192045944775,57.61512385405523,56.690043599304055,0.3580452308482833,-0.0009503115690948148
2013-11-26,0.190415,0.238022,-0.745794,-0.158427,-0.158416,-0.43796,-0.574426,-0.787058,-0.697404,-0.563638,-0.913473,0.0,57.24416,56.844936999999994,0.3710216699207694,56.10289366015846,57.58698033984153,56.74281658984653,0.36111037836739257,-0.0015854196965246058
2013-11-27,0.221626,0.253288,-0.506565,0.238022,0.238014,-0.243786,-0.693367,-1.003641,-0.900744,-0.763021,-0.985173,0.0,57.380409,56.863558250000004,0.3885665580735175,56.08642513385297,57.64069136614704,56.803539676527805,0.37026549533117503,0.0023773099494708927
2013-11-29,0.07892,0.189395,-0.315653,0.30077,0.300766,-0.299864,-0.885407,-1.174234,-1.163975,-1.029664,-1.156873,0.0,57.55299,56.8830874,0.41339882868127686,56.056289742637446,57.709885057362555,56.874915897810865,0.3869859032619871,0.003003150193229908
2013-12-02,0.301498,0.412569,-0.222154,-0.536613,-0.536601,0.187236,-0.265001,-0.546922,-0.581568,-0.501435,-0.535816,-1.0,57.24416,56.91124655,0.41806190007890964,56.07512274984218,57.74737035015782,56.91008200278126,0.37103983080593395,-0.005380460142700788
2013-12-03,0.223536,0.415138,-0.3353,-0.618854,-0.618858,0.65464,0.383204,0.128799,0.036724,0.078557,0.130927,-1.0,56.8899,56.910792400000005,0.4180808565178968,56.07463068696421,57.7469541130358,56.90815990727828,0.32605803807476974,-0.006207807514637196
2013-12-04,0.097938,0.359124,-0.571334,-2.187444,-0.327035,0.794323,0.652526,0.513417,0.31731,0.357916,0.452266,0.0,56.70385,56.8837769,0.4128294476779143,56.05811800464417,57.70943579535583,56.88870182087082,0.27225853621331453,-0.0032757113197528103
2013-12-05,0.098679,0.246702,-0.213817,-0.750896,-0.7509,1.165163,1.437677,1.222924,0.99288,1.065325,1.178182,-1.0,56.278061,56.836834749999994,0.4261196818758087,55.98459538624838,57.68907411375161,56.830545552216456,0.1930391938863849,-0.0075373307467290485
2013-12-06,-0.748452,0.016272,-0.82981,1.08552,1.085524,-0.154659,0.354596,0.129429,-0.054208,-0.039209,0.078835,1.0,56.888973,56.85813449999999,0.41699789365542406,56.024138712689144,57.69213028731084,56.83611007105298,0.1775066015346738,0.01079674730145966
2013-12-09,-0.471156,0.259955,-0.828586,0.146435,0.146436,-0.396099,0.134623,0.008601,-0.153262,-0.164921,-0.088192,0.0,56.972279,56.88496235,0.40549252695818394,56.07397729608363,57.69594740391637,56.849078540476505,0.1699598171960517,0.001463289984984447
2013-12-10,0.032505,0.178831,-0.243867,-0.06498,-0.064975,-0.315404,0.129521,0.097017,-0.042082,-0.097462,-0.053548,0.0,56.935261,56.91130149999999,0.3897149566233081,56.13187158675338,57.69073141324661,56.857286393764454,0.15915722756098916,-0.0006499657758074742
2013-12-11,0.245542,0.327382,-0.229172,-0.682821,-0.682837,0.314301,0.694563,0.726523,0.673428,0.540048,0.583386,-1.0,56.546486,56.92728585000001,0.3659963969148076,56.1952930561704,57.65927864382962,56.82768635626308,0.11786651229066081,-0.006851789495000022
2013-12-12,0.653053,1.028573,-0.179591,0.261912,0.261919,0.199183,0.310547,0.528009,0.409231,0.240551,0.302201,0.0,56.694592,56.926603799999995,0.3664385395029794,56.193726720994036,57.659480879005955,56.815010703285644,0.09598775232340984,0.0026157660641124274
2013-12-13,-0.243736,0.194995,-0.731228,0.473462,0.47347,-0.246995,-0.265726,0.067093,-0.062302,-0.196708,-0.182129,0.0,56.963024,56.927535150000004,0.36650980788009696,56.19451553423981,57.660554765760196,56.82910720773463,0.09916577511461355,0.0047235285860327495
2013-12-16,-0.047941,0.399489,-0.287637,1.689965,1.689951,-1.575578,-1.805523,-1.53418,-1.621966,-1.752418,-1.769342,1.0,57.925671,56.98613615000001,0.4260971769313158,56.13394179613738,57.838330503862636,56.93354185461705,0.17731793798390783,0.01675829861396016
2013-12-17,0.401349,0.449514,-0.417404,-0.463411,-0.463402,-0.866915,-1.215282,-1.038502,-1.084023,-1.208383,-1.268183,0.0,57.657242,57.032224199999995,0.4469010352130034,56.13842212957399,57.926026270426,57.002465677986855,0.2151144081751326,-0.004644795249159037
2013-12-18,-0.959874,0.0,-1.60504,2.022801,2.022806,-2.058229,-2.81354,-2.821615,-2.893996,-2.990546,-3.13624,1.0,58.823536,57.121185049999994,0.6002219411531967,55.9207411676936,58.32162893230639,57.17590094675001,0.33531327902951347,0.02002618797897102
2013-12-19,-0.685794,0.420815,-1.075445,0.959876,0.959869,-2.082296,-3.213843,-3.52015,-3.544182,-3.732354,-3.935297,1.0,59.388165,57.2833404,0.7435883170382811,55.79616376592344,58.77051703407656,57.38659276134525,0.4707065792256273,0.0095529171670336
2013-12-20,-0.202273,0.171152,-0.248953,0.171444,0.171438,-1.400337,-2.942269,-3.468204,-3.487676,-3.72595,-3.930099,0.0,59.489979,57.4151613,0.8838479478748854,55.647465404250234,59.18285719574977,57.586915260264746,0.5795416881630331,0.0017129141062995794
2013-12-23,-0.35831,0.389469,-0.669882,-0.124482,-0.124476,-0.775816,-2.410026,-3.104215,-3.196862,-3.426733,-3.643171,0.0,59.415928,57.516482700000005,0.9904715800764186,55.535539539847164,59.497425860152845,57.761106949763345,0.6522996944454675,-0.0012455396277893038
2013-12-24,0.015545,0.155447,-0.139902,0.218105,0.218105,-0.357528,-2.184049,-3.017769,-3.221918,-3.44814,-3.677262,0.0,59.545517,57.627009150000006,1.0877152057916974,55.451578738416615,59.8024395615834,57.93105076407159,0.7122077997157987,0.0021786731198348485
2013-12-26,0.186393,0.186393,-0.186393,0.077728,0.077729,-0.177076,-1.748991,-2.770012,-3.100107,-3.352135,-3.563849,0.0,59.591801,57.74439120000001,1.1679407347578152,55.40850973048438,60.08027266951564,58.08921745320763,0.7547201921672979,0.000776985802693545
2013-12-27,0.415452,0.430829,-0.446227,0.947499,0.94752,-0.858613,-2.095726,-3.252827,-3.7789,-3.992566,-4.277955,1.0,60.156445,57.88319299999999,1.281812600983034,55.31956779803392,60.44681820196606,58.28609626718786,0.8244696484507585,0.00943058798135901
2013-12-30,-0.447524,0.462969,-0.555555,-0.292359,-0.292386,-0.404309,-1.305543,-2.625502,-3.294375,-3.502497,-3.828526,0.0,59.980556,58.004571299999995,1.3613667867853163,55.28183772642936,60.72730487357063,58.44747338459854,0.8556899615110112,-0.002928142440861057
2013-12-31,-0.199021,0.10716,-0.443973,0.802473,0.802505,-0.851211,-1.67179,-3.015942,-3.798168,-4.067467,-4.389723,1.0,60.461903,58.16545845,1.4537724297592907,55.25791359048142,61.07300330951858,58.63932382416058,0.9087969194754777,0.007993021177095676
2014-01-02,0.652787,0.730494,-0.48181,-1.500308,-1.500323,0.662109,0.144542,-1.245471,-2.109111,-2.457153,-2.775611,-1.0,59.554779,58.2987024,1.452832342630848,55.393037714738306,61.2043670852617,58.72651003138338,0.8676851068325249,-0.015116919741113045
2014-01-03,0.077272,0.540873,-0.092715,0.575071,0.575054,0.188549,-0.24879,-1.43717,-2.402245,-2.837694,-3.172739,1.0,59.897251,58.45837245,1.443782084656512,55.570808280686975,61.34593661931302,58.83800917125163,0.8529065515500704,0.005734066442554343
2014-01-06,0.404168,0.668434,-0.077718,-0.587237,-0.587229,0.575164,0.366863,-0.535774,-1.551371,-2.118316,-2.410426,-1.0,59.545517,58.621745250000004,1.3669008216731524,55.8879436066537,61.35554689334631,58.90539086922766,0.803549625883754,-0.005889599221728664
2014-01-07,0.218069,0.32711,-0.451708,-0.202084,-0.202076,0.591901,0.559188,-0.058154,-1.138631,-1.7941,-2.068572,0.0,59.42519,58.748556099999995,1.3143207817989273,56.11991453640214,61.37719766359785,58.95489554834883,0.7461236741408186,-0.0020228011426163595
2014-01-08,-0.141506,0.220128,-0.393082,-0.93458,-0.934597,1.00001,1.41511,0.991629,-0.044797,-0.757155,-1.060855,-1.0,58.869804,58.84343235,1.2460644127325393,56.35130352453492,61.33556117546508,58.94679159136323,0.6483247014175362,-0.009389916883846954
2014-01-09,0.125408,0.313525,-0.454621,0.298749,0.298756,0.526724,1.028376,0.847574,-0.163818,-0.906724,-1.258987,0.0,59.045681,58.94895335,1.1625278011285187,56.62389774774296,61.274008952257034,58.956209630281016,0.5783433330284424,0.00298310489799
2014-01-10,-0.528113,0.248528,-0.590247,0.924909,0.924911,-0.497052,0.102517,0.009319,-0.823237,-1.621,-2.032566,1.0,59.591801,59.101219099999994,1.0222692363553139,57.05668062728937,61.14575757271062,59.016742141682826,0.5604889465922156,0.009206598931166855
2014-01-13,0.221032,0.631517,-0.236809,-1.615415,-1.615414,0.824125,1.485636,1.565103,0.970166,0.154725,-0.353005,-1.0,58.629147,59.19794685000001,0.8614408479895461,57.47506515402092,60.9208285459791,58.97982831866542,0.4633202170870092,-0.01628603548946711
2014-01-14,0.468317,0.468317,-0.390249,1.136722,1.136721,-0.352793,0.229477,0.401712,0.032007,-0.808611,-1.375021,1.0,59.295597,59.314575500000004,0.6821844527321852,57.950206594535636,60.67894440546437,59.00990152641157,0.4350749706987429,0.011303091664108929
2014-01-15,-0.109473,0.250238,-0.156395,-0.187324,-0.187333,-0.059422,0.201761,0.564083,0.3261,-0.47293,-1.080635,0.0,59.184517,59.3775178,0.6004718216867838,58.17657415662643,60.57846144337357,59.02653157151523,0.39912630220994316,-0.0018750831476386626
2014-01-16,0.156113,0.249769,-0.655629,0.187675,0.187684,-0.162348,-0.02966,0.347595,0.276308,-0.500152,-1.130706,0.0,59.295597,59.45943555,0.4450850656875059,58.56926541862499,60.34960568137502,59.05215685041854,0.3752740257334253,0.001875083147638601
2014-01-17,0.434583,0.713961,-0.031033,0.577585,0.577599,-0.720175,-0.647227,-0.223509,-0.23127,-0.864204,-1.534492,1.0,59.638088,59.500163150000006,0.420418795615482,58.65932555876904,60.34100074123097,59.10795981704535,0.37963093703262984,0.005759376693216446
2014-01-21,0.199387,0.368099,-0.276069,1.195099,1.195087,-1.32209,-1.687121,-1.380372,-1.329757,-1.79264,-2.472395,1.0,60.350815,59.54829565,0.4601497206921836,58.627996208615635,60.468595091384366,59.22632697732675,0.4355739081413219,0.011880021647262044
2014-01-22,-0.438269,0.347589,-0.61962,1.48773,1.487725,-2.130874,-2.830588,-2.688023,-2.63261,-2.952393,-3.6648,1.0,61.248669,59.63623015,0.5963148548211499,58.443600440357706,60.8288598596423,59.418930979486106,0.5460637469513685,0.01476766656737128
2014-01-23,0.51601,0.591898,-0.242821,-0.423155,-0.423146,-1.123086,-2.070122,-2.216832,-2.089851,-2.339054,-3.035871,0.0,60.989498,59.71490865,0.6655125221183891,58.38388360576322,61.04593369423678,59.56850879096362,0.6057323016093576,-0.004240433159504717
2014-01-24,1.047761,1.047761,0.0,-1.502496,-1.502498,0.644062,-0.405249,-0.667706,-0.552398,-0.688453,-1.38265,-1.0,60.073132,59.74128939999999,0.6688931541936521,58.40350309161269,61.07907570838729,59.616568144205175,0.5724778153544037,-0.015138998743135672
2014-01-27,0.740969,1.034264,-0.123503,-0.184899,-0.184896,0.938553,-0.159012,-0.476498,-0.337308,-0.42854,-1.010098,0.0,59.962059,59.75980229999999,0.6696613782171031,58.42047954356578,61.0991250564342,59.64947203523326,0.5310392427574513,-0.0018506744693236401
2014-01-28,0.323772,0.508785,-0.21585,0.12349,0.123483,0.709223,-0.047796,-0.544765,-0.470245,-0.508173,-0.946655,0.0,60.036102,59.75378515,0.6664427498968452,58.42089965020631,61.08667064979369,59.686293936639615,0.49842795946631213,0.001234069068722382
2014-01-29,-0.186596,0.326552,-0.435383,-0.847986,-0.84798,0.992074,0.845903,0.317211,0.342869,0.345201,0.044056,-1.0,59.527008,59.73110775,0.6660366042907716,58.39903454141846,61.06318095858154,59.671123847435844,0.42658623085397807,-0.008515955743953927
2014-01-30,-0.170569,0.356643,-0.232598,0.279901,0.279891,0.276018,0.649717,0.12922,-0.00155,0.083735,-0.136454,0.0,59.693619,59.69269355,0.6434414503511391,58.40581064929772,60.97957645070228,59.673266242918146,0.3787295006778848,0.0027950047346162986
2014-01-31,-0.67923,0.246982,-0.694667,0.449687,0.449696,-0.209949,0.310273,-0.217157,-0.415265,-0.336535,-0.4554,0.0,59.962059,59.713057549999995,0.645289187443633,58.42247917511273,61.00363592488726,59.70077031502118,0.3583329228968708,0.0044868819406153155
2014-02-03,0.967391,1.185836,-0.140424,-1.065152,-1.065159,0.649092,1.337188,0.826965,0.608521,0.718368,0.644409,-1.0,59.323368,59.68436340000001,0.6494138331349442,58.38553573373012,60.983191066269896,59.66482723740012,0.28731942266505683,-0.01070871974274855
2014-02-04,0.39087,0.531591,-0.453401,-0.202841,-0.202832,0.572231,1.34928,1.096515,0.784079,0.858657,0.83854,0.0,59.203041,59.6672396,0.6577296135428522,58.3517803729143,60.982698827085706,59.62084759574296,0.21880903447584643,-0.0020303836478656446
2014-02-05,-0.439909,0.204243,-0.644152,-0.484674,-0.484668,0.854664,1.446966,1.545942,1.231721,1.277598,1.297184,0.0,58.916103,59.64178525000001,0.6771541203104225,58.28747700937917,60.99609349062086,59.55372906281506,0.13974961313700618,-0.004858459936383546
2014-02-06,-0.388501,0.295267,-0.404042,1.099763,1.099764,-0.285942,0.10411,0.483802,0.188799,0.115604,0.203561,1.0,59.564041,59.67649709999999,0.6528563643858218,58.370784371228346,60.98220982877164,59.554711152070766,0.12790324470188352,0.01093760418544115
2014-02-07,-0.353519,0.1076,-0.568706,1.103339,1.103325,-1.288035,-0.963719,-0.510292,-0.806944,-0.932676,-0.852544,1.0,60.221226,59.73527435000001,0.6459555361098072,58.4433632777804,61.027185422219624,59.618188756635455,0.16958932932163862,0.01097282846821706
2014-02-10,-0.503825,0.274803,-0.564887,0.676307,0.6763,-1.520604,-1.519079,-1.069716,-1.387784,-1.549922,-1.461576,1.0,60.628502,59.787109400000006,0.6747883146580358,58.43753277068394,61.136686029316074,59.71440906552732,0.23280597876080122,0.006740231006595525
2014-02-11,-0.912764,0.254371,-1.047442,2.030534,2.030542,-2.621577,-3.184201,-2.875956,-3.089186,-3.359574,-3.330845,1.0,61.859589,59.9486315,0.7637839705328698,58.42106355893426,61.47619944106574,59.91871191642948,0.37788800349220253,0.020102010662163942
2014-02-12,-0.388874,0.314098,-0.418778,0.044882,0.044887,-1.705055,-2.846245,-2.850732,-2.923273,-3.243795,-3.271515,0.0,61.887356,60.07821944999999,0.8608530350830528,58.356513379833885,61.7999255201661,60.106201829150486,0.4894648718317143,0.0004487706822339274
2014-02-13,-0.608132,0.237311,-0.667465,0.837578,0.837573,-1.610801,-3.21863,-3.506379,-3.471524,-3.820829,-3.971131,1.0,62.405708,60.239278999999996,0.9781826952526691,58.282913609494656,62.195644390505336,60.32520241685044,0.6126547160084641,0.00834085166866388
2014-02-14,-0.382861,0.058895,-0.471219,0.726788,0.726792,-1.481378,-3.45605,-3.907138,-3.884559,-4.272133,-4.488794,1.0,62.859268,60.417462549999996,1.112578924787126,58.192304700425744,62.64262039957425,60.56654199619801,0.7383705800670768,0.0072416408255559185
2014-02-18,-0.043722,0.597488,-0.291466,1.0455,1.04548,-1.591359,-3.794798,-4.528307,-4.573726,-5.015436,-5.287078,1.0,63.516449,60.611380600000004,1.2929569036557322,58.02546679268854,63.19729440731147,60.84748552036963,0.880876130767497,0.010400525347431645
2014-02-19,0.305097,0.915301,-0.101696,0.306031,0.306051,-1.310479,-3.380796,-4.435085,-4.601195,-4.986203,-5.358135,0.0,63.710842,60.77938195,1.4642636195939271,57.85085471081214,63.70790918918786,61.12018613747728,0.9979944382305987,0.003055840452859083
2014-02-20,-0.560508,0.201209,-0.747344,1.089643,1.089639,-1.592413,-3.569993,-4.960239,-5.38445,-5.693018,-6.120536,1.0,64.40506,60.9372015,1.6727610611354717,57.59167937772906,64.28272362227095,61.433031267241354,1.133759853613597,0.010837449275627388
2014-02-21,0.855816,1.174931,-0.014507,-0.919807,-0.919814,-0.237882,-2.008987,-3.647608,-4.284877,-4.527408,-4.990807,-1.0,63.812653,61.078359250000005,1.7922558261735748,57.49384759765286,64.66287090234715,61.659661908456464,1.1799508901260367,-0.009240707880933138
2014-02-24,-0.41697,0.445719,-0.589508,0.884828,0.884845,-0.641276,-2.22287,-4.035474,-4.790087,-5.049038,-5.548057,1.0,64.377296,61.29356745,1.9191232709374981,57.455320908125,65.13181399187499,61.91848420288918,1.2477364612953181,0.008809530795927091
2014-02-25,0.89376,1.00909,-0.15857,-0.258811,-0.258827,-0.167209,-1.411262,-3.279024,-4.212185,-4.517792,-5.063178,0.0,64.21067,61.505998,1.9975206502503158,57.51095669949937,65.50103930050064,62.13678761213784,1.2733334932792815,-0.0025916281040242878
2014-02-26,0.42126,0.595577,-0.174318,-0.764013,-0.764012,0.604301,-0.360253,-2.061782,-3.185644,-3.571176,-4.065947,-1.0,63.720093,61.69019755000001,2.0245170853571572,57.64116337928569,65.73923172071432,62.287578601458044,1.2397428773888919,-0.0076694517121355605
2014-02-27,-0.186782,0.086203,-0.359196,1.104012,1.104021,-0.488514,-1.054605,-2.56131,-3.862794,-4.427018,-4.848188,1.0,64.423576,61.935025949999996,2.0451208812802575,57.84478418743948,66.0252677125605,62.49100692512871,1.2554156213221859,0.01097970852220917
2014-02-28,0.186247,0.358168,-0.429803,0.287353,0.287348,-0.52722,-0.997135,-2.319962,-3.757878,-4.47679,-4.840974,0.0,64.608696,62.180779799999996,2.056882877801733,58.06701404439653,66.29454555560346,62.692691598925975,1.2681555133346265,0.0028693616587852993
2014-03-03,0.464381,0.609496,-0.232181,-1.275075,-1.275071,0.571759,0.426642,-0.685919,-2.215208,-3.010302,-3.377351,-1.0,63.784889,62.3719213,2.0170890850510848,58.33774312989783,66.40609947010216,62.796710399028264,1.1979681978078034,-0.012832701964450736
2014-03-04,0.100426,0.215201,-0.272603,1.146428,1.146427,-0.47346,-0.556675,-1.409855,-2.921093,-3.827263,-4.220472,1.0,64.516136,62.63155969999999,1.9366283322103461,58.758303035579296,66.50481636442068,62.96046521816843,1.1876591705681818,0.011399050289246355
2014-03-05,0.129364,0.416841,-0.129363,-0.186514,-0.186513,-0.077621,-0.264486,-0.963063,-2.336499,-3.376746,-3.832115,0.0,64.395805,62.891197899999995,1.7957499203105962,59.299698059378805,66.48269774062119,63.09716424500953,1.1564486658013138,-0.0018668718198610278
2014-03-06,0.216254,0.374847,-0.158603,-0.301851,-0.301843,0.155698,0.005753,-0.422929,-1.629195,-2.792978,-3.387653,0.0,64.201431,63.15546429999999,1.5523875407792378,60.05068921844152,66.26023938155846,63.20233250738957,1.103311470718424,-0.0030229910699397806
2014-03-07,0.522269,0.623828,-0.59481,-0.61996,-0.619963,0.528071,0.62817,0.344306,-0.683307,-1.928918,-2.637947,-1.0,63.803406,63.367432550000004,1.3060815402372323,60.75526946952554,65.97959563047446,63.259577601923894,1.0173551330242105,-0.006218925661407312
2014-03-10,-0.49512,0.0,-0.655305,-0.377196,-0.377193,0.838794,0.88102,0.798013,-0.044422,-1.331009,-2.086313,0.0,63.562744,63.53450845,1.0758686719220523,61.38277110615589,65.68624579384411,63.28845059221686,0.9192185250526919,-0.003779061962915131
2014-03-11,-0.923525,0.245314,-1.35642,0.917434,0.917408,-0.193344,-0.046159,-0.052894,-0.678917,-1.927257,-2.759004,1.0,64.145874,63.71037704999999,0.8367441174673919,62.036888815065204,65.38386528493477,63.370109964386685,0.8783729373251106,0.009132258445670382
2014-03-12,-0.144737,0.390797,-0.361847,-0.303028,-0.303019,-0.028942,0.293825,0.275973,-0.213486,-1.332171,-2.259368,0.0,63.9515,63.8149726,0.7151221071150029,62.38472838576999,65.24521681423,63.42548044396891,0.820855842241393,-0.0030347874138460787
2014-03-13,0.6733,0.790403,-0.087818,-1.114492,-1.114491,0.79333,1.236834,1.283184,1.01801,0.053285,-0.962132,-1.0,63.238766,63.8825431,0.573153133459321,62.73623683308136,65.02884936691864,63.40769811597187,0.7095818350704945,-0.011207484390217444
2014-03-14,-0.393473,0.18945,-0.393473,0.439114,0.439102,0.262322,0.622281,0.809302,0.663814,-0.135224,-1.194487,0.0,63.516449,63.93808015,0.466390477497092,63.00529919500581,64.87086110499418,63.41805534302217,0.6364662928702671,0.0043814125394060315
2014-03-17,-0.393417,0.407978,-0.437132,0.014574,0.014601,0.236029,0.566795,0.705217,0.701574,0.05827,-1.021918,0.0,63.525723,63.9714029,0.40502606305459865,63.1613507738908,64.7814550261092,63.428309405591484,0.5726686653017694,0.00014599876356750284
2014-03-18,0.014588,0.539752,-0.043766,-0.116573,-0.116581,0.134207,0.516412,0.743011,0.814005,0.353027,-0.68952,0.0,63.451664,63.968163649999994,0.40909474784374394,63.1499741543125,64.78635314568749,63.43053365267801,0.5102507899668893,-0.0011664912965595445
2014-03-19,0.234333,1.186299,-0.248969,-0.393876,-0.393892,0.292926,0.724974,1.086721,1.172397,0.834816,-0.085902,0.0,63.201733,63.94270819999999,0.4405769932450428,63.06155421350991,64.82386218649008,63.40874311432772,0.4355955566991838,-0.003946697527886048
2014-03-20,0.252145,0.4598,-0.163156,-1.259511,-1.259499,1.305245,1.722036,2.160583,2.302726,2.154254,1.37496,-1.0,62.405708,63.84274059999999,0.5446768070874914,62.75338698582501,64.93209421417498,63.31321596058223,0.3086403675954372,-0.012674976112109743
2014-03-21,0.074111,0.726249,-0.118568,0.074156,0.07416,0.889283,1.430262,1.854651,2.117978,2.081517,1.453979,0.0,62.451988,63.77470734999999,0.627337763805076,62.52003182238984,65.02938287761015,63.231194250050585,0.20934863405153692,0.0007413239808539207
2014-03-24,0.490204,0.668457,-0.445627,-0.222324,-0.222332,0.724902,1.45574,1.924154,2.179897,2.273926,1.79195,0.0,62.313137,63.6714994,0.6896810062038677,62.29213738759227,65.05086141240774,63.14376022623624,0.1180937928527328,-0.0022257991938760477
2014-03-25,-0.339293,0.221263,-0.604814,0.698168,0.698182,-0.197685,0.529562,1.029637,1.354907,1.515845,1.198787,1.0,62.748196,63.5983757,0.7068231610360354,62.18472937792793,65.01202202207207,63.10608744278517,0.07995759769294608,0.006957558256838648
2014-03-26,0.681996,0.800599,-0.029642,-0.501558,-0.501555,0.059299,0.793173,1.329374,1.762782,1.945732,1.739554,-1.0,62.433479,63.534045000000006,0.7522520951979422,62.02954080960412,65.03854919039588,63.04202949585324,0.024061984987227447,-0.0050281746600716335
2014-03-27,-0.923892,0.043997,-1.187855,1.097111,1.097097,-0.800698,-0.319691,0.115368,0.555072,0.757888,0.700499,1.0,63.118435,63.46878795,0.7272181204863041,62.014351709027395,64.9232241909726,63.049306210533885,0.03463528004698446,0.010911228252571835
2014-03-28,-0.521966,0.144989,-0.579966,1.143868,1.143881,-1.487613,-1.396271,-1.013015,-0.64232,-0.379888,-0.363456,1.0,63.840435,63.430374900000004,0.6827690377627439,62.06483682447452,64.7959129755255,63.124651809530654,0.10011993822718068,0.011373884840964334
2014-03-31,-0.305507,0.26185,-0.596455,-0.333477,-0.333497,-0.744826,-1.050329,-0.675003,-0.322222,-0.09368,0.010189,0.0,63.627529,63.422506899999995,0.6793669267932573,62.06377304641348,64.78124075358652,63.17254487528964,0.1333006597275883,-0.0033405444208554867
2014-04-01,-0.405614,0.173837,-0.449076,0.421873,0.421893,-0.802554,-1.396501,-1.118362,-0.789518,-0.533108,-0.390175,0.0,63.895969,63.39149855000001,0.6398256505759935,62.11184724884802,64.671149851152,63.24144241097634,0.17919187275807502,0.004210053844321962
2014-04-02,0.437185,0.495481,-0.204023,-0.593939,-0.593965,0.13117,-0.757782,-0.573193,-0.265944,0.048396,0.194806,-1.0,63.516449,63.34753075,0.5958840500188994,62.1557626499622,64.5392988500378,63.26763351469288,0.18282935450265825,-0.005957364727759725
2014-04-03,0.352942,0.367649,-0.382355,-0.903528,-0.903506,0.98823,0.232347,0.301953,0.543375,0.866464,1.030875,-1.0,62.942574,63.2845879,0.5667119618033735,62.15116397639325,64.41801182360675,63.23667546567451,0.13781650567574388,-0.009076124832265713
2014-04-04,0.014729,0.530191,-0.235644,-0.147057,-0.147061,0.821792,0.443296,0.378985,0.615605,0.903088,1.128616,0.0,62.85001,63.236918100000004,0.560841662569911,62.115234774860184,64.35860142513982,63.199850183229316,0.09359544741333536,-0.0014716927463208577
2014-04-07,0.41395,0.842694,-0.02957,-0.382918,-0.382908,0.884083,0.876691,0.667246,0.926214,1.215837,1.423209,0.0,62.609352,63.1892485,0.5720946239586125,62.04505925208277,64.33343774791722,63.143612261017,0.03868491518593942,-0.003836434225953142
2014-04-08,-0.583349,0.233342,-0.714599,1.374924,1.374921,-0.61835,-0.37772,-0.696132,-0.49585,-0.222844,0.008744,1.0,63.470181,63.15546384999999,0.531111822266721,62.09324020546655,64.21768749453344,63.174714045682045,0.06389310885182198,0.013655545136012219
2014-04-09,-0.407148,0.058169,-0.887015,0.291669,0.291652,-0.863732,-0.475483,-0.937409,-0.808479,-0.559532,-0.285478,0.0,63.655293,63.1406535,0.5115139698158425,62.11762556036832,64.16368143963169,63.2204834699028,0.0976817607683742,0.0029122743854337807
2014-04-10,0.233819,0.832976,-0.014613,-0.4944,-0.494402,-0.245493,0.054084,-0.346812,-0.3076,-0.119817,0.152968,0.0,63.34058,63.1457442,0.5130461415195927,62.11965191696082,64.17183648303919,63.23192123467396,0.09793585830107787,-0.004956281441307565
2014-04-11,0.132663,0.383256,-0.058965,-0.862194,-0.86219,0.604369,0.757672,0.556219,0.501925,0.684559,0.927682,-1.0,62.794464,63.10964495,0.510985793210299,62.087673363579405,64.13161653642061,63.19025864089549,0.05345405029050454,-0.00865928127720011
2014-04-14,-0.175722,0.278231,-0.424654,0.663324,0.663331,0.131788,0.027824,-0.011711,-0.185237,-0.00117,0.232346,1.0,63.210999,63.09390874999999,0.5022697050884533,62.08936933982309,64.0984481601769,63.19223391319116,0.051222331190587056,0.0066114040984190615
2014-04-15,-0.115321,0.100913,-0.836095,1.58149,1.581483,-1.196482,-1.480459,-1.416549,-1.680112,-1.553976,-1.34399,1.0,64.21067,63.13185905,0.5564731346208539,62.01891278075829,64.2448053192417,63.289227826220575,0.12863593780813432,0.01569107544263838
2014-04-16,-0.25758,0.014312,-0.515169,0.73519,0.7352,-1.599893,-2.019178,-1.904219,-2.283201,-2.227249,-2.049229,1.0,64.682747,63.205909750000004,0.6559158154703002,61.8940781190594,64.5177413809406,63.42194393800909,0.22548025139387562,0.007325108168392214
2014-04-17,-0.129419,0.12942,-0.230087,-0.486547,-0.486549,-0.799545,-1.318669,-1.29518,-1.653007,-1.679035,-1.561693,0.0,64.368034,63.304026050000004,0.6763664277795687,61.951293194440865,64.65675890555914,63.512047753436796,0.2736805397998623,-0.004877361011598878
2014-04-21,-0.258542,0.301645,-0.330364,0.115039,0.115032,-0.402179,-1.184999,-1.34635,-1.611598,-1.734551,-1.641763,0.0,64.442078,63.403530550000006,0.6906568132378235,62.02221692352436,64.78484417647566,63.60062206263329,0.31423207584671786,0.0011496614202999769
2014-04-22,-0.042817,0.31397,-0.12845,0.646373,0.64637,-0.533751,-1.472813,-1.853382,-2.047234,-2.283427,-2.206838,1.0,64.858612,63.5308043,0.7133118319809391,62.10418063603812,64.95742796396188,63.72043062809679,0.3756500134806231,0.006442895871491771
2014-04-23,0.144444,0.389997,-0.086673,-1.1988,-1.198791,0.632667,-0.182013,-0.643274,-0.754737,-1.058508,-1.023648,-1.0,64.081093,63.59744915,0.6984559212526357,62.200537307494734,64.99436099250528,63.75477942542091,0.3574642607609704,-0.01206034129322812
2014-04-24,0.145178,0.203243,-0.595242,-0.505561,-0.505552,0.853645,0.341155,-0.113256,-0.146648,-0.520921,-0.530891,-1.0,63.75713,63.663631699999996,0.6428571778028489,62.3779173443943,64.94934605560569,63.75500328966654,0.31329929483234054,-0.00506833849682007
2014-04-25,-0.359351,0.071865,-0.531838,1.001739,1.001731,-0.137993,-0.490159,-0.953481,-1.037808,-1.383934,-1.457529,1.0,64.395805,63.727500199999994,0.6492625883382229,62.428975023323545,65.02602537667644,63.81603202398401,0.326075184263388,0.009967470315256391
2014-04-28,-0.399992,0.0,-0.514286,0.618078,0.618093,-0.642865,-0.79287,-1.361919,-1.572157,-1.845157,-1.997157,1.0,64.793831,63.77516999999999,0.6916096850648378,62.391950629870315,65.15838937012967,63.909155735985536,0.3641201895525228,0.006161906972009301
2014-04-29,0.099156,0.396603,-0.240787,0.857143,0.857128,-1.337103,-1.30878,-1.920681,-2.276912,-2.493483,-2.737016,1.0,65.349197,63.861253399999995,0.7744509521954094,62.31235149560918,65.41015530439081,64.04630252303453,0.4340807129038069,0.008534754103944402
2014-04-30,0.154807,0.239239,-0.253302,0.651556,0.651572,-1.460741,-1.709832,-2.321995,-2.766689,-2.940626,-3.24891,1.0,65.774994,63.95520465,0.8849731614558206,62.185258327088356,65.72515097291163,64.21093980655505,0.5179130122484992,0.006494583393260881
2014-05-01,-0.126697,0.211142,-0.380069,-0.028137,-0.028152,-0.824886,-1.518865,-2.081462,-2.56898,-2.711154,-3.09216,0.0,65.756477,64.06720605,0.9646805230605106,62.13784500387897,65.99656709612101,64.35813382497838,0.5762143064673069,-0.00028155999444928097
2014-05-02,0.028283,0.268671,-0.424203,-0.450457,-0.450454,-0.0509,-0.906389,-1.422512,-1.935805,-2.127829,-2.498116,0.0,65.460274,64.19309104999999,0.9744218831482093,62.24424728370357,66.14193481629641,64.46309955593281,0.5916966844852425,-0.004514720885262983
2014-05-05,-0.676151,0.140863,-0.802928,0.38179,0.38177,-0.152118,-1.090276,-1.501605,-2.091125,-2.386238,-2.703653,0.0,65.710182,64.33609965,0.9768135945384622,62.38247246092307,66.28972683907692,64.58186931251065,0.6170194514852199,0.0038104358252220474
2014-05-06,0.05611,0.35073,-0.07015,0.408512,0.408521,-0.367562,-1.322946,-1.622706,-2.234146,-2.640851,-2.914326,0.0,65.978622,64.50456315,0.9536013284235573,62.597360493152884,66.41176580684711,64.71489337798582,0.6512416825936356,0.004076889813842545
2014-05-07,-0.166946,0.055642,-0.681692,0.841751,0.84175,-0.971062,-1.777957,-2.211088,-2.819976,-3.294934,-3.535056,1.0,66.533997,64.65775395,1.0223054768781725,62.61314299624365,66.70236490375635,64.88814134198716,0.7149358330906068,0.00838226964376804
2014-05-08,0.46102,0.558819,-0.069847,-0.417367,-0.417361,-0.405143,-0.9891,-1.642914,-2.216401,-2.724223,-2.938436,0.0,66.25631,64.7878048,1.0530469647658691,62.681710870468265,66.89389872953174,65.01844311894077,0.7345395711370628,-0.00418234449559778
2014-05-09,-0.125137,0.347609,-0.431031,0.474992,0.474992,-0.542271,-1.130419,-1.887278,-2.436038,-2.966071,-3.224413,0.0,66.571022,64.9493269,1.0670388557745991,62.81524918845081,67.0834046115492,65.16630777427974,0.766633034607807,0.004738672141739108
2014-05-12,0.627973,0.753563,-0.153502,-0.361514,-0.361522,0.00559,-0.54004,-1.341507,-1.815506,-2.40412,-2.748152,0.0,66.330353,65.12612134999999,0.980642643613486,63.16483606277302,67.08740663722696,65.27716922434834,0.7638422605793664,-0.0036217723567709085
2014-05-13,-0.055885,0.223529,-0.209558,-0.111635,-0.111628,0.201171,-0.291981,-1.090618,-1.47597,-2.074881,-2.507217,0.0,66.25631,65.2783869,0.9008030542908637,63.47678079141827,67.07999300858172,65.37042072679135,0.7470444375020548,-0.0011168997849681974
2014-05-14,-0.208654,0.584222,-0.361665,0.433087,0.433077,-0.228125,-0.60648,-1.270453,-1.725547,-2.312418,-2.795006,0.0,66.543251,65.39501594999999,0.9062732194229217,63.582469511154144,67.20756238884583,65.48211884804931,0.748260303324642,0.0043214216128959655
2014-05-15,0.013829,0.235071,-0.843474,0.598132,0.598134,-0.616702,-1.020462,-1.540369,-2.141171,-2.696897,-3.202427,1.0,66.941269,65.50794205,0.9523880559413952,63.60316593811721,67.4127181618828,65.62108552918747,0.7724364454554689,0.005963525651963142
2014-05-16,-0.720407,0.176703,-0.89711,1.728433,1.728435,-1.856738,-2.314805,-2.850798,-3.52997,-4.07068,-4.594716,1.0,68.098305,65.6944556,1.0747989025248283,63.54485779495034,67.84405340504965,65.85701119307438,0.8748743409088888,0.01713667009920175
2014-05-19,-0.281424,0.32163,-0.576259,1.427209,1.427213,-2.444387,-3.202897,-3.805057,-4.552398,-5.057089,-5.637005,1.0,69.070213,65.92586235,1.2712399174834863,63.38338251503303,68.46834218496697,66.1630304127816,1.022692995854925,0.014171243946259649
2014-05-20,-0.242126,0.255588,-0.390095,-0.375237,-0.375238,-1.334409,-2.426687,-3.107342,-3.905698,-4.373953,-4.981164,0.0,68.811035,66.12348349999999,1.3975369905744095,63.328409518851174,68.91855748114881,66.41522132585001,1.106175543224552,-0.0037594424044610354
2014-05-21,-0.538434,0.174991,-0.605741,-0.067253,-0.067245,-0.621897,-2.036624,-2.752288,-3.500479,-4.044698,-4.660574,0.0,68.764763,66.35766699999999,1.4293399906699136,63.498987018660166,69.21634698133983,66.63898719957858,1.1552848946597294,-0.0006726764796932542
2014-05-22,-0.283102,0.283093,-0.377463,-0.148068,-0.148061,0.026949,-1.540863,-2.325891,-3.000149,-3.670545,-4.276101,0.0,68.662949,66.60295794999999,1.3796533275038092,63.84365129499237,69.36226460500761,66.83174546628538,1.1724733278962987,-0.001481710160865129
2014-05-23,-0.79537,0.013472,-0.79537,0.0,0.0,0.191417,-1.236197,-2.014935,-2.689418,-3.420343,-4.017719,0.0,68.662949,66.81631515000001,1.3499909524707379,64.11633324505853,69.51629705494149,67.00614580282964,1.172578529686831,0.0
2014-05-27,0.040158,0.133849,-0.174007,0.714473,0.714461,-0.49524,-1.528574,-2.378083,-3.064514,-3.832951,-4.392092,1.0,69.153519,67.03429955,1.3581870964420277,64.31792535711594,69.75067374288406,67.21065753589349,1.198432023628854,0.007119208307772274
2014-05-28,-0.537339,0.456751,-0.537339,-0.361399,-0.361393,-0.107464,-0.787212,-1.741002,-2.455,-3.249329,-3.769928,0.0,68.903603,67.21201985,1.3586333356377072,64.4947531787246,69.92928652127542,67.37189043723697,1.1850939459637146,-0.003620476355987917
2014-05-29,-0.228806,0.0,-0.524901,-0.188063,-0.188069,0.083448,-0.275911,-1.338721,-2.053168,-2.794081,-3.367433,0.0,68.774017,67.36197100000001,1.35718150530949,64.64760798938103,70.076334010619,67.50542630035726,1.1508011962720701,-0.0018824561067687054
2014-05-30,-0.240873,0.080284,-0.642313,0.578731,0.578733,-0.345241,-0.527231,-1.625409,-2.369868,-3.04028,-3.707125,1.0,69.172035,67.5327489,1.3594176385926715,64.81391362281465,70.25158417718535,67.66415093841847,1.142569837439325,0.0057706487245049905
2014-06-02,0.0,0.320642,-0.16032,0.160578,0.160569,-0.325979,-0.515689,-1.522149,-2.250496,-2.913554,-3.625021,0.0,69.283104,67.7238904,1.3208888417063385,65.08211271658732,70.36566808341269,67.81833694428337,1.1319602333687868,0.001604404497045947
2014-06-03,0.422916,0.463846,-0.20464,-2.070807,-2.070824,1.397017,1.407936,0.709435,-0.0259,-0.68047,-1.419715,-1.0,67.848373,67.83079995,1.2329272115491796,65.36494552690164,70.29665437309836,67.82119752101829,0.9962965580044738,-0.020925660318554758
2014-06-04,0.375671,0.4035,-0.361766,-1.950885,-1.950878,2.699325,3.081967,2.740145,2.004325,1.366368,0.625216,-1.0,66.524734,67.85810554999999,1.1952188494173102,65.46766785116537,70.24854324883461,67.69772480473084,0.7730641108329479,-0.01970158826816636
2014-06-05,-0.45624,0.082948,-0.511545,0.640043,0.640046,1.501453,2.155409,2.127297,1.386709,0.791935,0.128127,1.0,66.950523,67.87893184999999,1.1743796077637167,65.53017263447255,70.22769106552742,67.62656272808981,0.6233231210452033,0.00638006554756728
2014-06-06,0.13661,0.546442,-0.027324,1.202822,1.202838,-0.122966,0.807369,0.993618,0.292342,-0.287986,-0.865216,1.0,67.755829,67.9539078,1.1115187945354859,65.73087021092903,70.17694538907097,67.63887380160507,0.5631422188349262,0.011956609052697287
2014-06-09,0.897794,0.897794,-0.013813,-1.092902,-1.092898,0.303856,1.675407,2.001837,1.433696,0.906624,0.360493,-1.0,67.015327,67.97612304999998,1.0865855990487523,65.80295185190248,70.14929424809749,67.57948839192841,0.450502979566636,-0.01098913853607373
2014-06-10,0.027769,0.083303,-0.236007,-0.511051,-0.511064,0.466478,1.825634,2.286094,1.980434,1.482724,0.969975,-1.0,66.672836,67.99324720000001,1.061697507819655,65.86985218436071,70.11664221563932,67.49314054507809,0.3297977068684901,-0.005123740824778318
2014-06-11,0.167084,0.612638,-0.02785,-0.291542,-0.291522,0.746297,1.758546,2.351236,2.295307,1.809509,1.321809,0.0,66.47847,68.0043552,1.0435758802692459,65.91720343946152,70.0915069605385,67.39650525507065,0.21596469028881415,-0.002919477756442133
2014-06-12,-0.192141,0.439205,-0.535265,1.448061,1.448057,-0.546255,0.108419,0.759442,0.901724,0.410095,-0.042097,1.0,67.441116,68.04924845000001,0.9956237551606252,66.05800093967876,70.04049596032125,67.40075389744487,0.20111041587124134,0.014376725757464015
2014-06-13,0.232913,0.452124,-0.164406,0.178425,0.178413,-0.780922,-0.30826,0.471302,0.767919,0.30854,-0.131064,0.0,67.56144,68.080257,0.9685902559300421,66.14307648813993,70.01743751186008,67.41605733578346,0.19677909071936028,0.0017825445002751968
2014-06-16,-0.027234,0.245094,-0.05447,0.61653,0.616526,-1.105662,-1.111113,-0.211511,0.141614,-0.223311,-0.619553,1.0,67.977974,68.07424045,0.968845941207123,66.13654856758576,70.01193233241425,67.46957320856599,0.22437088906795566,0.006146334840991824
2014-06-17,0.286921,0.42355,-0.027329,-0.340414,-0.340415,-0.450877,-0.788358,-0.009108,0.385984,0.201122,-0.179896,0.0,67.746567,68.00805815,0.9420692043774906,66.12391974124502,69.89219655875497,67.49595356965494,0.2249716440240377,-0.0034099540514081705
2014-06-18,0.067892,0.46164,-0.230826,0.628499,0.628513,-0.575704,-1.166336,-0.705148,-0.287856,-0.312297,-0.696095,1.0,68.172363,67.97612455,0.9240705856159268,66.12798337876814,69.82426572123185,67.56037351540209,0.25684517404349094,0.006265461226333846
2014-06-19,-0.134461,0.121014,-0.255476,0.977596,0.977575,-1.132167,-1.848851,-1.660158,-1.247803,-1.143998,-1.545863,1.0,68.838799,67.97982635000001,0.9275379133181811,66.12475052336364,69.83490217663638,67.68212832345904,0.3320532881722045,0.009728276823391904
2014-06-20,0.270267,0.391896,-0.081076,-0.497514,-0.497504,-0.364863,-1.249996,-1.234233,-0.766213,-0.558915,-0.944592,0.0,68.496323,67.97149505,0.9218096919570952,66.12787566608581,69.81511443391419,67.7596706736058,0.3598729184648022,-0.004987459943669194
2014-06-23,0.053803,0.053803,-0.591791,0.472972,0.47298,-0.58911,-1.452593,-1.744009,-1.221928,-0.985074,-1.301954,0.0,68.820297,67.97936245,0.9286676171929177,66.12202721561417,69.83669768438583,67.86068270469096,0.40341188899644465,0.004718650970647874
2014-06-24,0.163133,0.530173,-0.013594,-1.062538,-1.062546,0.579119,-0.186242,-0.665217,-0.239262,0.020664,-0.155882,-1.0,68.08905,67.926139,0.8874202814708918,66.15129843705822,69.7009795629418,67.88243197091087,0.3745932375440617,-0.01068230869059823
2014-06-25,-0.460454,0.054175,-0.555249,0.380636,0.380646,0.249182,-0.291174,-0.864034,-0.658185,-0.385702,-0.432471,0.0,68.348228,67.89837025,0.8635935187357466,66.1711832125285,69.6255572874715,67.92679349749079,0.36842082130594633,0.0037992301744850243
2014-06-26,-0.269902,0.107968,-0.566796,0.352114,0.352123,-0.175449,-0.473698,-1.052644,-1.020258,-0.745492,-0.682425,0.0,68.588898,67.88911429999999,0.8546602722095216,66.17979375558095,69.59843484441903,67.98985106915833,0.37858510121847644,0.0035150474503308454
2014-06-27,-0.122198,0.149353,-0.217247,-0.607285,-0.607292,0.33944,0.224025,-0.407339,-0.488808,-0.16783,-0.015397,-1.0,68.172363,67.83913070000001,0.803375003710688,66.23238069257863,69.4458807074214,68.00723315780992,0.34900634501069305,-0.0060914367845881865
2014-06-30,-0.631889,0.040336,-0.699116,0.991174,0.991161,-0.63726,-0.633229,-1.207309,-1.497039,-1.136861,-0.960379,1.0,68.848061,67.81737855,0.767299943880748,66.2827786622385,69.3519784377615,68.08731199992326,0.37575666028938315,0.009862813990031903
2014-07-01,-0.079781,0.491957,-0.146257,1.115891,1.115907,-1.295045,-1.46125,-2.015698,-2.45713,-2.201314,-2.027223,1.0,69.616341,67.90577694999999,0.8664888182786464,66.1727993134427,69.63875458655728,68.23293380945438,0.4537200507750754,0.011097262159957303
2014-07-02,0.887884,0.887884,-0.145771,0.332403,0.332382,-1.192671,-1.547829,-2.018719,-2.542396,-2.471234,-2.302313,0.0,69.847733,68.07192690000001,0.9054528417643439,66.26102121647132,69.8828325835287,68.38672420855396,0.5280905014316915,0.0033183056494440776
2014-07-03,0.822828,0.849372,-0.265435,-0.145771,-0.145777,-0.716643,-1.27404,-1.655372,-2.19972,-2.273113,-2.112793,0.0,69.745911,68.2116963,0.9383921994873033,66.3349119010254,70.0884806989746,68.51617056964406,0.5722172704483199,-0.0014588345878859522
2014-07-07,0.240734,0.655344,-0.294243,-0.76974,-0.769723,0.353076,-0.405246,-0.73381,-1.336101,-1.512912,-1.327186,-1.0,69.209061,68.2843579,0.9573083336659515,66.3697412326681,70.1989745673319,68.58216013443986,0.5574428898152206,-0.007727001968947781
2014-07-08,0.240294,0.360435,-0.200232,0.187233,0.187237,0.307033,-0.516619,-0.788502,-1.352957,-1.693768,-1.47911,0.0,69.338646,68.40052385,0.9359357569686746,66.52865233606265,70.27239536393735,68.65420640735036,0.5498521598056385,0.0018706197394832587
2014-07-09,0.213984,0.213984,-0.38786,-0.186883,-0.186887,0.377149,-0.168519,-0.461864,-0.985024,-1.43106,-1.291967,0.0,69.209061,68.52733509999999,0.85811127470188,66.81111255059622,70.24355764940375,68.70704970188842,0.5273016202276892,-0.0018706197394832288
2014-07-10,-1.103281,0.066458,-1.103281,0.615218,0.61521,-0.29775,-0.594171,-0.930474,-1.363812,-1.855105,-1.860512,1.0,69.634842,68.68515370000001,0.7441467512693432,67.19686019746133,70.1734472025387,68.79541087313714,0.5375901191882377,0.006133252170366068
2014-07-11,0.053385,0.146802,-0.093417,-0.398781,-0.398787,-0.010663,-0.085399,-0.483992,-0.83076,-1.323353,-1.439552,0.0,69.357147,68.78095525,0.6974283520132014,67.3860985459736,70.17581195402641,68.84890955188598,0.5173722181551881,-0.003995847120246373
2014-07-14,0.613996,0.694077,-0.133474,-0.013347,-0.013343,0.042719,0.097446,-0.388847,-0.688723,-1.218354,-1.417946,0.0,69.347893,68.87027789999999,0.6454843171064487,67.57930926578709,70.16124653421289,68.8964317850397,0.49489779178279036,-0.00013343422868740474
2014-07-15,0.290696,0.4889,-0.436044,1.014419,1.014416,-0.758453,-0.735986,-1.272012,-1.538045,-2.036987,-2.371379,1.0,70.051369,68.97394765,0.6609471538800206,67.65205334223995,70.29584195776005,69.00642580551211,0.5277675056872368,0.010093051595878824
2014-07-16,0.409508,0.44914,-0.237785,0.026428,0.026432,-0.538973,-0.69749,-1.109638,-1.398278,-1.868951,-2.291496,0.0,70.069885,69.09011355,0.6376311734147114,67.81485120317058,70.36537589682942,69.10770763355858,0.548982745860954,0.00026428538967794037
2014-07-17,-0.252387,0.58449,-0.345369,-0.554826,-0.554812,0.029213,-0.167383,-0.430398,-0.739909,-1.137624,-1.595381,-1.0,69.681129,69.16555185,0.6120763282669289,67.94139919346614,70.38970450653386,69.16231919226729,0.5283362845057695,-0.005563566111539884
2014-07-18,-0.367255,0.0,-0.564004,1.275239,1.275243,-0.886685,-1.307723,-1.497037,-1.867138,-2.20515,-2.663526,1.0,70.569733,69.25209855,0.6818420040898547,67.8884145418203,70.6157825581797,69.29635860252755,0.5770251448741419,0.012671806474554344
2014-07-21,-0.327227,0.130888,-0.484294,0.209867,0.209865,-0.706815,-1.301058,-1.463362,-1.915585,-2.231423,-2.727757,0.0,70.717834,69.36317410000001,0.7313898097939048,67.9003944804122,70.82595371958782,69.43173721181064,0.6204102275573575,0.002096448504109074
2014-07-22,-0.026181,0.104759,-0.170225,-0.039269,-0.039291,-0.487087,-1.07109,-1.250915,-1.744781,-2.03953,-2.516244,0.0,70.690048,69.45666165,0.7764551833826415,67.90375128323471,71.00957201676529,69.55157633449534,0.6451146401717551,-0.0003929908285819946
2014-07-23,-0.248209,0.104504,-0.326584,0.235699,0.235704,-0.499014,-1.071194,-1.366425,-1.78053,-2.094312,-2.548655,0.0,70.856667,69.5950425,0.7664490420151233,68.06214441596975,71.12794058403026,69.67587068359101,0.6704097595685425,0.002354262717547041
2014-07-24,-0.587773,0.0,-0.640021,0.013065,0.013071,-0.177641,-0.910403,-1.28353,-1.615729,-1.955071,-2.355018,0.0,70.865929,69.72092755,0.7575967448491331,68.20573406030174,71.23612103969826,69.78920957086807,0.6833267247988601,0.00013070604511338305
2014-07-25,0.131215,0.459257,-0.275561,-0.457158,-0.457155,0.272924,-0.287371,-0.754938,-1.025462,-1.408219,-1.760054,0.0,70.541962,69.81858075,0.7293467677501003,68.35988721449979,71.2772742855002,69.86090027840444,0.6598161337422823,-0.004582029539029354
2014-07-28,-0.739009,0.103718,-1.115001,1.207187,1.207192,-0.733834,-1.190205,-1.734742,-1.980431,-2.421891,-2.752934,1.0,71.393539,69.97963954999999,0.7018265384957687,68.57598647300846,71.38329262699152,70.00686587093735,0.7018089511909267,0.011999636627634397
2014-07-29,0.72669,0.740148,-0.040365,-3.656168,-0.680305,0.007536,-0.392605,-0.914125,-1.163787,-1.635754,-1.949094,-1.0,70.907845,70.08262875,0.6777520563893114,68.72712463722138,71.43813286277862,70.09267340703855,0.6879666634234525,-0.006826298836892488
2014-07-30,1.126372,1.181319,-0.329671,-2.032024,-2.032036,1.681774,1.586644,1.16585,0.875507,0.483844,0.167215,-1.0,69.466972,70.07516030000001,0.6839553140978595,68.70724967180429,71.44307092819572,70.0330827968444,0.5543400543358388,-0.020529659623166562
2014-07-31,1.030785,1.128298,-0.041782,-1.387366,-1.387353,2.422496,2.843888,2.478995,2.19656,1.906573,1.592538,-1.0,68.50322,70.00793465000001,0.7683540141994497,68.4712266216011,71.54464267839892,69.8873815780973,0.3664490750867202,-0.013970665132275281
2014-08-01,0.368848,0.851185,-0.170236,-1.810836,-1.810833,3.336353,4.248912,4.161358,3.896712,3.707099,3.388032,-1.0,67.262741,69.88377615,0.9834449400472921,67.91688626990542,71.85066603009459,69.63741580875471,0.11610939533215969,-0.018274293676380168
2014-08-04,0.126102,0.210176,-0.840688,1.248407,1.248387,1.095708,2.579491,2.755135,2.534425,2.42429,2.093985,1.0,68.10244,69.8284451,1.0521357350837213,67.72417362983255,71.93271657016744,69.49122763649235,-0.014364329778473461,0.012406584389600033
2014-08-05,0.378313,0.588478,-0.252211,0.0,0.0,0.27183,2.199533,2.564351,2.443664,2.380496,2.058849,0.0,68.10244,69.7666348,1.11675240338616,67.53312999322769,72.00013960677232,69.3589621473026,-0.11642363771666453,0.0
2014-08-06,0.519955,0.744794,-0.196742,-0.294238,-0.294242,0.106808,2.066006,2.65419,2.649744,2.581645,2.350855,0.0,67.902054,69.70128445,1.1871226232783534,67.32703920344329,72.07552969655671,69.22020899041665,-0.21104307683957302,-0.002946757700555124
2014-08-07,-0.322942,0.505476,-0.336984,0.084312,0.084324,-0.137604,1.552312,2.398794,2.439983,2.384067,2.245545,0.0,67.959312,69.61750794999999,1.2495394037644085,67.11842914247117,72.11658675752881,69.10012356275793,-0.278202476986138,0.000842888675062528
2014-08-08,-1.035835,0.013999,-1.035835,0.3089,0.308895,-0.17917,0.891524,1.848704,2.037396,1.976266,1.910166,0.0,68.169235,69.55811235,1.2901402550654797,66.97783183986904,72.13839286013096,69.01146750916193,-0.31090384773358437,0.0030841902162219302
2014-08-11,-0.279181,0.181464,-0.362927,0.279962,0.279965,-0.382474,0.166105,1.334425,1.680274,1.641888,1.634803,0.0,68.360085,69.50872195000001,1.31723523857355,66.8742514728529,72.14319242714711,68.94943107971794,-0.3177570145843447,0.002795738297229811
2014-08-12,-0.181743,0.251638,-0.363485,-0.153545,-0.153549,-0.18454,-0.068504,1.252436,1.70506,1.734699,1.762145,0.0,68.255119,69.41890945,1.3393398537557,66.7402297424886,72.09758915751141,68.8833061197448,-0.3278784984180305,-0.001536666748381537
2014-08-13,-0.069594,0.250516,-0.306193,0.447362,0.447357,-0.437016,-0.645783,0.578216,1.142022,1.243768,1.257597,0.0,68.560463,69.34343835,1.3432489488946304,66.65694045221073,72.02993624778927,68.85255915595958,-0.3077140028641594,0.004463592560151181
2014-08-14,-0.699494,0.0,-0.781782,1.475293,1.475304,-1.420932,-1.936636,-1.008041,-0.336284,-0.231786,-0.227756,1.0,69.571938,69.3379788,1.34202553149791,66.65392773700418,72.02202986299582,68.92107142682057,-0.20772143224087358,0.014645268906808505
2014-08-15,0.095439,0.272672,-0.627128,0.603481,0.603469,-1.491469,-2.134959,-1.654247,-0.975403,-0.793975,-0.814529,1.0,69.991783,69.3090813,1.3201506738018025,66.66877995239639,71.94938264760361,69.02304395759957,-0.09352056998910996,0.006016553062432898
2014-08-18,-0.259179,0.163688,-0.491065,-0.054527,-0.054512,-0.98214,-1.816951,-1.737833,-0.976015,-0.70523,-0.724952,0.0,69.953629,69.27087105000001,1.2878953727724378,66.69508030445513,71.84666179554489,69.11167110449485,-0.006024822413081665,-0.0005452697648325982
2014-08-19,-0.477238,0.13635,-0.545408,0.040924,0.04092,-0.529049,-1.588498,-1.866199,-1.067089,-0.749795,-0.734903,0.0,69.982254,69.23548135000001,1.2561798647985776,66.72312162040286,71.74784107959717,69.19458376120963,0.06487811169820645,0.0004091159434675994
2014-08-20,-0.795254,0.0,-1.01091,1.158976,1.15897,-1.037867,-2.30758,-2.865606,-2.205028,-1.84602,-1.797579,1.0,70.793327,69.23231435,1.251950242021583,66.72841386595682,71.73621483404317,69.34684502204681,0.18439047190850033,0.011523049221835167
2014-08-21,-0.176703,0.36699,-0.176703,-0.835684,-0.83568,-0.02447,-1.16488,-1.885735,-1.428194,-0.989191,-0.943088,-1.0,70.201721,69.19910395000001,1.2145868384908018,66.7699302730184,71.62827762698161,69.42826178185187,0.22873055501446515,-0.008391918444524192
2014-08-22,0.367398,0.639541,-0.326575,-0.108746,-0.108744,0.122468,-0.778336,-1.506781,-1.35059,-0.906752,-0.798735,0.0,70.125381,69.17827489999999,1.1937390841803575,66.79079673163928,71.5657530683607,69.49465408834217,0.2547735197839387,-0.0010880294175959122
2014-08-25,-0.216357,0.243412,-0.31102,0.625934,0.625939,-0.32725,-1.083167,-1.886863,-2.02299,-1.531859,-1.35835,1.0,70.564323,69.13681410000001,1.1251807191672156,66.88645266166557,71.38717553833445,69.59652731802387,0.30728946631518284,0.006239879845411076
2014-08-26,0.108752,0.557363,-0.040785,-0.527377,-0.527385,0.26101,-0.282763,-1.168207,-1.554513,-1.038171,-0.828683,-1.0,70.192177,69.1010307,1.0762075893607983,66.9486155212784,71.25344587872159,69.65325585916446,0.3152457040098682,-0.005287810753023951
2014-08-27,-0.528161,0.067718,-0.568792,0.380636,0.380642,-0.213976,-0.391387,-1.301011,-1.857394,-1.435988,-1.186314,0.0,70.459358,69.15065,1.1161053348890364,66.91843933022193,71.38286066977807,69.730027491625,0.33920026398136827,0.003799195243358811
2014-08-28,-0.495713,0.026798,-0.589502,1.083429,1.083426,-0.996787,-1.227227,-2.053415,-2.718384,-2.472372,-2.173263,1.0,71.222733,69.28662564999999,1.195885623357678,66.89485440328464,71.67839689671534,69.87218992099405,0.4149985629450015,0.010775989846672029
2014-08-29,-0.294352,0.026762,-0.655607,0.133975,0.133974,-0.794754,-1.1734,-1.890108,-2.564223,-2.559325,-2.26917,0.0,71.318153,69.48939625,1.1783436642776683,67.13270892144466,71.84608357855534,70.00990069042318,0.4772672181108675,0.0013388441300047132
2014-09-02,-0.322536,0.174708,-0.497245,-0.441528,-0.441526,-0.231155,-0.587291,-1.206832,-1.927837,-2.149178,-1.82235,0.0,71.003265,69.6344375,1.1771686303317244,67.28010023933656,71.98877476066345,70.10450681514477,0.49549498819112614,-0.004425033396115276
2014-09-03,0.267198,0.360724,-0.16032,0.591315,0.591316,-0.472947,-0.969943,-1.491876,-2.27188,-2.695527,-2.365265,1.0,71.423119,69.80047145,1.1838788482177012,67.4327137535646,72.16822914643541,70.23008892798813,0.537621964884309,0.005895750553801767
2014-09-04,0.174395,0.362214,-0.268318,-0.414158,-0.414161,0.128789,-0.511137,-0.841609,-1.63872,-2.19748,-1.946535,0.0,71.127312,69.96173435,1.1301191364821412,67.70149607703571,72.22197262296429,70.31553874437022,0.5409035453147624,-0.00415021438396644
2014-09-05,-0.919385,0.0,-0.919385,0.68419,0.684193,-0.442369,-0.990005,-1.325338,-2.051965,-2.688341,-2.578033,1.0,71.61396,70.14446675,1.083817515246886,67.97683171950624,72.31210178049378,70.43919791157305,0.5761313642239259,0.0068186289597319295
2014-09-08,-0.189926,0.420572,-0.189926,-1.785478,-1.785484,1.088057,0.839787,0.501072,-0.117343,-0.744532,-0.81675,-1.0,70.335304,70.2527702,0.9792272292853686,68.29431574142926,72.21122465857074,70.429303253328,0.4951648592185762,-0.01801616365627687
2014-09-09,0.62979,0.643482,-0.191677,-0.908964,-0.908949,1.640188,1.640188,1.398311,0.894705,0.257383,0.011856,-1.0,69.695992,70.31956555,0.8842881670993835,68.55098921580122,72.08814188419876,70.35946408634439,0.3750874110324105,-0.009131050846495988
2014-09-10,-0.573149,0.0,-0.914297,0.328587,0.328564,0.878832,1.269118,1.060784,0.683691,0.033309,-0.362524,0.0,69.924988,70.40305900000001,0.7473347185081924,68.90838956298363,71.8977284370164,70.31808541145445,0.29500262500583574,0.003280254949283667
2014-09-11,0.013642,0.150047,-0.395584,0.040941,0.04096,0.501969,1.15536,0.939382,0.742046,0.109663,-0.380129,0.0,69.953629,70.4727173,0.6207574396515744,69.23120242069685,71.71423217930315,70.28337527703022,0.2311810333895039,0.0004095122044317056
2014-09-12,0.783513,0.783513,-0.247417,-0.763886,-0.763882,0.643294,1.674222,1.641232,1.506524,0.964393,0.430693,-1.0,69.419266,70.46508370000001,0.6332309396619017,69.19862182067621,71.73154557932381,70.2010791554083,0.13591657234094612,-0.007668142624065678
2014-09-15,0.041285,0.261451,-0.316498,-0.109962,-0.109969,0.467869,1.501307,1.677904,1.571487,1.143249,0.641253,0.0,69.342926,70.43264085000001,0.6740615549231616,69.08451774015369,71.78076395984634,70.11935028346466,0.05364046670642608,-0.0011002998237704988
2014-09-16,-0.58132,0.235288,-0.719726,-0.577951,-0.577945,0.833209,1.792378,2.1121,2.08857,1.764971,1.266886,-1.0,68.942162,70.38206749999999,0.7459978196643638,68.89007186067127,71.87406313932871,70.00723711361087,-0.043401934764560224,-0.005796216031753285
2014-09-17,-0.04149,0.207442,-0.387226,0.083041,0.083019,0.481278,1.356674,1.912153,1.932666,1.723704,1.226216,0.0,68.999397,70.33292465,0.8038515401883773,68.72522156962324,71.94062773037675,69.91125234088602,-0.11437194235848835,0.000829844228229067
2014-09-18,-0.398565,0.027489,-0.536001,0.622318,0.622343,-0.291374,0.485149,1.182877,1.203951,1.144577,0.673439,1.0,69.42881,70.2646988,0.82045322259603,68.62379235480795,71.90560524519206,69.86530545127783,-0.1344166726117635,0.006204145624630146
2014-09-19,0.80066,0.869687,-0.124239,-0.439798,-0.439804,0.063498,0.568742,1.427384,1.573021,1.565428,1.1743,0.0,69.123459,70.2107857,0.8593160055249288,68.49215368895014,71.92941771104987,69.794653408299,-0.17294790374909041,-0.004407744406819783
2014-09-22,-0.123625,0.260985,-0.206047,0.496963,0.496956,-0.395601,-0.053568,0.748171,1.023354,1.03297,0.736266,0.0,69.466972,70.17786525,0.8752246534653308,68.42741594306933,71.92831455693066,69.76344565512767,-0.17376252753190613,0.004957249948467973
2014-09-23,-0.332964,0.263591,-0.457822,-0.989011,-0.989008,0.552163,0.811598,1.539031,1.902747,1.973917,1.762855,-1.0,68.779938,70.08864600000001,0.9233803800505307,68.24188523989895,71.93540676010107,69.66977825940123,-0.227226696848561,-0.009939313016035383
2014-09-24,0.111,0.291381,-0.499514,-0.013875,-0.013878,0.499519,0.657699,1.295966,1.813519,1.917583,1.801955,0.0,68.770393,70.0175568,0.9686125186900417,68.0803317626199,71.95478183738008,69.58412252041063,-0.2672865252664707,-0.00013878556228735182
2014-09-25,0.811188,0.811188,-0.237765,-0.790896,-0.790891,0.948249,1.206991,1.820044,2.461536,2.579577,2.597199,-1.0,68.226494,69.9059136,1.0409870717382146,67.82393945652358,71.98788774347643,69.4548245660858,-0.3390143848501168,-0.007940353530768562
2014-09-26,0.097688,0.111644,-0.572141,0.22377,0.223761,0.505173,0.828926,1.27734,2.024852,2.243942,2.309994,0.0,68.379158,69.76373485,1.0458464458559211,67.67204195828816,71.85542774171185,69.3523801312205,-0.3791696892549652,0.0022351061075463726
2014-09-29,-0.789152,0.110754,-0.844525,0.79543,0.795428,-0.445795,-0.027683,0.341509,1.045971,1.367306,1.450928,1.0,68.923065,69.64398045,0.9943468806773379,67.65528668864532,71.63267421135468,69.31149297586617,-0.36292078314190235,0.007922811928935583
2014-09-30,0.222586,0.473008,-0.319977,-0.484562,-0.484553,-0.016701,0.407619,0.722497,1.361989,1.745684,1.878591,0.0,68.589096,69.52327199999999,0.9668044155359776,67.58966316892804,71.45688083107194,69.24269326387892,-0.3726957110232121,-0.0048573108617451025
2014-10-01,0.462063,0.89611,-0.027996,-0.639964,-0.639959,0.445251,0.929712,1.197611,1.774713,2.281154,2.44516,-1.0,68.150154,69.35962375,0.9032084390791231,67.55320687184175,71.16604062815824,69.13864190541426,-0.41112220197270233,-0.006420153799370483
2014-10-02,0.879933,0.936707,-0.52512,-1.344161,-1.34417,1.518596,1.978435,2.306755,2.871851,3.482837,3.6645,-1.0,67.2341,69.16496314999999,0.9215318677652121,67.32189941446957,71.00802688553041,68.95725696204147,-0.50961880654026,-0.01353285856027782
2014-10-03,-0.281618,0.112641,-0.549143,0.794784,0.794792,0.53787,0.974366,1.337646,1.776959,2.462963,2.727395,1.0,67.768471,68.9726887,0.7728421284309398,67.42700444313813,70.51837295686188,68.84403925137084,-0.5383530032066943,0.007916497987160884
2014-10-06,-0.493026,0.169037,-0.901538,-0.042244,-0.042241,0.231014,0.762072,1.222701,1.628393,2.294965,2.65342,0.0,67.739845,68.84291575,0.7495534430536214,67.34380886389276,70.34202263610725,68.73887789409743,-0.5570140290484034,-0.0004224980616809685
2014-10-07,0.5118,1.194199,-0.071078,-0.915626,-0.915631,0.719366,1.445836,1.977066,2.375607,3.008818,3.430958,-1.0,67.119598,68.71409605,0.8138592789544999,67.08637749209099,70.341814607909,68.58466076132625,-0.6147651458298355,-0.009198486358322782
2014-10-08,-1.132072,0.09784,-1.439549,1.720217,1.720228,-0.947596,-0.342427,0.181683,0.523403,1.082312,1.588159,1.0,68.274208,68.63155705,0.7669474710758922,67.09766210784821,70.16545199215179,68.55509383167613,-0.5609002356633681,0.017055994277948978
2014-10-09,1.511477,1.810928,-0.11407,-1.984624,-1.984626,0.963921,1.4801,1.960161,2.33209,2.877505,3.468789,-1.0,66.91922,68.4798366,0.7913945744618784,66.89704745107625,70.06262574892375,68.39929632389746,-0.6203965683174175,-0.020045846803633603
2014-10-10,0.528497,0.614204,-0.185689,-0.17111,-0.171127,0.848461,1.418378,1.903546,2.311821,2.765899,3.42571,0.0,66.804703,68.34910844999999,0.8423510355103683,66.66440637897925,70.03381052102073,68.24743029305009,-0.6690757170541559,-0.0017127380864283698
2014-10-13,0.702409,1.347475,-0.157683,-0.357092,-0.357084,0.857226,1.427754,1.978211,2.469898,2.907685,3.558392,0.0,66.566154,68.21026985,0.8969914681448972,66.41628691371021,70.0042527862898,68.08730874133103,-0.7186194066107987,-0.0035772320842838924
2014-10-14,-0.22899,0.601121,-0.386424,0.157682,0.157675,0.563913,0.980401,1.606802,2.138265,2.5642,3.17877,0.0,66.671112,68.09671735,0.942078819683533,66.21255971063295,69.98087498936707,67.95243286120427,-0.740873574706626,0.0015755054852402363
2014-10-15,0.057382,0.272593,-1.951222,-0.243303,-0.243308,0.27834,0.979921,1.627936,2.200151,2.608904,3.184131,0.0,66.508896,67.9721923,0.9803048364471489,66.01158262710571,69.9328019728943,67.8149531601372,-0.7628064804830501,-0.002436042506017864
2014-10-16,-1.092585,0.431277,-1.365726,-0.200862,-0.20085,0.316266,1.053764,1.646536,2.175816,2.599767,3.15315,0.0,66.375313,67.81951744999999,0.9792867988392725,65.86094385232144,69.77809104767854,67.67784457345746,-0.7819536234077873,-0.0020105179690269987
2014-10-17,-0.511073,0.269728,-0.79501,1.265098,1.2651,-0.814887,-0.291035,0.261207,0.757374,1.186818,1.64631,1.0,67.215027,67.72409585,0.9376367144281903,65.84882242114362,69.59936927885637,67.63376670931866,-0.7210580616148263,0.012571643420315795
2014-10-20,-0.760987,0.028186,-0.789174,0.73821,0.738205,-1.203493,-1.025927,-0.592819,-0.110623,0.348932,0.77227,1.0,67.711212,67.63630785000001,0.8433174970911679,65.94967285581767,69.32294284418235,67.64114245128832,-0.6255489683398423,0.007354940602248148
2014-10-21,-0.688396,0.112399,-0.758634,0.310032,0.310039,-1.140771,-1.213826,-0.965629,-0.482582,-0.021356,0.373699,0.0,67.921143,67.59336809999999,0.8029179782841872,65.98753214343162,69.19920405656836,67.66780917021325,-0.5268445110065727,0.003095591278966878
2014-10-22,0.098393,0.759062,-0.11246,-0.056189,-0.056198,-0.680346,-1.215913,-0.936182,-0.491988,-0.030924,0.329867,0.0,67.882973,67.5489971,0.757696508721677,66.03360408255664,69.06439011744335,67.68830096352627,-0.44655293319836176,-0.0005621331978644459
2014-10-23,-0.486864,0.347745,-0.751152,1.054261,1.054266,-1.068303,-2.001676,-1.837071,-1.502997,-1.122276,-0.782683,1.0,68.59864,67.5676044,0.77946673819168,66.00867092361663,69.12653787638335,67.77499991938092,-0.321467259038684,0.010487472176898022
2014-10-24,-0.636324,0.083004,-0.719318,0.556399,0.55639,-1.103879,-2.228516,-2.263098,-2.004418,-1.677679,-1.352875,1.0,68.980316,67.5976623,0.8227957729290954,65.9520707541418,69.24325384585819,67.88979192705892,-0.1893551296083018,0.00554847907375004
2014-10-27,-0.46877,0.068941,-0.661795,0.331996,0.332006,-0.998209,-2.170138,-2.444966,-2.308011,-2.017925,-1.68574,0.0,69.209335,67.61197580000001,0.8491346630591444,65.91370647388172,69.3102451261183,68.01546269591046,-0.06542126034393903,0.0033145638333397023
2014-10-28,-0.559578,0.0,-0.764293,1.020268,1.020273,-1.427602,-2.69415,-3.163647,-3.199815,-2.942548,-2.63228,1.0,69.915459,67.67829395,0.972324206035494,65.73364553792901,69.62294236207099,68.19641472487136,0.08875244646254998,0.010151031216522307
2014-10-29,0.550958,1.074375,-0.440778,-0.914421,-0.91443,-0.115703,-1.396695,-2.173556,-2.225208,-2.017633,-1.720387,-1.0,69.276131,67.7345928,1.0318586447598952,65.67087551048022,69.79831008951979,68.29924484631218,0.1575318640862946,-0.00918636673425932
2014-10-30,-1.114743,0.598148,-3.480154,1.322313,1.322311,-0.965198,-2.139748,-3.139387,-3.29051,-3.184339,-2.966738,1.0,70.192177,67.88249665000001,1.1603454357009886,65.56180577859803,70.20318752140199,68.47952409904435,0.2826985318645825,0.01313644922378162
2014-10-31,-0.282294,0.067208,-0.699022,1.12833,1.128341,-1.505584,-2.70064,-3.827584,-4.143038,-4.117766,-3.962011,1.0,70.984184,68.0432823,1.3508681640506104,65.34154597189878,70.74501862810122,68.71806313723062,0.44072199486051034,0.011220225587547395
2014-11-03,-0.44789,0.013572,-0.692185,-0.954428,-0.954435,-0.244299,-1.393867,-2.546148,-3.036783,-3.115095,-2.996746,-1.0,70.306686,68.17162435,1.4395456083969178,65.29253313320616,71.05071556679384,68.86936055273246,0.5054616539614898,-0.009590190683217516
2014-11-04,0.06806,0.394723,-0.462771,-0.285024,-0.285027,0.095286,-0.800318,-1.94092,-2.54661,-2.751592,-2.656406,0.0,70.106293,68.32095910000001,1.4790413966572264,65.36287630668556,71.27904189331446,68.98716364294842,0.5344375959470113,-0.0028543392139603373
2014-11-05,-0.792584,0.0,-0.90005,1.320268,1.320278,-0.714672,-1.649653,-2.794199,-3.622384,-3.856532,-3.818739,1.0,71.031891,68.45884325,1.5981968611392454,65.26244952772151,71.65523697227849,69.18189958171524,0.6248859653550767,0.01311638344325752
2014-11-06,0.782857,1.03008,-0.164812,-2.189679,-2.189684,1.302019,0.678477,-0.32047,-1.280733,-1.57506,-1.605551,-1.0,69.476517,68.5867081,1.5705959754574461,65.44551614908511,71.72790005091488,69.20995838345665,0.5645534460553563,-0.022140134626496784
2014-11-07,-0.871462,0.0,-1.062096,0.865268,0.865268,0.174289,-0.028597,-0.903235,-1.894067,-2.287585,-2.368831,1.0,70.077675,68.7503567,1.5454599975951597,65.65943670480968,71.84127669519032,69.29259806122268,0.5588063446546698,0.008615459125226597
2014-11-10,-0.283934,0.365065,-0.513782,0.708054,0.708061,-0.454303,-0.538131,-1.329551,-2.299896,-2.813958,-2.977289,1.0,70.573868,68.9507424,1.5066842111495653,65.93737397770087,71.96411082229912,69.41462376967766,0.5875178139885548,0.007055664628885567
2014-11-11,-0.386507,0.066643,-0.693051,1.446728,1.446727,-1.458083,-1.721979,-2.3946,-3.349329,-3.949889,-4.220981,1.0,71.594879,69.19693075,1.516825258918341,66.16328023216333,72.23058126783668,69.62226712494646,0.6847653661562418,0.014363614725575813
2014-11-12,0.067299,0.228827,-0.215375,-0.986265,-0.986266,-0.516898,-0.515554,-1.139685,-2.077676,-2.845614,-3.138161,-1.0,70.888763,69.41592410000001,1.4214896236696457,66.57294485266073,72.2589033473393,69.74288577971348,0.6968245324852802,-0.009911618917461701
2014-11-13,0.0,0.52646,-0.215977,-0.282683,-0.282687,0.107997,-0.163333,-0.662344,-1.495003,-2.35691,-2.700682,0.0,70.68837,69.63157695000001,1.2531161563862756,67.12534463722746,72.13780926277256,69.83293189593124,0.6823458105779849,-0.002830868652016685
2014-11-14,-0.244428,0.32591,-0.258007,-0.59395,-0.593961,0.760467,0.331352,0.053424,-0.689154,-1.576308,-2.000715,-1.0,70.268509,69.78425105,1.1223913166418111,67.53946841671637,72.02903368328361,69.87441542965207,0.6297328767693955,-0.005957314672441388
2014-11-17,-0.866038,0.067654,-1.001354,0.35307,0.353086,0.38971,0.008113,-0.175017,-0.839654,-1.698518,-2.21426,0.0,70.516617,69.92452130000001,1.0203414600535234,67.88383837989296,71.96520422010705,69.93557748397092,0.6011275653607271,0.003524637352033493
2014-11-18,-0.267234,0.307321,-0.374134,1.271987,1.27198,-0.921964,-1.064934,-1.288968,-1.84059,-2.667555,-3.242025,1.0,71.413574,70.09914284999999,0.9562739318768548,68.18659498624628,72.01169071375371,70.07633905692606,0.6434176653640691,0.012639579148851842
2014-11-19,-0.040353,0.363248,-0.753394,-0.681456,0.898634,-1.480589,-1.804047,-1.910985,-2.425304,-3.226529,-3.928864,1.0,72.055321,70.30776025,0.9008632287624632,68.50603379247508,72.10948670752492,70.26481352769501,0.7204120324280865,0.008946207889311587
2014-11-20,0.435252,0.544072,-0.081606,-1.089732,-1.089732,-0.231913,-0.470523,-0.72947,-1.162868,-1.885621,-2.666919,-1.0,71.270111,70.44133380000001,0.8293220329904127,68.78268973401919,72.09997786598083,70.360556144105,0.7098875959975715,-0.01095713224054113
2014-11-21,0.0,0.163465,-0.59937,-0.149619,-0.149622,0.16911,-0.168803,-0.56392,-0.861373,-1.516663,-2.316902,0.0,71.163475,70.55049174999999,0.7683314592270094,69.01382883154598,72.087154668454,70.4370246065712,0.6850454922870739,-0.00149734375041981
2014-11-24,-0.135253,0.392204,-0.175819,0.721977,0.72197,-0.225046,-0.73045,-1.149197,-1.399839,-2.001259,-2.779399,1.0,71.677254,70.6738877,0.7392276169634091,69.19543246607317,72.15234293392682,70.55514169165966,0.698760738755638,0.007193763561372677
2014-11-25,0.053903,0.431215,-0.175179,0.365154,0.365166,-0.441991,-1.043796,-1.339015,-1.617941,-2.134412,-2.889033,0.0,71.938995,70.77506450000001,0.7678829205683633,69.23929865886329,72.31083034113674,70.68693724483492,0.7224228408178419,0.0036450094138426948
2014-11-26,-0.376296,0.01344,-0.483806,0.269511,0.269505,-0.68808,-1.137296,-1.502441,-1.684353,-2.161785,-2.890159,0.0,72.132874,70.91790165,0.7395601604217149,69.43878132915657,72.39702197084344,70.8246455072316,0.748194916897134,0.0026914222516860337
2014-11-28,0.702471,0.97796,-0.027551,-2.432468,-2.432468,1.534433,1.2834,1.038633,0.779987,0.378578,-0.279509,-1.0,70.378265,70.92720605000001,0.7310711462243984,69.4650637575512,72.38934834244881,70.78213307797144,0.6198914674789506,-0.024625410746768852
2014-12-01,0.122908,0.423329,-0.136554,0.867761,0.867755,0.611781,0.513559,0.254989,-0.086676,-0.371787,-0.960187,1.0,70.988976,70.92744565000001,0.7310915878893502,69.4652624742213,72.38962882577871,70.80183240387892,0.5610222183053963,0.008640117680584087
2014-12-02,-0.654843,0.081851,-0.695773,0.095594,0.095597,0.341066,0.49359,0.204553,-0.129313,-0.362936,-0.897829,0.0,71.056839,70.9649533,0.7166687154927478,69.53161586901452,72.3982907309855,70.82611874636665,0.5139197442428696,0.0009555086879994814
2014-12-03,0.109631,0.287787,-0.219271,-0.450202,-0.450204,0.454982,0.852407,0.576861,0.366919,0.134116,-0.31696,0.0,70.736938,70.99648555,0.690288830394899,69.6159078892102,72.3770632107898,70.81762534195077,0.4456402931198937,-0.004512208497921009
2014-12-04,-0.219331,0.178205,-0.562032,-0.02741,-0.027394,0.082236,0.690873,0.588282,0.372198,0.243086,-0.156034,0.0,70.71756,70.980769,0.6930132692458748,69.59474246150825,72.36679553849174,70.80809530938404,0.3855206514352858,-0.00027398209876945077
2014-12-05,0.289533,0.372263,-0.261956,-0.575741,-0.575752,0.642495,1.137464,1.134937,1.01274,0.830306,0.503301,-1.0,70.310402,71.02246325000002,0.6188669639025809,69.78472932219485,72.26019717780518,70.76069594658557,0.3015451298711582,-0.005774161740379456
2014-12-08,-0.289852,0.35887,-0.35887,-0.110296,-0.11029,0.538298,1.116627,1.243217,1.135317,0.898843,0.673715,0.0,70.232857,71.03022235,0.6072621553564369,69.81569803928713,72.24474666071288,70.71042557072028,0.2261300046585717,-0.0011035037670360352
2014-12-09,0.195587,0.419117,-0.321318,-1.20083,-1.20084,1.279694,2.015932,2.365471,2.279207,2.07233,1.905992,-1.0,69.389473,70.97100259999999,0.7041321176191987,69.5627383647616,72.37926683523838,70.58462056398501,0.09718860451015132,-0.012081079835982505
2014-12-10,0.915884,1.19769,0.0,-0.852194,-0.852193,1.586592,2.436245,2.99188,2.955058,2.873602,2.727757,-1.0,68.798141,70.8311657,0.8385845637438714,69.15399657251226,72.50833482748774,70.4144796531293,-0.05211320591395463,-0.008558445902925168
2014-12-11,0.382439,0.46742,-0.198302,-0.521348,-0.521351,1.453264,2.433436,3.179424,3.315689,3.261229,3.225387,-1.0,68.439461,70.7087006,0.9941470093850404,68.72040658122992,72.69699461877008,70.22638263854556,-0.1971063256945058,-0.005227150743820806
2014-12-12,1.755659,1.886244,-0.02902,-2.379603,-2.379601,2.878703,4.396406,5.249571,5.543934,5.618738,5.572915,-1.0,66.810875,70.51482585,1.3222612201130672,67.87030340977385,73.15934829022613,69.90109619677932,-0.43837439018702185,-0.024083706788170636
2014-12-15,1.570834,1.896865,-0.696501,-2.089379,-2.089371,3.60106,5.772077,6.909699,7.425214,7.58748,7.542005,-1.0,65.414948,70.2721478,1.7470177495162835,66.77811230096744,73.76618329903256,69.47384398756225,-0.7337623564966833,-0.02111507165560114
2014-12-16,-0.717424,1.273795,-0.775982,1.215173,1.215163,1.396783,3.77014,5.075656,5.810259,6.032165,6.044629,1.0,66.209846,70.05680924999999,1.9668899606336387,66.12302932873271,73.99058917126726,69.16298703636585,-0.8934190439872083,0.012078387963599075
2014-12-17,0.028758,0.503234,-0.69015,1.830165,1.830161,-0.833929,1.413379,2.740482,3.612518,3.878889,4.00599,1.0,67.421593,69.8572102,2.023691581319827,65.80982703736035,73.90459336263964,68.99713998528338,-0.9116612003517304,0.018136154528926474
2014-12-18,-1.90024,0.0,-2.081871,2.904382,2.904397,-3.36175,-1.641755,-0.423832,0.495316,0.859989,0.991126,1.0,69.379784,69.72343335,1.9581079009734919,65.807217548053,73.63964915194698,69.03358227239926,-0.7593552180122174,0.02863019071728741
2014-12-19,-0.756307,0.406157,-1.008403,-0.237524,-0.237526,-2.436982,-1.565835,-0.298794,0.586128,1.01498,1.218983,0.0,69.214989,69.62067725,1.926336474783359,65.76800430043328,73.47335019956672,69.05085910359934,-0.6445195883386674,-0.0023780850330277956
2014-12-22,-0.278626,0.041797,-0.599048,0.532205,0.532211,-1.755369,-2.18028,-0.961276,-0.05991,0.440827,0.659456,0.0,69.583359,69.54167145,1.891824536946168,65.75802237610766,73.32532052389233,69.10157337944702,-0.5178180598099544,0.005308000710465452
2014-12-23,-0.014068,0.28134,-0.28133,-0.961268,-0.961282,-0.016874,-1.299757,-0.207244,0.70967,1.322724,1.556205,-1.0,68.914467,69.40353209999999,1.827451842365082,65.74862841526983,73.05843578473015,69.08375372426158,-0.4660083259505967,-0.009659316973845266
2014-12-24,-1.011081,0.1108,-1.011081,1.561403,1.561405,-0.819941,-2.646814,-1.812556,-0.977838,-0.316341,-0.08153,1.0,69.990501,69.3061074,1.7347554569963883,65.83659648600722,72.77561831399278,69.17011060766524,-0.33426854784481463,0.01549340589006346
2014-12-26,0.110488,0.662891,-0.041433,0.290857,0.290862,-0.87557,-2.679191,-2.147036,-1.403123,-0.711505,-0.404301,0.0,70.194077,69.20916755,1.6187728836063402,65.97162178278732,72.44671331721268,69.26763121645902,-0.21100461288621375,0.0029044014114908917
2014-12-29,-0.361867,0.167014,-0.389705,-0.77337,-0.773373,0.022266,-1.512877,-1.447464,-0.686851,-0.030622,0.322313,-1.0,69.651215,69.17281505,1.5991819346254343,65.97445118074913,72.37117891925087,69.30416300536768,-0.15533092466640142,-0.007763789814427822
2014-12-30,0.775199,0.873856,-0.014094,-1.252615,-1.252613,1.057082,0.225511,-0.338267,0.412262,1.098803,1.522703,-1.0,68.778755,69.062304,1.542432515351778,65.97743896929644,72.14716903070355,69.25412414771363,-0.1795397338996736,-0.01260524079025942
2014-12-31,0.948199,1.174638,-0.056613,-0.408732,-0.408742,1.350131,0.970851,-0.016036,0.637564,1.328054,1.841122,0.0,68.497627,68.9343434,1.472843207593482,65.98865698481303,71.88002981518697,69.18207680031233,-0.21888687806934115,-0.004095801315731069
2015-01-02,0.22876,0.514727,-0.371749,-1.018964,-1.018955,1.747208,2.066053,0.915064,1.456958,2.126961,2.711844,-1.0,67.799667,68.78747985,1.4294430340323192,65.92859378193536,71.64636591806463,69.05041872409211,-0.3028976961160055,-0.010241818902489862
2015-01-05,1.023791,1.211246,-0.259558,-0.843579,-0.843581,1.73035,2.614273,1.653444,2.060558,2.703961,3.346307,-1.0,67.227722,68.61298795,1.3940008129807253,65.82498632403855,71.40098957596146,68.87682855989286,-0.410891554174043,-0.00847159120586289
2015-01-06,1.205703,1.882072,-0.205854,-1.932229,-1.932233,2.605501,4.137628,3.567123,3.739156,4.45758,5.112485,-1.0,65.928726,68.39390415,1.4561235596043032,65.4816570307914,71.3061512692086,68.59605688752211,-0.5944432144283525,-0.019511442810444833
2015-01-07,-0.128671,0.028583,-1.486783,2.852523,2.852532,-0.526097,0.98784,0.930179,0.683336,1.372972,2.032395,1.0,67.809364,68.2727295,1.394573964037348,65.4835815719253,71.0618774280747,68.52113375537715,-0.5814548090500722,0.028126048090592173
2015-01-08,-0.710532,0.468947,-0.710532,0.600423,0.600411,-1.202207,0.2828,0.523906,-0.003545,0.601401,1.254331,1.0,68.216499,68.2140808,1.3695782429244852,65.47492431415104,70.95323728584897,68.49212092153171,-0.5321744366420091,0.005986158908259711
2015-01-09,0.328722,0.614555,-0.457335,-0.568428,-0.56842,-0.628837,0.537378,1.138588,0.496645,1.005006,1.631179,-1.0,67.828743,68.1656109,1.36496614542777,65.43567860914446,70.89554319085555,68.42894207186202,-0.5184318948791002,-0.005700413249307661
2015-01-12,0.028562,0.185636,-0.942457,0.085756,0.085754,-0.519777,0.111382,0.905328,0.369842,0.751678,1.335619,0.0,67.886909,68.1379833,1.3647234956359122,65.40853630872817,70.86743029127183,68.37731987454184,-0.49711686763032503,0.0008571745808868412
2015-01-13,0.07123,1.040035,-0.384672,0.228477,0.228477,-0.125377,-0.353329,0.560381,0.231512,0.388656,0.990167,0.0,68.042015,68.1995403,1.3290111551741506,65.5415179896517,70.8575626103483,68.34538607696643,-0.4623787822629879,0.0022821642775534253
2015-01-14,-1.544233,0.115454,-1.63083,-1.282238,-1.282247,0.981389,0.70141,1.626989,1.664031,1.510185,2.112389,-1.0,67.169548,68.2872703,1.185707454019021,65.91585539196195,70.65868520803805,68.23340149820773,-0.4994915668639379,-0.012905391959989222
2015-01-15,-0.129765,0.302765,-0.591124,0.101031,0.101044,0.588226,0.412333,1.358123,1.637823,1.279691,1.819964,0.0,67.237419,68.33864895,1.1108517803487024,66.1169453893026,70.56035251069741,68.13854602218794,-0.5174621124417342,0.0010099328521986134
2015-01-16,-0.685616,0.071422,-1.099837,0.937133,0.937133,-0.33424,-0.509929,0.20854,0.727038,0.284528,0.733703,1.0,67.867523,68.36094545,1.0958502406149662,66.16924496877007,70.55264593122993,68.11273430578909,-0.4753798890346985,0.009327690893096192
2015-01-20,-0.325917,0.113369,-0.524293,0.799882,0.799874,-0.972077,-1.126533,-0.760466,-0.143111,-0.512957,-0.178065,1.0,68.410378,68.31247515,1.0695373184024215,66.17340051319515,70.45154978680485,68.14108132428537,-0.3936873790829196,0.00796692445876174
2015-01-21,-0.565055,0.141261,-0.904085,0.311755,0.311754,-1.110326,-1.041106,-1.168713,-0.496537,-0.716483,-0.57023,0.0,68.62365,68.2829082,1.0512925848646895,66.18032303027061,70.38549336972937,68.187040245782,-0.30818365898869615,0.0031126892394404753
2015-01-22,-0.11336,0.991931,-0.36842,-0.310787,-0.310785,-0.439273,-0.644744,-0.896502,-0.272062,-0.231818,-0.349055,0.0,68.410378,68.22425915,1.0066983012802841,66.21086254743943,70.23765575256056,68.20831050808847,-0.2546946514050177,-0.0031126892394405543
2015-01-23,-0.340426,0.255324,-0.382982,-0.099188,-0.09919,-0.01702,-0.527656,-0.813234,-0.214888,-0.007938,-0.301177,0.0,68.342522,68.1956619,0.9941044924836913,66.20745291503262,70.18387088496739,68.22109255493719,-0.21529782037616485,-0.000992388542676716
2015-01-26,-0.691984,0.211836,-1.059166,0.439712,0.439717,-0.228782,-0.844511,-1.165557,-0.74989,-0.374519,-0.745183,0.0,68.643036,68.12828865,0.9079921223777156,66.31230440524457,69.94427289475543,68.26127764494316,-0.15800519412420044,0.00438753524785483
2015-01-27,-0.934576,0.292925,-1.157762,1.242765,1.242767,-1.141028,-1.830104,-2.161158,-2.018413,-1.590738,-1.912866,1.0,69.496109,68.09339025,0.8348853444171114,66.42361956116578,69.76316093883422,68.37888063113905,-0.04326577248376395,0.012351080421197019
2015-01-28,0.405258,1.187815,-0.041916,-0.181337,-0.181327,-0.746238,-1.460324,-1.652703,-1.860686,-1.403028,-1.611711,0.0,69.370094,68.0793342,0.8092504748822755,66.46083325023545,69.69783514976456,68.4732819043639,0.03707036438531475,-0.0018149129430747332
2015-01-29,0.013902,0.013902,-1.112035,0.531024,0.531011,-0.889629,-1.612454,-1.987767,-2.310257,-1.914928,-1.92475,0.0,69.738457,68.1273193,0.8784042920160914,66.37051071596781,69.88412788403218,68.59377477061496,0.12897441048633596,0.005296063517987271
2015-01-30,1.379016,1.464321,-0.014218,-2.224078,-2.224083,1.319314,0.764863,0.238847,-0.110882,0.273537,0.402814,-1.0,68.187416,68.11180875,0.8742503610419944,66.363308027916,69.86030947208398,68.55507393531829,0.07577944477647236,-0.022491884271706494
2015-02-02,-0.156171,0.198742,-0.610455,0.142175,0.142177,1.070413,0.682846,0.141015,-0.217209,0.03123,0.302384,0.0,68.284363,68.13604355,0.8718569465088287,66.39232965698234,69.87975744301765,68.52929194147845,0.04097255774136954,0.0014207628422260414
2015-02-03,-0.53559,0.253706,-0.662437,0.724012,0.724019,0.135306,0.012683,-0.492367,-0.821707,-0.770121,-0.447734,1.0,68.778755,68.2135952,0.8556407562003336,66.50231368759933,69.92487671240067,68.55305032800432,0.05267395897892868,0.007214109110669827
2015-02-04,0.370742,0.698703,-0.142591,-1.155742,-1.155755,0.898339,1.087988,0.66544,0.489101,0.292039,0.655936,-1.0,67.983841,68.31635095,0.6700858475205047,66.97617925495899,69.65652264504101,68.49883991581343,-0.0021704925754448823,-0.011624859063960468
2015-02-05,-0.326425,0.014194,-0.752194,0.470552,0.470565,0.005674,0.598921,0.304664,0.05464,-0.205506,0.122056,0.0,68.303749,68.3410702,0.6594330911815737,67.02220401763685,69.65993638236316,68.4802598285931,-0.019595330772474995,0.004694610676545636
2015-02-06,1.290795,1.464833,-0.246559,-2.143055,-2.143061,1.792603,2.577231,2.461687,2.142858,1.880785,2.211266,-1.0,66.839958,68.27224315,0.7400307472291383,66.79218165554171,69.75230464445828,68.32404060682234,-0.149793613339682,-0.021663579899921938
2015-02-09,0.118026,0.722928,-0.383596,-1.696878,-1.696879,2.764824,3.900854,4.011012,3.744465,3.511948,3.758236,-1.0,65.705765,68.16609424999999,0.9338666241408148,66.29836100171836,70.03382749828161,68.0746810252202,-0.3405706995294935,-0.017114406383377745
2015-02-10,-0.934174,0.014587,-1.065539,1.077015,1.077009,0.957525,2.329589,2.702284,2.5281,2.35995,2.462904,1.0,66.413422,68.09241990000001,1.0119129351237157,66.06859402975257,70.11624577024745,67.91646587996114,-0.4297075083730135,0.01071250563199027
2015-02-11,0.627559,0.627559,-0.321073,0.014587,0.014601,0.472853,1.870983,2.46643,2.39127,2.374779,2.285949,0.0,66.423119,68.0114751,1.078702232094786,65.85407063581043,70.16887956418957,67.77424236758388,-0.49387353799831146,0.00014599898407822344
2015-02-12,-0.231719,0.086899,-0.593776,0.7735,0.773493,-0.706732,0.670529,1.53319,1.587982,1.536859,1.409126,1.0,66.936897,67.99984255000001,1.0894600819211795,65.82092238615765,70.17876271384237,67.69449518971875,-0.49753274026316774,0.007705166170592038
2015-02-13,0.306165,0.306165,-0.306164,-0.666182,-0.666184,-0.145792,1.090539,2.02848,2.213152,2.114013,1.988631,-1.0,66.490974,67.9625203,1.129020948865773,65.70447840226845,70.22056219773154,67.57987412403125,-0.5303019529747957,-0.006684130637588333
2015-02-17,-0.295723,0.384446,-0.428808,-1.39962,-1.399604,1.227252,2.109995,3.163275,3.488081,3.425091,3.322475,-1.0,65.560364,67.84716234999999,1.2505632210420017,65.34603590791599,70.34828879208399,67.38753982650447,-0.6241692056351837,-0.014094903100271245
2015-02-18,-0.60329,0.058861,-1.236022,0.487946,0.487937,0.573867,1.174218,2.296447,2.793552,2.801057,2.752597,0.0,65.880257,67.7206563,1.3168081065563455,65.08704008688731,70.35427251311269,67.24398908112309,-0.6650803556610185,0.004867500307839596
2015-02-19,-0.247384,0.465655,-0.422006,1.118307,1.118302,-0.480207,-0.149882,0.889601,1.506112,1.57858,1.65066,1.0,66.616997,67.62032365,1.3208255316372972,64.97867258672541,70.2619747132746,67.18427554958755,-0.6307827056167525,0.01112094886195732
2015-02-20,-0.618523,0.230153,-0.978132,1.164141,1.164135,-1.490208,-1.43411,-0.503444,0.262524,0.422909,0.460308,1.0,67.392509,67.5694302,1.3083322527718195,64.95276569445636,70.18609470554364,67.20410730676969,-0.5348587153471129,0.011574114112281377
2015-02-23,-0.748086,0.0,-0.83441,-0.014386,-0.014387,-1.211325,-1.339364,-0.568732,0.205738,0.44599,0.433523,0.0,67.382813,67.52144474999999,1.2960270336908237,64.92939068261833,70.11349881738164,67.22112689660113,-0.4543828059866115,-0.00014388390801594502
2015-02-24,-0.584549,0.285141,-0.627314,0.906347,0.906351,-1.382948,-1.889075,-1.490349,-0.742083,-0.448813,-0.460503,1.0,67.993538,67.48896985,1.274400748568975,64.94016835286206,70.03777134713795,67.2946898588296,-0.3374349247954882,0.00902268584852826
2015-02-25,-0.142794,0.285588,-0.414112,-0.156829,-0.156822,-0.636877,-1.517923,-1.423203,-0.7047,-0.323293,-0.304158,0.0,67.886909,67.40850985,1.18894291525022,65.03062401949956,69.78639568050045,67.35109168179821,-0.2504696967990725,-0.0015694535047744418
2015-02-26,0.846838,0.934436,-0.073007,-2.199055,-2.199048,1.530136,0.692061,0.633658,1.303828,1.783606,1.85476,-1.0,66.394043,67.25970729999999,1.1144176315631582,65.03087203687367,69.4885425631263,67.25994418829362,-0.2985692167813738,-0.022235879141549123
2015-02-27,0.08752,0.393819,-0.291712,0.1022,0.10219,1.146443,0.517798,0.346172,0.953912,1.562431,1.71529,0.0,66.461891,67.095879,0.9611430428871178,65.17359291422576,69.01816508577423,67.18393912274185,-0.3274391516190036,0.001021377124160867
2015-03-02,0.088189,0.249858,-0.470308,-0.758463,-0.758453,1.487358,1.20517,1.023904,1.556434,2.194,2.42798,-1.0,65.957809,66.98439865,0.9571700603100368,65.07005852937993,68.89873877062007,67.06716482533785,-0.3865382156471213,-0.007613435688174192
2015-03-03,-0.381513,0.10271,-0.469559,0.16168,0.161673,0.739542,1.118114,0.897034,1.224498,1.872921,2.171673,0.0,66.064445,66.87340275,0.9267180793493425,65.01996659130131,68.72683890869868,66.9716676991152,-0.41992933173015956,0.0016154249750918543
2015-03-04,0.225092,0.225092,-0.360144,-2.215706,-2.215712,2.00481,3.211288,2.996204,3.194783,3.878157,4.290221,-1.0,64.600647,66.66449735,0.9453360236016553,64.7738253027967,68.55516939720331,66.74585620396137,-0.5580751539407487,-0.022406278795238765
2015-03-05,-0.208272,0.163641,-0.416535,0.870346,0.870344,0.746809,2.097597,1.978586,2.087929,2.723603,3.213338,1.0,65.162895,66.52345005,0.9485667550474954,64.626316539905,68.42058356009498,66.59509799406028,-0.6150975371092642,0.008665785626229546
2015-03-06,1.058117,1.058117,-0.260701,-2.990177,-2.990171,2.824718,4.58365,4.729334,4.832079,5.477071,6.120736,-1.0,63.214413,66.26898325,1.1140488907277422,64.04088546854452,68.4970810314555,66.27312799462597,-0.8081979964337762,-0.030357882894541468
2015-03-09,0.19787,0.350075,-0.213092,0.751419,0.751427,1.345501,3.223735,3.654988,3.802882,4.407904,5.085733,1.0,63.689423,66.1114565,1.244203805158227,63.623048889683545,68.59986411031646,66.02706085228064,-0.9123847609024409,0.007486175885284203
2015-03-10,1.56979,1.694126,-0.077705,-2.070019,-2.070023,2.303386,4.504197,5.505127,5.729716,6.235622,6.971815,-1.0,62.371037,65.94472010000001,1.4988232396001273,62.947073620799756,68.94236657920027,65.67886810444439,-1.0887854138519373,-0.02091748785214539
2015-03-11,0.956414,1.1916,-0.188146,-0.870372,-0.870364,2.304787,4.44182,5.99455,6.287224,6.718706,7.497634,-1.0,61.828182,65.7154581,1.752561045299905,62.210336009400194,69.22058019059982,65.3121360944973,-1.2578879150077995,-0.00874173704723864
2015-03-12,-0.187382,0.374766,-0.624612,0.407653,0.407634,0.896323,3.322928,5.077038,5.505938,5.905063,6.669793,0.0,62.080215,65.4983129,1.9211989379113097,61.65591502417738,69.34071077582261,65.00433408549756,-1.3559355279930685,0.004068059206296449
2015-03-13,-0.015839,0.142537,-1.409559,-1.405376,-1.405374,1.678818,3.937289,5.901178,6.541818,6.950909,7.725694,-1.0,61.207756,65.21185584999999,2.112958804628318,60.98593824074336,69.43777345925663,64.64275522021208,-1.4868990706112442,-0.014153425627562667
2015-03-16,-0.395007,0.237008,-0.505605,0.23757,0.237571,0.676255,2.940435,4.994999,5.870598,6.339708,7.099069,0.0,61.353168,64.95496555000001,2.256695061932581,60.44157542613485,69.46835567386518,64.3294611992395,-1.5609612983535612,0.002372894450927338
2015-03-17,-1.47975,0.186915,-1.542048,1.437822,1.437815,-0.794382,0.866055,2.88994,4.102815,4.609358,5.257022,1.0,62.235313,64.788713,2.3310036685186,60.1267056629628,69.4507203370372,64.13001851359765,-1.5308279862046135,0.014275763799102345
2015-03-18,-2.838159,0.42271,-2.958929,3.177568,3.177582,-3.106888,-2.300724,-0.660224,0.766908,1.250604,1.778382,1.0,64.212891,64.7053447,2.3196991768801056,60.065946346239784,69.34474305376021,64.13791113135025,-1.3320184227123804,0.03128141316731385
2015-03-19,0.854837,0.931156,-0.122116,-1.102053,-1.102067,-1.578377,-1.473044,0.143503,1.6448,2.195099,2.677468,-1.0,63.505222,64.54975595,2.2888839379830084,59.97198807403399,69.12752382596602,64.07765502360262,-1.2175284749881143,-0.011081846194037088
2015-03-20,-0.883365,0.314416,-1.018123,1.953906,1.95392,-2.371622,-3.124724,-1.952393,-0.507567,0.101208,0.526521,1.0,64.746063,64.41743364999999,2.1902644839406618,60.03690468211867,68.79796261788131,64.14131292611665,-1.0149689378823439,0.019350756904355455
2015-03-23,-0.494527,0.254763,-0.689343,-0.089839,-0.089849,-1.252805,-2.883253,-1.995095,-0.626395,0.079734,0.50603,0.0,64.687889,64.28268745,2.0782641076436064,60.12615923471279,68.43921566528721,64.19336779029602,-0.849342509233864,-0.0008988986740843039
2015-03-24,0.135457,0.556895,-0.120416,-0.43458,-0.434556,-0.147522,-2.143308,-1.738933,-0.471122,0.444892,0.877463,0.0,64.406784,64.10334974999999,1.8871616149480708,60.32902652010385,67.87767297989613,64.21369314360116,-0.7323234268541938,-0.004355027791000566
2015-03-25,0.316309,0.964003,-0.015064,-0.07526,-0.075279,-0.02711,-1.676457,-1.690011,-0.670278,0.42597,0.847018,0.0,64.358299,63.926919250000005,1.6669121208318238,60.593095008336356,67.26074349166365,64.22746512992487,-0.636163992774911,-0.0007530768615497452
2015-03-26,1.144691,1.312578,-0.045779,-1.310442,-1.310445,1.303429,-0.144987,-0.557581,0.422017,1.564111,2.033485,-1.0,63.514919,63.78296305,1.5637657182644291,60.655431613471144,66.91049448652886,64.15960359374154,-0.6208538493478315,-0.013191069130317604
2015-03-27,0.030393,0.668588,-0.471048,0.442617,0.44263,0.559179,-0.179313,-0.935022,-0.229456,0.891042,1.419736,0.0,63.796055,63.64967125,1.4314160006180334,60.78683924876393,66.51250325123607,64.1249799181471,-0.5793566617699497,0.00441653139784406
2015-03-30,-0.380402,0.304318,-0.410837,-0.136754,-0.136764,0.389534,0.327143,-0.797323,-0.269325,0.798539,1.413065,0.0,63.708805,63.53722104999999,1.3249266026839788,60.88736784463204,66.18707425536795,64.0853442116569,-0.5472023790605647,-0.001368575497722445
2015-03-31,-0.340502,0.417895,-0.433372,-1.688986,-1.688983,1.547746,2.114222,0.934838,1.170096,2.187896,2.999534,-1.0,62.632774,63.365637500000005,1.1963876512164848,60.97286219756704,65.75841280243297,63.947004191499104,-0.601611583444253,-0.017034091656060908
2015-04-01,-0.946133,0.091566,-1.342888,1.423924,1.423922,-0.14039,0.572261,-0.304183,-0.334957,0.478564,1.429883,1.0,63.524616,63.31183595,1.1616154448010538,60.988605060397894,65.6350668396021,63.906776744689665,-0.566239813848064,0.014138796894361073
2015-04-02,-0.183402,0.397373,-0.412658,-0.1526,-0.152588,-0.01529,0.713732,-0.010199,-0.319434,0.445047,1.417281,0.0,63.427685,63.22507545,1.0778661204582027,61.06934320908359,65.3808076909164,63.86114895948113,-0.5398064010436627,-0.0015270462696990196
2015-04-06,-0.166892,0.819305,-0.30344,0.733608,0.733612,-0.713102,-0.153249,-0.458213,-0.992274,-0.447288,0.496119,1.0,63.892998,63.25900469999999,1.0881441241579008,61.08271645168419,65.43529294831579,63.864182201435305,-0.4758258365838728,0.007309339860619564
2015-04-07,0.543314,0.890431,-0.075455,0.531027,0.531011,-1.074549,-0.751578,-0.685176,-1.472982,-1.080588,-0.198205,0.0,64.232277,63.286147400000004,1.106068418878195,61.074010562243615,65.4982842377564,63.899238848917655,-0.3932111056073069,0.005296063450648333
2015-04-08,1.270034,1.315395,-0.347746,-0.181106,-0.181101,-0.432414,-0.616873,-0.309445,-1.15815,-1.02268,-0.218728,0.0,64.115952,63.37339314999999,1.0988815320872534,61.17563008582548,65.5711562141745,63.919878196639786,-0.3332829134677553,-0.0018126472450298717
2015-04-09,0.0,0.586469,-0.19549,0.5443,0.544289,-0.679687,-1.138335,-0.823047,-1.488713,-1.566907,-0.935829,0.0,64.464928,63.50523045,1.0612659066302896,61.38269863673942,65.62776226326058,63.97178770172171,-0.2546939889884001,0.00542812985677584
2015-04-10,-0.316215,0.361392,-0.451745,-0.135335,-0.135333,-0.249959,-0.870346,-0.598298,-1.176777,-1.482302,-0.905984,0.0,64.377686,63.620104000000005,1.0225358614515632,61.57503227709688,65.66517572290313,64.01044468251011,-0.19717844999188117,-0.0013542415917341185
2015-04-13,0.803886,0.970729,0.0,-0.722782,-0.722781,0.482329,-0.130438,0.038428,-0.245713,-0.721368,-0.317505,-1.0,63.912376,63.755335,0.8511992701568387,62.05293645968632,65.45773354031368,64.00110480798534,-0.18698811659015036,-0.007254062133628318
2015-04-14,-0.239299,0.284182,-0.373916,1.410583,1.41058,-0.735861,-1.349079,-1.340103,-1.366279,-2.032895,-1.762878,1.0,64.813911,63.928372149999994,0.6695482962447021,62.58927555751059,65.2674687424894,64.07851492151055,-0.10495599649944154,0.014007235992892407
2015-04-15,0.0,0.420867,-0.300613,-0.493566,-0.493555,-0.126268,-0.571176,-0.84173,-0.701943,-1.415306,-1.356786,0.0,64.494019,64.04130745,0.54849185249784,62.944323745004326,65.13829115499568,64.11808673850955,-0.0650081873514523,-0.004947765424589571
2015-04-16,0.907198,0.951817,-0.475905,1.067188,1.067184,-0.960741,-1.366747,-1.804483,-1.676087,-2.250448,-2.368631,1.0,65.182289,64.08977734999999,0.6044324998909162,62.88091235021816,65.29864234978183,64.21943933484197,0.021935517107507962,0.010615300107199107
2015-04-17,0.075114,0.510816,-0.420676,-1.0113,-1.011298,0.096148,-0.189309,-0.697121,-0.592703,-1.100367,-1.404252,-1.0,64.523102,64.14067134999999,0.5954076711281718,62.94985600774365,65.33148669225633,64.24835958866653,0.03721910872513945,-0.010164460710579677
2015-04-20,-0.55489,0.389924,-0.614882,0.180289,0.180297,0.140961,-0.253464,-0.788855,-0.779857,-1.066001,-1.508211,0.0,64.639435,64.13533995,0.5901557891589928,62.95502837168202,65.31565152831799,64.28560486593638,0.058049408611026365,0.0018013432402124282
2015-04-21,-0.089694,0.298995,-0.358797,0.314933,0.314927,-0.164447,-0.472421,-0.983707,-1.079386,-1.161313,-1.758114,0.0,64.843002,64.14309560000001,0.5987559636576071,62.9455836726848,65.34060752731523,64.33869030727577,0.08994687537504831,0.0031443209200340107
2015-04-22,-0.044875,0.0,-0.688209,-0.074753,-0.074771,0.003011,-0.293221,-0.687196,-0.975446,-0.929366,-1.559927,0.0,64.794518,64.1624823,0.6138304268017525,62.93482144639649,65.3901431536035,64.3821024684876,0.11004506300641026,-0.0007479933627324381
2015-04-23,-0.743827,0.223151,-0.877714,0.568523,0.568531,-0.568275,-0.74977,-1.081019,-1.473512,-1.431114,-1.945842,1.0,65.162895,64.2027121,0.6524883833870702,62.89773533322586,65.50768886677415,64.45646366196497,0.15392363094544237,0.005669210830387685
2015-04-24,-1.021598,0.481618,-1.036194,1.933947,1.93396,-1.882666,-2.324872,-2.657135,-3.123908,-3.125513,-3.58825,1.0,66.423119,64.3481221,0.7987933930163922,62.75053531396721,65.94570888603278,64.64376417034926,0.2870780003455877,0.019154961748931155
2015-04-27,0.292608,0.438912,-0.351134,-0.248097,-0.248111,-1.149963,-1.727867,-2.177026,-2.697142,-2.793265,-3.094362,0.0,66.258316,64.47123515000001,0.8933754147199479,62.68448432056012,66.25798597943991,64.79753101126838,0.3749830020084346,-0.002484192076349301
2015-04-28,-0.581061,0.058108,-0.784433,0.716899,0.716912,-1.287055,-2.139752,-2.623484,-3.16314,-3.362587,-3.515406,1.0,66.73333,64.62246139999999,1.006365498213112,62.60973040357377,66.63519239642622,64.98189281971901,0.477473986194326,0.007143546745870269
2015-04-29,0.867518,1.190998,-0.485231,-1.205694,-1.2057,0.261724,-0.727836,-1.25178,-1.731365,-2.090871,-2.151156,-1.0,65.928726,64.78725899999999,0.9303922511799935,62.92647449764001,66.64804350235998,65.0720674083172,0.4881469568676664,-0.012130278849403408
2015-04-30,0.355924,0.355924,-0.474573,-0.852813,-0.852812,1.186412,0.154229,-0.310451,-0.745223,-1.187014,-1.250686,-1.0,65.366478,64.87935209999999,0.8890731307088243,63.101205838582345,66.65749836141764,65.10010651228698,0.4460943503368924,-0.00856469116603911
2015-05-01,-0.32549,0.059184,-0.872909,0.237276,0.237275,0.671701,0.06954,-0.430041,-0.820385,-1.298414,-1.381858,0.0,65.521576,64.98404665000001,0.8304870098079107,63.32307263038419,66.64502066961583,65.14024646349775,0.4204359452163544,0.0023699347320647415
2015-05-04,-0.647626,0.338533,-0.853692,0.517827,0.517825,0.032389,-0.26052,-0.745751,-1.181921,-1.681478,-1.833475,0.0,65.860863,65.0824399,0.8107585764930305,63.46092274701394,66.70395705298606,65.2088766098313,0.42260754296844993,0.005164887435776981
2015-05-05,2.109076,2.169328,-0.361555,-2.296143,-2.296145,1.642067,2.006633,1.538623,1.149449,0.668883,0.455968,-1.0,64.348602,65.08825614999999,0.8047335109555418,63.478789128088906,66.69772317191108,65.12694569460926,0.2988566917147466,-0.02322917155093777
2015-05-06,0.542588,0.55765,-0.452142,-0.045197,-0.045196,1.187647,1.978907,1.566449,1.21101,0.8193,0.496868,0.0,64.319519,65.09843450000001,0.7929901412724347,63.512454217455144,66.68441478254488,65.05004791417028,0.19617511091240658,-0.00045206225550277886
2015-05-07,-0.497885,0.407366,-0.81472,-0.105497,-0.105486,0.947485,1.944773,1.577141,1.30129,0.971025,0.597458,0.0,64.251671,65.08777165000001,0.803323292426294,63.48112506514742,66.69441823485259,64.97401201758264,0.10807858907679702,-0.001055415389684113
2015-05-08,0.014341,0.372868,-0.975187,5.205187,5.205189,-3.43325,-2.925575,-3.145472,-3.472686,-3.778007,-4.178503,1.0,67.596092,65.24869195,0.9605585113218484,63.327574927356295,67.1698089726437,65.22373392067,0.3046168515807892,0.050742439507696815
2015-05-11,0.442105,0.969773,-0.228174,0.559303,0.559281,-3.348536,-3.213051,-3.357091,-3.710769,-4.073006,-4.506548,1.0,67.974144,65.45178035,1.0845380053061984,63.28270433938761,67.62085636061241,65.48567773774904,0.48528639796904827,0.005577226847288876
2015-05-12,-0.68827,0.387155,-0.989386,-0.541931,-0.541905,-1.858341,-2.556649,-2.558084,-2.979648,-3.350742,-3.794102,-1.0,67.605789,65.59137425,1.1740926582366404,63.24318893352672,67.93955956647328,65.68759309605866,0.591921838609764,-0.005433782097187719
2015-05-13,0.129971,0.375453,-0.259922,-0.70261,-0.702623,-0.326349,-1.688084,-1.63658,-2.096748,-2.487218,-2.890009,-1.0,67.130775,65.72321205,1.1922848442469711,63.33864236150606,68.10778173849394,65.82503899167213,0.6308297212928409,-0.007051032829121155
2015-05-14,-0.257654,0.171772,-0.486686,0.880868,0.880866,-0.171769,-2.198681,-2.243531,-2.764096,-3.146289,-3.531345,1.0,67.722107,65.85020295,1.2646982029854374,63.320806544029125,68.37959935597087,66.0057121353224,0.7012959459443238,0.008770087541162833
2015-05-15,-0.794887,0.198723,-1.078772,0.844545,0.844547,-0.803406,-2.61178,-2.879581,-3.30234,-3.728031,-4.101724,1.0,68.294052,66.03875045,1.3355457666324457,63.3676589167351,68.70984198326488,66.22364926529168,0.7941377920850243,0.008410006211829635
2015-05-18,-0.214003,0.214013,-0.313881,-0.511001,-0.511002,-0.302465,-1.80482,-2.215243,-2.562417,-2.996144,-3.410374,-1.0,67.945068,66.20403209999999,1.3576211741386368,63.48878975172272,68.91927444827726,66.38759390669247,0.8299879474136702,-0.005123121219464972
2015-05-19,-0.372165,0.171772,-0.472371,-0.328149,-0.328149,0.06012,-0.983393,-1.795971,-2.029056,-2.505007,-2.9206,0.0,67.722107,66.34798735,1.35835147737741,63.631284395245174,69.06469030475482,66.51469039176938,0.8308310611621579,-0.003286884992364652
2015-05-20,-0.214257,0.614204,-0.271385,0.214717,0.214725,0.062841,-0.672767,-1.815938,-2.012576,-2.515075,-2.944348,0.0,67.867523,66.50163760000001,1.347137502642753,63.807362594714505,69.19591260528551,66.64353159255324,0.8336235968777856,0.002144943617772156
2015-05-21,0.0,0.337316,-0.885456,1.628343,1.628334,-1.177795,-1.579763,-3.040527,-3.306396,-3.857204,-4.281566,1.0,68.972633,66.6921245,1.415491190659131,63.86114211868174,69.52310688131827,66.86535077421485,0.9144684200523869,0.016152188926227294
2015-05-22,-0.168398,0.224523,-0.294693,0.154603,0.154606,-1.103007,-1.516985,-2.846857,-3.263406,-3.741795,-4.202455,0.0,69.079269,66.824932,1.5103507638879834,63.804230472224035,69.84563352777597,67.07620012905153,0.9758936641914318,0.001544868555426189
2015-05-26,0.35572,0.455318,-1.095622,-1.375247,-1.375249,0.330109,-0.120945,-1.270159,-1.777178,-2.194651,-2.660312,-1.0,68.129257,66.91847905,1.531205547968454,63.85606795406309,69.98089014593691,67.17649125961805,0.9371131271016111,-0.01384793218399497
2015-05-27,-0.70087,0.224281,-0.897115,1.50825,1.508258,-0.745727,-1.380718,-2.273625,-3.061402,-3.398381,-3.897305,1.0,69.156822,67.03965365,1.6096657300892852,63.82032218982143,70.25898511017857,67.36509418727347,0.9780211606967555,0.014969969237782764
2015-05-28,-0.488144,0.209208,-0.948392,0.504626,0.504605,-0.77265,-1.534157,-2.266839,-3.290782,-3.61226,-4.139457,0.0,69.505791,67.2185069,1.677048707428627,63.86440948514274,70.57260431485724,67.56897007419981,1.0267640569813068,0.00503336449823655
2015-05-29,0.195315,0.641739,-0.362725,-0.027895,-0.02787,-0.597107,-1.2528,-1.737361,-2.967365,-3.336505,-3.90626,0.0,69.48642,67.424504,1.6905632454929331,64.04337750901414,70.80563049098586,67.75158435284744,1.0517066559850718,-0.0002787350454540865
2015-06-01,-0.098159,0.322535,-0.701165,-0.516184,-0.516189,-0.067315,-0.619832,-1.079797,-2.203062,-2.67845,-3.185626,-1.0,69.127739,67.60481215,1.6690957458288076,64.26662065834239,70.94300364165761,67.88264670019531,1.0306505878998848,-0.005175254867774235
2015-06-02,-0.394425,0.36625,-0.478939,-0.448741,-0.44874,0.583175,-0.045084,-0.552198,-1.54741,-2.091007,-2.546847,0.0,68.817535,67.75264575000001,1.6371344376761612,64.4783768746477,71.02691462535233,67.9716836811291,0.9776627443812913,-0.004497501275584126
2015-06-03,0.382411,0.588324,-0.264751,-4.225946,-1.181655,1.446992,1.191666,0.676056,-0.10134,-0.845465,-1.226558,-1.0,68.004349,67.9354331,1.4277621529259168,65.07990879414817,70.79095740585183,67.9747946638787,0.8601370579279006,-0.011886922638341747
2015-06-04,0.673056,1.091835,-0.314086,-1.662014,-1.662003,2.374486,2.753349,2.351987,1.778039,0.886886,0.546461,-1.0,66.874115,68.0631629,1.1800279621101115,65.70310697577978,70.42321882422021,67.86996802922359,0.668095280131908,-0.016759687529624073
2015-06-05,0.441539,0.51766,-0.243609,-1.76488,-1.764886,3.059125,4.100311,3.985009,3.716343,2.719347,2.379814,-1.0,65.693863,68.1352725,0.9580399250004977,66.219192649999,70.051352350001,67.66271993120229,0.4158704196919558,-0.017806459792947912
2015-06-08,0.27323,0.455379,-0.151789,0.304503,0.304519,1.764718,3.300862,3.426488,3.272306,2.4301,2.042225,0.0,65.893913,68.05016355000001,1.0767171252728873,65.89672929945424,70.20359780054578,67.49426212823064,0.22947749006301876,0.0030405583284841132
2015-06-09,0.520842,0.612748,-0.321689,-0.910746,-0.910749,1.620706,3.816057,4.106399,4.016248,3.336815,2.930874,-1.0,65.293785,67.9161456,1.2409610687675299,65.43422346246493,70.39806773753506,67.28469287792296,0.032954556706300764,-0.009149214376689975
2015-06-10,-0.196079,0.63348,-0.452493,1.562504,1.562492,-0.452485,1.790204,2.36321,2.318607,1.865577,1.326252,1.0,66.313995,67.8515559,1.2905900700379658,65.27037575992406,70.43273604007592,67.19224546097792,-0.04000767947582062,0.01550410524656666
2015-06-11,-0.089749,0.359012,-0.448761,0.829559,0.829565,-1.274494,0.557653,1.420982,1.45685,1.179712,0.539232,1.0,66.864113,67.8382228,1.299773154146823,65.23867649170636,70.43776910829364,67.16099475040859,-0.05283183968145977,0.00826143481258038
2015-06-12,0.165662,0.692769,-0.301201,-0.673147,-0.67315,-0.388551,0.776531,1.851489,2.045956,1.995654,1.273175,-1.0,66.414017,67.77281830000001,1.33826515942949,65.09628798114103,70.44934861885899,67.08985401227444,-0.09818228041599752,-0.006754262100102759
2015-06-15,-0.825203,0.090028,-0.945239,0.376508,0.376506,-0.531132,0.028959,1.227921,1.540934,1.557151,0.950432,0.0,66.66407,67.69131920000001,1.3543869317816062,64.9825453364368,70.40009306356322,67.0493031539626,-0.11264711825171503,0.0037579935197199995
2015-06-16,-1.010258,0.074278,-1.025114,0.990252,0.99025,-0.903285,-1.173676,0.155622,0.499175,0.522727,0.033025,1.0,67.324211,67.66027635,1.3553795752077886,64.94951719958442,70.37103550041559,67.07548485358521,-0.07003542005175234,0.009853792235448355
2015-06-17,-0.443464,0.236504,-0.886918,0.505124,0.505127,-1.00222,-1.720623,-0.494802,-0.010196,0.020969,-0.30639,0.0,67.664284,67.6573852,1.3553024118144477,64.9467803763711,70.36799002362889,67.13156096276757,-0.008723731489951092,0.005038558574262458
2015-06-18,-0.087804,0.248797,-0.234161,1.005169,1.005164,-1.554217,-2.483529,-1.598325,-0.970366,-0.903369,-1.102197,1.0,68.344421,67.6812301,1.3633653530549759,64.95449939389005,70.40796080610994,67.24707144250398,0.0936678505056534,0.01000145791332455
2015-06-19,0.708382,0.708382,0.0,-0.834183,-0.834188,-0.32467,-1.35625,-0.938978,-0.225729,-0.066683,-0.09701,-1.0,67.7743,67.62131345,1.329536466306108,64.96224051738778,70.28038638261222,67.29728368607503,0.12734199764744858,-0.008376868805142436
2015-06-22,0.221078,0.648486,-0.058957,0.132819,0.132832,-0.103173,-1.196761,-1.1945,-0.447598,-0.224579,-0.216362,0.0,67.864326,67.5605663,1.286474036364027,64.98761822727195,70.13351437272806,67.35128771597266,0.15945524685943724,0.0013274391797443276
2015-06-23,0.400894,0.608765,-0.089081,-0.736922,-0.73692,0.650331,-0.155905,-0.604804,0.234686,0.481655,0.494242,-1.0,67.36422,67.52231445,1.2800323218621663,64.96224980627566,70.08237909372433,67.3525193620705,0.14290355040887448,-0.007396489791197292
2015-06-24,-0.148498,0.267305,-0.460346,-0.014848,-0.014848,0.573207,0.013362,-0.654393,0.115756,0.474728,0.496715,0.0,67.354218,67.43218425,1.2209863265254488,64.99021159694911,69.8741569030509,67.3526811371114,0.12750928623354696,-0.00014848747011712732
2015-06-25,-0.962254,0.621756,-1.273133,0.311858,0.31185,0.029606,-0.193933,-0.895141,-0.339165,0.144418,0.205677,0.0,67.564262,67.3351078,1.1204901985805782,65.09412740283885,69.57608819716116,67.37283169548175,0.13075080249238624,0.0031136456576494214
2015-06-26,-0.104593,0.313758,-0.313768,-0.91784,-0.91784,0.708204,0.809801,0.147418,0.394154,0.950893,1.095187,-1.0,66.94413,67.2079933,1.0014732556327897,65.20504678873442,69.21093981126558,67.33200296257873,0.08233119497445784,-0.009220783693204395
2015-06-29,0.734507,1.744448,0.0,-2.360677,-2.36067,2.377962,3.048197,2.514659,2.533507,3.164256,3.389978,-1.0,65.3638,67.01979635000001,0.9750381500908128,65.06972004981839,68.96987265018163,67.14455506138076,-0.08260885302362908,-0.02388980252552975
2015-06-30,1.207996,1.269938,-0.309738,-1.193578,-1.193577,2.753601,3.868668,3.679725,3.444322,4.190876,4.465431,-1.0,64.583633,66.80810124999999,1.0226389957107456,64.7628232585785,68.85337924142148,66.90065772220163,-0.2731295190845344,-0.012007568842011858
2015-07-01,0.358422,0.623337,-0.202588,-0.619475,-0.619471,2.406099,3.973807,4.104709,3.791478,4.530392,4.932826,-1.0,64.183556,66.6170616,1.1378031910080237,64.34145521798395,68.89266798201605,66.641886129611,-0.4512002344418278,-0.0062139787390198395
2015-07-02,-1.760558,0.04593,-1.760558,1.79211,1.792107,-0.079609,1.682483,2.115733,1.84629,2.434649,2.956154,1.0,65.333794,66.54004555,1.1711307125459447,64.19778412490811,68.8823069750919,66.5173059267909,-0.4938155671640061,0.017762380742395233
2015-07-06,-0.247528,0.170173,-0.417701,-1.041024,-1.041032,0.262999,2.269494,3.008456,2.837252,3.213251,3.816563,-1.0,64.653648,66.48803480000001,1.23219453816756,64.02364572366488,68.95242387633513,66.33981469566795,-0.5758327814943272,-0.010464891017876034
2015-07-07,-1.001699,0.30821,-1.479425,0.386758,0.386759,-0.265063,1.419325,2.430778,2.364768,2.555276,3.20214,0.0,64.903702,66.43852425,1.2764232105174123,63.88567782896518,68.99137067103483,66.20304205798529,-0.6135817581748455,0.003860133145617978
2015-07-08,0.046478,0.325337,-0.387287,-0.523972,-0.523965,0.25407,1.519754,2.685257,2.847404,2.831912,3.561644,-1.0,64.563629,66.40201645,1.3205663835397379,63.76088368292053,69.04314921707947,66.04690748103431,-0.6632931130308037,-0.005253430027468324
2015-07-09,1.389741,1.49784,0.0,0.325337,0.32533,0.11118,0.792156,2.054765,2.394995,2.298948,3.000257,0.0,64.773674,66.32500040000001,1.3699623086061659,63.585075782787676,69.06492501721235,65.92564714950723,-0.6779261333535089,0.003248021719740162
2015-07-10,-0.045163,0.436544,-0.210749,2.578751,2.578747,-2.071349,-1.910276,-0.701486,-0.210744,-0.298657,0.257312,1.0,66.444023,66.30399589999999,1.364470940780542,63.575054018438905,69.03293778156107,65.97501627812558,-0.548417882798887,0.025460578406961004
2015-07-13,0.348273,0.711689,-0.317985,-0.587087,-0.587085,-1.069045,-1.465772,-0.288708,0.351307,0.311937,0.676168,-1.0,66.05394,66.28599204999999,1.3653181344102339,63.55535578117952,69.01662831882045,65.982532823066,-0.47181926048061484,-0.005888152816739141
2015-07-14,-0.150204,0.105132,-0.465612,0.817692,0.8177,-1.363781,-2.080211,-1.224599,-0.467866,-0.459606,-0.267206,1.0,66.594063,66.2824917,1.3643872401344947,63.553717219731006,69.01126618026899,66.04077379229781,-0.36334250213459995,0.008143748460431048
2015-07-15,-0.074554,0.313102,-0.23856,0.735957,0.735947,-1.332935,-2.422839,-1.974054,-1.212911,-1.080065,-1.081954,1.0,67.08416,66.27048915,1.3557695429630208,63.55895006407396,68.98202823592604,66.14014390731707,-0.2351168766255114,0.0073325211073781565
2015-07-16,-0.414205,0.029587,-0.458576,0.790213,0.790209,-1.266264,-2.680463,-2.716951,-1.991114,-1.778688,-1.876715,1.0,67.614265,66.2679882,1.3531066471960327,63.56177490560794,68.97420149439208,66.28053639233448,-0.08968823126510017,0.007871030961237063
2015-07-17,-0.179024,0.328209,-0.447566,-0.843193,-0.843196,-0.247642,-1.597782,-1.941407,-1.25465,-0.932705,-1.033854,-1.0,67.044144,66.20297435,1.277196003878834,63.648582342242335,68.75736635775768,66.35326092639787,-0.02020605918768581,-0.008467713391326416
2015-07-20,0.357942,0.357942,-0.149141,0.029839,0.029849,0.02386,-1.267712,-1.958737,-1.337061,-0.92349,-0.995277,0.0,67.064156,66.16746715000001,1.2405583913593372,63.686350367281335,68.64858393271868,66.42096521912188,0.03605820735943155,0.0002984453631659693
2015-07-21,0.649739,0.67996,-0.241768,-1.297541,-1.297543,1.217889,0.225145,-0.586276,-0.166209,0.350562,0.321349,-1.0,66.19397,66.08394935,1.1747919258312445,63.73436549833751,68.43353320166248,66.39934662682457,0.01031243092359091,-0.013060342288138103
2015-07-22,0.381505,0.473071,-0.137338,-0.982174,-0.982185,1.751879,1.368853,0.497499,0.6852,1.237314,1.32918,-1.0,65.543823,65.9929295,1.1403955127798515,63.7121384744403,68.27372052555971,66.3178681861746,-0.061839860368579025,-0.009870398821089577
2015-07-23,0.737327,0.737327,-0.353302,-0.656183,-0.656178,1.655914,2.090633,1.256534,1.178195,1.749316,1.937027,-1.0,65.113739,65.88090555,1.1092533959803812,63.66239875803923,68.09941234196076,66.20318921606274,-0.1519734007214879,-0.0065834008652443715
2015-07-24,0.67859,1.095001,-0.169648,-0.399387,-0.399375,1.388024,2.254774,1.613196,1.374919,1.942008,2.242439,0.0,64.853691,65.74537699999999,1.057119718113414,63.631137563773166,67.85961643622682,66.07466557643772,-0.24160352606099877,-0.004001746391898378
2015-07-27,0.39902,0.491106,-0.107423,0.493518,0.493512,0.310007,1.61756,1.167387,0.741259,1.281775,1.676904,0.0,65.173752,65.6568581,1.0250949723018337,63.60666815539633,67.70704804460367,65.98886428344366,-0.2835413105741509,0.004922986087032754
2015-07-28,-0.276237,0.368325,-0.552486,0.0,0.0,-0.00307,1.399633,1.195011,0.726679,1.116642,1.600682,0.0,65.173752,65.6473557,1.0288285848810328,63.58969853023794,67.70501286976207,65.91123454216331,-0.3131673091462943,0.0
2015-07-29,-0.167222,0.334447,-0.319242,0.951506,0.951506,-0.869565,0.247794,0.365867,-0.130735,0.06811,0.565526,1.0,65.793884,65.70786825,0.9981036247845565,63.711661000430894,67.70407549956911,65.90005830005252,-0.2833404839917364,0.00947007449329936
2015-07-30,0.151674,0.151674,-0.318517,0.228036,0.228033,-0.843318,-0.233582,0.255827,-0.224478,-0.245105,0.249763,0.0,65.943916,65.79588625,0.9320394561518591,63.93180733769628,67.65996516230372,65.90423522385704,-0.24477457272828929,0.002277737518994978
2015-07-31,-0.300207,0.465331,-0.405287,1.046562,1.046568,-1.335939,-1.328434,-0.763538,-1.160314,-1.334134,-0.874112,1.0,66.634064,65.86089975,0.9433906094534225,63.974118531093154,67.74768096890685,65.97374272634684,-0.15671512005489774,0.01041129505883003
2015-08-03,0.105211,0.480983,-0.330676,-0.135093,-0.135096,-0.790622,-1.273112,-0.580191,-0.884564,-1.224709,-0.801642,0.0,66.544044,65.95541955,0.9101844932898914,64.13505056342022,67.77578853657978,66.02805713336143,-0.09311782670617674,-0.0013518740438896051
2015-08-04,0.647001,0.752323,-0.090285,-0.105211,-0.105204,-0.294924,-1.127007,-0.487524,-0.662064,-1.053877,-0.766887,0.0,66.474037,66.0339363,0.8819785496418127,64.26997920071636,67.79789339928362,66.07053140637463,-0.047814319647145,-0.0010525938419411731
2015-08-05,-0.299409,0.224553,-0.314369,0.511584,0.511576,-0.497005,-1.440121,-1.020961,-0.999253,-1.423952,-1.299401,0.0,66.814102,66.14645995,0.8263254298835929,64.4938090902328,67.79911080976719,66.14134765338656,0.015352465879431065,0.005102715671883773
2015-08-06,0.119062,0.14883,-0.535794,0.583835,0.583833,-0.699508,-1.701147,-1.63616,-1.393067,-1.816343,-1.879745,1.0,67.204185,66.2679855,0.7918111296660524,64.68436324066789,67.8516077593321,66.24257025782593,0.0957848879771177,0.005821356328780991
2015-08-07,-0.776123,0.194031,-0.955227,-0.282786,-0.282792,-0.304467,-1.099991,-1.360191,-1.070887,-1.437603,-1.628845,0.0,67.014137,66.2964912,0.8085670820425647,64.67935703591488,67.91362536408514,66.31605280469965,0.1425496530054886,-0.002831925242102586
2015-08-10,-0.908957,0.193713,-0.923858,0.164179,0.164191,-0.295039,-0.971541,-1.515923,-1.153333,-1.451947,-1.781156,0.0,67.124168,66.35000260000001,0.8268768825536498,64.69624883489271,68.00375636510731,66.39301615663302,0.18634161816440553,0.001640560832768388
2015-08-11,-0.403158,0.119463,-0.403158,-0.208615,-0.208613,0.065699,-0.494252,-1.2314,-0.917578,-1.121698,-1.495197,0.0,66.984138,66.36950635000001,0.8374691353475258,64.69456807930496,68.04444462069506,66.44931347504892,0.20735752684258557,-0.002088312872877784
2015-08-12,-1.769129,0.235887,-1.828093,1.284159,1.28415,-0.899304,-1.453629,-2.2576,-2.117791,-2.181921,-2.583905,1.0,67.844315,66.4075141,0.8873726872061583,64.63276872558768,68.18225947441232,66.5821707631395,0.29007804188283615,0.01275974990986605
2015-08-13,0.14736,0.368406,-0.338932,0.044231,0.04424,-0.74566,-1.212796,-2.029675,-2.141917,-2.042447,-2.445727,0.0,67.874329,66.4205173,0.9076601493022557,64.6051970013955,68.2358375986045,66.70523345236431,0.35397610874477436,0.00044229738235975385
2015-08-14,-0.540779,0.0,-0.570002,0.825225,0.825207,-1.142928,-1.758244,-2.482692,-2.841262,-2.727844,-3.093136,1.0,68.434433,66.49003175,1.0058615839843315,64.47830858203133,68.50175491796867,66.86991912356771,0.44468544194151605,0.008218212009029741
2015-08-17,-0.465723,0.334739,-0.61127,0.423857,0.423876,-1.094464,-1.855633,-2.549856,-3.130558,-2.982981,-3.304719,0.0,68.72451,66.57304945,1.1180064170231276,64.33703661595375,68.80906228404625,67.04654682608506,0.533826413056417,0.004229799765743051
2015-08-18,0.188489,0.188489,-0.333477,0.378404,0.378404,-0.887351,-1.861688,-2.548943,-3.293471,-3.210102,-3.472051,0.0,68.984566,66.71257925,1.2361052621108277,64.24036872577835,69.18478977422166,67.23112008074364,0.6183279213309874,0.003776894256991368
2015-08-19,-0.014528,0.232426,-0.47937,-0.188489,-0.1885,-0.406736,-1.380009,-2.068562,-2.870422,-2.924461,-3.082024,0.0,68.85453,66.87811459999999,1.2917774568575584,64.29455968628487,69.46166951371511,67.38573054924424,0.6671130925280977,-0.0018867802002516816
2015-08-20,0.761573,0.981259,-0.014636,-0.813488,-0.813482,0.533102,-0.411538,-1.035926,-1.840945,-2.088457,-2.115306,-1.0,68.294411,67.0371482,1.258489727266279,64.52016874546744,69.55412765453256,67.47227154455432,0.6530508067990155,-0.008168085149805946
2015-08-21,2.501496,2.696225,-0.029959,-2.226124,-2.226122,2.324746,1.81995,1.231275,0.537745,0.124623,0.129816,-1.0,66.774094,67.13316835,1.151873674151117,64.82942100169777,69.43691569830224,67.40577844507295,0.5133123230306467,-0.022512742115518538
2015-08-24,-0.357042,2.064565,-1.040057,-3.505086,-3.505079,4.709705,5.100885,4.69004,4.132241,3.598245,3.683105,-1.0,64.433609,67.09616120000001,1.2275427730000452,64.64107565399992,69.5512467460001,67.12271468839934,0.21127553577018432,-0.035679815091028716
2015-08-25,2.445768,2.445768,-0.015384,0.915863,0.915854,2.541145,3.845558,3.591238,3.175661,2.586058,2.661636,1.0,65.023727,67.08865995,1.2403005776912126,64.60805879461756,69.56926110538242,66.92281109902797,0.019304268990396167,0.009116858196472826
2015-08-26,-0.04587,0.122351,-2.248041,0.584515,0.584516,0.890051,2.868946,2.845496,2.546266,1.981347,1.979409,1.0,65.403801,67.0691558,1.2645627832066222,64.54003023358676,69.59828136641325,66.77814347054911,-0.10100126787685326,0.005828141983003699
2015-08-27,-1.55355,0.015084,-1.613875,1.391656,1.391653,-1.092001,1.221722,1.344396,1.166669,0.653999,0.514329,1.0,66.313995,67.08765975,1.2498529792233204,64.58795379155336,69.58736570844664,66.73393885430633,-0.12149866265458797,0.013820584848809206
2015-08-28,-1.545382,0.015004,-1.545382,0.527903,0.527905,-1.644408,0.424608,0.777195,0.63766,0.234058,-0.032509,0.0,66.66407,67.08916005,1.2492977201460445,64.59056460970791,69.5877554902921,66.72728467770573,-0.1082470641168527,0.005265166232197635
2015-08-31,0.151101,0.347536,-0.770628,-0.705176,-0.705177,-0.414022,0.755518,1.399216,1.325931,1.007556,0.633626,-1.0,66.19397,67.07165635,1.2597459477600121,64.55216445447998,69.59114824552002,66.67649280363851,-0.13413202749480035,-0.007076755940415203
2015-09-01,0.614538,0.814262,-0.384084,-1.647024,-1.647016,1.278223,1.846668,2.90469,2.917492,2.694724,2.263013,-1.0,65.103745,67.00314175,1.3293029117144752,64.34453592657104,69.66174757342895,66.52670729853008,-0.23985321501319845,-0.016607296739304386
2015-09-02,0.978447,0.978447,-0.794979,0.491624,0.491615,0.788875,0.824039,2.15462,2.307756,2.169704,1.756617,0.0,65.423805,66.93362690000001,1.375266493718855,64.1830939125623,69.68415988743772,66.42166898438437,-0.2944179834106535,0.004904108618614626
2015-09-03,0.351681,0.779819,-0.244641,-0.01529,-0.015276,0.529046,0.399077,1.919463,2.186537,2.152898,1.787454,0.0,65.413811,66.8441082,1.4144399557048613,64.01522828859027,69.67298811140972,66.3256825096811,-0.3346102095521246,-0.000152769521869651
2015-09-04,0.683226,0.745342,-0.403728,-1.529045,-1.529056,1.391303,1.591614,3.085921,3.571426,3.60124,3.345235,-1.0,64.413597,66.7140812,1.5140135204761904,63.686054159047615,69.74210824095238,66.1435791278067,-0.44207577465382997,-0.015408669173250067
2015-09-08,-0.391794,0.015069,-0.708257,3.043471,3.043463,-1.549114,-1.116625,-0.194884,0.455859,0.531055,0.353136,1.0,66.374001,66.67657285,1.5126109823747411,63.651350885250515,69.70179481474948,66.16552406801559,-0.36484903762918464,0.0299806842362488
2015-09-09,1.440702,1.592354,-0.090997,-0.632907,-0.632891,-0.664249,-0.345778,0.134458,1.017583,1.139815,1.031737,-1.0,65.953926,66.62506225,1.5191133668600776,63.58683551627984,69.66328898372015,66.14537187106171,-0.3336961919531376,-0.006349021262964169
2015-09-10,-0.762894,0.433811,-0.792813,1.380039,1.380035,-1.585639,-1.48392,-1.427075,-0.430815,-0.233957,-0.290203,1.0,66.864113,66.57605215,1.4932996174269002,63.5894529151462,69.5626513848538,66.21382340715107,-0.23287837620176788,0.01370598836332266
2015-09-11,-0.166263,0.030231,-0.680167,-1.032159,-1.032165,-0.329502,-0.477627,-0.612652,0.479145,0.744259,0.761289,-1.0,66.173965,66.49103395,1.4636026317755106,63.56382868644898,69.41823921355102,66.21002736837478,-0.20629071569912583,-0.010375288058448593
2015-09-14,-0.731262,0.076177,-0.914077,-0.785977,-0.785963,0.837896,0.15691,0.060932,1.06337,1.459469,1.509743,-1.0,65.653862,66.3520054,1.399962384139171,63.55208063172165,69.15193016827834,66.15705923805336,-0.2245987342147231,-0.007890681511251064
2015-09-15,-0.655783,0.106752,-0.97606,-0.106638,-0.106655,0.704597,0.170816,0.284688,0.931835,1.47385,1.569321,0.0,65.583839,66.19497185,1.2917982099148333,63.611375430170334,68.77856826982966,66.10246683442924,-0.24196897397236228,-0.0010671172401112818
2015-09-16,-0.616267,0.225466,-0.676383,1.464083,1.464088,-0.57117,-1.058168,-1.010069,-0.70795,-0.016833,0.107221,1.0,66.544044,66.07294575,1.1179944014126757,63.83695694717465,68.30893455282535,66.14452180257884,-0.17622310513321793,0.014534735325048157
2015-09-17,-1.318739,0.83921,-1.318739,0.300613,0.300617,-0.90514,-1.1569,-1.172885,-1.163644,-0.382436,-0.196313,0.0,66.744087,65.9674236,0.9244867510650941,64.11845009786981,67.8163971021302,66.20162324995228,-0.10674672236599747,0.0030016648699019875
2015-09-18,-0.556895,0.722456,-0.571946,-0.43458,-0.434588,-0.388319,-0.568933,-0.727472,-0.870708,-0.033111,0.201687,0.0,66.454025,65.8754043,0.757120543704085,64.36116321259183,67.38964538740817,66.22566151186159,-0.07423602108266891,-0.004355353903484121
2015-09-21,0.405774,0.556058,-0.165314,0.15051,0.150524,-0.267518,-0.396764,-0.887696,-1.036228,-0.296372,0.028043,0.0,66.554054,65.8644023,0.7448737157051885,64.37465486858962,67.35414973141037,66.25693698692238,-0.03993915801358128,0.0015041044064430908
2015-09-22,0.333788,0.379307,-0.424825,-0.946802,-0.946812,0.788959,0.487032,0.032371,0.022762,0.486728,0.923485,-1.0,65.923912,65.93891744999999,0.6644040455887493,64.6101093588225,67.26772554117748,66.2252203215012,-0.06288098714163937,-0.00951323108925086
2015-09-23,0.50106,0.668079,-0.060739,-0.075854,-0.07585,0.662005,0.551162,0.186246,0.163217,0.374119,0.943914,0.0,65.873909,65.98142655,0.6290232213621347,64.72338010727573,67.23947299272426,66.19176210040584,-0.08412760555090415,-0.0007587834460346278
2015-09-24,-0.822486,0.119642,-1.046806,1.533549,1.533536,-0.816498,-0.964547,-1.181385,-1.23896,-1.259746,-0.628571,1.0,66.884109,66.05544195,0.6443827233147849,64.76667650337043,67.34420739662957,66.25769990036719,-0.01922934241797236,0.015218960231763055
2015-09-25,-0.457966,0.620481,-0.635244,1.226258,1.226264,-1.648686,-1.938241,-2.152946,-2.332686,-2.490759,-1.840738,1.0,67.704285,66.12495645,0.7414261221559462,64.64210420568811,67.60780869431188,66.39546990985602,0.09726315824079279,0.01218806657280793
2015-09-28,0.485077,0.911355,-0.235194,0.502298,0.502302,-1.702197,-2.07703,-2.286251,-2.719393,-2.903429,-2.350438,0.0,68.044365,66.1939712,0.8504725078435742,64.49302618431284,67.89491621568715,66.55250753748878,0.21455268829265606,0.0050104470499484815
2015-09-29,-0.102196,0.306567,-0.306576,0.690871,0.690862,-1.620436,-2.321164,-2.748414,-3.217514,-3.331383,-3.030653,1.0,68.514458,66.30999560000001,0.9962612214628536,64.3174731570743,68.30251804292571,66.73935996248984,0.34150144615900047,0.006884869781310074
2015-09-30,-0.674996,0.114899,-0.775523,1.649629,1.649639,-2.134141,-3.461152,-3.973383,-4.462157,-4.634784,-4.572741,1.0,69.644699,66.53704330000001,1.202899678646902,64.1312439427062,68.94284265729381,67.01605891844319,0.5272326445311109,0.01636179952197466
2015-10-01,0.214903,0.415468,-0.601724,0.244151,0.244148,-1.532952,-3.256447,-3.925501,-4.380372,-4.614326,-4.759312,0.0,69.814735,66.7565898,1.3771124472549205,64.00236490549015,69.51081469450985,67.28259949763908,0.6803043168222871,0.00243850242869891
2015-10-02,-1.508801,0.0,-1.648503,2.550141,2.550139,-2.89466,-4.944115,-5.809813,-6.326484,-6.691251,-6.974011,1.0,71.595108,67.06565465,1.7126482569892072,63.64035813602158,70.49095116397841,67.69331459310203,0.9345035664313599,0.025181656969006976
2015-10-05,-0.547371,0.028071,-0.799998,-0.46102,-0.461023,-1.541051,-3.842805,-4.848652,-5.411926,-6.000838,-6.333095,0.0,71.265038,67.4082267,1.8351023998920912,63.73802190021582,71.07843149978419,68.03347872709232,1.0966825390147505,-0.00462089108213264
2015-10-06,0.112308,0.350976,-0.238668,-0.028071,-0.028071,-0.746874,-3.068928,-4.292195,-5.043516,-5.690856,-5.988109,0.0,71.245033,67.6517783,2.0059061174918376,63.63996606501633,71.66359053498368,68.33934103879781,1.2096521894545589,-0.00028075208988426095
2015-10-07,0.969245,1.025426,-0.449498,-0.05616,-0.056155,-0.252843,-2.265766,-3.802029,-4.621432,-5.295122,-5.64592,0.0,71.205025,67.91433325,2.1127891933436906,63.68875486331262,72.13991163668737,68.61226332081706,1.2811844433381196,-0.0005617126677750466
2015-10-08,-1.139203,0.027787,-1.222565,1.109712,1.109719,-0.741883,-2.628517,-4.371593,-5.3119,-5.969444,-6.376316,1.0,71.995201,68.17088765,2.2832087433787294,63.60447016324254,72.73730513675746,68.93444786169162,1.3856618223826445,0.011036072246613097
2015-10-09,1.083858,1.183683,-0.442095,-2.584055,-2.584068,1.474621,0.30092,-1.485065,-2.517818,-3.205924,-3.711248,-1.0,70.134796,68.3689292,2.272636169014776,63.82365686197045,72.91420153802954,69.0487667320067,1.303317924797767,-0.02618041652560249
2015-10-12,-0.641481,0.156805,-0.684249,0.042786,0.042795,1.117602,0.560224,-1.184133,-2.238064,-2.919461,-3.586127,0.0,70.16481,68.59447660000001,2.212033992932945,64.17040861413412,73.0185445858659,69.15505656705368,1.2263451284016753,0.000427855805352367
2015-10-13,-1.092743,0.27318,-1.279659,-0.85531,-0.855312,1.506829,1.578719,0.017252,-1.108556,-1.89849,-2.592859,-1.0,69.564682,68.79351875,2.103303135822436,64.58691247835513,73.00012502164488,69.19406851304856,1.104189904690756,-0.008589907277525455
2015-10-14,-0.099512,0.270122,-0.255895,1.135869,1.135865,0.125113,0.538817,-0.681446,-1.948387,-2.750064,-3.438055,1.0,70.354843,68.9840587,2.060981943457252,64.8620948130855,73.1060225869145,69.3046184641868,1.0589336706757564,0.01129462667857558
2015-10-15,-0.725439,0.153459,-0.864957,1.905034,1.905037,-1.830357,-1.078403,-2.090772,-3.436103,-4.298547,-4.951634,1.0,71.695129,69.2316108,2.0750659211384432,65.0814789577231,73.38174264227689,69.53228613426425,1.1183262888044396,0.01887118675635472
2015-10-16,-0.445059,0.097364,-0.445059,0.306918,0.30692,-1.635605,-1.336578,-1.999999,-3.351876,-4.272043,-4.94112,0.0,71.915176,69.50466835,2.0494852210966985,65.40569790780661,73.6036387921934,69.75922802623909,1.169668114531433,0.003064503932478553
2015-10-19,-0.43074,0.027791,-0.514104,0.097364,0.097369,-1.22552,-1.332509,-1.730361,-3.068649,-4.013348,-4.682979,0.0,71.985199,69.7762256,1.9970958417424405,65.78203391651512,73.77041728348489,69.97122526183536,1.2021495208470867,0.0009732150528008107
2015-10-20,-0.013855,0.180106,-0.221671,0.291786,0.291778,-0.784151,-1.487946,-1.676365,-2.91632,-3.926295,-4.691511,0.0,72.195236,70.0897918,1.8471067023563947,66.39557839528722,73.78400520471278,70.18303580832722,1.2306532947884534,0.002913531902963637
2015-10-21,-0.167177,0.515465,-0.208965,-0.554174,-0.554161,0.169958,-0.856792,-0.928772,-1.962951,-3.098364,-3.889206,-1.0,71.795158,70.38585425,1.5928426564293117,67.20016893714137,73.57153956285862,70.3365712551532,1.2070457183061762,-0.005557023888005641
2015-10-22,-0.373964,0.041554,-0.650969,0.585126,0.585112,-0.268694,-1.403046,-1.283471,-2.164127,-3.359002,-4.201291,1.0,72.21524,70.6524108,1.4117773675336087,67.82885606493278,73.47596553506722,70.51549208799575,1.2083050618792441,0.005834067502597004
2015-10-23,0.571751,0.571751,-0.16734,-0.678671,-0.678661,0.359779,-0.507606,-0.596856,-1.215319,-2.404693,-3.288716,-1.0,71.725143,70.8534537,1.246471547622272,68.36051060475546,73.34639679524454,70.63069693675806,1.1564258118367263,-0.006809748365393513
2015-10-26,-0.524646,0.082843,-0.538453,1.004044,1.004037,-0.510836,-1.18183,-1.476368,-1.893553,-3.049566,-3.937595,1.0,72.44529,71.07349995,1.1048860741545905,68.86372780169081,73.28327209830918,70.80351532373348,1.160048657964822,0.009990300709981942
2015-10-27,0.041791,0.153223,-0.250727,-0.883614,-0.883603,0.267442,0.011136,-0.546045,-0.789812,-1.857649,-2.792412,-1.0,71.805161,71.23803509999999,0.9358330760645126,69.36636894787097,73.10970125212901,70.89891015004459,1.0986027207949292,-0.00887530260769969
2015-10-28,0.06968,0.418113,-0.766556,-0.055712,-0.055708,0.31497,0.2634,-0.438576,-0.586778,-1.474583,-2.49572,0.0,71.76516,71.34405815,0.8631097499550446,69.61783865008991,73.07027764991008,70.98141013575463,1.0347506649405176,-0.0005572321738426588
2015-10-29,-0.517991,0.140005,-0.99398,-0.445999,-0.446016,0.548799,0.677594,-0.04386,-0.027295,-0.77782,-1.839559,0.0,71.445076,71.4255752,0.7844772006670029,69.85662079866599,72.99452960133401,71.02556878949228,0.9473983287019792,-0.004470134844213737
2015-10-30,-0.265359,0.405032,-0.530727,0.237998,0.237995,0.279337,0.396656,-0.143384,-0.263264,-0.794968,-1.832398,0.0,71.615112,71.4265754,0.784717445267571,69.85714050946486,72.99601029053515,71.08171576192159,0.8817274518347489,0.002377126473075061
2015-11-02,0.237036,0.39041,-0.571672,0.167599,0.167599,-0.086441,0.193815,-0.164524,-0.397375,-0.755156,-1.7559,0.0,71.735138,71.4500804,0.7866623282564061,69.8767557434872,73.02340505651281,71.1439464512624,0.829802457687066,0.0016745841468487292
2015-11-03,-1.121858,0.0,-1.290138,-0.571672,-0.571658,0.353383,0.647873,0.574015,0.180895,-0.02693,-0.938631,-1.0,71.325058,71.45408164999999,0.785767500080813,69.88254664983836,73.02561665016162,71.16119517018979,0.7469511094780756,-0.0057329870172850165
2015-11-04,-0.098197,0.392754,-0.29458,-0.028037,-0.028057,0.252493,0.607385,0.691081,0.216025,0.094268,-0.656937,0.0,71.305046,71.4590827,0.7844160724460285,69.89025055510794,73.02791484489205,71.17489524921933,0.671930422311732,-0.0002806139737697445
2015-11-05,-0.042226,0.309639,-0.281499,-0.336653,-0.336644,0.484161,0.785361,0.972083,0.489088,0.50274,-0.125268,0.0,71.065002,71.41257275000001,0.7785099187097224,69.85555291258056,72.96959258741946,71.16442922548416,0.5863473947903799,-0.0033721169703491254
2015-11-06,1.047207,1.504429,-0.722705,-4.574252,-4.574254,4.179947,5.039832,5.409056,5.134964,5.097353,4.667657,-1.0,67.814308,71.29654835,1.0896894472473801,69.11716945550523,73.47592724449476,70.84537006115232,0.2532985225751929,-0.0468217742037114
2015-11-09,-0.338832,0.16205,-0.692398,0.118001,0.118006,2.925747,4.245725,4.883124,4.843838,4.774892,4.536923,0.0,67.894333,71.1830245,1.3098317095988463,68.56336108080231,73.8026879191977,70.56431891247115,-0.004140035685423982,0.0011793649790594633
2015-11-10,0.159605,0.522345,-0.116072,1.532111,1.532107,0.67905,2.256243,2.985109,3.216052,3.059783,2.979787,1.0,68.934547,71.15151775,1.3575187922849858,68.43648016543003,73.86655533456997,70.40910253985486,-0.12280969773365769,0.015204890084580352
2015-11-11,-0.101079,0.317698,-0.664258,0.478813,0.478818,-0.389891,1.407942,2.250785,2.64549,2.456608,2.470759,0.0,69.264618,71.09700649999999,1.4119892395307532,68.27302802093848,73.9209849790615,70.30010401224963,-0.18805451332434586,0.004776752849590462
2015-11-12,0.445783,0.891575,-0.100657,0.418777,0.418785,-1.239585,0.713247,1.569351,2.063551,1.888974,2.030954,0.0,69.554688,70.98998445,1.4450000926092472,68.0999842647815,73.87998463521849,70.229112011083,-0.21388968778059336,0.004179107798899232
2015-11-13,0.101533,0.464168,-0.130547,-0.862812,-0.862826,-0.049314,1.203948,2.185479,2.737167,2.707285,2.791319,-1.0,68.954552,70.84195324999999,1.4959809528766799,67.84999134424663,73.83391515575335,70.10772534336081,-0.2795675288755888,-0.008665699928237593
2015-11-16,-1.398802,0.028549,-1.398802,1.624603,1.624605,-1.024836,-0.650871,0.326387,0.958464,1.060234,1.091444,1.0,70.074791,70.74643284999999,1.4800473917134027,67.78633806657318,73.7065276334268,70.10458873923122,-0.23847477726766897,0.016115493613270016
2015-11-17,0.399651,0.756488,-0.114194,0.0,0.0,-0.6994,-0.82929,0.161766,0.807166,1.089352,1.035778,0.0,70.074791,70.6404106,1.4463661036498083,67.74767839270038,73.53314280729961,70.10175085930443,-0.2035619402270754,0.0
2015-11-18,-0.86268,0.099001,-1.244514,0.927771,0.927767,-1.199256,-1.822931,-0.857015,-0.195155,0.181029,0.08439,1.0,70.724922,70.5868988,1.4209698980865477,67.7449590038269,73.4288385961731,70.16110049175163,-0.12202648168840824,0.009234899796145913
2015-11-19,0.125565,0.585942,-0.041845,1.3718,1.371804,-1.939172,-3.063613,-2.175406,-1.582026,-1.17466,-1.283943,1.0,71.695129,70.56089325,1.3941061447554335,67.77268096048914,73.34910553951087,70.30719844491814,0.020640620946608124,0.01362479513021676
2015-11-20,0.041548,0.443148,-0.166183,0.739402,0.73941,-1.753228,-3.164389,-2.837104,-2.269776,-1.882849,-1.912023,1.0,72.22525,70.5858986,1.42032626856566,67.74524606286867,73.42655113713131,70.48987002159261,0.17447047490911416,0.007366898297601768
2015-11-23,0.731573,0.998874,-0.126615,-1.564885,-1.564883,0.095662,-1.174737,-1.352471,-0.811062,-0.373105,-0.309046,-1.0,71.095009,70.51838455000001,1.3580152226962754,67.80235410460746,73.23441499539256,70.54750230525045,0.2028424975303409,-0.01577257031212823
2015-11-24,-0.684345,0.256634,-0.912463,-1.322451,0.274485,0.162629,-1.114829,-1.625766,-1.118696,-0.6966,-0.501255,0.0,71.290154,70.49263420000001,1.3370524218671953,67.81852935626563,73.1667390437344,70.61823103808374,0.2383268172759614,0.0027410878784633968
2015-11-25,0.155984,0.155984,-0.311966,0.541775,0.541783,-0.11162,-1.311205,-2.12133,-1.657723,-1.238337,-0.975958,0.0,71.676392,70.4881958,1.3327462945500668,67.82270321089986,73.15368838910014,70.71900827255195,0.29422295591113823,0.005403207260432841
2015-11-27,0.384947,0.769893,-0.057033,-0.538855,-0.538864,0.315945,-0.533088,-1.569985,-1.135787,-0.755169,-0.458398,-1.0,71.290154,70.4804497,1.327331280252394,67.8257871394952,73.13511226050478,70.77340310373748,0.3038522502160532,-0.005403207260432886
2015-11-30,0.806332,1.108706,-0.0144,-0.983744,-0.98374,0.848954,0.686652,-0.330032,-0.226251,0.166453,0.46793,-1.0,70.588844,70.42913630000001,1.3007282921913337,67.82767971561734,73.03059288438268,70.75582604623868,0.2519889081447957,-0.00988611030194584
2015-12-01,0.588145,0.832016,-0.717259,0.374372,0.374365,0.404535,0.420971,-0.423375,-0.660619,-0.297024,0.039955,0.0,70.853104,70.38503460000001,1.26867516234384,67.84768427531233,72.92238492468769,70.76509061326357,0.22956413691353816,0.0037366610290244058
2015-12-02,1.016122,1.074179,-0.08709,-1.17631,-1.176308,1.236762,1.608417,0.86521,0.42861,0.787751,1.127171,-1.0,70.019653,70.31976435,1.2512278662805985,67.8173086174388,72.8222200825612,70.69409655485752,0.14289263652536022,-0.01183281625774765
2015-12-03,1.640538,1.743078,-0.249016,-0.899976,-0.899972,1.496991,2.338715,1.79321,1.202618,1.566103,1.929989,-1.0,69.389496,70.22398684999999,1.2451380176477747,67.73371081470444,72.71426288529554,70.56984888296633,0.023090274266522215,-0.009040458196648112
2015-12-04,-0.481328,0.13127,-0.860559,0.424777,0.42477,0.606774,1.617278,1.375046,0.675485,1.03543,1.377782,0.0,69.684242,70.15494885,1.2342843246730104,67.68638020065397,72.62351749934602,70.48550537030287,-0.047522610970645474,0.004238707401385602
2015-12-07,0.247699,0.378834,-0.17485,0.102107,0.102118,0.26518,1.159542,1.348168,0.711918,0.825718,1.180237,0.0,69.755402,70.25200355,1.1106741406947211,68.03065526861056,72.47335183138944,70.41597171598832,-0.09662794714255085,0.0010206567391627726
2015-12-08,-0.306086,0.058294,-0.816215,-0.029143,-0.029149,-0.026237,0.994022,1.345241,0.873264,0.740392,1.08019,0.0,69.735069,70.34404035,0.9727210706627085,68.39859820867458,72.28948249132542,70.35112383827514,-0.13562162138386213,-0.0002915324609380516
2015-12-09,1.016405,1.422961,-0.319451,0.378955,0.378959,-0.409471,0.428337,0.955449,0.568497,0.284313,0.612591,0.0,69.999336,70.3972798,0.9191815624267862,68.55891667514643,72.23564292485358,70.3176202346299,-0.14354554711272272,0.0037824230198165673
2015-12-10,0.799773,0.814316,-0.145411,-0.14521,-0.14521,-0.119235,0.319909,1.02336,0.76003,0.34961,0.669846,0.0,69.89769,70.42893339999999,0.8885123094437197,68.65190878111255,72.20595801888743,70.27762687895085,-0.15622641716110763,-0.0014531548066905368
2015-12-11,0.553856,0.961954,-0.160326,-0.232652,-0.232656,0.128263,0.330854,1.071563,1.007934,0.507338,0.822868,0.0,69.735069,70.43795245,0.880046179336642,68.6778600913267,72.19804480867329,70.22595470000316,-0.17735382911172337,-0.00232926821312586
2015-12-14,0.20498,0.263549,-0.995604,-0.451836,-0.451833,0.486094,0.617864,1.26091,1.499915,1.056044,1.175083,0.0,69.419983,70.461224,0.8441781391831713,68.77286772163366,72.14958027836634,70.14919549047904,-0.21702058401191948,-0.0045285677228568385
2015-12-15,0.439244,0.834562,-0.014641,0.0,0.0,0.395317,0.411422,1.100051,1.452753,1.143953,1.063917,0.0,69.419983,70.4284836,0.8721875571943778,68.68410848561125,72.17285871438877,70.07974668186199,-0.24562535683672593,0.0
2015-12-16,-1.436156,0.201064,-1.436156,1.947293,1.947288,-1.304032,-1.400253,-0.879884,-0.435847,-0.684151,-0.892557,1.0,70.77179,70.46333355,0.8712357228991178,68.72086210420177,72.20580499579823,70.1456555693037,-0.15740089843066585,0.019285709423750044
2015-12-17,-0.477083,0.505998,-0.520457,-0.660633,-0.660626,-0.532027,-0.614431,-0.35083,0.196357,0.03547,-0.280924,-1.0,70.304253,70.4423001,0.8696645450097181,68.70297100998056,72.18162919001944,70.16076008651287,-0.12378182818738992,-0.006628180118175906
2015-12-18,1.069755,1.069755,0.0,-1.344511,-1.344516,0.715121,0.693142,0.821609,1.393464,1.387508,0.996099,-1.0,69.359001,70.32549370000001,0.8491820826957547,68.6271295346085,72.02385786539152,70.08440207827354,-0.17143619961288437,-0.013536365598610631
2015-12-21,0.977537,1.065073,-0.583594,0.43962,0.439631,0.344318,0.23927,0.291793,0.765823,0.984458,0.642533,0.0,69.663925,70.19742745,0.7327552129322035,68.7319170241356,71.66293787586442,70.0443566422475,-0.18249413506462986,0.004386679200950318
2015-12-22,-0.365177,0.189893,-0.964071,-0.116717,-0.116735,0.508333,0.334509,0.28728,0.774912,1.074186,0.841032,0.0,69.582603,70.12180715,0.7130240163329017,68.69575911733419,71.5478551826658,70.00038010489058,-0.19556527953463387,-0.0011680292559334633
2015-12-23,-0.915336,0.171624,-0.915336,2.132634,2.132654,-1.507447,-1.610425,-1.708631,-1.345122,-0.980543,-1.164651,1.0,71.066559,70.1106274,0.6952728986919554,68.72008160261609,71.5011731973839,70.10192095204386,-0.08519928412469824,0.021102309413660727
2015-12-24,-0.42766,0.242341,-0.42766,0.328946,0.328937,-1.550962,-1.736281,-1.852223,-1.694942,-1.272907,-1.39352,0.0,71.300323,70.09182395,0.6545938520970919,68.78263624580582,71.40101165419419,70.21605448042064,0.020888573066855542,0.0032839689512156036
2015-12-28,-0.44279,0.114266,-0.542781,-0.199574,-0.199571,-0.84845,-1.339811,-1.51788,-1.507645,-1.105674,-1.121229,0.0,71.158028,70.08521765,0.6424169992004487,68.8003836515991,71.3700516484009,70.3057662441901,0.09241662558937946,-0.001997707348486572
2015-12-29,-0.536043,0.141062,-0.578364,1.256966,1.256954,-1.416272,-2.199176,-2.527854,-2.628715,-2.342892,-2.205345,1.0,72.052452,70.15839804999999,0.7729150727805184,68.61256790443895,71.70422819556103,70.47211726855295,0.21875400433961545,0.012491203572954244
2015-12-30,0.3961,0.509276,-0.056578,-0.282134,-0.282125,-0.506431,-1.584379,-2.055922,-2.283913,-2.024612,-1.846342,0.0,71.849174,70.20820155,0.8484368186253513,68.5113279127493,71.9050751872507,70.60326552869077,0.2990274491799596,-0.002825237502363828
2015-12-31,0.532069,0.647108,-0.258838,-1.626817,-1.626815,1.02962,0.030196,-0.371972,-0.621228,-0.438888,-0.1946,-1.0,70.680321,70.24123495,0.8535553439286231,68.53412426214275,71.94834563785726,70.61060414500594,0.2652701942921283,-0.01640192724926271
