date,c_open,c_high,c_low,n_close,n_adj_close,adj_sum_5,adj_sum_10,adj_sum_15,adj_sum_20,adj_sum_25,adj_sum_30,label,closing_price_for_label,melody_ma20,melody_std20,melody_lb20,melody_ub20,melody_ema20,melody_macd_12_26,melody_str_log_return
2013-06-03,-1.033661,0.55874,-1.773985,-0.236909,-0.236914,1.313033,2.561811,3.193187,3.265824,3.182573,2.954329,0.0,62.54808,,,,,,,
2013-06-04,0.250487,0.403564,-0.389645,0.377155,0.377158,0.489835,1.856378,2.546612,2.801971,2.690226,2.532697,0.0,62.783985,,,,,,,0.0037644840303359224
2013-06-05,0.956669,0.984802,-0.436135,-1.085443,-1.085449,1.13112,2.474673,3.342711,3.771103,3.666291,3.557025,-1.0,62.102497,,,,,,,-0.010913827557662533
2013-06-06,-0.559677,0.0,-1.259271,0.548676,0.54868,0.114733,1.47474,2.402869,2.95998,2.978029,2.944822,0.0,62.443241,,,,,,,0.005471802658933045
2013-06-07,-1.000279,0.083354,-1.166996,0.713589,0.713581,-0.533479,0.500139,1.396685,2.074884,2.163937,2.16403,1.0,62.888824,,,,,,,0.007110468934544315
2013-06-10,-0.716545,0.330712,-1.088605,0.819668,0.81967,-1.072064,-0.563591,0.427175,1.081718,1.282628,1.312301,1.0,63.404305,,,,,,,0.008163292281820495
2013-06-11,0.152779,1.083332,-0.027774,-0.785449,-0.785456,-0.249991,0.022232,1.02223,1.697927,2.031678,2.033808,-1.0,62.906292,,,,,,,-0.00788557084608087
2013-06-12,0.730138,1.046979,-0.151526,0.819439,0.819454,-0.644718,-0.80865,0.013776,0.733573,1.161044,1.150758,1.0,63.42178,,,,,,,0.008161145072165053
2013-06-13,-0.535935,0.178652,-0.700831,0.247969,0.247961,-0.533183,-1.103469,-0.40309,0.296834,0.789895,0.859795,0.0,63.579041,,,,,,,0.0024765364371386756
2013-06-14,-0.440527,0.137664,-0.495595,-0.178642,-0.178642,-0.173458,-0.805338,-0.333146,0.313192,0.883265,1.000832,0.0,63.465462,,,,,,,-0.001788019592779415
2013-06-17,0.231953,0.532131,-0.463916,0.894827,0.894844,-0.862344,-1.453146,-1.314428,-0.635164,-0.101529,0.095952,1.0,64.033379,,,,,,,0.00890864185979569
2013-06-18,-0.39661,0.232492,-0.437637,-0.231953,-0.231956,-0.325504,-1.051709,-1.115076,-0.475261,0.047032,0.33642,0.0,63.88485,,,,,,,-0.0023222502048475652
2013-06-19,0.973569,1.961051,-0.013912,-1.668491,-1.668505,1.173856,0.741309,0.486789,1.023645,1.594995,1.972186,-1.0,62.818928,,,,,,,-0.016825814735724212
2013-06-20,1.071276,1.171261,-0.228544,-2.628651,-2.628646,3.116699,3.252388,2.90244,3.421649,4.023993,4.488879,-1.0,61.167641,,,,,,,-0.02663812148083802
2013-06-21,0.790236,0.90518,-0.531602,-0.585636,-0.585635,2.850581,3.518678,3.301725,3.72773,4.325862,4.883143,-1.0,60.809422,,,,,,,-0.005873563783738046
2013-06-24,-0.803851,0.438473,-1.096171,-1.695402,-1.695402,3.200822,4.697457,4.774433,5.082578,5.790118,6.374354,-1.0,59.778458,,,,,,,-0.017099382128244217
2013-06-25,-0.217678,0.145114,-0.84168,0.716174,0.716169,1.245099,3.504568,3.74401,4.005945,4.733124,5.340294,1.0,60.206573,,,,,,,0.007136170457945774
2013-06-26,0.229846,0.933775,-0.215489,1.015813,1.015809,-0.430968,2.035632,2.559981,2.73668,3.39147,4.042527,1.0,60.818157,,,,,,,0.010106846857101415
2013-06-27,-0.170399,0.710026,-0.241406,1.163622,1.163625,-1.459808,0.528266,1.280891,1.362545,1.963651,2.605325,1.0,61.525852,,,,,,,0.011569064952467234
2013-06-28,0.226282,0.947529,-0.452553,0.411816,0.411809,-1.549985,-0.156967,0.745779,0.872589,1.369547,1.981814,0.0,61.779221,62.3182994,1.2488252971129312,59.82064880577414,64.81594999422586,61.98528321391768,,0.004109633941785682
2013-07-01,0.056443,0.634961,-0.211658,0.226282,0.226303,-1.080867,-0.723874,0.358387,0.59403,0.943684,1.597274,0.0,61.919029,62.286846849999996,1.2506537301415936,59.78553938971681,64.78815431028319,61.97897328878266,,0.0022604694816889285
2013-07-02,-0.537794,0.707614,-0.608549,-0.296316,-0.296321,-0.291547,-0.77697,0.530229,0.808084,1.085751,1.734113,0.0,61.73555,62.234425099999996,1.2506920480235564,59.733041003952884,64.73580919604711,61.955790118422414,,-0.0029676076072138475
2013-07-03,-0.989825,0.197964,-1.06052,0.084909,0.084907,-0.062219,-1.028001,0.268662,0.697111,0.886873,1.463513,0.0,61.787968,62.21869865000001,1.2544101963782472,59.70987825724351,64.7275190427565,61.93980705952504,,0.0008487129252010016
2013-07-05,-0.014143,0.325221,-0.579755,0.0,0.0,0.022624,-0.927605,0.075413,0.644085,0.750562,1.279689,0.0,61.787968,62.18593499999999,1.2567919554303828,59.67235108913923,64.69951891086076,61.92534619671313,,0.0
2013-07-08,0.18295,0.39403,-0.239233,0.480765,0.480757,-0.357431,-1.196164,-0.551637,0.097812,0.22911,0.665642,0.0,62.085018,62.1457447,1.245936985306581,59.65387072938684,64.63761867061316,61.940553035121404,,0.004796050841911373
2013-07-09,0.435207,0.477323,-0.477333,0.239241,0.239241,-0.494171,-1.037483,-0.981794,-0.235153,-0.030323,0.278909,0.0,62.233551,62.087207,1.2106984310262698,59.66581013794746,64.50860386205254,61.968457603205074,-0.18874057370028652,0.0023895556693006646
2013-07-10,-0.608578,0.318113,-0.788382,1.502176,1.502186,-1.513147,-2.033203,-2.52283,-1.69088,-1.485486,-1.258193,1.0,63.168415,62.10031315000001,1.2214033819121546,59.657506386175704,64.54311991382433,62.082739260042686,-0.07049176314345118,0.01491015410843694
2013-07-11,-0.06805,0.081652,-0.721293,1.632088,1.632088,-2.343501,-3.079755,-3.944844,-3.209043,-2.936861,-2.809389,1.0,64.199379,62.1391931,1.276802503013511,59.58558809397298,64.69279810602703,62.284323997181474,0.10519878373889213,0.016189124180332692
2013-07-12,-0.380175,0.0,-0.583844,0.231354,0.231356,-1.773257,-2.864906,-3.837074,-3.372715,-3.042506,-3.010191,0.0,64.347908,62.17763645,1.3327843769518757,59.51206769609625,64.84320520390375,62.480855806973715,0.25349769330495064,0.002310886049237584
2013-07-15,-0.122095,0.040699,-0.732602,0.081462,0.081454,-1.134167,-2.536961,-3.543612,-3.378776,-3.027536,-3.000946,0.0,64.400322,62.224379449999994,1.3952571534244338,59.433865143151124,65.01489375684886,62.66366211107146,0.3709786088532425,0.000814209296634095
2013-07-16,-0.204166,0.231384,-0.272225,-0.325598,-0.325587,-0.201446,-1.864712,-2.770299,-3.050912,-2.661775,-2.598802,0.0,64.190643,62.23224265,1.4063873902444375,59.41946786951113,65.04501743048888,62.809088862397985,0.442067854837191,-0.0032611806876668703
2013-07-17,0.493964,0.603736,-0.370467,-0.803054,-0.803052,0.765641,-0.765645,-1.620019,-2.282524,-1.825472,-1.763636,-1.0,63.675159,62.2217581,1.39414720889608,59.433463682207844,65.01005251779216,62.891571732645794,0.4516055164504067,-0.00806293449237889
2013-07-18,-0.16518,0.275287,-0.605648,-0.31558,-0.315599,0.856168,-0.185815,-1.029587,-1.921535,-1.51135,-1.380587,0.0,63.474201,62.25452175,1.4164413257108717,59.42163909857826,65.08740440142175,62.947060234298576,0.43790070413653837,-0.0031609780391714973
2013-07-19,-0.633869,0.344495,-0.68899,-0.11012,-0.110117,0.669704,0.179144,-0.722973,-1.637034,-1.413801,-1.221344,0.0,63.404305,62.36635495,1.414406571104072,59.537541807791854,65.19516809220815,62.99060735484157,0.41659724486912353,-0.0011017785324592985
2013-07-22,-0.562729,0.137247,-0.658803,0.399616,0.399613,0.035691,0.027458,-0.921393,-1.804824,-1.794118,-1.574246,0.0,63.657677,62.5087677,1.3926161978928007,59.7235353042144,65.2940000957856,63.054137797237615,0.4153709648747821,0.003988169109998478
2013-07-23,-0.192571,0.247593,-0.46767,-0.219605,-0.21959,0.044012,0.449793,-0.535535,-1.294362,-1.610456,-1.351676,0.0,63.517891,62.69573935000001,1.2505322748133914,60.19467480037323,65.19680389962679,63.098304768929275,0.39852561200314796,-0.002198316209510888
2013-07-24,0.371344,0.398846,-0.508875,0.013758,0.013758,-0.016512,0.492363,-0.361257,-1.046628,-1.646546,-1.332697,0.0,63.52663,62.861742199999995,1.1158211436278416,60.63009991274431,65.09338448725568,63.13909764807887,0.38148321175324895,0.00013757381971280826
2013-07-25,-0.429191,0.069218,-1.052197,-0.660151,-0.660164,0.531636,0.987127,0.440263,-0.207667,-0.974662,-0.693616,-1.0,63.10725,62.976196849999994,1.0072922520260201,60.961612345947955,64.99078135405203,63.13606453873802,0.3303287020218235,-0.006623528130411422
2013-07-26,-1.044568,0.027851,-1.183852,-0.59532,-0.595314,0.919216,1.334257,1.142057,0.486069,-0.281899,-0.143923,-1.0,62.731564,63.036482449999994,0.9503953170536267,61.13569181589274,64.93727308410725,63.097540677905826,0.256516699217741,-0.005970925888749486
2013-07-29,0.196297,0.911387,-0.028038,-0.668528,-0.668533,1.166579,1.68116,1.847079,1.205138,0.485703,0.466447,-1.0,62.312183,63.06313055,0.9202824174594111,61.222565715081174,64.90369538491882,63.022744708581456,0.16230862067645546,-0.006707773599839516
2013-07-30,0.337455,0.421815,-0.168733,-0.280422,-0.280432,1.006758,1.636678,2.123182,1.507322,0.920144,0.647272,0.0,62.13744,63.074051100000005,0.9071941792725723,61.25966274145486,64.88843945854515,62.938429974430846,0.07270958910505954,-0.0028082546274895478
2013-07-31,-0.195503,0.57254,-0.349113,0.688974,0.688994,0.00837,0.763851,1.360138,0.87906,0.380386,-0.111724,1.0,62.565563,63.115551749999995,0.8605247228274114,61.394502304345174,64.83660119565482,62.90291883400886,0.03583458044820986,0.006866309098101573
2013-08-01,0.527922,0.639065,-0.416787,0.51669,0.516676,-0.575157,0.152823,0.700199,0.448046,-0.003886,-0.621465,0.0,62.888824,63.17059455000001,0.8045229327164186,61.56154868456717,64.77964041543285,62.90157646886516,0.03232273514215933,0.00515345414636752
2013-08-02,-0.247491,0.288738,-0.522487,1.041956,1.041956,-1.344698,-0.857965,-0.422564,-0.449604,-0.908012,-1.521606,1.0,63.544098,63.258401049999996,0.7388303294154239,61.78074039116915,64.73606170883085,62.962768995639905,0.08147550893207978,0.010365652503779509
2013-08-05,-0.220755,0.234546,-0.455299,-0.343737,-0.343727,-0.684334,-0.568439,-0.192243,-0.008284,-0.468548,-1.049491,0.0,63.32568,63.320434150000004,0.6852687303375997,61.9498966893248,64.6909716106752,62.997331948436106,0.10163336293921077,-0.0034431874829728383
2013-08-06,0.996183,1.105345,-0.054587,1.103747,1.103735,-1.17903,-1.574772,-1.299117,-0.960006,-1.42357,-1.908651,1.0,64.024628,63.409988,0.6519786716893804,62.106030656621236,64.71394534337875,63.09516966763267,0.17202487405089784,0.010976887753213076
2013-08-07,0.162749,0.284822,-0.379772,0.614088,0.614109,-1.207121,-2.037177,-1.824691,-1.467531,-1.858688,-2.289449,1.0,64.417809,63.47245769999999,0.6865529443979876,62.099351811204016,64.84556358879597,63.22113531833432,0.25657938704096495,0.006122310309675707
2013-08-08,0.2306,0.325553,-0.17635,-0.013566,-0.013585,-0.721643,-1.821752,-1.71459,-1.437867,-1.682576,-2.090335,0.0,64.409058,63.48294165,0.6997123937426287,62.08351686251474,64.88236643748526,63.33427081182629,0.3192037332634783,-0.00013585675437500412
2013-08-09,0.299647,0.599296,-0.245165,-0.406949,-0.406955,-0.128016,-1.199932,-1.235797,-1.050788,-1.133735,-1.554056,0.0,64.146942,63.47289335000001,0.6879818524493724,62.09692964510126,64.84885705489876,63.41166806784284,0.3437212041413602,-0.0040778549927657625
2013-08-12,-0.054639,0.273194,-0.204891,-0.286024,-0.286012,0.357873,-0.658379,-0.920638,-0.801118,-0.732684,-1.157853,0.0,63.963474,63.45105095,0.6634862161441404,62.12407851771172,64.77802338228828,63.46422101376257,0.34437737415518654,-0.0028642187131309484
2013-08-13,-0.609917,0.04066,-1.124969,0.778582,0.778577,-0.281915,-1.065324,-1.5885,-1.546484,-1.361337,-1.789999,1.0,64.461479,63.464592749999994,0.6818846197395988,62.1008235105208,64.82836198947919,63.5591979648328,0.38069383357735376,0.007755618898018687
2013-08-14,0.217327,0.51616,-0.203752,-0.216856,-0.216852,-0.09509,-0.577293,-1.292224,-1.282263,-1.075253,-1.442544,0.0,64.321693,63.49691944999999,0.7072462699335749,62.082426910132845,64.91141198986715,63.63181653961063,0.39365748886734764,-0.0021708745440344986
2013-08-15,-0.559035,0.109084,-1.199887,-0.380341,-0.380344,0.182715,-0.012263,-0.814462,-0.858322,-0.705198,-0.947176,0.0,64.077049,63.527061849999996,0.718976294229722,62.08910926154055,64.96501443845943,63.674219631076284,0.37981231293935735,-0.0038106961522692555
2013-08-16,0.672716,0.81,-0.27457,-0.681756,-0.681753,0.71115,0.689186,-0.038436,-0.159247,-0.068088,-0.170229,-1.0,63.640202,63.5388567,0.7187913979368216,62.10127390412635,64.97643949587363,63.67097985668807,0.329788413703028,-0.006840872320563846
2013-08-19,0.178322,0.425236,-0.123462,0.082381,0.082377,0.543207,0.663922,0.023777,-0.238682,-0.194786,-0.168265,0.0,63.692627,63.540604200000004,0.7191378744739914,62.102328451052024,64.97887994894799,63.673041489384445,0.2910196788175483,0.0008234326272949973
2013-08-20,0.321153,0.562022,-0.200724,2.510289,2.510289,-1.664662,-1.607121,-2.103573,-2.545832,-2.57139,-2.456843,1.0,65.291496,63.62928445,0.8186590074341478,61.9919664351317,65.2666024648683,63.82718001420498,0.38487395571561933,0.024792987896544504
2013-08-21,0.242424,0.727274,-0.228954,-0.642316,-0.642307,-0.859266,-0.901018,-1.233676,-1.812126,-1.867749,-1.738724,-1.0,64.872124,63.696559150000006,0.8638178214471973,61.968923507105615,65.4241947928944,63.9266984890426,0.42056630421734553,-0.0064437889958894184
2013-08-22,-0.093658,0.240835,-0.254208,0.65993,0.659926,-1.134599,-1.414237,-1.635001,-2.28793,-2.399249,-2.32673,1.0,65.300232,63.80620825,0.9222816722752876,61.961644905449425,65.65077159455058,64.05751120437188,0.4778886820552515,0.006577580012316356
2013-08-23,-0.70273,0.092814,-0.795542,0.909821,0.909834,-1.341828,-2.037933,-2.28411,-2.928943,-3.128094,-3.129154,1.0,65.894356,63.96434785,0.9964886847349768,61.97137048053005,65.95732521946995,64.2324488039555,0.5647478591982917,0.009057203815033927
2013-08-26,0.559039,0.798624,-0.146413,-0.384515,-0.384525,-0.367361,-1.404234,-1.67177,-2.30068,-2.633302,-2.692222,0.0,65.640976,64.13078750000001,0.9839286023853184,62.16293029522937,66.09864470477065,64.36659425119784,0.6061513984505496,-0.0038526578305103456
2013-08-27,0.282675,0.753799,-0.269222,-1.118057,-1.118067,0.640739,-0.220752,-0.469328,-0.982631,-1.446758,-1.555162,-1.0,64.907066,64.26926879999999,0.8777910985763879,62.513686602847216,66.02485099715277,64.41806775108375,0.5731368334948996,-0.011243642117501026
2013-08-28,-0.136146,0.258682,-0.394817,-1.130709,-1.130707,1.573867,0.897215,0.643527,0.275024,-0.279366,-0.403442,-1.0,64.173157,64.3496485,0.781942020456718,62.785764459086565,65.91353254091344,64.3947429176472,0.48219380017073377,-0.011371484979616703
2013-08-29,-0.427052,0.3444,-0.482157,-1.170866,-1.170859,2.184876,1.989256,1.732102,1.505029,0.921892,0.773754,-1.0,63.42178,64.37629629999999,0.7373481207521556,62.90160005849568,65.8509925415043,64.30207978263319,0.34550814386066975,-0.011777672424342174
2013-08-30,-0.274053,0.205528,-0.493286,0.537274,0.537267,0.970126,1.463414,1.148258,0.979719,0.447245,0.25395,0.0,63.762524,64.3872176,0.7259019689581325,62.93541366208373,65.83902153791627,64.2506935176205,0.2616626849982424,0.0053582840735431694
2013-09-03,0.963987,1.044315,-0.321335,2.343106,2.343104,-1.459365,-0.619892,-1.035389,-1.184226,-1.671975,-1.959652,1.0,65.256546,64.4837609,0.7054001222726666,63.07296065545466,65.89456114454532,64.34648899213283,0.3121711296502099,0.023160743364224974
2013-09-04,-0.16084,0.268057,-0.268057,-0.107111,-0.107105,-1.26793,-0.529421,-0.855115,-0.989146,-1.379441,-1.769201,0.0,65.186653,64.54186215,0.7134031301811252,63.11505588963775,65.96866841036226,64.42650461192972,0.342610257173547,-0.00107162362199692
2013-09-05,-0.200188,0.213527,-0.480448,0.428896,0.428902,-1.294547,-0.863479,-1.16198,-1.331917,-1.623389,-2.089957,0.0,65.46624,64.59428369999999,0.741763948278553,63.110755803442885,66.0778115965571,64.52552702984117,0.38485742253031674,0.004279850531421899
2013-09-06,-0.882505,0.237092,-1.001046,1.32123,1.321231,-1.704428,-2.000793,-2.224275,-2.473661,-2.698634,-3.204693,1.0,66.3312,64.6903908,0.8351457333968074,63.02009933320639,66.36068226679362,64.69749588414201,0.48257087205450944,0.01312578481578376
2013-09-09,-0.131993,0.27719,-0.567582,-0.210743,-0.210752,-0.762934,-1.748945,-1.760823,-2.113253,-2.333158,-2.82603,0.0,66.191406,64.79261399999999,0.8885416171946777,63.01553076561063,66.56969723438934,64.83977303803324,0.5424759521996236,-0.0021097389505288565
2013-09-10,-0.249774,0.249773,-0.28921,0.409184,0.409194,-0.804525,-2.025772,-1.883359,-2.324182,-2.542402,-3.013898,0.0,66.462257,64.91755315,0.9400071860880486,63.037538777823904,66.7975675221761,64.99429532012532,0.6048344172455131,0.004083586842005461
2013-09-11,-0.444672,0.156949,-0.457753,0.512684,0.512677,-0.826572,-2.241693,-2.232974,-2.647134,-2.873135,-3.275786,0.0,66.802994,65.0346289,1.0224173015543396,62.98979429689132,67.07946350310868,65.16655233725623,0.6739793637373594,0.005113677270809929
2013-09-12,0.196905,0.761357,-0.039378,-0.366203,-0.366195,-0.133898,-1.524029,-1.704742,-2.1213,-2.387512,-2.72032,0.0,66.558365,65.14646250000001,1.0618941530905648,63.02267419381889,67.27025080618114,65.29910592418422,0.7009575142510442,-0.0036686679891181225
2013-09-13,-0.262463,0.196852,-0.459316,0.02625,0.026249,-0.086615,-1.076117,-1.602802,-1.959321,-2.282944,-2.561246,0.0,66.575836,65.27140185,1.0763493660943408,63.11870311781132,67.42410058218869,65.4206992647381,0.7154998200466594,0.00026245697903417605
2013-09-16,0.942894,0.942894,-0.092961,-1.181095,-1.181094,0.985385,0.414334,-0.437373,-0.624181,-1.015151,-1.282881,-1.0,65.789513,65.3788674,1.0101766527202392,63.358514094559524,67.39922070544048,65.45582438238209,0.6560128992877168,-0.011881240157667335
2013-09-17,-0.239362,0.106386,-0.385629,-0.13281,-0.132818,0.888305,0.615698,-0.298755,-0.339091,-0.777656,-1.031026,0.0,65.702133,65.47934269999999,0.9304178112877879,63.61850707742441,67.34017832257557,65.47928234596475,0.5949599226328388,-0.0013290580127394474
2013-09-18,-1.668838,0.091265,-1.968703,1.994681,1.99468,-1.022157,-1.079523,-2.039108,-2.159708,-2.565836,-2.817901,1.0,67.01268,65.5654019,0.9898320416389395,63.585737816722116,67.54506598327788,65.62532021777763,0.6448912836851974,0.019750464499092808
2013-09-19,0.131386,0.210217,-0.262774,-0.769226,-0.769216,-0.273296,-0.157674,-1.046739,-1.279079,-1.679684,-1.960332,-1.0,66.497208,65.6466561,0.9966038489596613,63.65344840208068,67.63986379791932,65.70835714941785,0.6355418339833676,-0.0077218933980719405
2013-09-20,0.523219,0.627865,0.0,0.446717,0.44671,-0.651403,-0.532371,-1.150204,-1.606277,-1.954217,-2.277305,0.0,66.794258,65.7213574,1.0248630250673019,63.6716313498654,67.77108345013461,65.81177627804472,0.6446704208667455,0.004457156946150619
2013-09-23,0.312751,0.364867,-0.586392,0.379334,0.379322,-0.651541,-0.780544,-1.197103,-1.892091,-2.121437,-2.502378,0.0,67.047623,65.77902075,1.0666990615501837,63.64562262689963,67.91241887310036,65.92947596584999,0.6646872291558026,0.003786039179266713
2013-09-24,0.288062,0.445196,-0.261889,-0.482141,-0.482132,0.136175,-0.260576,-0.57178,-1.335606,-1.4655,-1.892108,0.0,66.724365,65.83319019999999,1.0866419465991795,63.65990630680163,68.00647409319835,66.00517968338808,0.647008167511558,-0.004832979371033768
2013-09-25,0.353214,0.470959,-0.130829,0.091658,0.091668,-0.023558,-0.354536,-0.503237,-1.285333,-1.466259,-1.865964,0.0,66.78553,65.9271134,1.0835574303615252,63.75999853927694,68.09422826072304,66.07949876116065,0.6306629976476898,0.0009162617389395087
2013-09-26,0.482529,0.547728,-0.339074,0.313969,0.313959,-0.187793,-0.601197,-0.662491,-1.383671,-1.647886,-2.040079,0.0,66.995209,66.06821599999999,1.0253139102385571,64.01758817952287,68.11884382047711,66.16670926009773,0.6273964400888588,0.003134669060166475
2013-09-27,-0.077848,0.012966,-0.467049,0.521651,0.521648,-0.542292,-1.002852,-1.077665,-1.604175,-2.036843,-2.386696,0.0,67.344688,66.26436140000001,0.8531798286999702,64.55800174260007,67.97072105739996,66.278897711517,0.6455660210317689,0.005202918807904429
2013-09-30,0.078214,0.495368,-0.221611,-0.480025,-0.480026,-0.070387,-0.34154,-0.51796,-0.886448,-1.49706,-1.747701,0.0,67.021416,66.42730600000002,0.6330096457180148,65.16128670856399,67.69332529143604,66.34961373899158,0.6266564901918059,-0.00481181807194652
2013-10-01,-0.026074,0.234621,-0.404063,0.013039,0.013033,0.007829,-0.156405,-0.474443,-0.767065,-1.426998,-1.594534,0.0,67.030151,66.51598625,0.5825887057595266,65.35080883848094,67.68116366151905,66.41442681146857,0.605396755315013,0.00013032298253354385
2013-10-02,0.645074,0.710902,-0.315953,-0.990618,-0.990612,0.882045,0.745134,0.477451,0.314646,-0.352811,-0.555988,-1.0,66.366142,66.57496069999999,0.49388625880753245,65.58718818238492,67.56273321761506,66.40982825799537,0.5288717806358676,-0.009955516294286777
2013-10-03,0.488259,0.554233,-0.13196,-0.236967,-0.236954,0.884128,0.940873,0.680912,0.608994,0.006856,-0.252492,0.0,66.208885,66.61209295,0.4299157104571635,65.75226152908567,67.47192437091434,66.39069080485295,0.45034456935579215,-0.002372348357191078
2013-10-04,-0.250852,0.211254,-0.277263,-0.052786,-0.0528,0.583579,0.900455,0.693609,0.65026,0.226045,-0.155788,0.0,66.173927,66.6042293,0.4367086620338857,65.73081197593223,67.47764662406777,66.3700466329622,0.38089959676477747,-0.0005281350393515641
2013-10-07,-0.199072,0.199074,-0.291972,-0.514919,-0.514922,0.743204,1.238231,1.219208,1.144005,0.870615,0.357896,-1.0,65.833183,66.58631815,0.46119112308567267,65.66393590382864,67.50870039617135,66.31891676315627,0.29496854876025225,-0.0051625212730051166
2013-10-08,0.853203,1.083428,-0.013535,-2.003984,-2.003977,2.023295,2.965876,3.16631,3.061355,2.88733,2.351938,-1.0,64.513901,66.48890035,0.6541754515895515,65.18054944682089,67.7972512531791,66.14701049999853,0.11904031971101858,-0.020243292165549234
2013-10-09,0.109652,0.726424,-0.068524,-1.191762,-1.191751,2.431458,3.730799,4.068886,4.064547,4.03782,3.525667,-1.0,63.745056,66.33600344999999,0.8912865527530516,64.55343034449389,68.1185765555061,65.9182529285701,-0.08148413689123402,-0.01198909187063244
2013-10-10,-1.595457,0.216339,-1.608981,1.370614,1.370597,0.554356,1.960523,2.468006,2.507443,2.578699,2.148917,1.0,64.618744,66.2390224,0.9680384817754372,64.30294543644912,68.17509936355087,65.79449017346818,-0.16796568964920766,0.013612895410581
2013-10-11,-0.346891,0.02669,-0.507001,1.338559,1.338559,-0.984652,0.329558,0.981106,1.070055,1.171991,0.904613,1.0,65.483704,66.1844158,0.978782713662504,64.22685037267499,68.141981227325,65.76489149028073,-0.1648080949194224,0.013296794293186488
2013-10-14,-0.758078,0.026595,-0.891083,0.32022,0.320234,-1.343275,-0.192858,0.521334,0.740113,0.818715,0.680488,0.0,65.693405,66.1796104,0.9810568403944953,64.21749671921101,68.14172408078899,65.75808325311114,-0.14372775608646293,0.003197222140858046
2013-10-15,0.582182,0.812345,-0.406178,-1.768854,-1.768861,0.438667,1.217164,2.10488,2.463441,2.514485,2.455996,-1.0,64.53138,66.12107275000001,1.0439581462732355,64.03315645745354,68.20898904254648,65.64125437186246,-0.21827104895423588,-0.01784692281337727
2013-10-16,-0.608278,0.270339,-0.716418,0.162472,0.162479,0.55149,0.785336,1.717568,2.113397,2.214101,2.261411,0.0,64.63623,66.00225025,1.072001138699435,63.858247972601134,68.14625252739887,65.54553776501841,-0.26582239181128386,0.0016234723709620692
2013-10-17,-0.199365,0.093036,-0.81074,1.703156,1.703152,-0.792129,-0.974217,-0.113416,0.34556,0.452419,0.562644,1.0,65.737083,65.964244,1.0669924130715096,63.83025917385697,68.09822882614301,65.56378016835,-0.21223106907180522,0.016888105991863647
2013-10-18,-0.639824,0.039997,-0.639824,-0.292399,-0.29241,-0.482523,-0.779781,-0.003544,0.544533,0.684096,0.817573,0.0,65.544861,65.90177415000001,1.0523130562518408,63.79714803749633,68.00640026250369,65.56197834279286,-0.18315892653720312,-0.0029283865169727995
2013-10-21,-0.650737,0.053112,-0.770255,0.373242,0.373259,-0.823383,-1.15539,-0.500235,0.075021,0.309682,0.422299,0.0,65.789513,65.83886865,1.0172300764162856,63.80440849716742,67.87332880283256,65.58364831014592,-0.1387779268130913,0.00372563976265242
2013-10-22,-1.298871,0.450102,-1.324587,3.266931,3.266922,-2.957819,-3.778293,-3.558816,-3.001546,-2.731998,-2.682186,1.0,67.938805,65.89959065,1.1053046543936178,63.68898134121276,68.11019995878723,65.80794894727488,0.0690285194301623,0.03214692479886001
2013-10-23,-0.384028,0.128006,-0.537642,0.462964,0.462959,-2.345109,-3.561186,-3.81891,-3.341014,-3.107526,-3.059821,0.0,68.253334,65.97298085,1.2109101839466745,63.55116048210665,68.39480121789335,66.04084276182013,0.2561438203964741,0.004618909160217635
2013-10-24,0.396935,0.460949,-0.115232,-0.025608,-0.025609,-1.587701,-3.006393,-3.596237,-3.225345,-2.980786,-2.953043,0.0,68.235855,66.03501315000001,1.2948979821907032,63.4452171856186,68.62480911438142,66.24989154640869,0.398430773342767,-0.000256122850807584
2013-10-25,0.304267,0.393008,-0.342287,0.998718,0.998714,-1.582138,-3.467278,-4.284133,-4.068193,-3.816925,-3.799429,1.0,68.917336,66.11364555,1.4202914936853421,63.27306256262932,68.95422853737068,66.50393387532215,0.5597317903423686,0.009937597563347363
2013-10-28,-0.063167,0.277909,-0.189492,0.354978,0.354982,-0.95503,-3.307225,-4.301835,-4.252779,-4.034865,-3.977176,0.0,69.16198,66.22067374999999,1.5655253974460313,63.08962295510793,69.35172454489205,66.75708112529146,0.6992442818338844,0.0035435322694063564
2013-10-29,0.303371,0.379223,-0.417143,-0.063167,-0.063155,-0.551142,-2.582487,-3.797251,-4.041216,-3.835679,-3.751745,0.0,69.118301,66.32508125,1.687250915285017,62.950579419429964,69.69958308057004,66.98195920859703,0.7970959799331183,-0.0006317459168701194
2013-10-30,0.874851,0.976285,-0.443776,-0.303373,-0.303384,-0.058325,-1.666032,-3.004943,-3.564725,-3.419804,-3.367143,0.0,68.908607,66.45220450000001,1.7835389165981743,62.88512666680366,70.01928233319636,67.16544947444494,0.847948974399074,-0.0030384533619782347
2013-10-31,0.709213,0.95422,-0.038692,-1.67364,-1.673628,1.500957,0.305599,-1.045356,-1.809165,-1.731023,-1.660444,-1.0,67.755333,66.52952690000001,1.805817714047402,62.9178914719052,70.14116232809481,67.22162885783113,0.7861287623778281,-0.016877917862865598
2013-11-01,0.0,0.064729,-0.440124,-0.386851,-0.386857,1.473142,0.983819,-0.462566,-1.330098,-1.340584,-1.244014,0.0,67.493217,66.5954914,1.8162105680978105,62.96307026380438,70.22791253619562,67.24749439518055,0.7078258525335173,-0.0038760685887889524
2013-11-04,-1.734695,0.165812,-1.823981,1.488676,1.488674,-0.209182,-0.102043,-1.64966,-2.582909,-2.701532,-2.622025,1.0,68.497971,66.72873080000001,1.8546819205685288,63.01936695886295,70.43809464113707,67.36658740516336,0.7185623436522803,0.014777020451281028
2013-11-05,0.03896,0.454543,-0.220777,-1.785717,-1.785722,1.05715,1.615589,0.410396,-0.606487,-0.917916,-0.824237,-1.0,67.274788,66.86677515,1.7824973326112292,63.30178048477754,70.43176981522245,67.35784460467161,0.621209527934468,-0.018018579028415707
2013-11-06,0.012828,0.308045,-0.462073,1.181823,1.181831,-0.369661,0.401739,-0.426139,-1.449755,-1.975105,-1.919743,1.0,68.069862,67.08301545,1.6405347049512626,63.80194604009748,70.36408485990253,67.42565578517909,0.6012813500594234,0.011749014769878307
2013-11-07,0.208095,0.676297,0.0,-1.309209,-1.309205,0.780333,1.576274,1.037842,0.048117,-0.616989,-0.609533,-1.0,67.178688,67.21101265,1.5345937579736575,64.14182513405268,70.28020016594732,67.40213504373347,0.5077250927492543,-0.013178505761462584
2013-11-08,-1.061489,0.207125,-1.152102,0.468203,0.468198,0.31068,0.891911,0.759439,-0.269255,-1.001942,-1.065373,0.0,67.493217,67.3114883,1.4803754686628827,64.35073736267422,70.27223923732576,67.41080951575886,0.4537306222897257,0.00467104956871891
2013-11-11,0.295663,0.359942,-0.30852,0.69903,0.699036,-0.542491,0.015422,0.273379,-0.794453,-1.563704,-1.705882,1.0,67.965019,67.425069,1.4361794408120294,64.55271011837594,70.29742788162405,67.46359137140087,0.44389316968137393,0.006966042402577236
2013-11-12,0.243467,0.47412,-0.153771,0.321378,0.321374,-0.594566,-0.442082,-0.023922,-0.844441,-1.663764,-1.96438,0.0,68.183441,67.60767204999999,1.2716427610376313,65.06438652792473,70.15095757207526,67.5321484788865,0.44855112937931096,0.0032085884392459687
2013-11-13,-1.090679,0.038046,-1.24286,1.037925,1.037928,-1.377297,-1.467342,-0.989222,-1.554218,-2.375144,-2.849293,1.0,68.891136,67.82041735,1.0915231155371927,65.63737111892561,70.00346358107439,67.66157586184968,0.5035431362152565,0.010325784743685291
2013-11-14,-0.659403,0.101447,-0.697442,0.012686,0.012681,-0.890183,-1.313719,-0.937526,-1.33718,-2.13898,-2.731423,0.0,68.899872,67.9785568,0.998994498111372,65.98056780377726,69.97654579622275,67.7795088273878,0.5415865474261494,0.00012680072725357783
2013-11-15,-0.480047,0.13895,-0.568475,0.380425,0.380419,-0.78322,-1.446434,-1.289368,-1.449593,-2.297117,-2.956036,0.0,69.16198,68.15941275,0.8517859833819024,66.4558407832362,69.8629847167638,67.91117274858897,0.5861296126492022,0.0037969694177408973
2013-11-18,0.72667,0.790408,-0.089239,-0.909553,-0.909556,0.293225,-0.536708,-0.444492,-0.344842,-1.234566,-1.933954,-1.0,68.532913,68.29658275,0.6461225768476052,67.0043375963048,69.5888279036952,67.97038610586621,0.564166502921978,-0.009137178045142285
2013-11-19,-0.203801,0.025471,-0.34391,0.08924,0.089237,0.323533,-0.433055,-0.584204,-0.385928,-1.085711,-1.823112,0.0,68.59407,68.329346,0.6436343533910772,67.04207729321784,69.61661470678216,68.02978457197419,0.5454083115069466,0.0008919762211179937
2013-11-20,0.689646,0.983393,-0.025548,-0.267481,-0.267463,0.452097,-0.116227,-0.36612,-0.107288,-0.599753,-1.33249,0.0,68.410606,68.33720960000001,0.6436175341808065,67.0499745316384,69.62444466836162,68.06605327940522,0.5098609386147359,-0.002678216759013744
2013-11-21,-0.1642,0.101051,-0.277884,1.111105,1.111098,-0.573448,-0.925851,-1.324571,-1.137421,-1.493491,-2.197376,1.0,69.170715,68.3839526,0.6693039358248741,67.04534472835026,69.72256047164974,68.17125915755712,0.5368355275041523,0.011049708322591207
2013-11-22,0.815459,0.903276,-0.263454,0.682078,0.682072,-1.109016,-1.288413,-1.787304,-1.755103,-1.925471,-2.660886,1.0,69.642509,68.42021125,0.7176188688731071,66.98497351225377,69.85544898774621,68.31137819017073,0.589487669483006,0.006797562985430155
2013-11-25,0.553253,0.653846,-0.138314,-0.225819,-0.225816,-0.611088,-0.846217,-1.470299,-1.509487,-1.490752,-2.25868,0.0,69.485245,68.43637450000001,0.7385409148571581,66.95929267028569,69.91345632971434,68.42317502920208,0.6114762631190445,-0.0022607145225548844
2013-11-26,0.214427,0.567614,-0.088295,-0.314347,-0.314343,-0.103431,-0.377145,-0.967875,-1.188191,-1.103429,-1.722584,0.0,69.266823,68.4438006,0.746462851896537,66.95087489620693,69.93672630379308,68.50352245499236,0.6043114260747018,-0.003148380900846071
2013-11-27,0.788597,0.788597,-0.139915,-0.832487,-0.832487,0.816579,0.42991,-0.07632,-0.37459,-0.247778,-0.700843,-1.0,68.690186,68.43287955000001,0.7408815654041672,66.95111641919168,69.91464268080834,68.52129993546929,0.545811677096097,-0.008359710932477848
2013-11-29,0.101105,0.455005,-0.088473,0.63597,0.635961,0.166837,-0.171888,-0.519881,-0.904949,-0.826587,-1.164892,1.0,69.127029,68.50146435,0.7383445573092798,67.02477523538144,69.97815346461857,68.57898841780555,0.5286063389835505,0.006339475993924523
2013-12-02,0.138873,0.391362,-0.025246,0.113746,0.113746,-0.073216,-0.278998,-0.467945,-0.893817,-0.9226,-1.10086,0.0,69.205658,68.5870864,0.7141651102714212,67.15875617945716,70.01541662054285,68.6386712351574,0.5153747682231966,0.0011368102532114004
2013-12-03,0.802248,0.891384,-0.229213,-0.858477,-0.858469,0.537373,0.595949,0.456726,-0.027377,-0.096776,-0.107388,-1.0,68.611549,68.5927653,0.7138707002203307,67.16502389955933,70.02050670044066,68.63608816514241,0.4517416256819047,-0.00862174895521028
2013-12-04,-0.294687,0.192177,-0.474059,-0.611226,-0.611216,0.840473,1.155655,1.075364,0.654695,0.46328,0.519312,-1.0,68.192184,68.6386351,0.6514734958288535,67.3356881083423,69.94158209165771,68.59381157798599,0.3632849285264115,-0.006130919155489305
2013-12-05,0.320677,0.538735,-0.128268,-0.115316,-0.115315,0.787575,1.228825,1.115947,0.774106,0.532573,0.628519,0.0,68.113548,68.6408194,0.6495364662813046,67.34174646743739,69.93989233256261,68.54807218960637,0.28356829196837907,-0.0011538180760290121
2013-12-06,-0.710748,0.088844,-0.913823,1.064651,1.064644,-0.357915,0.114223,0.04484,-0.166904,-0.463514,-0.402339,1.0,68.838715,68.72382075,0.5515339735277973,67.62075280294441,69.8268886970556,68.57575245726291,0.2757287699702857,0.010590168595873823
2013-12-09,-0.102082,0.216917,-0.344526,-0.53306,-0.533071,-0.038272,0.479779,0.513805,0.439585,0.127094,0.109741,-1.0,68.471756,68.7727477,0.4746676884718147,67.82341232305637,69.72208307694362,68.56584803276168,0.2371714035048882,-0.005344965623586606
2013-12-10,0.128187,0.487113,-0.307659,-0.459361,-0.459346,0.289703,0.748613,0.940895,0.91718,0.569148,0.522574,0.0,68.157234,68.78235845,0.4591446857660612,67.86406907846788,69.70064782153213,68.5269324105939,0.17916975851342443,-0.004604038360836005
2013-12-11,1.457308,1.508896,-0.128964,-0.602488,-0.602485,0.76605,1.134889,1.469338,1.496635,1.206592,1.064386,-1.0,67.746597,68.76051625,0.4978913981271889,67.76473345374562,69.75629904625437,68.4526147524421,0.09892768612962755,-0.006043070995699459
2013-12-12,0.874339,1.057034,-0.274043,-1.173593,-1.1736,1.61556,2.076213,2.529036,2.557093,2.341643,2.167125,-1.0,66.951523,68.6635356,0.6397907212197539,67.3839541575605,69.94311704243951,68.3096536331619,-0.02849212199018325,-0.011805409517931043
2013-12-13,0.156173,0.20823,-0.520554,0.274043,0.274037,0.830306,1.50053,2.046685,2.145374,2.059352,1.857114,0.0,67.134995,68.57529174999999,0.7219182452198881,67.13145525956021,70.01912824043977,68.19778138238458,-0.11336181642035115,0.002736622849784354
2013-12-16,-0.103993,0.467959,-0.324971,0.117132,0.117131,0.337975,1.085408,1.686385,1.880933,1.92331,1.724081,0.0,67.213631,68.4778743,0.7685347236259775,66.94080485274804,70.01494374725195,68.10405277453843,-0.17229033694061968,0.001170626173430457
2013-12-17,0.195585,0.365105,-0.430305,-0.311969,-0.311947,0.307715,1.161803,1.757706,2.085648,2.184878,1.968075,0.0,67.00396,68.40142664999999,0.8358662713614636,66.72969410727707,70.07315919272291,67.9992820341062,-0.23322187481899448,-0.0031243470993214165
2013-12-18,-0.670704,0.335357,-1.199537,1.095315,1.095299,-0.781633,-0.001288,0.504751,0.916418,1.051462,0.886107,1.0,67.737854,68.35861585,0.8473282455363537,66.6639593589273,70.05327234107271,67.97438412609608,-0.2197582093411512,0.010893444813067596
2013-12-19,-0.623645,0.165454,-0.700017,1.341418,1.341415,-1.601119,-1.247294,-0.829833,-0.40219,-0.300371,-0.421281,1.0,68.6465,68.37041055,0.8497284385754321,66.67095367284914,70.06986742715087,68.03839516170598,-0.13422080522784086,0.013324980730884091
2013-12-20,0.472423,0.587333,-0.102148,-0.318188,-0.318184,-0.909091,-0.992086,-0.581378,-0.138539,-0.009709,-0.042565,0.0,68.428078,68.3332787,0.8288861519045725,66.67550639619085,69.99105100380913,68.07550781297208,-0.08309871590572016,-0.0031869101922751496
2013-12-23,0.368666,0.44495,-0.152559,0.434122,0.434117,-0.897532,-1.38317,-1.057719,-0.636923,-0.467333,-0.414871,0.0,68.725136,68.28741004999999,0.7763403454546738,66.73472935909065,69.84009074090933,68.1373771641176,-0.018401868534752452,0.0043317754771165775
2013-12-24,-0.17771,0.025392,-0.317339,0.152549,0.152554,-0.517899,-1.435644,-1.187273,-0.835875,-0.601679,-0.524672,0.0,68.829979,68.25464675,0.73590210050972,66.78284254898057,69.72645095101944,68.20333924372545,0.04085979671070561,0.0015243783599354038
2013-12-26,-0.088652,0.126645,-0.379933,0.228484,0.228472,-0.382462,-1.480487,-1.335687,-1.082184,-0.805462,-0.712589,0.0,68.987236,68.24066739999999,0.7181029076224597,66.80446158475507,69.67687321524491,68.27799607765637,0.09936895555873093,0.0022821106673779398
2013-12-27,-0.17415,0.199035,-0.447817,1.811044,1.811055,-1.701705,-2.76527,-2.889249,-2.731685,-2.465981,-2.414897,1.0,70.236633,68.31798975,0.8416775454952639,66.63463465900946,70.00134484099053,68.46453292740338,0.24374405202873106,0.017948510550624783
2013-12-30,-0.124469,0.04979,-0.709483,-0.062201,-0.062198,-1.137665,-2.269105,-2.70019,-2.59522,-2.347026,-2.292757,0.0,70.192947,68.37128564999999,0.9252058616835535,66.52087392663289,70.22169737336709,68.62914379146021,0.3505958107784011,-0.0006221766298702488
2013-12-31,-0.19905,0.0,-0.435429,0.04979,0.049781,-0.758891,-1.888521,-2.581895,-2.570906,-2.362273,-2.29078,0.0,70.22789,68.42239725,0.999017054390062,66.42436314121989,70.42043135878012,68.78140533513066,0.43310365810903306,0.0004976896800760152
2014-01-02,0.406504,0.749488,-0.228659,-2.065185,-2.065181,1.318592,0.438259,-0.467482,-0.504321,-0.344515,-0.2185,-1.0,68.777557,68.43069765,1.0013582500775877,66.42798114984483,70.43341415015517,68.78103882702298,0.3771148244437512,-0.02086804025184477
2014-01-03,-0.240176,0.290728,-0.417143,0.495427,0.495429,0.85703,0.142834,-0.825859,-0.927826,-0.844399,-0.685128,0.0,69.118301,68.4770035,1.0111138601557188,66.45477577968856,70.49923122031143,68.81315903397316,0.356133181834835,0.004942058426811899
2014-01-06,0.126277,0.555619,-0.050511,0.101126,0.101121,0.452077,0.119964,-0.710528,-0.950246,-0.915773,-0.747992,0.0,69.188194,68.5307358,1.019303744599202,66.4921283108016,70.5693432891984,68.84887664978524,0.34121158512603245,0.001010697378307362
2014-01-07,0.314584,0.453002,-0.151004,0.353579,0.353582,-0.120802,-0.088086,-0.839731,-1.256451,-1.247265,-1.085109,0.0,69.432831,68.5604416,1.0372508761773451,66.48593984764531,70.6349433523547,68.9044913498057,0.34514762662054466,0.0035295836828956057
2014-01-08,0.112914,0.376368,-0.238367,0.301998,0.301987,-0.589626,-0.257172,-0.905772,-1.469691,-1.519497,-1.382919,0.0,69.642509,68.61897925000001,1.0646563521582593,66.48966654568349,70.74829195431653,68.9747787450623,0.36102456367044056,0.0030153175806503043
2014-01-09,-1.249839,0.284622,-1.905706,1.380001,1.380002,-1.425558,-1.363684,-1.914769,-2.637658,-2.747173,-2.672513,1.0,70.603577,68.7412964,1.1462194073367493,66.4488575853265,71.0337352146735,69.1299023883897,0.44601591248536465,0.013705666542376815
2014-01-10,-0.872878,0.036891,-0.922056,0.655857,0.655856,-1.51954,-1.713783,-2.241607,-3.038468,-3.219067,-3.222264,1.0,71.066635,68.90729830000001,1.2317979960326322,66.44370230793474,71.37089429206527,69.31435311330496,0.5444608733804017,0.006537149094374601
2014-01-13,0.684168,1.007586,-0.074632,-1.167933,-1.167921,-0.057229,-0.552312,-0.935443,-1.658791,-1.954474,-2.005227,-1.0,70.236633,69.0715538,1.1749955451763054,66.72156270964739,71.42154489035262,69.4021892929902,0.5491744481741705,-0.01174794550377769
2014-01-14,-0.260093,0.247714,-0.433489,0.435376,0.435365,-0.175872,-0.933856,-1.165049,-1.843563,-2.282874,-2.363132,0.0,70.542419,69.24192500000001,1.125408314847359,66.99110837030528,71.49274162969473,69.5107825984197,0.5710022067940912,0.004344204291162916
2014-01-15,-0.098953,0.309253,-0.408206,0.123852,0.123869,-0.019802,-0.999512,-1.107544,-1.723162,-2.281548,-2.416712,0.0,70.629799,69.41273340000001,1.058624756505808,67.2954838869884,71.52998291301162,69.61735558904638,0.5885670637550646,0.0012379207806848247
2014-01-16,-0.122278,0.122277,-0.33015,1.162794,1.162797,-0.93178,-1.763279,-1.999686,-2.541586,-3.220358,-3.405895,1.0,71.45108,69.6350894,0.9909289868102934,67.6532314263794,71.61694737362059,69.79199600913721,0.6611366803056313,0.0115608821264432
2014-01-17,0.492735,0.566641,-0.184776,-0.733675,-0.733692,-0.238969,-0.782209,-1.09304,-1.596447,-2.325691,-2.563433,-1.0,70.926849,69.79453915,0.923879723511393,67.94677970297722,71.64229859702279,69.90007724636223,0.6686398991950426,-0.007363969579861586
2014-01-21,0.012282,0.307239,-0.245797,0.234051,0.234055,-0.231045,-0.745979,-1.243705,-1.654175,-2.320759,-2.651265,0.0,71.092857,69.91685700000001,0.9258260422005404,68.06520491559893,71.76850908440109,70.01367531813726,0.6801414650007445,0.00233781748017689
2014-01-22,0.061883,0.247552,-0.198049,-0.712796,-0.712792,0.497586,0.129961,-0.497591,-0.795276,-1.423942,-1.869871,-1.0,70.586113,70.02475875,0.8670733677920671,68.29061201441587,71.75890548558414,70.06819319260038,0.6409777406035175,-0.007153442192758812
2014-01-23,0.048907,0.281203,-0.415704,1.237777,1.237772,-0.498835,-0.839956,-1.599217,-1.816847,-2.391488,-2.930267,1.0,71.459808,70.16149235,0.8669648747750301,68.42756260044995,71.89542209955006,70.20072793616225,0.6726857885475113,0.01230174033929795
2014-01-24,0.713938,0.826658,-0.237968,-2.384161,-2.384154,1.445391,1.460421,0.897629,0.647545,0.150301,-0.483048,-1.0,69.756096,70.2077982,0.8152967671590703,68.57720466568186,71.83839173431814,70.15838203748014,0.5539536917680579,-0.024130351041886173
2014-01-27,0.863163,0.875859,-0.17771,-1.327652,-1.32765,2.201064,2.500632,2.227294,1.990348,1.561306,0.908433,-1.0,68.829979,70.19993535,0.828341549434708,68.54325225113058,71.85661844886943,70.03186746248203,0.3807388274335324,-0.013365423421262193
2014-01-28,-0.226246,0.087983,-0.615885,0.990098,0.990092,0.744096,1.391406,1.256077,0.938288,0.615387,0.0419,1.0,69.511459,70.16367665,0.842402698687322,68.47887125262535,71.84848204737465,69.98230475176945,0.29505334879611667,0.009852225367048849
2014-01-29,-0.176612,0.441537,-0.542451,-0.364506,-0.364504,0.729155,1.576893,1.609689,1.240067,1.031413,0.510074,0.0,69.258087,70.11693365,0.8662909906205397,68.38435166875891,71.84951563124108,69.91333163255331,0.20434640856684894,-0.0036516986451410496
2014-01-30,-0.312735,0.075054,-0.35026,0.845219,0.845205,-0.577926,0.612969,0.777257,0.364031,0.248695,-0.206812,1.0,69.84346,70.09771214999999,0.8679627912401371,68.36178656751972,71.83363773248027,69.90667719135774,0.17764740515568178,0.008416534081429516
2014-01-31,-0.328825,0.518532,-0.809409,-1.088319,-1.088292,0.32122,1.377246,1.739372,1.490436,1.366369,0.991512,-1.0,69.083359,70.11300225,0.845895840366986,68.42121056926602,71.80479393073396,69.82826593503796,0.09407007307963511,-0.010942575234850881
2014-02-03,1.589926,1.653517,-0.152637,-0.569112,-0.569128,0.854742,1.631899,2.09107,2.04019,1.929278,1.615787,-1.0,68.690186,70.09159650000001,0.8772285024320541,68.3371394951359,71.84605350486412,69.71987736979625,-0.0038469941945322716,-0.005707540839335985
2014-02-04,0.294121,0.370845,-0.383625,-0.534223,-0.534223,1.048599,1.772385,2.452692,2.524941,2.364711,2.145786,-1.0,68.323227,70.04834815000001,0.9429699241750161,68.16240830164998,71.93428799835004,69.58686304886328,-0.10979188742420831,-0.0053565540684557406
2014-02-05,-0.025467,0.254611,-0.229153,0.447578,0.44758,0.41502,1.033733,1.810309,2.009543,1.817437,1.700399,0.0,68.629028,70.008158,0.9866998862018876,68.03475822759621,71.98155777240378,69.49564066325725,-0.1671515742859242,0.004465811946327552
2014-02-06,0.416564,0.4923,-0.164106,0.852957,0.852952,-0.616,-0.145162,0.81293,1.115883,0.897756,0.863842,1.0,69.214401,69.9867526,0.9996089710231797,67.98753465795365,71.98597054204636,69.46885593342323,-0.1634902169920025,0.008493353991067487
2014-02-07,-1.520015,0.01236,-1.532375,2.145919,2.145916,-2.246656,-2.109482,-1.375835,-1.001597,-1.113189,-1.166987,1.0,70.699684,69.99155795,1.002955653554678,67.98564664289064,71.99746925710936,69.58607765404959,-0.04027438188145993,0.02123215539392716
2014-02-10,-0.459051,0.148887,-0.558308,-0.395452,-0.395446,-1.367246,-1.495035,-1.032255,-0.654463,-0.646648,-0.70678,0.0,70.420105,69.95923144999999,0.9765525473109491,68.00612635537809,71.9123365446219,69.66550882985439,0.03441861009268621,-0.003962298523249469
2014-02-11,-0.91516,0.160768,-0.9399,0.322584,0.322585,-1.026469,-1.651004,-1.392532,-0.944844,-0.883505,-1.00668,0.0,70.64727,69.9797633,0.9869532320969528,68.0058568358061,71.9536697641939,69.75900989367778,0.1106679501283594,0.0032206624155141418
2014-02-12,-1.294742,0.0,-1.30695,1.249075,1.249077,-1.436431,-2.546727,-2.521076,-2.097843,-1.989014,-2.165635,1.0,71.529709,70.0291278,1.0398499416941898,67.94942791661161,72.10882768338838,69.92764790380372,0.23954028263348448,0.012413406693907184
2014-02-13,-0.449678,0.048616,-0.534763,0.500789,0.500771,-1.183751,-2.747919,-2.967089,-2.498161,-2.35244,-2.576147,0.0,71.887909,70.0920333,1.1135431772392532,67.8649469455215,72.3191196544785,70.1143394367748,0.36635318949494433,0.004995212580107437
2014-02-14,-0.458167,0.0,-0.542566,0.802143,0.802145,-1.482993,-3.055213,-3.490064,-3.204114,-3.026757,-3.181809,1.0,72.464554,70.142707,1.1984656815159762,67.74577563696805,72.53963836303195,70.3381693951772,0.5075332368707848,0.007989445491167915
2014-02-18,-0.145071,0.265959,-0.157163,-0.265253,-0.265233,-0.708424,-2.301751,-2.91587,-2.853611,-2.702136,-2.778861,0.0,72.272354,70.20998225,1.279804226164325,67.65037379767135,72.76959070232864,70.52237745277938,0.5970283368162939,-0.0026558548974196204
2014-02-19,0.562621,0.966244,-0.085616,-1.16054,-1.160554,0.677594,-0.719176,-1.596539,-1.689086,-1.492657,-1.532531,-1.0,71.433594,70.22701909999999,1.294360868379394,67.63829736324121,72.81574083675878,70.60915998108611,0.5934322090036233,-0.011673414167925283
2014-02-20,-0.51045,0.364612,-0.71706,0.636004,0.635996,0.14099,-0.89328,-1.974545,-2.219845,-2.040335,-2.040984,1.0,71.887909,70.2921089,1.3451062232339097,67.60189645353218,72.98232134646783,70.73094560193505,0.6200936221531919,0.006339823574177062
2014-02-21,0.459766,0.54446,-0.157296,0.449688,0.4497,-0.21779,-0.921964,-2.194799,-2.605567,-2.391289,-2.360961,0.0,72.211189,70.32967794999999,1.3892069463430226,67.55126405731394,73.10809184268604,70.87192116365551,0.6597043176731887,0.004486919721981761
2014-02-24,-0.371166,0.574716,-0.47892,1.052626,1.052619,-1.118288,-1.642713,-2.858389,-3.399775,-3.324703,-3.269865,1.0,72.971298,70.49043805,1.5008823176234893,67.48867341475301,73.49220268524698,71.07186181473594,0.7438558162410231,0.010471179560447621
2014-02-25,0.155128,0.632457,-0.214797,0.335256,0.335261,-1.190937,-1.589502,-2.770886,-3.423033,-3.522674,-3.495227,0.0,73.215942,70.70973620000001,1.5645702428027335,67.58059571439455,73.83887668560547,71.27605992761823,0.8208252488369965,0.003346998388959907
2014-02-26,0.479552,0.635413,-0.095914,-0.465393,-0.465385,-0.333306,-0.823654,-1.899863,-2.740689,-2.973753,-2.923319,0.0,72.875206,70.87792355,1.6091411956183321,67.65964115876334,74.09620594123668,71.42835955355936,0.8445935820807051,-0.004664712715582016
2014-02-27,-0.339196,0.084797,-0.448217,-1.031053,2.303845,-1.862517,-2.6514,-3.579216,-4.575751,-4.945856,-4.930086,1.0,74.554138,71.1427261,1.7574749647872732,67.62777617042546,74.65767602957455,71.72605273893467,0.9875223949402425,0.022777074617079746
2014-02-28,0.528977,0.540992,-0.565041,0.76317,0.763174,-1.830563,-2.958059,-3.785143,-4.947089,-5.470734,-5.450764,1.0,75.123116,71.4067089,1.9391712794349498,67.5283663411301,75.2850514588699,72.04958257332184,1.1336384005146414,0.00760276829602486
2014-03-03,0.984125,1.168652,-0.209125,-2.27218,-2.272181,0.573081,-0.572204,-1.301463,-2.442013,-3.073504,-3.163264,-1.0,73.416183,71.62335010000001,1.9077222982658506,67.8079055034683,75.43879469653172,72.17973499491023,1.099032200887578,-0.022983926179652638
2014-03-04,-0.036332,0.375435,-0.314887,1.574608,1.574615,-0.622263,-1.805132,-2.4603,-3.559978,-4.268054,-4.501486,1.0,74.572205,71.91745105,1.8849971267131653,68.14745679657366,75.68744530342633,72.40758928110925,1.1516127772380287,0.015623462492256325
2014-03-05,0.108308,0.348978,-0.180507,0.641877,0.641875,-0.676293,-1.949424,-2.691224,-3.726849,-4.583379,-4.934765,1.0,75.050865,72.25383294999999,1.80857387832927,68.63668519334145,75.87098070665853,72.65932982576551,1.2178682968603027,0.006398233012101397
2014-03-06,0.572659,0.656172,-0.107369,0.866428,0.866427,-1.226438,-2.287944,-3.159733,-4.086714,-5.062547,-5.526132,1.0,75.701126,72.60743785000001,1.7530685868691085,69.1013006762618,76.11357502373822,72.94902469950212,1.3077717233807817,0.008626951174784087
2014-03-07,0.67356,0.757756,-0.324749,-0.811263,-0.811273,-0.428184,-1.105753,-2.083635,-2.911178,-4.006715,-4.592401,-1.0,75.086983,72.90106695,1.6432128998938225,69.61464115021235,76.18749274978765,73.15263977574001,1.314314035060562,-0.008145819985309026
2014-03-10,0.277437,0.277437,-0.494577,-0.288666,-0.288657,0.248489,-0.565831,-1.585965,-2.351594,-3.419653,-4.088514,0.0,74.870239,73.1095947,1.6135071195628627,69.88258046087428,76.33660893912572,73.31622065424096,1.2871717204500186,-0.002890746414781508
2014-03-11,0.471013,0.772946,-0.12078,-0.120626,-0.120631,0.425121,-0.236593,-1.243553,-1.942148,-2.977264,-3.707455,0.0,74.779922,73.32758555000001,1.5229980388722448,70.28158947225552,76.3735816277445,73.4556207824085,1.244032975721538,-0.0012070419485297275
2014-03-12,-0.253745,0.193325,-0.38666,-0.04831,-0.048308,0.391493,0.061624,-0.900573,-1.620717,-2.586767,-3.427569,0.0,74.743797,73.5324119,1.4152073356043329,70.70199722879133,76.36282657120867,73.57830423170293,1.1931760335471324,-0.0004832009388808246
2014-03-13,1.628697,1.947093,-0.195939,-1.329142,-1.329135,1.214784,1.300506,0.60269,-0.144958,-0.996808,-1.923662,-1.0,73.750351,73.643444,1.3346306457958212,70.97418270840836,76.31270529159164,73.59468963820741,1.0604841496948438,-0.013380471019263727
2014-03-14,-0.147071,0.367696,-0.183839,-0.085731,-0.085738,0.92169,1.192556,0.82255,0.062814,-0.669056,-1.665628,0.0,73.687119,73.73340449999999,1.2691001120032153,71.19520427599356,76.27160472400642,73.60349243456861,0.9393938344294384,-0.0008577467298754015
2014-03-17,-0.511259,0.36518,-0.523434,0.686366,0.686371,0.051122,0.607421,0.245018,-0.502831,-1.157857,-2.106405,1.0,74.192886,73.8198211,1.2365800008986074,71.34666109820279,76.29298110179721,73.65962515508589,0.8741632474331311,0.006840261765392616
2014-03-18,-0.181511,0.665541,-0.338817,0.596466,0.596456,-0.580824,0.019369,-0.222563,-0.934462,-1.517996,-2.421312,1.0,74.635414,73.9379741,1.193067841159999,71.55183841768,76.32410978232001,73.7525574260301,0.8483960667672648,0.005946843499041253
2014-03-19,1.058984,1.342204,-0.615688,-1.730397,-1.730397,0.788087,1.547846,1.57699,0.940181,0.36321,-0.474901,-1.0,73.343925,74.03349065,1.0498950579149389,71.93370053417013,76.13328076582988,73.71364005212247,0.7155150099291347,-0.017455433992033132
2014-03-20,-0.725614,0.18448,-0.824006,0.123136,0.123142,0.578034,1.114256,1.350391,0.921321,0.343514,-0.379188,0.0,73.434242,74.1108073,0.9341287542387058,72.24254979152259,75.97906480847742,73.6870307138251,0.6104566775354101,0.0012306600258734591
2014-03-21,0.697418,0.942123,-0.244713,0.516548,0.516541,0.095437,0.422125,0.711289,0.511242,-0.067786,-0.683434,0.0,73.81356,74.19092585000001,0.8249644550874151,72.54099693982518,75.84085476017485,73.69908112203223,0.5514482327535859,0.005152115466692379
2014-03-24,0.578098,0.738006,-0.651914,-0.526123,-0.526113,0.415735,0.756452,1.244767,1.073752,0.513086,-0.03442,-1.0,73.425217,74.2136218,0.795357467416893,72.62290686516621,75.80433673483378,73.67299882469582,0.4679533061267591,-0.005275022088748663
2014-03-25,-0.244296,0.293145,-0.806161,0.701107,0.701112,-0.471489,-0.058639,0.482869,0.419009,-0.096501,-0.571728,1.0,73.94001,74.2498252,0.7633913678234715,72.72304246435306,75.77660793564695,73.69842846043909,0.4382703601242497,0.006986656276289803
2014-03-26,0.912338,1.306864,0.0,-0.928303,-0.928312,0.436447,0.674394,1.26084,1.385774,0.938988,0.478525,-1.0,73.253616,74.2687457,0.7315540900831898,72.80563751983362,75.73185388016637,73.6560653689687,0.35526487980746424,-0.009326476886800697
2014-03-27,0.024574,0.356398,-0.36869,0.320555,0.320555,0.13027,0.317068,0.736552,0.989307,0.703574,0.24631,0.0,73.488434,74.21546049999999,0.7482930639341877,72.71887437213162,75.71204662786836,73.64010047668596,0.3049154136925267,0.0032004214256345976
2014-03-28,0.502517,0.77216,-0.208356,0.270361,0.270362,-0.174033,0.04658,0.338283,0.619568,0.512162,0.057402,0.0,73.687119,74.14366065,0.7251536877339897,72.69335327453202,75.59396802546799,73.64457843128729,0.27784252242078367,0.0026999745086581537
2014-03-31,-0.329333,0.247008,-0.564568,4.203948,4.203941,-3.326266,-3.652073,-3.54347,-3.220408,-3.344177,-3.791702,1.0,76.784882,74.31209559999999,0.9139425695035996,72.4842104609928,76.13998073900719,73.94365496164087,0.5005802683198937,0.041179764017231876
2014-04-01,0.035498,0.414151,-0.615317,-0.599853,-0.599851,-2.118093,-2.849365,-2.826487,-2.521592,-2.597985,-3.034152,-1.0,76.324287,74.3996997,1.0182104308978701,72.36327883820425,76.43612056179575,74.170381822437,0.6326426587728236,-0.006016574871868124
2014-04-02,-0.520283,0.141897,-0.591226,0.070995,0.071002,-1.369285,-2.520991,-2.752751,-2.503845,-2.483624,-2.887144,0.0,76.378479,74.4660804,1.102669499411836,72.26074140117632,76.67141939882367,74.3806767917287,0.7332237491986433,0.0007097710630212438
2014-04-03,0.587457,0.599448,-0.3357,-1.37164,-1.37163,0.491531,-0.913575,-1.260457,-1.172537,-1.086216,-1.384243,-1.0,75.330849,74.44756655,1.08378848971559,72.27998957056883,76.61514352943118,74.47116938299263,0.7200991476895382,-0.013811235824859047
2014-04-04,0.484792,1.199852,-0.278758,-1.07901,-1.079021,1.810688,0.261786,-0.10908,-0.132713,-0.039754,-0.205363,-1.0,74.518013,74.41911805,1.0735400191374234,72.27203801172514,76.56619808827485,74.47563067985048,0.6367684639124462,-0.01084885078921395
2014-04-07,0.169664,0.593802,-0.302957,0.012114,0.012113,1.192446,0.397485,-0.091287,-0.167833,0.007761,-0.147866,0.0,74.527039,74.40195804999999,1.0686814992272642,72.26459505154546,76.53932104845452,74.48052671034091,0.5649442932732853,0.00012111774111150581
2014-04-08,-0.179814,0.191805,-0.515464,1.090646,1.090648,-0.160629,-0.499879,-1.106848,-1.207743,-1.030447,-1.131182,1.0,75.339867,74.42995529999999,1.08629409412924,72.2573671117415,76.60254348825848,74.56236864268939,0.5670746633619785,0.010847437795649702
2014-04-09,-1.118652,0.095206,-1.142448,0.731241,0.731244,-1.013923,-0.874691,-1.601018,-1.849342,-1.704632,-1.716453,1.0,75.890785,74.4873047,1.1330074103440757,72.22128987931184,76.75331952068815,74.68888448624278,0.6062292420541269,0.007285830349318329
2014-04-10,0.751517,0.97817,-0.095434,-0.238007,-0.238017,-0.677559,-0.344742,-1.165847,-1.485742,-1.469637,-1.431066,0.0,75.710152,74.58529475,1.1505290273149316,72.28423669537014,76.88635280462987,74.78614805898157,0.6155878408351043,-0.0023830075071424916
2014-04-11,0.278219,0.943509,-0.108862,-1.383758,-1.383748,0.754806,1.184226,0.296762,-0.038104,-0.109835,-0.068546,-1.0,74.662514,74.6340645,1.1309590056224474,72.37214648875509,76.8959825112449,74.77437338669762,0.5323325681896023,-0.013934114205140208
2014-04-14,-0.656093,0.190858,-0.799234,1.403174,1.403165,-0.326849,-0.357863,-0.889892,-1.321123,-1.447688,-1.350348,1.0,75.710152,74.7099278,1.150526611888932,72.40887457622213,77.01098102377787,74.8634951593931,0.5446098723198816,0.013934114205140234
2014-04-15,0.417709,0.692209,-1.097981,-0.047717,-0.047706,-0.190959,-0.396233,-0.689826,-1.205401,-1.353389,-1.25473,0.0,75.674034,74.7618588,1.1702570588481793,72.42134468230364,77.10237291769636,74.940689334689,0.5451412545037613,-0.00047717006167741796
2014-04-16,0.047379,0.118467,-0.47388,0.739949,0.739942,-0.834027,-1.146785,-1.158633,-1.741502,-1.999766,-1.928289,1.0,76.233978,74.90636144999999,1.1643726219589,72.5776162060822,77.23510669391779,75.06385968376624,0.5840130410637414,0.0073721791057587745
2014-04-17,-0.377938,0.259833,-0.637771,0.308013,0.308012,-0.940115,-1.301519,-1.20231,-1.844804,-2.158493,-2.195972,0.0,76.468788,75.05808875,1.1601525768611118,72.73778359627778,77.37839390372221,75.19766238055041,0.6265440072738357,0.0030753887597519416
2014-04-21,-0.877604,0.046807,-1.123331,0.933035,0.933042,-1.202904,-1.868714,-1.813717,-2.533936,-2.881819,-3.009598,1.0,77.182274,75.22652445,1.2132823140122422,72.79995982197552,77.65308907802448,75.38667301097419,0.7096421488085412,0.009287161689189524
2014-04-22,-0.150183,0.25416,-0.439,1.287151,1.287153,-1.827636,-2.649033,-2.942856,-3.468696,-3.912204,-4.101205,1.0,78.175728,75.46405,1.3037143456951223,72.85662130860976,78.07147869139024,75.65229729564331,0.8459103320758032,0.01278939647354926
2014-04-23,0.870373,0.928401,-0.116047,-0.450555,-0.450557,-0.830916,-1.88929,-2.37515,-2.782292,-3.313452,-3.536808,0.0,77.823502,75.6582246,1.353047070431355,72.9521304591373,78.3643187408627,75.85907869605822,0.9149353493697987,-0.004515747911686114
2014-04-24,0.035473,0.319193,-1.040309,-1.833587,-1.83359,1.063959,0.009461,-0.5501,-0.760725,-1.347673,-1.662919,-1.0,76.396538,75.81537069999999,1.2365711792094132,73.34222834158116,78.28851305841881,75.91026529643364,0.8447562791657361,-0.018506086819264106
2014-04-25,0.461702,0.520899,-0.295963,-0.141855,-0.14186,1.160178,0.227303,-0.325162,-0.436247,-1.057887,-1.412333,0.0,76.288162,75.9553571,1.11142465965334,73.73250778069333,78.17820641930668,75.94625545867805,0.7715004460524,-0.0014196054771784157
2014-04-28,0.398308,0.421743,-1.05436,1.053628,1.05363,0.082006,-0.502576,-1.14183,-1.253513,-1.919399,-2.293032,1.0,77.091957,76.125599,1.0009821458973869,74.12363470820522,78.12756329179477,76.05536989118491,0.7694346457949024,0.010481180529069345
2014-04-29,-0.809713,0.161942,-0.821283,1.27694,1.276944,-1.205321,-1.454017,-2.085211,-2.415845,-2.917754,-3.359166,1.0,78.076378,76.1901738,1.0839699551223883,74.02223388975521,78.35811371024478,76.2478468539292,0.8375769658690047,0.012688596647670042
2014-04-30,-0.563613,0.034505,-0.793653,0.566807,0.566798,-1.584998,-1.647108,-2.367144,-2.826081,-3.231649,-3.738972,1.0,78.518913,76.2999051,1.2028266523345654,73.89425179533087,78.70555840466913,76.4641388678407,0.9167217241507899,0.005651972996518681
2014-05-01,-0.103444,0.287356,-0.517238,0.069011,0.069018,-1.098852,-1.417241,-2.206896,-2.753447,-3.027585,-3.583524,0.0,78.573105,76.4096364,1.3060485184702058,73.79753936305958,79.02173343694041,76.6649927851892,0.9726057629852249,0.0006899396015103588
2014-05-02,0.251833,0.446427,-0.206045,0.413794,0.413798,-0.844785,-1.515572,-2.34051,-2.928117,-3.152934,-3.750003,0.0,78.898239,76.5880059,1.39175275698798,73.80450038602405,79.37151141397595,76.87768290088546,1.0312423431206383,0.004129442903889683
2014-05-05,-0.672208,0.05697,-0.93426,0.469318,0.46932,-0.758803,-1.712432,-2.409329,-3.08192,-3.323688,-3.970226,0.0,79.268524,76.82553145,1.424863390227664,73.97580466954467,79.67525823045533,77.10538205318208,1.0949690387467257,0.0046822185579514395
2014-05-06,0.672983,0.73001,-0.091254,-0.113933,-0.113938,-0.367285,-1.473707,-2.006005,-2.677652,-3.092503,-3.618491,0.0,79.178207,77.05808985,1.4094572387244075,74.23917537255119,79.87700432744882,77.30279395287903,1.1252143069580711,-0.0011400299546961525
2014-05-07,-0.237799,0.045295,-0.566187,0.73001,0.730023,-0.779081,-1.945429,-2.374976,-3.106113,-3.622701,-4.073916,1.0,79.756226,77.2789078,1.470718800789002,74.337470198422,80.220345401578,77.53645414784293,1.182197564879118,0.007273710768880528
2014-05-08,0.716639,0.739386,-0.193386,-0.452943,-0.452955,-0.120579,-1.121605,-1.665343,-2.444549,-3.032195,-3.379597,0.0,79.394966,77.45411685,1.5049762229763626,74.44416440404729,80.46406929595273,77.7134552766198,1.1845517690636456,-0.004539841843833264
2014-05-09,0.090481,0.316704,-0.271469,0.568763,0.568772,-0.44792,-1.235165,-1.939459,-2.737258,-3.354383,-3.660608,1.0,79.846542,77.66093635,1.5365873635647682,74.58776162287046,80.73411107712954,77.9166063931322,1.2089202222673237,0.0056716017847428255
2014-05-12,0.101564,0.112852,-0.304712,0.226215,0.226208,-0.483012,-1.091298,-1.923786,-2.6216,-3.297145,-3.613964,0.0,80.027161,77.9291687,1.4515042002772802,75.02616029944545,80.83217710055456,78.11761159378628,1.2286437998796913,0.0022595220283970307
2014-05-13,0.158246,0.259971,-0.180856,-0.157996,-0.15799,-0.144682,-0.706458,-1.624661,-2.205272,-2.875104,-3.331455,0.0,79.900726,78.1386974,1.4163589712777374,75.30597945744452,80.97141534255547,78.28743201342569,1.220009123651451,-0.0015811504636587604
2014-05-14,-0.022408,0.31376,-0.212903,0.870348,0.870345,-0.797844,-1.305465,-2.244135,-2.743724,-3.452263,-3.988868,1.0,80.596138,78.3848026,1.3929989460975263,75.59880470780494,81.17080049219506,78.50730877405181,1.25481528759056,0.008665793642941781
2014-05-15,-0.61159,0.033358,-0.77838,0.773198,0.7732,-1.109751,-1.736906,-2.598319,-3.183034,-3.930615,-4.526857,1.0,81.219307,78.63406905000001,1.4333282704121233,75.76741250917576,81.50072559082426,78.76559431938021,1.3174966720147552,0.0077022571087261805
2014-05-16,0.133515,0.144643,-0.422783,-0.055602,-0.05561,-0.727629,-1.401859,-2.142849,-2.839333,-3.607914,-4.233786,0.0,81.174141,78.86933669999999,1.4453314103191335,75.97867387936172,81.75999952063826,78.99497971753448,1.347988825942366,-0.0005562539834069777
2014-05-19,-0.145217,0.033519,-0.424484,-0.400534,-0.40052,-0.125116,-0.809878,-1.439534,-2.221855,-2.914214,-3.587658,0.0,80.849022,79.0526741,1.4526091971993822,76.14745570560125,81.95789249439876,79.17155517300739,1.3305815753051178,-0.004013246382157523
2014-05-20,-0.123486,0.179609,-0.392904,-0.491505,-0.491515,0.505163,-0.16165,-0.755874,-1.597441,-2.198923,-2.865964,0.0,80.451637,79.16646955,1.4693441207851818,76.22778130842964,82.10515779157036,79.29346772795907,1.2700798652582108,-0.004927268201363446
2014-05-21,-0.212309,0.055876,-0.36875,0.460256,0.460258,0.100571,-0.487202,-1.020595,-1.862776,-2.392221,-3.084887,0.0,80.821922,79.31639055000001,1.478048243808307,76.36029406238339,82.27248703761663,79.43903480148678,1.2377428005176796,0.004592019336189222
2014-05-22,-0.433437,0.100019,-0.500116,0.547553,0.547553,-0.433434,-0.799069,-1.338818,-2.097692,-2.676154,-3.392239,0.0,81.264465,79.5597869,1.3686821378439062,76.8224226243122,82.29715117568782,79.61288529658329,1.2336047378233275,0.005460595523655767
2014-05-23,-0.188447,0.210623,-0.343639,0.255608,0.255607,-0.61412,-0.852454,-1.379741,-2.029153,-2.678638,-3.4028,0.0,81.472183,79.81898795,1.1965421840316919,77.42590358193661,82.21207231806338,79.78996126833727,1.2328745891274764,0.0025528129694012062
2014-05-27,-0.044308,0.166151,-0.387682,0.077597,0.077593,-0.522814,-0.744347,-1.270856,-1.832627,-2.540536,-3.196717,0.0,81.5354,80.0411601,1.0693016413478245,77.90255681730434,82.17976338269565,79.95619352849562,1.2232956340053533,0.0007756326669698333
2014-05-28,0.300373,0.411618,-0.022245,-0.431989,-0.431992,0.089002,-0.155741,-0.677858,-1.215368,-1.969512,-2.552002,0.0,81.183174,80.1964999,0.9917006122293619,78.21309867554129,82.17990112445872,80.07304881149602,1.1737522630805444,-0.004329272823345158
2014-05-29,0.099818,0.121998,-0.277285,0.300373,0.300371,-0.062112,-0.352705,-0.838507,-1.332628,-2.086067,-2.608324,0.0,81.427025,80.34190550000001,0.9448745510182487,78.4521563979635,82.23165460203651,80.20199892468688,1.141012638987533,0.002999211418369802
2014-05-30,-0.666221,0.044415,-0.777256,-0.110921,-0.110918,0.066624,-0.227622,-0.569244,-1.053181,-1.734394,-2.29106,0.0,81.336708,80.48008565,0.8718423370928288,78.73640097581435,82.22377032418567,80.31006645566909,1.0951541683848944,-0.001109792797266902
2014-06-02,0.202521,0.202521,-0.438793,-1.310239,-1.310237,1.09586,0.984478,0.786083,0.345978,-0.231318,-0.835953,-1.0,80.271004,80.5487239,0.7910460855292365,78.96663172894152,82.13081607105848,80.30634622179583,0.9617313533157699,-0.013188967716124454
2014-06-03,0.14627,0.225028,-0.337528,0.0,0.0,0.780829,0.912469,0.806335,0.408421,-0.072902,-0.707691,0.0,80.271004,80.5988479,0.7354659293181146,79.12791604136376,82.06977975863623,80.30298029591052,0.8462379072836512,0.0
2014-06-04,0.203529,0.282678,-0.237448,-0.495044,-0.495044,0.954316,1.34215,1.305592,0.951493,0.514247,-0.142847,0.0,79.873627,80.6336189,0.6790409982503338,79.27553690349933,81.99170089650067,80.2620895058238,0.7144082625885773,-0.004962736659897628
2014-06-05,-0.439634,0.135276,-0.619992,0.305288,0.305286,0.320146,0.945781,0.957431,0.666785,0.288136,-0.351327,0.0,80.11747,80.6516811,0.6589826047306954,79.33371589053861,81.9696463094614,80.24831621955487,0.6224333869717782,0.003048209473896069
2014-06-06,0.157286,0.22469,-0.202224,0.338184,0.338181,-0.253903,0.496575,0.548256,0.389287,0.04045,-0.52166,0.0,80.388412,80.7013534,0.5934526284520532,79.51444814309589,81.88825865690411,80.26165867483535,0.5648936481042455,0.003376103778569638
2014-06-09,0.0,0.246887,-0.246888,0.112346,0.112351,-0.31422,0.26035,0.37781,0.315902,0.006734,-0.459731,0.0,80.478729,80.73296275,0.5615022376987473,79.6099582746025,81.85596722539749,80.28233203913675,0.5205798965914568,0.0011228770391299959
2014-06-10,-0.29824,0.0,-0.574392,1.593534,1.593543,-1.513317,-1.284665,-1.122287,-1.151558,-1.43997,-1.830706,1.0,81.761192,80.8196643,0.5803432106443006,79.6589778787114,81.9803507212886,80.42317584493325,0.5822333517128726,0.015809792122294396
2014-06-11,0.513908,0.547423,-0.067037,-1.126695,-1.1267,-0.151943,-0.202218,0.036489,0.032952,-0.234614,-0.598075,-1.0,80.839989,80.86662745,0.538566388701598,79.7894946725968,81.94376022740319,80.46287233589199,0.5504159236545689,-0.01133094914131875
2014-06-12,0.044799,0.257583,-0.156791,-0.245784,-0.245786,0.223989,-0.05376,0.268038,0.282224,0.0551,-0.265428,0.0,80.641296,80.86888535,0.5374662341067103,79.79395288178658,81.94381781821342,80.47986506580705,0.5033650392937403,-0.0024608808416733243
2014-06-13,-0.212664,0.223869,-0.33579,0.055992,0.056,0.241772,-0.190289,0.164162,0.193078,0.063126,-0.233941,0.0,80.686455,80.84224275,0.5323640444385943,79.77751466112281,81.90697083887719,80.49954029763495,0.46436788443219257,0.0005598416998880624
2014-06-16,-0.276579,0.066377,-0.365086,1.175289,1.175284,-0.63945,-1.182655,-0.986101,-0.942585,-1.011619,-1.281117,1.0,81.63475,80.8652732,0.5568766895923231,79.75151982081536,81.97902657918465,80.607655507384,0.5041700806582554,0.011684311839108815
2014-06-17,-0.077899,0.144666,-0.322725,-0.586346,-0.586353,-0.202533,-0.49076,-0.433265,-0.339415,-0.372132,-0.621334,-1.0,81.156082,80.8806262,0.5606252461263693,79.75937570774725,82.00187669225274,80.65988660191886,0.4914242676654794,-0.005880790381466124
2014-06-18,-0.376111,0.055304,-0.707965,0.600936,0.600933,-0.601766,-0.868359,-0.99041,-0.861723,-0.881855,-1.114302,1.0,81.643776,80.94023315000001,0.5757840777239582,79.7886649945521,82.09180130544793,80.75359035411705,0.5147423199626786,0.005991349929378754
2014-06-19,-0.110069,0.11007,-0.275179,0.497783,0.497794,-0.75069,-1.123832,-1.4302,-1.277934,-1.301929,-1.510918,0.0,82.050194,81.00164674999999,0.6258300481452133,79.74998665370957,82.25330684629041,80.87707641562972,0.5595662490278812,0.004965593235853138
2014-06-20,-0.241812,0.120898,-0.329746,0.143099,0.143084,-0.531981,-1.048575,-1.503622,-1.364031,-1.396785,-1.53916,0.0,82.167595,81.04680325,0.6763361603198342,79.69413092936033,82.39947557063967,80.9999829474745,0.5976732105572609,0.0014298209800047978
2014-06-23,0.055263,0.077374,-0.386866,-0.560565,-0.560564,0.046428,-0.340437,-0.831208,-0.793628,-0.814849,-0.908213,-1.0,81.706993,81.05854375,0.6860768416705977,79.6863900666588,82.4306974333412,81.06731723819122,0.5839748218916014,-0.00562141108697154
2014-06-24,0.38661,0.397658,-0.066274,0.066318,0.066333,0.128127,-0.406501,-0.775439,-0.845583,-0.835972,-0.903206,0.0,81.761192,81.06983335,0.6961208606329242,79.67759162873415,82.46207507126584,81.13340054883967,0.5709110493257157,0.0006631137671960038
2014-06-25,-0.332073,0.044278,-0.42063,-0.209878,-0.20988,0.325435,-0.10516,-0.426538,-0.612134,-0.571621,-0.625786,0.0,81.589592,81.09015425,0.7054727780689204,79.67920869386215,82.50109980613784,81.17684735371209,0.5404809021664221,-0.002101000790092476
2014-06-26,-0.199579,0.166309,-0.67635,-0.166033,-0.166036,0.345931,0.160767,-0.151536,-0.445177,-0.375213,-0.425403,0.0,81.454124,81.09150919999999,0.7061795034307672,79.67915019313845,82.50386820686153,81.20325465335856,0.4996737281565231,-0.0016617387593542113
2014-06-27,-0.287668,0.177035,-0.520019,0.210661,0.210662,0.002213,0.065279,-0.260382,-0.636757,-0.566941,-0.618132,0.0,81.625717,81.10595965,0.7143705194528778,79.67721861109425,82.53470068890576,81.24348916256251,0.4756963385116535,0.0021044055754909177
2014-06-30,0.0,0.143604,-0.353474,0.165968,0.165971,-0.150228,-0.08506,-0.321077,-0.710267,-0.717558,-0.75887,0.0,81.761192,81.18046905,0.700275322676976,79.77991840464605,82.58101969535394,81.29279419469943,0.4622967159863265,0.0016583339739558469
2014-07-01,-0.229582,0.207722,-0.393572,1.038332,1.038324,-0.970807,-0.935825,-1.27692,-1.589045,-1.685799,-1.707664,1.0,82.610138,81.29742575,0.7348674874955115,79.82769077500897,82.76716072499103,81.41825550948995,0.5142522856205005,0.010329703467480255
2014-07-02,-0.3279,0.043722,-0.502786,0.021862,0.021861,-0.741059,-0.838338,-1.15422,-1.443869,-1.637333,-1.641341,0.0,82.628197,81.43515425000001,0.7117414042688505,80.01167144146231,82.85863705853771,81.53348803239568,0.5505383953268108,0.00021858123990298563
2014-07-03,-0.404683,0.032811,-0.524995,-0.065579,-0.065576,-0.404681,-0.709833,-0.933319,-1.23045,-1.517227,-1.506071,0.0,82.574013,81.55798139999999,0.6837942903454729,80.19039281930904,82.92556998069094,81.63258564835799,0.568371371360783,-0.000655971877651682
2014-07-07,0.143977,0.287963,-0.099683,-1.246854,-1.246856,0.832872,0.467383,0.38764,0.087496,-0.263595,-0.251044,-1.0,81.544434,81.6157825,0.6261574379994436,80.3634676240011,82.86809737599889,81.62419025327628,0.49373425148586136,-0.012546944303265048
2014-07-08,0.983026,1.016536,-0.145217,-0.852812,-0.852801,1.474525,1.22542,1.186321,0.971286,0.622871,0.581241,-1.0,80.849022,81.63429715,0.5954902784695925,80.44331659306081,82.82527770693918,81.55036470534522,0.3741568128205017,-0.008564584656945085
2014-07-09,-0.899298,0.044411,-0.910403,0.614391,0.61437,0.544031,0.556246,0.584001,0.3292,0.061297,-0.040698,1.0,81.345734,81.61352425,0.5980715009347816,80.41738124813044,82.80966725186956,81.53087606674092,0.31583063936106726,0.006124902741263305
2014-07-10,-0.812823,0.066813,-0.812823,-0.288667,-0.288657,0.460975,0.788335,0.831388,0.636347,0.411985,0.245707,0.0,81.110924,81.627071,0.5824937688383013,80.46208346232339,82.79205853767661,81.49088063181321,0.24780300329614136,-0.002890742262021105
2014-07-11,-0.726088,0.223418,-0.815456,-0.322905,-0.322894,0.359689,1.039985,1.058975,0.975195,0.773452,0.546612,0.0,80.849022,81.6374573,0.5655984820568715,80.50626033588625,82.76865426411374,81.4297512383072,0.1707885647461893,-0.003234160479242159
2014-07-14,-0.022157,0.199446,-0.155124,0.815464,0.815453,-0.460942,0.208311,0.187628,0.208865,0.013297,-0.259649,1.0,81.508308,81.67854994999999,0.5209623314294868,80.63662528714102,82.72047461285896,81.4372328346589,0.1610959241187686,0.00812146422673328
2014-07-15,0.49922,0.676726,-0.210785,-0.121885,-0.12188,-0.201913,0.287327,0.285479,0.31728,0.181049,-0.091343,0.0,81.408966,81.66726075,0.5243964658410589,80.61846781831788,82.71605368168211,81.43454075516757,0.14374140597341523,-0.0012195393388721725
2014-07-16,0.444248,0.444248,-0.066635,-0.110936,-0.110932,-0.097741,0.239884,0.360572,0.438685,0.270538,0.062556,0.0,81.318657,81.67538950000001,0.517267147861392,80.64085520427723,82.70992379572279,81.42350420705638,0.1213023458199558,-0.001109940741548134
2014-07-17,-0.158138,0.700331,-0.451827,-1.677035,-1.677049,1.317078,1.61528,1.936075,2.046207,1.936527,1.772665,-1.0,79.954903,81.59094585,0.6448255792591064,80.30129469148179,82.88059700851821,81.28363742543196,-0.006449970207057731,-0.01691271039305794
2014-07-18,-0.258955,0.213918,-0.529162,0.327574,0.32759,0.828636,0.989634,1.500404,1.59873,1.582517,1.444486,0.0,80.216827,81.49927749999999,0.7037281378667396,80.09182122426651,82.90673377573347,81.18203643253368,-0.08557308994095081,0.003270542604133076
2014-07-21,-0.15803,0.383795,-0.237046,-0.258955,-0.258964,0.715663,1.059944,1.629233,1.727627,1.812399,1.69207,0.0,80.009094,81.39135245,0.759171113191992,79.87301022361602,82.90969467638398,81.07032762943524,-0.1631602397046521,-0.0025930026190188844
2014-07-22,-0.280081,0.168051,-0.369709,0.7563,0.756293,-0.237503,0.272243,0.771533,0.896264,0.99754,0.934354,1.0,80.614197,81.33671265000001,0.7744303945745756,79.78785186085086,82.88557343914916,81.02688661710808,-0.1738181919160553,0.00753447222733835
2014-07-23,-0.011228,0.202202,-0.381933,-0.268883,-0.268874,-0.197709,0.424626,0.859733,1.083466,1.232084,1.149931,0.0,80.397446,81.26852534999999,0.7948569963530887,79.67881135729381,82.85823934270617,80.96693989166921,-0.1974782833418942,-0.00269236592949566
2014-07-24,0.089759,0.246832,-0.19073,0.123568,0.123574,-0.186248,0.224389,0.558731,0.89083,1.050147,1.010879,0.0,80.496796,81.21388555000001,0.8090581753009883,79.59576919939803,82.832001900602,80.92216428293882,-0.20583957111607276,0.0012349728789802145
2014-07-25,0.407186,0.407186,-0.226224,-0.807801,-0.807801,0.533865,0.915045,1.149934,1.611797,1.762685,1.800313,-1.0,79.846542,81.13350645,0.86205462538903,79.40939719922194,82.85761570077806,80.81972406551608,-0.2619168014677342,-0.008110814866033695
2014-07-28,0.444351,0.444351,-0.307619,-0.723908,-0.723911,1.080097,1.36835,1.6961,2.204056,2.358437,2.483005,-1.0,79.268524,81.0156468,0.9480643920295225,79.11951801594095,82.91177558405904,80.67199072594312,-0.34897684460402445,-0.00726544075509383
2014-07-29,0.351432,0.408118,-0.102025,0.501313,0.501315,0.337829,0.643915,1.089819,1.562743,1.745376,1.889426,0.0,79.665909,80.91088264999999,0.9766791122621113,78.95752442547577,82.86424087452421,80.57617341871044,-0.38150910809137883,0.005000625988861602
2014-07-30,0.14699,0.214829,-0.497515,0.260745,0.260736,-0.05427,0.201267,0.704057,1.127318,1.386251,1.570933,0.0,79.873627,80.7740571,0.9158874211027291,78.94228225779453,82.60583194220546,80.5092642359761,-0.3860795697057995,0.0026039704336625557
2014-07-31,0.977685,1.219229,0.0,-1.696065,-1.696072,1.16633,1.74719,2.221464,2.610428,2.979073,3.190713,-1.0,78.518913,80.5685929,0.9386909975265251,78.69121090494694,82.44597489505306,80.31970697540694,-0.49332900180020545,-0.017106197485875413
2014-08-01,-0.932113,0.529343,-0.932113,-0.046009,-0.045998,0.865359,1.573069,2.067507,2.397004,2.875025,3.086686,0.0,78.482796,80.36403205,0.9243379164347632,78.51535621713047,82.21270788286954,80.14476307298725,-0.5746154799163463,-0.0004600841719130471
2014-08-04,0.29875,0.29875,-0.586007,0.149594,0.149588,0.544644,1.242106,1.668396,2.056767,2.567396,2.781422,0.0,78.600197,80.2168202,0.9602069359163682,78.29640632816727,82.13723407183274,79.99766154222655,-0.6223878205495907,0.0014947642595438946
2014-08-05,0.913718,0.959984,-0.127228,-0.654947,-0.654942,0.802682,1.585706,2.054901,2.552626,3.055286,3.304419,-1.0,78.085411,80.07863965,1.0582830834549415,77.96207348309012,82.19520581690988,79.81554244296689,-0.6937891037175348,-0.006570965372476728
2014-08-06,-0.986763,0.185749,-0.986763,-0.370113,-0.370109,0.643134,1.628742,2.132184,2.705476,3.190616,3.5183,0.0,77.79641,79.90117345,1.1297987163649765,77.64157601727005,82.16077088272995,79.62324411506528,-0.7648780622825484,-0.003707954260054537
2014-08-07,0.316712,0.492666,-0.105567,-1.033201,-1.033203,1.297359,2.234603,2.941934,3.510263,3.97513,4.399998,-1.0,76.992615,79.695258,1.264924588211228,77.16540882357754,82.22510717642245,79.37270800886859,-0.8759783795368179,-0.010385777997607868
2014-08-08,-0.808429,0.199179,-1.089631,0.1173,0.117306,0.815461,1.756292,2.550277,3.144693,3.56836,4.088648,0.0,77.082932,79.5069535,1.3608154314608973,76.7853226370782,82.2285843629218,79.15463410326205,-0.9458353531173742,0.0011723730611807475
2014-08-11,0.548811,0.618869,-0.058387,0.339779,0.339776,0.149462,1.163005,1.973374,2.52627,3.000463,3.551685,0.0,77.344841,79.29878015,1.356992454048001,76.584795241904,82.012765058096,78.98227285533234,-0.9688948241207385,0.003391996737778746
2014-08-12,-0.55684,0.162412,-0.638045,0.653898,0.653894,-0.56148,0.272624,1.074249,1.631674,2.177265,2.711526,1.0,77.850594,79.12086155,1.2977389269014876,76.52538369619703,81.71633940380298,78.87449391672926,-0.9355748561134618,0.006517650346538766
2014-08-13,-0.28845,0.196144,-0.588432,0.545245,0.545244,-0.978421,-0.475365,0.345374,0.886121,1.466253,1.969926,0.0,78.27507,78.9686822,1.2013213676744932,76.56603946465101,81.371324935349,78.81740592465981,-0.8649463130181374,0.00543763318634423
2014-08-14,-0.183188,0.068704,-0.423626,0.773045,0.773037,-1.259435,-1.193027,-0.561014,0.044093,0.574778,1.029323,1.0,78.880165,78.9149453,1.1787088895572824,76.55752752088543,81.27236307911457,78.82338297945411,-0.7514839352309934,0.007700640582135913
2014-08-15,0.920284,1.069827,-0.770733,-0.469425,-0.469427,-0.430226,-0.723563,-0.205521,0.407233,0.929953,1.333266,0.0,78.50988,78.82959795000001,1.1406654755133636,76.54826699897328,81.11092890102674,78.79352555283943,-0.6835633949677771,-0.004705325335897231
2014-08-18,-0.308568,0.137146,-0.308568,0.6557,0.655715,-0.653724,-1.316577,-0.876197,-0.309149,0.146737,0.566851,1.0,79.024681,78.78037730000001,1.107857815079875,76.56466166984026,80.99609293015976,78.81554035733092,-0.5814926537932621,0.00653574465500128
2014-08-19,-0.451308,0.146683,-0.643122,1.291425,1.291417,-1.371994,-2.329906,-2.108386,-1.6157,-1.198234,-0.7488,1.0,80.045219,78.7519284,1.0647552935067943,76.62241781298641,80.88143898701358,78.93265260901369,-0.41348556422583727,0.012831491091050737
2014-08-20,-0.169301,0.395033,-0.293456,-0.033847,-0.033846,-0.902936,-2.019186,-2.063204,-1.606092,-1.229794,-0.770501,0.0,80.018127,78.73296245,1.036916213523952,76.6591300229521,80.8067948770479,79.03603112244095,-0.27930517708070113,-0.00033851598052571917
2014-08-21,0.033734,0.449692,-0.056206,0.395033,0.395028,-0.930855,-1.988751,-2.297913,-2.003365,-1.599542,-1.193171,0.0,80.334221,78.7248337,1.0229037116752062,76.6790262766496,80.77064112335042,79.15966825363705,-0.14577965237063495,0.003942498047216615
2014-08-22,0.326027,0.438447,-0.134902,0.0,0.0,-0.476668,-1.584031,-2.144269,-1.973011,-1.593697,-1.214532,0.0,80.334221,78.74921764999999,1.0563171995336034,76.63658325093279,80.8618520490672,79.27153041995733,-0.03950433070467341,0.0
2014-08-25,-0.314217,0.415219,-0.314217,0.179881,0.179883,-0.294023,-1.371342,-2.164366,-2.073841,-1.747054,-1.434555,0.0,80.478729,78.80972790000001,1.1203527431386384,76.56902241372273,81.05043338627729,79.38650171329472,0.05573770570832437,0.0017972189291558245
2014-08-26,-0.245236,0.267526,-0.312116,0.673323,0.673318,-0.720096,-1.639725,-2.577187,-2.645184,-2.384119,-2.109754,1.0,81.020607,78.8774628,1.2120403653467267,76.45338206930656,81.30154353069345,79.54213078821904,0.17294908232011608,0.006710616240585734
2014-08-27,0.277778,0.31111,-0.222219,0.323265,0.323272,-0.728894,-1.586671,-2.605188,-2.872224,-2.655112,-2.426668,0.0,81.282524,78.94790765,1.3099723143301878,76.32796302133963,81.56785227866038,79.70788252267437,0.2837040915479321,0.0032275067738695836
2014-08-28,-0.490362,0.156024,-0.590668,-0.299997,-0.299994,-0.256333,-1.024192,-1.979279,-2.424503,-2.335457,-2.088494,0.0,81.038681,79.07389605,1.385533472682916,76.30282910463417,81.84496299536583,79.83462523480063,0.34779300086833587,-0.0030044526027944098
2014-08-29,-0.055649,0.166966,-0.367313,0.122582,0.122586,-0.180323,-0.821464,-1.766107,-2.380346,-2.391365,-2.170528,0.0,81.138023,79.2066574,1.451552097621914,76.30355320475617,82.10976159524382,79.9587583552958,0.4019663742576114,0.001225108292065526
2014-09-02,-0.811015,0.010673,-0.896378,4.307662,4.307647,-3.320877,-4.254611,-5.248812,-6.055377,-6.168812,-6.028521,1.0,84.633163,79.5083057,1.8819419033248197,75.74442189335035,83.27218950664964,80.40393975002954,0.7186436739300177,0.04217449525020055
2014-09-03,0.435202,0.477662,-0.063684,0.533561,0.53357,-2.878676,-4.170473,-5.184874,-6.142662,-6.41206,-6.352122,0.0,85.08474,79.85827214999999,2.2232605391598814,75.41175107168023,84.30479322831975,80.84973025002672,0.9945862343693364,0.00532151361385886
2014-09-04,0.5143,0.600018,-0.375012,-0.93408,-0.934083,-1.249331,-2.760102,-3.81514,-4.872498,-5.320049,-5.315191,-1.0,84.289978,80.18295055,2.375259332340204,75.43243188531959,84.93346921468041,81.17737289288132,1.1360464143788107,-0.009384728045290421
2014-09-05,-0.450305,0.160824,-0.578958,-0.064293,-0.064292,-0.426717,-2.234372,-3.329401,-4.381365,-4.987668,-5.10632,0.0,84.235786,80.5451091,2.4150769735792035,75.7149551528416,85.37526304715841,81.46865033165453,1.2296076333106924,-0.0006431301728784149
2014-09-08,-0.021438,0.343052,-0.225128,0.010724,0.010725,0.30017,-1.780661,-2.885936,-3.966554,-4.724272,-4.942468,0.0,84.24482,80.9032035,2.4056501196309252,76.09190326073815,85.71450373926186,81.73304744292552,1.28961862098312,0.00010724082994632873
2014-09-09,0.053283,0.447616,-0.138554,0.589626,0.589632,-0.262184,-1.85336,-3.005445,-4.093051,-4.992868,-5.284388,1.0,84.741554,81.27303915,2.3983691847713158,76.47630078045736,86.06977751954264,82.01957187693262,1.3615647723392073,0.005878999814533267
2014-09-10,-0.425488,0.09573,-0.499948,0.191836,0.19183,-0.495693,-1.583876,-2.809634,-3.861296,-4.853529,-5.260082,0.0,84.904114,81.62571514999999,2.387194860354732,76.85132542929053,86.40010487070946,82.2942901743676,1.4153841812667594,0.0019164656742635415
2014-09-11,-0.233152,0.095375,-0.392118,0.3723,0.372294,-0.646456,-1.486854,-2.763174,-3.810405,-4.857988,-5.402357,0.0,85.220207,81.972972,2.3792644713267483,77.2144430573465,86.7315009426535,82.57294891966593,1.4666360465944166,0.0037160279245475342
2014-09-12,0.01066,0.117322,-0.405295,-0.635862,-0.635864,0.093863,-0.426616,-1.798915,-2.852492,-3.886088,-4.554532,-1.0,84.678322,82.26287985,2.3354208605196503,77.59203812896071,86.9337215710393,82.7734606416025,1.4468495473885241,-0.006378946782805057
2014-09-15,-0.573371,0.222976,-0.668929,0.44795,0.447961,-0.161395,-0.409857,-1.866642,-2.900832,-3.939694,-4.722521,0.0,85.057648,82.59026825,2.238557796631344,78.1131526567373,87.06738384326269,82.9910022947832,1.4451186144222135,0.004469608080070258
2014-09-16,-0.466195,0.233101,-0.720492,0.212356,0.212357,-0.256412,-0.549905,-1.702339,-2.742109,-3.772836,-4.664832,0.0,85.238274,82.90094789999999,2.1469655977989204,78.60701670440216,87.19487909559783,83.20502817147052,1.4417027938426372,0.002121319942525875
2014-09-17,0.348397,0.823479,-0.116132,0.36025,0.360245,-0.464529,-0.853041,-1.702562,-2.769744,-3.758448,-4.716358,0.0,85.545341,83.175954,2.1139240700002047,78.9481058599996,87.40380214000041,83.42791510752095,1.4470922928889394,0.00359598115887464
2014-09-18,-0.654012,0.0,-0.685655,0.084462,0.084459,-0.455697,-0.781646,-1.447961,-2.52479,-3.496626,-4.492266,0.0,85.617592,83.45592725,2.043305485669867,79.36931627866026,87.54253822133974,83.63645576394752,1.4405873671515366,0.0008442365765178277
2014-09-19,-0.063904,0.287536,-0.276893,-0.949368,-0.94937,0.528225,0.236425,-0.20731,-1.326941,-2.292224,-3.269789,-1.0,84.804764,83.6794544,1.924931602048327,79.82959119590335,87.52931760409665,83.74772321500014,1.3542329852529917,-0.009539055586129185
2014-09-22,0.372109,0.425262,-0.520942,0.17039,0.170383,0.331714,0.148854,-0.077952,-1.223143,-2.155208,-3.125653,0.0,84.949257,83.9102062,1.7734705205383003,80.3632651589234,87.45714724107661,83.86215500404775,1.2826700708281606,0.0017023812931804745
2014-09-23,0.010699,0.428213,-0.053531,-0.691042,-0.691025,0.822171,0.800761,0.59593,-0.305652,-1.221293,-2.174296,-1.0,84.362236,84.10438155,1.5800394713951345,80.94430260720974,87.26446049279026,83.909781765567,1.1651570515970064,-0.006934241046194574
2014-09-24,-0.13899,0.138998,-0.545282,0.128461,0.128456,0.438361,0.620122,0.418405,-0.229337,-1.138458,-2.038562,0.0,84.470604,84.27688140000001,1.4041910826413837,81.46849923471724,87.08526356528277,83.96319340694157,1.0684550444888856,0.001283731469330708
2014-09-25,0.591656,0.731497,-0.032271,-0.60943,-0.609426,0.658344,1.086485,1.007599,0.541628,-0.344668,-1.212354,-1.0,83.955818,84.4105461,1.2192076754616075,81.9721307490768,86.84896145092321,83.96249098723285,0.939449687985487,-0.006112907902624638
2014-09-26,0.021461,0.354155,-0.515135,0.236662,0.236654,0.266154,0.78558,0.762685,0.489379,-0.398366,-1.236672,0.0,84.154503,84.56633719999999,0.9305783782104012,82.7051804435792,86.42749395642079,83.98077784559163,0.8435206515456599,0.0023637465127361343
2014-09-29,-0.042754,0.320653,-0.245827,0.407811,0.407813,-0.247965,0.309964,0.373382,0.280037,-0.605812,-1.401594,0.0,84.497696,84.73432085,0.46682293887462,83.80067497225076,85.66796672774925,84.03000814601148,0.7861270229783202,0.004069836927633244
2014-09-30,-0.095608,0.541806,-0.148729,0.609234,0.609239,-0.699035,-0.324022,-0.213182,-0.304899,-0.994371,-1.763875,1.0,85.012489,84.75328715,0.47019031238062803,83.81290652523874,85.69366777476127,84.12357775115325,0.7732679006195582,0.00607390738980513
2014-10-01,1.373095,1.383824,-0.182362,-0.966744,-0.966744,0.203814,0.488087,0.704421,0.615206,0.122715,-0.640784,-1.0,84.190636,84.70858195000001,0.47943189483725296,83.7497181603255,85.66744573967452,84.12996425104342,0.6888199967701496,-0.00971447144660295
2014-10-02,0.98882,0.98882,-0.440675,-0.193092,-0.193103,0.41488,0.493342,0.804678,0.794288,0.447126,-0.289476,0.0,84.028061,84.69548610000001,0.4947989152780499,83.70588826944392,85.6850839305561,84.12025917951547,0.6018383627368991,-0.0019329010807456492
2014-10-03,-0.443871,0.303128,-0.508824,-0.720118,-0.720111,0.967843,1.056616,1.435528,1.476667,1.290026,0.557176,-1.0,83.422966,84.6548451,0.5631977669845016,83.528449566031,85.781240633969,84.0538503052759,0.47856211541471794,-0.007227159422153048
2014-10-06,-0.216003,0.194407,-0.475207,0.238165,0.238166,0.518418,0.657742,1.080033,1.198297,1.168164,0.449296,0.0,83.621651,84.62368665,0.6029137694958809,83.41785911100824,85.82951418899175,84.0126884666782,0.3923739773085657,0.002378826654360114
2014-10-07,0.813547,0.980718,-0.055726,-3.088879,-3.088877,2.741553,3.455917,3.956307,4.195357,4.215306,3.673978,-1.0,81.038681,84.43854300000001,1.0015620597513986,82.43541888049721,86.44166711950281,83.7294496603279,0.11432727107373353,-0.03137588591902626
2014-10-08,-1.994276,0.077126,-2.016309,1.147887,1.147883,1.033494,1.976641,2.485675,2.833846,2.880563,2.535992,1.0,81.96891,84.2917828,1.1358040116263248,82.02017477674734,86.56339082325265,83.56177921648714,-0.03061216282620194,0.011413445133798286
2014-10-09,1.471411,1.718521,-0.168485,-1.906129,-1.906126,2.095924,3.516791,4.045078,4.532741,4.68651,4.492118,-1.0,80.406479,84.0510964,1.4064883400633954,81.23811971987321,86.8640730801268,83.26127443396456,-0.26845821317142793,-0.0192452715133701
2014-10-10,0.832473,1.140381,0.0,-1.505107,-1.505109,2.588663,4.472572,5.162882,5.784009,6.0317,6.011325,-1.0,79.196274,83.776994,1.7660426416810775,80.24490871663785,87.30907928336215,82.87413153549176,-0.5482860507561895,-0.015165505256109865
2014-10-13,1.431025,1.659994,-0.091587,-0.387734,-0.38773,1.788209,4.168288,5.060102,5.804807,6.172866,6.328943,0.0,78.889206,83.4685719,2.046912163059538,79.37474757388092,87.56239622611908,82.49461481782588,-0.7857715639550094,-0.003884839849790094
2014-10-14,0.575573,1.116603,-0.08058,-0.549508,-0.549507,1.692179,3.908132,5.138706,5.95717,6.439039,6.653996,-1.0,78.455704,83.1294434,2.28615944247806,78.55712451504388,87.70176228495612,82.10995664469961,-0.9974624069004534,-0.005510227141806507
2014-10-15,0.197168,0.382744,-1.774529,-0.748247,-0.748249,1.405706,3.879609,5.366116,6.263045,6.880071,7.149151,-1.0,77.86866,82.74560935,2.4941688220141396,77.75727170597172,87.73394699402827,81.7060236309187,-1.198779683773381,-0.007510623994192107
2014-10-16,-0.882145,0.717478,-0.999764,-1.391793,-1.391803,1.893684,4.402506,6.230703,7.187732,7.9492,8.335698,-1.0,76.784882,82.30397385,2.729737138331812,76.84449957333638,87.76344812666363,81.2373434755931,-1.4293008131322722,-0.014015789455380108
2014-10-17,-0.161606,0.704145,-0.669507,1.893672,1.893674,-0.244711,1.799617,3.752367,4.776069,5.61377,6.066808,1.0,78.238937,81.97568249999999,2.8068797159010104,76.36192306819797,87.58944193180201,80.95178095410805,-1.4776272157566694,0.01875966741545409
2014-10-20,-1.501706,0.102385,-1.6041,1.466011,1.466017,-1.560868,-0.20478,1.824041,2.91183,3.802045,4.330297,1.0,79.385933,81.69751629999999,2.7721360709411185,76.15324415811776,87.24178844188222,80.80265257752633,-1.4071524689152994,0.01455374707699721
2014-10-21,-1.128541,0.078997,-1.263969,0.807735,0.807735,-1.956894,-1.130799,0.592859,1.816385,2.709851,3.297971,1.0,80.027161,81.48076255,2.7218389826919775,76.03708458461604,86.92444051538395,80.72879623680954,-1.2847491946787244,0.008044903242109302
2014-10-22,0.487528,0.997738,-0.011332,-0.462706,-0.462709,-1.052153,-0.961446,0.681034,1.987535,2.891616,3.558585,0.0,79.656868,81.24007574999999,2.655565934586887,75.92894388082621,86.55120761917377,80.62670783330387,-1.203747219767692,-0.004637829669658768
2014-10-23,-0.100847,0.369792,-0.414607,1.179139,1.179145,-1.259528,-2.092112,-0.776184,0.590542,1.443298,2.160465,1.0,80.596138,81.07209175,2.57991845646481,75.91225483707038,86.23192866292962,80.62379642060826,-1.0516386956092703,0.011722472848941899
2014-10-24,-0.377154,0.133106,-0.510261,1.019727,1.019728,-1.475324,-2.807549,-1.941954,-0.592906,0.252906,0.995742,1.0,81.417999,80.93526655000001,2.47840754902823,75.97845145194356,85.89208164805646,80.6994347615027,-0.8549193026577058,0.010145633769807042
2014-10-27,-0.365815,0.443412,-0.432323,0.066552,0.06655,-1.028711,-2.55515,-2.183054,-0.844696,0.015519,0.781879,0.0,81.472183,80.78399089999999,2.3378720063667933,76.1082468872664,85.45973491273358,80.77302983183579,-0.6867293816539615,0.0006652826012373112
2014-10-28,0.346508,0.389822,-0.487272,2.372241,2.372242,-2.512181,-4.219817,-4.260602,-3.238765,-2.348023,-1.626782,1.0,83.4049,80.70361145,2.2089175254912963,76.28577639901741,85.12144650098259,81.02368413356571,-0.39295382096267417,0.02344541153353106
2014-10-29,0.416169,0.821378,-0.361401,-1.126151,-1.126157,-0.720615,-2.571455,-3.129991,-2.24126,-1.333035,-0.630812,-1.0,82.46563,80.61736115,2.096407992222945,76.42454516555411,84.81017713444588,81.16101231132136,-0.23323719852973568,-0.011325460160798408
2014-10-30,-1.348557,0.30452,-2.120715,0.700908,0.70092,-0.822189,-2.495926,-3.592536,-2.980972,-2.063734,-1.425779,1.0,83.043648,80.5681405,2.0223637016233833,76.52341309675323,84.61286790324677,81.34031094833837,-0.05933542085686838,0.006984748612879758
2014-10-31,-0.291298,0.258925,-0.485494,0.804791,0.80478,-1.065919,-2.620562,-4.002589,-3.738267,-2.866759,-2.256266,1.0,83.711967,80.58259055,2.0447440225713596,76.49310250485729,84.67207859514272,81.56618295325853,0.1309017943666646,0.008015593097390857
2014-11-03,0.032722,0.163578,-0.567063,-1.068082,-1.06808,0.327157,-1.154849,-2.649942,-2.747542,-1.899232,-1.2868,-1.0,82.817856,80.5424008,1.9890066699908395,76.56438746001831,84.52041413998168,81.68538991009106,0.2071311932527209,-0.010738251870345987
2014-11-04,0.15229,0.315459,-0.663548,0.250821,0.250822,-0.01523,-1.041009,-2.52656,-2.871206,-2.240399,-1.587439,0.0,83.025581,80.6417458,2.0633302720596,76.51508525588079,84.7684063441192,81.81302715674906,0.2810652671007432,0.0025050748149867885
2014-11-05,0.291488,0.323872,-0.313075,0.761446,0.761446,-0.485801,-1.310587,-2.801826,-3.504261,-3.004639,-2.363522,1.0,83.657776,80.72618910000001,2.1531099216030727,76.41996925679386,85.03240894320616,81.98871752277296,0.38621931051899594,0.007585616738633538
2014-11-06,0.119526,0.619362,-0.108659,-0.647736,-0.64774,0.180379,-0.364007,-1.660324,-2.712154,-2.416163,-1.760653,-1.0,83.115891,80.86165969999999,2.216245988023098,76.4291677239538,85.29415167604618,82.09606737774696,0.42097630396042973,-0.006498470852569929
2014-11-07,-0.087186,0.119879,-0.621186,-0.293379,-0.293369,0.27244,0.104612,-0.998265,-2.204128,-2.155632,-1.523185,0.0,82.872055,81.04544875,2.223271543228241,76.59890566354352,85.49199183645649,82.16997096081869,0.4239588110275321,-0.002937998586909451
2014-11-10,-0.345459,0.010798,-0.798875,0.94812,0.948113,-0.468528,-0.574326,-1.587676,-2.837631,-3.072867,-2.481554,1.0,83.657776,81.28387725,2.2355230003356206,76.81283124932877,85.75492325067124,82.31166667883595,0.48414269193733617,0.009436469439479341
2014-11-11,-0.269484,0.043118,-0.711433,0.151139,0.151142,-0.437642,-0.679099,-1.437246,-2.666272,-3.088067,-2.677589,0.0,83.784218,81.55030295,2.1979318685533715,77.15443921289327,85.94616668710674,82.45190966180395,0.5358645508616746,0.001510278527068882
2014-11-12,-0.032384,0.507223,-0.19426,-0.118565,-0.11857,-0.312974,-0.4155,-0.999355,-2.203219,-2.891002,-2.582202,0.0,83.684875,81.84111370000001,2.0659860734270254,77.70914155314595,85.97308584685406,82.56933493210833,0.562355858556117,-0.0011864041283432551
2014-11-13,-0.752277,0.233101,-0.773464,1.856241,1.856248,-1.631702,-1.972878,-2.440491,-3.489619,-4.433992,-4.310237,1.0,85.238274,82.2637833,1.8281411027659418,78.60750109446812,85.92006550553188,82.82351960524088,0.7006204117804771,0.018392302047997085
2014-11-14,-0.180945,0.212885,-0.553483,-0.455605,-0.455616,-0.715267,-1.390094,-1.724314,-2.658321,-3.730061,-3.816206,0.0,84.849915,82.59433220000001,1.6512090604689649,79.29191407906208,85.89675032093794,83.01650964283698,0.7699828576197092,-0.004566568403974613
2014-11-17,-0.296672,0.392035,-0.360242,0.45769,0.457701,-0.796782,-1.555417,-1.877519,-2.758532,-3.870738,-4.191215,0.0,85.238274,82.88694925000001,1.5692345422351406,79.74848016552973,86.0254183344703,83.22810624828107,0.8465321259254495,0.00456656840397466
2014-11-18,-0.533587,0.230175,-0.63821,1.271461,1.271451,-1.454278,-2.409498,-2.884144,-3.614771,-4.713118,-5.190065,1.0,86.322037,83.20169305,1.5965029174801326,80.00868721503974,86.39469888496026,83.52276631987334,0.9833135626216603,0.012634360594672805
2014-11-19,-0.156692,0.302929,-0.553647,0.156938,0.156941,-0.967307,-2.23859,-2.72851,-3.372508,-4.465061,-5.165572,0.0,86.457512,83.54172525,1.524359126844093,80.4930069963118,86.59044350368819,83.80226590845683,1.0900797758437903,0.0015681836021385136
2014-11-20,0.12596,0.356885,-0.209927,-0.480524,-0.480526,-0.302295,-1.426467,-2.026516,-2.589477,-3.573418,-4.489341,0.0,86.042061,83.8140214,1.4553356450179216,80.90335010996415,86.72469269003585,84.01557972669903,1.1281645665352897,-0.004816844425160969
2014-11-21,-0.126344,0.094754,-0.379027,-0.304392,-0.304388,0.21899,-0.786486,-1.56665,-2.037802,-2.927357,-3.941886,0.0,85.780159,84.0321294,1.4032928696291393,81.22554366074172,86.83871513925828,84.18363489558483,1.1242540342675653,-0.0030485254215935316
2014-11-24,0.073862,0.358768,-0.211034,-0.221105,-0.221116,0.523383,-0.340814,-1.132555,-1.580129,-2.422273,-3.468033,0.0,85.590485,84.2380445,1.3067136906660304,81.62461711866794,86.85147188133206,84.31762061981485,1.0932475256900602,-0.002213612238645187
2014-11-25,-0.326176,0.063128,-0.462966,0.284905,0.284922,0.124149,-0.38511,-1.195295,-1.718233,-2.428881,-3.455747,0.0,85.834351,84.35951705,1.3377409432578395,81.68403516348431,87.03499893651568,84.46207113221344,1.0759497138337366,0.0028451672487812335
2014-11-26,-0.481373,0.188363,-0.512765,0.547135,0.547132,-0.456261,-0.623695,-1.528536,-2.030664,-2.651739,-3.655298,0.0,86.303978,84.55143445,1.3270255669920699,81.89738331601586,87.20548558398414,84.63749083390739,1.0875988844439206,0.005456404368345593
2014-11-28,-0.144853,0.331091,-0.227628,1.140649,1.140652,-1.293334,-1.50958,-2.320409,-2.892404,-3.442947,-4.340757,1.0,87.288406,84.76367235000001,1.41003238141877,81.94360758716246,87.58373711283755,84.88995894496382,1.1628613071790426,0.011341955566920746
2014-12-01,0.477227,0.529104,-0.165988,-0.269015,-0.269013,-0.734521,-0.990773,-1.736702,-2.438539,-2.923548,-3.745209,0.0,87.053589,84.93075345,1.4753223957659898,81.98010865846801,87.88139824153198,85.09601895020536,1.1898437716332921,-0.002693753068409785
2014-12-02,-0.906441,0.125021,-1.125235,-0.425351,-0.425362,-0.058341,-0.401125,-1.084254,-1.798813,-2.26839,-3.053415,0.0,86.683296,85.12402545,1.4366433043216071,82.25073884135679,87.99731205864322,85.24718819304294,1.1678853631956514,-0.00426269367845923
2014-12-03,-0.114992,0.188158,-0.648132,-0.333402,-0.333399,0.405603,-0.059589,-0.551959,-1.275355,-1.803057,-2.483453,0.0,86.394295,85.29246115,1.373770064504059,82.54492102099188,88.04000127900811,85.35643646037218,1.1143180362066687,-0.003339557327137794
2014-12-04,0.020888,0.448992,-0.396782,0.114983,0.114987,0.334137,-0.170199,-0.449689,-1.22481,-1.729561,-2.331977,0.0,86.493637,85.4342542,1.3421538486377507,82.7499465027245,88.1185618972755,85.46474127367007,1.0675752696346024,0.0011492070011367495
2014-12-05,-0.448711,0.229574,-0.563499,0.062655,0.062645,0.100183,-0.174261,-0.411141,-1.088381,-1.629131,-2.163898,0.0,86.547821,85.60585069999999,1.2460987126048328,83.11365327479032,88.09804812520966,85.56789172379672,1.0231097144042423,0.0006262545680919069
2014-12-08,-0.083528,0.271486,-0.187951,-0.062616,-0.062606,0.033413,-0.029236,-0.22206,-0.817063,-1.438865,-1.907001,0.0,86.493637,85.7869298,1.0799905166627168,83.62694876667456,87.94691083332543,85.65605794057798,0.9722902883473665,-0.0006262545680918089
2014-12-09,0.710204,0.879799,-0.699593,-1.493162,-1.493161,1.202035,1.440536,1.287541,0.776976,0.167054,-0.274187,-1.0,85.202148,85.8641484,0.9692816225210711,83.92558515495786,87.80271164504215,85.6128284224277,0.8183695039626429,-0.015044205753394645
2014-12-10,0.817067,0.838286,-0.191002,-0.105997,-0.106002,1.008065,1.463289,1.300229,0.961908,0.371394,-0.101513,0.0,85.111832,85.9305291,0.8584677893475984,84.2135935213048,87.6474646786952,85.56511447743459,0.6812454534736077,-0.001060582442684679
2014-12-11,-0.074199,0.752604,-0.180197,0.10611,0.106115,0.597836,1.226416,1.094622,0.943925,0.337502,-0.100347,0.0,85.202148,86.00639275,0.7024334688017354,84.60152581239653,87.41125968760348,85.53054624148844,0.5732532947887705,0.0010605824426845867
2014-12-12,1.251075,1.336613,0.0,-0.869196,-0.869192,0.985881,1.779294,1.856283,1.783036,1.281004,0.831545,-1.0,84.461578,85.96755795,0.7657513045389507,84.4360553409221,87.4990605590779,85.42873974229907,0.4230344434569133,-0.00872991205338567
2014-12-15,1.59319,1.887826,-0.098206,-2.010263,-2.01027,2.156264,3.348975,3.702896,3.74509,3.353557,2.861923,-1.0,82.763672,85.86324579999999,1.0244193495734386,83.81440710085312,87.91208449914686,85.17492376684203,0.16507521300081862,-0.020307511578123192
2014-12-16,-0.501909,1.287507,-0.589199,0.010916,0.010914,1.558101,2.865247,3.46463,3.584832,3.299507,2.848879,0.0,82.772705,85.73996735,1.2310920747302676,83.27778320053946,88.20215149946054,84.94614102714279,-0.03819021499755593,0.00010913613276640225
2014-12-17,-0.650124,0.42258,-0.877666,0.698308,0.698311,0.431247,1.786755,2.548486,2.688262,2.562354,2.148657,1.0,83.350716,85.5914013,1.332280311594471,82.92684067681105,88.25596192318895,84.79419578646252,-0.15089939972565958,0.006958842155515936
2014-12-18,-0.930526,0.0,-1.205456,2.470472,2.470465,-1.941413,-0.794116,0.00635,0.151216,0.17046,-0.245669,1.0,85.409866,85.53901900000001,1.316941731477029,82.90513553704595,88.17290246295407,84.85283104489467,-0.07322198719381845,0.024404421612035817
2014-12-19,-0.211391,0.412218,-0.644753,0.042298,0.042297,-1.752454,-0.96501,-0.179681,0.073992,0.137833,-0.196945,0.0,85.445992,85.50921555,1.3116926151137587,82.88583031977248,88.1326007802275,84.9093225644285,-0.008647330797714403,0.0004228827850711597
2014-12-22,-0.031486,0.251834,-0.28332,0.729312,0.729312,-1.695697,-1.731373,-0.978662,-0.633786,-0.530534,-0.795732,1.0,86.06916,85.5236656,1.316417870175355,82.89082985964929,88.15650134035072,85.01978327257817,0.09175530120261044,0.0072666552767185425
2014-12-23,1.533512,1.694372,-0.428957,-2.151105,-2.151107,0.808584,0.312071,1.003045,1.469177,1.607728,1.407335,-1.0,84.21772,85.45502735,1.3481560322803667,82.75871528543927,88.15133941456072,84.94339629423739,0.021679468140732183,-0.021745808702751297
2014-12-24,-0.66021,0.138427,-0.66021,0.707779,0.707781,0.445104,-0.428069,0.168956,0.69588,0.822491,0.735102,1.0,84.813797,85.40399965,1.352350438604283,82.69929877279144,88.10870052720857,84.93105350431001,0.01407999245816427,0.007052879622344447
2014-12-26,0.138156,0.255046,-0.340063,0.202315,0.202317,0.142403,-0.654619,-0.151608,0.414989,0.549633,0.582718,0.0,84.98539,85.33807025,1.3382337487580944,82.66160275248382,88.01453774751619,84.93622840866144,0.02165386202359798,0.0020211293286415137
2014-12-29,0.24504,0.490091,-0.191776,-0.255045,-0.255045,0.238652,-0.364372,-0.036223,0.523121,0.746646,0.821438,0.0,84.768639,85.2120819,1.2613589764932394,82.68936394701352,87.73479985298648,84.92026751259844,0.01005035969423318,-0.0025537080806932303
2014-12-30,0.225297,0.439871,-0.257481,-0.692523,-0.692517,0.489213,0.49887,0.477771,1.053533,1.373241,1.498049,-1.0,84.181602,85.06848255,1.202799975551915,82.66288259889618,87.47408250110382,84.84991841616049,-0.04598439979109514,-0.006949257473263275
2014-12-31,0.679902,1.251884,-0.140303,-0.59006,-0.590066,0.95834,1.2044,0.953304,1.474205,1.883876,2.038634,-1.0,83.684875,84.9185615,1.1775319593834632,82.56349758123307,87.27362541876693,84.73896190033568,-0.1289871840056236,-0.0059181375420686525
2015-01-02,0.628728,0.867212,-0.26016,-0.442482,-0.442475,1.047151,1.649859,1.258171,1.740375,2.215715,2.371812,0.0,83.31459,84.76457625,1.1757585425556263,82.41305916488875,87.11609333511126,84.60330743363704,-0.2220863205383239,-0.004434572372045495
2015-01-05,1.060036,1.081666,-0.292047,0.216799,0.2168,0.471606,1.200646,0.902828,1.340723,1.860031,2.032088,0.0,83.495216,84.61465519999999,1.134108803837322,82.34643759232534,86.88287280767463,84.4977749161478,-0.2780874295535227,0.0021656529064658634
2015-01-06,0.774516,1.156327,-0.752694,-0.843698,-0.843703,0.8487,1.741029,1.626852,1.976112,2.509439,2.769357,-1.0,82.790764,84.42680235,1.1079029036396448,82.21099654272071,86.6426081572793,84.33520244794325,-0.37498945593804933,-0.008472827526517596
2015-01-07,-0.782016,0.249813,-0.890627,0.43635,0.436352,0.162919,0.948189,1.216463,1.332137,1.876397,2.217514,0.0,83.152023,84.25972165,1.0289612991664914,82.20179905166702,86.31764424833298,84.22251869099627,-0.41781808110040686,0.004354025592145244
2015-01-08,-1.154612,0.41986,-1.33305,3.475613,3.475608,-2.653505,-2.230497,-1.929948,-2.022666,-1.575306,-1.198341,1.0,86.042061,84.30171729999999,1.0850602503152893,82.13159679936942,86.47183780063057,84.39580843471091,-0.2160674702606542,0.03416572321959943
2015-01-09,0.35372,0.717847,-0.405743,0.892207,0.892211,-2.709117,-2.865172,-2.531562,-2.791306,-2.426554,-2.034612,1.0,86.809738,84.38661259999999,1.210904337016502,81.96480392596699,86.808421274033,84.62570648854798,0.005700745870313995,0.008882546226155264
2015-01-12,0.544614,0.649345,-0.30373,-0.665834,-0.665835,-1.42229,-2.069545,-1.814694,-2.080019,-1.784669,-1.380745,-1.0,86.231728,84.4380916,1.2679417232280183,81.90220815354397,86.97397504645605,84.77866091821008,0.13327674715958437,-0.0066806201208087215
2015-01-13,0.259444,0.788711,-0.716068,0.921657,0.921657,-1.349108,-2.704441,-2.590287,-2.8269,-2.65961,-2.291408,1.0,87.026489,84.56633715,1.3938994739105193,81.77853820217895,87.35413609782104,84.99273978314245,0.2951103692846857,0.009174359384102953
2015-01-14,-0.3512,0.268569,-0.609438,0.466996,0.466996,-0.828425,-2.784834,-2.939088,-3.011567,-3.069102,-2.731121,0.0,87.432899,84.79979850000001,1.4652761601031787,81.86924617979365,87.73035082020637,85.22513589903365,0.4509601829805945,0.004659087021039735
2015-01-15,-1.849275,0.238614,-3.131837,3.89423,3.894231,-3.489761,-5.641282,-6.091339,-6.203025,-6.454168,-6.224567,1.0,90.837738,85.20305015,1.917907546278007,81.36723505744398,89.03886524255601,85.75966943245902,0.8395366788052456,0.03820318540459956
2015-01-16,-1.396727,0.257555,-2.05052,0.367861,0.367865,-2.886578,-5.12531,-5.970613,-6.117882,-6.531155,-6.393595,0.0,91.171898,85.59410925,2.282962943479035,81.02818336304193,90.16003513695807,86.27511977222483,1.161066221929346,0.0036718976291107044
2015-01-20,1.034683,1.093805,-0.788336,0.525018,0.525017,-2.211277,-4.730986,-5.97688,-6.267743,-6.737884,-6.69492,0.0,91.650566,85.90614424999998,2.6529614256090412,80.6002213987819,91.21206710121807,86.78706703201294,1.43792965062282,0.005236436303215504
2015-01-21,0.860757,1.154429,-0.65823,-2.690188,-2.690201,0.976212,-1.380243,-3.047416,-3.466826,-3.947737,-4.016868,-1.0,89.184982,86.09309375000001,2.7488362779476643,80.59542119410467,91.59076630589534,87.01543988610696,1.4417740161163124,-0.02727048775236313
2015-01-22,-0.764145,0.278816,-1.011973,-1.934181,-1.93418,2.973988,1.057426,-0.885297,-1.483363,-1.838485,-2.086936,-1.0,87.459984,86.16263495,2.765739772908104,80.63115540418379,91.69411449581621,87.05777742076344,1.290748832202496,-0.019531299138599842
2015-01-23,1.176834,1.228445,-0.165174,0.030986,0.030994,2.176108,1.191285,-0.626271,-1.327039,-1.653353,-2.030215,0.0,87.487091,86.3261035,2.7412450462319824,80.84361340753604,91.80859359246396,87.09866442830979,1.1598772512762565,0.0003098880071807894
2015-01-26,1.585656,1.585656,-0.456001,-0.392283,-0.392278,1.654053,1.628145,0.058035,-0.804749,-1.091929,-1.566658,0.0,87.143898,86.44260855,2.7230431122001666,80.99652232559967,91.88869477440034,87.10297238751838,1.016747343128614,-0.003930498748159238
2015-01-27,-0.454864,0.616599,-0.929948,2.528762,2.528759,-1.368649,-0.52967,-1.973114,-3.007178,-3.355101,-3.839753,1.0,89.347557,86.6607169,2.774395397151889,81.11192610569621,92.20950769430378,87.31674235061186,1.0688121234331192,0.024973147014811504
2015-01-28,1.359282,2.018329,-0.082383,-1.839684,-1.839687,0.142106,1.411801,0.237532,-1.022036,-1.44084,-1.914324,-1.0,87.703842,86.80747705,2.746533767046784,81.31440951590643,92.30054458409357,87.35360898388693,0.9663008587322821,-0.018568192461385965
2015-01-29,-0.958053,0.050419,-1.240424,2.111011,2.111006,-1.460263,-0.447759,-1.358072,-2.76825,-3.322708,-3.689321,1.0,89.555275,87.0761607,2.7389669840759314,81.59822673184814,92.55409466815186,87.56329146161198,1.022666450676283,0.020890325554727317
2015-01-30,0.513347,1.149892,-0.01027,-1.774911,-1.774899,0.429152,1.024633,0.570151,-0.767974,-1.405346,-1.752232,-1.0,87.965759,87.2902049,2.624892285535066,82.04042032892987,92.53998947107014,87.60162170336322,0.9283742113084514,-0.01790839592561192
2015-02-02,-0.419871,0.010243,-1.331289,0.256674,0.256665,0.409629,0.42806,0.417138,-0.745518,-1.504555,-1.820787,0.0,88.191536,87.5340522,2.457306875282998,82.61943844943401,92.448665950566,87.65780401732863,0.8619294629569083,0.0025633582035650185
2015-02-03,0.133453,0.256647,-0.903403,-0.245774,-0.245765,0.344927,0.257664,0.796624,-0.24639,-1.125971,-1.481718,0.0,87.974792,87.758031,2.266547434347929,83.22493613130415,92.29112586869586,87.6879933490116,0.7827589340438124,-0.002460675792300766
2015-02-04,0.855829,0.967902,-0.295467,0.759674,0.759664,-0.19969,-0.559345,0.158264,-0.668362,-1.696584,-2.10426,1.0,88.643105,88.05064804999999,1.946719615255751,84.15720881948849,91.9440872805115,87.77895636339146,0.7651231300914532,0.007567932820779217
2015-02-05,-0.347688,0.0,-0.991922,-0.366787,-0.366782,-0.112484,-0.096124,0.593789,-0.010227,-1.147357,-1.658998,0.0,88.317978,88.30894579999999,1.5685261489119053,85.17189350217618,91.4459980978238,87.83029175735417,0.7166504958827176,-0.0036745634726171256
2015-02-06,0.678479,1.00253,-0.455693,0.981694,0.981685,-0.810118,-0.876952,-0.50767,-0.806066,-1.861661,-2.429358,1.0,89.184982,88.46609185,1.484658146425704,85.4967755571486,91.4354081428514,87.95930987570141,0.7396691158515694,0.009768973937610958
2015-02-09,-0.195195,1.015031,-0.312317,3.756961,3.756972,-3.462815,-3.883467,-4.011973,-4.088425,-5.016592,-5.68417,1.0,92.535637,88.7523868,1.6867655143371738,85.37885577132565,92.12591782867435,88.39515055420604,1.0165630874413836,0.03688117300520736
2015-02-10,-0.283557,0.068445,-0.801799,-0.18544,-0.185442,-2.333039,-3.378309,-3.782143,-3.57827,-4.456045,-5.242655,0.0,92.364037,89.05900224999999,1.7602095539774427,85.53858314204511,92.57942135795487,88.77313973951975,1.2082291553543172,-0.001856142258717798
2015-02-11,-0.84083,0.048888,-0.87016,0.00978,0.00978,-1.535003,-2.882283,-3.561464,-3.298298,-4.050448,-4.977511,0.0,92.37307,89.3263313,1.8394944145927943,85.64734247081442,93.00532012918559,89.11599024051786,1.3453464660512964,9.779302224551091e-05
2015-02-12,-1.875555,0.0,-1.943935,0.087998,0.088003,-0.726784,-2.654104,-3.286126,-3.111759,-3.732351,-4.762795,0.0,92.454361,89.5774044,1.9088407094024855,85.75972298119504,93.39508581880497,89.4339303128495,1.4439277269557493,0.0008796422133002025
2015-02-13,-0.205478,0.313112,-0.459877,-0.16607,-0.166065,0.113498,-2.022511,-2.777566,-2.871337,-3.300985,-4.293222,0.0,92.300827,89.65055885,1.9861539483897221,85.67825095322056,93.62286674677944,89.70696809257811,1.4924610142517594,-0.0016620267826272994
2015-02-17,-0.127136,0.048903,-0.743278,0.048927,0.048917,0.023473,-1.620538,-2.449551,-2.855257,-3.10846,-4.014018,0.0,92.345978,89.70926284999999,2.049816821340024,85.60962920731994,93.80889649268003,89.95830236947543,1.5170793559879314,0.000489052609384837
2015-02-18,0.019579,0.185968,-0.743852,-0.078242,-0.078239,0.082218,-1.077616,-2.161756,-2.745425,-2.770677,-3.621742,0.0,92.273727,89.74042089999999,2.0853074113243535,85.56980607735129,93.91103572264869,90.17881900095395,1.5133149644024542,-0.0007827008897944321
2015-02-19,0.048903,0.440095,-0.244499,0.078303,0.078301,-0.001953,-0.754034,-1.903178,-2.650367,-2.616333,-3.352241,0.0,92.345978,89.89847069999999,2.1594645247435085,85.57954165051298,94.217399749487,90.38521509610119,1.498883512711231,0.0007827008897945405
2015-02-20,-1.247561,0.214427,-1.44249,0.342296,0.342301,-0.298246,-0.623784,-2.014297,-2.701756,-2.72281,-3.339834,0.0,92.662079,90.15857545,2.1635822812761547,85.83141088744769,94.48574001255231,90.6020592774249,1.4957115603866526,0.0034171626113837124
2015-02-23,0.271844,0.388351,-0.504851,0.389866,0.38986,-0.530095,-0.597085,-2.032361,-2.782037,-3.006601,-3.465047,0.0,93.023331,90.43538745000001,2.157949501835575,86.11948844632886,94.75128645367116,90.8326565843368,1.5049990899285035,0.0038910160553774094
2015-02-24,-0.4189,0.331219,-0.584509,-0.339804,-0.339808,-0.113002,-0.239645,-1.373596,-2.150508,-2.609641,-2.923848,0.0,92.70723,90.71355405,2.068027379722991,86.57749929055402,94.84960880944598,91.01118738582853,1.4699086234450363,-0.0034038696001580915
2015-02-25,-0.009745,0.321514,-0.574821,-0.009745,-0.009745,-0.011687,-0.193875,-1.024286,-1.960243,-2.554944,-2.681859,0.0,92.698196,90.88108600000001,2.0871729087082898,86.70674018258343,95.05543181741659,91.17185487289248,1.4249443363318335,-9.745130120575095e-05
2015-02-26,-0.69903,0.0,-0.854366,0.350741,0.350746,-0.215535,-0.472814,-1.05631,-2.016989,-2.730485,-2.807119,0.0,93.023331,91.14706045,1.9980123058140715,87.15103583837185,95.14308506162814,91.34818593261701,1.399413919518551,0.00350132090136374
2015-02-27,0.507809,0.839844,-0.019536,-0.582522,-0.582518,0.330072,0.113277,-0.176437,-1.284672,-1.943364,-2.055669,-1.0,92.481453,91.29336935,1.982392321145352,87.3285847077093,95.25815399229072,91.45611612951063,1.3202369841860104,-0.005842216352305364
2015-03-02,-0.249825,0.379731,-0.449682,-2.275393,0.489031,-0.177471,-0.305825,-0.393312,-1.497787,-2.186127,-2.457138,0.0,92.933716,91.54176720000001,1.8503402764844858,87.84108664703103,95.24244775296899,91.5968399267001,1.2792362971398603,0.004878391551007238
2015-03-03,0.948922,1.261862,-0.171612,-1.009295,-1.009292,0.685624,0.67257,0.583137,-0.286715,-0.977874,-1.432756,-1.0,91.995743,91.73197755,1.6750470382307046,88.3818834735386,95.0820716264614,91.6348306955858,1.1577110033328921,-0.010144203617500546
2015-03-04,-0.656302,0.181745,-1.363085,-0.020187,-0.020186,0.549169,0.660653,0.575403,-0.049008,-0.843522,-1.401019,0.0,91.977173,91.9320966,1.4226105339265778,89.08687553214683,94.77731766785315,91.66743472457763,1.0478242232467068,-0.00020187754226909138
2015-03-05,0.192018,0.555839,-0.474981,-0.090876,-0.090879,0.394749,0.702986,0.632103,0.21877,-0.570954,-1.213081,0.0,91.893585,92.09462060000001,1.1944681767584229,89.70568424648317,94.48355695351685,91.68897284604643,0.9431215867319338,-0.0009092039067808223
2015-03-06,0.461733,1.077368,-0.102604,-1.505809,-1.50581,1.493948,2.004774,2.027371,1.87203,0.991335,0.409526,-1.0,90.509842,92.2042138,0.8919703433128185,90.42027311337436,93.98815448662565,91.57667467023248,0.7399577252262617,-0.015172626616196942
2015-03-09,-0.591891,0.183692,-0.898048,0.543812,0.543812,0.520464,1.230946,1.380389,1.420871,0.578563,-0.004809,0.0,91.002045,92.29506695,0.6190389001426408,91.05698914971472,93.53314475028529,91.52194803497224,0.6116152499699439,0.005423382617725864
2015-03-10,0.311853,0.540545,-0.405404,-1.826718,-1.826722,1.796263,2.737626,3.042452,3.129156,2.501446,1.93774,-1.0,89.339691,92.13526965000001,0.9016547230696177,90.33196020386077,93.93857909613925,91.31411403164155,0.3714826183592095,-0.01843612157093988
2015-03-11,-0.145529,0.353435,-0.478169,0.0,0.0,1.205824,2.361701,2.823509,2.959895,2.562557,1.937446,0.0,89.339691,91.98405235,1.0942970732167585,89.79545820356648,94.17264649643352,91.12607374291379,0.17911109651764434,0.0
2015-03-12,-0.432809,0.072135,-0.845012,0.873185,0.873191,-0.063897,1.153439,1.768753,1.943626,1.740286,1.144404,1.0,90.119797,91.8713887,1.1657951188133049,89.53979846237338,94.20297893762661,91.03023786263628,0.08858219369000153,0.008694005788474995
2015-03-13,-0.680136,0.072135,-0.927455,0.0,0.0,-0.150458,0.891381,1.580686,1.8141,1.82026,1.165284,0.0,90.119797,91.7546605,1.2199696771332134,89.31472114573357,94.19459985426643,90.94352920905187,0.016645506931141085,0.0
2015-03-16,-0.612993,0.429103,-0.653861,0.865618,0.865623,-1.029837,-0.198206,0.553192,0.863278,1.021908,0.404685,1.0,90.899895,91.68461390000002,1.2271573900729462,89.23029911985412,94.13892868014591,90.93937357009455,0.022325202411451528,0.008618983057900454
2015-03-17,-0.040984,0.307381,-0.563519,-0.286064,-0.286065,-0.459018,-0.061479,0.689607,1.058526,1.228064,0.782771,0.0,90.639862,91.5993081,1.2380152284097365,89.12327764318053,94.07533855681947,90.91084865865697,0.005777314797327904,-0.0028647518552822205
2015-03-18,-2.121519,0.109562,-2.270915,2.868857,2.868856,-2.398409,-2.713154,-2.07972,-1.708016,-1.557446,-1.83967,1.0,93.240189,91.6476312,1.283742457470785,89.08014628505843,94.21511611494158,91.13269059592773,0.20018010011621357,0.0282847469805569
2015-03-19,-0.520682,0.290378,-0.520682,-0.527887,-0.527887,-1.313711,-2.104743,-1.57986,-1.16472,-1.018853,-1.171216,-1.0,92.747986,91.6677316,1.2983169501189882,89.07109769976202,94.26436550023797,91.28652825345841,0.31094466297155066,-0.005292854226457288
2015-03-20,0.314713,0.580249,-0.432732,1.812353,1.812348,-2.157745,-3.432335,-3.194334,-2.83052,-2.697162,-2.714738,1.0,94.428902,91.75607275,1.4236011269912152,88.90887049601757,94.60327500398243,91.58580194360523,0.5282726519554046,0.017961204580603227
2015-03-23,-0.04885,0.527551,-0.449393,0.668766,0.668766,-1.932392,-3.646931,-3.688289,-3.368893,-3.227448,-3.155002,1.0,95.06041,91.8579267,1.5829915026798482,88.6919436946403,95.02390970535969,91.91671699659521,0.7429003737865685,0.006665392695319502
2015-03-24,0.952009,1.167929,-0.029442,-0.459166,-0.459159,-0.637945,-2.644031,-3.058859,-2.821876,-2.684763,-2.634714,0.0,94.623932,91.9537618,1.6914204829073625,88.57092083418527,95.33660276581472,92.17454699691947,0.8677711373433397,-0.004602159205936542
2015-03-25,1.962934,2.152248,-0.049824,-1.501617,-1.501628,0.868877,-0.745311,-1.493287,-1.313293,-1.16129,-1.120355,-1.0,93.203033,91.97900365,1.7068116626463201,88.56538032470735,95.39262697529264,92.2724980448319,0.8423671585078267,-0.015130160955566817
2015-03-26,0.421861,0.4319,-0.512249,-0.797133,-0.797122,1.617111,0.305341,-0.660912,-0.550777,-0.362157,-0.322693,-1.0,92.460091,91.95084165,1.693266516819461,88.56430861636107,95.33737468363893,92.2903640405622,0.7535981020582767,-0.008003161311508217
2015-03-27,-0.488046,0.199199,-0.547813,0.843716,0.843713,0.511949,-0.199206,-1.296817,-1.342136,-1.170981,-1.128554,1.0,93.240189,91.98877845,1.7141510498291148,88.56047635034177,95.41708054965822,92.38082356050865,0.7376917233350042,0.008401738423546067
2015-03-30,-0.917976,0.246767,-0.957459,0.90637,0.906369,-0.598162,-0.75708,-1.964925,-2.16711,-2.013541,-1.953423,1.0,94.085289,92.0463571,1.7661153640736043,88.51412637185278,95.5785878281472,92.54315360236495,0.7842381021320648,0.009022859489853924
2015-03-31,0.212959,1.10536,0.0,-2.665084,-2.665086,1.45827,2.062672,0.882264,0.488794,0.620054,0.703189,-1.0,91.577835,92.0254617,1.7692151831482894,88.48703133370341,95.56389206629657,92.45121849737782,0.6117440558661542,-0.02701243426574277
2015-04-01,0.170236,0.260367,-0.941321,1.26762,1.267619,0.088125,0.731025,-0.136189,-0.728019,-0.637712,-0.540652,1.0,92.738693,92.0635377,1.7763015446737762,88.51093461065244,95.61614078934755,92.47859702143708,0.5622317625710167,0.012596519283681745
2015-04-02,0.531168,0.821807,-0.110244,-0.080114,-0.080112,0.212469,0.802767,0.126948,-0.606835,-0.573541,-0.449455,0.0,92.664398,92.10207835,1.7807765591748974,88.54052523165021,95.66363146834979,92.49629235272879,0.5111062135497946,-0.0008014429918722484
2015-04-06,-0.50873,0.289278,-0.718205,0.471037,0.471039,-0.287283,0.18753,-0.129011,-0.933667,-1.013069,-0.900467,0.0,93.100883,92.2316304,1.752875192690505,88.725880014619,95.737380785381,92.55387241437367,0.5000453279798904,0.004699325954944112
2015-04-07,0.454006,1.046187,-0.148048,1.067332,1.067327,-1.338332,-0.973151,-0.957359,-1.815532,-2.009078,-1.909064,1.0,94.094574,92.38625685000001,1.7749625526360016,88.836331744728,95.93618195527202,92.70060589871903,0.5649496674567018,0.010616714203783207
2015-04-08,0.46333,0.581622,-0.473189,0.118439,0.118445,-0.897087,-1.134665,-0.822165,-1.673407,-2.031156,-1.972078,0.0,94.206024,92.62957349999999,1.6655215456337036,89.29853040873259,95.9606165912674,92.84397905122198,0.6182530711213587,0.0011837457150735604
2015-04-09,0.029246,0.146243,-0.497223,1.113957,1.11395,-1.460462,-2.00838,-1.773744,-2.44613,-2.972796,-2.962542,1.0,95.255432,92.92536055000001,1.5732514902465127,89.77885756950698,96.07186353049303,93.07364123681988,0.7366828367148059,0.011077912669866827
2015-04-10,-0.251016,0.212397,-0.4441,0.984695,0.984701,-1.687587,-2.57579,-2.492762,-3.081678,-3.740108,-3.798903,1.0,96.193413,93.22904135,1.5893034587646677,90.05043443247067,96.40764826752934,93.37076235712274,0.8958991392542259,0.009798842141762009
2015-04-13,0.322457,0.683999,-0.195424,-1.197148,-1.197143,-0.087944,-1.205787,-1.268323,-1.648428,-2.383039,-2.543485,-1.0,95.04184,93.47514349999999,1.4581772571032277,90.55878898579353,96.39149801420645,93.52991260882534,0.9185682066084269,-0.012043667697591687
2015-04-14,-0.329326,0.242154,-0.47462,0.879424,0.879418,-0.58698,-1.880084,-2.072193,-2.24622,-3.030607,-3.290713,1.0,95.877655,93.7240315,1.4197959321404647,90.88443963571906,96.56362336428093,93.75350712227055,0.9925355590185916,0.008755735915400418
2015-04-15,0.135633,0.290637,-0.581281,-0.019369,-0.019368,-0.222827,-1.414457,-1.967321,-1.955049,-2.739781,-3.137638,0.0,95.859085,93.98499265,1.2974656834824303,91.39006128303514,96.57992401696485,93.95403834872097,1.0376948743368786,-0.00019370309579770444
2015-04-16,-0.309747,0.425905,-0.48398,0.087189,0.08719,-0.166488,-1.166393,-1.862356,-1.899623,-2.549221,-3.084246,0.0,95.942665,94.12011645,1.3552530647903476,91.4096103204193,96.83062257958069,94.14343136312849,1.0679178721009492,0.0008715249500102673
2015-04-17,0.146401,0.341596,-0.575831,-0.822765,-0.822765,0.443099,-0.084912,-0.859524,-0.9594,-1.529183,-2.16605,-1.0,95.153282,94.24038125,1.3336322218970305,91.57311680620593,96.90764569379407,94.23960761425911,1.0164561310659366,-0.008261687412670481
2015-04-20,0.224964,0.596635,-0.136933,-0.214719,-0.214722,0.639674,0.324729,-0.52621,-0.718894,-1.113847,-1.799685,0.0,94.948967,94.2663845,1.3425418443752122,91.58130081124958,96.95146818875043,94.30716565099634,0.9482549250576966,-0.0021495282643321967
2015-04-21,0.221008,0.56693,-0.086477,1.789908,1.78991,-0.970501,-1.175171,-2.098589,-2.382532,-2.614779,-3.331733,1.0,96.648468,94.34578739999999,1.4357045284976326,91.47437834300473,97.21719645699525,94.53014682709193,1.0195873371588533,0.01774079673101903
2015-04-22,-0.067666,0.338334,-0.270661,-0.595756,-0.595757,-0.332525,-0.388591,-1.199933,-1.722085,-1.804927,-2.518766,-1.0,96.072678,94.4182247,1.4861385117683032,91.44594767646339,97.3905017235366,94.67705455784508,1.0179233598915545,-0.005975386979341794
2015-04-23,-0.379149,0.303318,-1.317535,1.981637,1.981633,-1.854026,-2.046442,-2.763346,-3.388148,-3.519618,-4.119112,1.0,97.976486,94.65689735,1.6544801343024311,91.34793708139513,97.96585761860486,94.9912861237646,1.1568901314355031,0.019622543564573457
2015-04-24,0.239739,0.479478,-0.316458,-1.156399,-1.156395,-0.356733,-0.833334,-1.338064,-2.03155,-2.221711,-2.76595,-1.0,96.843491,94.87606735,1.6384092036588624,91.59924894268228,98.15288575731772,95.16768658816797,1.1622019310048728,-0.011631330531803262
2015-04-27,1.039355,1.530166,-0.048121,-0.354809,-0.354813,0.319505,-0.329133,-0.751934,-1.513811,-1.787702,-2.19934,0.0,96.499878,95.03905180000001,1.629218315736053,91.7806151685279,98.29748843147212,95.2945619607234,1.1257084072372265,-0.003554436477908705
2015-04-28,-0.519474,0.529103,-1.010096,0.038488,0.038487,0.25782,-0.299177,-0.621446,-1.424717,-1.764304,-2.042322,0.0,96.537018,95.16163825,1.6458302110656828,91.86997782786862,98.45329867213137,95.41289110732117,1.0872507643168632,0.0003847969090663799
2015-04-29,0.691064,2.170531,-0.136266,-1.16402,-1.164013,1.300366,0.828301,0.633311,-0.062782,-0.574268,-0.721889,-1.0,95.413315,95.35341225,1.4132928087073524,92.5268266325853,98.17999786741471,95.41293147805249,0.9550896849425783,-0.011708402058672412
2015-04-30,0.618858,1.355596,-0.157175,-0.914926,-0.914928,1.508836,1.610996,1.51211,0.955299,0.400388,0.240663,-1.0,94.540352,95.4434952,1.2898907778308861,92.86371364433823,98.02327675566177,95.32982867061891,0.7710223927269055,-0.00919139029594308
2015-05-01,-1.21916,0.14514,-1.21916,1.522588,1.522581,-0.193511,0.173204,-0.02515,-0.38606,-0.958677,-1.150453,1.0,95.979805,95.60926555,1.1151397583328113,93.37898603333439,97.83954506666562,95.39173117817901,0.7328517063160263,0.01511105610488314
2015-05-04,-0.328158,0.125468,-0.472925,0.251575,0.251577,-0.501881,0.05405,-0.194316,-0.47389,-1.083291,-1.336419,0.0,96.221268,95.76528479999999,0.9520869262041252,93.86111094759174,97.66945865240824,95.47073468501911,0.7138563171757113,0.002512609563150645
2015-05-05,1.996673,2.055397,-0.137026,-1.38983,-1.389829,0.552024,1.278264,1.142544,0.970445,0.344528,0.047963,-1.0,94.883957,95.80475394999999,0.8937569616573765,94.01724002668524,97.59226787331474,95.41485109596968,0.5841586952888349,-0.013995774626174965
2015-05-06,0.423104,1.161076,-0.393579,-0.528532,-0.528528,0.867853,1.637311,1.57565,1.516285,0.996557,0.571026,-1.0,94.382469,95.8135762,0.8778750962522412,94.05782600749552,97.56932639250448,95.31652899159161,0.43588192947673576,-0.005299293532243754
2015-05-07,0.206753,0.551341,-0.137836,-0.059035,-0.059033,0.882144,1.310422,1.521442,1.527022,1.123556,0.670142,0.0,94.326752,95.7671422,0.9318523695580905,93.90343746088381,97.63084693911618,95.22226451620193,0.3102986978065587,-0.0005905064026419481
2015-05-08,-0.223471,0.563546,-0.233189,1.329131,1.329128,-0.524679,-0.150602,0.219588,0.163234,-0.080838,-0.54152,1.0,95.580475,95.7364953,0.9271626534586266,93.88216999308275,97.59082060691725,95.25637980037318,0.3083832006540774,0.013203723039727746
2015-05-11,-0.497944,0.566298,-0.517476,-0.485814,-0.485811,-0.271434,0.191366,0.720559,0.656119,0.491698,0.009761,0.0,95.116135,95.74021005,0.9243776302278409,93.89145478954433,97.58896531045568,95.24302315271859,0.2663267490314212,-0.0048699441243767
2015-05-12,-0.166015,0.351562,-0.449219,-0.019524,-0.019524,-0.207036,0.059564,0.631504,0.634759,0.553509,0.064772,0.0,95.097565,95.70120555000001,0.9346736156386908,93.83185831872262,97.5705527812774,95.22916999531682,0.22886010745774854,-0.00019525407537938103
2015-05-13,0.194804,0.623356,-0.107139,0.263668,0.263666,-0.266873,-0.210383,0.316223,0.343332,0.337002,-0.066557,0.0,95.348305,95.67566655,0.9371077749254503,93.8014510001491,97.5498820998509,95.24051618623903,0.21689985998600037,0.002633190679109955
2015-05-14,0.250243,0.298361,-0.404234,1.198017,1.198016,-0.999039,-1.189609,-0.974017,-0.816173,-0.799618,-1.11999,1.0,96.490593,95.70306295,0.9531955768454529,93.7966717963091,97.60945410369091,95.35957112088293,0.2961801919099969,0.0119089664520476
2015-05-15,-0.472287,0.192768,-0.751806,-0.144372,-0.144372,-0.695902,-1.008193,-0.864901,-0.610604,-0.64964,-0.849479,0.0,96.351288,95.76296325,0.9544695426835424,93.85402416463292,97.67190233536708,95.4540203474655,0.34380648966343585,-0.001444759027540118
2015-05-18,0.288298,0.470887,-0.288291,0.298793,0.298789,-0.676527,-1.259845,-1.150614,-0.819234,-0.879488,-1.022803,0.0,96.639175,95.84747365,0.9534300137691589,93.94061362246168,97.75433367753831,95.56689221913545,0.40016786266497206,0.0029834346118680958
2015-05-19,0.096338,0.462424,-0.086709,-0.249851,-0.249852,-0.157995,-0.855489,-0.912651,-0.583814,-0.609633,-0.695246,0.0,96.39772,95.83493625,0.9439441999828073,93.94704785003438,97.72282464996562,95.64601867445589,0.4205039484905342,-0.0025016474277995615
2015-05-20,-0.309179,0.260867,-0.43478,-0.28902,-0.289013,0.291785,-0.387442,-0.576493,-0.29324,-0.310728,-0.341066,0.0,96.119118,95.83725825,0.9446166778841946,93.94802489423162,97.72649160576839,95.69107575307915,0.40942005050780494,-0.0028943150883122023
2015-05-21,-0.276745,0.295827,-0.515317,1.246378,1.246375,-0.772976,-1.306423,-1.610206,-1.554539,-1.481441,-1.497282,1.0,97.317123,95.8042901,0.8749640301850723,94.05436203962986,97.55421816037014,95.84593739564303,0.4916376797178259,0.012386720413339726
2015-05-22,0.096292,0.683678,-0.038517,-0.897035,-0.897036,0.144441,-0.32354,-0.687527,-0.684157,-0.536156,-0.597012,-1.0,96.444153,95.78432319999999,0.8543138677065779,94.07569546458683,97.49295093541315,95.9029103103437,0.4808118600992657,-0.009010839779381384
2015-05-26,1.267066,1.286715,-0.03929,-1.964372,-1.964374,1.70907,1.613796,1.184565,1.202735,1.439942,1.377407,-1.0,94.549629,95.68681074999999,0.8792780843926143,93.92825458121476,97.44536691878523,95.77402637602526,0.31572063549670304,-0.019839244183210723
2015-05-27,-0.67613,0.183524,-0.753404,1.689422,1.689424,-0.032839,0.034775,-0.408896,-0.498887,-0.266201,-0.297496,1.0,96.146973,95.66730849999999,0.8636141687680271,93.94008016246394,97.39453683753604,95.8095451021181,0.310201155987599,0.01675311823298278
2015-05-28,-0.354919,0.076741,-0.719424,0.695452,0.695451,-0.579376,-0.504555,-0.929174,-1.113667,-0.924315,-0.953156,1.0,96.815628,95.73742415,0.8981431167745575,93.94113791645088,97.5337103835491,95.90536252096399,0.35568172154614786,0.006930438052538949
2015-05-29,1.323852,1.781364,-0.457511,-1.458031,-1.458027,0.4906,0.853689,0.611956,0.394719,0.433754,0.493522,-1.0,95.40403,95.78060805,0.8573960900229254,94.06581586995415,97.49540023004585,95.85761656658647,0.2746551820658567,-0.014687606783869428
2015-06-01,0.532536,0.619674,-0.484121,0.53538,0.535379,-0.154919,0.271107,0.099407,-0.143299,-0.139814,-0.015169,0.0,95.914803,95.77735795,0.8567241970147683,94.06390955597045,97.49080634402954,95.86306289357825,0.24878830148081477,0.005339507935694309
2015-06-02,0.14571,0.41772,-0.194292,-0.329199,-0.329207,0.394409,0.493496,0.463706,0.153978,0.152327,0.337742,0.0,95.599045,95.7462468,0.8510344154034726,94.04417796919304,97.44831563080695,95.83791833228508,0.20049836026484513,-0.0032974982165887325
2015-06-03,0.028931,0.66544,-0.135017,0.72858,0.72859,-0.300901,-0.244002,-0.180029,-0.497159,-0.582125,-0.400237,1.0,96.29557,95.81682744999999,0.834124554109769,94.14857834178045,97.48507655821953,95.8815042054008,0.21594272700144757,0.00725948520139778
2015-06-04,0.058222,0.815134,-0.446392,-0.617223,-0.617225,0.085392,0.331873,0.464495,0.18971,0.047351,0.205397,-1.0,95.70121,95.88276450000001,0.76394202742341,94.35488044515319,97.41064855484683,95.86433332869596,0.17816879521956253,-0.006191373611969809
2015-06-05,-0.630789,0.206977,-0.798341,-1.542944,-1.542952,1.403516,1.575997,1.87858,1.754394,1.601821,1.643019,-1.0,94.224586,95.8776562,0.7751536400217418,94.32734891995652,97.42796348004349,95.70816691643921,0.028750053279679832,-0.01554979665198445
2015-06-08,-0.128159,0.256304,-0.443616,-0.019709,-0.0197,1.060721,1.358433,1.74684,1.701494,1.546525,1.569724,0.0,94.206024,95.80893365,0.8592524877385586,94.09042867452288,97.52743862547712,95.56510568630215,-0.09012427790716515,-0.00019701682290412505
2015-06-09,-0.029838,0.318281,-0.338178,-0.887225,-0.887229,1.487966,2.139447,2.424242,2.518401,2.3334,2.367217,-1.0,93.370201,95.72163694999999,1.0089863232114926,93.703664303577,97.73960959642298,95.35606714474957,-0.24890771940218315,-0.008911881363018173
2015-06-10,-0.516417,0.253339,-0.945136,2.078771,2.078767,-0.785339,-0.02825,0.262438,0.441886,0.267376,0.239703,1.0,95.31115,95.73231619999999,1.003146822907043,93.7260225541859,97.73860984581407,95.3517893214401,-0.21564060696208287,0.02057455554776274
2015-06-11,0.038927,0.214092,-0.729856,0.126673,0.126675,-0.967303,-0.299726,0.087583,0.319191,0.184509,0.113534,0.0,95.431885,95.7364952,1.0016358315341596,93.73322353693167,97.73976686306831,95.35941748130294,-0.1774879051134377,0.0012659441653982129
2015-06-12,0.274993,0.383028,-0.304457,-0.914755,-0.91475,0.017676,0.531328,0.817126,1.143192,1.119228,1.038432,-1.0,94.558922,95.63991165,1.0180905747119844,93.60373050057603,97.67609279942397,95.28317981641695,-0.21521160702558007,-0.009189593508792459
2015-06-15,-0.889022,0.169811,-1.068824,-1.679433,-1.679439,1.460394,1.931877,2.290149,2.689044,2.734195,2.656414,-1.0,92.970863,95.4708904,1.1639330029942594,93.14302439401148,97.79875640598853,95.06295916723438,-0.36899742924137513,-0.016937010434649048
2015-06-16,0.098803,0.355697,-0.494022,1.098789,1.098788,0.490073,0.653102,1.138891,1.432176,1.569811,1.461653,1.0,93.992416,95.33855245,1.1745277137815817,92.98949702243684,97.68760787756315,94.96100267511682,-0.4037883904732098,0.010927955175113456
2015-06-17,-0.286845,0.187936,-0.623142,-0.108686,-0.108679,0.296734,0.506428,1.08869,1.409,1.628881,1.536762,0.0,93.890266,95.21317975,1.189252819886522,92.83467411022696,97.59168538977303,94.85902775367711,-0.43459340693151205,-0.0010873807950555854
2015-06-18,-0.846791,0.443092,-0.88617,0.454995,0.454992,-0.393855,-0.095509,0.454249,0.854177,1.124855,1.074573,0.0,94.317459,95.12309680000001,1.1852473851058705,92.75260202978828,97.49359157021175,94.80744977713644,-0.41969768584407063,0.004539598293649585
2015-06-19,0.788503,0.878329,-0.3693,-1.348952,-1.348947,0.642772,1.14382,1.658841,2.003686,2.35951,2.410747,-1.0,93.045166,94.90949895,1.1535524199736527,92.6023941100527,97.2166037899473,94.63961322693297,-0.5047378281733472,-0.013581284488089733
2015-06-22,-0.283981,0.509201,-0.48962,1.926341,1.926331,-0.865647,-0.701135,-0.338162,-0.008811,0.361146,0.449147,1.0,94.837524,94.82916750000001,1.0955396418391001,92.6380882163218,97.02024678367822,94.65846187198697,-0.4226325969136724,0.019080122554043965
2015-06-23,-0.107026,0.311344,-0.223775,0.646295,0.646303,-1.196732,-1.120844,-0.988522,-0.603719,-0.333141,-0.184215,1.0,95.450462,94.87420915,1.1019414710799669,92.67032620784006,97.07809209215993,94.73389045560725,-0.30459347160295636,0.006442236661916432
2015-06-24,-0.186948,0.875726,-0.186948,-1.118897,-1.118898,0.025584,-0.100364,-0.00328,0.427532,0.70924,0.920004,-1.0,94.382469,94.78598395,1.0646826052121576,92.65661873957569,96.91534916042431,94.70042174554942,-0.29383754753783364,-0.011252044231027745
2015-06-25,0.505854,0.87284,-0.128941,-0.797006,-0.797007,0.682405,0.509818,0.652647,1.064272,1.41202,1.669641,-1.0,93.630234,94.62671424999999,0.979967727112195,92.6667787957756,96.58664970422439,94.59849910311614,-0.3420693158909245,-0.008002002012852807
2015-06-26,0.580466,0.910733,-0.260202,-0.892682,-0.892685,1.535231,1.224983,1.456502,1.833971,2.130508,2.452632,-1.0,92.794411,94.4962333,1.0427445576067411,92.41074418478652,96.58172241521348,94.42668118853365,-0.44263485159899574,-0.008966932461274058
2015-06-29,1.217907,1.431039,-0.09134,-1.391112,-1.391117,2.238919,2.492649,2.690896,3.029542,3.355331,3.721379,-1.0,91.503532,94.27566974999999,1.1838821847820333,91.90790538043592,96.64343411956406,94.14828602772093,-0.6193573442295559,-0.014008839056006472
2015-06-30,1.14908,1.14908,-0.498269,-0.192838,-0.192836,1.533461,2.398829,2.740161,2.994721,3.413879,3.727892,0.0,91.32708,94.0620715,1.311093130396228,91.43988523920754,96.68425776079246,93.87959973936655,-0.7648328772679776,-0.0019302244066755612
2015-07-01,-0.121798,0.771419,-0.304503,0.183039,0.183051,0.7166,1.949854,2.274323,2.54415,3.021515,3.35972,0.0,91.494255,93.82200575,1.3201449975501875,91.18171575489963,96.46229574510038,93.65242404990306,-0.8567574928705426,0.0018288352023573499
2015-07-02,0.030059,0.170339,-0.440884,1.299235,1.29923,-0.779566,0.465927,0.764858,1.066127,1.521839,1.910483,1.0,92.682976,93.67109405,1.2653971045279622,91.14029984094407,96.20188825905592,93.560095664198,-0.82418783850936,0.012908626111293566
2015-07-06,-1.105257,0.365038,-1.196513,-1.182365,-1.18237,0.143986,1.508822,1.754208,2.131414,2.569865,2.921315,-1.0,91.58712,93.53922075,1.339916532516453,90.85938768496709,96.21905381503291,93.37219321998866,-0.8766965612917943,-0.011894159096674824
2015-07-07,-0.524348,0.151257,-1.794897,0.557691,0.557699,-0.282345,0.648379,1.126683,1.450537,1.835231,2.193202,1.0,92.0979,93.43381455,1.3673393210386067,90.69913590792278,96.16849319207721,93.25083196094212,-0.8670990471037641,0.005561491258706251
2015-07-08,0.393819,0.747246,-0.282742,-0.141171,-0.141176,-0.002016,0.411998,1.122895,1.517724,1.821269,2.244104,0.0,91.96788,93.3636985,1.406176446405674,90.55134560718865,96.17605139281135,93.12864605990002,-0.86007012234559,-0.0014127560443375953
2015-07-09,0.989807,1.339736,-0.029993,0.999695,0.9997,-0.691861,-0.742853,0.049989,0.382423,0.666666,1.11511,1.0,92.887283,93.24250515,1.3319941439771412,90.57851686204572,95.90649343795428,93.10565910181431,-0.7714190716393574,0.009947361667488037
2015-07-10,0.629725,0.707223,-0.222828,3.199364,3.199364,-3.107928,-3.587488,-2.944523,-2.707328,-2.447592,-2.0529,1.0,95.859085,93.26386514999999,1.3717821789658704,90.52030079206824,96.00742950793173,93.36789013973676,-0.4561051934890088,0.03149250119436382
2015-07-13,0.451447,0.518683,-0.345789,0.862236,0.862227,-2.881563,-4.009217,-3.523192,-3.429061,-3.179709,-2.846024,1.0,96.685608,93.37019945,1.5484959222573258,90.27320760548535,96.46719129451465,93.68386326928564,-0.1379331670921573,0.00858531142942575
2015-07-14,-0.72696,0.066088,-0.925223,1.738543,1.738553,-3.266619,-4.951853,-4.932656,-4.805044,-4.665033,-4.423152,1.0,98.366539,93.63998325,1.904388645201176,89.83120595959765,97.44876054040235,94.12983238649653,0.24701016033664303,0.01723613546949551
2015-07-15,0.853635,0.920774,-0.230199,-1.567217,-1.567218,-0.723196,-2.870712,-3.324387,-3.143109,-3.004417,-2.859203,-1.0,96.824921,93.78160849999999,2.032961173507676,89.71568615298463,97.84753084701535,94.38650749254448,0.4228109307115062,-0.015796285919311558
2015-07-16,-0.23625,0.264598,-0.36855,1.496257,1.496252,-1.090528,-3.612736,-4.485603,-4.347948,-4.313739,-4.224153,1.0,98.273666,94.0007785,2.2679895558077297,89.46479938838453,98.53675761161546,94.7567130646831,0.6712976205412389,0.014851687566135412
2015-07-17,-0.614303,0.0,-0.652108,-0.009452,-0.009448,-0.591626,-3.03563,-4.162178,-4.138078,-4.189396,-4.128155,0.0,98.264381,94.1981246,2.4605397990880506,89.2770450018239,99.1192041981761,95.09077667757043,0.8575901254444034,-9.448552225522558e-05
2015-07-20,0.574821,0.678471,-0.405203,0.292983,0.292981,-0.503205,-2.61214,-4.052648,-4.138714,-4.307202,-4.261845,0.0,98.552277,94.47348015,2.6272236893707546,89.2190327712585,99.7279275287415,95.42044337494468,1.0167387475144665,0.0029255268152633867
2015-07-21,2.91197,2.91197,-0.80031,-2.271018,-2.271015,1.382701,0.088708,-1.490054,-1.834444,-1.944655,-1.964133,-1.0,96.31414,94.54731095,2.6585538508937083,89.23020324821258,99.86441865178742,95.50555733923566,0.9513002292216157,-0.02297199751532358
2015-07-22,1.391901,1.470877,-0.296153,-2.323784,-2.323788,3.210266,2.693978,1.04837,0.427935,0.391706,0.393219,-1.0,94.076004,94.47858805,2.65173483101403,89.17511838797193,99.78205771202806,95.3694094021656,0.7106489430466354,-0.023512132080865684
2015-07-23,0.543424,0.543424,-0.368758,1.727542,1.727546,0.919939,1.244052,-0.37458,-1.208642,-1.237463,-1.298081,1.0,95.70121,94.5445251,2.6655785027865937,89.21336809442681,99.87568210557319,95.40100945910221,0.6436519872907667,0.017127933298684853
2015-07-24,1.473477,1.581533,-0.216111,-1.213003,-1.213002,1.371313,2.347736,0.979694,0.052548,-0.01533,-0.117557,-1.0,94.540352,94.590031,2.656903022974908,89.27622495405018,99.90383704594981,95.31904208204486,0.4912223725271616,-0.012204193407251701
2015-07-27,0.925746,0.945439,-0.236358,-0.255405,-0.255407,0.728778,2.356707,1.429978,0.388516,0.293873,0.129012,0.0,94.298889,94.66525490000001,2.624488717861975,89.41627746427606,99.91423233572395,95.22188464565964,0.346937479222035,-0.0025573406281286038
2015-07-28,-0.554529,0.019454,-1.021503,1.231042,1.231041,-0.675161,0.807473,0.431301,-0.625061,-0.899699,-1.001719,1.0,95.459747,94.86306565,2.5206831124850497,89.82169942502989,99.9044318749701,95.24453820321587,0.32254411290922747,0.012235253227736293
2015-07-29,-0.096447,0.279681,-0.202526,0.875573,0.875576,-1.076287,-0.122484,-0.140808,-1.229631,-1.724761,-1.781276,1.0,96.29557,95.11149015,2.3955836918614537,90.32032276627709,99.9026575337229,95.34463646957627,0.3664321237705934,0.008717654419613752
2015-07-30,-0.116304,0.174453,-0.804421,-0.491853,-0.491852,-0.562125,0.115331,0.556954,-0.515606,-1.178914,-1.2286,0.0,95.821938,95.32787429999999,2.2421970813337406,90.8434801373325,99.81226846266748,95.39009375818806,0.35885884312043004,-0.004930658995996156
2015-07-31,0.722892,0.963855,-0.134939,0.552433,0.552431,-0.732529,-0.633252,0.038554,-0.871808,-1.608869,-1.700885,1.0,96.351288,95.5112899,2.1630943991959874,91.18510110160801,99.83747869839198,95.48163606693205,0.3910631520911494,0.005509106027336915
2015-08-03,0.105404,0.143734,-0.718666,0.587953,0.587951,-0.772325,-1.382712,-0.530214,-1.176216,-2.013798,-2.142264,1.0,96.917786,95.7778232,1.9742939056507052,91.82923538869859,99.72641101130141,95.61841225103376,0.4570286118022153,0.005862289404621152
2015-08-04,0.579316,0.685526,-0.241383,-0.756996,-0.756998,0.135179,-0.644004,0.077247,-0.209999,-1.071736,-1.349165,-1.0,96.18412,95.98213419999999,1.7747835261514655,92.43256714769706,99.53170125230292,95.67228917950675,0.44497658608520396,-0.007598780824490919
2015-08-05,-0.368036,0.387411,-0.406778,-0.30897,-0.308962,0.360287,-0.147218,0.322192,0.303628,-0.574919,-1.028254,0.0,95.886948,96.1780876,1.5039272039405558,93.17023319211889,99.18594200788111,95.69273287669658,0.4067571290580929,-0.0030943987579219088
2015-08-06,0.967456,1.104268,-0.254082,-0.891039,-0.891042,1.09645,0.68015,0.996773,1.318281,0.467895,-0.115643,-1.0,95.032555,96.28535120000001,1.3224157337571298,93.64051973248574,98.93018266751427,95.62985879320166,0.3040209945889103,-0.008950355414413937
2015-08-07,-0.450053,0.068486,-0.880541,-0.117271,-0.117268,0.913803,0.838468,0.880539,1.387827,0.680166,0.046959,0.0,94.921112,96.23845255,1.3545700451861624,93.52931245962768,98.94759264037233,95.56235909861103,0.211175054539396,-0.0011733704807732745
2015-08-10,-0.786406,0.233008,-0.796117,0.772919,0.772922,-0.124275,0.206792,-0.09515,0.556306,0.078053,-0.620718,1.0,95.654778,96.18691105,1.3562707693952731,93.47436951120946,98.89945258879055,95.5711608987433,0.19455201826650637,0.007699500964660238
2015-08-11,0.920669,0.999025,-0.303621,-0.873788,-0.8738,0.468178,1.022535,0.680387,1.25564,1.075032,0.371865,-1.0,94.818947,96.00953145,1.2863906010341644,93.43675024793167,98.58231265206832,95.49952147981537,0.11263517767361009,-0.00877639543187886
2015-08-12,-0.36257,0.146981,-1.303285,-0.048967,-0.048962,0.282213,0.911316,0.778702,1.19696,1.242918,0.542215,0.0,94.772522,95.9069115,1.2997151503417799,93.30748119931644,98.50634180068357,95.43028343411868,0.043468306238438004,-0.0004897372352539083
2015-08-13,0.009791,0.293681,-0.362215,0.09799,0.097996,0.148796,0.711693,0.621303,0.918252,1.227208,0.562238,0.0,94.865395,95.73649795,1.1920425673377877,93.35241281532443,98.12058308467557,95.37648453563119,-0.003808955498371347,0.0009794771941627144
2015-08-14,-0.01952,0.117091,-0.439114,0.323055,0.323052,-0.121002,0.263463,0.341526,0.430812,0.872361,0.325587,0.0,95.17186,95.5818719,1.037425537160186,93.50702082567962,97.65672297432037,95.35699648461869,-0.016358787850592194,0.0032253177480514868
2015-08-17,-0.735794,0.096813,-1.200501,0.790396,0.790389,-0.848093,-0.626386,-0.332392,-0.49375,0.049574,-0.310449,1.0,95.924088,95.45046245,0.7745022064423122,93.90145803711538,96.99946686288463,95.41100520036929,0.03400193937034146,0.007872818792929892
2015-08-18,0.145323,0.348771,-0.242201,-0.06777,-0.067765,-0.563843,-0.592908,-0.237034,-0.45001,0.012788,-0.112059,0.0,95.859085,95.42770970000001,0.7542127095343336,93.91928428093134,96.93613511906868,95.45367946700078,0.06788543859617846,-0.0006778801442522674
2015-08-19,-0.067961,0.349516,-0.737866,-0.213138,-0.213133,-0.166993,-0.404858,-0.068613,-0.154859,0.177471,0.229768,0.0,95.654778,95.50664839999999,0.6847098793818239,94.13722864123635,96.87606815876363,95.4728317082388,0.07736072216519574,-0.0021336009237592547
2015-08-20,1.2916,1.460508,-0.009938,-2.281551,-2.281558,1.865872,1.753602,2.097036,2.057129,2.310979,2.590826,-1.0,93.472359,95.39520585,0.8194932666396069,93.75621931672079,97.0341923832792,95.28231049793034,-0.09019332885242193,-0.023079880671820558
2015-08-21,1.834768,2.531776,-0.030749,-3.070049,-3.070054,4.083649,4.499805,4.907759,5.072273,5.213212,5.646791,-1.0,90.602707,95.19832360000001,1.3420689601541278,92.51418567969175,97.88246152030827,94.83663397431792,-0.4493581343066637,-0.031181675730536287
2015-08-24,0.01055,1.265694,-2.953271,-2.818778,-2.818776,5.31379,6.667024,7.279126,7.765011,7.787793,8.384143,-1.0,88.04882,94.88582015,2.0847198951553,90.7163803596894,99.0552599403106,94.19017550057336,-0.9293630487302806,-0.028592657813793127
2015-08-25,3.573683,3.605214,-0.147151,0.348066,0.348072,3.249945,5.565482,6.316305,6.989173,7.053605,7.630509,0.0,88.355293,94.53059745,2.537817268521352,89.4549629129573,99.6062319870427,93.63447240528066,-1.2703962546322032,0.0034746730462722
2015-08-26,0.411821,0.453004,-2.491504,2.091652,2.091651,-0.074128,2.896121,3.718044,4.45949,4.688565,5.180689,1.0,90.203377,94.22598780000001,2.6766414661000537,88.87270486779991,99.57927073220011,93.30770141430155,-1.3756845583487092,0.02070075896989261
2015-08-27,-0.74006,0.334552,-1.206409,1.55462,1.554621,-2.011359,0.965124,1.880913,2.630271,2.907136,3.327926,1.0,91.605698,94.0151758,2.7101544802649293,88.59486683947014,99.43548476052985,93.14560585103474,-1.3306320150115312,0.015426609593448033
2015-08-28,-0.9151,0.081344,-1.047278,-0.293999,-0.294006,-1.561766,0.842913,1.919681,2.658369,3.070266,3.379773,0.0,91.336372,93.76442999999999,2.714628105717271,88.33517378856544,99.19368621143454,92.97329786522191,-1.3016552358725875,-0.0029443877460769803
2015-08-31,0.792015,1.080021,-0.185147,-1.148955,-1.148949,0.078169,1.390656,2.707944,3.484362,4.090513,4.276209,-1.0,90.286964,93.4328889,2.7141503952558907,88.00458810948821,98.86118969051178,92.7174565447246,-1.3478324119218712,-0.011556000471617029
2015-09-01,0.580907,0.918888,-0.295731,-2.612632,-2.612637,2.665824,3.208705,4.940857,5.791089,6.54035,6.755742,-1.0,87.928093,93.02008755,2.8954687034189805,87.22915014316204,98.81102495683795,92.26132668332225,-1.5568232431636346,-0.026473731318300345
2015-09-02,-0.962341,0.010463,-1.328448,0.971692,0.971695,1.357741,1.441423,3.481173,4.37291,5.176571,5.52964,1.0,88.782486,92.66486445000001,2.9603142638863504,86.7442359222273,98.58549297777272,91.93000852300585,-1.6346642164366614,0.009670045366454678
2015-09-03,0.922816,1.101094,-0.230707,-0.251043,-0.251046,0.924916,1.141988,3.26692,4.270136,5.113257,5.526429,0.0,88.559601,92.34121675,3.040585323303197,86.2600461033936,98.4223873966064,91.60901733033863,-1.6948020819191072,-0.002513617845876008
2015-09-04,0.02115,0.486514,-0.78266,-0.849411,-0.849412,0.985722,1.690111,3.592456,4.75833,5.624539,6.174865,-1.0,87.807365,91.98552939999999,3.13744536902282,85.71063866195435,98.26042013804563,91.24695520363971,-1.7826120895544193,-0.008530402020278985
2015-09-08,-0.270153,0.197425,-0.97672,1.787409,1.787414,-0.991272,0.052993,1.284983,2.567541,3.432254,4.126838,1.0,89.376846,91.6716328,3.0642156007649297,85.54320159847013,97.80006400152986,91.06884956519784,-1.7058936728635246,0.01771627439642536
2015-09-09,2.296215,2.400588,-0.146123,-0.4468,-0.446801,-0.311031,0.571967,1.223952,2.699617,3.572491,4.351324,0.0,88.977509,91.3795609,3.0265972224531668,85.32636645509366,97.43275534490634,90.86967427327423,-1.6582022105232141,-0.0044780254153657635
2015-09-10,0.249304,0.727126,-0.270069,0.480116,0.480112,-0.648172,0.002083,0.274234,1.908701,2.787584,3.595798,0.0,89.404701,91.11116985,2.9468335876824443,85.21750267463511,97.00483702536488,90.73015300915287,-1.567862219111035,0.0047896347586431735
2015-09-11,-1.470747,0.041422,-1.470747,0.290855,0.290858,-0.689802,-0.504406,-0.299676,1.323146,2.250024,3.066457,0.0,89.664742,90.8511372,2.8250602522071637,85.20101669558566,96.50125770441433,90.62868529399546,-1.458471636447797,0.002904361329743457
2015-09-14,0.104579,0.250991,-0.533363,-0.963231,-0.96323,0.499891,0.177783,0.534751,1.949902,2.968832,3.785467,-1.0,88.801064,90.5325974,2.6669827784521916,85.19863184309561,95.86656295690439,90.45462612313875,-1.4250433949145247,-0.009678994111022035
2015-09-15,-0.601778,0.12451,-0.830043,0.794807,0.794805,-0.263537,-0.699312,-0.149405,0.787512,1.882138,2.691089,1.0,89.506859,90.21173595,2.3515736348697165,85.50858868026057,94.91488321973944,90.36436258760172,-1.3263106313780355,0.007916627307540237
2015-09-16,-0.695795,0.194408,-0.961836,1.400712,1.400717,-1.248344,-1.758935,-1.352032,-0.885611,0.295911,1.073359,1.0,90.760597,89.95681155,1.9490489017849812,86.05871374643003,93.85490935356997,90.40209919830633,-1.1338279632924184,0.013909978461716061
2015-09-17,-0.939157,1.010615,-0.939157,0.235338,0.235328,-1.13515,-1.748667,-1.527148,-1.375555,-0.106567,0.656058,0.0,90.974182,89.72278175,1.4445881370950848,86.83360547580983,92.61195802419016,90.4565832746581,-0.9530632180596115,0.0023505142990446646
2015-09-18,0.465593,1.262288,-0.18624,-1.337277,-1.337275,0.225557,-0.283497,-0.329711,-0.245732,1.019763,1.824454,-1.0,89.757607,89.53704415,1.1448230604293312,87.24739802914134,91.82669027085866,90.39001410564305,-0.897626016318128,-0.013462970539795942
2015-09-21,1.658665,1.846439,-0.417277,-0.817383,-0.817377,1.101602,0.674938,0.318516,0.487686,1.576044,2.442795,-1.0,89.023949,89.45810625,1.1216712727016707,87.21476370459666,91.70144879540334,90.25991266701037,-0.902488379440129,-0.008207358015237693
2015-09-22,0.60325,0.883335,-0.764838,-3.160859,-3.160865,3.636757,3.593667,3.277677,3.660995,4.440807,5.421382,-1.0,86.210022,89.36616635,1.3038341655226309,86.75849801895474,91.97383468104526,89.87420879396177,-1.1204859644566199,-0.03211898800897591
2015-09-23,0.465309,0.725028,-0.194785,-0.452438,-0.452436,2.956387,3.696567,3.583303,3.984414,4.447568,5.550984,0.0,85.819977,89.23940055,1.5136552083896548,86.21209013322068,92.26671096677931,89.48809148025111,-1.3096274232079281,-0.004534623852068088
2015-09-24,0.544662,0.697167,-0.68628,-0.660103,-0.6601,2.298473,3.89869,3.995639,4.385072,4.65359,5.880171,-1.0,85.253479,88.99190564999999,1.7360744466800815,85.51975675663984,92.46405454336015,89.08479505356054,-1.4880813703981914,-0.006622886845436008
2015-09-25,2.836496,2.96791,-0.503778,-0.533774,-0.533776,1.677806,3.882383,4.258026,4.543865,4.806049,6.052645,-1.0,84.798416,88.65154155,1.8595645470499351,84.93241245590013,92.37067064409987,88.67656847703097,-1.6472388461694862,-0.0053520613369949935
2015-09-28,3.105868,3.105868,-0.500952,-1.620848,-1.620845,2.010462,4.949346,5.625437,5.792048,6.188575,7.33051,-1.0,83.423965,88.2559212,2.0861770450481805,84.08356710990364,92.42827529009637,88.17632052683754,-1.8628057363473545,-0.01634124517064863
2015-09-29,-0.424484,0.915995,-0.703751,-0.345102,-0.345107,1.624225,4.546478,5.490773,5.728336,6.319936,7.189463,0.0,83.136063,87.89837615,2.319500881876782,83.25937438624644,92.53737791375357,87.69629600047206,-2.033435160431466,-0.0034570393651621673
2015-09-30,0.043517,0.152306,-0.77241,2.680966,2.680968,-1.135767,1.18473,2.454313,2.817672,3.403834,3.981003,1.0,85.364914,87.7702172,2.387584724586775,82.99504775082646,92.54538664917355,87.47425961947471,-1.966146052116386,0.026456594441739152
2015-10-01,0.457016,0.565828,-1.153434,-0.021754,-0.021754,-1.092494,0.547334,2.159594,2.638738,3.198694,3.601015,0.0,85.346344,87.5984101,2.4340866124205873,82.73023687515882,92.46658332484117,87.27160098904855,-1.8925018099650686,-0.00021756034476934298
2015-10-02,-2.20864,0.0,-2.519566,1.490745,1.49075,-2.125015,-1.291948,0.424574,1.019085,1.452557,1.815518,1.0,86.618645,87.5013623,2.4324393354665625,82.63648362906687,92.36624097093312,87.20941470437727,-1.7117422605876413,0.014797479686293623
2015-10-05,-0.467086,0.318475,-0.467086,0.997105,0.997104,-2.163483,-2.442674,-0.667373,0.003186,0.274736,0.691438,1.0,87.482323,87.48511020000001,2.4313728363906084,82.62236452721879,92.34785587278122,87.23540597062706,-1.48171710639636,0.009921657471491901
2015-10-06,0.931771,1.188819,-0.706869,-0.881098,-0.881099,-0.469105,-1.517622,0.000711,0.738456,1.001175,1.535108,-1.0,86.711517,87.35184375,2.3950001284407816,82.56184349311843,92.14184400688157,87.18551178294828,-1.346101101187827,-0.008850037762423357
2015-10-07,0.218346,1.146293,-0.447594,-1.895689,-1.895692,1.384283,0.296947,1.486904,2.455245,2.818345,3.368272,-1.0,85.067734,87.15635499999999,2.4148067320164883,82.32674153596702,91.98596846403296,86.98381866076274,-1.355637050369893,-0.019138902588880655
2015-10-08,-1.015012,0.107978,-1.371348,1.102623,1.102627,0.431916,-0.70943,-0.005042,1.140263,1.567863,2.078247,1.0,86.005714,86.98640565,2.367385842862238,82.25163396427551,91.72117733572448,86.89066583592819,-1.2728347649670155,0.010965926161054664
2015-10-09,0.446133,0.718168,-0.500544,-0.766655,-0.766658,0.909684,0.121871,0.422923,1.668662,2.201959,2.622416,-1.0,85.346344,86.77048575,2.3063948559380716,82.15769603812386,91.38327546187615,86.74358756583979,-1.246055256289921,-0.007696122967535897
2015-10-12,-0.779644,0.238226,-0.779644,0.489658,0.489661,0.017327,-0.093124,-0.319797,0.996211,1.608664,1.905795,0.0,85.764252,86.61864514999999,2.2652737068567323,82.08809773628653,91.14919256371346,86.65031751195029,-1.1775367095339107,0.004884663378039538
2015-10-13,1.109648,1.340366,-0.076906,-1.440174,-1.440182,0.962433,1.53154,1.004184,2.177553,2.863996,3.167812,-1.0,84.529091,86.36975675,2.203864822508407,81.96202710498318,90.77748639501681,86.4482959393836,-1.2089662274939172,-0.014506529012908824
2015-10-14,-0.445164,0.358308,-0.608032,1.186554,1.186563,-0.112923,0.360476,-0.20268,0.673723,1.496633,1.864639,1.0,85.532082,86.10833099999999,1.9512308583964857,82.20586928320702,90.01079271679296,86.3610374689661,-1.139802422733311,0.01179578632803793
2015-10-15,-1.576821,0.010656,-1.576821,1.91097,1.910959,-1.719579,-1.312588,-1.927689,-1.432447,-0.509263,-0.107246,1.0,87.166565,85.91795015,1.6068470479733805,82.70425605405323,89.13164424594676,86.43775437668361,-0.9422389469495442,0.018929294855752444
2015-10-16,-0.557718,0.084186,-0.631379,1.246535,1.246536,-2.270859,-2.342413,-2.874175,-2.731237,-1.798163,-1.34869,1.0,88.253128,85.8427262,1.4446654919381472,82.95339521612371,88.7320571838763,86.61064710271374,-0.690037591883069,0.012388311456267008
2015-10-19,0.456864,0.541855,-0.467491,-0.957588,-0.957586,-0.949855,-1.406716,-1.631252,-1.883234,-0.912452,-0.410114,-1.0,87.408028,85.76193015,1.2947981040803584,83.17233394183928,88.35152635816071,86.68658814055053,-0.5519956459833111,-0.009622007954340574
2015-10-20,1.505468,1.505468,-0.270768,-1.901828,-1.901823,1.254191,0.392066,0.478713,-0.008127,0.833095,1.379468,-1.0,85.745682,85.73871315,1.2904963873771003,83.15772037524579,88.3197059247542,86.59697803192667,-0.5701613733155995,-0.019201402897093725
2015-10-21,0.676933,0.818867,-0.9608,-0.801479,-0.801478,1.960912,1.202096,1.266514,0.754996,1.379628,2.044985,-1.0,85.058449,85.70063675,1.2991778138206564,83.10228112235869,88.29899237764131,86.45045145745746,-0.6327182209598021,-0.008047073621417664
2015-10-22,-1.44975,0.270475,-1.795957,0.917135,0.91714,0.724866,0.262893,0.384427,-0.126591,0.218969,0.979112,1.0,85.838554,85.7298905,1.2951600657678124,83.13957036846438,88.32021063153562,86.39217550912818,-0.6122889338325024,0.009129597415379768
2015-10-23,-0.602285,0.645299,-0.699076,0.595048,0.595039,-0.311895,-0.214027,-0.230159,-0.627557,-0.531729,0.253816,1.0,86.349327,85.80743605,1.2828246569709572,83.24178673605809,88.37308536394193,86.38809469873503,-0.548560005925566,0.005932757813136573
2015-10-26,0.07584,0.758393,-0.303365,-0.73134,-0.731332,0.028163,0.515699,0.367632,0.238343,0.046794,0.872507,-1.0,85.717827,85.92212915,1.1546507401311468,83.61282766973771,88.2314306302623,86.32425967980788,-0.5427546065007363,-0.007340190392734622
2015-10-27,-0.055473,1.03173,-0.244066,-2.340199,-2.340206,1.93921,2.826716,2.533838,2.67473,2.32483,3.058947,-1.0,83.711853,85.95091864999999,1.0867074283768914,83.77750379324621,88.12433350675377,86.0754590436357,-0.6920416969057896,-0.023680239934897075
2015-10-28,0.834701,0.91158,-1.197149,1.009545,1.009544,0.801759,1.683689,1.468788,1.600767,1.242392,1.784366,1.0,84.556961,85.91052099999999,1.1240154695639437,83.6624900608721,88.15855193912788,85.93084018233706,-0.7337019791672361,0.010044821565426446
2015-10-29,-0.692609,0.26385,-0.736585,-0.098851,-0.098854,0.578283,1.465486,1.448261,1.649632,1.305634,1.62856,0.0,84.473373,85.86687245,1.1633391031354237,83.54019424372916,88.19355065627084,85.79203378401924,-0.7646485139399601,-0.0009890296591815498
2015-10-30,0.619261,1.183236,0.0,-0.582673,-0.582671,0.603785,1.551481,1.934464,2.088358,1.860447,1.994916,-1.0,83.981171,85.73499875,1.2216618113597018,83.2916751272806,88.1783223727194,85.6195706617317,-0.8194444085460475,-0.005843753323764448
2015-11-02,-0.395432,0.120827,-0.494294,0.674556,0.674562,-0.347105,0.532731,1.155532,1.230774,1.231103,1.135028,1.0,84.547676,85.5882664,1.1761372922154256,83.23599181556915,87.94054098443084,85.51748545585248,-0.8078459851343496,0.006722969317584028
2015-11-03,-0.033255,0.254964,-0.39907,-0.911689,-0.91169,0.5853,1.222703,2.026382,1.987029,2.193104,1.968739,-1.0,83.776863,85.44153370000001,1.2111664741675416,83.01920075166493,87.86386664833509,85.35171188862844,-0.8510420353373291,-0.009158716758579715
2015-11-04,0.923353,1.012353,-0.400489,-0.354728,-0.354728,0.685281,1.393927,2.225683,2.254978,2.46657,2.23829,0.0,83.479683,85.36213115000001,1.2866643325657632,82.78880248486848,87.93545981513154,85.17342342304478,-0.8988932765466444,-0.003553586628912151
2015-11-05,0.764291,0.764291,-0.376603,0.433864,0.433866,0.099688,0.717765,1.519714,1.684202,1.952146,1.740508,0.0,83.841873,85.2539391,1.320236672431035,82.61346575513792,87.89441244486207,85.04660909704052,-0.8972471176474386,0.0043292756098823
2015-11-06,0.4686,0.479751,-0.446272,-0.719985,-0.71999,0.64711,1.074422,1.854296,2.294995,2.529068,2.415862,-1.0,83.23822,85.14853289999999,1.39453535061145,82.3594621987771,87.93760360122289,84.87438156398905,-0.9338870089070497,-0.007225943148180167
2015-11-09,0.135551,0.553482,-0.327574,-1.227265,-1.227264,1.330623,1.90444,2.698899,3.350278,3.546821,3.639445,-1.0,82.216667,84.97115365,1.5310352142270238,81.90908322154596,88.03322407845405,84.62126589122818,-1.0334422968294632,-0.012348574280804176
2015-11-10,-0.690436,0.181102,-0.803621,-0.203322,-0.203325,1.11602,1.909456,2.607816,3.409739,3.530509,3.806457,0.0,82.0495,84.84717409999999,1.6633911114683926,81.5203918770632,88.17395632293677,84.3763358063493,-1.1129995931010939,-0.0020353193936496557
2015-11-11,1.000338,1.136751,-0.125043,-0.430104,-0.430104,1.116289,1.999546,2.776706,3.621691,3.812665,4.105189,0.0,81.696602,84.6554001,1.796077453915729,81.06324519216854,88.24755500783145,84.12112306288746,-1.1907984594894145,-0.004310313858566649
2015-11-12,0.172693,1.185814,0.0,-1.261794,-1.261798,1.621001,2.830997,3.662604,4.542948,4.874516,5.242158,-1.0,80.665756,84.33035965,1.9027718727628324,80.52481590447434,88.13590339552567,83.79204048546961,-1.3204143638165675,-0.012698261645095065
2015-11-13,-0.509971,0.498377,-0.579509,-0.667743,-0.667737,1.527583,3.041261,3.841756,4.738643,5.318962,5.679571,-1.0,80.127121,83.9240593,1.8885775673305134,80.14690416533897,87.70121443466103,83.4430005344725,-1.4498858630607288,-0.006699762139328918
2015-11-16,-0.505459,0.091894,-0.597362,0.892448,0.892451,0.289481,1.671446,2.521149,3.406083,4.143819,4.470987,1.0,80.842216,83.5957687,1.820526314744437,79.95471607051113,87.23682132948886,83.19530676928464,-1.4777561161658497,0.00888491830258025
2015-11-17,0.034316,1.109587,-0.080073,0.425037,0.425042,-0.347751,0.921981,1.879809,2.687596,3.538316,3.801947,0.0,81.185829,83.36777605,1.8226365284490496,79.7225029931019,87.01304910689811,83.00392793411469,-1.4553405353659912,0.004241407900957717
2015-11-18,-0.305193,0.158246,-1.00599,1.201102,1.201098,-1.417432,-0.43631,0.47624,1.292525,2.145356,2.452051,1.0,82.16095,83.2229011,1.796141382464746,79.63061833507051,86.8151838649295,82.92364432134185,-1.3434059631112092,0.011939416124875223
2015-11-19,0.496784,0.632265,-0.146774,0.113032,0.113028,-1.142596,-0.741786,0.182907,0.960258,1.791127,2.184337,0.0,82.253815,83.04366415,1.6975419309800248,79.64858028803995,86.43874801196004,82.85985105264263,-1.2329904325627297,0.00112964319080919
2015-11-20,0.679116,0.905494,-0.033954,-0.248393,-0.248396,-0.427837,-0.639497,0.275425,0.949637,1.742168,2.304853,0.0,82.0495,82.8286728,1.5198312477143372,79.78901030457133,85.86833529542868,82.78267476191476,-1.1487299977163588,-0.002487047876231629
2015-11-23,0.76168,1.084817,-0.092328,-1.924161,-1.924154,1.433348,1.092897,1.904976,2.604148,3.393416,4.092704,-1.0,80.470741,82.5663185,1.4459360147550964,79.6744464704898,85.45819052951019,82.56249059411336,-1.195563936253052,-0.019429071156025275
2015-11-24,-0.578704,0.416667,-0.659722,-0.288517,-0.288515,1.490735,1.159715,1.905856,2.684598,3.418048,4.215656,0.0,80.238571,82.3926544,1.5083428159309484,79.37596876813811,85.40934003186189,82.34116491848351,-1.2371532164598307,-0.0028893180939757158
2015-11-25,0.895874,0.907511,0.0,-0.520839,-0.520841,1.435719,1.454335,2.133798,2.925537,3.697033,4.522784,-1.0,79.820656,82.15583914999999,1.5223974585671984,79.1110442328656,85.20063406713439,82.10111645005652,-1.2889767469185784,-0.005222016343892652
2015-11-27,0.710626,1.036821,-0.151441,-0.127983,-0.127984,0.92964,1.465521,1.919853,2.759206,3.522836,4.345296,0.0,79.718498,81.9180954,1.5126730146801621,78.89274937063968,84.94344142936032,81.874200407194,-1.3230393904755147,-0.0012806638546227728
2015-11-30,0.598313,0.903336,-0.058653,-0.698973,-0.698976,0.910376,2.057724,2.293919,3.178089,3.888319,4.696938,-1.0,79.161285,81.6771011,1.5501709741877678,78.57675915162447,84.77744304837553,81.61582751127075,-1.3790993147383688,-0.00701430067525509
2015-12-01,0.197796,0.232699,-0.779521,0.832941,0.832946,-0.086097,1.086679,1.248788,2.029668,2.734612,3.515222,1.0,79.820656,81.4407501,1.4463479086424396,78.54805428271513,84.33344591728488,81.44485879591164,-1.354705280303392,0.008294964529877833
2015-12-02,0.505763,0.788056,-0.317569,-1.082024,-1.082023,0.68219,1.910138,2.095192,2.840506,3.6175,4.360933,-1.0,78.956978,81.19975585,1.4381394957664002,78.3234768584672,84.0760348415328,81.20791776772957,-1.3890522985631293,-0.010879196228668361
2015-12-03,1.702935,1.821192,-0.331125,-0.541048,-0.541054,0.901137,2.002132,2.381744,3.084795,3.874175,4.651533,-1.0,78.529778,80.9522606,1.4509941222107308,78.05027235557854,83.85424884442146,80.95285683746961,-1.4342113322587835,-0.005425231412083164
2015-12-04,-1.206218,0.127582,-1.345399,1.963107,1.96311,-0.953379,-0.234288,0.361089,0.864645,1.654369,2.396579,1.0,80.071404,80.76373715,1.2920306663836907,78.17967581723262,83.34779848276737,80.8689089481868,-1.3302693406270834,0.01944089615031635
2015-12-07,0.724462,0.852998,-0.16359,-0.742286,-0.742289,-0.13321,0.188127,1.0571,1.38233,2.187892,2.874112,-1.0,79.477043,80.5756783,1.1819412100009985,78.21179587999801,82.939560720002,80.73635028645472,-1.2810869558372673,-0.0074505739246021295
2015-12-08,0.129459,0.564901,-0.553138,-0.712785,-0.712782,0.353064,0.70966,1.619393,1.900668,2.63575,3.325091,-1.0,78.910545,80.4103722,1.171504168363533,78.06736386327293,82.75338053672706,80.56246406869712,-1.2731451904795819,-0.00715334355183333
2015-12-09,1.024298,1.238686,-0.357307,-1.188657,-1.188662,1.30777,1.630542,2.5671,2.86506,3.572658,4.322698,-1.0,77.972565,80.20652545,1.224768772232789,77.75698790553443,82.65606299446557,80.3158070145355,-1.3272388479289248,-0.011957835062966209
2015-12-10,0.117508,0.881316,-0.44653,1.357788,1.357796,0.077555,0.169211,0.929102,1.318448,1.960045,2.692125,1.0,79.031273,80.07325900000001,1.198832845241212,77.67559330951758,82.47092469048243,80.1934704417226,-1.2700393505125618,0.013486600845731047
2015-12-11,0.638903,1.254147,-0.1893,-0.681552,-0.681557,0.362048,0.70043,1.30226,1.875301,2.387131,3.14285,-1.0,78.49263,79.9646027,1.2400767195237523,77.4844492609525,82.4447561390475,80.03148563774901,-1.2537202189126901,-0.006838899863777439
2015-12-14,0.141913,0.496695,-0.946069,0.047327,0.047327,0.073323,0.572378,0.955538,1.725406,2.098868,2.862665,0.0,78.529778,79.88473555,1.279859153943022,77.32501724211396,82.44445385788605,79.8884658627253,-1.223683791375322,0.00047315540713185216
2015-12-15,-0.598032,0.457316,-0.609753,0.851468,0.851467,-0.698874,-0.355298,-0.003906,0.762785,1.08443,1.769077,1.0,79.198433,79.8025464,1.2678595903322651,77.26682721933547,82.33826558066453,79.82274844722764,-1.1328658633460407,0.008478622833441168
2015-12-16,-0.127153,0.161831,-1.248413,1.442311,1.442311,-1.521214,-1.599816,-1.417179,-0.722461,-0.437869,0.179554,1.0,80.340721,79.760291,1.2329327818616151,77.29442543627677,82.22615656372322,79.87207916653928,-0.9576793742821224,0.014320089978729127
2015-12-17,0.844073,1.617816,-0.070346,-1.398681,-1.398682,-0.077377,-0.117235,-0.06956,0.499999,0.849237,1.421257,-1.0,79.21701,79.613094,1.0997845033338014,77.4135249933324,81.8126630066676,79.80969162686888,-0.8991520409781089,-0.014085554762548663
2015-12-18,0.648818,1.22685,-0.047179,-0.621343,-0.621334,0.606343,0.3362,0.471074,0.904208,1.381146,1.838697,-1.0,78.724808,79.43664365,0.9226376154477078,77.59136841910458,81.2819188808954,79.7063693766909,-0.8823145229652454,-0.00623272037266065
2015-12-21,0.743975,0.95654,-0.555032,-0.106166,-0.106177,0.741619,0.336564,0.533778,0.794761,1.413325,1.75209,0.0,78.64122,79.26622964999999,0.7033306128573796,77.85956842428523,80.67289087571474,79.6049265789108,-0.8657358575937479,-0.0010623386625884755
2015-12-22,0.400712,0.436067,-0.565698,0.200753,0.200753,0.438426,0.121395,0.24593,0.486747,1.106429,1.403659,0.0,78.799095,79.18264735,0.6499575791886153,77.88273219162276,80.48256250837723,79.52818071425263,-0.8302869219597397,0.002005522574265754
2015-12-23,-1.581258,0.080794,-1.604339,2.109606,2.109611,-1.606648,-1.637812,-1.700523,-1.575485,-1.018467,-0.757155,1.0,80.461449,79.19379124999999,0.6705978250164506,77.85259559996709,80.53498690003289,79.61706340813333,-0.6604421442184503,0.020876663281719658
2015-12-24,-0.208165,0.451023,-0.208165,-0.196212,-0.196212,-1.142595,-1.285998,-1.360011,-1.351916,-0.916389,-0.61987,0.0,80.303574,79.21793715,0.7023016769349825,77.81333379613004,80.62254050386996,79.68244536926349,-0.5324404848004178,-0.0019640472511237355
2015-12-28,0.587899,0.587899,-0.242074,0.323811,0.323811,-1.00519,-1.347552,-1.637658,-1.617869,-1.320116,-0.944861,0.0,80.563606,79.26019255,0.7572762263121138,77.74564009737577,80.77474500262423,79.76636542933363,-0.4053432931219163,0.0032328810199496595
2015-12-29,-0.204429,0.12493,-0.397508,1.498563,1.498566,-1.701313,-2.40773,-2.902904,-2.910854,-2.790694,-2.340344,1.0,81.770905,79.39067355,0.9417024575269006,77.5072686349462,81.2740784650538,79.95727395987329,-0.20483767236954975,0.014874486664499928
2015-12-30,1.062493,1.096766,0.0,-0.590578,-0.590584,-0.504966,-1.570887,-2.131077,-2.2438,-2.172967,-1.741876,-1.0,81.287979,79.46403969999999,1.0299846211347496,77.40407045773048,81.52400894226949,80.08400777321869,-0.08393605300663864,-0.005923349898522318
2015-12-31,0.453276,0.929794,-0.02325,-1.702271,-1.702273,1.078571,0.079035,-0.275065,-0.49163,-0.495582,-0.093753,-1.0,79.904236,79.5114026,1.0272163305367619,77.45696993892648,81.56583526107352,80.06688665195976,-0.09864008281626013,-0.017169278205578387
