date,c_open,c_high,c_low,n_close,n_adj_close,adj_sum_5,adj_sum_10,adj_sum_15,adj_sum_20,adj_sum_25,adj_sum_30,label,closing_price_for_label,melody_ma20,melody_std20,melody_lb20,melody_ub20,melody_ema20,melody_macd_12_26,melody_str_log_return
2013-06-03,-1.621625,0.072072,-2.270267,1.909658,1.90964,1.275686,2.864877,3.781395,3.659935,3.889069,4.7959,1.0,23.887589,,,,,,,
2013-06-04,0.614606,1.409975,-1.193059,-0.324324,-0.324298,0.629053,2.823558,3.706904,3.848504,3.862879,4.773602,0.0,23.810122,,,,,,,-0.0032482509742958205
2013-06-05,0.909753,1.783111,-0.363905,-0.650759,-0.650782,0.705977,3.024027,3.920437,4.290402,4.346769,5.054403,-1.0,23.65517,,,,,,,-0.006529088684576717
2013-06-06,-2.241199,0.142295,-2.561373,2.29258,2.292594,-1.650665,0.291704,1.247473,1.842752,1.92972,2.434641,1.0,24.197487,,,,,,,0.02266708909678948
2013-06-07,-0.070771,1.273889,-0.813868,0.533614,0.533601,-1.44373,-0.541394,0.476537,1.242047,1.280001,1.684553,0.0,24.326605,,,,,,,0.005321822600520114
2013-06-10,0.035241,0.775463,-0.352489,0.389246,0.389253,-1.388791,-1.163202,-0.051699,0.787804,0.837865,1.117415,0.0,24.421297,,,,,,,0.003884972079368434
2013-06-11,-1.337083,0.774099,-1.653761,0.176239,0.176244,-1.027449,-1.54469,-0.293223,0.443348,0.651652,0.733273,0.0,24.464338,,,,,,,0.0017608858357472839
2013-06-12,0.77383,1.864224,-0.105522,0.035186,0.035178,-0.393944,-1.526551,-0.410358,0.237432,0.565606,0.65099,0.0,24.472944,,,,,,,0.00035171549121640675
2013-06-13,-2.441537,0.240715,-2.510316,2.286317,2.286317,-1.953229,-3.442223,-2.686835,-2.08562,-1.634107,-1.550754,1.0,25.032473,,,,,,,0.022605721199184935
2013-06-14,-0.240633,0.928157,-0.515638,0.034388,0.034391,-1.416293,-2.836025,-2.724875,-2.146783,-1.600547,-1.577498,0.0,25.041082,,,,,,,0.0003438541595388787
2013-06-17,0.823045,0.823045,-0.891632,0.240633,0.240641,-1.111118,-2.585739,-2.930961,-2.347398,-1.77641,-1.763543,0.0,25.101341,,,,,,,0.002403514844470156
2013-06-18,-0.918371,0.170071,-1.2585,0.823045,0.823044,-1.251705,-2.78912,-3.634924,-3.025513,-2.574152,-2.461454,1.0,25.307936,,,,,,,0.00819675143138085
2013-06-19,0.927838,2.439859,-0.687285,-1.020408,-1.020407,0.2268,-1.230245,-2.453612,-1.970794,-1.611,-1.420394,-1.0,25.049692,,,,,,,-0.010256490390703232
2013-06-20,1.326819,2.060059,-0.663401,-1.580759,-1.580742,1.529316,0.541184,-0.796106,-0.51154,-0.159235,0.152449,-1.0,24.653721,,,,,,,-0.01593368960285789
2013-06-21,1.405488,2.283914,0.0,-0.628492,-0.62851,1.728748,1.247366,0.119466,0.003514,0.361209,0.769501,-1.0,24.49877,,,,,,,-0.006304930234463538
2013-06-24,1.623966,2.4179,-0.685669,-2.635278,-2.635263,3.435575,3.749536,2.819667,2.470213,2.897135,3.375422,-1.0,23.853163,,,,,,,-0.026706083122685062
2013-06-25,0.321543,0.571633,-1.464809,1.010469,1.010432,1.393377,2.558076,1.869734,1.26297,1.766364,2.176987,1.0,24.094183,,,,,,,0.010053612981650788
2013-06-26,-0.071174,0.92527,-0.88968,0.392997,0.393008,0.284707,2.039155,1.618039,0.834528,1.271183,1.622784,0.0,24.188875,,,,,,,0.003922374651712582
2013-06-27,0.745206,1.703336,-0.2484,0.284698,0.284705,-0.326475,1.430094,1.346108,0.535841,0.824699,1.171044,0.0,24.257742,,,,,,,0.002843007444085854
2013-06-28,1.892185,2.534805,0.0,-0.603265,-0.603275,-0.042835,1.660133,1.901713,1.285266,1.279553,1.637521,-1.0,24.111401,24.42129655,0.47994813602112946,23.461400277957743,25.38119282204226,24.34551119192946,,-0.006051024990106836
2013-07-01,0.683938,1.871843,-0.251987,-0.821132,-0.821134,0.835134,2.005049,2.603801,2.129239,1.936654,2.337423,-1.0,23.913414,24.4225878,0.4784691400305125,23.465649519938975,25.379526080061023,24.304359078412368,,-0.008245242450656423
2013-07-02,0.072195,0.79422,-1.010834,-0.287977,-0.287968,0.916963,1.685921,2.726835,2.431408,2.041877,2.512636,0.0,23.844551,24.42430925,0.47620620033164623,23.47189684933671,25.376721650663292,24.260567832849283,,-0.0028838350932645163
2013-07-03,-0.650998,0.180835,-1.157324,-0.180509,-0.180507,0.773958,1.345389,2.724534,2.647379,2.135264,2.561786,0.0,23.80151,24.43162625,0.4647527644708004,23.5021207210584,25.3611317789416,24.21684803924459,,-0.001806697586510245
2013-07-05,0.286021,0.464787,-0.679292,1.15732,1.157317,-0.529136,-0.053625,1.284717,1.447987,0.926715,1.229897,1.0,24.076969,24.42560035,0.46871278697213725,23.488174776055725,25.363025923944274,24.2035262259832,,0.011506716382032852
2013-07-08,0.391045,0.604337,-0.177743,0.572041,0.572057,-1.009608,-0.739435,0.481092,0.847841,0.480618,0.53797,1.0,24.214703,24.42000525,0.47062071927389987,23.4787638114522,25.361246688547798,24.204590680651467,,0.005704270230012334
2013-07-09,-0.141097,0.423277,-0.282187,0.782087,0.782079,-1.375664,-1.283958,-0.489127,0.061725,-0.214465,-0.323342,1.0,24.404081,24.419144449999997,0.4706339766949848,23.477876496610026,25.36041240338997,24.22358975868466,-0.028113597493277354,0.007790361757056891
2013-07-10,0.105478,0.246129,-0.45711,0.317464,0.317459,-1.167371,-1.438119,-1.029069,-0.251409,-0.420537,-0.705581,0.0,24.481554,24.42000525,0.4707367202370844,23.47853180952583,25.36147869047417,24.24815778166707,-0.0029948100378689446,0.0031695636093776445
2013-07-11,0.243309,0.45186,-0.556131,1.160334,1.160331,-1.522414,-2.335764,-2.240756,-1.336457,-1.383381,-1.787737,1.0,24.765621,24.434639100000002,0.4769769320192719,23.48068523596146,25.388592964038544,24.297439992936873,0.03937989591765145,0.011536505416013225
2013-07-12,-1.076012,0.0,-1.214856,0.13903,0.13904,-1.076015,-2.252693,-2.337154,-1.520306,-1.423118,-1.859309,0.0,24.800055,24.423018199999998,0.46430793896537564,23.494402322069245,25.35163407793075,24.345308088847645,0.07487754991792883,0.0013894294729123726
2013-07-15,0.0,0.347336,-0.903091,-0.069413,-0.069411,-0.54881,-1.913869,-2.192902,-1.504004,-1.28101,-1.610523,0.0,24.782841,24.41010615,0.4495723434182274,23.510961463163547,25.309250836836455,24.386977889909776,0.10046260020397924,-0.0006943523706887726
2013-07-16,0.55788,0.976287,-0.209202,-0.382081,-0.382091,0.062766,-1.223845,-1.592281,-1.209898,-0.859132,-1.125054,0.0,24.688148,24.389446500000002,0.424955463740739,23.539535572518524,25.23935742748148,24.415660757537417,0.1118091370354577,-0.0038282281215928303
2013-07-17,0.383546,0.906559,-0.139474,0.0,0.0,0.230129,-0.882144,-1.43189,-1.335422,-0.82287,-1.006505,0.0,24.688148,24.3584571,0.3739932833159765,23.610470533368044,25.106443666631954,24.441611923486235,0.11942469566940161,0.0
2013-07-18,0.631801,1.053005,-0.105304,-0.662483,-0.662476,0.701999,0.073708,-0.683285,-0.784489,-0.153039,-0.228153,-1.0,24.524595,24.33220225,0.3397799841702341,23.652642281659535,25.01176221834047,24.4495150736304,0.11098337328095553,-0.0066467988645258266
2013-07-19,-1.993812,0.515641,-2.50945,2.106002,2.105996,-1.182534,-1.605359,-2.523202,-2.753522,-2.211066,-2.173711,1.0,25.041082,24.3515703,0.3688668338627181,23.613836632274563,25.089303967725435,24.505854780903697,0.1443062759876632,0.020841264607349943
2013-07-22,-1.192504,0.204429,-1.192504,0.893778,0.893787,-1.676327,-2.061334,-3.082346,-3.46338,-3.041914,-2.916531,1.0,25.264896,24.3898766,0.42104761023208337,23.547781379535834,25.231971820464167,24.57814442081763,0.18662355558992516,0.008898166207929596
2013-07-23,-0.135965,0.373899,-0.339905,0.238501,0.238489,-1.407201,-1.930654,-2.941304,-3.402444,-3.237248,-3.028547,0.0,25.32515,24.46347595,0.44995194301725,23.5635720639655,25.3633798360345,24.64928780931119,0.222457942109191,0.002382050749308572
2013-07-24,0.546448,0.922124,-0.341533,-0.475863,-0.475855,-0.525961,-1.174869,-2.117492,-2.720294,-2.79099,-2.466992,0.0,25.204639,24.51899875,0.47004859921433284,23.578901551571334,25.45909594842867,24.7021783989006,0.2383847698139263,-0.004769908241216614
2013-07-25,-0.548133,0.205546,-1.747177,-0.307377,-0.307388,0.260368,-0.726271,-1.463967,-2.233638,-2.478927,-2.079475,0.0,25.127163,24.56591315,0.48203684468047014,23.60183946063906,25.52998683936094,24.74265312281483,0.2419659964223193,-0.003078612650991001
2013-07-26,-1.532179,0.13619,-1.566227,0.61665,0.616659,-0.163436,-1.144029,-1.750089,-2.630241,-2.977193,-2.646696,1.0,25.282112,24.61713165,0.5015940649130829,23.613943520173834,25.62031977982617,24.794030158737225,0.25437495748106187,0.0061476578668374715
2013-07-29,-0.473937,1.252536,-0.812464,0.578822,0.57882,-0.609346,-1.459042,-1.997294,-2.931621,-3.389307,-3.156175,1.0,25.42845,24.682984100000002,0.5178944509637491,23.647195198072502,25.718773001927502,24.854451096000346,0.2728719046640542,0.0057715158516481475
2013-07-30,0.741486,2.56151,-0.101116,0.440078,0.440082,-0.876307,-1.557131,-2.130101,-3.038426,-3.54837,-3.523203,0.0,25.540356,24.7643312,0.5184277855090843,23.727475628981832,25.80118677101817,24.919775372571742,0.29318113787392974,0.004391163482118269
2013-07-31,0.718443,1.813206,-0.068426,-1.482979,-0.679579,-0.07023,-0.616025,-1.227797,-2.074941,-2.687747,-2.855347,-1.0,25.366789,24.840443099999998,0.48707933888508,23.86628442222984,25.814601777770157,24.96234809899348,0.29190603411672456,-0.006818990636848098
2013-08-01,1.099275,1.167983,-0.446585,-0.410534,-0.410549,0.448981,0.085828,-0.689455,-1.382065,-2.116569,-2.426778,0.0,25.262646,24.913499899999998,0.42918568837262533,24.055128523254748,25.771871276745248,24.99094789908934,0.2792727530064738,-0.004113936759532572
2013-08-02,-1.430031,0.13619,-1.430031,0.893164,0.893172,-0.27848,-0.624743,-1.388605,-1.978239,-2.789982,-3.181417,1.0,25.488285,24.984065700000002,0.39939494165076855,24.185275816698464,25.78285558330154,25.038313337271305,0.2841919800225803,0.008892072807548725
2013-08-05,0.376835,0.582391,-0.205557,-0.61287,-0.61287,0.260362,0.014572,-0.635977,-1.153244,-1.99779,-2.474735,-1.0,25.332075,25.0399343,0.36256219563169184,24.314809908736613,25.765058691263384,25.06629063848356,0.2723462236389338,-0.006147555505815467
2013-08-06,-0.340832,0.272665,-0.545331,0.513871,0.513874,-0.313566,-0.442905,-0.941293,-1.450804,-2.255509,-2.76268,0.0,25.46225,25.092842750000003,0.3414851941031564,24.40987236179369,25.775813138206317,25.104001053866078,0.2703460301914724,0.005125583812447752
2013-08-07,0.034176,0.649354,-0.239231,-0.272665,-0.27267,-0.020503,-0.096591,-0.485444,-1.00192,-1.744369,-2.326345,0.0,25.392822,25.13840615,0.31542984574975175,24.5075464585005,25.769265841499504,25.131507810640738,0.2601596446677732,-0.002730427483555471
2013-08-08,0.274631,0.583591,-0.377614,-0.444296,-0.444275,0.439399,0.409696,0.157859,-0.458396,-1.071956,-1.746595,0.0,25.280008,25.1641255,0.30420529605229113,24.555714907895418,25.772536092104584,25.14565068581781,0.2402146686059865,-0.0044526499265318
2013-08-09,-0.44505,0.171178,-0.684694,0.274631,0.27462,0.054776,0.161263,-0.035348,-0.622648,-1.1421,-1.872128,0.0,25.349432,25.19159435,0.2942409321005429,24.603112485798913,25.780076214201085,25.16505843002564,0.22738887062474689,0.0027424377402272626
2013-08-12,-0.411103,0.13703,-0.548133,-0.068463,-0.068471,0.123331,0.191847,0.050825,-0.44615,-0.897929,-1.64427,0.0,25.332075,25.21905605,0.27933656448382843,24.66038292103234,25.777729178967657,25.1809647700232,0.213364238353126,-0.000684944142587692
2013-08-13,-0.068329,0.478305,-0.580799,0.274063,0.274064,-0.198151,-0.136656,-0.20259,-0.577829,-1.011725,-1.717815,0.0,25.401501,25.2547237,0.2522038217071542,24.750316056585692,25.759131343414307,25.201968220497182,0.20548303371463916,0.0027368874347272264
2013-08-14,0.654488,1.412332,-0.103345,-0.819949,-0.81994,0.468475,0.620039,0.619433,0.344353,-0.080377,-0.726854,-1.0,25.193224,25.2799775,0.2150333740279437,24.849910751944115,25.710044248055887,25.20113543759269,0.1803519242831797,-0.00823319729527954
2013-08-15,0.486118,1.006948,-0.138885,-0.792291,-0.792308,1.04168,1.315987,1.387395,1.239567,0.754106,0.224965,-1.0,24.993616,25.30342855,0.14122562005248052,25.020977309895038,25.58587979010496,25.18137168163148,0.14268387074817923,-0.007954637213105525
2013-08-16,1.022203,1.0927,-0.281988,-1.493049,-1.493033,1.980958,2.499112,2.744923,2.688594,2.252019,1.817619,-1.0,24.620453,25.282397100000004,0.20101483203246862,24.880367435935067,25.68442676406494,25.127950854809434,0.08177784737177518,-0.01504291199618786
2013-08-19,-0.6676,0.105415,-0.808148,0.317229,0.317216,1.145478,1.918495,2.223016,2.249229,1.915034,1.560959,0.0,24.698553,25.254079949999998,0.23976553417266203,24.774548881654674,25.73361101834532,25.087055821018062,0.03935771113816244,0.0031671386598328237
2013-08-20,0.105145,0.771115,-0.035054,0.245966,0.245978,0.378542,1.384502,1.761882,1.884066,1.676457,1.359578,0.0,24.759306,25.225787750000002,0.2631793519076154,24.699429046184772,25.752146453815232,25.055841552349673,0.010520433905124804,0.0024567594224839994
2013-08-21,0.92068,1.203966,-0.070825,-1.016477,-1.016478,0.849854,2.064447,2.57318,2.788129,2.691127,2.404004,-1.0,24.507633,25.19093745,0.3083924500115958,24.57415254997681,25.80772235002319,25.00363121403066,-0.03226924408548726,-0.01021679829526535
2013-08-22,0.603693,0.603693,-0.177553,-0.283286,-0.283279,0.681812,2.009935,2.63967,2.939175,2.968716,2.650259,0.0,24.438208,25.1564897,0.351374268602447,24.453741162795108,25.859238237204895,24.949781384122975,-0.07096435653869904,-0.0028368108562322578
2013-08-23,-0.70572,0.070575,-0.882145,0.639205,0.639208,0.021163,1.055035,1.745461,2.145552,2.242067,1.970407,1.0,24.594419,25.12210505,0.37150547793021105,24.379094094139575,25.865116005860422,24.915937347539835,-0.08801105311555801,0.006371738087829102
2013-08-26,1.106353,1.249111,0.0,-1.129146,-1.129155,0.849396,1.791576,2.629073,3.083509,3.25375,3.071063,-1.0,24.31671,25.06651805,0.40492531795543746,24.256667414089126,25.876368685910872,24.858868076345566,-0.12251717660893391,-0.011355778939152879
2013-08-27,-0.285714,1.000004,-0.857143,-0.071378,-0.071371,0.542854,1.410707,2.383325,2.901777,3.158636,3.091344,0.0,24.299355,25.004468,0.4231671510998922,24.158133697800213,25.850802302199785,24.805581116693606,-0.14954012605121747,-0.0007139615572430173
2013-08-28,-0.921652,0.992559,-1.417937,0.749996,0.749975,-0.226851,0.365134,1.373052,1.954996,2.272595,2.295817,1.0,24.481594,24.96020825,0.4295211851318144,24.10116587973637,25.81925062026363,24.774725200818025,-0.1544702075111104,0.0074717631190122915
2013-08-29,0.071178,1.352313,-0.106762,-0.389929,-0.389922,0.121002,0.508902,1.525509,2.174382,2.551389,2.677326,0.0,24.386135,24.9163827,0.44158556708800023,24.033211565824,25.799553834176,24.737716610263927,-0.16418742566332512,-0.003906836817353973
2013-08-30,-0.567175,0.673524,-0.708965,0.391456,0.391448,-0.361563,0.060277,0.893315,1.57038,2.020724,2.200787,0.0,24.481594,24.86604815,0.43019310734749294,24.005661935305014,25.72643436469499,24.713323980714982,-0.16231458603142812,0.003906836817354003
2013-09-03,1.320953,1.570871,-0.535519,-0.708965,-0.708969,0.342743,0.614082,1.332872,2.084985,2.564814,2.799318,-1.0,24.308027,24.81484575,0.4327408940443491,23.949363961911303,25.680327538088697,24.674724268265933,-0.17284332323115592,-0.007114944885435673
2013-09-04,-0.634473,0.599225,-1.057459,1.285259,1.285279,-0.669737,-0.719078,-0.164501,0.618603,1.113844,1.399418,1.0,24.620453,24.7727559,0.40660689117453636,23.959542117650926,25.585969682349074,24.66955557605013,-0.15419973758158534,0.012770895244171096
2013-09-05,0.88433,0.88433,-0.389105,-0.352489,-0.352475,-0.27593,-0.357286,0.009415,0.799417,1.335674,1.666928,0.0,24.533672,24.7297984,0.38230783420575537,23.965182731588488,25.494414068411512,24.656614283092974,-0.14475837859594876,-0.003530978942828669
2013-09-06,0.0,0.919378,-0.742578,0.035377,0.03536,-0.18388,-0.350074,-0.148518,0.613504,1.182458,1.551562,0.0,24.542347,24.69291535,0.36144640409934314,23.970022541801313,25.415808158198686,24.64573168470317,-0.13501961154342723,0.00035353316210741197
2013-09-09,-0.247346,0.212021,-0.70671,0.070714,0.070723,-0.190814,-0.434634,-0.235576,0.381621,0.959713,1.381745,0.0,24.559704,24.65342895,0.32749240200370533,23.998444145992586,25.30841375400741,24.637538571874295,-0.12446623437643112,0.0007069766076753598
2013-09-10,-0.246053,0.246042,-0.59754,0.530042,0.530031,-0.407727,-0.808437,-0.763912,-0.27768,0.323374,0.74751,0.0,24.689878,24.6213191,0.2863491994748472,24.048620701050307,25.194017498949695,24.642523279314837,-0.10439524959457458,0.005286310984059475
2013-09-11,-0.488312,0.244158,-0.662714,0.773283,0.773297,-0.962682,-1.335902,-1.492858,-1.14755,-0.539947,-0.11395,1.0,24.880804,24.59528425,0.22976117631687715,24.135761897366244,25.054806602633754,24.665216681284853,-0.07224986551084811,0.007703220388286807
2013-09-12,1.165666,1.554225,-0.141289,-1.255671,-1.255667,0.324968,-0.04593,-0.223723,-0.017672,0.590594,1.047911,-1.0,24.568384,24.56404225,0.1816132664189418,24.200815717162115,24.927268782837885,24.655994521162487,-0.07116376840239269,-0.012636169357105022
2013-09-13,-0.420908,0.491056,-0.666433,0.706468,0.706449,-0.217459,-0.603291,-0.841804,-0.7699,-0.20203,0.268916,1.0,24.741947,24.5514588,0.157385517516241,24.236687764967517,24.86622983503248,24.664180471527963,-0.055656373022237915,0.007039649227514194
2013-09-16,0.104497,0.487638,-0.383138,0.701505,0.701509,-0.626953,-1.121554,-1.446647,-1.401946,-0.966907,-0.506208,1.0,24.915514,24.56621185,0.176822355201424,24.21256713959715,24.919856560402845,24.68811699804911,-0.02902664304608038,0.006990599331247867
2013-09-17,0.069836,0.698328,-0.24441,-0.243817,-0.243812,-0.251396,-0.659914,-1.061454,-1.12954,-0.801678,-0.32705,0.0,24.854767,24.57402255,0.18617853833562273,24.201665473328752,24.946379626671245,24.70398842680634,-0.012678021064232325,-0.0024410965317115878
2013-09-18,-1.067497,0.792008,-1.342979,1.396655,1.396646,-1.370522,-1.797516,-2.185491,-2.40358,-2.199724,-1.734388,1.0,25.2019,24.59615225,0.23041063772177955,24.13533097455644,25.05697352544356,24.751408576634308,0.02796672859179239,0.01386982336923429
2013-09-19,0.693485,1.074896,-0.658807,-0.688709,-0.68871,-0.318998,-0.918856,-1.36153,-1.62274,-1.547845,-1.101474,-1.0,25.028332,24.6221872,0.24858330000553897,24.125020599988922,25.119353800011076,24.77778223600247,0.04564631617310155,-0.006910925309401059
2013-09-20,0.0,0.552295,-0.13807,0.450759,0.450773,-0.448746,-1.125305,-1.603962,-1.924409,-1.966176,-1.563691,0.0,25.141153,24.65733445,0.26997563785577083,24.11738317428846,25.19728572571154,24.812388975430807,0.06797762477756564,0.00449760208551185
2013-09-23,-0.104163,0.83334,-0.347215,-0.586814,-0.586835,0.201402,-0.36804,-0.886558,-1.26561,-1.327762,-1.030077,-1.0,24.993616,24.6772943,0.2796623029804473,24.117969694039104,25.236618905960896,24.829648692056445,0.07292965716251842,-0.005885633018403131
2013-09-24,0.069666,0.801122,-0.348304,-0.3125,-0.312488,0.564263,0.034834,-0.413323,-0.835943,-0.983626,-0.775569,0.0,24.915514,24.7072345,0.27094458036935765,24.165345339261282,25.249123660738714,24.837826340432024,0.06974798843662455,-0.0031297705952303047
2013-09-25,0.702004,1.368898,0.0,-0.76628,-0.766278,0.954715,0.744117,0.383759,0.015791,-0.224642,-0.100623,-1.0,24.724592,24.72849635,0.25336707487427285,24.221762200251455,25.235230499748546,24.827042117533736,0.05123013415352773,-0.007692285807113142
2013-09-26,0.385691,0.63114,-0.596073,0.1053,0.105304,0.624116,0.711773,0.3366,-0.03507,-0.290328,-0.265317,0.0,24.750628,24.741948049999998,0.24662060066927,24.248706848661456,25.23518925133854,24.81976458253052,0.03821497043710309,0.00105248657422442
2013-09-27,-1.385038,0.415516,-1.800547,1.262269,1.262267,-0.692524,-0.415515,-0.775624,-1.146123,-1.433519,-1.499308,1.0,25.063047,24.77579365,0.2416177722167313,24.29255810556654,25.259029194433463,24.842934336575233,0.05250471999902118,0.012543667834860472
2013-09-30,-0.069617,0.243644,-0.417678,-0.519387,-0.519386,-0.222767,0.111376,-0.157796,-0.53951,-0.864607,-0.94327,-1.0,24.932873,24.7983576,0.23363733260094344,24.33108293479811,25.265632265201887,24.85149992356807,0.05271779763301865,-0.005207396689983878
2013-10-01,-1.073032,0.207691,-1.280717,0.556906,0.556891,-0.650732,-0.356514,-0.609195,-0.938028,-1.29317,-1.44224,1.0,25.071722,24.83654235,0.2105486761763347,24.415444997647327,25.25763970235267,24.872473454656827,0.06336023968092874,0.005553463910781446
2013-10-02,-1.103064,0.0,-1.275426,0.415372,0.415388,-0.703212,-0.77905,-0.942212,-1.23751,-1.562228,-1.79479,0.0,25.175867,24.86431305,0.2170746331875802,24.430163783624838,25.29846231637516,24.901368078022845,0.07928414453691346,0.004145279453304009
2013-10-03,0.868961,0.868961,-0.278064,-0.827301,-0.8273,0.298916,0.024323,-0.009278,-0.326736,-0.663199,-0.914154,-1.0,24.967587,24.8860088,0.20355193628462376,24.47890492743075,25.293112672569247,24.90767464202067,0.07424168658035768,-0.008307413280156639
2013-10-04,-0.586207,0.137934,-1.37931,0.799444,0.799436,-0.413792,-0.758622,-0.689656,-0.993103,-1.326897,-1.603449,1.0,25.167187,24.9172508,0.1958343715644964,24.52558205687101,25.308919543128994,24.932390104685368,0.08536749089838125,0.007962579210852232
2013-10-07,0.384343,0.733749,0.0,-1.310341,-1.310337,0.83158,0.49615,0.607958,0.377351,0.040524,-0.264392,-1.0,24.837412,24.9311362,0.1781999695444419,24.574736260911116,25.287536139088886,24.92334457090581,0.06680460264727728,-0.013189978027857163
2013-10-08,1.274788,1.593488,-0.035411,-1.327746,-1.327751,1.72805,1.682014,1.867328,1.690865,1.419265,1.103635,-1.0,24.507633,24.92202395,0.19504899966134212,24.531925950677316,25.312121949322684,24.883752992724308,0.02519256652293933,-0.013366444792817721
2013-10-09,-0.141396,0.530223,-0.954404,0.177057,0.177063,1.039232,1.431595,1.510537,1.443964,1.228695,0.959104,0.0,24.551027,24.9055351,0.21192602262579233,24.481683054748416,25.329387145251587,24.85206480294104,-0.00423492122715885,0.001769066310296334
2013-10-10,-0.521373,0.0,-1.668401,1.696709,1.696711,-0.646509,-0.173797,-0.199288,-0.168586,-0.390691,-0.660417,1.0,24.967587,24.92549525,0.19675680481186483,24.531981640376273,25.31900885962373,24.863066916946657,0.005987473512529817,0.016824777299526285
2013-10-11,0.696382,0.731201,-0.31337,-0.173796,-0.173809,-0.668511,-0.055698,-0.083555,0.041793,-0.155978,-0.415496,0.0,24.924191,24.93460745,0.19197075733571453,24.550665935328574,25.31854896467143,24.868888258189834,0.010466449750037299,-0.0017396057099368365
2013-10-14,-2.691656,0.034075,-2.725727,2.193597,2.193616,-2.303245,-1.989788,-2.10336,-1.996604,-2.156059,-2.423634,1.0,25.470932,24.96237835,0.2261878198512885,24.510002710297424,25.41475398970258,24.92622575740985,0.05747101005292876,0.021699022441959294
2013-10-15,0.171464,0.411526,-0.514403,-0.647359,-0.647373,-1.03566,-1.258568,-1.362593,-1.268859,-1.421122,-1.656375,-1.0,25.30604,24.984942,0.23713181190592383,24.510678376188153,25.459205623811847,24.962398542418438,0.08048922669988912,-0.006494777972360926
2013-10-16,-1.812077,0.033557,-2.046973,2.194784,2.19478,-2.147643,-3.114083,-3.187909,-3.261736,-3.386569,-3.608492,1.0,25.861452,25.0179196,0.30503209429403794,24.407855411411923,25.627983788588075,25.04802268123573,0.14191255624722388,0.02171041784069099
2013-10-17,-1.454065,0.0,-1.883672,1.543628,1.543633,-2.650365,-4.094513,-4.276271,-4.497687,-4.597489,-4.854593,1.0,26.260658,25.079535900000003,0.41270646741554207,24.254122965168918,25.90494883483109,25.16351175921328,0.2202645032572761,0.015318405422499137
2013-10-18,-1.048833,0.753851,-1.409374,0.826173,0.826175,-2.274665,-4.385448,-4.704469,-5.027861,-5.117013,-5.390584,1.0,26.477617,25.146359099999998,0.5179785217395182,24.11040205652096,26.182316143479035,25.288664639288204,0.2964484901938427,0.008227808890291783
2013-10-21,0.23026,0.78947,-0.164474,-0.360538,-0.360535,-1.230269,-3.453951,-3.993424,-4.421056,-4.55132,-4.817987,0.0,26.382156,25.2157861,0.5851313207332473,24.045523458533506,26.386048741466492,25.392806673641708,0.34514334616757836,-0.0036118620402851576
2013-10-22,-0.977839,0.847461,-1.140808,0.921053,0.921058,-1.140817,-3.539773,-4.480668,-4.972303,-5.156463,-5.444381,1.0,26.625151,25.301267950000003,0.6591540727678634,23.982959804464276,26.61957609553573,25.510172799961545,0.3987455456208693,0.009168422843180157
2013-10-23,0.163399,0.849676,-0.065359,-0.260756,-0.260761,-0.359478,-2.532683,-3.884534,-4.379088,-4.70458,-4.986933,0.0,26.555723,25.3928245,0.7007007028864899,23.99142309422702,26.79422590577298,25.60974900948902,0.4306590460971442,-0.002611015360266705
2013-10-24,0.22868,0.980069,-0.163352,0.032683,0.032682,-0.163347,-1.963416,-3.515196,-4.068937,-4.504417,-4.767512,0.0,26.564402,25.483513199999997,0.7299724837361652,24.023568232527666,26.94345816747233,25.700668341918636,0.4514470473694736,0.0003267688122808634
2013-10-25,-0.424701,0.261352,-0.620715,0.0,0.0,-0.098008,-1.345969,-3.164548,-3.786349,-4.290107,-4.538828,0.0,26.564402,25.55858095,0.7609952674328498,24.0365904151343,27.0805714848657,25.782928690307337,0.4625892472566875,0.0
2013-10-28,-0.943393,0.227713,-0.943393,0.424695,0.424685,-0.299274,-1.310988,-3.114285,-3.866291,-4.442414,-4.722397,0.0,26.677217,25.64579815,0.7850867038338826,24.075624742332234,27.215971557667768,25.868099005516164,0.47504670588904574,0.0042378564348694815
2013-10-29,-1.312,0.32,-1.376,1.659076,1.65909,-1.561604,-2.252805,-4.053338,-5.057605,-5.676806,-5.99894,1.0,27.119816,25.748202850000002,0.8380520101519959,24.07209882969601,27.424306870303994,25.987310147847957,0.5147002281122433,0.016454773126519072
2013-10-30,1.034594,1.131591,-0.420307,-1.024,-1.024004,-0.329777,-0.876172,-2.491649,-3.764954,-4.385388,-4.822721,-1.0,26.842108,25.831514899999995,0.8606770425895577,24.11016081482088,27.55286898517911,26.068719467100532,0.5177489281091958,-0.010292829875701869
2013-10-31,0.293255,1.238185,-0.130339,-0.775942,-0.775949,0.501794,0.039104,-1.312044,-2.699575,-3.354838,-3.877484,-1.0,26.633827,25.914826899999998,0.853261543284029,24.20830381343194,27.621349986568056,26.12253923213858,0.4976222294958781,-0.007789748910787231
2013-11-01,-1.507857,0.288739,-1.539939,1.564024,1.564022,-0.686553,-1.289694,-2.307768,-3.849849,-4.54924,-5.122442,1.0,27.050386,26.008986849999996,0.8701559778369479,24.2686748943261,27.74929880567389,26.210905590982524,0.5094123177105594,0.015519175459364055
2013-11-04,-0.319898,0.447857,-0.447853,0.288739,0.288735,-0.639787,-1.298774,-2.181693,-3.704405,-4.500311,-5.133282,0.0,27.12849,26.12354075,0.858533168998615,24.40647441200277,27.84060708799723,26.29829458231752,0.5190748162524272,0.0028831921173564064
2013-11-05,-0.160048,0.320102,-0.704225,-0.06398,-0.063977,-0.582584,-1.056332,-1.675196,-3.162605,-4.138277,-4.802597,0.0,27.111134,26.2537158,0.7957048031456035,24.66230619370879,27.845125406291206,26.37570786019204,0.5193452431299299,-0.0006399749597220579
2013-11-06,0.839525,1.162419,-0.355176,-0.86428,-0.096765,-0.307007,-0.765119,-1.278822,-2.601045,-3.763494,-4.419908,0.0,27.0849,26.380409449999995,0.7071242333679653,24.966160983264064,27.794657916735925,26.443249968745178,0.5115459109897422,-0.0009681151963620561
2013-11-07,0.258816,1.067616,0.0,-0.193733,-0.193728,0.181407,-0.399365,-0.896868,-2.030071,-3.27116,-3.953017,0.0,27.032429,26.48365155,0.6372784461664595,25.209094657667084,27.75820844233292,26.49936225743611,0.495420019301676,-0.0019391576565933408
2013-11-08,-1.404856,0.095785,-1.88378,1.326432,1.326422,-0.881325,-1.401421,-1.97188,-2.86226,-4.212646,-4.92703,1.0,27.390993,26.606991649999998,0.5526704659883578,25.50165071802328,27.712332581976714,26.584279471013623,0.505743357502741,0.013177017359195325
2013-11-11,-0.064024,0.192058,-0.256082,-0.255428,-0.255423,-0.486559,-0.913284,-1.491755,-2.274927,-3.603737,-4.392199,0.0,27.32103,26.69949655,0.505315135751541,25.688866278496917,27.71012682150308,26.654446188059946,0.5024868919052601,-0.0025575014155325626
2013-11-12,-0.637345,0.701087,-0.828547,0.44814,0.448131,-0.688327,-1.237409,-1.732444,-2.321486,-3.605881,-4.53066,0.0,27.443464,26.80636775,0.4126207436748624,25.981126262650275,27.631609237349725,26.729590741578047,0.5039759984382215,0.004471298647630946
2013-11-13,-1.851271,0.0,-1.851271,1.561511,1.561516,-1.650456,-2.386384,-2.928477,-3.462626,-4.611345,-5.676066,1.0,27.871998,26.906895050000003,0.4152012180742393,26.076492613851524,27.73729748614848,26.838391432856326,0.5335844095573457,0.015494494956228724
2013-11-14,-0.187497,0.656247,-0.687497,0.407904,0.407904,-1.36875,-2.299882,-2.984252,-3.546607,-4.56748,-5.699773,0.0,27.985689,26.9931466,0.45147923205323137,26.090188135893538,27.89610506410646,26.94765786782239,0.5597705161656918,0.00407074345908016
2013-11-15,-1.149071,0.0,-1.521745,0.625003,0.624984,-1.43477,-2.512457,-3.20894,-3.846863,-4.700507,-5.931147,1.0,28.160595,27.077295499999998,0.5041084205278353,26.069078658944328,28.08551234105567,27.063175689934546,0.5878601607600871,0.006230387955417214
2013-11-18,0.218694,0.437376,-0.312396,-0.590071,-0.590041,-0.368643,-1.624499,-2.320758,-2.988188,-3.774291,-4.996897,-1.0,27.994436,27.1579095,0.5158710633305613,26.126167373338877,28.18965162666112,27.15186714803602,0.5899136069721074,-0.005917884184795585
2013-11-19,1.010739,1.137081,-0.157925,-1.093402,-1.093428,0.909675,-0.328477,-1.104012,-1.723716,-2.366341,-3.563705,-1.0,27.688337,27.2110688,0.5128526830417062,26.18536343391659,28.23677416608341,27.20295951488973,0.5603816163180184,-0.010994498546453388
2013-11-20,-0.407265,0.563904,-0.845865,0.821226,0.82123,0.11905,-0.842725,-1.653166,-2.280626,-2.867255,-3.94745,1.0,27.915722,27.279068750000004,0.5115465594002777,26.255975631199448,28.30216186880056,27.270841656328805,0.5489968758760106,0.008178765061814012
2013-11-21,-0.375349,0.59431,-0.594301,0.156638,0.156643,-0.056303,-0.666246,-1.490897,-2.18398,-2.776132,-3.740984,0.0,27.95945,27.34882115,0.5040248480681205,26.34077145386376,28.35687084613624,27.336423403345112,0.5373091062889515,0.0015652035550708196
2013-11-22,-0.684928,0.124536,-0.996264,0.46919,0.469183,-0.572845,-0.881062,-1.704048,-2.369112,-3.000472,-3.814765,0.0,28.090631,27.4251326,0.4944576829629115,26.436217234074178,28.414047965925825,27.408252698264626,0.5324934223527791,0.0046808581603757764
2013-11-25,-0.062228,1.120103,-0.186674,0.062267,0.062273,-0.55383,-0.662724,-1.532873,-2.175336,-2.815221,-3.561882,0.0,28.108124,27.49667795,0.483953258410578,26.528771433178843,28.464584466821155,27.474907107953708,0.524047602489933,0.0006225405016521169
2013-11-26,1.191599,1.191599,-0.031358,-0.777847,-0.777846,0.37002,0.275949,-0.57489,-1.270459,-1.872012,-2.497089,-1.0,27.889486,27.535161450000004,0.48300909926811336,26.569143251463778,28.50117964853623,27.514390811958116,0.4940172467285642,-0.0078088729507175695
2013-11-27,0.43915,0.627362,-0.250941,-0.031358,-0.031356,0.376408,0.310537,-0.353408,-1.053228,-1.651135,-2.225086,0.0,27.880741,27.587093099999997,0.45985250638409353,26.66738808723181,28.506798112768184,27.549281306057342,0.4641617572092187,-0.00031360819355008703
2013-11-29,0.472736,0.913962,-0.094545,-0.470511,-0.470504,0.699642,0.699641,0.289937,-0.384443,-1.015376,-1.584027,0.0,27.749561,27.642879800000003,0.40218211822050465,26.838515563558992,28.447244036441013,27.56835556262331,0.4250166100677433,-0.004716143483892724
2013-12-02,-0.691169,0.314169,-0.691169,0.315159,0.315162,0.201059,0.267031,0.081672,-0.556114,-1.143491,-1.730441,0.0,27.837017,27.68221135,0.37898476576712203,26.924241818465756,28.440180881534243,27.593942366182993,0.3964803881185226,0.003146661489468393
2013-12-03,1.505452,1.569507,-0.160151,-1.916434,-1.916441,1.569509,1.973091,2.032883,1.418962,0.879809,0.30212,-1.0,27.303537,27.690963700000005,0.36736719464169676,26.956229310716612,28.425698089283397,27.566284712260803,0.3270478451313146,-0.019350427498711804
2013-12-04,-0.511669,0.511673,-0.863447,0.160157,0.160155,1.010555,1.685318,1.846282,1.299966,0.751772,0.229756,0.0,27.347265,27.702770249999997,0.3511899232160076,27.00039040356798,28.405150096432013,27.545425692045487,0.2724103616498148,0.0016002696294112157
2013-12-05,-0.415997,0.48,-0.415997,-0.063959,-0.063955,0.672,1.535994,1.779193,1.409594,0.887624,0.388308,0.0,27.329775,27.715014000000004,0.33227418161631833,27.050465636767367,28.37956236323264,27.524887530898297,0.22510361121103273,-0.0006397566728753753
2013-12-06,0.031699,0.22194,-0.665824,0.928003,0.927992,-0.374122,0.466078,0.746143,0.577047,0.097705,-0.411581,1.0,27.583393,27.742562200000002,0.2932522035236708,27.15605779295266,28.329066607047345,27.530459480336557,0.20570626985630724,0.009237121533935548
2013-12-09,-0.158325,0.348325,-0.538315,0.12682,0.126826,-0.658644,0.167828,0.487649,0.490816,0.053178,-0.410518,0.0,27.618376,27.753931350000006,0.2831380917508208,27.187655166498363,28.320207533501648,27.538832482209266,0.19095535831221966,0.001267459551276847
2013-12-10,0.223357,0.478622,-0.44671,-0.759975,-0.759987,0.178696,0.679655,1.114666,1.276334,0.860254,0.441079,-1.0,27.40848,27.758303849999997,0.27670305975384185,27.204897730492313,28.31170996950768,27.526417960094097,0.1604784064379352,-0.007628893716731803
2013-12-11,2.153341,2.251223,-0.424144,-2.201659,-2.201654,2.029368,2.541606,3.171294,3.437199,3.085161,2.663083,-1.0,26.80504,27.726382649999998,0.34365953612670563,27.039063577746585,28.41370172225341,27.457715297227995,0.08663397512403037,-0.022262525025967532
2013-12-12,0.991732,1.719008,-0.132235,-1.305057,-1.305057,2.717356,3.358684,4.167498,4.537194,4.353064,3.971863,-1.0,26.455219,27.6555437,0.44356366165228633,26.768416376695427,28.54267102330457,27.36223945939676,-0.00011457904069445135,-0.013136475007185615
2013-12-13,0.628102,0.760331,-0.991732,0.0,0.0,1.864463,2.869427,3.788434,4.247938,4.26579,3.949359,0.0,26.455219,27.579020199999995,0.5105668811337536,26.55788643773249,28.600153962267502,27.27585655850183,-0.06807866473624458,0.0
2013-12-16,0.165286,1.256195,-0.36364,0.0,0.0,0.985123,2.347111,3.376314,3.925624,4.124302,3.874368,0.0,26.455219,27.4937514,0.5492663425525451,26.39521871489491,28.592284085105092,27.197700600549275,-0.12055105478561856,0.0
2013-12-17,0.132717,0.564035,-0.431317,-0.36364,-0.36363,0.557393,2.362306,3.311213,3.994688,4.358325,4.156159,0.0,26.35902,27.4119806,0.590957198244196,26.23006620351161,28.59389499648839,27.117826257639823,-0.16796209479825563,-0.0036429231286343937
2013-12-18,-1.527465,0.032502,-2.469938,2.090249,2.090252,-1.423474,0.103988,0.953302,1.720823,2.142337,1.998692,1.0,26.90999,27.37306325,0.597393826418814,26.178275597162372,28.56785090283763,27.098032328340793,-0.1592413757791178,0.020687061728203397
2013-12-19,0.227945,0.976884,-0.32562,-0.194998,-0.195013,-0.931285,0.123745,0.896569,1.722575,2.190826,2.16977,0.0,26.857512,27.32015275,0.5936520532062061,26.132848643587586,28.50745685641241,27.075125630403573,-0.15478046628231112,-0.001952034768648488
2013-12-20,1.553716,2.347104,0.0,-1.49788,-1.497879,0.57521,1.219836,2.104688,2.985128,3.513392,3.650693,-1.0,26.455219,27.2449412,0.6035991314478076,26.037742937104383,28.452139462895616,27.016086903698472,-0.18161332104940442,-0.015092103830920581
2013-12-23,0.362435,0.494234,-0.593081,0.330579,0.330574,0.309727,0.48106,1.443171,2.35421,2.928509,3.202645,0.0,26.542673,27.1675433,0.5885077921330679,25.99052771573386,28.344558884266135,26.970999865251,-0.19359015802021062,0.0033002852029740356
2013-12-24,0.495213,0.528227,-0.231106,-0.19769,-0.197678,0.607453,0.333435,1.439411,2.251562,2.905241,3.302513,0.0,26.490204,27.0866473,0.5630602578025798,25.96052678439484,28.212767815605158,26.925209782846142,-0.20495312535607724,-0.00197873545950503
2013-12-26,-0.589192,0.032733,-0.752861,0.858362,0.858359,-0.392799,-0.55319,0.418987,1.162033,1.884127,2.332791,1.0,26.717585,27.028052249999995,0.5354137421211361,25.957224765757722,28.098879734242267,26.905435994003653,-0.193381431669291,0.008546958573664724
2013-12-27,0.391648,0.685382,-0.359001,0.294599,0.294592,-0.731065,-0.718008,-0.008696,0.662543,1.417764,1.898399,0.0,26.796293,26.973829850000005,0.4981292636158981,25.97757132276821,27.9700883772318,26.89504142314616,-0.17583281203811296,0.002941594206828442
2013-12-30,-0.488759,0.032584,-0.977524,0.163192,0.163194,-0.606063,-0.736397,-0.356252,0.329098,1.085696,1.590095,0.0,26.840023,26.928352949999997,0.4639251862040184,26.00050257759196,27.856203322408035,26.889801573322718,-0.15659166774544886,0.0016306119789978948
2013-12-31,-0.032641,0.587659,-0.457065,-0.19551,-0.195495,-0.228541,-0.417899,-0.367841,0.329734,1.089121,1.618232,0.0,26.787552,26.875879700000002,0.41220783605140693,26.05146402789719,27.700295372102815,26.880063518720554,-0.14391789751335438,-0.0019568670313380287
2014-01-02,0.03283,0.459622,-0.426786,-0.555011,-0.555019,0.43992,0.242941,-0.004379,0.764937,1.432699,2.015758,-1.0,26.638876,26.84264665,0.40259565566627786,26.037455338667442,27.647837961332556,26.857093278842406,-0.14420840918321787,-0.00556564941185046
2014-01-03,-0.425953,1.015727,-0.458719,0.196983,0.196994,0.222793,-0.036057,-0.229372,0.443957,1.053722,1.69068,0.0,26.691353,26.80985105,0.38568606261762517,26.03847892476475,27.581223175235248,26.841308490381223,-0.13860641793671746,0.0019680026851975198
2014-01-06,0.720134,1.309336,-0.06546,0.098293,0.098279,0.065473,-0.186576,-0.261863,0.230771,0.780364,1.441356,0.0,26.717585,26.779241550000002,0.3660438799872474,26.047153790025508,27.511329309974496,26.829525300821107,-0.1305452519408945,0.0009823075721644967
2014-01-07,0.390374,0.910865,0.0,0.621935,0.621935,-0.520491,-0.644112,-0.772067,-0.518869,0.028627,0.68098,1.0,26.883751,26.744259449999998,0.31502397934127724,26.114211491317445,27.37430740868255,26.83468965312386,-0.10948642101036654,0.006200089203002725
2014-01-08,-0.549273,0.129237,-0.969309,0.683152,0.68316,-0.988698,-1.124403,-1.294571,-1.29565,-0.763824,-0.128174,1.0,27.06741,26.71671115,0.25243346199531447,26.21184422600937,27.221578073990628,26.85685349568349,-0.07708876804758091,0.00680836912636147
2014-01-09,0.484966,0.614294,-1.034591,-0.064624,-0.064635,-0.620749,-0.853536,-1.060455,-1.298089,-0.737145,-0.193982,0.0,27.049915,26.698782899999998,0.20985993108526216,26.279063037829474,27.11850276217052,26.875240305618398,-0.05222309956622695,-0.0006465582180739466
2014-01-10,0.488755,0.847181,-0.619097,-0.775942,-0.775943,0.26719,-0.032582,-0.304116,-0.519712,-0.036493,0.456176,-1.0,26.840023,26.70053205,0.2109352141573153,26.27866162168537,27.12240247831463,26.871886276511884,-0.04888983680087833,-0.007789693925463887
2014-01-13,1.047806,1.604453,-0.327439,-0.488759,-0.488755,0.75311,0.425671,0.148437,0.01637,0.36149,0.803317,0.0,26.708841,26.71321315,0.20288108612862124,26.307450977742757,27.118975322257246,26.856358154939322,-0.05618581797559585,-0.004899534840678607
2014-01-14,-1.354839,0.161287,-1.451616,1.506218,1.506217,-0.57419,-0.964511,-1.176341,-1.346772,-1.197418,-0.770965,1.0,27.111134,26.7460089,0.21179965261825848,26.32240959476348,27.169608205236518,26.880622521135574,-0.029169999032991,0.014949858026530606
2014-01-15,-0.416937,0.416931,-1.058371,0.580645,0.580658,-1.000651,-1.359854,-1.569391,-1.767168,-1.819126,-1.413309,1.0,27.268557,26.7866758,0.23030238473688922,26.326071030526222,27.24728056947378,26.917568661979807,0.004886622634671767,0.00578978794698352
2014-01-16,0.032082,0.802053,-0.256657,-0.032072,-0.032085,-0.814882,-1.100412,-1.349585,-1.570418,-1.80943,-1.387015,0.0,27.259808,26.8317152,0.23034736060892264,26.371020478782157,27.292409921217846,26.950162884648396,0.03081554704512257,-0.0003208972091893
2014-01-17,0.514635,0.643297,-0.450302,-0.256657,-0.256642,-0.302357,-0.662603,-0.979962,-1.265693,-1.500173,-1.152581,0.0,27.189848,26.845708100000003,0.24347855815710998,26.358750983685784,27.332665216314222,26.972990038491403,0.045198202386131925,-0.002569714618509557
2014-01-21,0.288184,0.576369,-0.896571,0.450306,0.450289,-0.307391,-0.890164,-1.297892,-1.625036,-1.816199,-1.59782,0.0,27.312281,26.868446549999998,0.26492943987669193,26.338587670246614,27.398305429753382,27.00530346339698,0.06571832036114955,0.004492786178820251
2014-01-22,0.127915,0.223857,-0.575632,0.128082,0.128089,-0.262232,-0.847459,-1.300502,-1.587786,-1.811324,-1.752482,0.0,27.347265,26.913048850000003,0.26678271770248546,26.379483414595033,27.446614285404973,27.037871228787743,0.08383715557963356,0.001280069350631023
2014-01-23,0.032248,0.709449,-0.322477,-0.831468,-0.831484,0.464378,0.003237,-0.391258,-0.656227,-0.890023,-0.989992,-1.0,27.119877,26.94190905,0.25559309163283095,26.43072286673434,27.45309523326566,27.04568130223653,0.07893820134248841,-0.008349596203977079
2014-01-24,2.558993,2.891323,-0.099704,-2.966785,-2.966772,2.818212,2.781655,2.572284,2.347956,2.133599,1.898747,-1.0,26.315292,26.933163450000002,0.2741792062911205,26.38480503741776,27.481521862582245,26.976120416309243,0.010016989887830618,-0.03011671258661132
2014-01-27,1.28119,1.989211,0.0,-1.429046,-1.429047,3.34457,3.924479,3.866038,3.681727,3.464599,3.264779,-1.0,25.939234,26.894245899999998,0.35089664662187126,26.192452606756255,27.59603919324374,26.877369329041695,-0.07409419276054408,-0.014393566308666167
2014-01-28,0.06575,1.084813,-0.953323,2.562374,2.562369,0.230114,1.288631,1.242609,1.055232,0.841556,0.703489,1.0,26.603893,26.884625899999996,0.3563188861206547,26.171988127758688,27.597263672241304,26.851323964371055,-0.08612765845074932,0.025300909694098223
2014-01-29,0.431747,1.162398,-0.36533,-1.019063,-1.019054,0.491521,2.035861,2.145459,1.999329,1.861168,1.724779,-1.0,26.332785,26.859264000000003,0.37710631366479935,26.105051372670406,27.6134766273296,26.801939301097622,-0.11620092463594744,-0.010242817665195901
2014-01-30,-1.362751,0.097339,-1.979238,2.358017,2.358015,-1.946789,-0.43154,-0.23578,-0.319599,-0.424401,-0.557,1.0,26.953716,26.8675722,0.3772736205103262,26.11302495897935,27.622119441020654,26.81639422480261,-0.08890541609573432,0.023306432024613383
2014-01-31,0.526313,0.855263,-0.625003,-1.362751,-1.362769,-0.388144,0.690804,1.026331,1.047714,0.965805,0.84541,-1.0,26.586399,26.86494835,0.3791257973878004,26.106696755224398,27.6231999447756,26.794489917678554,-0.09580852004746632,-0.013721403590233616
2014-02-03,1.405232,3.562095,-0.098039,0.657895,0.657919,-0.424845,-0.127461,0.346397,0.400319,0.31241,0.167747,1.0,26.761316,26.868446499999997,0.37776006113671107,26.112926377726577,27.623966622273418,26.791330496947264,-0.08617160696067927,0.0065576426965804424
2014-02-04,0.636126,1.781167,-2.671759,2.745101,2.745078,-2.436378,-2.728999,-2.143756,-2.140575,-2.265892,-2.431075,1.0,27.495935,26.907364,0.4007914407988804,26.10578111840224,27.70894688159776,26.85843568771419,-0.019037220844694502,0.027080763636258602
2014-02-05,1.109299,1.729201,-0.228385,-2.512726,-1.699815,-0.234459,-1.164897,-0.471986,-0.421594,-0.547965,-0.673198,-1.0,27.028555,26.914604199999996,0.40164943316846297,26.11130533366307,27.717903066336923,26.874637526979505,-0.003505981342492248,-0.017144275824653506
2014-02-06,-0.421534,0.226978,-0.77821,0.619902,0.619937,-0.670872,-1.745805,-1.102953,-1.011452,-1.100615,-1.205078,1.0,27.196115,26.921039450000002,0.4052415488438672,26.11055635231227,27.731522547687735,26.905254429171936,0.02206893258478715,0.006180232478427036
2014-02-07,-1.217165,0.192191,-1.953869,1.232163,1.232158,-1.193507,-2.500063,-2.240968,-2.128891,-2.174731,-2.28153,1.0,27.531214,26.945104399999998,0.42700395554608106,26.091096488907837,27.79911231109216,26.964869626393657,0.06858630466360083,0.012246283312306826
2014-02-10,-0.667299,0.0,-1.080394,0.800769,0.800767,-1.264703,-2.621516,-2.882606,-2.742134,-2.799031,-2.933604,1.0,27.751675,26.990687,0.4623893180046427,26.065908363990715,27.915465636009287,27.039803471499024,0.12183656136735976,0.007975783200586848
2014-02-11,-0.282302,0.313679,-1.41154,1.302828,1.302815,-2.09535,-3.336985,-3.941661,-3.743155,-3.850519,-4.02579,1.0,28.113228,27.06090635,0.520339956352813,26.020226437294372,28.101586262705627,27.142034378975307,0.19101023187466382,0.012944014172706235
2014-02-12,0.822524,1.233784,-0.18982,-0.84692,-0.846925,-0.651683,-1.958024,-2.994924,-2.783929,-2.88699,-3.082238,-1.0,27.87513,27.09910615,0.5513415492358371,25.996423051528325,28.201789248471677,27.21185300954909,0.22403580014250224,-0.00850531945735899
2014-02-13,-0.630918,0.473183,-0.946375,0.28472,0.284727,-0.391168,-1.878379,-3.071297,-2.937255,-3.035778,-3.218257,0.0,27.954498,27.133403200000004,0.5828707741618354,25.967661651676334,28.299144748323673,27.282581103877746,0.253688769011692,0.002843223439247587
2014-02-14,-0.187858,0.187849,-0.751409,0.757098,0.757102,-0.688796,-2.054812,-3.361553,-3.505706,-3.60586,-3.764743,1.0,28.166142,27.178719899999997,0.6267933277133244,25.92513324457335,28.432306555426646,27.366729760651296,0.29091339397744775,0.00754250141680918
2014-02-18,-0.219573,0.658723,-0.282302,-0.187858,-0.187864,-0.244663,-1.389581,-2.664129,-3.159862,-3.243275,-3.415022,0.0,28.113228,27.224888900000003,0.6607443036291446,25.903400292741715,28.546377507258292,27.43782483106546,0.3125416740050042,-0.0018804053986979843
2014-02-19,1.397713,1.524774,-0.127062,-1.254702,-1.254698,0.76874,-0.041297,-1.149584,-1.848644,-1.862313,-2.062548,-1.0,27.760492,27.247299450000003,0.6713798167070419,25.90453981658592,28.590059083414086,27.468555037630654,0.29778669483565423,-0.012626354079410233
2014-02-20,-0.665607,0.507132,-0.919173,0.22236,0.222352,0.50714,0.022198,-1.011999,-1.981046,-1.977808,-2.167394,0.0,27.822218,27.271047100000004,0.6833942191924259,25.904258661615152,28.637835538384856,27.502237224522972,0.2877569567988587,0.0022210513080373547
2014-02-21,0.699304,0.985381,-0.063566,-0.285261,-0.28525,0.642082,0.505402,-0.539196,-1.588369,-1.629014,-1.806373,0.0,27.742855,27.302196,0.6903039274814915,25.921588145037017,28.68280385496298,27.525153203139833,0.27028866680651475,-0.0028565805705746605
2014-02-24,0.0,0.281344,-1.437946,1.684682,1.684668,-0.994056,-0.91903,-1.803275,-2.882951,-3.12402,-3.296099,1.0,28.21023,27.3969429,0.677645982422698,26.041650935154603,28.752234864845395,27.590398612364613,0.2908059476751177,0.016706348555904253
2014-02-25,-1.066165,0.313581,-1.097516,-0.312601,-0.312585,-0.677334,-0.476644,-1.172786,-2.190329,-2.687657,-2.84091,0.0,28.122049,27.50608365,0.6020800360017527,26.301923577996494,28.710243722003508,27.6410319826156,0.29653233071832474,-0.0031307475426684567
2014-02-26,-0.781494,0.03126,-0.844017,0.313581,0.313565,-0.668954,-0.753354,-1.312902,-2.211359,-2.864518,-2.96721,0.0,28.21023,27.586400500000003,0.5822083733816301,26.421983753236745,28.750817246763262,27.69524131760459,0.3046739091058086,0.003130747542668372
2014-02-27,-1.116969,0.031033,-1.24108,0.750234,0.750242,-0.98666,-1.300031,-1.720962,-2.572033,-3.436606,-3.536045,1.0,28.421875,27.690855,0.5305714981127706,26.629712003774458,28.75199799622554,27.764444525451772,0.32446393309480115,0.007474417040596822
2014-02-28,0.031137,0.934285,-0.80972,-0.372321,-0.372319,-0.211778,-0.803493,-1.090007,-1.967375,-2.906763,-3.052239,0.0,28.316055,27.75897195,0.5182622245602122,26.722447500879575,28.795496399120424,27.816978856361125,0.3278298614839592,-0.003730136883653257
2014-03-03,-1.438399,0.50031,-1.438399,-0.404861,-0.404869,0.187623,-0.387738,-0.529492,-1.282522,-2.244543,-2.546837,0.0,28.201412,27.839722599999998,0.4468445779474539,26.94603344410509,28.733411755894906,27.853591536707683,0.31758572148704545,-0.004056910662250213
2014-03-04,-1.070661,0.152961,-1.070661,2.220134,2.220165,-1.498948,-2.303477,-2.441134,-3.068236,-3.966968,-4.4741,1.0,28.82753,27.943033300000003,0.4225905141200741,27.097852271759855,28.78821432824015,27.94634758083076,0.3558872104183841,0.021958785723014344
2014-03-05,-0.305337,0.61069,-0.458021,0.183545,0.183526,-1.215267,-2.09466,-2.442752,-3.00611,-3.827585,-4.4681,0.0,28.880436,28.012258349999996,0.45745617512359266,27.09734599975281,28.92717070024718,28.035308382656403,0.38606022641394944,0.0018335775280150378
2014-03-06,1.047443,1.540357,-0.154033,-0.885499,-0.885503,-0.190998,-0.939615,-1.396588,-1.860748,-2.648097,-3.465848,-1.0,28.624699,28.09206555,0.41397205452019853,27.264121440959602,28.9200096590404,28.091440822403413,0.3848998346564727,-0.008894464328301233
2014-03-07,0.246679,0.70922,-0.770891,-0.092418,-0.092413,0.098672,-0.548879,-1.155314,-1.524827,-2.328029,-3.204241,0.0,28.598246,28.162172100000003,0.37072312476028996,27.420725850479425,28.90361834952058,28.139707982174517,0.37749416208686526,-0.0009245592614765152
2014-03-10,0.092618,0.49398,-0.308731,-0.123346,-0.123354,0.475465,-0.302556,-0.940614,-1.222594,-1.930597,-2.822385,0.0,28.562969,28.213759850000002,0.34947940090650087,27.514801048187,28.912718651813005,28.180018555300755,0.36457594953703776,-0.001234298622892815
2014-03-11,-0.215916,0.616906,-0.555201,0.092618,0.092627,0.215916,-0.231338,-0.921242,-1.16749,-1.765577,-2.60332,0.0,28.589426,28.255647399999997,0.3412895430922023,27.573068313815593,28.9382264861844,28.21900974051021,0.35241066107734653,0.000925840531787746
2014-03-12,0.531588,1.844903,-0.156348,-1.357181,-1.357194,1.113201,1.13822,0.546181,0.207949,-0.313939,-1.074449,-1.0,28.201412,28.260056600000002,0.33991963945689446,27.580217321086213,28.93989587891379,28.217333765223522,0.3079106924997852,-0.013664881570146213
2014-03-13,2.795627,2.892028,-0.67481,-2.689178,-2.689177,3.046274,3.576483,3.232651,2.898461,2.50129,1.794206,-1.0,27.443026,28.238451400000002,0.377345066504443,27.483761266991117,28.993141533008888,28.143590168535567,0.20903906250312332,-0.027259973866990365
2014-03-14,-0.256164,0.672434,-1.28082,0.353467,0.353478,1.914819,2.929872,2.819934,2.460771,2.190198,1.506618,0.0,27.540031,28.217728049999998,0.4041865815990491,27.4093548868019,29.026101213198096,28.086108342960753,0.13693161378775187,0.0035285451897579217
2014-03-17,-0.031827,0.350099,-0.50923,0.608389,0.60838,0.681098,2.129224,2.077239,1.758439,1.597714,1.027689,1.0,27.707579,28.194799900000003,0.41996528638264186,27.35486932723472,29.034730472765286,28.050057929345442,0.09224235210149345,0.006065366941862007
2014-03-18,-1.440655,0.407144,-1.597244,1.62317,1.623177,-1.233953,0.259942,0.455161,0.140932,0.03257,-0.420713,1.0,28.157322,28.197004599999996,0.41963012520675075,27.357744349586493,29.0362648504135,28.060273555122066,0.0920551373660885,0.01610144145860912
2014-03-19,0.693791,1.166834,-1.009145,-0.68901,-0.689007,-0.719018,0.62756,1.09324,0.871963,0.705139,0.325869,-1.0,27.963316,28.2071458,0.4108854130637004,27.385374973872597,29.0289166261274,28.051039502253296,0.07538313565183685,-0.0069139190052239915
2014-03-20,0.658098,0.658098,-0.626766,0.630719,0.630708,-0.846125,-0.175489,0.392778,0.296151,0.11157,-0.171308,1.0,28.139683,28.223019049999998,0.40125147958814056,27.420516090823718,29.025522009176278,28.059481740133933,0.07553112136686124,0.006287278189173294
2014-03-21,0.466134,0.963337,-2.237418,0.84613,0.846143,-1.08764,-1.090748,-0.435059,-0.433506,-0.668745,-0.870112,1.0,28.377785,28.254765550000002,0.38609314574838227,27.482579258503236,29.026951841496768,28.089796336311654,0.0937802028089294,0.008425834245192713
2014-03-24,0.889171,1.302001,-0.508098,-2.144189,-2.144202,1.124172,0.790732,1.642856,1.66879,1.450625,1.330587,-1.0,27.769308,28.232719449999998,0.40106801062700476,27.430583428745987,29.03485547125401,28.059273637615306,0.058469720146060666,-0.021675238734016333
2014-03-25,-0.157134,0.534255,-0.722816,1.047952,1.04797,0.006275,-0.44313,0.406441,0.603383,0.390937,0.316351,1.0,28.060322,28.2296331,0.4022003857044012,27.4252323285912,29.034033871408802,28.059373481651942,0.05335328250254889,0.010425167987397224
2014-03-26,-0.528285,0.71473,-1.584835,1.131364,1.131359,-0.82039,-1.494723,-0.834894,-0.492548,-0.645128,-0.774815,1.0,28.377785,28.238010850000002,0.4035178614867108,27.43097512702658,29.045046572973423,28.08969838816128,0.0740613466564568,0.011250070746619111
2014-03-27,0.560751,0.872284,-0.623047,-0.248608,-0.248599,-0.454832,-0.943932,-0.662521,-0.264805,-0.32898,-0.476644,0.0,28.307238,28.232279,0.4015781969332349,27.42912260613353,29.035435393866468,28.110416446431636,0.08381392858152736,-0.0024890890993623026
2014-03-28,1.00377,1.882061,-0.439144,-0.685355,-0.685372,0.043923,-0.056455,-0.092007,0.387396,0.411549,0.228989,-1.0,28.113228,28.22213765,0.4019121205083839,27.418313408983234,29.025961891016767,28.110684213438148,0.07502311466434364,-0.0068773187616687865
2014-03-31,-0.498132,0.186803,-0.902861,0.752823,0.752831,-0.31133,-0.585305,-0.894564,-0.34091,-0.322542,-0.501248,1.0,28.324873,28.228310699999998,0.4025247013188667,27.423261297362263,29.033360102637733,28.131083145491658,0.08416412239687077,0.007500110328453394
2014-04-01,-0.062601,0.938964,-0.625981,-0.529259,-0.529252,0.30046,-0.05009,-0.465324,0.073538,0.215322,0.035457,-1.0,28.174963,28.19568235,0.37703738411556015,27.441607581768878,28.94975711823112,28.135262179254358,0.07840811281526783,-0.005306576528312972
2014-04-02,-1.145869,0.309687,-1.486534,1.064163,1.064143,-0.687512,-0.92288,-1.44936,-1.051405,-0.80272,-0.934238,1.0,28.474785,28.1753998,0.34806001318224367,27.479279773635515,28.871519826364487,28.167597685992035,0.096922303452871,0.01058521211782378
2014-04-03,0.092586,0.277778,-0.679018,0.340666,0.340659,-0.839499,-1.108015,-1.520568,-1.396597,-1.11851,-1.18312,0.0,28.571787,28.172754199999996,0.3446495351855007,27.483455129628997,28.862053270370996,28.206091906373743,0.11806124707546317,0.003400803592174486
2014-04-04,1.119403,1.648007,-0.279851,-0.740747,-0.740731,0.074626,-0.376244,-0.59287,-0.702739,-0.37438,-0.373137,-1.0,28.360147,28.160849249999995,0.3330971861423131,27.49465487771537,28.82704362228462,28.220763820052433,0.11639470721195266,-0.007434877406701613
2014-04-07,0.897433,1.634609,-0.480776,-2.985072,-2.985069,2.564097,2.596149,2.418797,2.161851,2.591019,2.607898,-1.0,27.513577,28.10837965,0.3487059435820448,27.41096776283591,28.80579153716409,28.153412694333156,0.0462299286042267,-0.03030529307813359
2014-04-08,1.263359,1.684477,-0.064791,-1.057692,-1.057696,2.960799,3.385162,3.28474,3.002912,3.451891,3.59464,-1.0,27.222567,28.0400367,0.38183519112564024,27.27636631774872,28.803707082251282,28.064760723444284,-0.032483786015550464,-0.01063329349477455
2014-04-09,-0.768492,0.064041,-1.953247,1.166177,1.16618,1.0951,1.889208,1.991674,1.695483,2.064679,2.319349,1.0,27.540031,28.00696765,0.39551808939145683,27.215931471217086,28.798003828782914,28.01478646406864,-0.06845912611918692,0.011594320500888732
2014-04-10,2.515511,2.67886,-0.326694,-1.985267,-1.985281,1.973221,3.466196,3.774376,3.672012,3.89024,4.215407,-1.0,26.993284,27.98448055,0.43959715925198667,27.105286231496027,28.863674868503974,27.91750051510972,-0.13947991821041938,-0.020052524612835347
2014-04-11,2.143332,2.143332,-0.100472,-2.45018,-2.450169,2.99397,5.388478,5.862914,6.046548,6.155388,6.581823,-1.0,26.331903,27.924074149999996,0.5681070173032887,26.787860115393418,29.060288184606573,27.76649122795641,-0.24629321209146937,-0.024806848454455764
2014-04-14,0.602605,0.870432,-0.970877,0.03349,0.03348,2.068971,4.59994,5.465916,5.751598,5.782397,6.310687,0.0,26.340719,27.855731149999997,0.6688125434463986,26.5181060631072,29.193356236892793,27.630703396722467,-0.32646881029353025,0.00033474696142232144
2014-04-15,0.267648,0.86986,-0.970221,0.06695,0.066965,1.344928,3.840747,4.96487,5.339577,5.373033,5.927287,0.0,26.358358,27.765782950000006,0.7429758756098421,26.27983119878032,29.25173470121969,27.509527644653662,-0.38415690791287815,0.0006694235141427494
2014-04-16,0.199402,0.432034,-0.564972,0.669123,0.669127,-0.086417,2.4194,3.804135,4.370215,4.421394,4.928538,1.0,26.534729,27.6943536,0.7901592565714672,26.114035086857065,29.274672113142934,27.41668967849617,-0.4109067974105116,0.006668986957793561
2014-04-17,-0.330579,0.495868,-0.595041,0.531738,0.531733,-0.852894,1.16694,2.84738,3.543799,3.754046,4.130023,0.0,26.675823,27.621160599999996,0.8141713051291359,25.992817989741724,29.24950321025827,27.34613094721082,-0.4159266276732154,0.005303246268976894
2014-04-21,-1.036941,0.259235,-1.490606,2.016532,2.016523,-2.164611,-1.254047,0.594084,1.283218,1.65522,1.902141,1.0,27.213747,27.562958699999996,0.7986956308268255,25.965567438346344,29.160349961653647,27.33352295223836,-0.3722083222930124,0.019964600469563595
2014-04-22,-0.483871,0.806452,-0.483871,0.453658,0.453657,-1.877411,-1.764509,-0.101068,0.746783,1.141943,1.29248,0.0,27.337204,27.541353500000003,0.7986643113070645,25.944024877385875,29.13868212261413,27.333873528215662,-0.32386597679806073,0.004526308286603067
2014-04-23,0.84088,0.84088,-0.517464,-0.258065,-0.258062,-0.957305,-1.494175,-0.064679,0.861907,1.272968,1.392846,0.0,27.266657,27.50167025,0.791203733742219,25.919262782515563,29.084077717484437,27.327471954099884,-0.287927820335657,-0.0025839579092245294
2014-04-24,0.618694,0.618694,-1.66069,-0.679175,-0.679174,0.123741,-0.989901,0.275703,1.312283,1.83524,1.94834,-1.0,27.081469,27.43685445,0.7684240158376844,25.90000641832463,28.973702481675367,27.304043101328467,-0.27126274823165986,-0.006814907168010888
2014-04-25,-0.065041,0.162598,-0.65041,0.130254,0.130259,0.318694,-1.073173,-0.212468,0.960974,1.551869,1.775608,0.0,27.116745,27.377329800000002,0.7431466792569648,25.891036441486072,28.86362315851393,27.286205186916234,-0.25230071455209924,0.001301740495779141
2014-04-28,-1.404497,0.967531,-2.091136,4.195125,4.195124,-2.983776,-4.375784,-4.255101,-3.078967,-2.55431,-2.237831,1.0,28.254326,27.3843847,0.7511273454542363,25.882130009091526,28.88663939090847,27.378407169114688,-0.14382199626124859,0.041095144867121396
2014-04-29,0.944588,1.039043,-1.133501,-0.873911,-0.873898,-1.649885,-2.937669,-3.293463,-2.281183,-1.66122,-1.340272,-1.0,28.007412,27.368511650000006,0.7333506087769083,25.90181043244619,28.83521286755382,27.438312391103768,-0.07688939365433001,-0.008777389181917446
2014-04-30,1.534524,2.109974,-0.191822,-1.511332,-1.51135,0.089518,-1.003833,-1.722078,-0.888745,-0.221225,0.104436,-1.0,27.584122,27.338969600000002,0.7107049347477784,25.917559730504447,28.760379469495557,27.452199020522457,-0.0573398116272088,-0.015228872104943399
2014-05-01,-0.224719,1.380417,-0.674154,-0.415604,-0.415601,0.789732,-0.250399,-1.329051,-0.658103,0.062925,0.462283,0.0,27.469482,27.28870445,0.6598785270514488,25.968947395897104,28.6084615041029,27.453845018567936,-0.05051481361020649,-0.004164674330779856
2014-05-02,0.878049,1.008127,-0.65041,-1.284109,-1.284105,2.100814,1.209754,-0.015177,0.365853,1.188942,1.64336,-1.0,27.116745,27.215952350000002,0.5871772618594214,26.04159782628116,28.390306873718846,27.4217402548948,-0.07273048965260642,-0.012924209249480663
2014-05-05,1.001338,1.034716,-0.367153,-2.569109,-2.56911,3.404544,3.578106,2.643528,2.645197,3.600804,4.07655,-1.0,26.420086,27.118949300000004,0.5470877739563372,26.02477375208733,28.213124847912677,27.326344611571486,-0.14488103367839145,-0.026026879546422767
2014-05-06,1.936799,1.970778,-0.339789,-1.769022,-1.769029,3.683321,4.909962,4.39235,4.193007,5.100925,5.71753,-1.0,25.952707,27.0409058,0.5968941517156486,25.847117496568703,28.2346941034313,27.19552198189801,-0.23704196664812827,-0.01784863403499108
2014-05-07,0.413504,1.585114,-0.585803,-1.393136,-0.514216,2.852138,4.891624,4.792728,4.459796,5.27921,5.974628,-1.0,25.819254,26.97074015,0.6541502281487391,25.662439693702524,28.279040606297478,27.064448840764868,-0.3171923162210213,-0.005155427494076709
2014-05-08,-0.171406,0.925612,-0.651354,0.516885,0.516874,1.15438,3.917324,4.104358,3.616836,4.349128,5.118216,0.0,25.952707,26.891373950000002,0.6773266897113093,25.536720570577383,28.24602732942262,26.958568665453928,-0.3657276235362943,0.005155427494076768
2014-05-09,0.241126,0.620041,-0.895629,-0.479942,-0.479946,0.644384,3.919564,4.387614,3.890984,4.427456,5.305213,0.0,25.828148,26.83311715,0.7170423211046573,25.399032507790686,28.267201792209313,26.850909554458315,-0.4095223557800409,-0.004811015200582559
2014-05-12,0.72091,0.858222,-0.343282,0.344464,0.344492,-0.089269,2.661,3.69571,3.454296,3.691895,4.661237,0.0,25.917124,26.8123782,0.7379940757354779,25.336390048529047,28.288366351470955,26.76197759689086,-0.432069745933628,0.003439003574717332
2014-05-13,-0.308219,0.684928,-0.342469,0.240309,0.240301,-0.308228,1.634275,3.098696,3.136752,3.207106,4.109399,0.0,25.979403,26.794312400000003,0.7543881341112838,25.285536131777434,28.30308866822257,26.687446682901253,-0.43984308299488717,0.002400123225856192
2014-05-14,0.137454,0.61856,-0.618557,-0.342469,-0.342467,0.089341,1.329359,3.098618,3.400809,3.355961,4.173037,0.0,25.890432,26.7709161,0.7755786797923749,25.21975874041525,28.32207345958475,26.611540522624942,-0.44801824926231504,-0.003430552160267337
2014-05-15,0.034415,0.412942,-0.51617,-0.13746,-0.137468,0.151417,0.844344,2.924254,3.411666,3.237522,3.978663,0.0,25.854841,26.7369217,0.8009606186661635,25.135000462667673,28.338842937332327,26.539473901422568,-0.45215684107568777,-0.00137562345501672
2014-05-16,-0.412091,1.476641,-0.412091,0.206476,0.206472,0.006873,0.170095,2.401207,3.050451,2.857281,3.421726,0.0,25.908224,26.698541749999997,0.8221527184305184,25.05423631313896,28.342847186861032,26.479354863191844,-0.4459880700910013,0.0020625911130080408
2014-05-19,1.024587,1.468572,-0.102462,0.549451,0.549443,-0.43715,-0.519119,1.277678,2.264089,2.252029,2.561063,0.0,26.050575,26.640383149999998,0.8249256030388097,24.990531943922377,28.29023435607762,26.438518685745,-0.4247168669538155,0.005479393631061797
2014-05-20,0.991456,0.991456,-0.136756,-0.102462,-0.102443,-0.300862,-0.389751,0.873407,2.11663,2.308188,2.475427,0.0,26.023888,26.574717349999997,0.8187863222193381,24.93714470556132,28.212289994438674,26.39903004900738,-0.4053401936474259,-0.0010249554502866252
2014-05-21,-1.082178,1.183632,-1.251265,1.094017,1.094018,-1.061895,-1.281712,-0.541445,0.829464,1.193465,1.250658,1.0,26.308594,26.5268142,0.8040671846173374,24.918679830765324,28.134948569234677,26.39041709195906,-0.3628281881378932,0.010880768425354383
2014-05-22,-0.337158,0.708028,-0.370873,0.304363,0.304357,-0.957519,-1.416049,-1.116286,0.392244,0.86427,0.797993,0.0,26.388666,26.49217405,0.7937718381032464,24.904630373793506,28.079717726206493,26.390250321296293,-0.3189987571758621,0.0030389459195164855
2014-05-23,0.271278,0.508644,-0.203459,-0.573163,-0.573159,-0.135642,-0.691762,-0.769687,0.803397,1.378878,1.283027,-1.0,26.237417,26.44820765,0.7816161490517721,24.884975351896458,28.011439948103543,26.375694766887122,-0.29308959323494577,-0.005748078056417147
2014-05-27,1.080713,1.283347,-0.135093,0.406921,0.406907,-0.317452,-0.932111,-1.191035,0.032346,0.836,0.874123,0.0,26.344179,26.3527003,0.6558994496288676,25.040901400742264,27.664499199257733,26.372693265278826,-0.2609337115919459,0.004060818036444042
2014-05-28,0.303951,0.709216,-0.033776,0.0,0.0,-0.074293,-0.793646,-1.091969,-0.283328,0.685223,0.87456,0.0,26.344179,26.269538649999998,0.5280332064053678,25.21347223718926,27.325605062810734,26.36997762096656,-0.23276675347743492,0.0
2014-05-29,0.439189,0.540541,-0.236483,-0.033776,-0.033768,-0.02027,-0.591216,-0.927928,-0.486747,0.57777,0.905715,0.0,26.335283,26.2070967,0.42893842444437247,25.349219851111258,27.064973548888744,26.366673371350696,-0.2087556637469561,-0.00033774073412373826
2014-05-30,-0.236247,0.404998,-0.404992,0.101348,0.101347,-0.141745,-0.499489,-0.924733,-0.797557,0.366769,0.78171,0.0,26.361973,26.15172125,0.31328618837659283,25.525148873246817,26.778293626753186,26.366225716936345,-0.18543545767610325,0.0010129560553273783
2014-06-02,-0.403901,0.302928,-0.403901,0.269997,0.269995,-0.262536,-0.568826,-1.038925,-1.193984,-0.006932,0.479734,0.0,26.433149,26.117541449999997,0.22819452073411128,25.661152408531773,26.57393049146822,26.372599362942406,-0.1593735588151617,0.0026963113418452963
2014-06-03,0.608314,0.77729,-0.135184,-0.403901,-0.403894,0.128416,-0.060834,-0.533967,-0.811089,0.105643,0.774859,0.0,26.326387,26.1128565,0.22254820062870284,25.667760098742594,26.557952901257405,26.368198185519322,-0.1456550960743641,-0.0040471222386398035
2014-06-04,-0.101208,0.337385,-0.404855,0.168973,0.168971,-0.020244,-0.09784,-0.602788,-0.899122,-0.311456,0.482719,0.0,26.370871,26.1337647,0.22632148696438045,25.68112172607124,26.58640767392876,26.368452739279387,-0.12969854439910122,0.001688285586551557
2014-06-05,-0.235212,0.10081,-0.94086,0.404862,0.404848,-0.315853,-0.436819,-0.855725,-1.174385,-0.880574,-0.021775,0.0,26.477633,26.16668365,0.2260486877832377,25.714586274433525,26.618781025566474,26.37885085934802,-0.10720229970311124,0.004040309077915754
2014-06-06,1.325625,1.529575,-0.271924,-1.142473,-1.142455,0.693397,0.632214,0.371621,0.01019,0.06711,1.018212,-1.0,26.175138,26.1778052,0.22036738075584023,25.73707043848832,26.618539961511683,26.359449634648207,-0.11248601340621889,-0.011490309906913807
2014-06-09,0.102211,0.272572,-0.51107,-0.237933,-0.237951,0.688253,0.824539,0.663269,0.303247,0.152011,1.131011,0.0,26.112854,26.1920405,0.20526997538163935,25.78150054923672,26.60258045076328,26.33596433611028,-0.12031230746527655,-0.0023823454325076466
2014-06-10,-0.542373,0.0,-0.847458,0.511073,0.511085,0.11525,0.274572,0.201128,-0.14407,-0.383732,0.361752,0.0,26.246313,26.208499949999997,0.1950071045221778,25.81848574095564,26.598514159044353,26.327426113623588,-0.11442663691364885,0.005097838513248713
2014-06-11,0.101933,0.407744,-0.169898,-0.237288,-0.237294,0.21067,0.451922,0.480239,0.132521,-0.111447,0.368347,0.0,26.184032,26.218731400000003,0.18758117711711383,25.843569045765776,26.59389375423423,26.313769531373723,-0.11347963420894658,-0.0023757627112359625
2014-06-12,-0.237698,0.475379,-0.339562,0.067961,0.067973,-0.067921,0.332755,0.384821,0.123928,-0.120894,0.124319,0.0,26.20183,26.2343013,0.17109615451792318,25.892108990964154,26.576493609035843,26.303108623623846,-0.1100246818424786,0.0006794963375729562
2014-06-13,-0.237054,0.237044,-0.575686,0.271647,0.271634,-0.264137,0.027092,0.083532,-0.067726,-0.3427,-0.298717,0.0,26.273003,26.255209400000002,0.1459936402941115,25.96322211941178,26.547196680588225,26.300241421373954,-0.10038634956855219,0.002712654412595708
2014-06-16,-0.371499,0.337717,-0.979402,0.270911,0.270909,-0.357983,-0.27693,-0.159854,-0.254978,-0.533599,-0.66584,0.0,26.344179,26.277007149999996,0.12204024377874917,26.0329266624425,26.521087637557493,26.304425952671675,-0.08601308810529318,0.002705429698363514
2014-06-17,0.339213,0.474902,-0.135682,-0.439044,-0.439038,0.067844,0.125509,0.251017,0.218794,-0.047489,-0.252148,0.0,26.228518,26.2859043,0.11061528743723097,26.064673725125537,26.50713487487446,26.297196623845803,-0.08299829820553128,-0.004400047675078602
2014-06-18,-0.60585,0.0,-1.245369,0.780187,0.780185,-0.518339,-0.626048,-0.502632,-0.479631,-0.752603,-0.963755,1.0,26.433149,26.30636735,0.09655454591166668,26.113258258176664,26.499476441823333,26.31014446919382,-0.06336659331875438,0.007771574338127436
2014-06-19,0.371751,0.405539,-0.304157,-0.403901,-0.403894,-0.020283,-0.280504,-0.101391,-0.072665,-0.283884,-0.49792,0.0,26.326387,26.307257000000003,0.09665805852031195,26.11394088295938,26.500573117040627,26.311691376889648,-0.055780128312662214,-0.0040471222386398035
2014-06-20,-0.134322,0.470111,-0.5037,0.642112,0.642105,-0.490263,-0.795837,-0.705172,-0.690062,-0.823372,-1.064473,1.0,26.49543,26.312595200000004,0.10405579230307803,26.10448361539385,26.52070678460616,26.32919029337635,-0.03571573403937123,0.00640052109883586
2014-06-23,1.222404,1.358231,-0.407474,-1.108126,-1.108116,0.51612,0.349735,0.348603,0.415947,0.332756,0.091671,-1.0,26.20183,26.31081585,0.10570027047018987,26.099415309059623,26.52221639094038,26.31706074162622,-0.04300983272509029,-0.011143009634204268
2014-06-24,0.443689,0.614338,0.0,-0.509345,-0.509358,0.907859,0.795231,0.796368,0.877141,0.849156,0.623445,-1.0,26.068369,26.297025350000002,0.11835322108083107,26.06031890783834,26.533731792161664,26.293375813852297,-0.058880903402219076,-0.005106591999960945
2014-06-25,-2.181205,0.134232,-2.181205,1.706485,1.706493,-0.724831,-0.771811,-0.859061,-0.783558,-0.769128,-0.997763,1.0,26.513224,26.3054776,0.12757490943223268,26.050327781135536,26.560627418864463,26.314313736342555,-0.03515748694239562,0.01692096373546879
2014-06-26,0.439334,0.675907,-0.371747,-0.704695,-0.704694,-0.02028,-0.020282,-0.193763,-0.081113,-0.062188,-0.23995,-1.0,26.326387,26.3050328,0.12748099487139353,26.05007081025721,26.559994789742788,26.3154635709766,-0.0310744855913363,-0.0070718832001394755
2014-06-27,0.0,0.269633,-0.640377,0.270362,0.270356,-0.364002,-0.242668,-0.406695,-0.343781,-0.330299,-0.440399,0.0,26.397562,26.30681225,0.12856143619321003,26.04968937761358,26.56393512238642,26.323282468978828,-0.021843649939182086,0.0026999132115853534
2014-06-30,0.269542,0.539084,-0.202153,0.033704,0.0337,-0.242585,-0.25269,-0.366122,-0.382408,-0.338271,-0.411046,0.0,26.406458,26.3054777,0.12731343321516334,26.050850833569672,26.56010456643033,26.3312039481237,-0.013652930839182176,0.00033694404646326915
2014-07-01,-1.562497,0.465422,-1.628989,1.347709,1.347712,-1.050531,-1.379652,-1.562498,-1.625663,-1.601063,-1.646718,1.0,26.762341,26.327275399999998,0.1633126766630595,26.00065004667388,26.653900753326116,26.372264619730966,0.021309415245880814,0.013387111299655176
2014-07-02,-1.020751,0.164633,-1.218311,0.964099,0.964101,-1.620023,-2.104053,-2.296128,-2.44485,-2.44057,-2.46296,1.0,27.020357,26.359749700000002,0.2252623618347014,25.9092249763306,26.810274423669405,26.433987703566114,0.06904119733251335,0.009594832130845913
2014-07-03,0.262037,0.360295,-0.786112,0.526836,0.526844,-1.519826,-2.309213,-2.572344,-2.830013,-2.830014,-2.86932,0.0,27.162712,26.394003650000002,0.28759481937706094,25.81881401124588,26.969193288754123,26.503390017512196,0.11700705284388846,0.0052546055501363174
2014-07-07,0.0,0.459164,-0.360777,-0.131022,-0.131036,-0.852732,-1.948173,-2.234606,-2.527052,-2.589695,-2.651136,0.0,27.127119,26.441602699999997,0.32571761865598736,25.79016746268802,27.093037937311973,26.56279277774913,0.15041439772780407,-0.0013112218050408766
2014-07-08,1.094527,1.127695,-0.431177,-1.11512,-1.115128,0.577127,-0.610269,-1.0127,-1.295177,-1.432822,-1.480362,-1.0,26.824617,26.47719085,0.32678991261890583,25.823611024762187,27.130770675237812,26.587728417963497,0.15074290556872683,-0.011213917936265293
2014-07-09,0.232952,0.499175,-0.499165,-0.331678,-0.331658,0.891844,-0.029953,-0.556852,-0.875211,-1.043597,-1.103719,0.0,26.735651,26.501657750000003,0.3269126534239588,25.847832443152086,27.15548305684792,26.60181628291935,0.14218541278804153,-0.0033220924817351583
2014-07-10,-0.8,0.133337,-1.4,-0.166386,-0.166381,0.813323,0.203323,-0.326677,-0.61501,-0.830678,-0.895567,0.0,26.691168,26.52701455,0.3205861775981106,25.88584219480378,27.168186905196222,26.610325970260366,0.13031197641812753,-0.0016651940396751896
2014-07-11,-0.099764,0.166282,-0.897908,0.233333,0.233317,0.2727,0.129702,-0.452273,-0.743261,-1.02028,-1.074155,0.0,26.753443,26.5545952,0.3148136837789209,25.92496783244216,27.184222567557843,26.623956163568906,0.12449219605516504,0.002330451172509677
2014-07-14,-0.165341,0.297619,-0.462963,0.565348,0.565359,-0.456355,-0.244715,-0.910499,-1.183868,-1.46826,-1.563057,1.0,26.904696,26.586179849999997,0.31675742463295875,25.95266500073408,27.219694699265915,26.650693290848057,0.13057959097244876,0.005637668522563775
2014-07-15,-0.690559,0.690566,-0.690559,0.562169,0.562158,-0.841822,-0.56231,-1.253969,-1.60473,-1.87964,-2.036606,1.0,27.055943,26.621768049999996,0.3279243061932682,25.96591943761346,27.27761666238653,26.689288501243478,0.1459261187170675,0.00560584154993651
2014-07-16,-1.453485,0.0323,-1.905678,1.808612,1.808612,-2.015496,-2.044566,-2.650724,-3.113687,-3.434101,-3.629407,1.0,27.54528,26.68760615,0.3737919681059593,25.940022213788083,27.435190086211918,26.770811501125053,0.19532220605297468,0.01792451064482656
2014-07-17,0.818331,2.487725,-0.098196,-1.324289,-1.324285,-0.340425,-0.671028,-1.180575,-1.675937,-1.991486,-2.236767,-1.0,27.180502,26.724973800000004,0.3842257645968509,25.956522270806303,27.493425329193705,26.809829643875048,0.2026978504779393,-0.013331318041979186
2014-07-18,-0.650827,0.065083,-1.269118,0.589201,0.589191,-0.494624,-1.187757,-1.512085,-2.066375,-2.398949,-2.704188,1.0,27.340647,26.7756868,0.39561445945746776,25.984457881085063,27.566915718914935,26.86038367779171,0.2189416419735366,0.005874617960279217
2014-07-21,0.263591,0.955516,-0.164748,-1.236577,-1.236562,0.823714,0.003289,-0.129604,-0.746298,-1.068868,-1.38386,-1.0,27.002563,26.80104345,0.3929493708047021,26.015144708390597,27.586942191609406,26.873924565621067,0.20220353397750657,-0.012442708550484355
2014-07-22,0.196783,0.721545,-0.295179,0.461285,0.461275,0.413251,-0.344371,-0.411059,-1.031481,-1.407669,-1.712031,0.0,27.127119,26.847307899999997,0.37263185382889846,26.1020441923422,27.592571607657796,26.898038321276204,0.19672140909198887,0.004602141200023613
2014-07-23,0.987173,0.987173,-0.230336,-0.32798,-0.32796,0.36853,0.095415,-0.015367,-0.5265,-0.963486,-1.291005,0.0,27.038153,26.8957971,0.3261326387577909,26.243531822484417,27.54806237751558,26.911382576392754,0.18308745473333587,-0.0032849859963278963
2014-07-24,0.098883,0.758075,-0.06592,-0.164525,-0.164549,0.395525,0.372453,0.142835,-0.273557,-0.717195,-1.028335,0.0,26.993662,26.919819,0.313936114135837,26.291946771728327,27.547691228271674,26.9192187119744,0.16676997533857119,-0.0016468449211018278
2014-07-25,0.430603,0.529973,-0.364362,-0.494394,-0.494386,0.536601,0.910895,0.565306,0.321297,-0.144419,-0.454897,0.0,26.860209,26.9465101,0.28188326330586205,26.38274357338828,27.510276626611724,26.91359873940541,0.141439289484115,-0.0049561255557308585
2014-07-28,-1.029897,0.232558,-1.06312,-0.298115,-0.298125,0.671106,1.166122,0.779634,0.692702,0.19669,-0.094119,0.0,26.780132,26.9656386,0.25430244880832215,26.457033702383352,27.474243497616644,26.9008876213668,0.11359355795160297,-0.002985702849527829
2014-07-29,2.018163,2.55634,-0.134541,-1.229236,-1.229221,1.41271,2.196429,1.939676,1.954251,1.481328,1.162683,-1.0,26.450945,26.96786295,0.249299289349635,26.46926437130073,27.46646152869927,26.858035943141388,0.06422265651784897,-0.012368383848043694
2014-07-30,0.854409,0.956941,-0.786053,-1.580895,-0.712587,1.549826,2.441432,2.551179,2.590808,2.239223,1.893037,-1.0,26.262459,26.942868850000004,0.29233307767736005,26.358202694645282,27.527535005354725,26.801314329508877,0.009773948482653338,-0.007151380445817489
2014-07-31,1.951216,2.160275,0.0,-1.913872,-1.91388,2.573338,3.888786,4.311151,4.347915,4.117151,3.794071,-1.0,25.759827,26.87984235,0.3932222318765839,26.093397886246834,27.666286813753167,26.70212506003184,-0.07309267973275979,-0.01932431963345615
2014-08-01,-0.554401,0.831597,-0.589051,0.557491,0.557496,1.265944,2.757988,3.514082,3.526334,3.474609,3.164205,1.0,25.903437,26.816878600000003,0.44318905562764155,25.93050048874472,27.703256711255285,26.626059530504996,-0.12572764281055981,0.00555947722887779
2014-08-04,0.695656,0.730431,-0.521739,-0.381154,-0.381154,0.897393,2.686951,3.625956,3.666203,3.778616,3.469699,0.0,25.804705,26.750757900000004,0.49058083688780835,25.769596226224387,27.73191957377562,26.54783528950452,-0.17340912507594908,-0.0038188229616681196
2014-08-05,0.598381,1.055963,-0.422383,-1.182609,-1.182602,1.358672,3.277584,4.459194,4.647009,4.878328,4.616173,-1.0,25.499538,26.684503950000003,0.5640560790802568,25.55639179183949,27.812616108160515,26.44799745240885,-0.23313404565338303,-0.01189650528910676
2014-08-06,0.070714,0.38896,-0.671856,-0.457582,-0.457597,1.131547,3.100218,4.371443,4.861593,5.143064,5.00707,0.0,25.382853,26.616864049999997,0.6343335499840705,25.348196950031856,27.885531149968138,26.34655512360801,-0.28657848148295884,-0.0045864670371178065
2014-08-07,1.426533,1.426533,-0.427964,-0.848656,-0.848656,1.526395,3.257044,4.731534,5.456406,5.74851,5.727602,-1.0,25.16744,26.54067765,0.7117222864996716,25.117233077000655,27.964122222999343,26.23425844516915,-0.34236899409606636,-0.008522771724496761
2014-08-08,-0.917431,0.211715,-1.65843,1.069897,1.069914,0.084678,1.604353,3.123858,4.081231,4.35765,4.491795,1.0,25.43671,26.474840999999998,0.750831463229355,24.973178073541288,27.976503926458708,26.158301450391136,-0.3606976407975466,0.010642310617913327
2014-08-11,0.991154,1.20354,-0.212386,-0.317572,-0.31758,0.049558,1.366372,3.019464,4.107421,4.410712,4.687763,0.0,25.355928,26.3974026,0.7833284819477369,24.830745636104524,27.964059563895475,26.081884931306263,-0.3773913253551484,-0.003180857356205645
2014-08-12,0.641026,0.997155,-0.178059,-0.60177,-0.60178,0.420236,1.485052,3.1343,4.370181,4.785528,5.162446,-1.0,25.203341,26.304772500000002,0.8104244384928507,24.6839236230143,27.925621376985703,25.99821408070567,-0.39834184943469353,-0.006035983758698453
2014-08-13,0.141797,0.815321,-0.106342,0.462959,0.462966,-0.092162,0.645166,2.206646,3.449782,4.079005,4.487945,0.0,25.320024,26.1935097,0.7834555768497263,24.626598546300546,27.760420853699454,25.933624549209892,-0.40090852386243014,0.00461898004823495
2014-08-14,-1.635921,0.208844,-1.949182,1.843322,1.84332,-1.420116,-1.166025,0.044727,1.307141,2.054929,2.437296,1.0,25.786753,26.12382225,0.7524143796727188,24.618993490654564,27.628651009345436,25.919636782618472,-0.3611187499939881,0.018265365311954
2014-08-15,0.768163,0.907825,-0.803069,-0.313265,-0.31325,-0.900847,-0.93227,0.05976,1.307527,2.212628,2.570292,0.0,25.705976,26.0420887,0.7002535679287455,24.64158156414251,27.442595835857492,25.89928813665481,-0.33227286163559455,-0.0031374164014454924
2014-08-18,-0.312067,0.346744,-0.520107,0.698328,0.698316,-1.17892,-1.588072,-0.86454,0.389213,1.346315,1.699106,1.0,25.885485,25.9862348,0.6631808042556735,24.65987319148865,27.312596408511347,25.897973552211496,-0.2915664150683561,0.006958892845109395
2014-08-19,0.103656,0.310988,-0.863856,0.346744,0.346743,-0.926056,-1.744992,-1.329188,-0.179402,0.829698,1.238692,0.0,25.975241,25.928640899999998,0.6064794769389823,24.715681946122032,27.141599853877963,25.905332356762784,-0.2491911829707334,0.0034614281958759673
2014-08-20,-0.207681,0.31153,-0.519207,-0.172778,-0.172765,-0.283841,-1.363801,-1.243806,-0.220257,0.755082,1.310381,0.0,25.930365,25.8732515,0.5475378344458157,24.778175831108367,26.96832716889163,25.907716418023472,-0.21673128109400963,-0.001729139283387469
2014-08-21,0.346981,0.589868,-0.277585,-0.242295,-0.242295,0.020813,-0.853583,-0.976184,-0.19558,0.796771,1.450312,0.0,25.867537,25.816945250000003,0.4799923800963939,24.856960489807214,26.776930010192793,25.90388980678314,-0.1938417821183016,-0.0024258909486958016
2014-08-22,-0.207465,0.207469,-0.345781,0.346981,0.346975,-0.131397,-0.995855,-1.304753,-0.714603,0.235066,0.997283,0.0,25.957291,25.771799350000002,0.41472855077966564,24.94234224844067,26.601256451559333,25.908975634708558,-0.16653952756903223,0.0034637486779772134
2014-08-25,0.06918,0.622622,0.0,-0.034578,-0.034572,-0.04843,-0.733319,-1.233723,-0.840549,0.107217,0.909355,0.0,25.948317,25.730208599999997,0.3439571258317628,25.042294348336473,26.418122851663522,25.91272243140298,-0.14396686058520203,-0.00034578152285266
2014-08-26,-0.61622,0.342349,-0.855871,1.0377,1.037701,-0.890106,-1.365976,-2.06551,-1.903465,-1.059696,-0.233618,1.0,26.217583,25.7185405,0.3214419436929309,25.07565661261414,26.36142438738586,25.94175677126936,-0.10316116581912027,0.010323540528406144
2014-08-27,-0.067823,0.271278,-0.406914,0.958579,0.958563,-1.424202,-1.868422,-2.721821,-2.795858,-2.085122,-1.316415,1.0,26.468895,25.728862300000003,0.34245455250217954,25.043953194995645,26.41377140500436,25.991960412100852,-0.049967585409010695,0.009539977449762283
2014-08-28,0.170187,0.987069,-0.068067,-0.373011,-0.372996,-0.67393,-1.279784,-2.053556,-2.316207,-1.813112,-1.049381,0.0,26.370167,25.7593793,0.3713357432351397,25.01670781352972,26.502050786470278,26.027980087138868,-0.015598010040303478,-0.0037369366962714417
2014-08-29,0.238176,0.340255,-0.340245,0.034037,0.034031,-0.387884,-1.05818,-1.848701,-2.259272,-1.919461,-1.204542,0.0,26.379141,25.783164499999998,0.39549779951165526,24.992168900976687,26.57416009902331,26.06142398360183,0.012223349693471164,0.00034025091235630433
2014-09-02,-0.170885,0.512645,-0.341763,-0.442324,-0.442327,0.293918,-0.475048,-1.182502,-1.737868,-1.562543,-0.859538,0.0,26.262459,25.8060522,0.40979673827507107,24.986458723449857,26.625645676550143,26.080570175639753,0.024573448063883063,-0.0044330792030644415
2014-09-03,0.170071,0.44218,-0.578231,0.478469,0.478462,-0.054417,-0.792508,-1.353735,-2.037409,-2.040811,-1.42498,0.0,26.388115,25.850481050000003,0.42277912993184186,25.00492279013632,26.696039309863686,26.10986015891216,0.043993252222310986,0.0047732143841137265
2014-09-04,0.544774,0.612863,-0.238345,-0.102037,-0.102031,-0.034052,-0.527751,-0.989674,-1.751791,-1.925779,-1.409901,0.0,26.361191,25.89939795,0.42242364985518593,25.054550650289627,26.744245249710374,26.13379642949195,0.05655906742082095,-0.001020828684953822
2014-09-05,-1.180442,0.033727,-1.483983,0.95335,0.953333,-0.79594,-1.187168,-1.717802,-2.408079,-2.723762,-2.38866,1.0,26.612501,25.971650999999998,0.4141406139190417,25.143369772161915,26.79993222783808,26.17938734096891,0.0858070529191366,0.009488177088215758
2014-09-08,0.612245,0.85034,-0.340139,-0.84317,-0.84316,0.054423,-0.183668,-0.709744,-1.397954,-1.823124,-1.618276,-1.0,26.388115,26.019221249999998,0.4039774830854667,25.211266283829065,26.82717621617093,26.199266165638537,0.08984454522785157,-0.008467348403261875
2014-09-09,0.650017,0.718443,-0.752651,-0.578231,-0.57823,0.615805,0.506332,-0.04333,-0.656856,-1.186449,-1.115289,-1.0,26.235531,26.063201399999997,0.3747915371826071,25.31361832563478,26.812784474365213,26.20271995938725,0.07981201019647344,-0.00579908232159465
2014-09-10,-0.645384,0.305707,-0.95109,0.718443,0.718446,-0.074734,-0.132476,-0.643116,-1.134512,-1.751361,-1.824051,1.0,26.424019,26.124235300000002,0.3232427737237385,25.477749752552526,26.77072084744748,26.223796058493225,0.08607830314685572,0.007158770060456535
2014-09-11,-0.80999,0.03375,-1.181229,0.645374,0.645375,-0.539995,-0.725614,-1.113732,-1.528852,-2.199119,-2.411967,1.0,26.594553,26.18796175,0.278950442667286,25.630060864665428,26.74586263533457,26.25910624339863,0.10361069445389148,0.006433013250891629
2014-09-12,0.135912,0.577642,-0.30581,-0.674988,-0.674995,-0.013588,-0.033975,-0.303538,-0.740733,-1.345559,-1.666093,-1.0,26.415041,26.21937615,0.2664891499695135,25.68639785006097,26.752354449939027,26.27395717259876,0.1018461042305816,-0.006772837618940603
2014-09-15,-1.604275,0.0,-1.804816,1.664968,1.664976,-1.303479,-1.493987,-1.713459,-2.152406,-2.750001,-3.158423,1.0,26.854845,26.2768196,0.2737227583484905,25.729374083303018,26.82426511669698,26.329279822827452,0.13438703093048687,0.016512668840184434
2014-09-16,-0.332772,0.232952,-0.998333,0.434489,0.434491,-1.184694,-1.657241,-1.885747,-2.374375,-2.931115,-3.433167,0.0,26.971527,26.3311217,0.29859848604417333,25.733924727911653,26.92831867208835,26.39044622065341,0.16765854864773289,0.004335502410175328
2014-09-17,-0.52718,0.395384,-0.823723,0.998339,0.998319,-1.561768,-2.316298,-2.605149,-3.107068,-3.591418,-4.174614,1.0,27.240789,26.394399099999998,0.3490455405765488,25.6963080188469,27.092490181153096,26.471431247257847,0.21329492807123884,0.009933691605715498
2014-09-18,-0.555919,0.457812,-0.784827,0.757825,0.757841,-1.680841,-2.655335,-3.100067,-3.559516,-4.00654,-4.644648,1.0,27.447231,26.4702424,0.4034656601267039,25.66331107974659,27.27717372025341,26.56436455704281,0.2630875224563667,0.007549842930893335
2014-09-19,1.184211,1.447368,-0.460526,-0.58862,-0.58862,-0.460529,-1.832239,-2.302634,-2.728619,-3.21842,-3.821272,-1.0,27.285671,26.541149100000002,0.4163766664893571,25.708395767021287,27.373902432978717,26.63306040875302,0.28621268874151085,-0.005903595947819872
2014-09-22,0.265076,0.629559,-0.662691,-0.723684,-0.723684,0.437373,-0.858187,-1.415951,-1.810803,-2.308814,-2.916943,-1.0,27.088209,26.597694999999998,0.4096504618288457,25.778394076342305,27.41699592365769,26.676407893633687,0.2853170590362346,-0.007263151647988478
2014-09-23,-0.73211,0.599005,-1.83028,-0.430752,-0.430748,0.871876,-0.156409,-0.814202,-1.196341,-1.725125,-2.297283,0.0,26.971527,26.648855500000003,0.38758137745104215,25.87369274509792,27.424018254902087,26.704514475192383,0.27205591258296735,-0.004316786940800459
2014-09-24,-0.659842,0.4619,-0.791815,0.865225,0.865231,-0.019801,-0.725841,-1.464872,-1.86243,-2.387337,-2.890142,1.0,27.204893,26.698221,0.3926033111863379,25.913014377627324,27.483427622372677,26.75216957279311,0.2771818643636479,0.008615092815786147
2014-09-25,1.167445,1.300871,-0.033359,-1.088746,-1.088745,0.680446,0.483644,-0.24462,-0.700479,-1.167455,-1.624426,-1.0,26.908701,26.7202113,0.39139761646917215,25.937416067061655,27.503006532938343,26.767077327765193,0.2544113039141713,-0.01094715527377511
2014-09-26,0.841184,0.874835,-0.538358,-0.867248,-0.867259,1.10364,1.460299,0.643788,0.225439,-0.181693,-0.652755,-1.0,26.675333,26.7354696,0.38288905393543116,25.969691492129137,27.50124770787086,26.758339772739937,0.21505559639490457,-0.008710410847072986
2014-09-29,-0.335909,0.235136,-0.671817,0.16824,0.168238,0.658386,1.239504,0.557609,0.120928,-0.235134,-0.693089,0.0,26.720211,26.752523099999998,0.3736676571006582,26.005187785798682,27.499858414201313,26.75470846105042,0.18535058798072512,0.001680964635079967
2014-09-30,0.676361,1.420358,-0.067639,-0.671817,-0.671814,1.014543,1.761919,1.314393,0.850521,0.528912,0.060871,-1.0,26.540701,26.7664352,0.3593676969572056,26.04769980608559,27.48517059391441,26.73432679809324,0.1456452897874989,-0.006740803827040192
2014-10-01,0.75472,0.891938,-0.445969,-1.420358,-1.420362,1.674102,2.81647,2.707834,2.260721,1.969126,1.526589,-1.0,26.163727,26.755215800000002,0.3749646434281085,26.005286513143783,27.50514508685622,26.679983960179598,0.0828053747952282,-0.01430545565665828
2014-10-02,0.344119,0.791473,-0.584997,-0.308751,-0.30874,1.35581,2.611834,2.895153,2.524081,2.225733,1.860513,0.0,26.082949,26.741303699999996,0.39498083693963915,25.951342026120717,27.531265373879275,26.62312348778154,0.026184343108457853,-0.0030921800408412604
2014-10-03,0.239569,0.308008,-0.752906,0.550585,0.550582,0.458589,1.646132,2.283821,1.889114,1.644076,1.348389,1.0,26.226557,26.7220065,0.41071912290761675,25.900568254184765,27.543444745815233,26.585355250849965,-0.007019352294094006,0.005490717530031081
2014-10-06,0.617072,0.822763,-0.548509,-0.171112,-0.171117,0.219404,1.474118,2.287737,2.024338,1.788136,1.550678,0.0,26.181679,26.7116847,0.4219910976173268,25.867702504765347,27.55566689523465,26.546909893626157,-0.036533662341170725,-0.0017126319981208837
2014-10-07,0.833623,1.146231,0.0,-1.302705,-1.302697,1.000339,2.375815,3.346057,3.294534,3.066329,2.877143,-1.0,25.840611,26.691938699999998,0.4535069312639972,25.784924837472005,27.59895256252799,26.479643332328425,-0.08644877520037753,-0.013112567205536992
2014-10-08,-1.940095,0.034037,-2.859081,2.049316,2.049317,-0.871342,0.0034,1.050597,1.21,0.993866,0.83049,1.0,26.370167,26.689246100000002,0.4553375414697653,25.77857101706047,27.599921182939532,26.469217014963814,-0.08232710265189525,0.020286009153570452
2014-10-09,1.414281,1.552263,-0.206968,-1.32743,-1.327447,0.413946,1.007252,2.044392,2.461201,2.30011,2.129476,-1.0,26.020117,26.6605243,0.4791209818724122,25.702282336255173,27.618766263744824,26.426445584967258,-0.10608388794693369,-0.01336336368388474
2014-10-10,-0.068651,1.167182,-0.446272,0.482922,0.482926,-0.130442,0.319265,1.26331,1.917273,1.737046,1.610029,0.0,26.145775,26.647061,0.49004086684958237,25.666979266300835,27.627142733699166,26.399715053065616,-0.11346382072285266,0.004817639964435238
2014-10-13,2.423607,2.880232,-0.17562,-2.265706,-2.265697,1.693009,2.188267,3.210396,4.025287,3.964872,3.857858,-1.0,25.553391,26.5819883,0.5443930335708689,25.493202232858263,27.670774367141735,26.31911276229746,-0.16520848804617927,-0.022917581580078845
2014-10-14,0.632467,1.194659,-0.210819,-0.035125,-0.035126,1.496836,1.834154,2.87421,3.782501,3.893182,3.800654,0.0,25.544415,26.510632700000002,0.5828196997563447,25.344993300487314,27.67627209951269,26.24533202303104,-0.204582498193556,-0.0003513262425524041
2014-10-15,0.0,0.390202,-2.234842,-0.948693,-0.948704,1.624691,2.468966,3.35817,4.393406,4.710894,4.65177,-1.0,25.302074,26.413696950000002,0.6153070419850856,25.18308286602983,27.644311033970173,26.155497925599512,-0.2524317027455609,-0.009532333098988488
2014-10-16,0.613718,1.11913,-0.685924,-1.738205,-1.738205,2.490977,3.790618,4.63779,5.720221,6.28448,6.302048,-1.0,24.862272,26.284449000000002,0.656869708053257,24.970709583893488,27.598188416106517,26.032333551732894,-0.3221276014373551,-0.01753489495755136
2014-10-17,-0.071868,0.646784,-0.718653,0.46931,0.469305,1.077983,2.806336,3.696263,4.764656,5.558043,5.587507,0.0,24.978952,26.16911305,0.6741039959702655,24.82090505805947,27.51732104194053,25.932011499186903,-0.3637538741851998,0.004682076553869751
2014-10-20,-0.214819,0.143212,-1.181525,0.359324,0.359327,0.3294,1.99428,2.885796,3.986763,4.895105,5.034023,0.0,25.068708,26.068137999999998,0.6804078670214018,24.707322265957195,27.4289537340428,25.84979211831196,-0.38506168475191416,0.003586824887646301
2014-10-21,-0.565771,0.848653,-0.990103,1.253136,1.253136,-1.039604,0.55163,1.308351,2.386853,3.346541,3.622118,1.0,25.382853,25.988704300000002,0.6618734191503585,24.664957461699284,27.31245113830072,25.805321726091776,-0.3723076709822237,0.01245349217392494
2014-10-22,-0.176675,0.671382,-1.024731,0.070714,0.070725,-1.031806,0.098939,1.036516,1.959367,2.983749,3.414608,0.0,25.400805,25.8984999,0.6081562296648704,24.682187440670262,27.11481235932974,25.766796323606847,-0.35664031921415074,0.0007069991195896791
2014-10-23,0.174825,0.944059,-0.104895,1.060074,1.060077,-1.440568,-1.087419,-0.13054,0.648598,1.626571,2.209786,1.0,25.670073,25.8365685,0.561116772442378,24.71433495511524,26.958802044884756,25.757584578501433,-0.31882098299456274,0.0105449722298598
2014-10-24,-1.064933,0.549636,-1.374105,1.78322,1.78322,-2.287882,-2.827216,-1.905423,-1.219519,-0.331164,0.38245,1.0,26.127827,25.8091932,0.5305660383702984,24.748061123259404,26.870325276740594,25.792845761501297,-0.2490411727598989,0.01767507629142763
2014-10-27,0.206679,0.620041,-0.275577,-0.27482,-0.274833,-1.260759,-2.366513,-1.667235,-1.074744,-0.214943,0.556902,0.0,26.056019,25.7759836,0.4897592369485847,24.79646512610283,26.75550207389717,25.817909879453556,-0.19726057872693303,-0.0027521177846386116
2014-10-28,0.275009,0.721894,-0.790646,0.206679,0.206701,-0.907537,-2.351336,-1.801318,-1.361303,-0.552777,0.239476,0.0,26.109877,25.7544424,0.4631033605274633,24.82823567894507,26.680649121054927,25.845716271886552,-0.15014738877259504,0.002064874688866837
2014-10-29,-1.152933,0.474734,-1.525938,1.375043,1.375028,-1.444551,-3.234993,-3.108396,-2.641569,-2.012881,-1.217357,1.0,26.468895,25.7697008,0.4819424505140983,24.8058158989718,26.733585701028197,25.905066626944976,-0.0828846514719288,0.013656598134345877
2014-10-30,-1.508046,0.469169,-1.508046,1.186843,1.186842,-1.769432,-3.652813,-4.054957,-3.652811,-3.180961,-2.458663,1.0,26.783039,25.804705300000002,0.5290172397406797,24.74667082051864,26.862739779481362,25.988683043426406,-0.004181451005916159,0.011798544038217722
2014-10-31,0.200331,0.834725,-0.467452,0.368636,0.368651,-1.569294,-3.298844,-4.224833,-3.884821,-3.505856,-2.867013,0.0,26.881775,25.8374662,0.574821725654461,24.68782274869108,26.987109651308923,26.07373942024294,0.0654046285729386,0.0036797336672298475
2014-11-03,-0.960586,0.033124,-1.093077,0.801336,0.801324,-1.583304,-3.31898,-4.606384,-4.479962,-4.217292,-3.638071,1.0,27.097185,25.883241500000004,0.6367880648424817,24.609665370315042,27.156817629684966,26.17121042783885,0.13636198860112714,0.007981300250600613
2014-11-04,-0.462358,0.066044,-1.354029,0.298112,0.29812,-1.089834,-2.945845,-4.489221,-4.517842,-4.408198,-3.899171,0.0,27.177967,25.950109299999998,0.69923087288346,24.551647554233078,27.348571045766917,26.26709200613991,0.19684552721464854,0.002976760328610452
2014-11-05,1.098535,1.231688,-0.299601,-0.792602,0.066616,-0.620915,-2.350336,-4.088522,-4.429564,-4.319998,-3.964228,0.0,27.196072,25.99140455,0.7480297307377649,24.49534508852447,27.487464011475527,26.355566291269444,0.24343393465014884,0.0006659428286760997
2014-11-06,0.133152,0.732354,-0.233029,0.0,0.0,-0.31717,-1.789226,-3.51643,-4.213365,-4.15628,-3.929006,0.0,27.196072,26.050202300000002,0.7951390754051783,24.459924149189646,27.640480450810358,26.435614454005687,0.277160647773119,0.0
2014-11-07,0.701868,0.701868,-0.534759,-0.399471,-0.399473,0.234479,-1.041065,-2.610526,-3.65537,-3.644749,-3.492977,0.0,27.087431,26.0972851,0.828284538876313,24.440716022247376,27.753854177752626,26.49769222029086,0.2917596663421307,-0.004002731550045165
2014-11-10,-0.794709,0.264901,-1.291397,0.935832,0.935836,-0.516558,-1.488615,-2.959437,-4.221742,-4.368518,-4.312076,1.0,27.340925,26.186661800000003,0.8622524294052144,24.462156941189573,27.911166658810433,26.578000104072682,0.32009449096067755,0.009314844376067387
2014-11-11,-0.461741,0.263852,-0.725594,0.397348,0.397349,-0.712402,-1.390446,-2.841559,-4.253783,-4.512545,-4.580418,0.0,27.449564,26.281919249999998,0.8922787848310857,24.497361680337825,28.06647681966217,26.661006189399092,0.3473126983859096,0.003965620470103589
2014-11-12,-0.624589,0.394481,-0.624589,0.329815,0.329812,-0.788953,-1.325643,-2.643085,-4.162206,-4.656516,-4.7275,0.0,27.540096,26.39382035,0.9031973050167773,24.587425739966445,28.200214960033552,26.74472902850394,0.3719014512303396,0.0032926947282246014
2014-11-13,0.328731,0.657465,-0.52597,0.0,0.0,-0.539118,-1.050751,-2.190406,-3.676038,-4.43575,-4.551133,0.0,27.540096,26.52771155,0.8617397492297374,24.804232051540524,28.251191048459475,26.820478263884517,0.386927950453412,0.0
2014-11-14,0.131836,0.725112,-0.395521,-0.262985,-0.262984,1e-06,-0.57654,-1.607312,-2.969027,-3.991266,-4.148841,0.0,27.46767,26.65214745,0.8040847164218837,25.043978017156235,28.260316882843767,26.88211557208599,0.3885138407227302,-0.002633302426855606
2014-11-17,-1.352243,0.296834,-1.451191,-0.06592,-0.065917,0.145117,-0.382586,-1.203961,-2.471346,-3.651624,-3.931651,0.0,27.449564,26.77119025,0.7301644115591422,25.310861426881715,28.231519073118285,26.93615827950637,0.3838844859112527,-0.0006593923013688602
2014-11-18,-0.326904,0.294214,-0.948025,0.890501,0.890484,-0.562263,-1.075501,-1.69462,-2.914893,-4.191542,-4.556495,1.0,27.693998,26.886747500000002,0.6800420092833979,25.526663481433207,28.246831518566797,27.008333490981954,0.39538175509415296,0.008865426609721956
2014-11-19,-0.065706,0.394212,-0.525624,-0.490353,-0.490341,-0.059136,-0.456638,-0.946696,-2.045074,-3.391968,-3.94249,0.0,27.558203,26.9946174,0.5981020253605535,25.798413349278892,28.190821450721106,27.06070201565034,0.38905116251558525,-0.004915470188106839
2014-11-20,-0.36137,0.164254,-0.624182,0.0,0.0,-0.045995,-0.325232,-0.759175,-1.702503,-3.000661,-3.756449,0.0,27.558203,27.0890239,0.5222297204839649,26.04456445903207,28.13348334096793,27.108083061778878,0.37965766505356413,0.0
2014-11-21,0.985218,1.083744,-0.821018,0.032852,0.032847,-0.006567,-0.183905,-0.62599,-1.473704,-2.65695,-3.616171,0.0,27.567255,27.160995299999996,0.48029385710355427,26.200407585792888,28.121583014207104,27.15181372256184,0.36869360105849225,0.00032841450791616395
2014-11-24,1.025817,1.356717,-0.3309,-0.755343,-0.755335,0.688284,0.582396,0.194134,-0.485705,-1.581234,-2.662617,-1.0,27.35903,27.22614585,0.4049895924454222,26.416166665109156,28.036125034890848,27.171548606127377,0.33929134464003496,-0.007582016425024562
2014-11-25,-0.853298,0.623567,-0.951753,0.827267,0.827263,-0.216603,-0.19363,-0.529478,-1.034755,-2.069362,-3.214624,1.0,27.585361,27.299920049999997,0.31543133013545444,26.669057389729087,27.930782710270908,27.210959310305725,0.33044371531343586,0.008238594551815588
2014-11-26,-1.446945,0.064312,-1.639871,2.067611,2.0676,-1.813497,-1.996775,-2.317246,-2.739958,-3.661777,-4.837381,1.0,28.155716,27.384261099999996,0.30693367846938513,26.770393743061227,27.998128456938765,27.300936137895654,0.36524447620783107,0.020465155573666783
2014-11-28,-0.064209,1.57303,-0.288928,0.160772,0.160774,-1.515245,-1.919737,-2.236482,-2.644676,-3.457433,-4.595499,0.0,28.200983,27.4551583,0.32403669103899807,26.807084917922005,28.103231682077997,27.386654886667497,0.39195874213696413,0.0016064464575873986
2014-12-01,-1.215614,0.799744,-1.215614,0.35313,0.353137,-1.343573,-1.97057,-2.294731,-2.736598,-3.490065,-4.53999,0.0,28.300571,27.526098100000002,0.34643301819149513,26.83323206361701,28.218964136382994,27.47369451650869,0.41636629815395665,0.0035251456315259916
2014-12-02,-0.41178,0.158381,-0.91859,0.991683,0.991676,-1.457078,-2.537215,-2.964833,-3.432048,-4.084326,-5.067696,1.0,28.581221,27.6002999,0.40389554603687255,26.792508807926254,28.408090992073745,27.57917322922215,0.45313214633645416,0.009867912648409062
2014-12-03,-0.787402,0.094491,-1.38583,0.570162,0.570175,-1.209459,-2.724417,-3.214705,-3.707092,-4.261526,-5.216109,1.0,28.744184,27.67861075,0.46492526854583555,26.74876021290833,28.60846128709167,27.690126635962898,0.4897732963787398,0.005685557354160276
2014-12-04,-0.347335,0.473634,-1.01042,-0.251969,-0.251971,-0.599942,-2.090311,-2.707087,-3.206507,-3.712362,-4.596403,0.0,28.671757,27.752395,0.5000825257680299,26.752229948463942,28.752560051536058,27.783615242061668,0.5071216356269268,-0.0025228895374653547
2014-12-05,-1.062832,0.500163,-1.219131,1.01042,1.010426,-1.069092,-2.585193,-3.353141,-3.869968,-4.374673,-5.171919,1.0,28.961464,27.840664599999997,0.5500282404109063,26.740608119178184,28.94072108082181,27.89579131424627,0.5380450052871595,0.010053557136774822
2014-12-08,-0.594301,0.781989,-0.656863,-0.062523,-0.062521,-0.563032,-2.048804,-2.952776,-3.489216,-4.029938,-4.788337,0.0,28.943357,27.9334609,0.5723652149640376,26.788730470071926,29.078191329928075,27.995559474794245,0.5546967164991727,-0.0006254056321212968
2014-12-09,-1.251962,0.187784,-1.564945,-0.062552,-0.062564,-0.262908,-1.446012,-2.551907,-3.154932,-3.717059,-4.398083,0.0,28.925249,28.012677099999998,0.5952212132953808,26.822234673409238,29.203119526590758,28.084101334337653,0.5599770860641513,-0.0006258315809792132
2014-12-10,0.439419,0.972997,-0.345264,-0.28169,-0.281692,0.087888,-0.731326,-2.010882,-2.639675,-3.214062,-3.812077,0.0,28.843769,28.082387350000005,0.607319588378326,26.867748173243353,29.297026526756657,28.156450635829305,0.5512327934319927,-0.0028208910884003247
2014-12-11,0.66351,4.644547,-0.442338,-0.659137,-0.659141,0.739345,0.101112,-1.10584,-1.799363,-2.368398,-2.9197,-1.0,28.653648,28.13806495,0.6060295061971955,26.92600593760561,29.35012396239439,28.203802765750325,0.5229336491369168,-0.006613225526544762
2014-12-12,1.260094,1.583199,-0.290792,-2.211687,-2.21169,2.345725,2.300491,1.240716,0.507275,-0.042644,-0.57688,-1.0,28.019918,28.16205605,0.5904077032150032,26.981240643569993,29.342871456430007,28.18628993091696,0.44424863694975514,-0.02236515047443022
2014-12-15,0.874912,0.939725,-0.550875,-0.290792,-0.290786,1.92482,2.469217,1.62454,0.88464,0.370707,-0.160857,0.0,27.93844,28.18559455,0.5703090019331934,27.044976546133615,29.326212553866387,28.162685175591534,0.3710385033336081,-0.0029120960832996726
2014-12-16,0.521682,2.901855,-0.097819,-0.615687,-0.615689,1.721555,2.810571,2.351923,1.566682,1.053804,0.537991,-1.0,27.766426,28.201437650000003,0.5529221903219607,27.09559326935608,29.307282030643925,28.12494620648758,0.2957298629980656,-0.006175925340056373
2014-12-17,-1.349614,0.739071,-1.735222,1.467235,1.467232,-0.224935,1.121471,1.011144,0.183166,-0.304623,-0.797981,1.0,28.173824,28.225428949999998,0.5400044779647976,27.1454199940704,29.305437905929594,28.129601234441143,0.265856211874798,0.01456572692416573
2014-12-18,-1.407567,0.093841,-1.72036,2.731356,2.731376,-2.677519,-1.473263,-1.493074,-2.241172,-2.761347,-3.234289,1.0,28.943357,28.29468665,0.5387504805056434,27.217185688988714,29.372187611011285,28.207101783541987,0.30080847709873737,0.026947393169544778
2014-12-19,-0.093929,0.469627,-1.033187,-0.093832,-0.093838,-1.966193,-1.396375,-1.235656,-1.914535,-2.479657,-2.945112,0.0,28.916197,28.362586349999997,0.5264803234137013,27.309625703172596,29.4155469968274,28.274634661299892,0.3225981039596739,-0.0009388251418213628
2014-12-22,-0.716731,0.093484,-1.464628,0.469627,0.469623,-1.657836,-1.819881,-1.524876,-2.117482,-2.717357,-3.173366,0.0,29.051994,28.436823300000004,0.5129356964199061,27.410951907160193,29.462694692839815,28.348668884033238,0.34682622638394633,0.00468523326564451
2014-12-23,2.321141,2.480124,-2.162165,-1.994388,-1.994383,0.839424,0.019071,0.453625,0.069945,-0.593966,-1.070489,-1.0,28.472586,28.4925011,0.4458343903940861,27.600832319211825,29.38416988078817,28.36047051412531,0.31563535675755716,-0.020145391597527037
2014-12-24,0.063657,0.732018,-0.063654,-0.095393,-0.095386,1.126667,-0.025471,0.479517,0.316667,-0.39339,-0.859335,0.0,28.445427,28.5355044,0.3919536024601452,27.75159719507971,29.31941160492029,28.36856160801814,0.28543455170260756,-0.0009543201046461206
2014-12-26,-0.473934,0.600316,-1.105848,0.732018,0.732002,0.189583,-0.751968,-0.254864,-0.325428,-0.964291,-1.450231,1.0,28.653648,28.560401000000002,0.3822541707984506,27.7958926584031,29.324909341596904,28.395712692968797,0.2751303591187835,0.00729335538242561
2014-12-29,0.223001,0.732724,-0.031857,-0.821488,-0.821487,0.669011,0.210267,0.443886,0.538397,-0.02293,-0.530947,-1.0,28.418262,28.57126495,0.37451080085389943,27.8222433482922,29.3202865517078,28.397860246019388,0.24514465428395127,-0.008248798215778029
2014-12-30,-0.318668,0.350545,-0.446141,-0.031857,-0.03186,0.248575,0.407913,0.350551,0.589558,0.127479,-0.388773,0.0,28.409208,28.5766968,0.37115081342087747,27.834395173158246,29.318998426841755,28.398940984493734,0.21813565301125948,-0.00031864871255432836
2014-12-31,0.096308,1.765653,-0.032106,-0.732948,-0.732949,0.796152,1.303379,0.920285,1.264856,0.986203,0.435534,-1.0,28.200983,28.557684899999998,0.38052712359576135,27.796630652808474,29.318739147191522,28.38008784311338,0.1778783368801058,-0.007356482477026983
2015-01-02,-0.19151,1.436326,-0.351104,0.577849,0.577852,0.159589,0.788387,0.227687,0.616028,0.515804,-0.062768,1.0,28.363943,28.538672849999994,0.3802175134162282,27.778237823167537,29.29910787683245,28.378550239007343,0.1573102591490887,0.005761890357545384
2015-01-05,0.609756,0.802311,-0.481386,-0.542611,-0.542618,0.391532,1.078316,0.669673,1.083131,1.071899,0.55949,-1.0,28.210035,28.51558675,0.3856896678519489,27.744207414296103,29.2869660857039,28.36250116862569,0.12712539757465535,-0.005440960142185942
2015-01-06,-0.477403,1.400385,-0.954803,0.834403,0.834426,-0.42013,0.076372,-0.063665,0.15594,0.269881,-0.168694,1.0,28.445427,28.4897849,0.37128333889300713,27.747218222213984,29.232351577786016,28.370398866851815,0.12080527642574168,0.008309643807574022
2015-01-07,-0.408166,0.062797,-0.847724,1.368555,1.36855,-1.469395,-1.350086,-1.205658,-1.215077,-1.009739,-1.36997,1.0,28.834717,28.484352899999998,0.3650404021102364,27.754272095779523,29.214433704220472,28.41461964143736,0.145531389184562,0.013592703042123563
2015-01-08,-0.492308,0.430766,-0.861535,2.040816,2.040807,-2.609229,-3.0,-2.806151,-3.106152,-2.875074,-3.108716,1.0,29.423178,28.509249349999997,0.4108042139143527,27.68764092217129,29.330857777828705,28.510672818443325,0.21018798021572138,0.020202618535648743
2015-01-09,-0.52068,0.153136,-0.704453,0.461545,0.461544,-2.248088,-3.068919,-2.940278,-3.430325,-3.211029,-3.331295,0.0,29.558979,28.545009849999996,0.46853043578461934,27.60794897843076,29.482070721569233,28.610511502401103,0.26928267711801723,0.004604824471404256
2015-01-12,-0.305163,0.335676,-0.488248,0.367528,0.367533,-1.623434,-3.082091,-3.132949,-3.613063,-3.431188,-3.515412,0.0,29.667618,28.595708350000002,0.5315288113515954,27.53265072729681,29.658765972703193,28.711188311696237,0.3211795515899851,0.003668592400936862
2015-01-13,1.356356,2.435268,-0.986437,-1.007022,-1.007024,0.00617,-1.772501,-2.044798,-2.402894,-2.393338,-2.401353,-1.0,29.368858,28.66315535,0.5401353907563079,27.582884568487383,29.743426131512617,28.77382352010612,0.33434662359406175,-0.01012128672521915
2015-01-14,-0.831284,0.738919,-1.077583,0.123308,0.123304,0.270939,-1.5548,-2.085383,-2.273703,-2.450736,-2.396342,0.0,29.405071,28.7364869,0.5361095103802623,27.664267879239475,29.808705920760524,28.83394232771506,0.34374127404062804,0.001232281223959193
2015-01-15,0.709873,1.141969,-0.462969,-0.246299,-0.246291,0.456781,-0.925936,-1.648159,-1.765442,-2.154332,-2.069968,0.0,29.332649,28.814798049999997,0.5001364608923319,27.814525128215333,29.81507097178466,28.881438201266008,0.3414072221222284,-0.0024659464718477797
2015-01-16,-1.554872,0.060979,-1.646345,1.234559,1.234556,-0.676827,-1.685974,-2.567074,-2.707315,-3.232926,-3.157519,1.0,29.694777,28.8908457,0.5130119229671924,27.864821854065614,29.916869545934386,28.958899039240674,0.36457557207650737,0.012269975765356869
2015-01-20,-0.39274,0.030221,-1.691834,0.914631,0.914639,-1.377646,-1.990938,-3.158111,-3.418432,-3.934747,-3.891242,1.0,29.966377,28.941996699999997,0.5667137527542551,27.808569194491486,30.075424205508508,29.054849321217752,0.40023880270078394,0.009104814709000545
2015-01-21,0.85784,2.634807,-0.245092,-1.389725,-1.389724,0.1348,-0.235912,-1.537998,-1.950068,-2.373781,-2.470391,-1.0,29.549927,28.9736832,0.5826869708129556,27.808309258374088,30.139057141625912,29.10199957633987,0.39039787167762796,-0.01399471300697682
2015-01-22,-0.426708,0.06096,-2.316373,0.520839,0.520827,-0.182868,-0.460225,-1.757595,-2.34837,-2.641878,-2.89038,0.0,29.703831,29.00627505,0.6050966285543122,27.796081792891375,30.216468307108624,29.159316854783693,0.3905160041047573,0.0051947539292771724
2015-01-23,1.294293,1.386752,-0.061636,-1.097226,-1.097222,0.955314,0.628656,-0.40062,-1.110945,-1.342378,-1.76169,-1.0,29.377914,29.051541450000002,0.5968781606940209,27.85778512861196,30.245297771388042,29.180135630518578,0.36015915624447814,-0.011032859844833699
2015-01-26,-1.006091,0.152436,-1.920735,1.078576,1.078576,-0.121947,-0.399387,-1.164631,-1.955792,-2.190242,-2.71443,1.0,29.694777,29.11400895,0.595480377100177,27.923048195799645,30.304969704200353,29.229149094278714,0.35754774374716547,0.010728004213532712
2015-01-27,-0.79754,2.300614,-0.920242,-0.609759,-0.609754,0.184051,0.15951,-0.263802,-1.20859,-1.512884,-2.020451,-1.0,29.513712,29.157012150000003,0.5915272619248357,27.97395762615033,30.340066673849677,29.256250323395026,0.33698321550856747,-0.006116202845124409
2015-01-28,1.940529,3.724563,-1.377155,-1.993856,-1.993863,1.790296,2.043818,1.875846,0.888886,0.492016,0.077201,-1.0,28.925249,29.182361500000003,0.5686223477600093,28.045116804479985,30.31960619552002,29.224726387833595,0.2700882236919071,-0.020140087399867515
2015-01-29,0.251335,0.408417,-0.911087,-0.37559,-0.375585,1.558276,2.224315,2.255731,1.339927,0.838199,0.556075,0.0,28.81661,29.2027316,0.5463276980164817,28.110076203967036,30.295386996032963,29.18585816042087,0.2059333301182562,-0.0037629245082108193
2015-01-30,1.344,1.759997,-0.159997,-1.82218,-1.822189,2.675205,3.753606,3.886939,3.236805,2.684164,2.484271,-1.0,28.291517,29.2072583,0.5379007484350706,28.131456803129858,30.28305979687014,29.10068281180936,0.11143494535123111,-0.018389949940448524
2015-02-02,-0.663504,0.0,-1.990521,1.28,1.279999,0.650874,2.078996,2.363356,1.982629,1.415487,1.244872,1.0,28.653648,29.221743550000003,0.5175099443679119,28.18672366126418,30.256763438735828,29.05810806782752,0.06501577842149686,0.012718757833714405
2015-02-03,-0.562149,0.437227,-1.74891,1.169036,1.169048,-0.874459,0.562144,1.024355,0.938471,0.289812,0.080152,1.0,28.988623,29.260672949999996,0.463907621525295,28.332857706949408,30.188488193050585,29.051490442320137,0.054628217112767885,0.011622677769886538
2015-02-04,-0.311821,0.623636,-1.091366,0.156152,1.039687,-1.645379,-0.561367,-0.03312,0.044002,-0.623108,-0.907119,1.0,29.290014,29.3029023,0.4223719938801192,28.45815831223976,30.14764628776024,29.07420697162298,0.06990985748783629,0.010343196150549402
2015-02-05,0.151558,0.636553,-1.182188,2.868731,2.868732,-3.51624,-3.192912,-2.66047,-2.530964,-3.165979,-3.551263,1.0,30.130266,29.36767975,0.44550236454228526,28.47667502091543,30.25868447908457,29.174784021944603,0.14811460869351123,0.02828354269510189
2015-02-06,-0.633099,0.753693,-1.326494,0.545608,0.545608,-2.717367,-3.415624,-2.976979,-2.916043,-3.415004,-3.874156,0.0,30.294659,29.411253800000004,0.49146458334419535,28.428324633311615,30.394182966688394,29.2814387817594,0.22081219315729328,0.0054412448373059395
2015-02-09,-0.27215,0.876931,-0.665262,-0.301471,-0.301459,-1.397044,-2.955203,-2.571358,-2.51582,-2.879359,-3.389491,0.0,30.203333,29.443471499999998,0.5218397827042603,28.399791934591477,30.48715106540852,29.36923823111565,0.2679673468749897,-0.0030191438212178075
2015-02-10,-1.961938,0.204975,-2.166916,3.265806,3.265792,-3.103954,-5.486899,-5.391067,-5.354762,-5.568674,-6.173773,1.0,31.189711,29.51957615,0.6512049883549584,28.21716617329008,30.821986126709916,29.542616590057015,0.3805439334415581,0.0321359822569166
2015-02-11,-0.729927,0.759118,-0.729927,0.29282,0.292831,-2.113873,-5.009748,-5.298364,-5.325457,-5.481792,-6.142662,0.0,31.281044,29.615185450000002,0.7593113591040231,28.096562731791956,31.13380816820805,29.708181105289682,0.4716941031624735,0.002924026292757923
2015-02-12,-1.691999,0.286785,-1.835386,1.810216,1.810215,-2.776025,-5.747071,-6.533489,-6.62537,-6.783974,-7.451621,1.0,31.847298,29.737296800000003,0.9059590957135375,27.925378608572927,31.54921499142708,29.911906523833522,0.5829038816827037,0.01794025217540624
2015-02-13,0.173216,0.894925,-0.375292,-0.659593,-0.659585,-1.281759,-4.063738,-5.436815,-5.641174,-5.885122,-6.475085,-1.0,31.637238,29.852526250000004,0.9940601479599812,27.86440595408004,31.840646545919967,30.076223807277948,0.6466343476836514,-0.006617698729413305
2015-02-17,-0.115677,0.751874,-0.318106,-0.173202,-0.173226,-0.237122,-2.969917,-4.874261,-5.17859,-5.465531,-5.973102,0.0,31.582434,29.9469091,1.0653511782662917,27.816206743467415,32.07761145653258,30.219672397061,0.684824743009937,-0.0017337645702472566
2015-02-18,0.290029,0.290029,-0.69605,-0.28919,-0.289173,0.243618,-1.893854,-4.179771,-4.661508,-4.95975,-5.353111,0.0,31.491106,30.023145550000002,1.1199721488149235,27.783201252370155,32.26308984762985,30.340761311626622,0.6996562978324121,-0.002895923197774187
2015-02-19,-0.232485,0.174371,-0.871837,-0.203016,-0.203035,0.540554,-1.014225,-3.454092,-4.168878,-4.504414,-4.844294,0.0,31.427168,30.1170076,1.1562998205195425,27.804407958960915,32.429607241039086,30.44422861528123,0.6982027034872544,-0.002032415002646488
2015-02-20,-0.839123,0.057873,-1.331027,0.435923,0.435938,-0.075236,-0.989587,-3.292834,-4.290138,-4.645295,-4.96907,0.0,31.564171,30.210024599999997,1.1954756811779308,27.819073237644137,32.60097596235586,30.550889794778254,0.7000361357981753,0.004349906453877701
2015-02-23,-0.814184,0.37802,-0.959575,-0.491904,-0.4919,0.273331,-0.145392,-2.153102,-3.493699,-3.909511,-4.288563,0.0,31.408907,30.311574249999996,1.2072749722011786,27.89702430559764,32.72612419440235,30.632605719085085,0.6811092336395177,-0.004931133098415378
2015-02-24,-0.349444,0.0,-0.757129,-0.145388,-0.145392,0.279555,0.36983,-1.434674,-3.087192,-3.556807,-3.957444,0.0,31.363241,30.394997449999998,1.2199896421270164,27.955018165745965,32.83497673425403,30.702190031553172,0.6548756637586379,-0.0014549767535781096
2015-02-25,-1.18292,0.375075,-2.106174,0.931858,0.931858,-0.542415,-0.409695,-1.783037,-3.643648,-4.233785,-4.634837,1.0,31.655502,30.50208695,1.232497769124293,28.037091411751412,32.967082488248586,30.792981647595727,0.6501735943219522,0.009275433988086236
2015-02-26,-0.346918,0.375834,-0.607109,-0.201962,-0.201974,-0.237053,-0.109849,-1.098573,-3.026641,-3.781466,-4.207309,0.0,31.591566,30.635402799999998,1.1966411023675916,28.242120595264815,33.02868500473518,30.869037300205658,0.6339799434034994,-0.0020217861096369287
2015-02-27,0.349647,0.990676,-0.08741,-0.780572,-0.780544,0.40791,0.515717,-0.062177,-1.860453,-2.8151,-3.247426,-1.0,31.34498,30.761821299999998,1.1258425719671343,28.51013615606573,33.01350644393427,30.91436517637655,0.5943970893402835,-0.007836059569451718
2015-03-02,-1.294219,0.086278,-2.041987,1.311189,1.311176,-0.672997,-0.747777,-1.048801,-2.585102,-3.773333,-4.245236,1.0,31.755968,30.93504385,0.9832468162104055,28.96855021757919,32.901537482420814,30.99451782624545,0.5893964932583913,0.013026549513340313
2015-03-03,0.549766,0.954855,-0.434031,-0.603966,-0.603972,0.057871,-0.150465,-0.16011,-1.53212,-2.951719,-3.465973,-1.0,31.564171,31.08057,0.8314916358715765,29.41758672825685,32.74355327174315,31.048770509460166,0.5634618325872935,-0.0060580279703444624
2015-03-04,-0.433017,0.375292,-1.097001,0.231476,0.231487,-0.184761,-0.33488,-0.296389,-1.340943,-2.90737,-3.512877,0.0,31.637238,31.213000750000003,0.6774203161711527,29.858160117657697,32.56784138234231,31.10481503236872,0.542550143086153,0.0023121963167903104
2015-03-05,0.754276,0.986365,-0.203072,-0.490756,-0.490763,0.237889,0.174061,0.237883,-0.506243,-2.103675,-2.832452,0.0,31.481974,31.322598750000004,0.5054076805139317,30.31178338897214,32.33341411102787,31.140734934047888,0.507597700963192,-0.004919716461679426
2015-03-06,0.824254,1.442443,-0.647633,-1.450537,-1.450532,1.507207,1.474823,1.53664,1.102433,-0.377995,-1.260281,-1.0,31.025318,31.36735135,0.42796729464255856,30.511416760714884,32.22328593928512,31.129742845090945,0.4380003209413488,-0.014611547226846705
2015-03-09,-0.470173,0.44079,-1.087273,0.176621,0.176611,0.893338,1.190134,1.238129,1.05055,-0.194737,-1.251798,0.0,31.080112,31.406624,0.35399634595714186,30.698631308085716,32.114616691914286,31.125016097939426,0.3828520337910035,0.0017645482598656998
2015-03-10,0.148025,1.036122,-0.355237,-0.734646,-0.73465,1.178223,1.77325,1.829494,1.903503,0.828902,-0.395968,-1.0,30.851782,31.43904645,0.25338455848271135,30.932277333034577,31.945815566965422,31.098993802897574,0.31706734119411095,-0.0073736170422490045
2015-03-11,1.040734,1.397553,0.0,-0.444044,-0.444039,1.028843,1.920904,2.115174,2.2807,1.503418,0.178632,0.0,30.714788,31.415300299999995,0.29655704146840395,30.822186217063187,32.008414382936806,31.062402774050184,0.2509850282912005,-0.00445027962730354
2015-03-12,-0.558821,0.176474,-0.647062,1.100205,1.100196,-0.347051,0.638248,0.92354,1.130892,0.625892,-0.683164,1.0,31.052711,31.40388365,0.3062347694589302,30.79141411108214,32.01635318891786,31.061479747950166,0.2233077286858851,0.010941882930167906
2015-03-13,-0.2353,0.0,-0.88235,0.0,0.0,-0.329408,0.544127,0.813736,1.00295,0.744715,-0.443132,0.0,31.052711,31.364154299999996,0.2970869503927298,30.769980399214536,31.958328200785456,31.06064462909777,0.19907841727219733,0.0
2015-03-16,-1.045287,0.348438,-1.393728,1.294115,1.294129,-1.364698,-0.836238,-0.464577,-0.316494,-0.394891,-1.379867,1.0,31.454573,31.355021049999998,0.29099511433519837,30.773030821329602,31.937011278670393,31.098161616802745,0.2098840061387115,0.012858262624341088
2015-03-17,-0.146324,0.380454,-0.673102,-0.783975,-0.783981,-0.357035,-0.166806,0.28876,0.411187,0.520932,-0.327765,-1.0,31.207975,31.3362981,0.2876199876510129,30.761058124697975,31.911538075302026,31.1086200342501,0.19628644748839008,-0.007870706854126025
2015-03-18,-1.01804,0.349037,-1.832464,0.614583,0.614586,-0.529386,-0.852245,-0.378131,-0.2167,-0.066322,-0.680633,1.0,31.399775,31.33173155,0.2857517004585551,30.76022814908289,31.90323495091711,31.136349078607235,0.1986964918792964,0.006127056156051653
2015-03-19,0.380665,0.673496,-0.234266,-0.668991,-0.668998,0.228402,-0.278186,0.206932,0.417278,0.595022,0.191313,-1.0,31.189711,31.319858700000005,0.28650976664490263,30.7468391667102,31.89287823328981,31.141431166358927,0.18156311364562683,-0.006712462496972364
2015-03-20,-0.350362,0.642339,-0.788321,0.29282,0.292831,0.081748,-0.487598,-0.099274,0.078828,0.228901,0.021407,0.0,31.281044,31.30570235,0.28073954190333283,30.744223266193334,31.867181433806667,31.154727626705697,0.17335625476004068,0.002924026292757923
2015-03-23,-1.540659,1.141233,-1.597709,2.335764,2.335753,-1.854487,-2.467898,-2.326193,-2.111261,-2.011975,-2.08273,1.0,32.011692,31.335841600000002,0.32176174707120764,30.692318105857588,31.979365094142416,31.236343281305153,0.2232361202512685,0.023088919987310885
2015-03-24,1.216683,1.390498,-0.057937,-1.512123,-1.512119,-0.144842,-0.756084,-0.834297,-0.582269,-0.514482,-0.439357,-1.0,31.527637,31.344061399999998,0.3245859923192843,30.69488941536143,31.993233384638565,31.26408554022847,0.22115771150221875,-0.015236684815349661
2015-03-25,0.903796,2.040819,-0.087461,-0.637315,-0.637304,0.448974,0.075794,-0.26434,0.002911,0.102619,0.213795,-1.0,31.32671,31.327621799999996,0.3161999597671671,30.695221880465663,31.96002171953433,31.270049774492428,0.20098064810621707,-0.006393437972546069
2015-03-26,-0.146367,0.702582,-0.614751,-0.40816,-0.408166,0.866508,0.532784,0.083915,0.349823,0.483605,0.615727,0.0,31.198845,31.30798575,0.31109918124805236,30.685787387503897,31.930184112496104,31.263268367397913,0.17268197281753928,-0.004090013379201203
2015-03-27,-0.260643,0.202719,-0.868807,1.083135,1.083114,-0.052112,-0.390945,-0.880376,-0.695027,-0.596562,-0.495201,1.0,31.536764,31.31757495,0.31522783480642247,30.687119280387154,31.948030619612847,31.289315570502872,0.1754992617188016,0.010772901498549658
2015-03-30,-1.142863,0.628574,-1.285717,1.361138,1.361161,-1.422863,-1.568577,-2.026673,-1.995718,-1.861718,-1.797147,1.0,31.96603,31.32807805,0.3335694003611111,30.660939249277778,31.99521685072222,31.35376456378831,0.20994998935690035,0.013519800045186162
2015-03-31,0.287433,0.977292,-0.08624,-0.599997,-0.599984,-0.672625,-0.796225,-1.241756,-1.371103,-1.21761,-1.184268,-1.0,31.774239,31.33858145,0.3445222196120721,30.649537010775855,32.02762588922414,31.393809748189422,0.21924914076160107,-0.006017909300402132
2015-04-01,1.485575,1.485575,-0.640842,-1.322216,-1.322247,0.675802,0.518505,0.217504,-0.094661,0.067588,0.125264,-1.0,31.354105,31.324424799999996,0.3373466643711438,30.64973147125771,31.999118128742282,31.390028343599955,0.19052127202441227,-0.013310667647029943
2015-04-02,0.116338,0.727167,-0.465387,0.145642,0.145659,0.657354,0.439204,0.145428,-0.25306,-0.102389,-0.023274,0.0,31.399775,31.32031485,0.3358234761647191,30.64866789767056,31.99196180232944,31.390956596590435,0.1694856908539677,0.0014555277876966526
2015-04-06,-0.17402,0.957079,-0.725058,0.290864,0.290865,0.336428,0.214614,-0.052207,-0.468392,-0.373553,-0.320962,0.0,31.491106,31.34360425,0.3303960373221128,30.682812175355775,32.004396324644226,31.400494635010393,0.15835902536881719,0.002904429473757155
2015-04-07,0.260567,1.013312,-0.086865,0.174017,0.174011,-0.104223,-0.107122,-0.206524,-0.567459,-0.573248,-0.479637,0.0,31.545904,31.366893849999997,0.3272467443255473,30.7124003613489,32.02138733865109,31.414343145961784,0.15220824157995239,0.0017385981284096482
2015-04-08,-0.375292,0.57737,-0.635107,0.289514,0.289527,-0.479221,-0.360861,-0.404164,-0.730378,-0.851047,-0.738075,0.0,31.637238,31.40616665,0.30878513111817574,30.788596387763647,32.02373691223635,31.435571227298755,0.15294058771027252,0.0028910896396119184
2015-04-09,-1.113331,0.085647,-1.855547,1.125866,1.12586,-1.187552,-1.261776,-1.389287,-1.635743,-1.910364,-1.807975,1.0,31.993429,31.4700987,0.2898950242398395,30.89030865152032,32.04988874847968,31.488700538984588,0.18018554735413872,0.011195693438594398
2015-04-10,-1.467271,0.084656,-1.523694,1.170425,1.170418,-1.732499,-2.042884,-2.287429,-2.570537,-2.935662,-2.86399,1.0,32.367886,31.535857449999998,0.3357684553379042,30.86432053932419,32.207394360675806,31.572432487652723,0.22934913058105266,0.011636220458341092
2015-04-13,0.740946,1.253916,-0.227991,-0.987582,-0.987575,-0.404677,-0.906243,-1.15323,-1.443436,-1.839846,-1.821986,-1.0,32.048229,31.585633350000002,0.33416116227492243,30.917311025450157,32.25395567454985,31.617746441209608,0.23975423845876875,-0.009924833992517543
2015-04-14,0.057094,0.799321,-0.342561,-0.170992,-0.170992,0.045676,-0.727946,-0.987726,-1.19041,-1.557524,-1.629081,0.0,31.993429,31.612576149999995,0.3445983285283102,30.923379492943376,32.301772807056615,31.653525732522976,0.24080263650018097,-0.0017113864658235862
2015-04-15,0.539628,0.738432,-0.255609,0.513845,0.513834,-0.141997,-1.116151,-1.363239,-1.547846,-1.898315,-2.070425,0.0,32.157822,31.6600685,0.3512903007527374,30.957487898494527,32.362649101505475,31.70155394847317,0.25199381289729317,0.005125180172991088
2015-04-16,-0.341003,0.284177,-0.483089,-0.056802,-0.056798,0.005686,-0.815567,-1.138576,-1.376806,-1.665241,-1.962674,0.0,32.139557,31.6970576,0.36124676489316737,30.974564070213667,32.419551129786335,31.743268524809057,0.2564330671924999,-0.0005681413698466248
2015-04-17,-0.114158,0.085614,-0.742015,-0.426252,-0.426257,0.205482,-0.202621,-0.547941,-0.827621,-1.125567,-1.488771,0.0,32.00256,31.73770005,0.34659093488949694,31.044518180221008,32.430881919779,31.76796295101772,0.24606026566090833,-0.004271677167059182
2015-04-20,0.085698,0.656967,-0.19994,-0.085625,-0.085606,0.245636,0.03427,-0.371327,-0.634111,-0.925456,-1.305348,0.0,31.975164,31.77240605,0.332941001382647,31.106524047234707,32.438288052765294,31.787696384254126,0.23294388536509558,-0.000856423141107439
2015-04-21,0.601889,1.461746,-0.257954,-0.342756,-0.34276,0.510168,0.478642,-0.049684,-0.315282,-0.533109,-0.883736,0.0,31.865566,31.76509975,0.32899351038670094,31.1071127292266,32.4230867707734,31.795112538134685,0.21127002746535695,-0.0034334854150086954
2015-04-22,-0.314916,0.458059,-0.372176,0.114649,0.114644,0.234753,0.446604,-0.137421,-0.370744,-0.55998,-0.887493,0.0,31.902098,31.783822800000003,0.3254039415617198,31.13301491687656,32.434630683123444,31.805301629740907,0.19479568264401692,0.0011457846094742792
2015-04-23,-1.329191,0.113125,-1.527152,1.231036,1.231032,-0.888009,-0.681563,-1.157618,-1.432411,-1.658373,-1.929678,1.0,32.294823,31.832228450000002,0.32583283831242466,31.180562773375154,32.483894126624854,31.851922712622724,0.2109970286370526,0.012235163091591034
2015-04-24,-0.198466,0.368591,-0.623762,-0.254528,-0.254539,-0.504665,-0.476314,-0.737158,-1.023521,-1.280396,-1.559387,0.0,32.21262,31.8829172,0.29993945713462905,31.283038285730743,32.48279611426926,31.886274835230086,0.2147283620659337,-0.0025486375113693387
2015-04-27,2.168257,2.515175,-0.491477,-1.927984,-1.927984,1.208451,1.335656,1.235435,0.930917,0.699635,0.432699,-1.0,31.591566,31.885657300000002,0.2968450953371846,31.291967109325633,32.47934749067437,31.858207327112936,0.16566195535561334,-0.019468114998593904
2015-04-28,0.754066,1.160096,-0.957071,-0.318011,-0.317996,1.293497,1.499414,1.546787,1.177492,0.954753,0.756957,0.0,31.491106,31.861911100000004,0.3088311171111856,31.24424886577763,32.47957333422237,31.823245295959325,0.11731782525088263,-0.0031850294776869527
2015-04-29,-0.349965,0.495766,-0.991543,-0.551041,-0.551048,1.481478,1.793525,2.041411,1.665208,1.487315,1.326918,-1.0,31.317575,31.8390779,0.3316898369852491,31.1756982260295,32.502457573970496,31.775086220153675,0.06426148599217996,-0.00552571519668057
2015-04-30,0.530507,0.884173,-0.648397,-1.049872,-1.049845,1.715273,2.502188,2.907924,2.684916,2.52046,2.357772,-1.0,30.988789,31.8208121,0.36788617532878054,31.08503974934244,32.55658445065756,31.70020077061523,-0.0042671386235220155,-0.010553947646041518
2015-05-01,-0.645543,0.381447,-0.645543,0.442093,0.442066,0.569249,1.769365,2.188964,2.188965,2.059856,1.900428,0.0,31.12578,31.80711235,0.3888923704043442,31.029327609191313,32.58489709080869,31.645494030556634,-0.04698097114438937,0.004410920797358783
2015-05-04,-0.611885,0.553607,-0.786716,0.704219,0.704239,-0.291383,0.856629,1.32477,1.451033,1.321663,1.194622,1.0,31.34498,31.79980605,0.39644120123510224,31.006923647529796,32.592688452470206,31.616873646694096,-0.062424788975331325,0.007017711953598623
2015-05-05,0.732708,0.908561,-0.322394,-0.582753,-0.582757,0.082063,1.22215,1.740905,1.984165,1.812418,1.696942,-1.0,31.162315,31.780626600000005,0.4180605884373915,30.94450542312522,32.61674777687479,31.573582347008944,-0.08838481959529787,-0.005844614455920258
2015-05-06,0.86671,1.315012,-0.747161,-1.934349,-1.12293,0.890764,2.018052,2.605256,3.00853,2.843818,2.77452,-1.0,30.812384,31.7393839,0.47036563002495907,30.79865263995008,32.680115160049915,31.501087266341425,-0.135631364159714,-0.011292825119571227
2015-05-07,-0.416924,0.506248,-0.744491,0.358646,0.358622,0.487615,1.209835,1.976303,2.46734,2.420536,2.363735,0.0,30.922884,31.685856650000005,0.4999190743079552,30.686018501384094,32.68569479861591,31.44602028859462,-0.16228741629240773,0.0035798052421126907
2015-05-08,-0.617281,0.382134,-0.646681,1.310298,1.310292,-0.682898,-0.38151,0.513864,0.976127,1.086728,1.053567,1.0,31.328064,31.633865550000003,0.47888316302951794,30.676099223940966,32.59163187605904,31.434786356347516,-0.149000307093889,0.013017816914879812
2015-05-11,0.382806,0.883389,-0.058893,-0.17637,-0.176372,-0.553575,-0.307428,0.541729,1.030558,1.237411,1.203978,0.0,31.27281,31.595094600000003,0.4749433707540873,30.64520785849183,32.544981341508176,31.419360036695373,-0.14129989610252736,-0.0017652793265663937
2015-05-12,0.088816,0.53286,-0.177614,-0.530035,-0.53002,-0.059208,0.100318,0.914901,1.426422,1.720418,1.651192,-1.0,31.107058,31.550776050000003,0.47716705969359635,30.596441930612812,32.505110169387194,31.38961698558153,-0.14687893710812716,-0.005314291145754684
2015-05-13,0.71578,0.805249,-0.149117,-0.740083,-0.740086,0.727704,0.70393,1.445961,1.975228,2.380342,2.312228,-1.0,30.876839,31.4867269,0.4773677906754526,30.531991318649094,32.441462481350904,31.34078098695472,-0.16794119502296212,-0.00742838284722404
2015-05-14,-0.677666,0.147328,-0.824982,1.222786,1.222803,-0.276977,-0.427621,-0.001463,0.60173,1.048973,1.065631,1.0,31.254402,31.44246915,0.4541233831243422,30.534222383751317,32.35071591624869,31.332554416768556,-0.1524101185172313,0.01215387433462148
2015-05-15,0.029415,0.20594,-0.205955,0.147328,0.14732,-0.44132,-0.518292,-0.342848,0.341584,0.763914,0.906382,0.0,31.300446,31.40736345,0.4352950304006214,30.536773389198757,32.27795351080124,31.329496472314407,-0.1348320030951662,0.0014721163838578382
2015-05-18,0.0,0.235436,-0.235427,-0.029426,-0.029447,-0.400221,-0.506167,-0.37748,0.261855,0.696827,0.914812,0.0,31.291229,31.373166700000002,0.41471961980820293,30.543727460383597,32.20260593961641,31.325851951141605,-0.12025868755827673,-0.0002945120119128475
2015-05-19,-0.993861,0.526162,-1.081552,0.676866,0.676873,-0.818466,-1.066933,-1.044742,-0.469768,-0.042448,0.231803,1.0,31.503031,31.355039950000002,0.3997164114776023,30.555607127044798,32.15447277295521,31.342726146270977,-0.09057449233640114,0.006745928790794646
2015-05-20,0.0,0.553945,-0.087461,0.263081,0.263092,-0.629739,-1.081639,-1.247765,-0.780988,-0.377164,-0.036623,0.0,31.585913,31.3392307,0.3828372053305883,30.573556289338825,32.10490511066118,31.365886799007075,-0.05967378676557189,0.002627466634466935
2015-05-21,-0.37835,0.37835,-0.43656,0.174933,0.174913,-0.558782,-1.027351,-1.282742,-1.057526,-0.614119,-0.248278,0.0,31.641161,31.3065476,0.31965143447264555,30.66724473105471,31.945850468945288,31.39210338957783,-0.030376541241238897,0.0017476062251813463
2015-05-22,0.116689,0.612611,-0.145855,-0.232835,-0.232811,-0.157538,-0.720546,-0.959097,-0.928821,-0.437326,-0.10002,0.0,31.567497,31.27429145,0.24790511371449567,30.77848122257101,31.77010167742899,31.40880754295137,-0.01295301792455561,-0.0023308209881530927
2015-05-26,0.205215,0.674286,-0.234541,-0.49591,-0.495931,0.416305,-0.181758,-0.451474,-0.463799,-0.012953,0.330256,0.0,31.410944,31.26526035,0.2388637055452938,30.78753293890941,31.742987761090586,31.409011015051238,-0.011643055007784398,-0.004971648074413961
2015-05-27,-0.262391,0.495633,-0.670551,0.557016,0.557032,-0.087467,-0.583094,-0.913513,-1.000168,-0.602243,-0.268526,1.0,31.585913,31.270000699999997,0.24445686011359935,30.781086979772798,31.758914420227196,31.425858823141596,0.0034735946279482732,0.005554862837385659
2015-05-28,0.058072,0.261324,-0.493609,0.408163,0.408153,-0.412307,-0.72299,-1.126593,-1.339968,-1.029908,-0.720489,0.0,31.714832,31.28986355,0.26389241108253736,30.762078727834925,31.817648372165074,31.45338007808049,0.025561675173005227,0.004073227834623487
2015-05-29,-0.776978,0.690653,-0.978417,0.900119,0.900112,-1.076251,-1.375532,-1.784166,-2.062049,-1.949617,-1.620649,1.0,32.000301,31.34043915,0.2978928231242458,30.74465350375151,31.936224796248492,31.505467784929966,0.06534830608240583,0.008960851111649078
2015-06-01,0.607636,1.041658,-0.086811,-0.54676,-0.546748,-0.370378,-0.66841,-1.140053,-1.413725,-1.459257,-1.098367,-1.0,31.82534,31.375417149999997,0.31209340886493053,30.751230332270136,31.999603967729858,31.535931805412826,0.08181845501618312,-0.005482481194104888
2015-06-02,0.4349,0.492891,-0.405926,-0.202543,-0.202556,0.052191,-0.318931,-0.836954,-1.148155,-1.237929,-0.920119,0.0,31.760876,31.39621195,0.32360203402556004,30.74900788194888,32.04341601805112,31.557355062040173,0.08864758645983883,-0.0020276099488410744
2015-06-03,0.406856,0.726533,-0.3778,-0.231957,-0.231939,0.348727,-0.029069,-0.484363,-0.835521,-0.983574,-0.708542,0.0,31.68721,31.422456699999998,0.32491647476635843,30.772623750467282,32.07228964953271,31.569722198988728,0.08711132663410126,-0.0023220884267861498
2015-06-04,-0.116825,0.934576,-0.379676,-0.494037,-0.494045,0.730136,0.449761,0.14797,-0.22927,-0.464927,-0.254829,0.0,31.530661,31.45837055,0.2919595298860239,30.874451490227955,32.04228960977205,31.566002084799326,0.07242674327622467,-0.004952691937415191
2015-06-05,0.293338,0.557345,-0.469346,-0.43809,-0.438072,0.786143,0.81254,0.617955,0.284523,0.024471,0.088242,0.0,31.392534,31.48185305,0.26418962734071433,30.953473795318573,32.01023230468143,31.549481314818436,0.04907767377046923,-0.0043903435567046655
2015-06-08,-0.029426,0.529723,-0.17658,-0.322675,-0.322704,0.771056,1.05063,0.941741,0.603307,0.369449,0.314124,0.0,31.291229,31.4800113,0.26544358508287447,30.949124129834253,32.01089847016575,31.524885856264298,0.022143642975127165,-0.0032322593076823856
2015-06-09,0.117615,0.352846,-0.352834,0.088281,0.088287,0.399896,0.932091,0.858582,0.521917,0.277578,0.196613,0.0,31.318855,31.482313549999997,0.2637461506407135,30.95482124871857,32.00980585128143,31.50526386995341,0.0029929163636737144,0.0008824777105506237
2015-06-10,-0.670356,0.349749,-0.757802,0.882102,0.882108,-0.536288,0.05246,-0.003888,-0.279804,-0.54445,-0.668527,1.0,31.595121,31.506716700000005,0.24938631266511266,31.00794407466978,32.00548932533023,31.51382169186261,0.00999299190895897,0.0087823975934733
2015-06-11,-0.406265,0.319214,-0.580386,0.437184,0.437194,-0.841561,-0.377254,-0.408209,-0.578937,-0.861295,-1.057244,0.0,31.733253,31.549537400000002,0.20514149895029607,31.13925440209941,31.959820397900593,31.53471991168522,0.026382578254594335,0.004362411675423048
2015-06-12,0.263081,0.73078,-0.321546,-0.725479,-0.725491,-0.046768,0.192934,0.29037,0.187086,-0.063134,-0.279765,-1.0,31.503031,31.56196885,0.19351931484801488,31.17493022030397,31.94900747969603,31.53170192009615,0.020557478345853752,-0.0072813581886520965
2015-06-15,0.058754,0.235012,-0.52879,-0.496925,-0.496911,0.487649,0.540529,0.74421,0.694757,0.438295,0.2417,0.0,31.346489,31.564271,0.19049466713865984,31.18328166572268,31.94526033427732,31.51406259437271,0.0032716994618411377,-0.004981496237987276
2015-06-16,0.058754,0.176254,-0.675676,0.0,0.0,0.50528,0.408333,0.730502,0.703572,0.447697,0.24186,0.0,31.346489,31.567034,0.1866886696780595,31.19365666064388,31.940411339356118,31.498103204432454,-0.010308574016647754,0.0
2015-06-17,0.206001,0.588582,-0.382584,-0.176266,-0.176288,0.488537,0.459107,0.845608,0.847569,0.648629,0.432619,0.0,31.291229,31.556443899999998,0.19627176888891795,31.16390036222216,31.948987437777834,31.47840089924841,-0.025239117921255882,-0.0017644325528073923
2015-06-18,-0.84375,0.407329,-0.931045,1.147731,1.147737,-0.704094,-0.642994,-0.312279,-0.286579,-0.395685,-0.618749,1.0,31.65037,31.55966675,0.19730759944241752,31.165051551115166,31.954281948884837,31.4947789088438,-0.007999787727761998,0.011412004251248718
2015-06-19,0.146284,0.965471,0.0,-0.552805,-0.552818,-0.169673,-0.06435,0.1307,0.241388,0.186092,-0.007784,-1.0,31.475401,31.551378749999998,0.19718560213758307,31.15700754572483,31.945749954275165,31.492933393715816,-0.008359665351346024,-0.005543518765892607
2015-06-22,0.087435,0.553771,-0.087444,0.380342,0.380361,-0.390563,-0.346842,-0.297292,-0.134075,-0.156226,-0.358499,0.0,31.595121,31.552759950000002,0.19740107506506996,31.157957799869862,31.947562100130142,31.502665546695262,0.00100395947748666,0.0037963898186675533
2015-06-23,-0.26087,0.26087,-0.463768,0.553771,0.553785,-0.672481,-0.753635,-0.844456,-0.627549,-0.64581,-0.855085,1.0,31.77009,31.57071725,0.20013782077580225,31.170441608448396,31.970992891551607,31.528134542248093,0.0222863326684255,0.0055225712006244905
2015-06-24,0.321356,0.84721,0.0,-0.782609,-0.782629,0.257088,0.00585,-0.097373,0.146078,0.140236,-0.029206,-1.0,31.521448,31.567494,0.20039914908936735,31.166695701821265,31.968292298178735,31.527497728700656,0.01887189191866767,-0.007857078117796798
2015-06-25,0.558492,0.940623,-0.293951,-0.613497,-0.6135,0.6702,0.493836,0.4762,0.702538,0.725466,0.635911,-1.0,31.328064,31.5481556,0.20406079131937666,31.14003401736125,31.956277182638754,31.508504040252973,0.0005550521071064907,-0.006153893773872781
2015-06-26,0.737028,1.090811,-0.147403,-0.293951,-0.293938,0.813682,0.704601,0.738995,0.877067,0.970522,0.930624,0.0,31.235979,31.5099395,0.18566873236551484,31.13860203526897,31.881276964731033,31.482549274514597,-0.02114788566101211,-0.002943705747920742
2015-06-29,0.416791,1.577848,-0.178628,-0.972872,-0.972862,1.375398,1.559974,1.651272,1.723715,1.880309,1.882492,-1.0,30.932096,31.465277300000004,0.21145063854757157,31.04237602290486,31.888178577095147,31.430125153132256,-0.062151989203997005,-0.009776253174987853
2015-06-30,0.775431,0.775431,-0.596472,-0.178628,-0.17864,0.978229,1.589621,1.73775,1.762604,1.993442,2.020084,0.0,30.876839,31.421075449999996,0.23723417798699092,30.946607094026014,31.89554380597398,31.377431233786325,-0.0979773923877687,-0.0017879943966364988
2015-07-01,-0.385865,0.504607,-0.831104,0.477185,0.477186,0.178095,1.021074,1.13189,1.172456,1.436629,1.484121,0.0,31.024179,31.387923899999997,0.24430780163652513,30.899308296726947,31.876539503273047,31.343788163901912,-0.11317555850169114,0.004760512282927054
2015-07-02,1.108789,3.206473,-0.059937,-0.949837,-0.949843,0.749183,1.690146,1.883934,2.012294,2.281099,2.364407,-1.0,30.729498,31.34786575,0.2823862058017376,30.783093338396526,31.912638161603475,31.285284338768395,-0.14730051989007364,-0.009543828029533132
2015-07-06,0.150373,1.172929,-0.511272,-0.359601,-0.359596,0.709774,1.777442,2.059146,2.254133,2.469774,2.622556,0.0,30.618996,31.309188850000005,0.32561158838728627,30.657965673225434,31.960412026774577,31.221828306504737,-0.1811729367055861,-0.0036024395155953496
2015-07-07,-1.156241,0.326119,-1.719532,1.443609,1.443601,-0.640376,0.157136,0.545514,0.761939,0.913141,1.107824,1.0,31.061012,31.297678,0.33031519418334143,30.637047611633317,31.958308388366685,31.20651246779,-0.17038597054445503,0.014332798623732972
2015-07-08,0.298948,0.837067,-0.179378,-0.830119,-0.830105,0.143487,0.681603,1.269545,1.521664,1.633474,1.888381,-1.0,30.803173,31.271893900000002,0.34821686800484714,30.575460163990307,31.968327636009697,31.168099185143333,-0.1805612765943465,-0.008335695135012844
2015-07-09,-0.029542,0.354398,-0.383937,1.22571,1.225705,-0.968699,-0.646786,0.019683,0.225926,0.337858,0.611336,1.0,31.180729,31.251174299999995,0.34020845006627176,30.570757399867453,31.931591200132537,31.169302024653494,-0.15635727675771705,0.012182539574441107
2015-07-10,-0.34924,0.232823,-0.611173,1.476669,1.476656,-1.833519,-1.993589,-1.437711,-1.247082,-1.108258,-0.860488,1.0,31.641161,31.2465697,0.333905100510641,30.578759498978716,31.91437990102128,31.214240974686494,-0.09888256148106933,0.014658592556049817
2015-07-13,-0.861574,0.086152,-0.947725,1.338763,1.338778,-2.228608,-3.029871,-2.617273,-2.464105,-2.330849,-2.163511,1.0,32.064766,31.27465645,0.3774049328337812,30.519846584332434,32.02946631566756,31.295243358049685,-0.01893379525029104,0.013298958613206836
2015-07-14,-0.912212,0.199544,-1.054741,0.746703,0.746704,-2.183587,-3.323841,-3.192712,-3.038779,-2.929315,-2.839235,1.0,32.304195,31.32254175,0.44219457819957736,30.438152593600844,32.20693090639915,31.39133399061638,0.06301964604448429,0.007439303058819603
2015-07-15,0.114351,0.400226,-0.200114,-0.285068,-0.285071,-1.029159,-2.632934,-2.824473,-2.627219,-2.540882,-2.514772,0.0,32.212105,31.365822549999997,0.4849562979110451,30.395909954177906,32.335735145822085,31.46950265817673,0.11916379924073439,-0.002854784373650241
2015-07-16,0.113963,0.284909,-0.199427,0.343047,0.343064,-0.660977,-2.564113,-2.991464,-2.800582,-2.784057,-2.782537,0.0,32.322613,31.41739175,0.5294071026567528,30.358577544686494,32.4762059553135,31.550751262159896,0.17060884463106518,0.003424764574393939
2015-07-17,-0.171092,0.02852,-0.427722,-0.085464,-0.08547,-0.171091,-1.996017,-2.708878,-2.617634,-2.63132,-2.620485,0.0,32.294987,31.449622599999998,0.562900558224517,30.323821483550965,32.57542371644903,31.621630856239904,0.20676674806074402,-0.0008550612119045272
2015-07-20,-0.312148,0.36889,-0.454029,0.48475,0.484741,-0.414302,-1.90409,-2.928496,-2.93701,-2.984116,-2.981469,0.0,32.451534,31.498429250000004,0.6059270355761074,30.28657517884779,32.71028332115222,31.700669250883724,0.24522735333401968,0.004835697814789489
2015-07-21,0.284585,0.569155,-0.739892,-0.283777,-0.283777,-0.096749,-1.223672,-2.358184,-2.542685,-2.582811,-2.595332,0.0,32.359444,31.536645399999998,0.6357172285645474,30.2652109428709,32.808079857129094,31.76340970318051,0.2652194816440314,-0.0028418044231774625
2015-07-22,0.516055,0.917431,-0.31537,-0.739892,-0.739883,0.590591,-0.077417,-1.372335,-1.761767,-1.760335,-1.786137,-1.0,32.120022,31.554142000000002,0.6471923473585198,30.259757305282964,32.848526694717044,31.79737277906808,0.258761194916616,-0.007426336327041084
2015-07-23,0.603804,0.63255,-0.431277,-0.286703,-0.286721,0.695817,0.474425,-0.879804,-1.400219,-1.385844,-1.458682,0.0,32.027927,31.579465950000003,0.6556988250724378,30.268068299855127,32.890863600144876,31.819330323918738,0.2434058284502143,-0.002871333057694586
2015-07-24,1.079985,1.342683,-0.321062,-1.495115,-1.495111,1.751323,1.970241,0.797832,0.131359,0.098082,0.017522,-1.0,31.549074,31.590516450000003,0.6530961279282316,30.28432419414354,32.89670870585647,31.79359162640267,0.1904023153674217,-0.015064002633360864
2015-07-27,-0.495055,0.174729,-1.339543,0.233514,0.233525,0.990092,1.592891,0.774602,-0.040775,-0.116489,-0.20288,0.0,31.622749,31.60985495,0.647749914223892,30.314355121552214,32.90535477844778,31.777320900078607,0.15258272744936363,0.002332528330029613
2015-07-28,-1.159828,0.339471,-2.6874,2.941171,2.941152,-1.776507,-1.233363,-1.799133,-2.647791,-2.8526,-2.930678,1.0,32.552822,31.69089125,0.6597651536278855,30.37136094274423,33.01042155725577,31.851178147690167,0.19540701922354486,0.028987295636402528
2015-07-29,-0.782992,1.034684,-0.894852,1.15983,1.159838,-2.410513,-2.147642,-2.494398,-3.452173,-3.825495,-3.883289,1.0,32.930382,31.793568400000005,0.685692712051641,30.422182975896725,33.164953824103286,31.953959466957773,0.25685070059392956,0.011531634400188864
2015-07-30,-0.139938,0.755668,-0.951584,-0.083887,-0.08388,-1.796818,-1.889173,-2.063628,-3.085646,-3.57683,-3.639336,0.0,32.90276,31.88749745,0.7031960136949945,30.481105422610014,33.29388947738999,32.04432142248561,0.2998597990967191,-0.0008391518551824878
2015-07-31,-0.415976,1.109257,-0.526905,0.923596,0.9236,-1.697182,-2.51249,-2.645599,-3.599565,-4.232954,-4.364957,1.0,33.20665,32.011355050000006,0.7066449515052791,30.59806514698945,33.424644953010564,32.15501938224889,0.3543811178770113,0.009193612239438194
2015-08-03,0.387272,0.414929,-0.691563,0.249587,0.249583,-0.940535,-2.503467,-2.642699,-3.438458,-4.224627,-4.4214,0.0,33.289528,32.144881649999995,0.6815643758494376,30.78175289830112,33.50801040169887,32.26306782203471,0.39967006999402344,0.0024927159848028646
2015-08-04,0.304625,0.304625,-0.803104,-0.110653,-0.11065,-0.409863,-2.126842,-2.344693,-3.001944,-3.839387,-4.149366,0.0,33.252693,32.2544657,0.6742781426253401,30.905909414749317,33.60302198525068,32.35731783898378,0.42765981800599207,-0.0011071167511047953
2015-08-05,0.697934,0.977102,-0.111672,-0.803104,-0.027935,-0.193714,-1.761568,-2.110588,-2.607816,-3.527761,-3.974853,0.0,33.243404,32.37647725,0.6161160755421972,31.144245098915608,33.6087094010844,32.4417069971758,0.4439744887503494,-0.0002793848204481241
2015-08-06,2.246236,2.303105,-0.398064,-1.814634,-1.814619,1.489958,0.241603,-0.236581,-0.584293,-1.546768,-2.085911,-1.0,32.640163,32.44944895,0.5499090962985582,31.34963075740288,33.54926714259712,32.46060756887334,0.4035753106868043,-0.018312847526918127
2015-08-07,-0.056837,0.312589,-0.909349,0.056869,0.056872,1.096726,0.524398,-0.219035,-0.485012,-1.366438,-2.00575,0.0,32.658726,32.5003272,0.5172953862831222,31.465736427433757,33.53491797256625,32.479475990885405,0.36880519327876726,0.0005685548646945682
2015-08-10,-0.424214,0.311086,-0.650452,0.483097,0.483081,0.322405,0.404882,-0.624599,-0.848904,-1.572775,-2.316325,0.0,32.816494,32.5379136,0.5112569111052055,31.515399777789593,33.56042742221042,32.511572944134414,0.3499462215969231,0.004819176028413842
2015-08-11,0.256264,0.341694,-0.512528,-0.678739,-0.678732,0.603646,1.103579,0.102429,-0.126915,-0.712049,-1.478847,-1.0,32.593758,32.55239175,0.5083818928398338,31.53562796432033,33.56915553567966,32.51940009231209,0.3134145688935206,-0.006810457202249284
2015-08-12,-1.413627,0.282731,-1.865988,0.711845,0.711845,-0.361886,0.357098,-0.461775,-0.739357,-1.167365,-1.977301,1.0,32.825775,32.58307525,0.5052724442834274,31.572530361433145,33.593620138566855,32.54857865494903,0.29972970630375073,0.0070932323166149214
2015-08-13,0.056561,0.735288,-1.244352,-0.028267,-0.028274,-0.226242,0.359193,-0.273427,-0.636036,-0.94003,-1.767524,0.0,32.816494,32.6077693,0.5039398681316988,31.599889563736603,33.6156490362634,32.57409440209674,0.2848518600433465,-0.00028277511436557455
2015-08-14,0.14156,0.509626,-0.792749,-0.113125,-0.113105,-0.039651,0.342484,0.089715,-0.449637,-0.688968,-1.447841,0.0,32.779377,32.6319888,0.49973873042559286,31.632511339148817,33.63146626085119,32.59364512570657,0.2669883524599115,-0.0011316872051706846
2015-08-17,-1.098589,0.084504,-1.408451,0.509626,0.509616,-0.467608,-0.270424,-0.149928,-0.879284,-1.085465,-1.712056,0.0,32.946426,32.65673339999999,0.5025774665806512,31.65157846683869,33.66188833316129,32.62724330421071,0.26327597070697095,0.005083220046771103
2015-08-18,-0.365994,0.22522,-0.675678,0.056338,0.056343,-0.298428,-0.413858,-0.1228,-0.843253,-1.060984,-1.574878,0.0,32.964989,32.687010650000005,0.5019647911014875,31.68308106779703,33.690940232202976,32.65940956095255,0.2588479226588518,0.0005632711872685007
2015-08-19,0.283524,0.623765,-0.878937,-0.703829,-0.703844,0.351583,0.136101,0.544955,-0.04677,-0.296022,-0.680689,-1.0,32.732967,32.7176579,0.4839125169322768,31.749832866135446,33.685482933864556,32.66641503133802,0.23391994287575812,-0.007063323694305958
2015-08-20,1.070909,1.70767,0.0,-2.041398,-2.04137,1.973939,2.043399,2.465992,2.041911,1.749554,1.480937,-1.0,32.064766,32.71949985,0.4812115422723008,31.7570767654554,33.6819229345446,32.60911512359154,0.15841993657417675,-0.020624940286053783
2015-08-21,2.087063,3.070957,0.0,-2.923294,-2.923305,3.983298,4.624319,5.10627,5.047004,4.663537,4.481854,-1.0,31.127415,32.6984169,0.5407438397119917,31.616929220576015,33.779904579423985,32.46800082610664,0.02268771583563023,-0.02966885276126261
2015-08-24,-0.497983,3.485836,-11.391229,-4.203935,-4.203944,6.448805,8.210395,8.942836,9.35444,8.903465,8.815904,-1.0,29.818836,32.60822125,0.8120115933356593,30.98419806332868,34.232244436671316,32.215699414096484,-0.18830180999469093,-0.04294866776683445
2015-08-25,5.934911,5.998727,-0.063816,-2.458764,-2.458745,6.46457,9.731956,10.733867,11.514938,11.198394,11.189995,-1.0,29.085667,32.4348635,1.1316535387631954,30.171556422473607,34.69817057752639,31.917601088944437,-0.409947520431615,-0.024894764486512445
2015-08-26,-1.079241,0.370025,-3.33025,3.477983,3.477971,1.134756,5.137217,6.315136,7.296177,7.192104,7.218593,1.0,30.097258,32.2932073,1.238625856043474,29.815955587913052,34.770459012086945,31.744235080473537,-0.49823308250690346,0.034188561376796885
2015-08-27,-1.443172,1.082384,-1.773903,2.559352,2.559356,-2.164759,1.882143,3.279213,4.288947,4.36677,4.385837,1.0,30.867554,32.191447,1.269138038996524,29.65317092200695,34.72972307799304,31.660741644237962,-0.5002766985772134,0.025271528611253223
2015-08-28,1.959581,2.143298,-0.489896,-1.803963,-1.803975,-0.906299,2.939383,4.66014,5.727147,6.120686,6.085311,-1.0,30.310711,32.04665005,1.3117028609774433,29.42324432804511,34.670055771954885,31.53216729716768,-0.5405971875373972,-0.01820445147170676
2015-08-31,1.520788,1.551831,-0.806958,-1.347211,-1.347214,0.5028,3.327133,5.439691,6.604598,7.339748,7.249858,-1.0,29.902361,31.8772917,1.3605399166563672,29.156211866687265,34.598371533312736,31.376947649818376,-0.5986015912807119,-0.013563707909424542
2015-09-01,0.318871,1.626275,-0.542092,-2.66915,-2.669134,3.271673,4.834175,7.531877,8.815357,9.809394,9.81818,-1.0,29.104227,31.669868400000002,1.4529095856640923,28.764049228671816,34.57568757132819,31.160498064121388,-0.7008937755094493,-0.027054019129390042
2015-09-02,-0.125114,0.0,-1.84548,1.945147,1.94514,1.013452,1.801695,4.771143,6.137005,7.274701,7.44761,1.0,29.670345,31.49121545,1.4688291260654125,28.553557197869175,34.42887370213082,31.018578724681255,-0.7278894209820024,0.01926464078158071
2015-09-03,1.191599,1.66196,-0.407648,-0.250235,-0.250226,0.407646,1.22295,4.308556,5.888986,7.096899,7.443256,0.0,29.596102,31.3390124,1.500873082349726,28.33726623530055,34.340758564699456,30.883104750902085,-0.7466673378510151,-0.002505398673060836
2015-09-04,0.255021,1.115709,-0.765069,-1.630599,-1.630613,1.249605,2.209121,5.198176,7.035386,8.309813,8.945423,-1.0,29.113504,31.1617513,1.545495898581265,28.07075950283747,34.25274309716253,30.714571346054267,-0.791368197644676,-0.01644054194899241
2015-09-08,-2.151857,0.122966,-2.151857,3.697794,3.697799,-2.1703,-1.31263,0.838205,2.783587,4.036891,4.902311,1.0,30.190063,31.030429750000003,1.5086363943600165,28.01315696127997,34.04770253872004,30.664618170239574,-0.7314924473674083,0.03631070898022287
2015-09-09,3.254071,3.347935,-0.281596,-1.752229,-1.752235,-0.050055,0.641436,1.894045,4.122351,5.408019,6.448252,-1.0,29.661062,30.883794950000002,1.4911110157307,27.9015729185386,33.8660169814614,30.56904139212152,-0.7184446607129331,-0.0176776886324435
2015-09-10,-1.931327,0.521159,-2.084605,2.065081,2.065085,-1.673816,-1.336598,-0.709168,1.594121,2.8829,4.001951,1.0,30.273588,30.756185600000002,1.4238608049672394,27.908463990065524,33.60390720993448,30.540902973824235,-0.6511721593658315,0.020440507342482046
2015-09-11,-1.213227,0.060664,-1.880506,1.072968,1.072985,-2.062498,-2.47196,-2.082716,0.153154,1.523792,2.646842,1.0,30.598419,30.645281849999996,1.33877868553868,27.967724478922637,33.32283922107736,30.546380690602877,-0.5651325738731963,0.010672691746588456
2015-09-14,0.703149,1.008872,-0.397423,-0.788602,-0.788616,-0.464687,-1.681439,-1.473551,0.550295,2.027518,3.149875,-1.0,30.357115,30.52416875,1.2415938265529596,28.040981096894082,33.00735640310592,30.52835538673594,-0.5105317069046258,-0.00791741929522188
2015-09-15,-0.663241,0.542659,-1.085309,1.406295,1.406306,-1.459154,-2.75852,-2.630895,-1.19536,0.348503,1.448091,1.0,30.784029,30.416048900000003,1.1063441098269267,28.20336068034615,32.628737119653856,30.55270525466585,-0.42787940706424266,0.013965094868990885
2015-09-16,-0.602773,0.301383,-1.416519,0.030154,0.030142,-0.753463,-2.2393,-2.290535,-1.577756,0.08439,1.151296,0.0,30.793308,30.307464850000002,0.9365493039114283,28.434366242177145,32.180563457822856,30.57561980184053,-0.3575070079634912,0.00030137711444813204
2015-09-17,-0.925932,1.433689,-1.045397,0.904159,0.904151,-1.129022,-2.664269,-2.956981,-2.726991,-1.038222,0.011956,1.0,31.071726,30.224402799999996,0.768745242765708,28.68691231446858,31.761893285531414,30.622868011189052,-0.27608780060007376,0.009000880196285897
2015-09-18,0.700164,1.765607,-0.030435,-1.881726,-1.881714,0.694064,-0.505326,-1.179095,-1.120241,0.554037,1.694573,-1.0,30.487045,30.145516750000002,0.640147999205026,28.865220751589952,31.425812748410053,30.6099324863139,-0.255792742972325,-0.0189964345599725
2015-09-21,2.097471,2.806922,-0.555201,-1.30898,-1.308979,1.850709,1.138186,0.082254,0.018508,1.529921,2.758586,-1.0,30.087976,30.0935448,0.5969732802651085,28.899598239469782,31.28749136053022,30.560222344760195,-0.26881160388537495,-0.01317621577391045
2015-09-22,-0.867942,0.216999,-1.301916,-0.493523,-0.493519,1.791688,1.556104,0.586896,0.534716,1.631741,2.947921,0.0,29.939486,30.099577300000004,0.5946563013333702,28.910264697333265,31.288889902666742,30.50110459764018,-0.287793542163282,-0.004947412332074936
2015-09-23,-1.226235,0.582471,-1.31821,1.115936,1.115924,0.324957,0.637652,-0.26568,-0.378596,0.154513,1.556311,1.0,30.273588,30.158973349999997,0.5453349540347983,29.0683034419304,31.249643258069593,30.479436350245876,-0.2727337212452525,0.011097438034866352
2015-09-24,-1.039755,0.550459,-1.926609,0.245254,0.24525,-0.397551,0.415906,-0.360853,-0.581036,-0.404888,1.035683,0.0,30.347834,30.17150215,0.5467191222409595,29.07806390551808,31.26494039448192,30.4669027930796,-0.25190388182234713,0.002449498367862578
2015-09-25,3.355284,3.79429,-0.752584,-2.47707,-2.477053,1.530253,2.627775,2.169951,1.729375,1.791151,3.239254,-1.0,29.596102,30.10792955,0.5353258633359371,29.03727782332813,31.178581276671874,30.38396938421488,-0.2926807326240919,-0.025082484109131605
2015-09-28,2.855292,3.17975,-0.58404,-3.355281,-3.35529,4.016871,5.577546,5.598095,4.962686,4.972096,6.336794,-1.0,28.603067,30.022547349999996,0.6292263585489444,28.764094632902108,31.281000067097885,30.21435963333727,-0.400509482025754,-0.03412871363055603
2015-09-29,-0.999358,1.353968,-1.160542,0.648929,0.64893,2.546742,4.203737,4.592734,4.092519,4.152159,5.169782,1.0,28.788681,29.96686335,0.6870439214251806,28.59277550714964,31.340951192850362,30.07858071587658,-0.46561967050824293,0.006468339217150323
2015-09-30,0.127351,0.509392,-1.114298,1.257253,1.257251,0.503026,2.346386,3.177333,2.808023,2.867877,3.427784,1.0,29.150627,29.969183349999998,0.6840494868255053,28.601084376348986,31.33728232365101,29.990204171507383,-0.48245253418531675,0.012494132943501915
2015-10-01,-1.695983,0.094224,-2.324121,1.368991,1.368996,-1.394474,0.449116,1.620599,1.399178,1.404518,1.671898,1.0,29.549698,29.963151,0.6873475380269299,28.58845592394614,31.33784607605386,29.94825120279239,-0.4583079170185158,0.013597101834584851
2015-10-02,-3.355511,0.090686,-4.776306,3.894479,3.894483,-4.371232,-3.246688,-2.166479,-2.221901,-2.418394,-2.287398,1.0,30.700506,30.0183712,0.7005437039022727,28.617283792195455,31.419458607804547,30.019894516812162,-0.3423659643434611,0.03820561270828999
2015-10-05,-0.089603,1.224609,-1.433692,1.209184,1.209166,-3.92472,-4.086012,-3.181991,-3.074962,-3.486252,-3.460764,1.0,31.071726,30.1162823,0.7042542960072341,28.707773707985535,31.52479089201447,30.12006894378243,-0.21801365424940755,0.01201913729938946
2015-10-06,1.860326,2.470256,-1.128402,-2.060929,-2.060928,-0.823416,-1.906064,-1.221913,-0.995726,-1.385783,-1.362198,-1.0,30.43136,30.128347150000003,0.707643506319338,28.713060137361328,31.54363416263868,30.149715711041246,-0.1691854722184587,-0.020824618193784068
2015-10-07,-0.570751,0.570739,-2.82368,1.524855,1.524878,-1.183551,-3.178146,-2.683504,-2.282983,-2.635042,-2.648459,1.0,30.895401,30.1900641,0.7184875879866244,28.753088924026752,31.62703927597325,30.220733357608747,-0.09198421880710228,0.01513368222760362
2015-10-08,-0.574186,0.453315,-1.662131,-0.600784,-0.600788,0.169231,-2.475073,-2.173877,-1.621343,-1.91116,-1.993562,-1.0,30.709785,30.21187395,0.7277175583038661,28.75643883339227,31.667309066607732,30.267309704503155,-0.04525762745852546,-0.0060260044238793845
2015-10-09,-0.541519,1.022864,-0.962708,0.453315,0.453302,-0.186521,-2.509024,-2.537104,-2.02467,-2.191337,-2.437827,0.0,30.848993,30.224402650000002,0.7368227770327451,28.75075709593451,31.698048204065493,30.322708113598093,0.002972193426636238,0.004522774552062514
2015-10-12,0.030099,0.662246,-0.963272,-0.060171,-0.060177,-0.282952,-1.727866,-2.317873,-1.888915,-1.909686,-2.322891,0.0,30.830429,30.24806835,0.7488131785928669,28.750441992814267,31.745694707185734,30.371062483731606,0.039244330092486734,-0.0006019511843204398
2015-10-13,0.606428,2.00121,-0.485143,-0.722459,-0.722442,0.557912,-0.41844,-1.461498,-1.203767,-1.141305,-1.535281,-1.0,30.607697,30.23925175,0.7431875392379949,28.75287667152401,31.725626828475992,30.393599104328597,0.04944764708034555,-0.007250643542900739
2015-10-14,0.0,1.604113,-0.302669,0.181931,0.181931,0.223965,-0.105938,-1.555697,-1.404367,-1.190082,-1.544602,0.0,30.663382,30.232755449999996,0.7386435203740596,28.755468409251876,31.710042490748116,30.41929271344016,0.06132030116393494,0.0018176606725473533
2015-10-15,-3.374419,0.176048,-3.374419,3.147703,3.147693,-2.253521,-2.497065,-4.289906,-4.325119,-4.034039,-4.342725,1.0,31.628571,30.260597699999998,0.7812007088206003,28.698196282358797,31.8229991176412,30.53446207406491,0.146918565176275,0.03099168372035525
2015-10-16,-0.174374,0.087181,-1.191514,0.968304,0.968292,-2.510884,-3.045612,-4.719543,-5.015969,-4.786967,-5.01597,1.0,31.934828,30.332986849999998,0.8657877866514269,28.601411276697142,32.06456242330285,30.6678302574873,0.23673920432923268,0.009636343389769613
2015-10-19,-0.26087,0.115945,-1.188406,0.261552,0.261558,-2.023181,-3.002889,-4.256996,-4.96231,-4.827818,-4.961345,0.0,32.018356,30.429505849999998,0.9413400819189073,28.546825686162183,32.31218601383781,30.79645175677422,0.3110768195706797,0.002612162280938131
2015-10-20,1.911771,2.029409,-0.705888,-1.449275,-1.449259,0.017639,-1.220594,-2.264712,-3.30883,-3.330596,-3.419615,-1.0,31.554327,30.510247899999996,0.9660287518888896,28.578190396222215,32.44230540377777,30.868630351367152,0.32875694752826945,-0.014598636371312947
2015-10-21,2.121934,2.630009,-1.285117,-1.588238,-1.588245,1.882844,0.42439,-0.278936,-1.62283,-1.736997,-1.711494,-1.0,31.053167,30.549226850000004,0.9716883166632917,28.60585021667342,32.49260348332659,30.886205270284563,0.2988838062126682,-0.016009927010924345
2015-10-22,0.750075,0.930084,-1.320141,-0.388515,-0.388498,1.83016,0.888067,0.40802,-1.144635,-1.371759,-1.257148,0.0,30.932526,30.578461450000002,0.9741028647636787,28.630255720472647,32.52666717952736,30.8906167683527,0.2624490566780793,-0.003892548312032297
2015-10-23,-1.732746,0.881054,-2.40822,2.160207,2.160195,-0.534507,-1.007343,-1.525209,-2.917769,-3.316301,-3.239356,1.0,31.600729,30.678692800000004,0.9708305130415434,28.737031773916918,32.62035382608309,30.958246504700064,0.2842163833198903,0.021371938301494274
2015-10-26,-0.468384,0.614751,-0.966036,0.323057,0.323053,-1.053859,-1.050935,-1.709601,-2.74151,-3.423887,-3.409446,0.0,31.702816,30.833680250000004,0.8635273283701678,29.10662559325967,32.560734906740336,31.02915788520482,0.3061753157792033,0.003225319798385545
2015-10-27,0.057148,1.314658,-0.971706,2.429748,2.429746,-2.835095,-2.823666,-3.621989,-4.481283,-5.40269,-5.527298,1.0,32.473114,31.017901900000005,0.7945497981003377,29.42880230379933,32.60700149620068,31.166677515185313,0.38133870370853273,0.02400697568216567
2015-10-28,-0.620595,1.748939,-1.212979,1.314658,1.314648,-2.973189,-3.404787,-4.466375,-5.150907,-6.310851,-6.539719,1.0,32.900021,31.2053716,0.7728156734550404,29.659740253089918,32.75100294691008,31.331757847072428,0.4699369170012133,0.01306081064142361
2015-10-29,-1.495542,3.249934,-1.754386,-1.918197,-1.91819,-0.247336,-1.317223,-2.275904,-2.874599,-4.240432,-4.588242,-1.0,32.268936,31.3413335,0.7021710181473582,29.936991463705283,32.74567553629472,31.421012909256007,0.48365310215073265,-0.019368262349140148
2015-10-30,2.808989,3.193383,-0.266115,-2.73224,-2.732244,2.418692,1.280316,0.583489,-0.036952,-1.322286,-1.812529,-1.0,31.38727,31.375671699999998,0.6857844787075322,30.004102742584934,32.74724065741506,31.41779929885067,0.4185553543089,-0.02770263702086482
2015-11-02,-2.538514,0.541925,-2.595548,3.666473,3.666493,-0.69026,-2.142054,-2.624086,-3.347132,-4.328592,-5.03424,1.0,32.538082,31.4489895,0.7286256491197337,29.991738201760533,32.906240798239466,31.524492889436324,0.45458565039511,0.03600876051512256
2015-11-03,0.057195,0.200172,-0.915067,-0.256703,-0.256693,-0.446117,-1.61283,-1.994111,-2.786695,-3.630562,-4.531525,0.0,32.454559,31.55014945,0.7203049392601177,30.109539571479765,32.990759328520234,31.61307061425191,0.4709712481789481,-0.002570230865984021
2015-11-04,2.284707,2.431172,-0.146453,-2.373469,-1.585509,0.556601,0.249891,-0.148726,-1.057014,-1.728674,-2.819568,-1.0,31.939989,31.602378849999997,0.7080984930898995,30.1861818638202,33.0185758361798,31.64420569860887,0.43739345444059907,-0.01598212795706319
2015-11-05,0.234255,0.409953,-0.468521,0.0293,0.029308,0.32708,0.53878,-0.111047,-0.892015,-1.457035,-2.680952,0.0,31.94935,31.664357099999997,0.6795317726517289,30.30529355469654,33.02342064530345,31.673267060646122,0.40684827183146055,0.00029303793758088983
2015-11-06,-0.029478,0.353666,-1.738874,-0.644223,-0.644223,1.202059,1.235657,0.496457,-0.108499,-0.686652,-1.824438,-1.0,31.743525,31.7090837,0.6519180097257646,30.40524768054847,33.01291971945153,31.679958292965537,0.36186132509402213,-0.006463068795798649
2015-11-09,0.416045,0.624068,-0.772669,-0.825223,-0.825214,1.37295,2.007742,1.218996,0.826096,0.19179,-0.702757,-1.0,31.481573,31.7416409,0.6212666326498187,30.499107634700362,32.984174165299635,31.66106445554025,0.30159491012772577,-0.00828637699821626
2015-11-10,0.118381,0.532702,-0.532702,0.416045,0.41604,0.420239,1.312885,0.811908,0.567289,-0.073863,-0.816403,0.0,31.612549,31.7918835,0.5625983853719826,30.666686729256035,32.917080270743966,31.656443935964987,0.26138888233216306,0.004151771480021792
2015-11-11,0.53348,1.392996,-0.266746,-0.14797,-0.147979,0.331955,1.04034,1.069571,0.859266,0.159175,-0.414377,0.0,31.565769,31.837002850000005,0.5000378374083115,30.83692717518338,32.837078524816626,31.647808227777848,0.22317790463099385,-0.0014808880650846964
2015-11-12,0.658886,0.928428,-0.119799,-1.037353,-1.037345,0.928426,1.769544,2.194262,1.854029,1.27674,0.809686,-1.0,31.238323,31.817490449999998,0.5159599122323785,30.78557062553524,32.84941027446475,31.60880963465615,0.16457614256163566,-0.010427631596946
2015-11-13,0.2104,1.232341,-0.390745,-0.359386,-0.359379,0.895698,2.052681,2.461185,2.091473,1.677626,1.218855,0.0,31.126059,31.777052000000005,0.5375226787982782,30.702006642403447,32.85209735759656,31.562833383736518,0.10783203675160635,-0.0036002640501715086
2015-11-16,0.392042,0.75392,-0.934867,-0.330628,-0.330627,0.934855,1.90289,2.655017,2.269736,2.039763,1.549402,0.0,31.023148,31.7272916,0.5596194029434012,30.6080527941132,32.8465304058868,31.51143477576161,0.053936124373361594,-0.00331174278885185
2015-11-17,1.003961,1.79495,0.0,-0.874551,-0.874563,1.265599,2.248258,3.187565,3.041561,2.958786,2.480088,-1.0,30.751831,31.6871668,0.5999872930523847,30.48719221389523,32.88714138610477,31.439091559022412,-0.010548195858863352,-0.008784098318341187
2015-11-18,-0.69048,0.360249,-1.140802,1.338613,1.338613,-0.330229,0.648456,1.453038,1.698153,1.662962,1.155071,1.0,31.163479,31.692682400000002,0.5943326648330632,30.504017070333877,32.88134772966613,31.41284274387742,-0.028111874720476493,0.013297327125648453
2015-11-19,1.548467,2.105915,-1.052958,-3.062143,-3.062136,2.13688,3.251775,4.203255,4.790942,4.68642,4.295189,-1.0,30.209211,31.656516649999997,0.6612621673722704,30.333992315255458,32.979040984744536,31.29821114922243,-0.11767617155256005,-0.03109998644312693
2015-11-20,1.243014,1.274083,-0.310746,-0.340666,-0.340661,1.808571,3.060902,4.275793,4.900952,4.801322,4.569466,0.0,30.1063,31.5817952,0.7467994490244848,30.08819630195103,33.07539409804897,31.184695801677435,-0.1947160146939062,-0.0034124256980437983
2015-11-23,0.287265,1.149062,-1.085222,-2.641392,-2.641404,3.402494,5.116507,6.370897,7.338991,7.275196,7.23372,-1.0,29.311071,31.46220795,0.9018110163613737,29.658585917277254,33.26582998272275,31.00625534437482,-0.31629295146055725,-0.026769157694632447
2015-11-24,-1.84548,0.563037,-2.345949,2.042767,2.042774,0.769473,2.442916,3.674279,4.761691,4.907748,5.009255,1.0,29.90983,31.33404375,0.9322136667736167,29.469616416452766,33.19847108354723,30.90183388300579,-0.360176808454824,0.02022189442278101
2015-11-25,-1.551561,1.125656,-2.00791,2.815139,2.815131,-2.257369,-0.626703,0.578043,1.543984,1.996124,2.143635,1.0,30.751831,31.22663425,0.8635110402125639,29.499612169574874,32.953656330425126,30.887547894148096,-0.3232859977414435,0.02776234828737361
2015-11-27,0.396453,0.640436,-0.365974,-0.243377,-0.243368,-1.713944,-0.567252,0.546908,1.532243,2.211636,2.289428,0.0,30.676991,31.147037,0.8352867561463688,29.476463487707264,32.81761051229274,30.867494856610183,-0.2966689124504285,-0.0024366424291351325
2015-11-30,0.42722,0.42722,-0.73238,-0.060997,-0.061007,-1.293863,-0.659134,0.372298,1.475332,2.151067,2.213076,0.0,30.658276,31.110587300000002,0.8401434446164266,29.43030041076715,32.79087418923285,30.847569251218736,-0.27392716286401964,-0.0006102525185323126
2015-12-01,-1.844137,0.327189,-2.439024,2.593833,2.593822,-2.427113,-3.033893,-2.171309,-1.262623,-0.463267,-0.430981,1.0,31.453497,31.05635805,0.7756833610579797,29.504991327884042,32.60772477211596,30.90527665586457,-0.18955144267108537,0.02560752708628541
2015-12-02,2.340413,2.826748,-0.33435,-2.141574,-2.141565,0.273552,-0.902737,-0.21074,0.626139,1.494985,1.664151,-1.0,30.7799,30.9726251,0.7038707968436403,29.564883506312718,32.38036669368728,30.893336021972704,-0.17501921240401686,-0.021648289791318075
2015-12-03,1.636304,1.8833,-0.092615,-1.550161,-1.550151,1.556032,0.373571,1.082638,1.940413,2.750243,3.182369,-1.0,30.302765,30.890763900000003,0.6802531414104422,29.530257617179117,32.25127018282089,30.83709116273721,-0.1997010922528517,-0.015622917065226097
2015-12-04,-0.945113,0.27439,-1.189021,1.265823,1.265815,0.292684,-0.725605,-0.300807,0.460373,1.259579,1.865855,1.0,30.686342,30.827613500000002,0.6338506678382094,29.559912164323585,32.09531483567642,30.82273409961938,-0.18616421643923076,0.012578707131199967
2015-12-07,0.244954,0.67361,-0.642985,-0.426826,-0.426819,0.655228,-0.153099,0.002037,0.696567,1.584722,2.18846,0.0,30.555367,30.768205599999998,0.5981640781126044,29.571877443774788,31.964533756225208,30.797270566322297,-0.18388502067141488,-0.004277320206310668
2015-12-08,-0.553338,0.645567,-0.737774,-0.398043,-0.398045,0.387335,0.614815,0.272568,0.926837,1.714111,2.457843,0.0,30.433743,30.7158141,0.5779400724948975,29.559933955010205,31.871694244989794,30.762648893339218,-0.1897059696206007,-0.003988389442811741
2015-12-09,0.402592,1.114899,-0.526485,-0.737774,-0.737773,0.755646,1.461744,0.898103,1.444712,2.172802,2.969565,-1.0,30.209211,30.645647200000003,0.5477381800330359,29.55017083993393,31.741123560066075,30.709940522545008,-0.21001603538283575,-0.007405082081629761
2015-12-10,0.216313,1.112485,-0.370825,0.216785,0.216778,0.51916,1.084671,0.484137,1.012052,1.731768,2.457777,0.0,30.274698,30.581093649999996,0.5082457512311342,29.564602147537727,31.597585152462266,30.668488853731198,-0.2183111007477443,0.0021654362845387513
2015-12-11,0.155958,0.530253,-0.28073,-0.92707,-0.927058,0.99812,1.802856,1.376573,1.749832,2.422945,3.163691,-1.0,29.994034,30.518879200000004,0.4996439251910539,29.519591349617897,31.51816705038211,30.60425505813775,-0.2447113587886527,-0.009313818943426836
2015-12-14,-0.590429,0.093222,-1.056557,0.374295,0.374294,0.323179,1.239892,0.998541,1.201048,1.823485,2.637167,0.0,30.1063,30.467891249999997,0.4862745517258141,29.49534214654837,31.440440353451624,30.556830766886534,-0.2536508959000372,0.0037359569608443246
2015-12-15,1.115936,1.735902,-0.278983,0.248595,0.248583,-0.092981,0.567278,0.940287,0.810612,1.398647,2.122351,0.0,30.181139,30.425790799999998,0.4719089837604243,29.481972832479148,31.369608767520848,30.521050598611627,-0.2517941355639408,0.0024827406731377203
2015-12-16,-0.460411,0.276231,-1.810933,0.991953,0.991954,-0.896256,-0.518724,0.073661,-0.224067,0.254141,0.903414,1.0,30.480522,30.412225350000007,0.4659046973749866,29.480415955250034,31.34403474474998,30.517190732077186,-0.22358755540814812,0.009870663803176293
2015-12-17,0.71141,1.051642,-0.092802,-0.767342,-0.767349,-0.148463,0.231988,0.736162,0.395921,0.854938,1.497066,-1.0,30.24663,30.3663829,0.43196525947962683,29.502452381040747,31.230313418959256,30.491423043307933,-0.21759842787403016,-0.007703083343870064
2015-12-18,0.812754,1.437952,-0.125036,-1.051661,-1.051651,0.869021,1.044079,1.640096,1.416068,1.751798,2.350735,-1.0,29.928541,30.3523494,0.4417876045621044,29.46877419087579,31.23592460912421,30.43781522965956,-0.23580095840571502,-0.01057219971226113
2015-12-21,-0.89341,0.0,-1.386325,1.469206,1.469203,-0.418974,-0.480584,0.10475,-0.009237,0.178688,0.717813,1.0,30.368252,30.365447,0.43797567261693804,29.489495654766124,31.241398345233875,30.43119016016817,-0.2122983488974235,0.014585147001809698
2015-12-22,0.3075,0.3075,-0.492002,0.184846,0.184854,-0.44281,-0.667285,-0.305457,-0.010768,-0.084876,0.416149,0.0,30.424389,30.421112900000004,0.3608777798509402,29.699357340298125,31.142868459701884,30.430542430628346,-0.18698710385363526,0.0018468359009447522
2015-12-23,0.061428,0.552829,-0.092144,0.123004,0.123,-0.5774,-0.706391,-0.497546,-0.043002,-0.245704,0.166868,0.0,30.461811,30.44871195,0.3402347988101192,29.76824235237976,31.129181547620238,30.433520389616124,-0.16204021837655347,0.0012292442199440714
2015-12-24,-0.367869,0.306567,-0.367869,0.184269,0.18428,-0.582471,-0.809326,-0.633565,-0.265183,-0.513803,-0.131829,0.0,30.517946,30.437017700000002,0.33321494040326927,29.770587819193462,31.10344758080654,30.441560923938397,-0.13617031985888417,0.0018411032978222488
2015-12-28,0.555213,0.709451,-0.154223,-0.613124,-0.613128,0.296115,-0.086367,-0.098704,0.293028,0.115977,0.384536,-1.0,30.330832,30.41970975,0.329058357419013,29.761593035161972,31.077826464838026,30.43101531213474,-0.12927655526687332,-0.006150151110299904
2015-12-29,-0.791965,0.243673,-0.913807,1.264664,1.264664,-0.731046,-1.136168,-1.311819,-0.950363,-1.055145,-0.913811,1.0,30.714415,30.4225167,0.3314313772373217,29.759653945525354,31.085379454474644,30.458005758598098,-0.09180300687977905,0.012567335455676617
2015-12-30,-0.030528,0.427478,-0.305337,-0.243686,-0.243693,-0.348086,-0.745035,-1.025951,-0.841219,-0.639999,-0.713485,0.0,30.639566,30.38182015,0.23375135626237326,29.91431743747525,30.849322862524748,30.475297210160186,-0.06736806148385455,-0.002439908084604379
2015-12-31,0.588606,0.929377,-0.030976,-1.435118,-1.435112,0.929371,0.607187,0.413053,0.506505,0.845104,0.671209,-1.0,30.199854,30.35281785,0.21715573834165522,29.918506373316692,30.78712932668331,30.449064523478263,-0.08253288703993533,-0.014455090349159627
