date,c_open,c_high,c_low,n_close,n_adj_close,adj_sum_5,adj_sum_10,adj_sum_15,adj_sum_20,adj_sum_25,adj_sum_30,label,closing_price_for_label,melody_ma20,melody_std20,melody_lb20,melody_ub20,melody_ema20,melody_macd_12_26,melody_str_log_return
2013-06-03,-1.017256,0.051498,-1.983004,1.172488,1.172477,1.279943,1.797576,2.113479,1.765382,1.365436,1.362961,1.0,67.906166,,,,,,,
2013-06-04,0.439442,1.421737,-0.801348,-0.373424,-0.373436,0.757416,1.956839,2.391115,2.122278,1.729362,1.594858,0.0,67.65258,,,,,,,-0.00374134909453224
2013-06-05,0.547871,0.717447,-0.039143,-0.917667,-0.917646,1.106177,2.621955,3.095037,2.984593,2.665783,2.306275,-1.0,67.031769,,,,,,,-0.00921882017210681
2013-06-06,-0.338456,0.195263,-1.288724,0.208709,0.208719,0.304597,2.147863,2.545325,2.664651,2.443096,2.08017,0.0,67.171677,,,,,,,0.002085014280259141
2013-06-07,-0.398711,0.681671,-0.617367,1.210622,1.210586,-0.640496,0.803879,1.108698,1.40709,1.217252,0.909343,1.0,67.984848,,,,,,,0.012033171347825599
2013-06-10,-0.48674,0.192137,-1.037528,0.411576,0.411608,-0.942755,-0.097357,0.527718,0.94721,0.796193,0.537111,0.0,68.264679,,,,,,,0.004107631044576614
2013-06-11,-0.56324,0.806448,-0.857663,0.064049,0.064051,-0.814143,-0.512045,0.380592,0.852515,0.75062,0.491532,0.0,68.308403,,,,,,,0.0006403018933679009
2013-06-12,1.340208,1.662372,-0.154633,-0.665649,-0.665663,0.092791,-0.012879,0.950176,1.407862,1.408248,1.200603,-1.0,67.853699,,,,,,,-0.0066788876433127664
2013-06-13,-1.134769,0.331508,-1.64478,1.06959,1.069575,-0.555896,-1.155153,-0.151287,0.191267,0.334579,0.190842,1.0,68.579445,,,,,,,0.010638952151144682
2013-06-14,0.589516,0.973987,-0.461362,-0.51001,-0.509998,0.025638,-0.485705,0.303308,0.565811,0.839679,0.715967,-1.0,68.229691,,,,,,,-0.005113032246191321
2013-06-17,-0.886521,0.645899,-0.899188,1.191849,1.191848,-0.927048,-1.493155,-1.124612,-0.685785,-0.33789,-0.437771,1.0,69.042885,,,,,,,0.011848011254316506
2013-06-18,-0.113871,0.240387,-0.430167,0.10132,0.10133,-0.794545,-1.381584,-1.378209,-0.789481,-0.416,-0.484151,0.0,69.112846,,,,,,,0.0010127847100330396
2013-06-19,1.855434,2.396598,-0.025776,-1.809211,-1.809221,1.035948,0.557922,0.328142,0.961864,1.323027,1.335311,-1.0,67.862442,,,,,,,-0.01825787341994236
2013-06-20,2.60465,2.764122,-0.199338,-3.040847,-3.040844,3.359469,3.502991,3.134444,3.891032,4.212094,4.372094,-1.0,65.798851,,,,,,,-0.030880368389106162
2013-06-21,-1.523957,0.129148,-2.247188,2.89701,2.897007,0.294463,0.547597,0.288438,0.88403,1.134965,1.399978,1.0,67.705048,,,,,,,0.028558365219785796
2013-06-24,0.483148,1.109948,-1.240539,-1.097763,-1.097763,0.786108,1.469053,1.307568,1.657748,2.077829,2.430574,-1.0,66.961807,,,,,,,-0.01103832931496435
2013-06-25,0.534615,0.717168,-0.521582,0.143641,0.14364,0.028687,1.137045,1.103146,1.240062,1.806235,2.201071,0.0,67.057991,,,,,,,0.0014353702654276224
2013-06-26,-0.219637,0.24547,-0.490963,0.925805,0.925817,-0.943161,0.183452,0.239441,0.214464,0.799992,1.174409,1.0,67.678825,,,,,,,0.00921557169317212
2013-06-27,0.373376,0.914123,-0.128747,0.348832,0.348842,-0.66436,-0.262662,-0.036063,-0.225323,0.390358,0.693519,0.0,67.914917,,,,,,,0.003482347121676254
2013-06-28,0.818295,1.233932,-0.116893,-0.875499,-0.875513,0.098718,0.483182,0.781057,0.670869,1.188209,1.443912,-1.0,67.320313,67.7719441,0.7644339152682249,66.24307626946354,69.30081193053645,67.70349568970336,,-0.008793682410498731
2013-07-01,-1.281723,0.551141,-1.307353,1.337835,1.337846,-0.85363,-0.963861,-0.553711,-0.6351,-0.345558,0.019218,1.0,68.220955,67.78768355,0.7705591158573717,66.24656531828525,69.32880178171474,67.75277752877923,,0.01328975697251203
2013-07-02,-0.624688,0.216725,-0.930651,0.53833,0.538321,-0.938296,-1.570631,-1.058989,-1.098933,-1.002553,-0.543946,0.0,68.588203,67.8344647,0.7900790956502296,66.25430650869954,69.41462289130045,67.8323418593717,,0.005368776293790013
2013-07-03,-0.369099,0.229095,-1.450935,0.165729,0.16573,-0.804376,-1.611303,-1.140388,-1.141023,-1.18315,-0.718258,0.0,68.701874,67.91796995,0.7890330705384351,66.33990380892313,69.49603609107687,67.91515444419343,,0.0016559248630134411
2013-07-05,0.702072,0.868013,-0.714829,-0.292738,-0.29273,-0.3421,-0.928009,-0.857804,-0.753771,-0.931329,-0.447201,0.0,68.500763,67.98442425,0.7787730442244483,66.4268781615511,69.5419703384489,67.97092668760358,,-0.002931592984367307
2013-07-08,-0.279331,0.406298,-0.330119,0.536132,0.536134,-0.424081,-1.287466,-1.324712,-1.218906,-1.358063,-0.975551,0.0,68.868019,68.02858280000001,0.8034465752292005,66.4216896495416,69.63547595045841,68.05636405068896,,0.0053470209120199865
2013-07-09,-0.628378,0.414732,-0.628378,1.028438,1.028419,-1.048123,-1.916541,-2.27807,-2.130193,-2.266173,-2.08034,1.0,69.576271,68.09416239999999,0.8741487665676951,66.3458648668646,69.84245993313537,68.20111709348048,0.2647453440042824,0.01023167049685388
2013-07-10,-0.187971,0.375934,-0.626566,0.289057,0.289073,-0.992488,-1.809531,-2.49625,-2.307029,-2.426075,-2.40686,0.0,69.777397,68.1676121,0.951399738089304,66.26481262382138,70.07041157617861,68.35123898933948,0.35541792015990836,0.002886556809570029
2013-07-11,-0.272371,0.27238,-0.594275,1.215531,1.215544,-1.636755,-2.57151,-3.406394,-3.284032,-3.394344,-3.501727,1.0,70.625572,68.30620574999999,1.0944099398003266,66.11738587039933,70.49502562960065,68.56784213321191,0.49006802489540746,0.01208215643813132
2013-07-12,-1.079099,0.110357,-1.079099,0.965713,0.96571,-1.790323,-3.027604,-3.815262,-4.017798,-4.086346,-4.324155,1.0,71.30761,68.442614,1.2838788428893158,65.87485631422138,71.01037168577864,68.82877240623935,0.6443858901452018,0.009610765293743304
2013-07-15,-0.171757,0.09814,-0.809721,-0.049051,-0.049078,-1.06734,-2.425456,-3.434333,-3.757199,-3.854733,-4.082927,0.0,71.272614,68.59476015,1.4293750485334813,65.73601005293304,71.45351024706696,69.06151922469274,0.7551550678748669,-0.0004908955775348822
2013-07-16,0.432258,0.494013,-0.074098,-0.662497,-0.662482,-0.061748,-1.410399,-2.428885,-2.991235,-3.070278,-3.306991,-1.0,70.800446,68.6826382,1.5101225239990912,65.66239315200181,71.70288324799819,69.22713129853153,0.7956684570605006,-0.0066468581501992275
2013-07-17,0.499441,0.948935,-0.09988,-1.086828,-0.345929,0.505739,-0.789332,-1.759711,-2.552252,-2.60641,-2.834194,0.0,70.555527,68.75477225,1.5652055186207272,65.62436121275854,71.88518328724146,69.35364517486187,0.7988045715841849,-0.0034652832828800263
2013-07-18,-0.336244,0.560395,-0.336244,0.262214,0.262233,0.275375,-0.760625,-1.728116,-2.603697,-2.697905,-2.913569,0.0,70.740547,68.89867749999999,1.6104979886589508,65.6776815226821,72.11967347731789,69.48573106297026,0.8069178855661505,0.002618899457159777
2013-07-19,-1.241246,0.049159,-1.622219,1.332503,1.332492,-0.938436,-1.62164,-2.669908,-3.47399,-3.804207,-3.980439,1.0,71.683159,69.19289289999999,1.550781305967255,66.09133028806548,72.2944555119345,69.69500991411596,0.8792729448333176,0.013236922276977746
2013-07-22,0.012315,0.283177,-0.39399,-0.184346,-0.184352,-0.677659,-1.064967,-2.095958,-3.026958,-3.440866,-3.636962,0.0,71.55101,69.385191,1.5944144799794835,66.19636204004104,72.57401995995897,69.8717718270573,0.9153993765117718,-0.0018452166604930502
2013-07-23,0.333544,0.555905,-0.210004,-0.332435,-0.332437,-0.202585,-0.491417,-1.480331,-2.398422,-2.991456,-3.173055,0.0,71.313148,69.60275805,1.542358291756924,66.51804146648615,72.68747463351386,70.00904574828994,0.9142969127098581,-0.003329907558620706
2013-07-24,0.847141,0.909434,-0.174411,-0.840025,-0.84003,0.687693,0.484029,-0.445304,-1.31308,-2.079076,-2.239389,-1.0,70.714096,69.7855633,1.4380064858697978,66.90955032826041,72.6615762717396,70.07619339130994,0.8552261970507118,-0.008435783665509327
2013-07-25,-0.497453,0.198975,-0.708877,0.17442,0.174426,0.53973,0.338973,-0.417668,-1.261968,-2.081588,-2.269209,0.0,70.83744,69.94349405,1.3661056117390415,67.21128282652191,72.67570527347809,70.14869306832804,0.8090389617388212,0.0017427438048840975
2013-07-26,-0.460259,0.037317,-1.243936,-0.024879,-0.024878,0.320934,0.295063,-0.174582,-1.032307,-1.773631,-2.13944,0.0,70.819817,70.08873905,1.2914606412586318,67.50581776748274,72.67166033251726,70.21260963324917,0.7622267407766401,-0.00024881182177508417
2013-07-29,0.012488,0.449496,-0.049935,-0.373184,-0.373187,0.414537,0.569119,0.358798,-0.432322,-1.244088,-1.662988,0.0,70.555527,70.25049975,1.1173257284375042,68.01584829312499,72.48515120687502,70.24526843008259,0.6957811916948629,-0.0037388458326235254
2013-07-30,0.062153,0.571855,-0.348083,0.437016,0.437042,-0.149203,0.140454,0.043232,-0.679102,-1.453557,-2.005234,0.0,70.863884,70.38264620000001,1.0163881755894475,68.34986984882111,72.4154225511789,70.30418419864615,0.6603918618821325,0.004360893409160868
2013-07-31,0.174345,1.382318,-0.174345,-0.174042,-0.174048,0.032366,0.341205,0.308427,-0.353805,-1.073511,-1.757681,0.0,70.740547,70.4902634,0.9263479764498035,68.6375674471004,72.34295935289961,70.34574256067985,0.6153004967937363,-0.0017419939520010614
2013-08-01,-0.024493,0.72269,-0.526703,1.668737,1.668726,-1.308179,-1.141598,-1.217893,-1.765538,-2.461292,-3.182065,1.0,71.921013,70.65122035,0.8776420524631153,68.89593624507377,72.40650445492624,70.49576831680558,0.6671287606499021,0.016549558869579616
2013-08-02,0.159918,0.258333,-0.898023,-0.428709,-0.428702,-0.661831,-0.725806,-0.764188,-1.125317,-1.834798,-2.494602,0.0,71.612686,70.8068165,0.7416412104900538,69.3235340790199,72.2900989209801,70.60214142949077,0.675536457281936,-0.004296238115475403
2013-08-05,-0.429974,0.307125,-0.540544,0.135319,0.135301,-0.474187,-0.837831,-0.85765,-1.060785,-1.722602,-2.440205,0.0,71.709579,70.94889450000001,0.6114229839423179,69.72604853211537,72.17174046788465,70.70761167430118,0.6821546189477061,0.0013520999652280674
2013-08-06,-0.538286,0.281384,-0.538286,0.417685,0.417689,-0.57009,-1.15365,-1.158136,-1.303399,-1.920963,-2.612365,0.0,72.009102,71.07053605000002,0.5641451183750383,69.94224581324994,72.19882628675009,70.83156313389154,0.7034595191821609,0.004168190684335647
2013-08-07,-0.671053,0.305027,-0.707665,0.269147,0.269145,-0.431912,-1.212777,-1.271343,-1.400358,-1.983976,-2.636254,0.0,72.202911,71.19181175,0.5312766696059315,70.12925841078814,72.25436508921186,70.96216769256853,0.7275953068965464,0.0026878359527574393
2013-08-08,-0.073016,0.279912,-0.803208,0.256221,0.25622,-0.557374,-1.251054,-1.371942,-1.530615,-2.030788,-2.668236,0.0,72.387909,71.2799286,0.5766314469025966,70.12666570619481,72.4331914938052,71.09795257899057,0.75297110289047,0.002558919037159556
2013-08-09,0.342968,0.514452,-0.551197,-0.645003,-0.644992,0.173927,-0.456884,-0.709622,-0.848729,-1.20457,-1.850708,-1.0,71.921013,71.31059875,0.5942258330041279,70.12214708399173,72.49905041600826,71.17633928575337,0.7270262923114643,-0.00647080752400516
2013-08-12,-0.477824,0.134771,-0.710613,-0.024493,-0.024494,0.252379,-0.245041,-0.652624,-0.780574,-1.011507,-1.614197,0.0,71.903397,71.3421379,0.6086678739974755,70.12480215200505,72.55947364799495,71.24558287758639,0.697008696646293,-0.0002449653725414045
2013-08-13,0.146945,0.404107,-0.404117,0.049009,0.04901,0.183679,-0.144509,-0.643326,-0.750069,-0.928644,-1.490131,0.0,71.938637,71.39904745,0.608564409082925,70.18191863183415,72.61617626816584,71.31158803210197,0.66835868640554,0.0004899819576389044
2013-08-14,0.516921,0.652306,-0.073844,-0.502087,-0.502082,0.514456,0.4763,-0.061545,-0.177853,-0.328121,-0.853827,-1.0,71.577446,71.4501434,0.5760457552638407,70.29805188947232,72.60223491052768,71.33690783856845,0.6094825167137117,-0.005033467400139207
2013-08-15,0.596416,0.745526,-0.385195,-0.947689,-0.947708,1.056174,1.293496,0.90044,0.788402,0.640947,0.198082,-1.0,70.899101,71.4580711,0.5667826668853293,70.32450576622934,72.59163643377066,71.29521194918098,0.502295802377219,-0.009522270716734189
2013-08-16,0.463073,0.725909,-1.051319,-0.720677,-0.720681,1.354206,1.854828,1.592003,1.428046,1.319261,1.014812,-1.0,70.388145,71.39332040000001,0.6118923826895503,70.16953563462091,72.6171051653791,71.20882462068755,0.3718334159041632,-0.00723289952932241
2013-08-19,0.062826,0.62822,-0.213592,-0.387992,-0.387972,1.238847,2.02412,1.945806,1.720691,1.647844,1.467533,0.0,70.115059,71.32152285,0.6735538858191047,69.97441507836179,72.6686306216382,71.10465646633637,0.24359723942635014,-0.0038872614446419924
2013-08-20,0.238906,0.716709,-0.314347,-0.075383,-0.075375,0.779567,1.823198,1.946423,1.708148,1.682371,1.567191,0.0,70.06221,71.25897595,0.7300821268513791,69.79881169629725,72.71914020370276,71.0053758504948,0.13613538903005917,-0.000754030990630954
2013-08-21,0.151175,0.932232,-0.415714,-0.188611,-0.188638,0.498879,1.690619,2.061828,1.844311,1.838768,1.766423,0.0,69.930046,71.21977345,0.7802092249410407,69.65935500011793,72.78019189988208,70.90296348378102,0.03984723400127166,-0.0018881621461323149
2013-08-22,-0.589186,0.351017,-1.128236,0.491308,0.491322,-0.170491,0.892568,1.406545,1.306258,1.31428,1.252173,0.0,70.273628,71.19158285,0.8045567725864098,69.58246930482719,72.80069639517282,70.84302677103997,-0.008638052519856387,0.004901193784480187
2013-08-23,-0.174977,0.074988,-0.524942,0.300871,0.300861,-0.442441,0.386207,0.995712,0.978634,0.942387,0.909558,0.0,70.485054,71.1748447,0.8160975903112974,69.5426495193774,72.80703988062258,70.80893412617903,-0.029660769281207422,0.003004094042349238
2013-08-26,1.757063,1.833463,-0.012735,-1.837272,-1.837266,1.153551,1.872931,2.643239,2.769929,2.695188,2.697905,-1.0,69.190056,71.10657115000001,0.9210090712979376,69.26455300740413,72.94858929259588,70.65475525701912,-0.1490982280625417,-0.018543534467139102
2013-08-27,-0.128252,0.500192,-0.820827,-0.725745,-0.725734,1.492869,2.144404,3.071256,3.362823,3.293052,3.346149,-1.0,68.68792,70.99777294999998,1.0679821564891543,68.86180863702168,73.13373726297829,70.46743761349349,-0.28103189259989847,-0.007283806081080014
2013-08-28,1.314252,1.314252,0.0,-1.436454,-1.436456,2.313596,3.060503,4.130121,4.644759,4.620427,4.711774,-1.0,67.701248,70.845808,1.2979777080450259,68.24985258390996,73.44176341609005,70.20399098363697,-0.4599049586323076,-0.01446873277767384
2013-08-29,-0.711416,0.685549,-1.151209,0.598569,0.598564,1.068429,2.037254,3.091453,3.742079,3.83754,3.959818,1.0,68.106483,70.6550815,1.4073207128704557,67.84044007425908,73.46972292574091,70.00422831852869,-0.562480153288675,0.0059677928451339615
2013-08-30,-0.46219,0.231096,-5.494926,0.750228,0.750231,-0.228528,1.019384,2.002823,2.751312,2.935934,3.036759,1.0,68.617439,70.50531915,1.458493915662133,67.58833131867574,73.42230698132427,69.87215314533549,-0.5956752812583233,0.007474308390934622
2013-09-03,0.668806,0.861734,-0.398711,-0.179739,-0.179712,-0.252112,0.964602,1.854633,2.701577,3.000871,3.073496,0.0,68.494125,70.34454645,1.4955123825317933,67.35352168493641,73.33557121506358,69.74091236958925,-0.6247315521033983,-0.0017987400865501152
2013-09-04,0.038713,0.33553,-0.477475,-0.334408,-0.334452,-0.041276,1.040151,1.837674,2.771988,3.194236,3.270547,0.0,68.265045,70.15734359999999,1.5104420998043608,67.13645940039127,73.1782277996087,69.60035357248552,-0.6586511768155816,-0.003350125834393009
2013-09-05,0.570395,0.635206,-0.401863,-0.45167,-0.451662,0.487434,1.208201,1.944523,2.925856,3.498581,3.603845,0.0,67.956718,69.94503395000001,1.5062007047035044,66.932632540593,72.95743535940701,69.44381685129642,-0.7023162710850812,-0.004526846808293808
2013-09-06,-0.038884,0.59624,-0.972132,0.012967,0.012979,0.432918,0.85547,1.643543,2.58716,3.252357,3.449549,0.0,67.965538,69.7239154,1.4523496051717768,66.81921618965644,72.62861461034355,69.30302838926819,-0.7278196210559429,0.00012978007093076007
2013-09-09,-1.010748,0.051168,-1.010748,1.309141,1.30915,-0.795817,-0.684509,0.18166,1.038876,1.757912,2.017637,1.0,68.855309,69.57063020000001,1.3675637250739454,66.83550274985213,72.3057576501479,69.26038844743313,-0.6685277542689363,0.013006549265629367
2013-09-10,0.705584,0.885185,-0.218086,-0.268689,-0.268698,-0.477229,-0.49262,0.311311,1.075689,1.855034,2.200984,0.0,68.670296,69.40897515,1.2645060180773315,66.87996311384533,71.93798718615467,69.20418916672521,-0.629214334372918,-0.0026905987668849156
2013-09-11,-1.290399,0.0,-1.303178,0.41052,0.410509,-0.684798,-0.86111,-0.206115,0.445902,1.261284,1.690738,0.0,68.952194,69.259653,1.1178939733963007,67.0238650532074,71.4954409467926,69.1801896270371,-0.5687550984501399,0.004096690798935827
2013-09-12,0.178891,0.690009,-0.115006,-0.01277,-0.012747,-0.385906,-0.668301,-0.288799,0.267677,1.085081,1.616812,0.0,68.943405,69.12795095,0.9767020659376539,67.1745468181247,71.0813550818753,69.15763871017643,-0.5156063284428285,-0.00012747324897453794
2013-09-13,-0.771665,0.164449,-0.809613,1.009457,1.009424,-0.900681,-1.440846,-1.345971,-0.824783,-0.082973,0.492105,1.0,69.639336,69.0649627,0.8935494968624041,67.27786370627518,70.8520616937248,69.20351464254058,-0.4125738353779269,0.01004362946076701
2013-09-16,-0.548906,0.062369,-0.561383,1.404176,1.404198,-1.773961,-2.522462,-2.699609,-2.181896,-1.540429,-0.946452,1.0,70.61721,69.07641595,0.9126658495606446,67.2510842508787,70.90174764912129,69.33815229563196,-0.24914163328573125,0.013944302393670541
2013-09-17,0.162842,0.526115,-0.23801,-0.411679,-0.41167,-0.896918,-1.858965,-2.189666,-1.762511,-1.223115,-0.602548,0.0,70.3265,69.08698799999999,0.9264509385157579,67.23408612296848,70.9398898770315,69.43228064842891,-0.14144778112476786,-0.004125198808195419
2013-09-18,-1.544215,0.224159,-2.204239,0.588752,0.58875,-0.971363,-2.083447,-2.568712,-2.289553,-1.869005,-1.2441,1.0,70.740547,69.12090485,0.975168213585857,67.17056842282828,71.07124127717172,69.55687744381663,-0.0224309250884005,0.005870232599276872
2013-09-19,0.474285,0.511727,-0.424368,-0.224159,-0.224188,-0.284556,-1.491495,-2.077701,-2.023824,-1.704929,-1.098755,0.0,70.581955,69.15350029999999,1.0137688079624363,67.12596268407512,71.18103791592486,69.65450387773885,0.05842030884421945,-0.0022443993607379168
2013-09-20,0.881719,0.995089,0.0,-0.911138,-0.911146,0.718002,-0.303536,-1.002617,-1.146843,-0.856001,-0.306057,-1.0,69.93885,69.1367614,0.996924243425817,67.14291291314836,71.13060988685163,69.68158446081134,0.06979771082740172,-0.009153228093496614
2013-09-23,-0.100911,0.378409,-0.769426,-0.138556,-0.138518,0.635711,-0.023976,-0.748411,-1.055762,-0.749759,-0.266998,0.0,69.841972,69.10460730000001,0.9608672707418245,67.18287275851637,71.02634184148366,69.69685946454359,0.07018805470791278,-0.0013861417342601163
2013-09-24,0.445177,1.093869,-0.038167,-0.832487,-0.832491,1.172716,0.900523,0.158557,-0.220056,0.034076,0.443047,-1.0,69.260544,69.1081317,0.9613263500262762,67.18547899994745,71.03078440005255,69.65530561077753,0.023312295016495455,-0.008359753695766628
2013-09-25,1.441064,1.646936,-0.012869,-1.144749,-1.144764,1.680392,1.998206,1.338144,0.919332,1.099336,1.437215,-1.0,68.467674,69.0971194,0.9676341591055072,67.16185108178898,71.03238771821101,69.54219783832252,-0.07692828360232795,-0.011513671931163863
2013-09-26,-0.179371,0.115306,-0.550929,0.424604,0.424618,0.72004,1.540028,0.987393,0.569497,0.603705,0.871651,0.0,68.7584,69.149977,0.914802158666929,67.32037268266615,70.97958131733387,69.46755042514894,-0.1313958562113413,0.004237189427556562
2013-09-27,0.699393,0.699393,-0.569877,-1.076238,-1.076251,1.251145,2.406433,2.091275,1.657177,1.565608,1.827922,-1.0,68.018387,69.1455722,0.9202867103398574,67.30499877932029,70.98614562067972,69.32953486084904,-0.23160486772881939,-0.010820845217037776
2013-09-30,1.60075,2.077005,-0.3175,-2.098178,-2.098144,2.444751,3.99654,4.052542,3.683667,3.508379,3.820147,-1.0,66.591263,69.0442634,1.0792767146383078,66.88570997072338,71.20281682927663,69.0687470645777,-0.4213214793994524,-0.02120468292973741
2013-10-01,-0.840345,0.446423,-0.945381,0.754079,0.754045,1.032042,2.736346,3.117124,2.80331,2.60872,2.893033,1.0,67.093391,68.9742267,1.1593345274323321,66.65555764513533,71.29289575486467,68.8806179155703,-0.5251026711140554,0.007512161588304769
2013-10-02,-0.026335,0.276569,-0.671674,-0.302001,-0.301976,0.866577,2.471995,3.224006,3.011967,2.812046,3.046646,0.0,66.890785,68.9055137,1.2414006412483045,66.42271241750339,71.38831498249661,68.69111001884932,-0.6165909475729165,-0.003024329595894006
2013-10-03,0.065932,0.395574,-0.843881,-0.118535,-0.118562,0.403498,2.029287,3.133805,3.048539,2.880816,3.013375,0.0,66.811478,68.84825169999999,1.3118815132111517,66.22448867357768,71.4720147264223,68.51209744562557,-0.6875696035156409,-0.0011863226174583833
2013-10-04,-0.05261,0.131552,-0.67087,0.237343,0.23736,-0.147329,1.344382,2.623868,2.730199,2.56932,2.605011,0.0,66.970062,68.7984779,1.364946373326538,66.06858515334692,71.52837064665307,68.36523692699457,-0.7226935350546313,0.00237079157974706
2013-10-07,0.013221,0.594839,-0.224718,-0.486707,-0.486722,0.356911,1.360218,2.728359,3.066758,2.952549,2.914742,0.0,66.644104,68.68791765,1.4471772740600388,65.79356310187993,71.58227219812008,68.20131950537603,-0.7679788086529271,-0.004879103113011334
2013-10-08,0.078602,0.877765,-0.366827,0.898876,0.898872,-0.492591,0.157221,1.507497,2.042455,1.960966,1.901401,1.0,67.243149,68.6165603,1.4828373884311126,65.65088552313777,71.58223507686223,68.11006517153069,-0.7469197630829001,0.008948559090347209
2013-10-09,-0.480825,0.272914,-1.104612,0.812256,0.812292,-1.029261,-0.749855,0.399372,1.134483,1.11135,1.036149,1.0,67.78936,68.55841860000001,1.4917550402166098,65.57490851956679,71.54192868043323,68.0795218218611,-0.678336217259286,0.008090110791286426
2013-10-10,-0.616247,0.038515,-0.950054,1.221575,1.221547,-1.69726,-1.968154,-1.00312,-0.109766,-0.070351,-0.138653,1.0,68.617439,68.5421203,1.4891057911588728,65.56390871768225,71.52033188231773,68.1307520293029,-0.5508147586537859,0.012141464775403283
2013-10-11,-0.611625,0.012736,-0.853727,0.757484,0.757498,-1.80939,-2.543334,-1.824681,-0.897058,-0.753837,-0.839719,1.0,69.137215,68.51701425,1.4737873556303935,65.56943953873922,71.46458896126079,68.22660564555977,-0.4031640801605363,0.007546437838864656
2013-10-14,-0.927097,0.076207,-1.0287,0.331288,0.331275,-1.348735,-2.465069,-2.194558,-1.314447,-1.052066,-1.131144,0.0,69.366249,68.4544662,1.4048986950520117,65.64466880989598,71.26426359010402,68.3351431078874,-0.2646183681768264,0.0033072704775842475
2013-10-15,1.005153,1.30155,-0.20618,-1.447803,-1.447815,0.427854,-0.846632,-0.845343,-0.00836,0.383522,0.314878,-1.0,68.361954,68.35623890000001,1.3340114106929084,65.68821607861419,71.02426172138583,68.33769652618385,-0.23317026484853898,-0.014583981763562365
2013-10-16,-1.26372,0.191476,-1.378598,0.953606,1.742902,-0.785263,-2.162354,-2.439838,-1.8066,-1.301516,-1.341815,1.0,69.553436,68.29688335,1.245835939767808,65.80521147046439,70.78855522953562,68.45348123797586,-0.11082722930815692,0.01727887865001356
2013-10-17,-1.548723,0.06296,-1.813139,1.378609,1.378631,-1.597006,-2.967981,-3.600716,-3.146853,-2.554699,-2.56264,1.0,70.512321,68.29340164999999,1.239193406556982,65.81501483688604,70.77178846311395,68.6495612153115,0.06278081539508662,0.013692140049756647
2013-10-18,-0.025192,0.201481,-0.793357,-0.012584,-0.012605,-1.19704,-2.454585,-3.353582,-3.094604,-2.49339,-2.430367,0.0,70.503433,68.32163080000001,1.284261128462225,65.75310854307556,70.89015305692446,68.82612043290088,0.1973740491039564,-0.00012605683775966664
2013-10-21,0.379886,0.443205,-0.67114,-0.55409,-0.554084,-0.433586,-1.416362,-2.480253,-2.535363,-1.97889,-1.826954,-1.0,70.112785,68.33517144999999,1.3024336591896775,65.73030413162064,70.94003876837934,68.94865991548176,0.26941250800287264,-0.005556243946222171
2013-10-22,-1.331176,0.286146,-1.368497,1.785483,1.785476,-1.338633,-2.568148,-3.791895,-4.097627,-3.640146,-3.423214,1.0,71.364632,68.44037585,1.4569306750718234,65.52651449985635,71.35423720014364,69.17875249495968,0.42264510676410794,0.017697236757175015
2013-10-23,-0.704496,0.420215,-0.815726,0.659377,0.659381,-1.34965,-2.643176,-3.963251,-4.491454,-4.210409,-3.922074,1.0,71.835197,68.608752,1.642965030557427,65.32282193888514,71.89468206111485,69.43174720972543,0.5754206173973984,0.006572168375618084
2013-10-24,0.198482,0.421779,-0.446596,-0.370786,-0.370778,-0.687267,-1.868468,-3.162692,-3.939666,-3.798763,-3.442232,0.0,71.568848,68.7492744,1.7715914737637142,65.20609145247258,72.29245734752743,69.63528061832301,0.6673118166981453,-0.003714669363391164
2013-10-25,0.687504,0.900001,-0.612497,-0.756731,-0.756737,0.2175,-0.854107,-2.043489,-2.995388,-3.003926,-2.640836,-1.0,71.02726,68.89971805,1.8329519879742384,65.23381407405152,72.56562202594849,69.76785008324462,0.6884980518574366,-0.007596148475518728
2013-10-28,-1.463717,0.688804,-1.660524,1.625004,1.625007,-0.811814,-2.049454,-3.098407,-4.159282,-4.425271,-4.125394,1.0,72.181458,69.17922779999999,1.887812507260434,65.40360278547912,72.95485281452086,69.997717503888,0.7893235973314603,0.016119451496102135
2013-10-29,-1.212709,0.194038,-1.649286,1.426809,1.426787,-1.702625,-2.764959,-3.918072,-5.089661,-5.55388,-5.342731,1.0,73.211334,69.48512495,2.0228769131986657,65.43937112360267,73.53087877639733,70.30377621780343,0.9414781802830987,0.014167046535090808
2013-10-30,1.238962,1.275762,-0.355734,-1.139949,-1.139918,-0.419538,-1.253689,-2.387638,-3.616298,-4.248815,-4.175917,-1.0,72.376785,69.75942495,2.0245191421498334,65.71038666570033,73.80846323429967,70.50120562563167,0.9833848058972592,-0.011464646245510683
2013-10-31,0.557272,1.052629,-0.03715,-0.94455,-0.944578,0.564717,-0.147356,-1.170815,-2.356742,-3.172008,-3.210489,-1.0,71.69313,70.00350755000001,1.943033101942161,66.11744134611568,73.88957375388433,70.61472223271437,0.9504743865819023,-0.009490671686106022
2013-11-01,-0.579177,0.221811,-0.628469,0.495359,0.495374,0.352428,-0.425143,-1.388614,-2.48564,-3.425571,-3.590002,0.0,72.048279,70.25741839999999,1.855604016466168,66.54621036706766,73.96862643293233,70.75125144864634,0.9421892274421566,0.004941508854749128
2013-11-04,0.159839,0.491825,-0.516412,0.221811,0.221835,0.137685,-0.355367,-1.344507,-2.316206,-3.328185,-3.694172,0.0,72.208107,70.53561855000001,1.6955560746645313,67.14450640067095,73.92673069932907,70.88999959639432,0.9377106186865802,0.0022158889437099497
2013-11-05,-0.368418,0.380693,-0.712271,0.122953,0.122934,-0.23824,-0.348767,-1.10279,-2.086633,-3.158986,-3.672425,0.0,72.296875,70.78830485,1.5493285279884719,67.68964779402306,73.88696190597695,71.02398773007106,0.9305967842634288,0.0012285806335121155
2013-11-06,-1.412872,0.350199,-1.787219,1.694705,1.694707,-1.589179,-1.779979,-2.391017,-3.32846,-4.412028,-5.048534,1.0,73.522095,71.0749416,1.4946339933421406,68.08567361331572,74.06420958668429,71.26190270815952,1.0121565232850145,0.01680506774155345
2013-11-07,0.71672,0.947519,-0.255101,-0.591714,-0.591719,-0.621956,-0.987608,-1.575153,-2.447258,-3.499592,-4.285924,-1.0,73.087051,71.2984222,1.441035416199022,68.41635136760196,74.18049303239805,71.43572635500148,1.029817691768784,-0.005934763127323841
2013-11-08,-0.278758,0.072716,-1.018063,0.230809,0.230792,-0.521131,-0.91139,-1.551313,-2.390778,-3.378577,-4.268003,0.0,73.25573,71.50434795,1.4098750843585484,68.6845977812829,74.32409811871709,71.60906003547753,1.0453748500763567,0.002305259932156387
2013-11-11,0.109404,0.510574,-0.291764,-0.302994,-0.302987,0.007298,-0.493551,-0.985486,-1.843052,-2.73498,-3.683024,0.0,73.033775,71.68772425,1.3545702357817766,68.97858377843644,74.39686472156356,71.74474717495586,1.0279445911996419,-0.0030344647117781223
2013-11-12,-0.688406,0.289853,-0.821256,0.656456,0.656473,-0.314022,-1.101458,-1.436402,-2.13286,-3.028167,-4.020098,1.0,73.513222,71.94528765,1.165451485335202,69.61438467932959,74.2761906206704,71.91317334876959,1.040820421524728,0.00654327581484413
2013-11-13,-1.113772,0.0,-1.24551,0.845407,0.845423,-0.984452,-1.693433,-2.055909,-2.644332,-3.498748,-4.499022,1.0,74.13472,72.17435185000001,1.1199275745830117,69.93449670083399,74.41420699916603,72.12474922031534,1.088625309425879,0.008418697372572231
2013-11-14,-1.055503,0.166033,-1.055503,0.982036,0.982023,-1.472966,-2.226048,-2.715061,-3.30053,-4.103503,-5.069253,1.0,74.86274,72.39187280000002,1.199765211654848,69.99234237669032,74.79140322330971,72.38551024695197,1.1717489645116643,0.009772324893532126
2013-11-15,-0.78972,0.094298,-0.801499,0.616694,0.616687,-1.527574,-2.390376,-2.931004,-3.573194,-4.362697,-5.281386,1.0,75.324409,72.6329216,1.2818729698396365,70.06917566032072,75.19666753967928,72.66540536628987,1.2603493670488461,0.006147935522037132
2013-11-18,0.260141,0.43751,-0.461156,-0.318241,-0.318254,-0.666888,-1.695626,-2.363318,-2.934246,-3.752717,-4.604264,0.0,75.084686,72.88151665000001,1.2491015322193508,70.38331358556131,75.3797197144387,72.89581304569084,1.2962794788138865,-0.003187615788570551
2013-11-19,-0.035568,0.296419,-0.154134,-0.271969,-0.27197,-0.030811,-1.082508,-1.948446,-2.434772,-3.142029,-4.004129,0.0,74.880478,73.05730894999999,1.2715859740924467,70.5141370018151,75.60048089818488,73.08482875562504,1.2933673387002784,-0.0027234075003802344
2013-11-20,-0.4487,0.342426,-0.531354,0.414994,0.415008,-0.162955,-1.269341,-2.104149,-2.614835,-3.242418,-4.072738,0.0,75.191238,73.225111,1.322251507110843,70.58060798577831,75.86961401422168,73.28543915985124,1.3011364900221025,0.004141492513865361
2013-11-21,0.200777,0.259833,-0.188964,-0.02362,-0.023621,-0.056695,-0.968466,-1.772369,-2.352072,-2.971536,-3.759366,0.0,75.173477,73.40534245,1.3302529903127822,70.74483646937445,76.06584843062556,73.46525228748445,1.2909788337640293,-0.00023623893521288746
2013-11-22,-0.494406,0.058862,-0.84755,0.330694,0.330696,-0.360216,-1.007651,-1.797919,-2.382578,-3.030489,-3.798818,0.0,75.422073,73.6250831,1.2787348651888746,71.06761336962225,76.18255283037774,73.65161616486688,1.288139566510381,0.003301508255816249
2013-11-25,-0.526876,0.480033,-0.655668,0.541503,0.541489,-0.70015,-1.171987,-2.008347,-2.667715,-3.251136,-4.032778,0.0,75.830475,73.80753395,1.3215228058940527,71.1644883382119,76.45057956178812,73.85912653011766,1.3038144931178124,0.005400279174391217
2013-11-26,0.661623,1.323255,0.0,-0.90154,-0.901516,0.274092,-0.05554,-0.864063,-1.653484,-2.169671,-2.858786,-1.0,75.146851,73.9043098,1.3462038728967098,71.21190205420658,76.59671754579341,73.98176695582075,1.246703025438535,-0.009056044244741056
2013-11-27,0.71191,0.723778,-0.308498,-0.425331,-0.425335,0.605121,0.463922,-0.324323,-1.069655,-1.591843,-2.208914,0.0,74.827225,74.0268318,1.3109104936071176,71.40501081278576,76.64865278721423,74.0622867695521,1.1622529008984799,-0.0042624231126490685
2013-11-29,0.653047,1.17549,-0.083114,-0.071189,-0.071199,0.569939,0.523628,-0.102905,-0.793159,-1.350273,-1.94926,0.0,74.773949,74.18087275,1.198435116843943,71.78400251631211,76.5777429836879,74.13006412483286,1.0785932887842051,-0.0007122404300407148
2013-12-02,0.839939,0.971929,-0.287975,-1.044888,-1.044897,1.245515,1.405101,1.018334,0.385785,-0.148293,-0.756725,-1.0,73.992638,74.2780907,1.0903195446370846,72.09745161072584,76.45872978927417,74.11697592246782,0.9384295438082546,-0.010503947148824888
2013-12-03,-0.632231,0.202789,-0.715733,0.58796,0.587965,0.276754,0.724086,0.55271,-0.051888,-0.611235,-1.143582,1.0,74.427689,74.38906979999999,0.9754447676315531,72.43818026473689,76.33995933526309,74.14656764413755,0.8526252131996443,0.005862434813130298
2013-12-04,0.035992,0.167966,-0.91182,-0.572592,-0.572597,0.544699,1.185375,1.175777,0.638884,0.003852,-0.455496,-1.0,74.001518,74.47430195,0.8493336189086064,72.77563471218278,76.17296918781722,74.13275339231492,0.7416865243957602,-0.005742430074420807
2013-12-05,0.846532,0.919089,-0.47164,-0.791837,-0.791832,0.962628,1.75112,1.918008,1.43488,0.858632,0.410774,-1.0,73.41555,74.4689747,0.8559289921393396,72.75711671572132,76.18083268427868,74.06444830733255,0.5995725941431971,-0.007949840463427215
2013-12-06,-1.526259,0.011834,-1.597254,2.213079,2.213084,-1.152393,-0.469709,-0.272913,-0.631209,-1.146707,-1.609083,1.0,75.040298,74.56663705,0.7995265987629445,72.9675838524741,76.16569024752589,74.15738637330088,0.6110065622456773,0.021889509861578973
2013-12-09,-0.353852,0.188727,-0.518994,0.307622,0.307605,-1.115819,-0.794985,-0.583457,-0.802059,-1.278586,-1.722874,0.0,75.271126,74.66740685,0.7511517190481566,73.16510341190369,76.16971028809633,74.26345681393889,0.6314153912462359,0.0030713325083208797
2013-12-10,0.90855,0.932454,-0.263003,-1.332858,-1.332828,0.176908,0.334711,0.686175,0.621024,0.165913,-0.30167,-1.0,74.267891,74.72911265,0.6543400441242125,73.42043256175158,76.03779273824843,74.26387911737328,0.5601794550928787,-0.013417903527281215
2013-12-11,-0.333253,0.571296,-0.487974,0.442313,0.442306,-0.10474,-0.180914,0.217406,0.250533,-0.151871,-0.678809,0.0,74.596382,74.78327064999999,0.590076825816911,73.60311699836618,75.96342430163381,74.29554605857582,0.5241884230058531,0.004413302487624123
2013-12-12,1.846898,1.907655,-0.449578,-2.047125,-2.047119,1.888201,1.664625,2.118251,2.272767,1.91007,1.428499,-1.0,73.069305,74.7299999,0.6911442607661705,73.34771137846765,76.11228842153234,74.17876119585432,0.36819855543903657,-0.020683633043605654
2013-12-13,-0.060705,0.109258,-0.983374,0.085055,0.085034,1.2796,1.353651,1.845337,2.067505,1.825913,1.407882,0.0,73.131439,74.64343485,0.7767623172956967,73.08991021540861,76.1969594845914,74.07901622482058,0.24674483520361434,0.0008499820457936114
2013-12-16,1.260863,1.689311,-0.110177,-0.825544,-0.825529,1.366138,1.995339,2.427052,2.724313,2.633361,2.274036,-1.0,72.527718,74.5036003,0.8910458734358075,72.72150855312839,76.28569204687162,73.93127353674242,0.10061679986014838,-0.008289550338893921
2013-12-17,1.087624,1.161777,-0.27191,-0.954827,-0.954836,1.666051,2.617722,3.04371,3.488442,3.556049,3.242696,-1.0,71.835197,74.34112585,1.059792652645416,72.22154054470917,76.46071115529082,73.73164719990982,-0.07026144777201182,-0.009594241182703786
2013-12-18,-1.420245,0.048557,-2.306378,1.816825,1.816818,-0.546235,0.668865,1.022105,1.522834,1.687802,1.438873,1.0,73.140312,74.25411755,1.084330818151946,72.08545591369611,76.4227791863039,73.67532956182316,-0.09922797856334853,0.018005113649079085
2013-12-19,0.097681,0.476189,-0.47619,-0.58266,-0.582654,-0.061051,1.162395,1.420431,1.947498,2.205617,1.996338,-1.0,72.714157,74.1302635,1.1127533510315593,71.90475679793688,76.35577020206311,73.58378931784,-0.15478702145044565,-0.005843581147650964
2013-12-20,0.171074,0.855334,-0.024433,-0.073267,-0.073279,-0.117287,0.90911,1.300929,1.849359,2.159354,2.051583,0.0,72.660873,74.0046333,1.1304711518066612,71.74369099638668,76.26557560361331,73.49589252566476,-0.20080280694374153,-0.0007330557714912562
2013-12-23,1.020786,1.020786,-0.368953,-0.647603,-0.647586,0.440285,1.140083,1.794776,2.289386,2.65158,2.667569,-1.0,72.190331,73.8430462,1.1480345949123445,71.54697701017531,76.1391153898247,73.3715533327443,-0.2721028234191891,-0.00649692432147567
2013-12-24,0.024602,0.368962,-0.073789,0.0,0.0,0.538673,0.852294,1.588159,2.037265,2.491206,2.628624,0.0,72.190331,73.661039,1.1040773016272138,71.45288439674557,75.86919360325443,73.25905596772103,-0.32486377281254875,0.0
2013-12-26,-0.33024,0.158998,-0.574854,0.553442,0.553437,-0.166344,0.020792,0.89938,1.299535,1.800881,2.021364,1.0,72.589859,73.5331894,1.0705047004506774,71.39217999909864,75.67419880090135,73.19532292317616,-0.33062736823113426,0.005519111615400783
2013-12-27,0.097542,0.573102,-0.182906,0.305773,0.305775,-0.443854,-0.319477,0.536518,0.852332,1.359832,1.649796,0.0,72.811821,73.4324192,1.0366031959277087,71.35921280814458,75.50562559185542,73.15879893049271,-0.3136688020407803,0.0030530895160980386
2013-12-30,0.0,0.060979,-0.52439,-0.012196,-0.012197,-0.392681,-0.352439,0.343904,0.729268,1.241952,1.567887,0.0,72.80294,73.33386875,0.9952168651627681,71.34343501967446,75.32430248032553,73.12490760377912,-0.2975160587059946,-0.00012197939206178438
2013-12-31,0.515905,0.724722,-0.393082,-0.719507,-0.719503,0.353758,0.335329,0.795145,1.340736,1.801736,2.163526,-1.0,72.279121,73.2481929,1.0091785203114918,71.22983585937702,75.266549940623,73.04435649865731,-0.3232564101251114,-0.0072210343929050855
2014-01-02,0.98088,1.018128,-0.273157,-1.068668,-1.068688,1.246599,1.373242,1.626536,2.231203,2.659563,3.100337,-1.0,71.506683,73.10214260000001,1.0403798979872876,71.02138280402544,75.18290239597458,72.8979114035471,-0.40135850414151264,-0.010744390746163877
2014-01-03,0.385339,0.497204,-0.323176,-0.111751,-0.111741,1.034189,1.246743,1.444384,2.165329,2.566074,3.054495,0.0,71.426781,72.97340575000001,1.081711926829428,70.80998189634116,75.13682960365887,72.75780374606641,-0.4643496660729767,-0.0011180308107983884
2014-01-06,-0.0372,0.421632,-0.421622,0.236174,0.236176,0.45635,0.851936,1.068124,1.797499,2.143852,2.644267,0.0,71.595474,72.88240195,1.1184924933944953,70.645416963211,75.119386936789,72.64710567501248,-0.4949529904799874,0.0023589766253949117
2014-01-07,-0.87202,0.196517,-0.982553,0.967261,0.967258,-0.648486,-0.165801,0.022113,0.631916,1.027764,1.527888,1.0,72.287987,72.7447864,1.002300949551336,70.74018450089733,74.74938829910266,72.61290389643987,-0.45804626184754227,0.009626100771249866
2014-01-08,0.909774,1.134103,-0.236783,-1.449275,-1.449277,0.520938,1.168999,1.372555,1.828898,2.358932,2.825283,-1.0,71.240334,72.54324679999999,0.8631691216226369,70.81690855675471,74.26958504324527,72.4821829539218,-0.5074842919862448,-0.014598813661579212
2014-01-09,0.14922,0.472526,-0.484953,0.224327,0.22435,0.266086,0.831867,1.105015,1.400135,1.960194,2.38828,0.0,71.400162,72.39986035,0.7972719763259307,70.80531639734814,73.99440430265186,72.37913333926258,-0.5276846826420893,0.002240991462740964
2014-01-10,0.361137,0.73474,-0.12454,-0.14921,-0.149222,0.378572,0.800738,1.083427,1.320041,1.960639,2.361137,0.0,71.293617,72.2347221,0.6460757507606433,70.94257059847871,73.52687360152129,72.27575083076138,-0.5459970151201077,-0.0014933379793680812
2014-01-13,0.0,0.612421,-0.39995,-0.361147,-0.361139,0.584916,0.91612,1.292323,1.544166,2.196211,2.554248,0.0,71.036148,72.13306424999999,0.6674471603601453,70.7981699292797,73.46795857072028,72.15769341830791,-0.5746609335559327,-0.0036179260303365705
2014-01-14,-1.001614,0.061821,-1.051077,1.074867,1.074875,-0.620763,-0.296794,0.135174,0.37156,0.928875,1.32556,1.0,71.799698,72.0664772,0.6278590495624193,70.81075910087516,73.32219529912483,72.12359861656431,-0.5296596054523093,0.010691395676375963
2014-01-15,-0.111405,0.482732,-0.668401,-0.098927,-0.098949,-0.386174,-0.274785,0.191445,0.415275,0.831293,1.320709,0.0,71.728653,72.02652395,0.622363475074986,70.78179699985003,73.27125090014997,72.0859847483201,-0.49403355516653846,-0.0009899787088387102
2014-01-16,0.111723,0.335159,-0.372388,-0.284692,-0.284674,-0.067033,0.012403,0.415414,0.680225,0.965727,1.474664,0.0,71.52446,72.0109871,0.6312070283852447,70.7485730432295,73.27340115677049,72.03250620086104,-0.47678029576694314,-0.002850802108445889
2014-01-17,0.676015,0.95143,-0.100143,-0.844093,-0.844099,0.678523,0.792438,1.113333,1.380816,1.617922,2.193702,-1.0,70.920723,71.90000765,0.6171665412238728,70.66567456755226,73.13434073244775,71.92662208649331,-0.5059907472827376,-0.008476813360423547
2014-01-21,0.511344,0.673486,-0.798203,0.375567,0.37557,0.344224,0.357939,0.582846,0.894227,1.131941,1.706981,0.0,71.18708,71.8236538,0.6054934792274047,70.61266684154519,73.03464075845481,71.85618950682728,-0.5018623004956169,0.0037486655383015366
2014-01-22,0.429127,0.820389,-0.227187,-1.18483,-0.437301,0.524242,0.599482,0.843356,1.211445,1.448833,1.957841,0.0,70.875778,71.73439905000001,0.607151634999861,70.52009578000029,72.94870231999973,71.76281698236754,-0.5177417418960601,-0.004382602217813724
2014-01-23,0.600717,0.93303,-0.153368,-1.249533,-1.24955,1.299452,1.693805,1.901361,2.334957,2.587502,2.996465,-1.0,69.99015,71.62438999999999,0.7106898069938526,70.20301038601228,73.0457696139877,71.5939915554754,-0.5949310963619894,-0.012574221197518113
2014-01-24,0.189444,3.182618,-0.505179,1.201434,1.201418,-0.09893,0.406191,0.62804,1.024128,1.312922,1.611997,1.0,70.831024,71.55642465,0.7186710927669069,70.11908246446619,72.9937668355338,71.52132797876347,-0.5815489769679232,0.011942578949491637
2014-01-27,0.981263,1.057732,-0.063722,-0.89669,-0.896664,0.598439,1.158264,1.4216,1.767652,2.061795,2.322397,-1.0,70.195908,71.4367271,0.7366261489008025,69.96347480219839,72.9099793978016,71.39509750459551,-0.6151015959387536,-0.009007078077440498
2014-01-28,-0.556191,0.518261,-0.859564,0.815598,0.815577,-0.333703,0.302082,0.523207,0.799999,1.126158,1.386253,1.0,70.76841,71.33455655,0.6749944119937639,69.98456772601247,72.68454537398753,71.33541298034832,-0.5887098803638935,0.008122695953695063
2014-01-29,1.49408,1.49408,-0.334882,-1.858175,-1.858155,1.143731,1.863318,2.154367,2.467348,2.856091,3.129314,-1.0,69.453423,71.1670807,0.7062980561487545,69.75448458770249,72.5796768122975,71.15617583936277,-0.6662229136842797,-0.018756359445411715
2014-01-30,1.535059,1.535059,-0.130098,-0.991752,-0.991762,1.800439,2.452637,2.937625,3.238214,3.687125,3.979942,-1.0,68.76461,70.99135514999999,0.839671752762228,69.31201164447553,72.67069865552445,70.92840766418537,-0.7743082598619679,-0.009967132182063887
2014-01-31,-0.770039,0.74393,-1.774995,-0.325224,-0.325225,1.464371,2.351641,2.995396,3.35872,3.812468,4.159007,0.0,68.54097,70.8430695,0.9919405835820673,68.85918833283587,72.82695066716413,70.70103264854866,-0.8680067133075937,-0.0032575543945985224
2014-02-03,1.307801,1.400271,-0.132099,-1.200739,-1.200739,1.96566,3.122599,3.895118,4.341029,4.786359,5.157977,-1.0,67.717972,70.65762905,1.2015938617899733,68.25444132642005,73.06081677357994,70.41693163440117,-0.9971776302429731,-0.012080058689543025
2014-02-04,-0.118276,0.394274,-0.906813,0.51519,0.515179,0.649247,2.135647,3.071793,3.547038,3.970446,4.391415,0.0,68.066841,70.4811974,1.3107409594432788,67.85971548111344,73.10267931888656,70.19311347874391,-1.059186062255094,0.005138568297081305
2014-02-05,-0.667096,0.457823,-1.020273,0.473125,0.473141,-0.136039,1.291039,2.253924,2.774354,3.222662,3.691603,0.0,68.388893,70.2862427,1.3178111384339877,67.65062042313203,72.92186497686798,70.02128295695877,-1.0700069128371865,0.004720250128344533
2014-02-06,-0.481148,0.11703,-0.546163,0.588627,0.588631,-0.712626,0.524047,1.3709,1.994939,2.415821,2.920119,1.0,68.791451,70.16379855,1.3381086092986039,67.4875813314028,72.8400157685972,69.90415610391508,-1.034178087363486,0.005869050095597632
2014-02-07,-0.413918,0.103481,-0.724354,0.533155,0.533148,-1.060666,-0.250935,0.605209,1.291951,1.736857,2.228169,0.0,69.158211,70.05170100000001,1.3229045571890792,67.40589188562186,72.69751011437816,69.83311371306603,-0.9650643570081456,0.005317314429406328
2014-02-10,-0.768934,0.07689,-1.076505,0.931317,0.931337,-1.376411,-1.227751,-0.429936,0.250462,0.704997,1.151749,1.0,69.802307,69.9771355,1.2908604764096852,67.39541454718064,72.55885645281937,69.83017974039308,-0.848536661065836,0.009270267871047158
2014-02-11,-0.938607,0.342472,-1.522066,1.038058,1.038056,-1.692039,-2.276772,-1.515315,-0.815605,-0.390242,0.004532,1.0,70.526894,69.95167280000001,1.273781245635388,67.40411030872923,72.4992352912708,69.89653347940326,-0.6897682877655598,0.010327051454304874
2014-02-12,0.825912,1.34211,-0.55491,-1.712326,-1.712347,0.289082,-0.593618,0.050766,0.733448,1.173828,1.579269,-1.0,69.319229,69.82764935,1.203175759795758,67.42129783040849,72.23400086959151,69.84155210041247,-0.6538544535528956,-0.017271769798037406
2014-02-13,-0.912605,0.154235,-1.028281,0.400058,0.400085,0.120805,-0.870203,-0.385629,0.178859,0.676186,1.046004,0.0,69.596565,69.72104494999999,1.1172640786586083,67.48651679268278,71.9555731073172,69.81821999561129,-0.5961418318358227,0.0039928702198422875
2014-02-14,-2.153652,0.440804,-2.707811,2.056554,2.056531,-1.37027,-2.517632,-2.374475,-1.874795,-1.373498,-1.012636,1.0,71.02784,69.69621395,1.0799702066230326,67.53627353675394,71.85615436324606,69.93342190079116,-0.42995596773457123,0.02035670018710997
2014-02-18,1.936645,2.129019,-0.525847,-1.801009,-1.801014,0.423249,-0.438624,-0.626732,-0.159158,0.346753,0.722636,-1.0,69.748619,69.63760875,1.0411281781410686,67.55535239371787,71.71986510628213,69.91582162452534,-0.396899704205282,-0.018174291638974
2014-02-19,-0.639877,1.049399,-0.75505,0.21803,0.218036,0.025599,-0.392879,-0.925686,-0.468388,0.063462,0.422684,0.0,69.900696,69.57328955,0.9781998595656494,67.6168898308687,71.5296892691313,69.91438108885626,-0.3543463501101911,0.0021779850494256926
2014-02-20,0.051336,0.667356,-0.539012,-0.281547,-0.281554,0.418389,0.077014,-0.621996,-0.271424,0.22572,0.582651,0.0,69.703888,69.51469505,0.9299840922234566,67.65472686555309,71.37466323444691,69.89433412801282,-0.3326684761028105,-0.002819508138488323
2014-02-21,0.102606,1.179938,-0.076949,0.064172,0.064173,0.39759,0.150064,-0.591676,-0.352696,0.047891,0.446856,0.0,69.748619,69.50261850000001,0.925040083560853,67.65253833287831,71.35269866712171,69.8804564967735,-0.30832500813573915,0.0006415230890628562
2014-02-24,0.218338,1.168759,-0.321089,-0.14108,-0.141084,0.143851,0.362199,-0.345056,-0.296678,0.081604,0.505021,0.0,69.650215,69.44357805,0.8719515929148833,67.69967486417023,71.18748123582976,69.85852873517602,-0.29358870692921357,-0.0014118341383763079
2014-02-25,-0.499232,0.243209,-0.92166,0.333935,0.333952,-0.151063,0.039673,-0.470227,-0.650932,-0.310916,0.103206,0.0,69.882813,69.4279233,0.860468586876774,67.70698612624645,71.14886047375356,69.86084152230211,-0.26014260533516165,0.0033339520941011104
2014-02-26,0.475214,1.168759,-0.051376,-0.332824,-0.33284,0.110459,0.247889,0.013709,-0.399427,-0.066264,0.371174,0.0,69.650215,69.37201354999999,0.8032076678164425,67.7655982143671,70.97842888563288,69.84078185351143,-0.2495286328004056,-0.0033339520941012123
2014-02-27,-0.537159,0.051159,-0.805735,0.423839,0.423849,-0.243003,-0.085692,-0.260052,-0.784631,-0.54125,-0.140821,0.0,69.945427,69.39661375,0.8133032283754983,67.77000729324901,71.02322020675099,69.85074805793892,-0.21481953599624148,0.004229536622449179
2014-02-28,-0.533951,0.317824,-0.826344,0.601102,0.601099,-0.663618,-0.573358,-0.70684,-1.263669,-1.114165,-0.802043,1.0,70.365868,69.47667665,0.8265210662592015,67.8236345174816,71.12971878251841,69.89980710003998,-0.1516382603121258,0.005992992344310871
2014-03-03,1.00671,1.200311,-0.167792,-1.500128,-1.500132,0.751166,0.693083,0.820001,0.295563,0.304082,0.602235,-1.0,69.310287,69.5151425,0.7980947884240521,67.91895292315189,71.1113320768481,69.84366232860759,-0.18461508123979797,-0.015114979312755213
2014-03-04,-0.458892,0.344173,-0.701077,1.251928,1.251938,-0.410453,-0.49076,-0.390906,-0.769279,-0.937157,-0.676948,1.0,70.178009,69.63814435,0.6885962694445542,68.2609518111109,71.01533688888911,69.8755048687402,-0.13912775767897756,0.012441663108738302
2014-03-05,0.642508,0.758165,-0.346951,-0.803055,-0.803076,0.38552,0.273723,0.328124,0.145225,-0.201473,0.051846,-1.0,69.614426,69.71552360000001,0.5813300991492285,68.55286340170156,70.87818379829847,69.85064021457447,-0.14686222773613622,-0.008063183868845709
2014-03-06,-0.025617,0.48681,-0.281837,0.308401,0.308422,0.043553,-0.016656,0.068323,-0.059569,-0.486806,-0.305749,0.0,69.829132,69.78753555,0.4904451629949702,68.80664522401005,70.76842587598995,69.84859181318642,-0.13412080994345388,0.0030794706152561186
2014-03-07,0.038284,0.280685,-0.344471,0.40994,0.409936,-0.436336,-0.372542,-0.290889,-0.373177,-0.816021,-0.706809,0.0,70.115387,69.85373235,0.4351560226009383,68.98342030479813,70.72404439520187,69.87400087859723,-0.09977461868203363,0.004090984073964148
2014-03-10,-0.305613,0.050937,-0.420224,0.191378,0.191356,-0.359084,-0.477505,-0.555182,-0.485779,-0.908166,-0.92404,0.0,70.249557,69.90829965,0.41111081338550426,69.08607802322899,70.73052127677101,69.90976812825464,-0.06102515693953592,0.0019117314770955966
2014-03-11,-0.455986,0.557317,-0.481314,0.534825,0.534833,-0.762503,-0.901825,-1.001465,-0.956919,-1.270662,-1.430848,0.0,70.625275,69.94944805,0.4401067640189624,69.06923452196207,70.82966157803793,69.97791163984944,1.3576101878243207e-06,0.005334081120184218
2014-03-12,-0.731946,0.265016,-0.782427,0.367322,0.367354,-0.76731,-1.090378,-1.271262,-1.294187,-1.473009,-1.786151,0.0,70.88472,69.96733935,0.47100525943767957,69.02532883112464,70.90934986887537,70.06427434081616,0.0685106056749305,0.003666812237503268
2014-03-13,0.16416,0.719788,0.0,-0.063094,-0.063104,-0.41926,-0.901643,-1.102004,-1.124523,-1.272394,-1.658891,0.0,70.839989,70.04337735,0.4834583730477163,69.07646060390456,71.01029409609544,70.13815192740509,0.11783690993448204,-0.0006312378667194537
2014-03-14,0.151931,0.316536,-0.392511,-0.265184,-0.265188,-0.002542,-0.597631,-0.753787,-0.786918,-0.904541,-1.308357,0.0,70.65213,70.0961556,0.48969032159632137,69.11677495680736,71.07553624319264,70.18710222003318,0.14015410090782154,-0.002655400339084197
2014-03-17,-1.027053,0.137777,-1.027053,1.088874,1.088859,-0.751487,-1.372734,-1.657468,-1.828018,-1.845175,-2.236959,1.0,71.421432,70.1158352,0.5349230929625307,69.04598901407495,71.18568138592507,70.30465743717288,0.21741070237231952,0.010829735075310862
2014-03-18,0.087751,0.388624,-0.325931,-0.087674,-0.08768,-0.458799,-1.120708,-1.433272,-1.629042,-1.671788,-1.981094,0.0,71.35881,70.19634475000001,0.5945902815506775,69.00716418689865,71.38552531310137,70.4050529193469,0.2704662767120567,-0.0008771802476051508
2014-03-19,1.142423,1.434381,-0.342723,-1.241066,-1.241027,0.675277,0.243693,-0.116805,-0.352271,-0.439221,-0.635547,-1.0,70.473228,70.22497135,0.5933881733684999,69.038195003263,71.41174769673701,70.411545784171,0.23830707966527598,-0.012487919107637538
2014-03-20,0.485185,0.778856,-0.217056,-0.583903,-0.583939,1.044443,0.865689,0.480943,0.258565,0.187959,0.027677,-1.0,70.061707,70.2428623,0.5821379213533374,69.07858645729333,71.40713814270667,70.37822780472614,0.17756749132759353,-0.00585651071343294
2014-03-21,1.489476,2.401134,0.0,-0.561802,-0.561792,1.33282,1.371344,0.981856,0.819214,0.758094,0.634744,-1.0,69.668106,70.23883665,0.5860012070092866,69.06683423598142,71.41083906401857,70.31059715665698,0.09655756324163178,-0.005633758932306865
2014-03-24,-1.008831,0.668347,-1.046661,1.823326,1.823318,-0.617904,-0.346779,-0.673389,-0.89533,-1.051194,-1.083642,1.0,70.938377,70.30324475,0.5886856039305992,69.1258735421388,71.4806159578612,70.37038571316585,0.13332003481825438,0.018068947224533602
2014-03-25,-0.363364,0.225536,-0.463596,0.643121,0.643126,-1.242946,-0.875823,-1.1945,-1.422749,-1.591274,-1.641391,1.0,71.3946,70.3788341,0.6276305690893685,69.12357296182127,71.63409523817874,70.46792993095957,0.19699708195300047,0.0064106656384307036
2014-03-26,0.666665,0.855346,-0.213834,-0.38842,-0.388391,-0.676755,-0.456627,-0.668369,-0.935245,-1.139144,-1.230213,0.0,71.11731,70.45218885,0.6237123564803038,69.20476413703939,71.69961356296061,70.52977565182057,0.22252152535540404,-0.00389146914007494
2014-03-27,-0.125548,0.979282,-0.338989,0.188682,0.188671,-0.52983,-0.58633,-0.722343,-1.030148,-1.238434,-1.325816,0.0,71.251488,70.51749190000001,0.6361109949772155,69.24526991004558,71.78971388995444,70.59851016117099,0.25068710892873014,0.0018849360479628518
2014-03-28,0.225677,0.702104,-0.300909,0.138104,0.138086,-0.19558,-0.625625,-0.743896,-1.097667,-1.284852,-1.379971,0.0,71.349876,70.5666923,0.6613211122389168,69.24405007552217,71.88933452447783,70.67006881248804,0.27774594382034934,0.0013799028684181513
2014-03-31,-0.744414,0.285365,-1.302723,1.053154,1.053158,-0.913142,-1.566993,-1.607109,-1.934861,-2.177664,-2.358144,1.0,72.101303,70.7062431,0.6765451657011661,69.35315276859767,72.05933343140232,70.80637683034632,0.35572358433290674,0.010476510240024932
2014-04-01,0.323627,0.622355,-0.161809,-0.322583,-0.322577,-0.460536,-1.177493,-1.173345,-1.499877,-1.750561,-1.943823,0.0,71.868721,70.7907787,0.7117787989358613,69.36722110212828,72.21433629787172,70.90755246555143,0.3942097974486245,-0.0032309809482499673
2014-04-02,0.074885,0.249601,-0.411823,-0.261388,-0.261392,-0.042427,-0.750029,-0.840298,-1.097589,-1.379756,-1.604058,0.0,71.680862,70.8941005,0.681364221046106,69.53137205790779,72.2568289420922,70.98120099264177,0.404884490944454,-0.0026173410373972156
2014-04-03,0.22472,0.599256,-0.212232,-0.037438,-0.037433,0.107361,-0.490639,-0.727428,-0.933213,-1.247445,-1.476492,0.0,71.65403,70.9853454,0.6528362870530572,69.67967282589389,72.29101797410611,71.04527994572351,0.40649334207712684,-0.0003743959330353006
2014-04-04,0.877528,0.990349,-0.025068,-0.411986,-0.412008,0.524021,0.157973,-0.250704,-0.436237,-0.783235,-0.993673,0.0,71.35881,71.04751655,0.6242069616320017,69.79910262673599,72.29593047326401,71.0751399508927,0.3795711218297839,-0.004128586207235694
2014-04-07,-0.583925,0.720589,-0.695736,0.902596,0.902606,-0.402532,-0.590128,-1.089156,-1.205112,-1.521177,-1.7704,1.0,72.002899,71.13518365,0.6293420984994743,69.87649945300106,72.39386784699894,71.1634979555696,0.4055329364869209,0.008985569970636357
2014-04-08,-1.03257,0.036876,-1.634912,1.068456,1.068454,-1.207127,-1.451743,-2.005319,-2.10202,-2.419662,-2.676494,1.0,72.772217,71.24253075,0.7150547061158401,69.81242133776831,72.67264016223169,71.31670929313441,0.4826220284663236,0.010627865651857317
2014-04-09,0.380421,0.920358,-0.208612,0.172096,0.172115,-1.043087,-1.376867,-1.951989,-2.132174,-2.407178,-2.695229,0.0,72.897469,71.34316820000001,0.7987818216600733,69.74560455667987,72.94073184332015,71.46725783664542,0.5475111116015654,0.0017196718728016184
2014-04-10,0.604274,1.282527,-0.246636,-0.49086,-0.490852,-0.310783,-0.712805,-1.240612,-1.532264,-1.776314,-2.096041,0.0,72.53965,71.42815125,0.8321479052601902,69.76385543947961,73.09244706052039,71.56939042363157,0.5635667281707555,-0.004920610700097845
2014-04-11,0.272413,1.114416,-0.321944,-0.406948,-0.406976,0.341759,-0.183255,-0.599301,-1.019684,-1.257053,-1.609291,0.0,72.244431,71.5077663,0.8301637477797872,69.84743880444043,73.16809379555957,71.63368000233332,0.5461732684666032,-0.004078064481953801
2014-04-14,0.235122,0.482612,-0.371236,0.061907,0.061937,0.358853,-0.219051,-0.536255,-1.020932,-1.205315,-1.532834,0.0,72.289177,71.55115355,0.8479003515152659,69.85535284696947,73.24695425303052,71.6961082878254,0.5298911986873662,0.0006191778099049217
2014-04-15,-0.061844,0.309253,-0.395842,0.037122,0.037108,0.195453,-0.194213,-0.488208,-0.991466,-1.148443,-1.47081,0.0,72.316002,71.59901314999999,0.8633457379012257,69.87232167419754,73.32570462580244,71.75514578422298,0.5132358312114746,0.00037101022927692466
2014-04-16,-0.453157,0.281684,-0.759342,1.001987,1.001994,-0.759346,-0.998178,-1.299873,-1.797934,-2.011039,-2.291913,1.0,73.040604,71.72738195,0.8778913851552489,69.97159917968949,73.4831647203105,71.87757037620175,0.5521409212949067,0.009970073217758934
2014-04-17,-0.354698,0.158998,-0.513706,0.134721,0.134714,-0.728964,-0.928334,-1.260609,-1.719675,-2.017132,-2.272515,0.0,73.139,71.88124660000001,0.8394195446886848,70.20240751062263,73.56008568937739,71.9977065308492,0.5841791665591956,0.0013462345247650877
2014-04-21,0.306523,0.306523,-0.331041,-0.244623,-0.244626,-0.28935,-0.465912,-0.871343,-1.253065,-1.650321,-1.902896,0.0,72.960083,72.04584545,0.6925133212578377,70.66081880748433,73.43087209251567,72.08936143267309,0.5883504622328104,-0.002449256843610393
2014-04-22,0.356924,0.516921,-0.123074,-0.380086,-0.3801,0.199398,0.007399,-0.439785,-0.756297,-1.205652,-1.417016,0.0,72.682762,72.1330647,0.6544966597469646,70.82407138050607,73.44205801949394,72.1458757724185,0.5627912498718786,-0.0038082383677419665
2014-04-23,0.447984,0.447984,-1.219517,-1.095383,-0.305174,0.546125,0.270573,-0.080535,-0.378922,-0.842394,-1.030801,0.0,72.460953,72.18638235,0.6342951688324273,70.91779201233514,73.45497268766486,72.17588312742627,0.5186584852030904,-0.0030564075429842246
2014-04-24,-1.096734,0.28342,-1.404806,0.983077,0.98308,-0.396431,-0.667874,-0.917287,-1.208255,-1.660103,-1.890021,1.0,73.173302,72.28918195,0.6183175990965207,71.05254675180696,73.52581714819304,72.27087540100473,0.534996456072804,0.00978279019797042
2014-04-25,-0.257962,0.208817,-0.540478,0.320397,0.320394,-0.641317,-0.866856,-1.074462,-1.376899,-1.791846,-2.086758,0.0,73.407745,72.3969948,0.615839981102119,71.16531483779576,73.62867476220424,72.37914869614714,0.5604020405881442,0.0031988201027174515
2014-04-28,-1.687968,0.048229,-1.724138,1.879373,1.879367,-1.985529,-2.355544,-2.593714,-2.966381,-3.329688,-3.708652,1.0,74.787346,72.56886829999999,0.7688826425451135,71.03110301490976,74.10663358509022,72.6085008203236,0.6839739938057079,0.01861925178134888
2014-04-29,0.376029,0.618626,-0.097041,-0.602845,-0.602855,-0.946131,-1.487908,-1.793653,-2.227519,-2.560522,-2.99392,-1.0,74.336487,72.6806275,0.8549695601004442,70.97068837979911,74.39056662020089,72.77307093267373,0.7370290911265158,-0.006046791645368314
2014-04-30,-0.193827,0.242274,-0.375536,0.133432,0.133454,-0.547557,-1.334433,-1.775553,-2.185398,-2.526964,-2.985419,0.0,74.435692,72.80897605,0.9170914622913007,70.97479312541739,74.6431589745826,72.93141579622862,0.7781110723194473,0.0013336500866068918
2014-05-01,0.060727,0.157888,-0.704389,-0.2544,-0.254417,-0.004846,-0.920378,-1.403901,-1.76314,-2.109769,-2.568573,0.0,74.246315,72.9372487,0.9303169450462442,71.07661480990751,74.79788259009248,73.05664429182589,0.7863234499228042,-0.002547411166038427
2014-05-02,0.366215,0.830078,-0.207517,-0.510078,-0.510059,0.632315,-0.313784,-0.778574,-1.10967,-1.466246,-1.897323,-1.0,73.867615,73.04792795,0.900825236836172,71.24627747632766,74.84957842367234,73.13387959736629,0.7535870112938312,-0.005113642251328216
2014-05-05,-0.073437,0.220318,-0.281513,-0.268556,-0.268571,0.599761,0.050926,-0.38244,-0.686554,-1.074967,-1.452098,0.0,73.669228,73.16344885,0.8170624138847215,71.52932402223055,74.79757367776944,73.18486515952188,0.7035251746324462,-0.0026893230942836256
2014-05-06,0.776538,0.776538,-0.012319,-0.697674,-0.697673,0.983612,0.818446,0.396374,0.089958,-0.322317,-0.658713,-1.0,73.155258,73.22106679999999,0.7702024118073727,71.68066197638524,74.76147162361474,73.1820454300436,0.6152851011839999,-0.007001176893816996
2014-05-07,-0.779631,0.060912,-0.816175,1.183285,1.18329,-0.309419,-0.149834,-0.624163,-0.9962,-1.371699,-1.702194,1.0,74.020897,73.2835008,0.7824161453867681,71.71866850922646,74.84833309077354,73.26193605575374,0.6081931678419608,0.011763440648816681
2014-05-08,-0.121721,0.194737,-0.413832,0.085282,0.085271,-0.438168,-0.111974,-0.614935,-1.000468,-1.325975,-1.652458,0.0,74.084015,73.34282809999999,0.796463675121087,71.74990074975781,74.93575545024217,73.34022928853909,0.6007408876697866,0.0008523418024269951
2014-05-09,-0.230613,0.497638,-0.303435,0.279935,0.279939,-0.602014,-0.271874,-0.788963,-1.158935,-1.459429,-1.790606,0.0,74.291405,73.43041585,0.7998027429788385,71.83081036404232,75.03002133595768,73.43081745153538,0.6046000882452063,0.00279547832191517
2014-05-12,1.076714,1.199065,-0.024476,-0.801063,-0.801046,0.207985,0.385398,0.078779,-0.262276,-0.536829,-0.891421,-1.0,73.696297,73.50300915,0.7508851304417138,72.00123888911656,75.00477941088343,73.45610121805582,0.5532606460949552,-0.008042711655689785
2014-05-13,0.404363,0.453378,-0.232818,-0.146827,-0.14684,0.472981,0.431319,0.307968,-0.02735,-0.304397,-0.678329,0.0,73.588081,73.56795435000001,0.6944226020484404,72.17910914590313,74.95679955409689,73.46867072109812,0.49809985642059473,-0.0014694840137535123
2014-05-14,0.70223,0.911674,-0.061593,-0.539153,-0.539151,0.790935,0.805716,0.918238,0.574372,0.258932,-0.079697,-1.0,73.19133,73.61172075,0.6365360002818685,72.33864874943626,74.88479275056375,73.44225731908877,0.41755670945154577,-0.005406098356441491
2014-05-15,0.894078,1.043095,-0.111756,-0.788467,-0.788464,1.187134,1.38209,1.668939,1.344309,1.040118,0.757246,-1.0,72.614243,73.5904027,0.6632488557309724,72.26390498853806,74.91690041146194,73.36339881250889,0.3036591930575554,-0.007915884167357218
2014-05-16,0.373453,0.535292,-0.410808,-0.248351,-0.248348,0.926175,1.436564,1.83243,1.547951,1.285834,1.043987,0.0,72.433907,73.55514805,0.705875415709542,72.14339721858092,74.96689888141908,73.27487578274614,0.19657696576246053,-0.002486568672795414
2014-05-19,0.10009,0.150135,-0.487926,-0.497948,-0.497964,0.980867,1.722766,2.091004,1.994628,1.783223,1.582708,0.0,72.073212,73.51080449999999,0.7701553835559972,71.970493732888,75.05111526711198,73.16043161296079,0.0816670501806982,-0.0049920827647216524
2014-05-20,-0.261755,0.436245,-0.324071,0.375332,0.375334,0.259258,1.230216,1.525616,1.589807,1.405641,1.218564,0.0,72.343727,73.49385275,0.7927405912145337,71.90837156757094,75.07933393242907,73.08265022125025,0.012286779566153427,0.003746310069432133
2014-05-21,-0.186361,0.22363,-0.583925,0.324062,0.324059,-0.233559,0.704447,1.027053,1.269735,1.092538,0.882704,0.0,72.578163,73.49971325,0.7850991948632714,71.92951486027346,75.06991163972654,73.03460381922642,-0.02350955529786347,0.0032353456678737504
2014-05-22,-0.347178,0.024794,-0.743954,0.198787,0.198802,-0.401744,0.317414,0.686911,1.03781,0.874462,0.674522,0.0,72.72245,73.47717064999999,0.8012708540385951,71.8746289419228,75.07971235807719,73.004874884062,-0.03977712756683616,0.001986048708920329
2014-05-23,-0.012413,0.409837,-0.149025,-0.161197,-0.161206,-0.193737,0.247153,0.733572,1.145685,1.007933,0.840088,0.0,72.605217,73.43704425,0.8246832034958175,71.78767784300837,75.08641065699163,72.96681222843705,-0.06142099612439722,-0.001613361417673548
2014-05-27,0.586914,0.624376,-0.037461,-0.546442,-0.546429,0.392096,0.591897,1.15217,1.522841,1.521267,1.392476,-1.0,72.208481,73.30810100000001,0.8037894115808687,71.70052217683828,74.91567982316174,72.89459020668113,-0.10932694446864843,-0.005479274378887065
2014-05-28,-0.08739,0.22472,-0.099876,0.02497,0.024978,0.33457,0.378265,1.041186,1.351423,1.470649,1.364265,0.0,72.226517,73.2026025,0.8001683526554721,71.60226579468906,74.80293920531093,72.8309641869972,-0.1441754345449766,0.0002497455650429985
2014-05-29,-0.373139,0.0,-0.39801,0.374537,0.374527,-0.062192,-0.092046,0.524039,0.839544,1.094022,0.994368,0.0,72.497025,73.10566915000001,0.7593115602788117,71.58704602944239,74.62429227055763,72.79916045490224,-0.1482563719604002,0.0037382765966649514
2014-05-30,-0.668401,0.074263,-0.767425,0.485073,0.48506,-0.509955,-0.542139,-0.074259,0.256845,0.588198,0.498067,0.0,72.848679,73.03578734999999,0.7116263259729707,71.61253469805405,74.45904000194594,72.80387650681631,-0.1217119853546933,0.0048388727905644595
2014-06-02,0.373324,0.38576,-0.087108,-0.532244,-0.532235,-0.017419,-0.006225,0.292018,0.696239,1.074163,1.004624,-1.0,72.460953,72.96545425000001,0.6943907181673089,71.5766728136654,74.35423568633462,72.77121712521476,-0.1304577794914934,-0.005336561862145802
2014-06-03,0.137622,0.462909,-0.412864,-0.535093,-0.535103,0.482933,0.531724,0.681438,1.127245,1.467292,1.506993,-1.0,72.073212,72.88565345,0.7009326984715158,71.48378805305697,74.28751884694304,72.70474044662288,-0.16675410504605281,-0.005365401739792379
2014-06-04,0.175306,0.450789,-0.275485,-0.087575,-0.087575,0.510899,0.57351,0.623598,1.13637,1.427003,1.564828,0.0,72.010094,72.82839525,0.7241391991695195,71.38011685166096,74.27667364833904,72.6385836421826,-0.19832611959682822,-0.0008761320903823669
2014-06-05,0.0,0.249653,-0.17476,0.313048,0.313046,0.124831,0.212217,0.22137,0.697174,0.988647,1.237473,0.0,72.235519,72.73912635,0.6779705439037026,71.3831852621926,74.09506743780742,72.60019653340329,-0.2028192806312319,0.003125574204031084
2014-06-06,0.074968,0.2624,-0.2624,-0.099865,-0.099851,0.03498,0.234908,0.279891,0.664747,0.974131,1.292011,0.0,72.163391,72.64309515,0.6100708757139262,71.42295339857215,73.86323690142784,72.5585960064125,-0.20978203322931677,-0.000999010394174963
2014-06-09,-0.224737,0.187292,-0.29966,0.074968,0.074969,-0.107383,0.106131,0.184791,0.445749,0.807091,1.161192,0.0,72.217491,72.53939944999999,0.47687031015357706,71.58565882969283,73.49314007030715,72.5261098153256,-0.20853083331924438,0.0007494067328377186
2014-06-10,-0.149723,0.18715,-0.187152,0.074923,0.074933,-0.127278,0.039909,0.128076,0.271973,0.654255,0.969414,0.0,72.271606,72.4681649,0.3942023745426621,71.67976015091467,73.25656964908534,72.50187135672316,-0.2008572626396159,0.0007490530933313084
2014-06-11,-0.012484,0.299781,-0.224833,-0.112294,-0.1123,0.034971,0.147383,0.226491,0.287903,0.713958,0.983838,0.0,72.190445,72.3982831,0.2971586216677897,71.80396585666442,72.99260034333558,72.4722117037019,-0.19903061595169902,-0.001123630849448931
2014-06-12,0.075223,0.338512,-0.087763,-0.374714,-0.374714,0.323467,0.443821,0.542452,0.57672,0.975917,1.247063,0.0,71.919937,72.33471345000001,0.2509803179494135,71.83275281410118,72.83667408589884,72.41961411287315,-0.21691031309418918,-0.0037541822310755402
2014-06-13,0.113014,0.376699,-0.17579,-0.150455,-0.150445,0.376688,0.450764,0.609394,0.672385,1.001491,1.286606,0.0,71.811737,72.29458815000001,0.26754223315320463,71.7595036836936,72.82967261630642,72.36172105450427,-0.23707804945262012,-0.0015055835283575543
2014-06-16,-0.213333,0.313716,-0.727822,0.062786,0.062778,0.213327,0.303668,0.476839,0.569069,0.802599,1.129782,0.0,71.856819,72.26573375,0.2824310481879863,71.70087165362402,72.83059584637597,72.3136351445515,-0.2465809534433987,0.0006275834146990225
2014-06-17,0.037697,0.263884,-0.289022,-0.138035,-0.138059,0.208614,0.398357,0.57386,0.686115,0.833891,1.180795,0.0,71.757614,72.24995385000001,0.3018992158309542,71.6461554183381,72.85375228166193,72.2606807498323,-0.25912999841116857,-0.0013815465995557733
2014-06-18,-0.43865,0.187995,-0.827176,0.263884,0.263901,-0.12282,0.12533,0.283242,0.393531,0.47725,0.858501,0.0,71.946983,72.23011664999999,0.30837837627103143,71.61335989745793,72.84687340254204,72.23080477365781,-0.25090246385987314,0.002635533080596296
2014-06-19,-0.486042,0.411269,-0.548349,0.563977,0.563974,-0.563303,-0.419982,-0.292451,-0.185065,-0.132598,0.216022,1.0,72.352745,72.21884575,0.29896382661125276,71.6209180967775,72.8167734032225,72.24241812854754,-0.20922862381129903,0.005623892367397993
2014-06-20,0.638061,0.713124,-0.125107,-0.386338,-0.386347,-0.105084,-0.046277,0.022531,0.157023,0.224707,0.511708,0.0,72.073212,72.18638385,0.2757501226136773,71.63488360477264,72.73788409522736,72.22630325916205,-0.19649273632239783,-0.0038709571998981904
2014-06-23,0.679076,0.679076,-0.201202,-0.512953,-0.512937,0.367197,0.397386,0.467806,0.610538,0.700702,0.909623,-1.0,71.703522,72.1412991,0.27737549481021734,71.58654811037957,72.69605008962043,72.17651456781329,-0.21376618360235966,-0.005142567986485813
2014-06-24,0.518917,0.544235,-0.113915,-0.641342,-0.641349,0.870773,0.901153,1.038688,1.192255,1.304138,1.44623,-1.0,71.243652,72.09305765,0.3415535941448396,71.40995046171032,72.77616483828969,72.08767051373583,-0.26154821570372633,-0.006434147295327522
2014-06-25,-0.352999,0.05043,-0.844677,0.392353,0.392352,0.358043,0.413519,0.598424,0.747608,0.862333,0.953524,0.0,71.523178,72.0578907,0.3626463715905202,71.33259795681896,72.78318344318104,72.03390932195146,-0.27370530392326486,0.003915844558344542
2014-06-26,0.788597,0.852198,-0.038167,-0.882497,-0.882515,0.839492,1.16257,1.367779,1.531433,1.665242,1.744272,-1.0,70.891975,71.9776382,0.4314264367782771,71.11478532644345,72.84049107355655,71.92515367224179,-0.3304633154465648,-0.008864325457359368
2014-06-27,-0.53151,0.215142,-0.632751,0.508769,0.508795,0.098704,0.572002,0.769425,0.905465,1.068082,1.165525,0.0,71.25267,71.89783775,0.40884633685372834,71.08014507629254,72.71553042370745,71.86110760821876,-0.34239248897112873,0.005075052587118262
2014-06-30,0.534427,1.107015,-0.203583,-0.544167,-0.544166,0.409717,0.982308,1.193536,1.344953,1.522839,1.645245,-1.0,70.864937,71.81803694999999,0.4471178484101136,70.92380125317976,72.71227264682022,71.76623421695983,-0.3787670666445564,-0.0054565225266988895
2014-07-01,-0.517149,0.163982,-0.971237,0.877978,0.877976,-0.39607,0.065585,0.239654,0.421919,0.598887,0.733262,1.0,71.487114,71.78873205,0.44871707100324865,70.89129790799349,72.6861661920065,71.73965133915414,-0.3533168803015627,0.008741440077331531
2014-07-02,0.0,0.377078,-0.150825,0.353177,0.353192,-0.68629,-0.315503,-0.155035,0.049633,0.217681,0.350662,0.0,71.739601,71.7752074,0.44576059248262967,70.88368621503474,72.66672858496526,71.73964654494898,-0.3092094593171595,0.003525700656421094
2014-07-03,-0.062519,0.200045,-0.425111,0.52791,0.527893,-0.867717,-0.871474,-0.661003,-0.483874,-0.329588,-0.197554,0.0,72.118309,71.76934689999999,0.44012514010053844,70.8890966197989,72.64959718020107,71.77570963590622,-0.24091828379584967,0.005265040689604021
2014-07-07,-0.548699,0.012464,-0.660928,0.262564,0.262549,-0.835502,-1.09863,-0.875411,-0.734493,-0.620515,-0.47802,0.0,72.307655,71.77656010000001,0.44803412068830073,70.88049185862342,72.67262834137661,71.82637109915325,-0.16956376982565757,0.0026220508174256063
2014-07-08,-0.657894,0.35998,-0.806845,0.461399,0.461419,-0.801887,-1.423787,-1.258694,-1.161248,-1.067034,-0.933469,0.0,72.641296,71.79775035,0.4789420620377545,70.8398662259245,72.7556344740755,71.90398299447199,-0.08511164896779633,0.004603573698640394
2014-07-09,-1.236677,0.159183,-1.432592,1.377855,1.377846,-1.564827,-2.437855,-2.4301,-2.411528,-2.32643,-2.215006,1.0,73.642181,71.8662791,0.6258377934745869,70.61460351305082,73.11795468694918,72.06952566166512,0.0618671539717468,0.013684397438675062
2014-07-10,-0.416621,0.367606,-0.514642,-0.073463,-0.073463,-0.990074,-2.085527,-2.209695,-2.24482,-2.168849,-2.081442,0.0,73.588081,71.9361609,0.7328256367534015,70.4705096264932,73.40181217350681,72.21414997960177,0.17200077845177475,-0.0007349032963734712
2014-07-11,-0.123221,0.50517,-0.197146,-0.551399,-0.551385,-0.150335,-1.229682,-1.591932,-1.616574,-1.574681,-1.507325,-1.0,73.182327,71.9992804,0.7839381075203921,70.43140418495922,73.56715661504079,72.3063573148778,0.22395984289110515,-0.0055291122948217366
2014-07-14,0.04919,0.516476,-0.024591,0.197137,0.19714,-0.068873,-1.141181,-1.671598,-1.706851,-1.704881,-1.679387,0.0,73.326599,72.0750235,0.8362976669476793,70.40242816610464,73.74761883389536,72.40352318965134,0.2736251401824177,0.001969464258217207
2014-07-15,0.307654,0.319954,-0.209212,-0.07378,-0.0738,0.177216,-0.739595,-1.456227,-1.537654,-1.574693,-1.569854,0.0,73.272484,72.14580674999999,0.8758326877810312,70.39414137443794,73.89747212556205,72.4862813620655,0.30510159657666236,-0.0007382720457798046
2014-07-16,-0.049419,0.321219,-0.234744,-0.393798,0.401907,-0.244238,-0.854216,-1.640155,-1.808823,-1.898256,-1.896185,0.0,73.566971,72.2362746,0.9256548356187203,70.38496492876256,74.08758427123745,72.58920418472592,0.3497775370954912,0.0040110118198694086
2014-07-17,0.733826,1.019899,-0.012442,-0.667161,-0.667166,0.285662,-0.005407,-0.837847,-1.072065,-1.190876,-1.188646,-1.0,73.076157,72.29273330000001,0.941383688744991,70.40996592251003,74.17550067748999,72.63558064332344,0.3416407322359305,-0.0066940175031537305
2014-07-18,0.0,0.248289,-0.48417,0.186568,0.186579,0.107141,-0.042174,-0.811214,-1.197584,-1.304271,-1.328182,0.0,73.212502,72.33572115,0.9636355418189602,70.40845006636208,74.26299223363792,72.69052553443548,0.3422489252122318,0.0018640548134333757
2014-07-21,0.062286,0.149481,-0.411064,-0.3352,-0.335209,0.345297,0.384395,-0.320967,-0.804023,-0.908985,-0.959598,0.0,72.967087,72.38041489999999,0.9715163635593723,70.43738217288124,74.32344762711874,72.7168647216321,0.3192478920715729,-0.003357722268236148
2014-07-22,0.237207,0.599256,-0.411986,-0.224216,-0.224218,0.441954,0.632257,0.080547,-0.505565,-0.634295,-0.710203,0.0,72.803482,72.43541289999999,0.9622709712900063,70.51087095741998,74.35995484258,72.72511398623857,0.2845378758836432,-0.002244692736235763
2014-07-23,0.425058,0.637582,-0.212524,-0.137328,-0.137333,0.342551,0.641537,0.329718,-0.268342,-0.445605,-0.553857,0.0,72.703499,72.50840525,0.9216221817687216,70.66516088646256,74.35164961353743,72.72305541612062,0.24612497002833322,-0.0013742710493847346
2014-07-24,-0.174432,0.074755,-0.510845,0.337547,0.337556,-0.029908,0.21534,0.102705,-0.506138,-0.725587,-0.853756,0.0,72.948914,72.57969204999999,0.8961937214286257,70.78730460714274,74.37207949285724,72.74456575744246,0.23280181051173088,0.0033698752693589787
2014-07-25,0.578179,0.754155,-0.238807,-0.87217,-0.872191,0.600819,0.976835,1.001392,0.467506,0.145677,0.0367,-1.0,72.31266,72.6507263,0.8072728789813796,71.03618054203724,74.26527205796276,72.70343187578128,0.16895512074218288,-0.0087601703788526
2014-07-28,0.189253,0.454203,-0.51729,-0.377069,-0.377045,0.724186,1.18041,1.358885,0.902393,0.522856,0.425873,0.0,72.040009,72.69009325,0.7528723799430903,71.18434849011382,74.19583800988619,72.64024874475449,0.09525743364932282,-0.003777572331947684
2014-07-29,0.559433,1.080735,0.0,-0.769619,-0.769613,1.136666,1.71518,2.037225,1.728384,1.290298,1.187447,-1.0,71.48558,72.72112539999999,0.6832552322283639,71.35461493554327,74.08763586445671,72.53028029287312,-0.0077964287014822276,-0.007725894199865499
2014-07-30,0.690881,1.08751,-0.025595,-0.623011,-0.623014,1.302446,1.997172,2.432739,2.334685,1.913852,1.788149,-1.0,71.040215,72.69878045,0.7313508135336197,71.23607882293277,74.16148207706723,72.3883693125995,-0.12397547836434342,-0.006249625895177179
2014-07-31,0.569066,0.892398,-0.038798,-1.074724,-1.074739,1.642533,2.70694,3.231457,3.342385,2.950113,2.814768,-1.0,70.276718,72.6256363,0.8885815484740671,70.84847320305187,74.40279939694813,72.1872596637805,-0.2744918679479156,-0.010805561833442166
2014-08-01,-0.5022,1.280598,-1.029504,3.013453,3.013469,-1.308226,-0.410556,0.139061,0.338368,0.021516,-0.190967,1.0,72.394485,72.6394451,0.882407068985034,70.87463096202994,74.40425923797007,72.20699541008712,-0.22035102368491266,0.029689559147275866
2014-08-04,0.302951,0.302951,-0.706888,-0.539863,-0.539873,-0.782624,-0.003786,0.560129,0.861898,0.606155,0.347579,-1.0,72.003647,72.62424469999999,0.8909999108867236,70.84224487822654,74.40624452177344,72.18762889484071,-0.20659982064483984,-0.00541335194610809
2014-08-05,-0.528908,0.415557,-0.541495,0.239842,0.239857,-0.828622,-0.329949,0.21826,0.588343,0.438099,0.129301,0.0,72.176353,72.60099755,0.8965795708732401,70.80783840825352,74.39415669174649,72.18655500009397,-0.17969455534969825,0.002395700965489812
2014-08-06,-2.084097,0.25898,-2.244419,2.115592,2.115578,-2.160554,-2.259209,-1.845679,-1.491448,-1.522449,-1.833885,1.0,73.7033,72.60405349999999,0.9004111502194772,70.80323119956104,74.40487580043894,72.33100690484693,-0.034759392450652626,0.020935102835759167
2014-08-07,1.098076,1.29773,-0.162212,-1.171534,-1.17154,-0.296969,-1.115538,-0.703759,-0.375062,-0.294649,-0.609943,-1.0,72.839836,72.56664125,0.8724844829535726,70.82167228409286,74.31161021590715,72.37946681867103,0.0103095971990399,-0.01178457096556004
2014-08-08,-1.11179,0.098829,-1.124146,1.010729,1.01073,-0.973432,-1.93328,-1.664393,-1.34517,-1.213067,-1.482855,1.0,73.57605,72.58632739999999,0.8913455375438536,70.80363632491228,74.3690184750877,72.49342712165475,0.10423189282543888,0.010056561822876866
2014-08-11,-0.306824,0.478645,-0.552288,0.654733,0.654733,-1.062837,-2.29872,-2.205857,-1.937529,-1.761123,-1.997426,1.0,74.057777,72.62288629999999,0.9371252598092014,70.74863578038159,74.49713681961839,72.6424128243543,0.21505827381106712,0.006525993662302585
2014-08-12,0.098258,0.540411,-0.257921,-0.073644,-0.073648,-0.496188,-1.886503,-2.025699,-1.815882,-1.615104,-1.783838,0.0,74.003235,72.65942385000001,0.9771752202252499,70.70507340954951,74.61377429045051,72.77201493632056,0.295086324169489,-0.0007367503670326914
2014-08-13,0.196362,0.392734,-0.454102,0.073698,0.073702,-0.473741,-1.551301,-1.975944,-1.855055,-1.665115,-1.740466,0.0,74.057777,72.68396415,1.0068779779094907,70.67020819418101,74.69772010581897,72.8944684661948,0.3587744852859771,0.0007367503670327499
2014-08-14,-0.439293,0.109828,-0.622325,0.576821,0.576827,-0.602809,-1.550944,-2.400648,-2.323365,-2.180919,-2.181143,1.0,74.484962,72.7544044,1.0822200241631739,70.58996435167366,74.91884444832634,73.04594404084291,0.43866145498935794,0.005751693829700505
2014-08-15,0.550262,0.550262,-0.733675,-0.207441,-0.207449,-0.193198,-1.085835,-2.016784,-2.045114,-1.915789,-1.878595,0.0,74.330444,72.81030150000001,1.134723734686789,70.54085403062643,75.07974896937358,73.16827737028645,0.4839257480049639,-0.002076640580197355
2014-08-18,-0.545856,0.497327,-0.764197,0.807047,0.807081,-0.759368,-1.487171,-2.544099,-2.698354,-2.615457,-2.547501,1.0,74.930351,72.9084647,1.2299265925875023,70.44861151482499,75.368317885175,73.33609390644965,0.5617302311595864,0.00803841665593254
2014-08-19,-0.411179,0.217682,-0.68932,0.303251,0.30323,-0.75221,-1.388327,-2.513007,-2.8359,-2.809536,-2.730513,0.0,75.157562,73.0261687,1.3280773936145818,70.37001391277083,75.68232348722917,73.50956705821635,0.6344117694583957,0.003027707815092629
2014-08-20,-0.422653,0.156991,-0.422653,0.145115,0.145111,-0.574804,-1.323511,-2.279916,-2.806422,-2.860039,-2.799516,0.0,75.266624,73.15432495,1.4160554076449643,70.32221413471008,75.98643576528993,73.6769058145767,0.6928263334308724,0.0014500596215310268
2014-08-21,-0.576364,0.228148,-0.70845,0.567566,0.567553,-0.816507,-1.503351,-2.354294,-3.173619,-3.269921,-3.255337,1.0,75.693802,73.29156935,1.5240022612802633,70.24356482743947,76.33957387256054,73.8689911655694,0.7647741504072485,0.005659485091815405
2014-08-22,-0.275806,0.323786,-0.299796,0.132085,0.132099,-0.561216,-1.340691,-2.184117,-3.071712,-3.261305,-3.268118,0.0,75.793793,73.465626,1.6030566245092503,70.2595127509815,76.6717392490185,74.05230562599135,0.8204046377772585,0.001320121486136896
2014-08-25,0.239403,0.335168,-0.275321,0.17988,0.179868,-0.476414,-1.271241,-2.014997,-2.989578,-3.278902,-3.327501,0.0,75.930122,73.66013165,1.6561008110677353,70.34793002786452,76.97233327213547,74.23114528065885,0.8655156847164136,0.0017970672150000695
2014-08-26,0.27585,0.539704,-0.05996,-0.19153,-0.191513,-0.119941,-0.84673,-1.509561,-2.519793,-2.935961,-3.031507,0.0,75.784706,73.87508795000001,1.6379021419250543,70.5992836661499,77.15089223385012,74.37910344440563,0.8793955342018762,-0.0019169654864677125
2014-08-27,0.144043,0.348097,-0.180043,-0.083952,-0.08394,0.084007,-0.543767,-1.249167,-2.128813,-2.695011,-2.855216,0.0,75.721092,74.1091318,1.5431928784085893,71.02274604318282,77.19551755681718,74.50691187827177,0.8751738375400464,-0.000839756690213822
2014-08-28,-0.012046,0.228835,-0.32518,-0.336093,-0.336103,0.361312,-0.078289,-0.684098,-1.454903,-2.233417,-2.422023,0.0,75.466591,74.36862545,1.2784859836392026,71.8116534827216,76.9255974172784,74.59830988986494,0.841590675340143,-0.003366692779984005
2014-08-29,-0.024071,0.02406,-0.613648,0.096353,0.096345,0.197332,-0.014436,-0.606426,-1.341597,-2.15666,-2.413269,0.0,75.539299,74.52586615,1.214707135734663,72.09645187853067,76.95528042146933,74.68792790035398,0.811488372473093,0.0009629823792797669
2014-09-02,0.27717,0.6146,-0.325384,-0.156417,-0.156417,0.219333,0.207277,-0.330203,-0.960476,-1.824057,-2.151928,0.0,75.421143,74.69674095,1.0733793742075,72.54998220158501,76.843499698415,74.75775790984407,0.7692306665519197,-0.0015653905428804086
2014-09-03,0.434258,0.699639,-0.156821,-0.09641,-0.096404,0.20024,0.329306,-0.115004,-0.654412,-1.524254,-1.944922,0.0,75.348434,74.855345,0.9020434654567854,73.05125806908643,76.65943193091357,74.8140127755732,0.7215564677071029,-0.0009645050027113154
2014-09-04,-0.931898,0.059741,-1.099161,0.965012,0.964999,-0.664265,-0.523287,-0.89286,-1.448019,-2.200707,-2.734359,1.0,76.075546,74.97395730000001,0.8985447621466502,73.17686777570671,76.77104682429331,74.93415879694717,0.7339852581539645,0.009603731041186836
2014-09-05,-0.39393,0.03582,-0.835618,0.083632,0.083639,-0.570607,-0.547924,-0.830842,-1.313714,-1.974451,-2.675975,0.0,76.139175,75.13892424999999,0.7813364992274664,73.57625125154506,76.70159724845492,75.04892224485697,0.7404342277843625,0.0008360427071466058
2014-09-08,0.300048,0.336051,-0.22804,-0.537182,-0.537189,0.016808,-0.019196,-0.172019,-0.638496,-1.268837,-1.999913,-1.0,75.730164,75.24662995,0.698653816085754,73.8493223178285,76.6439375821715,75.11380241201344,0.7044211843006707,-0.005386366880599774
2014-09-09,0.072304,0.361493,-0.192789,-0.396066,-0.396067,0.416923,0.312097,0.269118,-0.152419,-0.694533,-1.460407,0.0,75.430222,75.3152522,0.6407388982996467,74.03377440340071,76.5967299965993,75.1439376108693,0.6442512478470519,-0.0039685317243748726
2014-09-10,-0.526066,0.382592,-0.585841,0.783228,0.783217,-0.186503,-0.436375,-0.434384,-0.795653,-1.263971,-2.027321,1.0,76.021004,75.41614065,0.579178513673954,74.2577836226521,76.5744976773479,75.22746774316747,0.6368955740119162,0.007801653537380749
2014-09-11,0.143733,0.311417,-0.143724,-0.179341,-0.179332,-0.05749,-0.235949,-0.201213,-0.497055,-0.971604,-1.63851,0.0,75.884674,75.5074855,0.49102477830715036,74.5254359433857,76.4895350566143,75.29005881524675,0.6129991848361129,-0.00179493009605652
2014-09-12,-0.060056,0.144121,-0.480424,-0.275477,-0.275468,0.096073,0.067252,0.07286,-0.143529,-0.548167,-1.128997,0.0,75.675636,75.56701919999999,0.42875808288862277,74.70950303422275,76.42453536577723,75.32678045188992,0.5706158008968174,-0.002758481195390864
2014-09-15,-0.822705,0.453079,-0.870399,0.732646,0.732659,-0.500795,-0.569949,-0.616844,-0.745216,-1.132245,-1.680395,1.0,76.23008,75.662001,0.34204777535038877,74.97790544929923,76.34609655070078,75.41280898028135,0.5751358527860049,0.007299876222007556
2014-09-16,-0.594672,0.440051,-0.618463,0.250386,0.250379,-0.490018,-0.68745,-0.82224,-0.895583,-1.255479,-1.733278,0.0,76.420944,75.73653064999999,0.3365870742105925,75.06335650157881,76.40970479842117,75.50882183930217,0.587348567482266,0.0025006592744606982
2014-09-17,-0.166358,0.403988,-0.273294,0.09515,0.095162,-0.461042,-0.632153,-0.854742,-0.90247,-1.219128,-1.638568,0.0,76.493668,75.80333594999999,0.34802598352086117,75.10728398295826,76.49938791704172,75.60261671174959,0.5960248474581533,0.0009511714352445234
2014-09-18,-0.01188,0.296947,-0.142537,0.035644,0.035636,-0.330205,-0.609347,-0.820377,-0.855813,-1.125559,-1.550869,0.0,76.520927,75.8660511,0.35905819905650743,75.147934701887,76.58416749811302,75.6900748344401,0.5982047038784941,0.00035629281361512533
2014-09-19,0.059188,0.355151,-0.343318,0.33258,0.332572,-0.374088,-0.855926,-1.035477,-1.114005,-1.333965,-1.706328,0.0,76.775414,75.9201317,0.40964104449747507,75.10084961100505,76.73941378899495,75.79344046925533,0.613396378237681,0.0033201997141324422
2014-09-22,-0.200447,0.165074,-0.377314,0.402506,0.402509,-0.551814,-1.077702,-1.298589,-1.426718,-1.586605,-1.94867,0.0,77.084442,75.98466415,0.483663551335065,75.01733704732987,76.95199125267013,75.91639299599291,0.642960221359715,0.00401701163101821
2014-09-23,0.248697,0.568446,0.0,-0.436265,-0.436259,-0.030793,-0.472532,-0.750839,-0.941506,-1.060645,-1.402189,0.0,76.748154,76.02556575,0.512535558416555,75.0004946331669,77.0506368668331,75.99560832970786,0.6319692013401124,-0.0043721362629115705
2014-09-24,-1.067569,0.18771,-1.067569,0.947414,0.947409,-0.715623,-1.218907,-1.499297,-1.762083,-1.869546,-2.178164,1.0,77.475273,76.1100941,0.6022719322280257,74.90555023554394,77.31463796445605,76.13652877449759,0.6741598699704525,0.009429493324146066
2014-09-25,0.818208,0.948648,0.0,-1.067569,-1.06757,0.388947,-0.05336,-0.38658,-0.641531,-0.738532,-1.009925,-1.0,76.64817,76.156448,0.606418627599606,74.94361074480078,77.36928525519922,76.18525651025973,0.6335527770743141,-0.010733097107496923
2014-09-26,-0.047294,0.189165,-0.851266,0.296454,0.296444,0.118239,-0.192705,-0.617161,-0.843574,-0.970436,-1.198859,0.0,76.875389,76.2268879,0.6038850263910754,75.01911784721784,77.43465795278215,76.25098341404451,0.6126438606790714,0.0029600559990461107
2014-09-29,-0.390811,0.035527,-0.92373,-0.165524,-0.165508,0.196583,0.040261,-0.363975,-0.600436,-0.756523,-0.930058,0.0,76.748154,76.28733065,0.5918187270450065,75.10369319590998,77.47096810409002,76.29833299365932,0.5791307340368803,-0.0016564522156951133
2014-09-30,0.716501,0.740391,-0.071648,-0.828996,-0.829005,0.866974,0.83593,0.528627,0.275858,0.082642,-0.050151,-1.0,76.111908,76.3218689,0.5577857046913002,75.2062974906174,77.4374403093826,76.28057823235842,0.49551956377263195,-0.008324603116598064
2014-10-01,1.058453,1.082514,-0.132307,-0.716502,-0.7165,1.08973,1.440946,1.214021,1.013953,0.793362,0.6892,-1.0,75.566566,76.3327755,0.5395856520731349,75.25360419585373,77.41194680414627,76.21257706737191,0.3808622245197455,-0.00719079425673725
2014-10-02,0.060199,1.107764,-0.120417,-0.108246,-0.108252,0.89103,1.413609,1.288386,1.084288,0.890068,0.807948,0.0,75.484764,76.30323639999999,0.5697370659683599,75.16376226806327,77.44271053193671,76.14326153714602,0.2801651498969022,-0.0010831021216018278
2014-10-03,-0.41771,0.190949,-1.086053,0.891027,0.891041,-0.188574,0.436799,0.436006,0.192735,0.035317,-0.062069,1.0,76.157364,76.30414585000001,0.5694758547883824,75.16519414042325,77.44309755957677,76.1446046288464,0.25173336607677754,0.008870943973737038
2014-10-06,0.0,0.442745,-0.454706,-0.262562,-0.26258,-0.134011,0.55284,0.676491,0.471471,0.320698,0.208218,0.0,75.95739,76.31550715,0.5596030128195767,75.19630112436084,77.43471317563916,76.12677466419436,0.21063665378376584,-0.0026292533753988208
2014-10-07,0.264542,0.913894,-0.048101,-0.490602,-0.490595,0.218853,0.894659,1.099086,0.977031,0.823951,0.687027,0.0,75.584747,76.3232334,0.5476765184521958,75.22788036309562,77.41858643690439,76.07515298189014,0.14631145009225577,-0.004918021594096288
2014-10-08,-0.997866,0.118792,-1.152294,1.226546,1.226542,-0.748391,-0.453784,-0.12433,-0.214413,-0.336892,-0.5013,1.0,76.511826,76.34777449999999,0.5444079862895302,75.25895852742093,77.43659047257904,76.1167408883768,0.1682018637232403,0.012190813550163665
2014-10-09,0.657417,1.458275,-0.155397,-0.617719,-0.617716,0.014342,0.084865,0.454218,0.415971,0.280658,0.131084,-1.0,76.0392,76.3555008,0.538554756532743,75.27839128693452,77.43261031306548,76.10935604186471,0.14573328336319946,-0.006196320333907352
2014-10-10,-0.873781,0.696655,-0.921004,1.231171,1.23117,-0.989492,-1.119375,-0.750185,-0.72086,-0.895499,-1.02137,1.0,76.975372,76.4204876,0.5305578873482965,75.35937182530341,77.48160337469659,76.1918337521633,0.2011493040684229,0.012236529750441347
2014-10-13,1.127498,1.319417,-0.071974,-1.558624,-1.558628,0.53017,0.317863,0.706094,0.821045,0.676028,0.55616,-1.0,75.775612,76.39776420000001,0.548568673046344,75.30062685390732,77.4949015460927,76.15219358529062,0.14656676411874514,-0.015709027083141307
2014-10-14,0.430881,0.430881,-0.622387,0.215905,0.215907,0.406942,0.078996,0.418115,0.572117,0.48594,0.36226,0.0,75.939217,76.37367785,0.5579921419123209,75.25769356617536,77.48966213382465,76.13191010097722,0.11518350046451076,0.0021567445251911253
2014-10-15,-0.433998,0.7595,-1.434593,-0.71814,-0.71813,0.836646,0.779986,0.960417,1.226642,1.179506,1.090214,-1.0,75.393875,76.3186882,0.598282108026624,75.12212398394675,77.51525241605324,76.0616210437413,0.04577977537398681,-0.0072072056862915275
2014-10-16,-0.717408,0.68094,-0.814686,-0.855936,-0.855958,1.361882,1.551574,1.662632,1.982024,1.99224,1.903797,-1.0,74.748535,76.2300686,0.6908537816229756,74.84836103675404,77.61177616324595,75.93656523005166,-0.06059818331941358,-0.008596424876014365
2014-10-17,-0.384292,0.252199,-1.489129,1.252431,1.252439,-0.232972,0.232985,0.300239,0.648504,0.731129,0.623286,1.0,75.684715,76.17553365,0.6885846556667562,74.79836433866649,77.55270296133352,75.91257949385626,-0.06857113462257303,0.012446611183454354
2014-10-20,-1.104775,0.178192,-1.603704,1.092834,1.092838,-1.119033,-0.778093,-0.804623,-0.47695,-0.343068,-0.430422,1.0,76.511826,76.14690284999999,0.6601200622123876,74.82666272557522,77.46714297442476,75.96965058967947,-0.008055946787465018,0.010869092520267722
2014-10-21,-0.165465,0.035454,-1.122795,0.510811,0.510811,-1.371,-1.11098,-1.240199,-0.972696,-0.824484,-0.872627,0.0,76.902657,76.154628,0.6683790000002714,74.81786999999946,77.49138600000055,76.05850834304333,0.07062544478462485,0.0050951101598689435
2014-10-22,-0.201834,0.427393,-0.368046,-0.449117,0.314421,-1.226293,-1.338928,-1.413389,-1.304524,-1.101592,-1.134784,0.0,77.144455,76.13808709999999,0.6373490125278255,74.86338907494434,77.41278512505565,76.16193183418206,0.1507542906626469,0.003139275971335842
2014-10-23,1.237533,1.321638,-1.117386,-1.187225,-1.187235,0.348787,-0.128673,-0.163821,-0.146221,0.071331,0.068119,-1.0,76.228569,76.11710705,0.6264881513152198,74.86413074736956,77.37008335263045,76.16827823092662,0.13875317229741313,-0.011943389564429639
2014-10-24,-0.070463,0.951147,-0.293565,2.318877,2.318887,-1.332727,-2.261205,-2.269266,-2.337388,-2.13401,-2.100583,1.0,77.996223,76.17314875,0.7380818834227152,74.69698498315456,77.64931251684543,76.3423682089336,0.2687787898483265,0.022924088753203942
2014-10-27,-1.15183,0.616645,-1.303077,0.927657,0.927663,-1.678652,-2.785554,-2.933603,-3.109811,-2.950436,-2.894988,1.0,78.719765,76.27172929999999,0.9265326777709285,74.41866394445813,78.12479465554185,76.56878695093992,0.4253061564212999,0.00923386503508073
2014-10-28,-0.312252,0.208166,-0.346945,0.605008,0.605003,-1.690761,-2.958934,-3.213332,-3.49776,-3.410422,-3.362141,1.0,79.196022,76.42593500000001,1.1323276038334231,74.16127979233316,78.69059020766686,76.81899981275517,0.5810867751730768,0.006031802810906732
2014-10-29,0.150216,0.150216,-0.727984,0.080953,0.08097,-1.236437,-2.549649,-3.060472,-3.342831,-3.39849,-3.32398,0.0,79.260147,76.61061405000001,1.2767818467221357,74.05705035655573,79.16417774344428,77.0514900210642,0.70163043060343,0.0008093721299119369
2014-10-30,-0.897168,0.069011,-1.460782,0.462215,0.462191,-0.83735,-2.38538,-3.206114,-3.527445,-3.693305,-3.638746,0.0,79.62648,76.81769985,1.4131615231610828,73.99137680367784,79.64402289632216,77.29672716191523,0.8173008224009521,0.004611258430614413
2014-10-31,-0.217709,0.103133,-0.641684,0.379566,0.379571,-0.728765,-2.223522,-3.325794,-3.656322,-3.904672,-3.871618,0.0,79.928719,77.00626759999999,1.5639815100264258,73.87830457994714,80.13423062005283,77.54739305125663,0.9227220373716563,0.003788524139546353
2014-11-03,-0.823979,0.011447,-1.350423,0.126046,0.126045,-0.526429,-1.907066,-3.093136,-3.523194,-3.861638,-3.869966,0.0,80.029465,77.20987134999999,1.6809335387107442,73.84800427257849,80.57173842742148,77.78378085589887,1.0028383734612873,0.001259654377188847
2014-11-04,-1.297384,0.259481,-1.353787,1.44198,1.441986,-1.450814,-2.774144,-4.040005,-4.549782,-4.978352,-5.054332,1.0,81.183479,77.48980795,1.853395919762795,73.7830161104744,81.19659978952559,78.10756163152755,1.1462373219820847,0.014316886512102688
2014-11-05,-0.292137,0.55056,-0.7191,0.406138,0.406142,-1.296637,-2.631466,-3.927685,-4.629094,-5.070902,-5.273263,0.0,81.513199,77.7398766,2.0422767548538614,73.65532309029228,81.82443010970772,78.43190804757253,1.271826842082632,0.004053192178842525
2014-11-06,0.202475,0.337452,-0.371206,-0.112357,-0.112373,-0.744652,-1.884132,-3.273225,-4.191275,-4.672448,-4.971275,0.0,81.4216,78.0089966,2.15774330619591,73.69350998760818,82.32448321239183,78.71664061447039,1.3484223938185664,-0.0011243639813237733
2014-11-07,-0.437562,0.078537,-0.987319,0.258712,0.258723,-0.583417,-1.691908,-3.037115,-4.153279,-4.650174,-5.022262,0.0,81.632256,78.2418408,2.2876851983670052,73.66647040326599,82.81721119673402,78.99431827023513,1.409870983995532,0.0025838839064676543
2014-11-10,-0.592509,0.055901,-1.330347,0.359026,0.359019,-0.476236,-1.652311,-2.943461,-4.120831,-4.699889,-5.151384,0.0,81.925331,78.54932675,2.3511635545016585,73.84699964099669,83.25165385900333,79.27346233973654,1.4653267628065976,0.003583756877889165
2014-11-11,-0.323409,0.133827,-0.5576,0.245949,0.245946,-0.490682,-1.536737,-2.757509,-3.979353,-4.615067,-5.139957,0.0,82.126823,78.85870704999999,2.3963010338466697,74.06610498230665,83.65130911769333,79.54521097404734,1.5081495779684673,0.0024564395700464783
2014-11-12,0.134103,0.447021,-0.06706,-0.211882,-0.211881,-0.172108,-0.999106,-2.159884,-3.375306,-4.146969,-4.678787,0.0,81.952812,79.1866539,2.3454362833954168,74.49578133320917,83.87752646679083,79.77450630985234,1.51063210747742,-0.002121056220509948
2014-11-13,0.383752,1.399546,-0.158012,-0.983466,-0.983465,0.751695,0.171562,-0.784041,-2.021356,-2.943153,-3.49944,-1.0,81.146835,79.5065689,2.1351550450253436,75.23625880994932,83.77687899005069,79.90520428034259,1.4310674669789876,-0.0098833268554181
2014-11-14,0.669613,0.885255,-0.204291,-0.553044,-0.553052,1.080471,0.823978,-0.009069,-1.165846,-2.218869,-2.775215,-1.0,80.698051,79.7572357,1.9490245836919589,75.85918653261608,83.65528486738391,79.98071349173854,1.3166216037169107,-0.005545867544520112
2014-11-17,0.182154,0.387072,-0.535056,-0.306441,-0.30643,1.024589,1.18625,0.441717,-0.617254,-1.68587,-2.290198,0.0,80.450768,79.9541828,1.7968946818447589,76.36039343631047,83.54797216368952,80.02548058776344,1.1922255273296258,-0.0030690041121818772
2014-11-18,0.079591,0.261516,-0.523023,0.125229,0.125236,0.5071,0.981234,0.42827,-0.515068,-1.579804,-2.206881,0.0,80.551521,80.136626,1.6499931777815304,76.83663964443694,83.43661235556307,80.07557967464311,1.0892148745779906,0.0012515724313944267
2014-11-19,-0.552243,0.157782,-0.901615,0.886874,0.886878,-0.545489,0.063097,-0.290033,-1.136043,-2.155969,-2.871561,1.0,81.265915,80.34269900000001,1.5078733189406044,77.3269523621188,83.35844563788122,80.18894494372472,1.0530845127403694,0.008829686825272137
2014-11-20,-0.158245,0.37301,-0.158245,-0.293026,-0.293043,-0.282577,0.308582,0.118312,-0.549333,-1.558422,-2.380876,0.0,81.027771,80.5826591,1.1605715010044275,78.26151609799115,82.90380210200885,80.26883313956047,0.9937790439189769,-0.00293473118751934
2014-11-21,0.744926,0.936797,-0.158012,0.146939,0.146942,-0.318279,0.101583,0.071487,-0.501123,-1.433616,-2.352754,0.0,81.146835,80.7401897,0.9927082286659334,78.75477324266814,82.72560615733187,80.35245236436423,0.9454875108661014,0.0014683435875546247
2014-11-24,0.873903,0.885255,-0.283736,-0.553044,-0.553052,0.297365,0.506192,0.683245,0.174791,-0.677961,-1.606384,-1.0,80.698051,80.83910399999999,0.8720182833892567,79.09506743322147,82.58314056677851,80.38536652013906,0.8610770446751985,-0.005545867544520112
2014-11-25,-0.495498,0.022519,-0.810812,0.783114,0.783134,-0.290551,-0.372761,-0.0871,-0.472422,-1.231993,-2.150007,1.0,81.330025,80.94580415,0.7867818655113976,79.3722404189772,82.5193678810228,80.47533399441153,0.8355445250706452,0.007800835761224514
2014-11-26,-0.05625,0.0,-0.483798,0.090083,0.090074,-0.346533,-0.529925,-0.186017,-0.430353,-1.111607,-1.991989,0.0,81.403282,81.0529609,0.6844007347398923,79.68415943052021,82.4217623694798,80.56370999494376,0.8118624025876215,0.0009003320377246955
2014-11-28,-1.481814,0.143755,-1.614507,1.743928,1.74394,-1.621153,-2.032522,-1.78408,-1.944056,-2.488122,-3.346927,1.0,82.822906,81.2127822,0.7066110330604753,79.79956013387906,82.62600426612096,80.77887151923484,0.8973023989033493,0.017289074038798938
2014-12-01,0.099907,0.654969,-0.621675,-0.387037,-0.387048,-0.910302,-1.433172,-1.332153,-1.407086,-1.890766,-2.695929,0.0,82.502342,81.34146335,0.6947037724507376,79.95205580509852,82.73087089490147,80.943011565022,0.9284448416133557,-0.00387798482831237
2014-12-02,-0.691773,0.109803,-1.04315,1.099021,1.099018,-1.337427,-2.149991,-2.286153,-2.27627,-2.732401,-3.478055,1.0,83.409058,81.510443,0.7661310462904493,79.9781809074191,83.04270509258089,81.177873130258,1.0145942444019624,0.010930231763373235
2014-12-03,0.933329,1.077779,-0.400001,-1.17492,-1.174937,0.102239,-0.758871,-1.099983,-1.038872,-1.419093,-2.107018,-1.0,82.429054,81.57272175,0.7884544067753388,79.99581293644933,83.14963056355067,81.29703321309057,0.9923509304112343,-0.011818940724808337
2014-12-04,-0.088322,0.397439,-0.529923,0.644447,0.644457,-0.163388,-1.190105,-1.652311,-1.585335,-1.871932,-2.500178,1.0,82.960274,81.64507549999999,0.8469326595251576,79.95121018094967,83.33894081905031,81.45543709755813,1.005991514259975,0.006423894857286136
2014-12-05,-0.066383,0.044259,-1.294532,-0.220805,-0.220789,0.046462,-0.76013,-1.303391,-1.285689,-1.502551,-2.020732,0.0,82.777107,81.71285085000001,0.881633881589843,79.94958308682033,83.4761186131797,81.58131042160021,0.9906026780815154,-0.002210329057543009
2014-12-08,-0.462766,0.264431,-0.484797,0.420453,0.420442,-0.222569,-0.937639,-1.521963,-1.609191,-1.761129,-2.225283,0.0,83.125137,81.7874949,0.9359742933324243,79.91554631333516,83.65944348666484,81.72834152430494,0.9950200551145514,0.004195609440157682
2014-12-09,-0.264577,0.077169,-0.926024,-0.055094,-0.055087,-0.246948,-0.596409,-1.256756,-1.485508,-1.560141,-1.996476,0.0,83.079346,81.84519565000001,0.9794789866610402,79.88623767667792,83.8041536233221,81.85700861722827,0.9834888598542335,-0.0005510200487022839
2014-12-10,1.055552,1.22222,-0.044446,-0.782713,-0.782736,0.540015,0.321127,-0.325909,-0.689983,-0.723094,-1.092575,-1.0,82.429054,81.8603072,0.9863599228484089,79.88758735430318,83.83302704569681,81.9114891298732,0.9113714520593561,-0.0078581551911987
2014-12-11,-0.453494,0.962277,-0.475612,0.45556,0.455566,0.046459,0.035399,-0.654052,-1.088923,-1.110934,-1.398438,0.0,82.804573,81.90289525,1.008699474664998,79.88549630067,83.92029419933,81.99654473655195,0.874439141655273,0.004545317479662229
2014-12-12,0.513678,1.585704,-0.022338,-0.951223,-0.951217,0.821885,0.89782,0.38042,-0.085985,-0.132217,-0.354364,-1.0,82.016922,81.9463996,0.9930161498211412,79.96036730035772,83.9324318996423,81.99848542830891,0.7727058939978804,-0.009557697507314342
2014-12-15,0.560538,1.569508,-0.190581,-0.39085,-0.390851,0.867716,1.195072,0.81914,0.367161,0.262788,0.108753,0.0,81.696358,81.99631495,0.9511725764495164,80.09396979710097,83.89866010289903,81.96971138751759,0.6586225359301494,-0.0039161686784450435
2014-12-16,-0.246197,1.790508,-1.096692,0.179377,0.179378,0.384956,0.822515,0.731873,0.272496,0.079232,0.00336,0.0,81.842903,82.0659217,0.8804237613797662,80.30507417724047,83.82676922275954,81.9576343982302,0.5734255170915645,0.0017921695173081416
2014-12-17,-1.25689,0.507174,-1.433291,1.499548,1.499556,-0.943774,-0.589859,-0.616687,-1.057333,-1.353915,-1.398384,1.0,83.070183,82.1918548,0.8311603289962133,80.52953414200758,83.85417545799243,82.06359140792256,0.598043630342346,0.014884236143640601
2014-12-18,-1.076085,0.0,-1.576084,1.4333,1.433307,-1.997837,-1.840229,-1.794939,-2.277729,-2.638272,-2.682982,1.0,84.260834,82.34160075,0.9205420537986629,80.50051664240267,84.18268485759732,82.27285260716802,0.7054967204352067,0.014231325626938003
2014-12-19,0.108636,0.738729,-0.315047,0.054351,0.054354,-1.507889,-1.712129,-1.73096,-2.136355,-2.541244,-2.62178,0.0,84.306633,82.50554385000001,0.9651346269393047,80.5752745961214,84.43581310387862,82.46654597791392,0.7852972471981587,0.0005433907496153321
2014-12-22,-0.539957,0.140394,-0.647946,0.597496,0.597489,-1.35853,-2.097196,-2.133195,-2.501624,-2.926138,-3.075238,1.0,84.810356,82.6887199,1.0385519300316117,80.61161603993678,84.76582376006321,82.68976598001737,0.8790528023862407,0.00595711279653938
2014-12-23,-0.589563,0.203668,-0.632441,0.745144,0.745142,-1.245577,-2.544759,-2.698402,-2.945123,-3.410446,-3.654917,1.0,85.442314,82.92593305,1.0999360829167915,80.72606088416642,85.12580521583358,82.9519134104919,0.9929029176773554,0.007423800195467178
2014-12-24,0.386516,0.805239,0.0,-0.160791,-0.160799,-0.562584,-2.050672,-2.316939,-2.555827,-3.031991,-3.37556,0.0,85.304924,83.12467799999999,1.1541689349270314,80.81634013014593,85.43301586985405,83.1760096571117,1.0598267069489822,-0.0016092796728089168
2014-12-26,-0.331689,0.374491,-0.427992,0.343569,0.34358,-0.590629,-2.05971,-2.445973,-2.644454,-3.161574,-3.564456,0.0,85.598015,83.33441465,1.2049113345049158,80.92459198099017,85.74423731900983,83.40667683262488,1.123562556584048,0.0034299151208228183
2014-12-29,0.518139,0.852764,-0.151122,-0.877381,-0.877384,0.416666,-0.859242,-1.419837,-1.663433,-2.124357,-2.565491,-1.0,84.846992,83.43561895,1.244055720750065,80.94750750849988,85.92373039150013,83.54384970570823,1.100783252946755,-0.00881255337016562
2014-12-30,-0.16234,0.454543,-0.32468,-0.259064,-0.259076,0.634205,-0.255404,-1.045451,-1.282464,-1.705624,-2.157644,0.0,84.627174,83.54186055,1.2508706464879038,81.04011925702419,86.0436018429758,83.64702344802173,1.0528563426560282,-0.0025941195458816244
2014-12-31,1.04293,1.602818,-0.065866,-1.417755,-1.417746,1.59842,1.36898,0.40546,0.138324,-0.161159,-0.631609,-1.0,83.427376,83.54277645,1.2507749919255802,81.04122646614884,86.04432643385117,83.62610464344823,0.9075980244207784,-0.01427891580730525
2015-01-02,0.442276,0.619193,-0.574971,-0.713573,-0.713572,1.73153,2.068771,1.15951,0.882345,0.628917,0.174325,-1.0,82.832062,83.56292685,1.23503547976958,81.09285589046084,86.03299780953915,83.5504815345484,0.7359592164082898,-0.007161296240873348
2015-01-05,0.244418,1.099876,-0.177762,-0.475453,-0.475456,1.450947,2.335295,1.613151,1.332625,1.159866,0.700287,0.0,82.438232,83.53682475000001,1.2538165261778902,81.02919169764422,86.0444578023558,83.44455300744856,0.561680729032048,-0.004765898770016233
2015-01-06,0.792411,1.071429,-0.37946,-0.455509,-0.455514,1.236612,2.53014,2.081852,1.752795,1.585718,1.203129,0.0,82.062714,83.50110509999999,1.2863529703184955,80.928399159363,86.07381104063698,83.31294929245345,0.38878098275114326,-0.004565550064159295
2015-01-07,-0.14433,0.333078,-0.566228,0.524556,0.524548,0.190972,1.714233,1.613572,1.183534,1.055189,0.729443,0.0,82.493172,83.46950684999999,1.3037190417073008,80.86206876658538,86.0769449334146,83.23487526460075,0.28322619597547316,0.005231766451089024
2015-01-08,-0.680565,0.142706,-1.064765,1.143553,1.14357,-0.939631,0.323816,0.592022,0.060918,-0.086064,-0.300041,1.0,83.436539,83.4873665,1.300535628577547,80.8862952428449,86.08843775715509,83.25408133463877,0.2725532753281641,0.01137080464607134
2015-01-09,1.030471,1.030471,-0.144041,-0.933038,-0.93304,-0.048759,0.948473,1.506184,1.01717,0.866034,0.692515,-1.0,82.658043,83.49881595000001,1.291706252754212,80.91540344449159,86.08222845550843,83.19731577895888,0.1989830352161306,-0.009374197418317045
2015-01-12,0.622781,0.778475,-0.455956,-0.365653,-0.365668,0.298051,0.925278,1.724509,1.360667,1.206862,1.100619,0.0,82.355789,83.47637675,1.3081940706974442,80.85998860860511,86.09276489139489,83.11717037143899,0.11496349056749011,-0.0036633818434067033
2015-01-13,0.531557,1.3289,-0.586939,0.422603,0.422621,0.030996,0.241406,1.16721,0.975627,0.777397,0.670346,0.0,82.703842,83.51072274999999,1.2764933797814402,80.9577359904371,86.06370950956287,83.07780576463527,0.07559099842889339,0.004217306360789242
2015-01-14,-0.288915,0.188917,-0.622289,-0.343306,-0.343297,0.357808,0.318912,1.322357,1.367362,1.09033,1.013802,0.0,82.419922,83.54690095,1.2318369084408316,81.08322713311833,86.01057476688166,83.01515016800334,0.021233279534783378,-0.0034388784863259945
2015-01-15,0.701087,0.712218,-0.578684,-0.144457,-0.14447,0.22702,0.327173,1.214479,1.541841,1.19875,1.115063,0.0,82.30085,83.5697983,1.2024004367272454,81.16499742654551,85.9745991734545,82.94712158057446,-0.031095272641906035,-0.0014457438402500512
2015-01-16,-1.424661,0.098626,-1.512325,1.54685,1.546832,-1.080534,-1.112315,-0.465373,0.025221,-0.287986,-0.37953,1.0,83.573906,83.59498445,1.1966462779646045,81.20169189407079,85.9882770059292,83.00681533480547,0.02981526081102004,0.01534990648386591
2015-01-20,0.065794,0.657966,-0.756664,-0.065751,-0.065729,-0.736929,-0.917874,-0.565861,0.046597,-0.188188,-0.291709,0.0,83.518974,83.55789145,1.1863741339644545,81.18514318207109,85.93063971792891,83.05559235053828,0.07281537379196834,-0.0006575026054846605
2015-01-21,-0.363718,0.506998,-1.212395,-0.50444,0.203198,-0.702862,-0.924511,-0.859771,-0.193203,-0.310689,-0.457595,0.0,83.688683,83.52699394999999,1.1738283641188383,81.17933722176231,85.87465067823767,83.11588669810607,0.11921315605574989,0.002029919697695021
2015-01-22,-0.633052,0.076401,-1.910063,0.980932,0.980943,-1.172901,-1.648338,-1.832106,-1.180533,-1.145927,-1.369955,1.0,84.509621,83.5119572,1.1583473533850417,81.19526249322992,85.82865190677008,83.24862329828645,0.21969407200539592,0.00976162659615488
2015-01-23,1.210031,1.232238,-0.144322,-1.680857,-1.680841,0.706371,-0.008751,-0.180989,0.367256,0.604054,0.316593,-1.0,83.089149,83.39429895,1.0679351289584924,81.25842869208302,85.530169207917,83.23343526987821,0.1826007945071808,-0.01695127015189019
2015-01-26,0.413033,0.413033,-0.937714,-0.555062,-0.555089,1.039529,0.545744,0.359718,0.765503,1.144204,0.884571,-1.0,82.62793,83.26044925,0.980003807609227,81.30044163478154,85.22045686521845,83.17576810131838,0.11466579026206603,-0.005566356752877908
2015-01-27,0.705284,0.832467,-0.543417,-3.449435,-3.449417,3.711409,3.814741,3.722898,4.000724,4.532956,4.362358,-1.0,79.777748,82.9694359,1.105463959736677,80.75850798052664,85.18036381947334,82.85214713928806,-0.167231318935805,-0.035103140512314626
2015-01-28,1.738103,2.066943,-0.164416,-1.549307,-1.549314,4.032884,4.918547,5.056319,5.235984,5.88439,5.857216,-1.0,78.54174,82.6541733,1.4013231471928618,79.85152700561427,85.45681959438572,82.44163217364158,-0.4847840361827451,-0.015614415232149927
2015-01-29,0.128401,0.513602,-0.606976,0.610682,0.610669,2.012389,3.851651,4.125766,4.24254,4.948678,5.101864,1.0,79.02137,82.3738831,1.5397146151202201,79.29445386975956,85.45331233024044,82.11589291900906,-0.6897932131006286,0.0060881189951627135
2015-01-30,0.949098,1.103334,-0.047456,-1.610829,-1.610806,2.308683,4.966363,5.342759,5.583967,6.271043,6.647028,-1.0,77.748489,82.08993875,1.831243986680372,78.42745077663926,85.75242672336074,81.69994968862724,-0.9440924119610656,-0.016239205428997042
2015-02-02,-0.6344,0.023492,-1.691733,0.984698,0.984678,0.263164,3.29841,3.96372,4.27946,4.88885,5.413706,1.0,78.514061,81.8740387,1.9870572577937038,77.8999241844126,85.8481532155874,81.39653171828179,-1.0714995174846536,0.009798612980318604
2015-02-03,0.0,0.058177,-0.965671,0.975087,0.975095,-0.830713,1.766148,2.701089,3.07325,3.557171,4.186313,1.0,79.279648,81.7161095,2.0638906890358792,77.58832812192824,85.84389087807176,81.1949237451121,-1.0980366113565907,0.00970372028502251
2015-02-04,0.116561,0.804292,-0.279751,-0.18615,-0.186165,-0.496552,1.380129,2.591726,3.080319,3.461437,4.162661,0.0,79.132057,81.56957665,2.1405976276958456,77.28838139460831,85.8507719053917,80.99846024557762,-1.118088185058454,-0.0018633855712305916
2015-02-05,-0.530564,0.092275,-0.69204,1.060725,1.060751,-1.303352,-0.251448,1.310794,1.840706,2.142619,2.867659,1.0,79.971451,81.4434906,2.1575330607066134,77.12842447858678,85.75855672141323,80.90064984123688,-1.0540961566475744,0.010551644002298155
2015-02-06,1.10968,1.168088,-0.537319,-1.257204,-1.25723,0.26166,0.496449,2.31918,2.854315,3.217149,3.90403,-1.0,78.966026,81.21996495,2.17171220163833,76.87654054672335,85.56338935327666,80.71639995159528,-1.0721523035433336,-0.012651999147490333
2015-02-09,0.305697,0.446792,-0.540867,-0.654127,-0.65411,0.905341,0.625508,2.557393,3.263293,3.673289,4.296864,-1.0,78.449501,81.00953784999999,2.228194390322411,76.55314906935516,85.46592663064482,80.50050481334812,-1.115284871013884,-0.006562590916328856
2015-02-10,-0.070262,0.210799,-0.667524,0.39976,0.399765,0.372401,0.096023,1.746491,2.624057,3.073848,3.592321,0.0,78.763115,80.82990415,2.258560472126963,76.31278320574607,85.34702509425394,80.33503911683877,-1.111350752980698,0.003989685102601207
2015-02-11,0.361978,0.653898,-0.572159,0.292774,0.292784,0.04436,-0.138969,1.053232,2.089631,2.617541,3.042912,0.0,78.993721,80.6443981,2.2488884777500564,76.14662114449989,85.14217505550012,80.2072945342827,-1.0772075806984844,0.0029235647734915473
2015-02-12,0.03487,0.13949,-0.720673,0.455395,0.455386,-0.564922,-0.549813,0.161955,1.433621,1.994088,2.354267,0.0,79.353447,80.49107435,2.2258811915452257,76.03931196690955,84.94283673309046,80.12597572149386,-1.0094852710107318,0.004543518187015088
2015-02-13,0.151335,0.291036,-0.46566,-0.151107,-0.15112,-0.346906,-0.211871,-0.010861,1.393577,1.936272,2.332745,0.0,79.233528,80.33770825,2.2001448063001665,75.93741863739967,84.73799786260034,80.0409807003992,-0.9544885637509708,-0.0015123439091564888
2015-02-17,0.666745,0.666745,-0.573164,-0.477304,-0.477319,0.233969,0.31,0.149748,1.580678,2.232271,2.65544,0.0,78.855331,80.1017795,2.0848239246337936,75.93213165073242,84.2714273492676,79.92806168131357,-0.9306921741457472,-0.004784622064894634
2015-02-18,-0.579643,0.150704,-0.857877,0.900695,0.900722,-0.459084,-0.549509,-0.762045,0.425451,1.179392,1.618707,1.0,79.565598,79.9041107,1.9250719521484863,76.05396679570303,83.75425460429697,79.89354133071227,-0.8447826247496835,0.008966892992888737
2015-02-19,1.056216,1.279197,-0.187767,-1.217254,-1.217242,0.666573,0.607897,0.465501,1.339031,2.217164,2.723917,-1.0,78.597092,79.64953115,1.7244561895014185,76.20061877099717,83.09844352900284,79.77006996588253,-0.8451071587014809,-0.012247112206165391
2015-02-20,0.094255,0.212089,-0.801227,-0.39901,-0.399034,0.796515,0.795339,0.805158,1.34736,2.415321,2.956212,0.0,78.283463,79.33822325,1.314066619095662,76.71009001180867,81.96635648819132,79.6284883500842,-0.8607494099890403,-0.003998321115334345
2015-02-23,-0.503572,0.128822,-0.866609,0.612697,0.612712,0.063234,0.155753,0.277154,0.455551,1.611967,2.131444,1.0,78.763115,79.12192155,0.9769508827214904,77.16801978455702,81.07582331544297,79.54607184055236,-0.8249327873797085,0.006108423342155599
2015-02-24,0.011698,0.280699,-0.573097,0.128822,0.12882,-0.063157,0.07953,0.177773,0.087715,1.242382,1.839711,0.0,78.864578,78.93375395000001,0.5231592821359796,77.88743538572805,79.98007251427197,79.48116766526165,-0.7793764729435821,0.001287375486909914
2015-02-25,0.280831,0.397852,-0.257432,-0.046785,-0.046784,-0.203604,0.134564,0.186438,0.0743,1.051717,1.738187,0.0,78.827682,78.88625065,0.48417108150448496,77.91790848699102,79.85459281300896,79.41893093523673,-0.7377456912862783,-0.0004679494183580438
2015-02-26,0.293531,0.692737,-0.328753,-0.339341,-0.33934,0.126804,0.420333,0.47904,0.416222,1.134669,1.908785,0.0,78.560188,78.88717305,0.4834973104189947,77.92017842916201,79.854167670838,79.3371458937856,-0.7180601764119103,-0.0033991724719372
2015-02-27,-0.129214,0.293669,-0.657814,-0.046966,-0.046974,0.234943,0.361805,0.403311,0.431698,0.877253,1.791265,0.0,78.523285,78.86226880000001,0.48901752162386863,77.88423375675227,79.84030384324775,79.25963533247268,-0.6973978593290155,-0.0004698521107805083
2015-03-02,-0.327839,0.0,-0.667378,0.328917,0.328928,-0.088992,-0.024599,0.05853,0.168,0.327817,1.308638,0.0,78.78157,78.91392284999999,0.4139837670637307,78.08595531587252,79.74189038412746,79.21410530080861,-0.6526579486876756,0.003283881252227259
2015-03-03,0.223102,0.32879,-0.728045,-0.292706,-0.292716,0.124472,0.230156,0.360888,0.464417,0.414746,1.392905,0.0,78.550964,78.915768,0.4121860952090962,78.09139580958181,79.74014019041819,79.15094898644588,-0.6285635349522778,-0.0029314491958882254
2015-03-04,0.818024,1.055127,-0.165974,-0.951158,-0.951161,0.822771,0.966222,1.242451,1.334328,1.277541,2.121722,-1.0,77.803818,78.8419765,0.4714574604489015,77.8990615791022,79.78489142089781,79.02265079726055,-0.6621244183795341,-0.009557132533903707
2015-03-05,-0.011809,0.153616,-0.638073,0.331949,0.331961,0.361572,0.563628,0.827915,0.930519,0.917874,1.543579,0.0,78.062096,78.78847845,0.49683189330891614,77.79481466338217,79.78214223661783,78.93116938799764,-0.6602696071800125,0.003314108001773915
2015-03-06,2.032412,2.068714,-0.350836,-2.327772,-2.327774,2.155814,2.692953,2.959101,3.091571,3.177344,3.602298,-1.0,76.244987,78.60215525,0.690750723525694,77.2206538029486,79.98365669705139,78.67534249390262,-0.7962465316569904,-0.023552943468155
2015-03-09,-0.361048,0.144425,-0.493436,0.520194,0.520194,1.068722,1.884706,2.200827,2.406428,2.58563,2.785734,0.0,76.641609,78.48593439999999,0.8113273281664027,76.86327974366719,80.10858905633279,78.48165358972142,-0.8620677627240525,0.005188458637124353
2015-03-10,1.140545,1.64336,0.0,-1.865441,-1.865429,2.102022,3.335771,3.820605,4.13783,4.36005,4.410905,-1.0,75.211914,78.32405505,1.093053962721808,76.13794712455638,80.51016297544362,78.17024981927176,-1.0178627128452575,-0.018830478443085403
2015-03-11,0.172011,0.479174,-0.712619,-0.183961,-0.18397,1.562846,3.026167,3.613053,4.084035,4.328289,4.394472,0.0,75.073547,78.13957665,1.3057152846157487,75.5281460807685,80.7510072192315,77.87532574124587,-1.1393625317397067,-0.0018413895552665698
2015-03-12,-0.609088,0.036554,-0.706534,0.860053,0.860047,0.077971,1.77245,2.476149,2.980269,3.258379,3.380032,1.0,75.719215,77.97585135,1.3952065335519779,75.18543828289604,80.76626441710395,77.66998186112723,-1.1700642299420139,0.008563699442531181
2015-03-13,0.183308,0.549917,-0.830991,-0.316718,-0.316715,0.193081,1.692529,2.55407,3.05083,3.348398,3.552071,0.0,75.479401,77.78214905,1.461245091093762,74.85965886781247,80.70463923218753,77.46135511244844,-1.1999146632350914,-0.0031721745534738317
2015-03-16,-1.771178,0.466729,-1.878889,2.114134,2.114111,-1.768768,-0.634254,0.284847,0.777306,1.1106,1.379068,1.0,77.075119,77.67422859999999,1.42773212276641,74.81876435446718,80.52969284553281,77.42457072078669,-1.0823337700802682,0.0209207331299129
2015-03-17,0.615574,0.627646,-0.506938,-0.849689,-0.849691,-0.610727,-0.061537,0.931021,1.481616,1.870873,2.156529,-1.0,76.420219,77.55247299999999,1.4255379399810266,74.70139712003794,80.40354887996205,77.32891817594985,-1.0301204347586292,-0.00853320996511946
2015-03-18,-1.062685,0.358213,-2.065675,1.086303,1.086333,-1.115239,-1.207174,-0.289761,0.241184,0.697781,0.971133,1.0,77.250397,77.43671295,1.345197692550343,74.74631756489931,80.12710833510069,77.32143996871653,-0.9112482611048165,0.010804747166625472
2015-03-19,0.095949,0.443755,-0.311818,-0.441795,-0.441811,-0.366991,-0.918676,0.009604,0.576287,1.036229,1.322869,0.0,76.909096,77.35231315,1.321303451147273,74.70970624770545,79.99492005229455,77.28216911455306,-0.8349564867480694,-0.004427901921521565
2015-03-20,-0.88506,0.059008,-1.144679,1.631088,1.631109,-1.279224,-2.263406,-1.626161,-1.045562,-0.646224,-0.380391,1.0,78.163567,77.34631835,1.317121810370192,74.71207472925963,79.98056197074038,77.3661117703099,-0.6655967947392583,0.016179490846034844
2015-03-23,-0.577419,0.223901,-0.589206,0.141613,0.14159,-1.112416,-2.193017,-1.808462,-1.216702,-0.835722,-0.550703,0.0,78.274239,77.32187455,1.2937737824263233,74.73432698514736,79.90942211485265,77.45260007789943,-0.5164938930828953,0.0014149011839665192
2015-03-24,1.155864,1.418021,-0.059575,-1.10771,-1.107709,0.250247,-0.813864,-0.807109,-0.204352,0.200201,0.518361,-1.0,77.407188,77.24900505,1.2423302927898852,74.76434446442022,79.73366563557977,77.44827511809949,-0.4629558716360833,-0.01113890053095558
2015-03-25,1.638358,1.638358,-0.180702,-1.084361,-1.084357,1.170941,0.468615,0.17267,0.742079,1.142032,1.524716,-1.0,76.567818,77.13601185,1.192978408746831,74.75005503250634,79.52196866749367,77.36442205923287,-0.48269256854656817,-0.010902786582072688
2015-03-26,0.523433,0.55995,-0.243463,-1.03602,-1.036032,1.930624,1.527701,1.020096,1.612915,2.051868,2.445944,-1.0,75.774551,76.99672999999999,1.1805008182536194,74.63572836349275,79.35773163650722,77.21300576787735,-0.5559355810143671,-0.010414360429515187
2015-03-27,-0.279427,0.279435,-0.388774,0.194761,0.194746,1.142044,1.388676,0.795395,1.244107,1.729104,2.096171,0.0,75.922119,76.8666717,1.1462565355692722,74.57415862886145,79.15918477113854,77.09006417093664,-0.5952124531072229,0.0019455673819108498
2015-03-30,-0.108806,0.278042,-0.68907,0.498121,0.498147,0.123298,0.784569,0.265955,0.579665,1.095745,1.46196,0.0,76.300323,76.74260935,1.059052776336838,74.62450379732631,78.86071490267368,77.01485072608554,-0.5890317636858526,0.004969106700024321
2015-03-31,1.000732,1.208199,0.0,-0.942939,-0.942941,0.59311,1.632899,1.252946,1.340615,1.884306,2.28338,-1.0,75.580856,76.59410395,0.9986493538708073,74.59680524225838,78.59140265774163,76.87827979979168,-0.6348701094248383,-0.009474147966337866
2015-04-01,0.145775,0.157917,-1.056855,0.463752,0.463755,-0.038881,0.990034,0.860864,0.749513,1.261418,1.651685,0.0,75.931366,76.50048135,0.9665244242491451,74.56743250150171,78.43353019849829,76.78809753314486,-0.6355874445830096,0.004626829712741755
2015-04-02,-0.315422,0.194099,-0.618709,0.133625,0.133635,-0.104345,0.740008,0.753757,0.48161,0.993317,1.403605,0.0,76.032837,76.3990184,0.898049820129884,74.60291875974023,78.19511804025977,76.71616795855964,-0.6208117448399122,0.0013354594447578315
2015-04-06,-1.348751,0.228808,-1.842484,0.740023,0.740013,-0.662331,-0.204727,0.110784,-0.233625,0.150769,0.585259,1.0,76.59549,76.41654355,0.8983056832035798,74.61993218359284,78.21315491640716,76.7046748196492,-0.5572765641882853,0.007372884966356038
2015-04-07,0.655421,1.092368,-0.072821,-0.782758,-0.782747,0.041261,0.282789,0.805911,0.510974,0.794261,1.257425,-1.0,75.995941,76.38426015,0.9013883034698482,74.5814835430603,78.1870367569397,76.63717636063498,-0.5489748293280456,-0.007858266763273008
2015-04-08,-0.567831,0.495352,-0.604084,0.461219,0.461202,-0.217459,-0.316534,0.336683,0.123844,0.216028,0.682623,0.0,76.346436,76.44098625000001,0.858401046054812,74.72418415789039,78.15778834210963,76.60948680247927,-0.5082547825933403,0.004601419845521825
2015-04-09,-0.313671,0.072383,-1.061644,0.144982,0.14498,-0.224384,-0.475324,0.122256,0.069375,0.000491,0.433515,0.0,76.457123,76.51016505,0.7958726070488215,74.91841983590236,78.10191026409764,76.5949759641479,-0.46172980258646135,0.001448749231813957
2015-04-10,-0.659862,0.335932,-0.755845,0.554951,0.554972,-0.554299,-0.880636,-0.432726,-0.407332,-0.612849,-0.193573,1.0,76.881439,76.56827625,0.7772947371427938,75.0136867757144,78.12286572428559,76.62225815803858,-0.38616815953166395,0.005534381925979436
2015-04-13,-0.515402,0.623273,-0.587316,0.095983,0.095961,-0.556147,-0.841415,-0.63286,-0.406922,-0.671214,-0.357177,0.0,76.955215,76.64206694999999,0.7375180995983089,75.16703075080336,78.11710314919661,76.65396833346348,-0.31668140033451664,0.0009591472999137095
2015-04-14,-0.251195,0.334927,-0.657889,0.203761,0.203764,-0.468896,-0.937791,-0.935402,-0.607052,-0.848797,-0.63197,0.0,77.112022,76.6439121,0.7387037571922067,75.16650458561558,78.1213196143844,76.69759249218124,-0.24612248187139585,0.0020355665123604036
2015-04-15,0.407132,0.826242,-0.035923,-0.107651,-0.107645,-0.184414,-0.643039,-0.861379,-0.460428,-0.647592,-0.590751,0.0,77.029015,76.6743519,0.7415387837757144,75.19127433244857,78.15742946755144,76.72915654054493,-0.19465810436471997,-0.001077026723570152
2015-04-16,0.071854,0.682635,-0.179643,-0.011977,-0.011985,-0.026342,-0.489813,-0.810374,-0.463468,-0.534606,-0.612767,0.0,77.019783,76.6628212,0.7338632862709351,75.19509462745813,78.13054777254186,76.75683525096922,-0.15285514074138007,-0.00011985812458009208
2015-04-17,0.569491,0.836062,-0.60584,-1.161678,-1.161678,0.949961,0.691877,0.386129,0.65492,0.655768,0.470544,-1.0,76.125061,76.62361945,0.7409222683612815,75.14177491327744,78.10546398672257,76.69666627468644,-0.18973542689697354,-0.011684783589411938
2015-04-20,0.265468,1.339447,-0.08447,0.411976,0.411992,0.400614,0.258223,0.019296,0.129104,0.292975,0.066759,0.0,76.43869,76.53737559999999,0.6466248712714184,75.24412585745715,77.83062534254283,76.67209710566868,-0.19144917329356304,0.004111454257571918
2015-04-21,0.373131,0.866636,-0.216659,0.253408,0.25341,0.021656,0.087854,-0.204633,-0.231116,0.016356,-0.186579,0.0,76.632393,76.45528329999999,0.5027242458763116,75.44983480824737,77.46073179175261,76.66831576227166,-0.17515800396562042,0.0025308908723872432
2015-04-22,0.156463,0.300879,-0.58972,0.012029,0.012026,-0.091467,0.114332,-0.124364,-0.293058,0.015884,-0.136401,0.0,76.641609,76.41700435,0.45312893650021874,75.51074647699956,77.32326222300044,76.66577226110294,-0.15966298521620104,0.00012025522777334347
2015-04-23,0.580607,1.420631,-0.06176,-2.575519,-1.791895,1.266049,1.783059,1.639225,1.439856,1.735427,1.694323,-1.0,75.268272,76.35202705,0.518783551528148,75.31445994694371,77.3895941530563,76.53267699814076,-0.2552574407804258,-0.018081436271712253
2015-04-24,0.049384,0.65432,-0.123454,0.06177,0.061782,0.98835,1.512199,1.512908,1.3467,1.587937,1.613634,0.0,75.314774,76.3290382,0.5546661703607854,75.21970585927843,77.43837054072156,76.41668623641307,-0.3235349037919377,0.0006176259906209483
2015-04-27,0.384623,0.744416,-0.161287,-0.49383,-0.493818,1.09033,1.747453,1.869672,1.784318,1.920184,2.094046,0.0,74.942856,76.28007505000001,0.630513854992855,75.0190473400143,77.54110275998572,76.27632145199279,-0.40301030753266787,-0.004950414292264179
2015-04-28,0.385482,0.497391,-0.285994,-0.223325,-0.223366,0.819968,1.662754,1.988911,1.910216,1.961187,2.220086,0.0,74.775459,76.20383185,0.7145335494659112,74.77476475106818,77.63289894893182,76.13338217085062,-0.4740382585257379,-0.0022361602153285103
2015-04-29,0.187855,0.57608,-0.162802,-0.708779,-0.708766,0.894184,2.013539,2.528284,2.547747,2.518673,2.852121,-1.0,74.245476,76.13706285,0.8290293122638495,74.47900422547231,77.7951214745277,75.95358158315057,-0.5665626388362455,-0.007112896378802566
2015-04-30,0.553383,0.80493,-0.553392,-0.425793,-0.425782,0.963395,2.031726,2.738753,2.850844,2.81429,3.14218,0.0,73.929352,76.03696215,0.964904560635234,74.10715302872953,77.96677127127046,75.7607978133267,-0.6578145648477687,-0.004266912051037895
2015-05-01,-0.660106,0.037363,-0.822025,0.981007,0.980993,-0.19429,0.843556,1.541826,1.759377,1.755479,2.039528,1.0,74.654594,75.96805,1.013221085877746,73.94160782824451,77.9944921717555,75.65544506920035,-0.6639577141177995,0.009762128131520316
2015-05-04,0.161798,0.771628,-0.062222,0.074725,0.074747,-0.331066,0.536903,1.265671,1.557212,1.614601,1.809245,0.0,74.710396,75.8737953,1.0391306100256315,73.79553407994874,77.95205652005126,75.56544039594317,-0.6567528115331527,0.0007471898548133478
2015-05-05,0.53703,0.724369,-0.362184,-0.348473,-0.348494,-0.069932,0.595362,1.38144,1.808549,1.870549,1.994064,0.0,74.450035,75.79650000000001,1.086005200650009,73.6244895987,77.96851040130002,75.45921131061525,-0.664393120772715,-0.003491023224832552
2015-05-06,-0.074634,0.223881,-1.094534,0.412142,0.412161,-0.343294,-0.069664,0.762677,1.284341,1.408314,1.457236,0.0,74.756889,75.71702265,1.1016916911565238,73.51363926768695,77.92040603231305,75.39232347150904,-0.6383293046980469,0.004113139315313552
2015-05-07,0.211978,0.436416,-0.249373,-0.248762,-0.248781,0.077318,0.086047,0.79505,1.410475,1.588253,1.621009,0.0,74.570908,75.6227119,1.1156472508078337,73.39141739838433,77.85400640161566,75.31409342660342,-0.6254706191159158,-0.0024909105993443123
2015-05-08,-0.086462,0.308794,-0.172924,0.947633,0.94762,-0.696622,-0.85843,-0.226194,0.351978,0.594486,0.645061,1.0,75.277557,75.5425178,1.077395082098972,73.38772763580205,77.69730796419795,75.3106137669269,-0.5518974196528177,0.009431584611959993
2015-05-11,0.847141,0.896974,-0.012452,-0.852275,-0.852263,0.137042,-0.047334,0.47043,1.059225,1.354169,1.452755,-1.0,74.635994,75.42655675,1.0415564217586422,73.34344390648272,77.50966959351729,75.24636426531481,-0.5391439850916697,-0.008559158427168388
2015-05-12,0.100065,0.425271,-0.737956,-0.398655,-0.398643,0.507811,0.29393,0.666832,1.277153,1.670642,1.770838,0.0,74.338463,75.2878788,0.9886322087115132,73.31061438257697,77.26514321742303,75.15989747814197,-0.5467425536253359,-0.003994394765229365
2015-05-13,0.577173,1.116686,-0.188198,-0.312695,-0.312705,0.647427,0.589718,0.754503,1.397627,1.868637,2.023739,0.0,74.106003,75.1417282,0.932132654327316,73.27746289134537,77.00599350865464,75.05952657546179,-0.5650089813525767,-0.0031319482131261438
2015-05-14,-0.570931,0.148941,-0.59576,1.091597,1.091605,-0.347534,-0.364906,-0.364904,0.162235,0.686298,0.876843,1.0,74.914948,75.03648645000001,0.821147378542281,73.39419169291546,76.67878120708457,75.04575718732258,-0.5083502112659062,0.010856902208380209
2015-05-15,-0.271439,0.086366,-0.394818,0.595759,0.595757,-0.915491,-0.861203,-0.95086,-0.48163,0.009318,0.249716,1.0,75.361259,74.99829635,0.7848127605062712,73.42867082898746,76.56792187101254,75.07580497900614,-0.42256311548557335,0.0059398932292760755
2015-05-18,0.284869,0.483031,-0.297248,-0.382486,-0.382486,-0.418627,-0.432254,-0.558998,-0.190482,0.293021,0.56703,0.0,75.073013,74.9300125,0.7086044602050218,73.51280357958996,76.34722142041005,75.07553907624364,-0.3735294522333277,-0.0038321899514664214
2015-05-19,-0.098976,0.148454,-0.618582,0.111474,0.111485,-0.311778,-0.449107,-0.635918,-0.399804,0.077268,0.417816,0.0,75.156708,74.85622825,0.5886959053886293,73.67883643922275,76.03362006077725,75.08326944993473,-0.3241794943891705,0.0011142270397872585
2015-05-20,0.559141,0.64612,-0.037284,-0.433006,-0.433025,0.315612,-0.006213,-0.151589,-0.087597,0.395034,0.787048,0.0,74.831261,74.76571085,0.41255720231466503,73.94059644537067,75.59082525462934,75.05926864517905,-0.3077822283358955,-0.004339648212044044
2015-05-21,-0.298478,0.211414,-0.708877,-0.086977,-0.086957,0.363127,0.106933,0.00993,-0.034218,0.361843,0.799378,0.0,74.76619,74.74060675,0.39528095682968284,73.95004483634064,75.53116866365936,75.03135639325724,-0.2966187266891751,-0.0008699480327892586
2015-05-22,0.362728,0.562858,-0.037522,-0.572077,-0.572086,0.665421,0.556599,0.557015,0.475297,0.84317,1.265328,-1.0,74.338463,74.6917912,0.38065636306303235,73.93047847387393,75.45310392612606,74.96536654628036,-0.3186127954652278,-0.005737288068017776
2015-05-26,1.048777,1.175134,-0.252713,-1.013131,-1.013118,1.291375,1.443,1.484274,1.411406,1.720181,2.149113,-1.0,73.585327,74.62391475,0.44851634429279946,73.7268820614144,75.5209474385856,74.83393420853938,-0.39229292575456043,-0.010182844932950566
2015-05-27,-0.21413,0.692786,-0.377885,0.315896,0.315874,0.609659,1.053039,1.107618,1.027213,1.247368,1.67871,0.0,73.817764,74.57603,0.4814028675719868,73.61322426485603,75.53883573514398,74.73715609344038,-0.4270069660011444,0.0031537628021078242
2015-05-28,0.126053,0.151261,-0.390779,-0.075572,-0.075562,0.395814,1.082815,1.094155,1.070835,1.167772,1.60796,0.0,73.761986,74.5518555,0.510156800211524,73.53154189957695,75.57216910042305,74.64428275120795,-0.4537879266957674,-0.0007559032002144154
2015-05-29,1.007783,1.084321,-0.255131,-1.184927,-1.184945,1.084336,2.016856,2.152498,2.211392,2.250301,2.637438,-1.0,72.887947,74.49978525,0.6186485238595331,73.26248820228093,75.73708229771907,74.47701267966434,-0.5393226973061189,-0.011920214780273388
2015-06-01,-0.253641,0.279013,-0.735575,0.586808,0.586828,0.215596,1.142674,1.37814,1.523774,1.5447,1.910917,1.0,73.315674,74.43283925,0.6712248148907815,73.09038962021843,75.77528887978157,74.36640899588679,-0.5660703187551803,0.0058511303258989645
2015-06-02,-0.101861,0.229183,-0.471101,-0.393148,-0.393148,0.458357,1.261773,1.631434,1.80926,1.840581,2.157452,0.0,73.027435,74.34869119999999,0.7368788288753602,72.87493354224927,75.82244885775071,74.23888766294519,-0.6035689131240503,-0.003939227131346693
2015-06-03,0.445527,0.47098,-0.369146,0.025461,0.025451,0.221493,0.947055,1.487618,1.687251,1.719964,1.967801,0.0,73.046021,74.2784905,0.7915652075745963,72.6953600848508,75.8616209151492,74.12528131409326,-0.624587231639552,0.0002544747089477749
2015-06-04,0.332696,0.88291,-0.115168,-0.521889,-0.521887,0.445295,1.178505,1.887824,2.076773,2.166601,2.320323,-1.0,72.664803,74.1738862,0.8602696979281379,72.45334680414372,75.89442559585628,73.98618814132247,-0.6643473247028027,-0.005232540168675033
2015-06-05,0.78781,0.891131,-0.077485,-0.921308,-0.921315,1.131354,1.734479,2.564909,2.847096,3.009178,3.120247,-1.0,71.995331,74.04510735,0.9818889345466955,72.0813294809066,76.00888521909339,73.79658269929176,-0.7413326588725653,-0.009255857311943096
2015-06-08,-0.295967,0.347451,-0.784971,0.361616,0.361625,0.473556,1.079657,1.908809,2.267406,2.505212,2.607558,0.0,72.255684,73.89401369999999,1.0142285032750038,71.86555669344997,75.92247070655,73.64983044221636,-0.7724316681637191,0.003609725487234544
2015-06-09,-1.178708,0.544994,-1.368824,1.531338,1.531334,-0.950572,-0.475285,0.216311,0.638152,0.885679,0.988171,1.0,73.36216,73.830322,1.0051376082772159,71.82004678344556,75.84059721655443,73.62243325724337,-0.6997284570024789,0.0151972761749567
2015-06-10,-0.389738,0.314307,-0.66633,0.811152,0.811161,-1.501138,-1.257235,-0.698186,-0.19739,0.047266,0.138708,1.0,73.957245,73.8112611,0.9985875929153094,71.81408591416938,75.80843628583061,73.65432008988685,-0.5873219701154682,0.008078884606986636
2015-06-11,0.654824,0.654824,-0.214086,-0.163436,-0.163446,-1.022542,-1.085506,-0.625444,-0.052259,0.161188,0.284179,0.0,73.836365,73.79777920000001,0.9962162262489129,71.80534674750218,75.79021165249783,73.67165770037383,-0.5022039308721844,-0.0016357950381546554
2015-06-12,0.380366,0.570555,-0.380377,-0.680016,-0.680015,0.020287,-0.347407,-0.075229,0.524282,0.77951,0.943746,-1.0,73.334267,73.71874515,0.965138071116702,71.7884690077666,75.64902129223341,73.63952525271918,-0.46984628837819287,-0.0068233715007995095
2015-06-15,0.268816,0.435223,-0.243219,-0.950932,-0.95094,1.085517,0.51588,0.727948,1.301852,1.601647,1.820284,-1.0,72.636902,73.58252730000001,0.9119027311542934,71.75872183769143,75.4063327623086,73.54403732388877,-0.4947707418272955,-0.009554904716241583
2015-06-16,0.632111,0.632111,-0.707961,1.254474,1.254482,-0.116304,-0.658656,-0.523384,-0.056883,0.283698,0.506115,1.0,73.548119,73.50628259999999,0.8417755812407035,71.82273143751858,75.1898337624814,73.54442605494698,-0.43597035929509786,0.012466787576114908
2015-06-17,-1.098907,0.137363,-1.148849,1.238943,1.238949,-1.203803,-1.684572,-1.683322,-1.326803,-0.937067,-0.723449,1.0,74.459343,73.47141435,0.782144174426982,71.90712600114604,75.03570269885397,73.63156100209488,-0.31224312672091514,0.012313372594973672
2015-06-18,-0.606283,0.494928,-0.643401,0.924073,0.92406,-1.759459,-2.254385,-2.460604,-2.20922,-1.788655,-1.615103,1.0,75.147392,73.4872209,0.8136325924207356,71.85995571515852,75.11448608484147,73.77592585903822,-0.15686041029704256,0.009198166795074313
2015-06-19,0.211073,0.819464,-0.074495,-0.346448,-0.346426,-1.003242,-1.528446,-1.94356,-1.861199,-1.448732,-1.259015,0.0,74.887062,73.49326450000001,0.8240153472641933,71.84523380547162,75.1412951945284,73.88174834865363,-0.05410129731198765,-0.0034702730515265073
2015-06-22,0.584215,0.9074,-0.149155,-0.111751,-0.111771,-0.313228,-1.077677,-1.701253,-1.720311,-1.36829,-1.169658,0.0,74.80336,73.51650935,0.8550841082575977,71.8063411334848,75.2266775665152,73.9695208868771,0.020347435622866783,-0.00111833486211505
2015-06-23,0.676778,0.827166,-0.213057,-0.82038,-0.820368,0.684292,-0.147894,-0.78373,-0.866656,-0.600079,-0.372231,-1.0,74.189697,73.54672785,0.8682223338831035,71.81028318223379,75.2831725177662,73.99049004050785,0.029491161590371462,-0.008237517672940339
2015-06-24,0.364735,0.427614,-0.01258,-0.35092,-0.350918,0.895477,0.199966,-0.354681,-0.510007,-0.316445,-0.039834,0.0,73.929352,73.55230724999998,0.8704115315692018,71.81148418686158,75.29313031313839,73.9846673699833,0.015550705734838743,-0.0035153516021471168
2015-06-25,0.403073,0.642402,0.0,-0.150928,-0.150939,0.687752,0.348916,-0.099923,-0.355833,-0.220676,0.098256,0.0,73.817764,73.55509615,0.8712077219263836,71.81268070614723,75.29751159385276,73.96877181093728,-0.004450126695957124,-0.0015105272338101783
2015-06-26,0.252086,0.504162,-0.07562,-0.062984,-0.062994,0.448717,0.471406,0.123538,-0.233155,-0.211727,0.109675,0.0,73.771263,73.59926195,0.8578946923793119,71.88347256524138,75.31505133475862,73.94996144799089,-0.02377906234178795,-0.0006301417183094851
2015-06-29,0.804388,1.340658,-0.076606,-1.285601,-1.285589,1.212972,1.805414,1.479401,1.032304,1.004598,1.297245,-1.0,72.822868,73.57462165000001,0.8734054738589558,71.8278107022821,75.32143259771793,73.8426192148489,-0.11430727047066114,-0.012939238774330302
2015-06-30,0.869121,0.984156,-0.140594,-0.102148,-0.102146,0.920244,1.799593,1.526928,1.116438,1.061863,1.294312,0.0,72.748482,73.560674,0.8847571199910546,71.79115976001789,75.33018823998212,73.73841567057757,-0.18986520823008846,-0.0010219869016042321
2015-07-01,-1.668342,0.062714,-2.007022,1.891619,1.891615,-0.900655,-0.135473,-0.342865,-0.688031,-0.797789,-0.632627,1.0,74.124603,73.6146031,0.8846078321171802,71.84538743576563,75.38381876423436,73.77519541623684,-0.13712328244925232,0.018739461631148938
2015-07-02,0.10009,0.525457,-0.200179,0.263421,0.263431,-1.025907,-0.509202,-0.561331,-0.837614,-1.028406,-0.91664,0.0,74.31987,73.69735645,0.8683441031420251,71.96066824371596,75.43404465628404,73.82706918611905,-0.0786617476357776,0.0026308438257010842
2015-07-06,-0.549659,0.212365,-0.687074,0.150135,0.150115,-0.996868,-0.719542,-0.612108,-0.8226,-1.093805,-1.080147,0.0,74.431435,73.81916165,0.7837715395495756,72.25161857090085,75.38670472909915,73.88462783506009,-0.023062348592333137,0.0015000207348636145
2015-07-07,-2.03133,0.134607,-2.03133,2.086194,2.086209,-2.187962,-2.593003,-2.349488,-2.604015,-2.974549,-3.029451,1.0,75.98423,74.00558895,0.8341277995091746,72.33733335098165,75.67384454901836,74.08458994600674,0.1446309395310834,0.020647452708990988
2015-07-08,0.27164,0.864309,-0.123471,-0.893298,-0.893306,-0.62723,-1.566853,-1.313733,-1.597101,-1.979,-2.079259,-1.0,75.305458,74.10275385,0.8677391346413958,72.3672755807172,75.8382321192828,74.20086309400611,0.22021929986102862,-0.008973203176439848
2015-07-09,1.351346,1.661289,-0.173577,-0.40745,-0.407449,0.012396,-1.021575,-0.862055,-1.125093,-1.47384,-1.626166,0.0,74.998627,74.15482295000001,0.8895192362625792,72.37578447747485,75.93386142252517,74.27684060886267,0.25245478103281016,-0.004082808876712905
2015-07-10,0.3459,0.50649,-0.234707,0.359525,0.359533,-0.093888,-1.183448,-1.206505,-1.384187,-1.688448,-1.911878,0.0,75.268272,74.2264183,0.919653264183307,72.38711177163339,76.06572482836663,74.37126264611385,0.2963436647880968,0.0035888847273145372
2015-07-13,-0.476141,0.158707,-0.695895,1.185926,1.185934,-0.81066,-2.02785,-2.252895,-2.354428,-2.621916,-2.918257,1.0,76.160904,74.36775014999999,0.9898508006941299,72.38804854861174,76.34745175138825,74.5417046798173,0.39855951770420006,0.011789568731174923
2015-07-14,0.0,0.511943,-0.073133,0.158707,0.158706,-0.889818,-1.729653,-2.278573,-2.270244,-2.565099,-2.942476,0.0,76.281776,74.54999384999999,0.9899413022837353,72.57011124543253,76.52987645456746,74.70742575792994,0.4837433851717634,0.0015858029435121945
2015-07-15,-0.292146,0.206936,-0.377366,0.134082,0.134082,-0.740114,-1.38528,-2.217904,-2.215469,-2.537319,-2.925958,0.0,76.384056,74.6917907,1.0406879222539245,72.61041485549215,76.77316654450784,74.86710482860327,0.5531292256643354,0.0013399201899045143
2015-07-16,0.182253,0.303767,-0.243019,0.182594,0.182584,-0.522474,-1.251519,-2.170112,-2.258811,-2.580803,-2.951398,0.0,76.523521,74.7949996,1.1160493786684194,72.56290084266315,77.02709835733684,75.02485874968868,0.6123132975526602,0.0018241743334116976
2015-07-17,-0.425582,0.170232,-0.77821,-0.07291,-0.07291,-0.136176,-0.898585,-1.867701,-2.101163,-2.372078,-2.714814,0.0,76.467728,74.8610164,1.1754603495930087,72.51009570081398,77.21193709918602,75.16227486876595,0.6472539316810781,-0.0007293620104160428
2015-07-20,-0.121677,0.194666,-0.231174,-0.060793,-0.060802,-0.00729,-0.57792,-1.576826,-1.941226,-2.151105,-2.462578,0.0,76.421234,74.937725,1.2262126121910626,72.48529977561788,77.39015022438213,75.28217573840729,0.6635440361215075,-0.0006082061232546848
2015-07-21,0.465521,0.61252,-0.318503,-0.681354,-0.681343,0.578222,0.093107,-0.6313,-1.196248,-1.307849,-1.633383,-1.0,75.900543,74.99258415,1.2442948554091664,72.50399443918167,77.48117386081833,75.34106785855899,0.6272085790748605,-0.006836750967530511
2015-07-22,0.247429,0.581468,-0.197951,-0.980026,-0.169192,0.587162,0.324332,-0.196862,-0.924376,-1.023182,-1.360654,0.0,75.772125,75.07170555,1.2408608280922298,72.58998389381554,77.55342720618447,75.3821209196486,0.5813487813423137,-0.0016933575756195498
2015-07-23,0.161097,0.235442,-0.693926,-0.160838,-0.160849,0.518345,0.572099,0.098377,-0.651017,-0.800753,-1.12714,0.0,75.650246,75.15775025,1.2169123981425418,72.72392545371493,77.59157504628509,75.40765664158683,0.5290711417359972,-0.0016097889039127528
2015-07-24,0.274008,0.548016,-0.074727,-0.50805,-0.508047,0.71228,1.085348,0.693316,-0.047498,-0.287902,-0.558943,-1.0,75.265907,75.2301574,1.1753592672537583,72.87943886549247,77.58087593450752,75.3941566757214,0.4514240549591193,-0.005093422052798639
2015-07-27,-0.175064,0.125046,-0.675254,-0.398555,-0.39855,0.727018,1.330434,1.143767,0.432138,0.115299,-0.088484,0.0,74.965935,75.289891,1.1266624507856837,73.03656609842864,77.54321590157136,75.35337365898603,0.3615156188238444,-0.0039934596376136515
2015-07-28,-0.112182,0.53596,-0.398852,0.325124,0.325129,0.216868,0.859498,0.747327,0.265338,-0.18754,-0.298246,0.0,75.209671,75.40923115,0.9666379232878862,73.47595530342423,77.34250699657576,75.33968769146355,0.3063980279050611,0.003246016054202052
2015-07-29,-0.446541,0.458937,-0.570577,0.486102,0.486098,-0.320025,0.264575,0.283766,-0.032674,-0.597045,-0.69114,0.0,75.575264,75.55057024999999,0.7363435505503554,74.07788314889928,77.02325735110071,75.36212353037179,0.2888871287190682,0.004849207467628984
2015-07-30,2.597239,2.700613,-0.310114,-4.006455,-4.00645,2.98488,3.901208,4.24402,4.030924,3.475505,3.36583,-1.0,72.547379,75.47170904999999,0.9504355780654702,73.57083789386904,77.37258020613093,75.09405262271734,0.03033491848823644,-0.04088918200956662
2015-07-31,1.212516,1.355934,-0.052142,-0.891591,-0.891605,2.975242,4.200722,4.869568,4.798573,4.299737,4.145211,-1.0,71.900543,75.35074269999998,1.2203766583339772,72.90998938333203,77.79149601666794,74.78990884912523,-0.2241796270600247,-0.008956035014255388
2015-08-03,0.143979,0.903133,-0.510471,-0.391128,-0.391112,2.445019,3.939388,4.858585,5.013739,4.589081,4.402048,0.0,71.619331,75.2101375,1.468618662807776,72.27290017438445,78.14737482561556,74.48794905397044,-0.44346372255155586,-0.003918793293806498
2015-08-04,0.158075,0.56645,-0.210781,-0.641359,-0.641367,1.968119,3.944142,5.055617,5.352639,5.170739,4.905305,-1.0,71.159988,74.96892539999999,1.7109677315279015,71.54698993694419,78.39086086305579,74.17100038216374,-0.6468565298733893,-0.006434329396892977
2015-08-05,0.369547,1.016239,-0.026392,-0.184438,-0.184441,0.876344,3.468399,4.747098,5.246256,5.268227,4.950809,0.0,71.02874,74.75508950000001,1.921048123197875,70.91299325360426,78.59718574639577,73.87173748862433,-0.8093082104830955,-0.0018461102947032507
2015-08-06,0.356488,0.356488,-0.646947,-0.039592,-0.039604,0.480605,2.85452,4.270019,5.006406,5.133936,4.854891,0.0,71.00061,74.55518864999999,2.0945504573158584,70.36608773536827,78.74428956463171,73.59829677542203,-0.9296062712401891,-0.0003961153151488879
2015-08-07,0.145725,0.317962,-0.185489,-0.343273,-0.343266,0.503446,2.571546,4.091104,5.049304,5.294647,5.071866,0.0,70.756889,74.3296195,2.2508086767240387,69.82800214655192,78.83123685344809,73.32768651109612,-1.0327052160357368,-0.0034385657458725458
2015-08-10,-0.562975,0.157113,-0.759353,1.192361,1.192367,-0.686044,0.892909,2.415733,3.493033,3.895794,3.73273,1.0,71.600571,74.10160285,2.2862394453380834,69.52912395932384,78.67408174067617,73.16319931956316,-1.034409754368042,0.011853145987304681
2015-08-11,-0.236158,0.301753,-0.53792,-0.209474,-0.209455,-0.396243,0.57857,2.215498,3.372182,3.860061,3.88644,0.0,71.4506,73.86004405,2.2989536898858405,69.26213667022832,78.45795142977168,73.00009462246192,-1.0359205720999825,-0.0020967469737626786
2015-08-12,-0.654536,0.052364,-1.374529,0.223036,0.223028,-0.455565,-0.198987,1.600551,2.808805,3.422515,3.602263,0.0,71.609955,73.62133899999999,2.270766572256023,69.07980585548795,78.16287214451204,72.86770037270364,-1.0125868187891172,0.002227798793423262
2015-08-13,0.936921,0.963319,-0.197944,-0.798534,-0.798524,0.356284,0.391908,1.985557,3.250279,4.03201,4.291384,-1.0,71.038132,73.34706955,2.2327356256571185,68.88159829868576,77.81254080131424,72.69345576577949,-1.028381447177594,-0.008017297321647845
2015-08-14,0.158682,0.25125,-0.317384,-0.211132,-0.211157,0.605669,0.461522,1.789654,3.075211,4.004988,4.3507,0.0,70.88813,73.06808965,2.169990758704663,68.72810813259068,77.40807116740933,72.5215199785624,-1.0410026808474413,-0.002113802671034357
2015-08-17,0.370712,0.370712,-1.032701,-0.119021,-0.119013,0.500471,0.46604,1.519044,2.801337,3.826268,4.304254,0.0,70.803764,72.78721615,2.0745847158518447,68.63804671829632,76.93638558170369,72.35792417108026,-1.0457578846531845,-0.0011908374937794125
2015-08-18,0.598968,0.891796,-0.173029,-0.529594,-0.5296,0.745386,0.89712,1.607002,2.960212,4.046639,4.596656,-1.0,70.428787,72.51362835,2.001926853600089,68.50977464279983,76.51748205720018,72.17419682145356,-1.0674786980662105,-0.005310077293715662
2015-08-19,1.092818,1.092818,-0.134924,-1.344329,-1.344325,1.505666,2.049377,2.406905,3.910548,5.06708,5.742561,-1.0,69.481995,72.19912185,1.9566516108159482,68.2858186283681,76.11242507163189,71.91779664798179,-1.1478589969161135,-0.01353443157514303
2015-08-20,-0.216485,1.095923,-0.608855,-0.283323,-0.283317,1.288043,2.091726,2.383971,3.746439,4.947709,5.76812,0.0,69.285141,71.8808666,1.8819995442762876,68.11686751144742,75.64486568855258,71.66706753865019,-1.2134574533151294,-0.0028371866383421493
2015-08-21,2.380299,2.867492,-0.013911,-2.800714,-2.80072,3.154238,4.526737,4.883082,6.147698,7.429821,8.423553,-1.0,67.344658,71.48480415,1.9638563576417594,67.55709143471648,75.41251686528352,71.25540948735018,-1.4058200450429865,-0.028406884911263218
2015-08-24,-0.824413,2.791439,-5.958927,-3.758348,-3.758344,5.334103,7.561473,8.278854,9.509691,10.908706,12.074028,-1.0,64.813614,70.9771881,2.3000106294243294,66.37716684115135,75.57720935884866,70.6419051552216,-1.7424173799289804,-0.03830790882540744
2015-08-25,5.495472,5.568555,-0.17538,-1.041367,-1.041382,4.48116,7.553364,8.688508,9.799052,11.342315,12.622341,-1.0,64.138657,70.42363739999999,2.5467642790855747,65.33010884182885,75.51716595817113,70.02254818805763,-2.040119355923096,-0.010468418410543679
2015-08-26,-1.410437,0.141041,-2.75036,3.624677,3.62468,-0.081802,3.016931,4.428779,5.272926,6.887454,8.185387,1.0,66.463478,69.9680481,2.386657332286605,65.1947334354268,74.74136276457321,69.68358912252833,-2.0646566151102377,0.035605338313157764
2015-08-27,-0.111921,0.377724,-2.042538,0.818055,0.818057,-1.57247,1.579464,3.184111,4.005319,5.504201,6.834152,1.0,67.007187,69.6910385,2.3930336989879444,64.90497110202412,74.47710589797589,69.42869368228753,-2.0169793154407785,0.008147288507733944
2015-08-28,-0.056173,0.084255,-0.870668,-0.377734,-0.37774,-1.376204,1.345328,3.1756,4.014199,5.394202,6.754191,0.0,66.754074,69.43371505,2.4194947122084565,64.5947256255831,74.27270447441691,69.17396799826015,-1.976831136891306,-0.00378455316906835
2015-08-31,0.466962,0.466962,-0.523553,-0.758322,-0.75831,-0.189618,1.432009,3.425315,4.40357,5.673133,7.058021,-1.0,66.247871,69.16514205,2.461869151778951,64.2414037464421,74.0888803535579,68.89529209366395,-1.9632288871799943,-0.007612000624835619
2015-09-01,0.682149,1.422344,-0.551531,-2.504593,-2.504583,2.513773,3.133513,5.37396,6.57691,7.730031,9.224468,-1.0,64.588638,68.83657455,2.6153498468147616,63.60587485637047,74.06727424362951,68.48513456093406,-2.0625593423955735,-0.025364815534407392
2015-09-02,-0.229188,0.057298,-0.845147,1.320749,1.320768,0.865183,1.171727,3.371985,4.760754,5.706321,7.274481,1.0,65.441704,68.55722275,2.6667529016554266,63.22371694668914,73.89072855331085,68.1952840313213,-2.0488265498448754,0.01312121810878392
2015-09-03,0.3575,0.757899,-0.328905,0.171898,0.171866,0.248827,0.429003,2.636927,4.1656,5.098246,6.577059,0.0,65.554176,68.28490105,2.6821516901907696,62.92059766961846,73.64920443038154,67.94374993310022,-2.005746663375305,0.0017171841990355143
2015-09-04,0.756249,0.756249,-0.37813,-1.673099,-1.673099,1.242008,1.689936,3.718248,5.449392,6.424668,7.831591,-1.0,64.45739,67.96992610000001,2.7457119499038214,62.478502200192366,73.46134999980765,67.61171565375734,-2.036630004023067,-0.016872529933276165
2015-09-08,0.471556,0.657329,-0.600179,1.774289,1.774302,-0.72021,0.03714,1.381334,3.153747,4.202331,5.475838,1.0,65.601059,67.6699505,2.654390502551813,62.36116949489637,72.97873150510362,67.42022454387569,-1.9463840400972714,0.017587453771381295
2015-09-09,2.862148,3.008175,-0.160631,-2.143469,-2.143465,1.331768,2.237135,2.954618,4.848115,6.0508,7.214255,-1.0,64.194923,67.30716665,2.605866386971382,62.095433876057236,72.51889942394277,67.11305296826848,-1.9656678912653973,-0.021667712540460918
2015-09-10,-0.292736,0.922127,-0.834309,-0.233649,-0.233665,1.132911,2.098952,2.629786,4.503078,5.863002,6.865246,0.0,64.044922,66.928915,2.495121759134293,61.93867148173142,71.91915851826859,66.82085001890957,-1.9703414397160373,-0.0023393831832746164
2015-09-11,-0.526162,0.131546,-1.00847,0.146367,0.146358,0.543718,1.502502,1.944865,3.812497,5.280344,6.272061,0.0,64.138657,66.58394125,2.370950917990694,61.84203941401861,71.32584308598138,66.5654030647277,-1.9440715823515404,0.0014625120852306106
2015-09-14,0.249787,0.352637,-1.072577,-0.526162,-0.526154,0.869829,1.57656,2.113827,3.806207,5.401125,6.411017,-1.0,63.801189,66.2295942,2.21850102911234,61.792592141775316,70.66659625822467,66.30214458237268,-1.9282556475804853,-0.005275428933194136
2015-09-15,-2.059035,0.417568,-2.231814,2.042314,2.042327,-1.301661,-0.63211,0.099827,1.290852,2.892437,3.94768,1.0,65.104218,65.9446169,1.9497960825803378,62.04502473483932,69.84420906516067,66.18805633643242,-1.7899444890267375,0.020217513201574364
2015-09-16,0.028538,0.370903,-0.570615,0.935927,0.935916,-1.754637,-1.382305,-0.668564,-0.007129,1.589163,2.707565,1.0,65.713539,65.7088545,1.63942107616212,62.43001234767576,68.98769665232425,66.14286420915315,-1.612576014501414,0.009315637577489159
2015-09-17,-0.341683,1.4664,-0.540998,0.199715,0.199717,-1.403761,-1.517652,-0.929193,-0.482629,1.036449,2.240416,0.0,65.84478,65.52699375,1.380060023395739,62.766873703208525,68.28711379679149,66.11447523685284,-1.4447658077992287,0.0019951766567683827
2015-09-18,-0.714898,1.201025,-0.814983,-0.427101,-0.427106,-0.546183,-1.093794,-0.651033,-0.339577,1.135831,2.402537,0.0,65.563553,65.34091435,1.06058332160624,63.21974770678752,67.46208099321248,66.06200645239066,-1.3192600696958152,-0.004280206938532219
2015-09-21,-0.707714,0.325541,-0.905874,1.015156,1.015169,-0.812466,-1.820251,-1.702298,-1.425348,-0.161937,1.145542,1.0,66.229134,65.28513815,0.97558696235757,63.33396422528485,67.23631207471513,66.0779233616868,-1.1528002797892043,0.010100509727897767
2015-09-22,-0.185217,0.655364,-0.299186,-0.651097,-0.651117,0.048447,-1.14688,-1.103661,-0.704509,0.188068,1.51447,-1.0,65.797905,65.3343527,0.975375282191987,63.38360213561602,67.28510326438398,66.05125494628805,-1.04364577453714,-0.006532457847295505
2015-09-23,-0.113866,0.32735,-0.42699,0.099729,0.099754,-0.005706,-0.992047,-1.073171,-0.672518,-0.189029,1.130547,0.0,65.863541,65.4205969,0.9396912340118688,63.54121443197627,67.29997936802374,66.03337742759395,-0.9409965436469321,0.0009970421475904365
2015-09-24,-2.158073,0.308297,-2.270184,1.565612,1.56561,-1.23319,-2.09222,-2.453299,-2.171395,-1.882299,-0.663315,1.0,66.894707,65.44215835,0.9693588322065182,63.503440685586966,67.38087601441303,66.11540881544215,-0.7675914933067673,0.01553480485126702
2015-09-25,-0.385302,0.977018,-0.990782,1.835758,1.835739,-2.262267,-3.272316,-3.960358,-3.853023,-3.719269,-2.59666,1.0,68.122719,65.49793495,1.0888754340534128,63.320184081893174,67.67568581810683,66.30658121397147,-0.5250242830025798,0.01819092393656188
2015-09-28,0.752405,1.254007,-0.027863,-1.238477,-1.238484,-0.724519,-1.542408,-2.47641,-2.608312,-2.515796,-1.55402,-1.0,67.27903,65.52418275,1.1264284458999254,63.27132585820014,67.77703964179985,66.39919538406943,-0.39629839136250666,-0.012462171653570988
2015-09-29,-0.705592,0.179863,-1.286664,0.710606,0.710617,-0.846703,-1.845596,-2.952403,-3.184138,-3.029879,-2.398538,1.0,67.757126,65.5996455,1.2238076511381009,63.15203019772379,68.0472608022762,66.52852210939615,-0.25278983932128085,0.007081036840028468
2015-09-30,1.278842,1.556847,-0.542117,-0.470389,-0.470395,0.088965,-1.125932,-2.173102,-2.515283,-2.375862,-2.085064,0.0,67.4384,65.74213360000002,1.265102927913281,63.21192774417345,68.27233945582658,66.61517714659652,-0.16289900408305868,-0.00471504642075007
2015-10-01,-0.264065,0.319671,-0.764413,0.013894,0.013905,0.239049,-0.902013,-1.850358,-2.380123,-2.33106,-2.19921,0.0,67.447777,65.84243725,1.3184314437483147,63.20557436250338,68.47930013749664,66.69447237073018,-0.08986728981854242,0.00013903574441297565
2015-10-02,-1.46368,0.0,-1.560338,0.653233,0.653242,-0.480543,-1.202714,-2.119127,-2.841763,-2.913014,-2.902521,1.0,67.888374,65.95914715,1.3927879384247808,63.17357127315044,68.74472302684957,66.8081772878035,0.0035227574236813552,0.006511173154395002
2015-10-05,-0.341437,0.286806,-0.983339,1.104671,1.104655,-1.171808,-1.931163,-2.718742,-3.598738,-3.863966,-3.900569,1.0,68.638306,66.16819294999999,1.467291117798073,63.233610714403845,69.10277518559613,66.98247526039364,0.13647508779951067,0.010985977869421114
2015-10-06,-0.081752,0.517707,-1.10355,0.245836,0.245826,-1.108983,-1.734322,-2.598535,-3.602168,-3.95094,-3.942767,0.0,68.807037,66.32849185,1.5733615290227336,63.18176879195454,69.47521490804547,67.15624304511806,0.2525447701418386,0.0024552462976134533
2015-10-07,0.0,0.203475,-0.542595,0.435966,0.435996,-1.055359,-1.691553,-2.693992,-3.665236,-4.106362,-4.120109,0.0,69.107033,66.57409735,1.6058379870288682,63.36242137594227,69.78577332405774,67.34203256463063,0.36453585721753257,0.004350483937734667
2015-10-08,-0.967745,0.053763,-1.223124,0.92241,0.922411,-1.301088,-2.181471,-3.210589,-4.137114,-4.736037,-4.839621,1.0,69.744484,66.85907545,1.6387731351447543,63.5815291797105,70.13662172028951,67.57083746323723,0.4989746991461601,0.009181829513686186
2015-10-09,0.147681,0.577338,-0.214827,0.107528,0.10751,-0.853918,-2.043503,-2.908162,-3.833243,-4.593984,-4.807554,0.0,69.819466,67.1431159,1.6347481135713264,63.873619672857345,70.41261212714265,67.78499256197654,0.6045994248834319,0.0010745182722967552
2015-10-12,0.484327,0.578501,-0.565045,-0.201398,-0.201379,-0.355183,-1.501427,-2.382185,-3.217424,-4.101723,-4.475551,0.0,69.678864,67.43699964999999,1.5271200337667445,64.3827595824665,70.49123971753347,67.96536127035972,0.6692477037387476,-0.0020158240978497845
2015-10-13,0.175411,0.229386,-0.607201,-0.295979,-0.295995,0.132246,-0.96208,-1.739754,-2.615704,-3.594115,-4.037239,0.0,69.472618,67.65541965,1.4878020218001997,64.6798156063996,70.6310236936004,68.10890953032546,0.6958186378420663,-0.002964339984952122
2015-10-14,0.0,0.539014,-0.417729,0.134932,0.134924,0.129379,-0.789637,-1.517304,-2.470005,-3.415162,-3.928029,0.0,69.566353,67.84806035,1.4724862485060675,64.90308785298787,70.79303284701213,68.24771367029447,0.7161842000273566,0.0013483272139687911
2015-10-15,0.498185,0.767469,-0.323143,0.080849,0.080838,0.013486,-0.5574,-1.335645,-2.277477,-3.172725,-3.80546,0.0,69.622589,68.0369508,1.4440135408262214,65.14892371834756,70.92497788165244,68.37865417788548,0.7284645441893076,0.0008080527411427874
2015-10-16,-0.240322,0.186915,-0.747672,0.848263,0.848286,-0.715629,-1.062755,-1.967073,-2.768362,-3.641126,-4.393418,1.0,70.213188,68.26943255,1.398414203522526,65.47260414295495,71.06626095704506,68.55337168475353,0.7768976167470925,0.008447087353913757
2015-10-19,-0.678555,0.039912,-0.838218,0.347132,0.347127,-0.83822,-1.146888,-2.005502,-2.804686,-3.596596,-4.440307,0.0,70.456917,68.4808217,1.3932968474801055,65.69422800503979,71.26741539496022,68.734661714777,0.8254329913522156,0.003465259998092384
2015-10-20,0.591164,0.833001,-0.362752,-0.971267,-0.971259,0.220331,-0.038965,-0.851812,-1.566577,-2.383452,-3.30378,-1.0,69.772598,68.67955635000001,1.2683387553192704,66.14287883936147,71.21623386063855,68.83351278956015,0.7994630883636233,-0.009760062741095303
2015-10-21,0.217426,1.290943,-0.122294,-1.128583,-0.239961,0.472553,0.273046,-0.405793,-1.061032,-1.925007,-2.812096,0.0,69.605171,68.86663784999999,1.0952483746829074,66.67614110063417,71.05713459936581,68.90700404769727,0.7566496078071623,-0.0024024933349596654
2015-10-22,-1.322641,1.015368,-1.656643,1.712192,1.71219,-0.887016,-1.26626,-1.766952,-2.450945,-3.296174,-4.130221,1.0,70.796944,69.0617497,1.0728223701012256,66.91610495979754,71.20739444020245,69.08699832886896,0.8095537058577094,0.01697697536870471
2015-10-23,-0.350509,1.843435,-0.934702,2.912493,2.912507,-2.965735,-3.643336,-4.092217,-4.886637,-5.632451,-6.444457,1.0,72.85891,69.29855925000001,1.343269408000524,66.61202043399896,71.98509806600106,69.44622801183382,1.0062644185086214,0.028708995344592775
2015-10-26,-0.632337,0.529106,-0.632337,0.597169,0.597156,-2.767578,-3.722083,-4.238065,-5.040909,-5.807064,-6.56809,1.0,73.293991,69.5993073,1.527968552181504,66.543370195637,72.65524440436302,69.81268162975441,1.1836224136794726,0.005953796089442203
2015-10-27,-0.219948,0.090568,-0.621042,-0.258094,-0.258077,-1.604361,-2.976118,-3.598355,-4.429451,-5.163539,-5.961539,0.0,73.104836,69.86669280000001,1.6515426511838076,66.56360749763239,73.16977810236763,70.12622014120637,1.2940002456374913,-0.0025841068420386945
2015-10-28,1.150172,1.346228,-1.071755,-1.009185,-1.009196,0.162068,-1.59996,-2.315232,-3.114592,-3.837222,-4.69636,-1.0,72.367065,70.11312605,1.6377927657415958,66.83754051851682,73.3887115814832,70.33963393728196,1.3068786353979078,-0.010143227941425857
2015-10-29,-0.350554,0.220728,-1.012723,0.666573,0.666559,0.062338,-1.808564,-2.677904,-3.385373,-4.146998,-5.0069,1.0,72.849434,70.3832089,1.6204180495104972,67.142372800979,73.624044999021,70.57866251468369,1.340554916430733,0.00664347064502511
2015-10-30,0.785554,0.995028,0.0,-0.830953,-0.830936,0.730556,-0.704701,-1.638699,-2.274382,-3.115656,-3.902715,-1.0,72.244102,70.6009953,1.5590051159444513,67.48298506811109,73.7190055318889,70.73727579899952,1.30337389540027,-0.008344072779500245
2015-11-02,-0.039162,0.221931,-0.718009,0.288035,0.28803,0.20888,-0.714489,-1.666009,-2.291853,-3.108307,-3.892403,0.0,72.452187,70.79168935,1.539427765984291,67.71283381803141,73.87054488196858,70.90060067528528,1.2759895752721206,0.0028761642041208874
2015-11-03,-0.973394,0.480201,-1.414671,0.587474,0.587483,-0.438689,-0.86828,-1.928831,-2.58323,-3.393147,-4.129895,1.0,72.877831,70.99522905,1.5323097964041454,67.93060945719172,74.05984864280829,71.0889083252581,1.2739479389862822,0.0058576366109591655
2015-11-04,-0.038929,0.103817,-0.713724,0.012972,0.012949,-0.308838,-0.430818,-1.637779,-2.336522,-3.106625,-3.821093,0.0,72.887268,71.1842408,1.5202408251618336,68.14375914967633,74.22472245032367,71.26018067523351,1.2585832502838485,0.00012948229827201114
2015-11-05,0.916346,1.138896,-0.562901,-0.869451,-0.869432,0.400572,0.644059,-0.532333,-1.306328,-1.990764,-2.730325,-1.0,72.253563,71.30969475,1.4985482029747834,68.31259834405044,74.30679115594957,71.35478851568746,1.1816505938898274,-0.008732332900232466
2015-11-06,0.410212,0.569009,-1.164481,-1.073438,-1.073427,1.275625,1.542924,0.66493,-0.119413,-0.726412,-1.518406,-1.0,71.477974,71.39262015,1.4570570800416531,68.4785059899167,74.3067343100833,71.36652046657437,1.0460392694342318,-0.010792294358568783
2015-11-09,-0.278515,0.305033,-0.623345,-0.224954,-0.224971,1.185678,1.494695,0.972324,0.220657,-0.352321,-1.107611,0.0,71.317169,71.47453540000001,1.400598028779749,68.67333934244051,74.2757314575595,71.36182032690063,0.9150426560352827,-0.002252248425217785
2015-11-10,-0.514716,0.6203,-0.712675,0.49071,0.4907,0.353715,0.798483,0.655506,-0.11562,-0.679272,-1.408646,0.0,71.667122,71.58426060000001,1.3190994906412141,68.94606161871758,74.22245958128244,71.3908966767196,0.8298986238163337,0.004894995056032928
2015-11-11,0.078986,0.618748,-0.052661,0.250762,0.250779,-0.186943,0.473927,0.61172,-0.206777,-0.775188,-1.450744,0.0,71.846848,71.69828534999999,1.2311187476659664,69.23604785466806,74.16052284533193,71.43432061227011,0.7680699190998865,0.0025046494631256813
2015-11-12,1.352791,1.808194,0.0,-1.711421,-1.711428,1.087595,1.90731,2.346634,1.601276,1.001978,0.41483,-1.0,70.617241,71.74801795,1.160945371701918,69.42612720659616,74.06990869340385,71.35650350633964,0.612787384987584,-0.01726242090643103
2015-11-13,0.919416,1.379129,-0.013524,-0.93759,-0.937602,1.608989,2.544633,3.038594,2.544464,1.965695,1.463713,-1.0,69.955132,71.73511515,1.1801760879939107,69.37476297401217,74.09546732598783,71.22303955335491,0.4313261359253602,-0.009420256373657246
2015-11-16,-1.394426,0.039839,-1.713149,1.811796,1.811813,-0.225774,0.547138,1.011059,0.773365,0.237842,-0.220956,1.0,71.222588,71.7733987,1.148524851129784,69.47634899774043,74.07044840225957,71.2229965482735,0.3853478452250414,0.01795595018591242
2015-11-17,0.346346,1.252167,-0.266414,-0.305449,-0.305444,-0.106574,0.591439,1.123387,1.1689,0.631278,0.187932,0.0,71.005043,71.83502095,1.0655934434140133,69.70383406317197,73.96620783682803,71.20223906748555,0.32757952236610777,-0.0030591126087433393
2015-11-18,-1.21212,0.079047,-1.436105,1.105637,1.105647,-1.214771,-0.661413,-0.036032,0.214737,-0.345278,-0.783099,1.0,71.790108,71.9442678,0.9280819846712635,70.08810383065747,73.80043176934254,71.25822658486788,0.34121260819041765,0.010995792287109351
2015-11-19,-0.104962,0.970871,-0.262404,0.421606,0.421587,-1.220148,-1.100758,-0.52567,-0.11611,-0.62659,-1.091052,0.0,72.092766,72.0090589,0.8881420380632612,70.23277482387348,73.78534297612651,71.33770652916618,0.37214899613604757,0.004207011411153815
2015-11-20,0.962811,1.371671,-0.184648,-0.524798,-0.524799,-0.20838,-0.546027,-0.050115,0.33105,-0.018594,-0.481162,-1.0,71.714424,71.9518346,0.8671247023062781,70.21758519538744,73.68608400461255,71.37358438353131,0.3619647645135444,-0.00526180746480245
2015-11-23,-0.197448,0.118464,-0.750295,0.197838,0.197846,-0.229038,-0.667374,-0.302756,0.032902,-0.138113,-0.576658,0.0,71.856308,71.87995045,0.8075497262338713,70.26485099753225,73.49504990246774,71.41955806129023,0.36117909284905636,0.001976503765265379
2015-11-24,-1.085669,0.313937,-1.098752,0.631823,0.63183,-0.494443,-1.202097,-0.98104,-0.650106,-0.62473,-1.070089,1.0,72.310318,71.84022454999999,0.7624028262962501,70.31541889740748,73.3650302025925,71.50439234116735,0.39266485900537873,0.006298427222503201
2015-11-25,0.830036,1.106714,-0.026357,-0.719418,-0.719413,0.226601,-0.494085,-0.365409,0.029626,0.21711,-0.249965,-1.0,71.790108,71.81137670000001,0.7522671054598198,70.30684248908037,73.31591091091965,71.53160335629427,0.3713601474867687,-0.007220134934119903
2015-11-27,0.250993,0.885081,-0.264197,-0.263511,-0.263527,0.354037,-0.093784,-0.162918,0.206742,0.52682,0.105698,0.0,71.600922,71.7489511,0.7123349032414008,70.3242812935172,73.1736209064828,71.53820513188529,0.3353446367814428,-0.0026387439963949594
2015-11-30,0.988784,1.296101,0.0,-1.136065,-1.136062,1.245331,1.171841,0.919298,1.255348,1.564941,1.283073,-1.0,70.787491,71.67612055,0.7332029446562076,70.20971466068758,73.1425264393124,71.46670854789622,0.2384166823908913,-0.011425646679838865
2015-12-01,-1.409006,0.368711,-1.409006,1.46981,1.469812,-0.22913,-0.209378,-0.495133,-0.254812,0.012108,-0.120409,1.0,71.827934,71.6449079,0.7113896038696709,70.22212869226067,73.06768710773935,71.5011109719061,0.24275728014880826,0.014591149018679988
2015-12-02,-0.079163,0.884019,-0.18472,-0.197526,-0.197533,-0.205827,0.08313,-0.296429,-0.140517,0.13089,0.16625,0.0,71.68605,71.58531885,0.6499394468014946,70.285439956397,72.88519774360299,71.51872421267694,0.2320731868805268,-0.001977285310767789
2015-12-03,0.118833,0.60734,-0.752575,-0.065976,-0.065985,-0.182191,0.128086,-0.249961,-0.161721,0.156339,0.32701,0.0,71.638748,71.52289285,0.5738075681944896,70.37527771361103,72.67050798638898,71.53015504956485,0.2172843709366532,-0.0006600672371768985
2015-12-04,-2.376974,0.08994,-2.454072,2.759446,2.759452,-2.315302,-2.353844,-2.657069,-2.750221,-2.491581,-2.239493,1.0,73.615585,71.59099395,0.725787186119659,70.13941957776068,73.04256832223932,71.72876742579678,0.36091791547137575,0.027220655266220334
2015-12-07,-1.059081,0.165876,-1.059081,0.693821,0.693838,-2.087548,-2.701301,-2.952672,-3.241687,-3.061899,-2.856124,1.0,74.126358,71.72341315,0.9197589563385759,69.88389523732285,73.56293106267715,71.9571093852447,0.5100837191328083,0.006914421519015022
2015-12-08,-0.090032,0.96463,-0.514472,-0.791123,-0.791126,-0.841165,-1.696468,-1.968707,-2.318977,-2.229717,-2.070318,-1.0,73.539925,71.83455095000001,0.9989684942489833,69.83661396150204,73.83248793849798,72.10785372950711,0.5743576140911131,-0.007942721535329938
2015-12-09,-0.128699,1.660233,-0.334614,-0.064313,-0.064323,-0.285708,-1.472322,-1.679957,-2.131909,-2.133326,-1.989698,0.0,73.492622,71.92582595,1.0641371013417706,69.79755174731646,74.05410015268355,72.239736421935,0.6143958096955799,-0.0006434357915597322
2015-12-10,0.154265,0.964134,-0.282814,0.115835,0.115844,0.125977,-1.343367,-1.631749,-2.127528,-2.20903,-2.048257,0.0,73.577759,72.0123715,1.1259664919569987,69.760438516086,74.264304483914,72.36716714365548,0.6455546602723388,0.0011577723390825791
2015-12-11,-0.347129,0.707127,-0.861401,-0.012858,-0.012859,0.125998,-1.063258,-1.485388,-1.914376,-2.12497,-2.003089,0.0,73.568298,72.15992435,1.1268795193084067,69.90616531138318,74.41368338861682,72.48156055854543,0.6618553932282367,-0.0001285933202143321
2015-12-14,-0.843025,0.30655,-1.085706,0.655698,0.655685,-0.546678,-1.267077,-1.916796,-2.276782,-2.623571,-2.560132,1.0,74.050674,72.36470145,1.0761149246091841,70.21247160078163,74.51693129921837,72.63099993392204,0.7055642479004973,0.0065354433837484065
2015-12-15,-1.217371,0.401606,-1.50602,1.775449,1.775454,-1.797187,-2.520078,-3.317432,-3.706697,-4.107426,-4.131104,1.0,75.36541,72.57184255,1.2321167761546623,70.10760899769068,75.03607610230932,72.89141994021519,0.836647683921214,0.01759877380824323
2015-12-16,-1.247061,0.296339,-1.469311,1.644074,1.644079,-2.573157,-3.454748,-4.507552,-4.898751,-5.400665,-5.519611,1.0,76.604477,72.85181424999999,1.4704764708112636,69.91086130837746,75.79276719162252,73.24504442209945,1.0286568866847716,0.016307105075047956
2015-12-17,0.859387,0.921656,-0.112099,-0.864301,-0.864302,-1.101012,-2.046333,-3.310502,-3.79624,-4.360195,-4.561798,-1.0,75.942383,73.059428,1.600099431554952,69.8592291368901,76.2596268631099,73.50193381047093,1.1145522462666548,-0.008680587165628298
2015-12-18,2.329451,2.547045,0.0,-2.690253,-2.690257,1.722774,0.700123,-0.430046,-1.014328,-1.538454,-1.849048,-1.0,73.899338,73.1497566,1.5936365875880052,69.96248342482399,76.33702977517602,73.53978182852131,1.0061697815941528,-0.027271064485572788
2015-12-21,-0.40532,0.038006,-1.013293,1.049533,1.04953,0.833445,-0.272316,-1.117154,-1.844196,-2.308286,-2.725767,1.0,74.674934,73.2977821,1.5907897632858556,70.1162025734283,76.47936162657172,73.64789155913833,0.9716593288553526,0.010440610409241545
2015-12-22,-0.552756,0.188445,-0.904524,0.823307,0.823322,-0.010058,-0.854279,-1.618098,-2.417719,-2.889955,-3.344227,1.0,75.289749,73.46945414999999,1.6121624582370009,70.24512923352599,76.693779066474,73.80425893445849,0.9825932552981129,0.008199509808554764
2015-12-23,0.037536,0.638141,-0.525523,0.40201,0.402002,-0.678178,-0.973472,-1.6675,-2.591339,-3.036033,-3.558139,0.0,75.592415,73.633559,1.6544524641061555,70.32465407178769,76.94246392821232,73.9745595121291,1.0041063742455947,0.004011957383788559
2015-12-24,-0.162924,0.451186,-0.238129,-0.162659,-0.162666,-0.641683,-0.561471,-1.168897,-2.188867,-2.683038,-3.241002,0.0,75.469452,73.8175262,1.6432054532189668,70.53111529356207,77.10393710643794,74.11693022525967,0.9997095600392498,-0.0016279823571579341
2015-12-28,-0.225225,0.062566,-0.563059,0.162924,0.162931,-0.355356,-0.455456,-1.15532,-2.083958,-2.656154,-3.17901,0.0,75.592415,74.01710085,1.601687503569732,70.81372584286053,77.22047585713948,74.25745258475875,0.9946810752902593,0.001627982357157894
2015-12-29,-0.174216,0.3111,-0.634648,0.550554,0.550553,-0.550025,-0.742909,-1.531443,-2.276631,-2.963166,-3.443669,1.0,76.008591,74.27815585,1.4674595537610469,71.34323674247791,77.2130749575221,74.42422767192458,1.0126052074636505,0.005490425907338907
2015-12-30,0.487073,0.53703,-0.087424,-0.360877,-0.36088,-0.072435,-0.334705,-0.981639,-1.664791,-2.40689,-2.895379,0.0,75.734291,74.4734737,1.3816289871940473,71.7102157256119,77.2367316743881,74.54899560793176,0.993227188995931,-0.0036153300261203237
2015-12-31,0.629644,0.793347,-0.125936,-0.824274,-0.824266,0.629634,0.294663,-0.015121,-0.619579,-1.446678,-1.906149,-1.0,75.110039,74.64467315,1.2208360804464715,72.20300098910705,77.08634531089295,74.60242831193825,0.9169282720882137,-0.008276818409179076
