date,c_open,c_high,c_low,n_close,n_adj_close,adj_sum_5,adj_sum_10,adj_sum_15,adj_sum_20,adj_sum_25,adj_sum_30,label,closing_price_for_label,melody_ma20,melody_std20,melody_lb20,melody_ub20,melody_ema20,melody_macd_12_26,melody_str_log_return
2013-06-03,-1.547954,0.303103,-2.359818,1.616976,1.616979,-0.125564,1.008876,1.720429,1.634551,1.939377,1.923574,1.0,76.653587,,,,,,,
2013-06-04,0.533244,1.012081,-0.511482,-0.530416,-0.530419,0.087067,1.209056,2.106867,2.11013,2.305798,2.433343,-1.0,76.247002,,,,,,,-0.005318304670922499
2013-06-05,1.315356,1.381673,-0.066317,-1.545324,-1.545341,1.264523,2.363229,3.378665,3.539309,3.685213,3.925809,-1.0,75.068726,,,,,,,-0.015574056068082966
2013-06-06,-2.010867,0.0,-2.793478,1.691167,1.691168,-0.510859,0.446754,1.34784,1.680993,1.801318,2.123202,1.0,76.338264,,,,,,,0.01677026607282052
2013-06-07,0.608107,1.064181,-1.107608,0.097822,0.097813,-0.351813,0.107531,1.006286,1.493673,1.575007,1.931107,0.0,76.412933,,,,,,,0.000977655264429125
2013-06-10,0.687553,1.200487,-0.240088,-0.49951,-0.499511,-0.015268,0.338339,1.218692,1.91097,1.970122,2.308947,0.0,76.031242,,,,,,,-0.005007627187029188
2013-06-11,-0.153466,1.205743,-0.416535,-0.436532,-0.436513,0.278402,0.544774,1.386968,2.203768,2.334756,2.584674,0.0,75.699356,,,,,,,-0.004374681622203206
2013-06-12,0.05455,0.545554,-0.600113,0.460374,0.460369,0.07637,0.018549,0.722316,1.554831,1.780255,1.971272,0.0,76.047852,,,,,,,0.004593120588785239
2013-06-13,-0.907328,0.205223,-1.31778,1.01473,1.014743,-0.803646,-0.968904,-0.389582,0.333757,0.674436,0.835666,1.0,76.819542,,,,,,,0.010096287180441034
2013-06-14,0.217105,1.139812,-0.162833,-0.496866,-0.496867,-0.301791,-0.343044,-0.050666,0.654572,1.108112,1.234614,0.0,76.437851,,,,,,,-0.004981055487155353
2013-06-17,-0.043258,0.573158,-0.702932,0.379937,0.379933,-0.497458,-0.710508,-0.547928,0.100029,0.688654,0.78692,0.0,76.728264,,,,,,,0.0037921357216456476
2013-06-18,-0.151106,0.248241,-0.766325,0.194659,0.194632,-0.384221,-0.821356,-0.792208,-0.221241,0.433049,0.574586,0.0,76.877602,,,,,,,0.0019444315629403945
2013-06-19,2.73654,3.179697,0.0,-2.579601,-2.579556,1.945471,1.781492,1.687692,2.191423,2.884088,3.113944,-1.0,74.894501,,,,,,,-0.026134102770923522
2013-06-20,3.728505,3.728505,-0.346295,-4.02172,-4.02174,4.843592,5.426526,5.503098,6.04987,6.748704,7.131482,-1.0,71.882439,,,,,,,-0.041048477045143986
2013-06-21,0.022872,1.120516,-0.926134,0.9581,0.958088,2.782997,3.896649,4.238899,4.651854,5.370696,5.876604,1.0,72.571136,,,,,,,0.009535274126695118
2013-06-24,-0.276335,1.358666,-0.921123,-0.697463,-0.697452,2.210707,4.075996,4.546534,4.968338,5.70409,6.371909,-1.0,72.064987,,,,,,,-0.006998957876630216
2013-06-25,0.080925,0.508673,-0.520228,-0.402991,0.581407,0.40758,3.03079,3.596105,4.017857,4.743003,5.501938,1.0,72.483978,,,,,,,0.005797235192257763
2013-06-26,-0.479778,0.993835,-0.6854,1.202313,1.2023,-1.204893,1.439733,2.209661,2.564654,3.227397,4.001407,1.0,73.355453,,,,,,,0.011951299686095637
2013-06-27,0.672139,1.34427,-0.102526,0.274158,0.27417,-1.019823,0.718775,1.678085,2.071445,2.704992,3.4293,0.0,73.556572,,,,,,,0.0027379532157265395
2013-06-28,1.015928,1.962592,-0.069274,-1.321481,-1.321474,0.309384,1.5367,2.688102,3.242082,3.767898,4.510927,-1.0,72.584541,74.93779140000001,1.831620401358322,71.27455059728337,78.60103220271665,74.4953862913802,,-0.013302831963614278
2013-07-01,-0.479833,0.49126,-0.479833,1.050561,1.050547,-0.383863,0.020113,1.376561,1.943349,2.430041,3.149696,1.0,73.347076,74.77246585,1.8177719559355605,71.13692193812888,78.40800976187113,74.38602340648684,,0.010450674854250754
2013-07-02,-0.194151,0.9365,-0.582452,0.034273,0.034296,-0.175893,-0.491929,1.13036,1.712496,2.171705,2.866494,0.0,73.372231,74.6287273,1.8086748297304023,71.0113776405392,78.2460769594608,74.28947174872619,,0.0003428996600492372
2013-07-03,-0.76353,0.490028,-1.082618,0.216996,0.216968,-0.344147,-0.892736,0.683266,1.387757,1.786532,2.426274,0.0,73.531425,74.55186225,1.8216114456228498,70.9086393587543,78.1950851412457,74.21727682027607,,0.0021673260781909114
2013-07-05,0.697064,0.845615,-1.062736,-0.273502,-0.273513,-0.132539,-0.423476,0.642186,1.460729,1.882607,2.496156,0.0,73.330307,74.4014644,1.7902612668541482,70.8209418662917,77.98198693370828,74.1328035040593,,-0.002738877214426518
2013-07-08,-0.632266,0.620981,-0.891951,1.211288,1.211303,-0.887432,-1.393245,-0.761653,0.09861,0.597772,1.088189,1.0,74.218559,74.2917457,1.7266084379550735,70.83852882408986,77.74496257591015,74.14097069414889,,0.012040251541140573
2013-07-09,0.112132,0.807358,-0.280332,0.688721,0.688725,-1.195338,-1.711146,-1.618748,-0.673161,-0.193308,0.246516,1.0,74.729721,74.22666965,1.6815349254140863,70.86359979917184,77.58973950082817,74.197042151849,-0.585842909896698,0.006863644302824615
2013-07-10,0.893363,1.673645,-0.237475,-0.840996,-0.841013,-0.160571,-0.659263,-1.034112,0.061442,0.53737,0.94536,-1.0,74.101234,74.14676355,1.645454084229289,70.85585538154143,77.43767171845857,74.18791756595863,-0.5238826718823617,-0.008445699160075303
2013-07-11,-0.553465,0.819134,-0.752703,2.159896,2.159897,-1.69802,-2.449617,-3.05539,-2.076948,-1.554775,-1.226021,1.0,75.701744,74.12945815,1.6261142105711248,70.87722972885776,77.38168657114225,74.3320915120578,-0.341692141564792,0.02136901315237155
2013-07-12,1.438128,1.895212,-0.735782,-0.708434,-0.708409,-0.508373,-1.539584,-2.072544,-1.488332,-0.914816,-0.58877,-1.0,75.165466,74.04675434999999,1.5207453827706647,71.00526358445866,77.08824511554131,74.41146051090944,-0.2378363569391695,-0.007109301732554222
2013-07-15,0.078115,0.636089,-0.446381,-0.10033,-0.100355,-0.176314,-1.10701,-1.750537,-1.479118,-0.885749,-0.504168,0.0,75.090034,73.9793635,1.4367529650741169,71.10585756985176,76.85286943014825,74.4760865574895,-0.15977484639843453,-0.0010040498529106934
2013-07-16,-0.478043,0.889386,-0.711505,0.379417,0.379438,-0.382445,-1.21179,-1.829168,-1.941303,-1.295233,-0.936811,0.0,75.374954,73.911698,1.3282471444355173,71.25520371112897,76.56819228887103,74.56169298058575,-0.07406608632921063,0.003787197863564134
2013-07-17,0.61309,1.047824,0.0,-0.266813,-0.266834,0.169444,-0.707827,-1.327969,-1.792271,-1.059113,-0.719356,0.0,75.173828,73.8265093,1.1736540413070535,71.47920121738589,76.1738173826141,74.6199915538633,-0.022115529735614814,-0.002671906301501616
2013-07-18,-1.086836,1.064422,-1.792715,-0.512762,-0.512738,0.441446,-0.028026,-0.6917,-1.293222,-0.616553,-0.220177,-1.0,74.788383,73.82120339999999,1.1688015467234123,71.48360030655316,76.15880649344682,74.63602883444776,-0.011909247165291958,-0.005140573031394055
2013-07-19,0.789975,0.993113,-0.180571,-0.717086,-0.717101,0.92089,0.818192,0.088029,-0.420715,-0.037037,0.406859,-1.0,74.252075,73.9396852,1.0785450300530919,71.78259513989381,76.09677526010618,74.5994618025956,-0.04655955857413119,-0.00719684201207451
2013-07-22,-0.257764,0.975003,-0.739665,0.699698,0.699707,0.134477,0.191629,-0.412427,-0.96549,-0.820762,-0.363983,1.0,74.771622,74.04970949999999,1.043249307887725,71.96321088422454,76.13620811577545,74.61585801187222,-0.03173130046340589,0.006972704548717631
2013-07-23,0.473077,1.013743,-0.225273,-0.504319,-0.504313,0.378456,0.654415,0.186218,-0.306947,-0.443531,0.067707,-1.0,74.394539,74.1661871,0.9343575503432413,72.29747199931352,76.03490220068649,74.59478001074153,-0.049832804217530224,-0.005055889361526619
2013-07-24,0.338824,0.440478,-0.734134,-0.270329,-0.270341,0.386271,0.939688,0.531585,0.078496,-0.318372,0.271306,0.0,74.19342,74.25165919999999,0.8464247155547377,72.55880976889051,75.94450863110947,74.55655524781376,-0.07949067976029767,-0.0027070716116453317
2013-07-25,-1.266538,0.504368,-1.266538,0.768014,0.768005,-0.385553,0.044843,-0.124778,-0.590104,-1.08512,-0.550188,1.0,74.763229,74.32204800000001,0.826268964333085,72.66951007133385,75.97458592866617,74.5762384623077,-0.056366181342113464,0.007650706205100405
2013-07-26,-0.225019,0.123764,-1.305126,-0.381085,-0.381075,0.056261,0.335287,0.360038,-0.147948,-0.567321,-0.274543,0.0,74.478325,74.36813565,0.8068024995226495,72.7545306509547,75.98174064904529,74.56691337065935,-0.06033373179691637,-0.0038180297438524732
2013-07-29,-0.078944,0.530056,-0.360889,-0.236273,-0.236262,0.166904,0.466893,0.605232,0.20412,-0.238644,-0.134174,0.0,74.302361,74.45402664999999,0.6898987852133385,73.07422907957331,75.83382422042666,74.54171790678703,-0.07679166184786368,-0.002365415656787676
2013-07-30,-0.078502,0.302797,-0.560727,0.563889,0.563858,-0.307261,-0.183898,0.040392,-0.265764,-0.655804,-0.783648,1.0,74.721321,74.5227389,0.6405148178138581,73.24170926437228,75.80376853562771,74.5588229632835,-0.05538962229407218,0.005622745300222729
2013-07-31,-0.044854,0.852211,-0.392462,0.011217,0.011242,-0.174937,-0.254546,0.085214,-0.186148,-0.546764,-0.890607,0.0,74.729721,74.59061340000001,0.5813758459893282,73.42786170802135,75.75336509197867,74.57509896678032,-0.03732033634970833,0.00011241139434607719
2013-08-01,-0.111468,0.211797,-0.378995,0.594303,0.594284,-0.655437,-0.792542,-0.55288,-0.666581,-1.037552,-1.463733,1.0,75.173828,74.67273355,0.5382889281854876,73.59615569362903,75.74931140637098,74.63212077946791,0.012689153622076788,0.005925253968893972
2013-08-02,-0.223236,0.178596,-0.535769,-0.133768,-0.133743,-0.36389,-0.550292,-0.427883,-0.417466,-0.824206,-1.190094,0.0,75.073288,74.7598826,0.4419919099573055,73.8758987800854,75.6438664199146,74.67413670523287,0.04370548731938584,-0.0013383287171599193
2013-08-05,0.190538,0.381077,-0.571623,-0.412987,-0.413008,0.172609,-0.138976,-0.044078,0.03195,-0.296338,-0.682573,0.0,74.763229,74.7871161,0.42326592418313297,73.94058425163374,75.63364794836627,74.68262168568688,0.04277391414981935,-0.004138636545662696
2013-08-06,0.270367,0.450604,-0.236565,-0.504376,-0.504368,0.590292,0.366116,0.374004,0.515943,0.264959,-0.075095,-1.0,74.386147,74.76993739999999,0.43258748284044596,73.9047624343191,75.63511236568088,74.65438600133575,0.011475981733198637,-0.005056444935099796
2013-08-07,0.498813,0.498813,-0.37411,-0.630842,-0.630855,1.008966,0.965889,0.897873,1.141609,0.930975,0.623907,-1.0,73.916878,74.76071959999999,0.44923053640375105,73.86225852719248,75.6591806728075,74.58414714406568,-0.0506105349092536,-0.006328536672788142
2013-08-08,-0.940022,0.492393,-1.063112,1.303709,1.303729,-0.369301,-0.317825,-0.392427,-0.214867,-0.295889,-0.603183,1.0,74.880554,74.7196601,0.39266090454054653,73.9343382909189,75.5049819090811,74.61237636844038,-0.021802620199949274,0.012953039053213876
2013-08-09,0.732808,0.980838,-0.304393,-0.73859,-0.738603,0.171369,0.403615,0.355516,0.471262,0.499672,0.171,-1.0,74.327484,74.677761,0.38725876256319597,73.9032434748736,75.4522785251264,74.58524376192224,-0.043103397904062035,-0.007413441533458338
2013-08-12,-0.10193,0.486976,-0.339754,-0.450952,-0.450953,0.416761,0.816535,0.739905,0.852214,0.9427,0.68819,0.0,73.992302,74.6228744,0.4032141830876861,73.81644603382463,75.42930276617537,74.52877311792965,-0.08603899983287988,-0.004519728346826841
2013-08-13,-0.135858,0.294344,-0.849089,0.033974,0.033985,0.283021,0.687189,0.671717,0.726249,0.869915,0.684173,0.0,74.017448,74.5549991,0.38373703616006055,73.78752502767988,75.32247317232013,74.48007548765064,-0.1166915540525224,0.00033978842936959196
2013-08-14,0.385572,0.907239,-0.419599,-0.16982,-0.169796,0.446792,0.745041,0.815729,0.810817,1.03014,0.878859,0.0,73.891769,74.49089615,0.3820009189568669,73.72689431208626,75.25489798791374,74.42404629835058,-0.14940294491916006,-0.001699407687982125
2013-08-15,0.745928,1.021345,-0.218042,-1.179407,-1.179445,1.136117,1.652527,1.859856,1.892946,2.089068,2.059536,-1.0,73.020256,74.4024898,0.49686065557216597,73.40876848885567,75.39621111114432,74.29035198422196,-0.24285133440248785,-0.011864559397200835
2013-08-16,1.107868,1.632655,-0.174929,-1.595133,-1.595125,2.087469,2.852481,3.267641,3.377847,3.559655,3.645486,-1.0,71.855492,74.28266065,0.7563044634553657,72.77005172308927,75.79526957691073,74.05846055715321,-0.4062139947167367,-0.016079835484696468
2013-08-19,0.516667,0.751525,-0.117433,-0.688042,-0.688038,2.057303,3.088299,3.708307,3.855091,4.068103,4.230072,-1.0,71.361099,74.1121345,0.9889598018462561,72.13421489630748,76.09005410369251,73.80156898028149,-0.5690142215188985,-0.006904157687530014
2013-08-20,1.199385,1.223131,-0.035624,-1.115553,-1.115557,2.230146,3.709778,4.485616,4.755378,4.969487,5.209205,-1.0,70.565025,73.9206588,1.2639071196148242,71.39284456077036,76.44847303922964,73.49332669644515,-0.7535842428422939,-0.011218263788723865
2013-08-21,0.429748,1.241496,-0.119373,-0.522506,-0.522527,1.714237,3.724511,4.603903,5.020918,5.237227,5.57641,-1.0,70.196304,73.720803,1.5104780721318571,70.69984685573628,76.74175914426372,73.17932453487896,-0.9190161713111564,-0.005238965076114057
2013-08-22,-0.510871,0.23762,-0.510871,0.477499,0.477525,0.525122,2.614944,3.667973,4.221812,4.495664,4.830305,0.0,70.531509,73.50921699999999,1.646989401213331,70.21523819757333,76.80319580242666,72.92715162679525,-1.0114149623188098,0.004763886069136066
2013-08-23,-1.194805,0.316266,-1.288516,1.425692,1.425713,-0.97695,0.782451,1.881196,2.551221,2.874989,3.187667,1.0,71.537086,73.36215505,1.6867360834528067,69.98868288309438,76.73562721690561,72.79476442424331,-0.9920641123981113,0.014156454401701811
2013-08-26,1.291311,1.469018,0.0,-1.124516,-1.124554,-0.028425,1.467848,2.660043,3.46524,3.816621,4.155919,-1.0,70.732613,73.18366765,1.7688807465432967,69.64590615691341,76.7214291430866,72.59836905050585,-1.0297721004955775,-0.011309246872876568
2013-08-27,-0.142674,0.570675,-0.689576,-0.355412,-0.355386,0.304352,1.328013,2.656827,3.533457,3.964797,4.295952,0.0,70.481239,72.97166355,1.827993879259272,69.31567579148145,76.62765130851855,72.39673761712434,-1.067632728201616,-0.0035601927424677073
2013-08-28,0.988547,1.03677,-0.060271,-1.379151,-1.379166,1.509355,2.114533,3.66969,4.605795,5.149135,5.482832,-1.0,69.509186,72.7106368,1.9334310425826131,68.84377471483478,76.57749888516523,72.12173270120775,-1.1626715478778493,-0.013887644429991582
2013-08-29,-1.01335,0.643778,-1.216018,1.121157,1.121186,0.314723,0.593687,2.084706,3.098455,3.728641,4.099886,1.0,70.288513,72.46637104999999,1.9143641793766337,68.63764269124673,76.29509940875326,71.94714034871177,-1.1617138077623395,0.011149469251345986
2013-08-30,0.275642,0.671139,-0.347555,-0.524553,-0.524582,0.381118,0.84732,2.202786,3.273614,4.014866,4.44232,-1.0,69.919792,72.20869624999999,1.8917012231673946,68.4252938036652,75.99209869633478,71.75405955359636,-1.1771381788084483,-0.0052596292354462745
2013-09-03,0.515588,1.187047,-0.287767,-0.047939,-0.047923,0.187045,0.684642,1.860103,2.97421,3.811979,4.259382,0.0,69.886284,71.964849,1.8591292288029986,68.246590542394,75.683107457606,71.57617616753956,-1.1784811227470442,-0.0004793497049672006
2013-09-04,-0.679784,0.548599,-0.775195,0.539564,0.539588,-0.412662,0.101346,0.957238,2.128176,3.001044,3.503846,0.0,70.263382,71.75871075,1.8042831304751412,68.15014448904972,75.36727701095029,71.45114815158341,-1.1360214107588007,0.005381374366418676
2013-09-05,-0.166467,0.772892,-0.48751,0.298151,0.298103,-0.43517,-0.156932,0.333749,1.580282,2.45329,3.020234,0.0,70.472839,71.5865088,1.751030143872087,68.08444851225583,75.08856908774418,71.35797585143261,-1.0731003211867147,0.0029765919983145424
2013-09-06,0.225674,0.510751,-0.748312,0.10702,0.107048,-0.467997,-0.261321,-0.007139,1.164615,2.081469,2.710918,0.0,70.548279,71.36989505,1.5818839822787012,68.20612708544259,74.5336630145574,71.28086186558188,-1.005556102049752,0.0010699107802620666
2013-09-09,-0.118327,0.011827,-0.922966,0.380093,0.380084,-0.591644,-0.740742,-0.483575,0.533661,1.454498,2.149642,0.0,70.816422,71.19434195,1.423254312740054,68.34783332451988,74.0408505754801,71.23662949743124,-0.9197871884575619,0.003793639001662847
2013-09-10,0.664844,0.807314,-0.225575,-0.331321,-0.331317,-0.064112,-0.432154,-0.226372,0.626254,1.554782,2.313497,0.0,70.581795,71.0238166,1.2660019822183612,68.49181263556328,73.55582056443673,71.17426430719969,-0.8608241001621622,-0.0033186728986890155
2013-09-11,-2.160347,0.02311,-2.252769,2.766229,2.766218,-2.127996,-2.82924,-2.731044,-2.184602,-1.280953,-0.541042,1.0,72.534241,70.94965625,1.1159611651289274,68.71773391974214,73.18157858025786,71.30378589699019,-0.6490673090456909,0.027286489964664054
2013-09-12,0.370884,0.521562,-0.347701,-0.323474,-0.32346,-1.305056,-2.127957,-2.221453,-1.97729,-1.050075,-0.330327,0.0,72.299622,70.8700489,0.9375682602075112,68.99491237958497,72.74518542041503,71.39862743061018,-0.4944802583527661,-0.003239839086861536
2013-09-13,-1.469584,0.113919,-1.469584,1.738526,1.738529,-2.173622,-3.356123,-3.618142,-3.615866,-2.81295,-2.106792,1.0,73.556572,70.89686470000001,1.0073750323377646,68.88211463532448,72.91161476467553,71.60414596102825,-0.26746042936711945,0.017235896301144613
2013-09-16,0.944795,1.400118,-0.136591,0.079744,0.079741,-1.49118,-2.931134,-3.506738,-3.573141,-2.929089,-2.250813,0.0,73.615227,70.98485145,1.160693499367778,68.66346445126443,73.30623844873556,71.79567748854937,-0.08186887754796146,0.000797095686865816
2013-09-17,-0.510093,0.147355,-0.566765,0.421176,0.421167,-0.999771,-2.79188,-3.623514,-3.804125,-3.339831,-2.698557,0.0,73.92527,71.11305999999999,1.3332336821755288,68.44659263564893,73.77952736435105,71.99849582297325,0.08920336251033234,0.00420282515893135
2013-09-18,-1.823234,0.300171,-2.356859,1.961002,1.961013,-2.150084,-3.983328,-5.044287,-5.335191,-5.126853,-4.526224,1.0,75.374954,71.35355645000001,1.6299718472095506,68.0936127555809,74.61350014441912,72.32006326840437,0.3378620649775286,0.019420326683013526
2013-09-19,-0.508062,0.784183,-0.717917,0.655924,0.655901,-1.846684,-3.89771,-5.104175,-5.578183,-5.64081,-5.062575,1.0,75.869339,71.6372082,1.8907426657200832,67.85572286855984,75.41869353144017,72.65808952855633,0.5682679764264407,0.006537592275802011
2013-09-20,0.210018,0.541614,-0.121587,-0.077314,-0.077311,-1.176073,-3.129205,-4.545143,-5.156947,-5.420573,-4.948225,0.0,75.810684,71.90116694999999,2.0866126393825057,67.72794167123497,76.074392228765,72.95833662107478,0.7376304087419641,-0.0007734044571411143
2013-09-23,0.41226,0.456829,-0.545959,-0.795845,-0.795821,0.040097,-1.768257,-3.310689,-4.152101,-4.483578,-4.146717,-1.0,75.207367,72.084681,2.210619697961651,67.6634416040767,76.50592039592331,73.17252999049623,0.8137878766957982,-0.00799004100087321
2013-09-24,1.23555,1.304197,-0.160173,-2.607238,-1.576391,1.668461,0.26979,-1.389615,-2.394787,-2.809971,-2.610165,-1.0,74.021805,72.2491406,2.2270274245636594,67.79508575087269,76.70319544912732,73.2534133247347,0.769606726212956,-0.015889479621063997
2013-09-25,0.563799,0.793918,-0.402722,-0.572017,-0.572037,1.770611,0.991256,-0.520193,-1.62147,-2.08595,-2.068834,-1.0,73.598373,72.4049973,2.205763952020681,67.99346939595864,76.81652520404137,73.28626662714092,0.6924433664191412,-0.005736792449734305
2013-09-26,-0.764061,0.03421,-1.049156,0.897478,0.89748,0.431629,0.356786,-1.065166,-2.176737,-2.738058,-2.92345,1.0,74.258904,72.64248319999999,2.132033296147693,68.3784166077046,76.90654979229538,73.3788987578894,0.6767885817781689,0.008934770172767914
2013-09-27,-0.080156,0.148857,-0.698501,-0.410537,-0.410541,0.343534,0.824235,-0.350308,-1.525652,-2.151996,-2.481179,0.0,73.954041,72.8257596,2.075837902175757,68.67408379564849,76.97743540435151,73.43367420951898,0.63249119117026,-0.004113856990747115
2013-09-30,0.150139,0.716022,-0.358006,-0.847367,-0.847348,0.688297,1.646615,0.729577,-0.451746,-1.218136,-1.580884,-1.0,73.327393,72.99613965,1.9614623716565425,69.07321490668691,76.91906439331309,73.42355218956479,0.5405883672903258,-0.00850958283649755
2013-10-01,-0.732517,0.06867,-0.972881,0.900805,0.900785,-0.219752,0.747639,0.137228,-1.063273,-1.924014,-2.34117,1.0,73.987915,73.20122119999999,1.8291586419514643,69.54290391609706,76.85953848390292,73.47730102865386,0.5151153928283918,0.00896751919894449
2013-10-02,-0.843591,0.056995,-1.310991,0.400593,0.400588,-0.433188,0.198845,-0.10525,-1.187377,-2.110543,-2.563925,0.0,74.284302,73.40226720000001,1.7060940367592057,69.9900791264816,76.81445527351842,73.55415826402016,0.512931080724826,0.0039978817442801904
2013-10-03,0.057153,0.525773,-0.788656,-0.262201,-0.262197,-0.217162,0.222029,0.318418,-0.683537,-1.605918,-2.13262,0.0,74.089531,73.5831018,1.5650986060029197,70.45290458799415,76.71329901200583,73.60514614363728,0.4898370688975433,-0.0026254105314666757
2013-10-04,0.45956,0.746784,-0.344673,-0.514341,-0.51433,0.23207,0.45496,0.850792,0.04429,-0.911638,-1.482984,-1.0,73.708466,73.74111115,1.3926001229284606,70.95591090414307,76.52631139585692,73.61498612995754,0.43576293348985473,-0.00515657657234831
2013-10-07,0.057744,0.785401,-0.127051,-0.528491,-0.528501,0.7623,0.731119,1.359678,0.746492,-0.199729,-0.878546,-1.0,73.318916,73.86623585,1.2173890364386848,71.43145777712263,76.30101392287736,73.58678897472349,0.35735598485433684,-0.005299025341223132
2013-10-08,0.558525,1.268323,-0.046544,-0.739201,-0.739205,1.179895,1.310221,2.009322,1.647574,0.702371,-0.046745,-1.0,72.776939,73.97599305,0.9818556096551817,72.01228183068963,75.93970426931037,73.5096604057022,0.24861897398770338,-0.007419505314161194
2013-10-09,2.281366,2.685354,0.0,-2.07121,-2.071208,2.473859,3.126189,3.782811,3.708711,2.888714,2.104153,-1.0,71.269577,73.91275985,1.1117278736602376,71.68930410267953,76.13621559732047,73.29631912896866,0.04034749283592021,-0.02092958672170216
2013-10-10,-1.57846,0.046417,-1.57846,2.376426,2.376421,-0.213551,0.554786,1.108213,1.346841,0.63693,-0.108149,1.0,72.963242,73.94594085,1.0701743410731386,71.80559216785372,76.08628953214628,73.2645974976383,0.011819209963888966,0.023486233765799218
2013-10-11,1.481832,1.975773,-0.376338,-1.311519,-1.311517,0.639779,1.620612,2.099661,2.586039,2.055336,1.29888,-1.0,72.006317,73.86842809999999,1.1528125180897084,71.56280306382057,76.17405313617941,73.14476125976799,-0.08700259809783972,-0.013201928807295536
2013-10-14,-2.307071,0.415274,-2.341675,1.952256,1.952276,-1.261983,-0.313778,-0.01847,0.607791,0.242516,-0.482314,1.0,73.412079,73.8582707,1.1560513006272402,71.54616809874553,76.17037330125449,73.17022009217104,-0.05129505058953043,0.019334634835413644
2013-10-15,1.239764,1.239764,-0.116957,-1.37271,-1.372702,0.009341,0.854951,1.224153,1.903028,1.738386,1.018707,-1.0,72.40435,73.7822247,1.200578242201925,71.38106821559614,76.18338118440386,73.09728008339285,-0.10312313102502912,-0.013822105654297236
2013-10-16,-0.162619,0.185857,-0.80148,0.690054,0.690029,-0.227657,-0.025545,0.466963,1.035217,1.061458,0.447159,1.0,72.903961,73.65867505,1.1542973342364287,71.35008038152714,75.96726971847286,73.07886874211734,-0.10269897602690037,0.006876591783916
2013-10-17,-1.21993,0.702038,-1.265966,0.929264,0.92927,-0.978246,-1.015076,-0.519431,-0.050497,0.200652,-0.33685,1.0,73.581436,73.5442799,1.0304023267592315,71.48347524648155,75.60508455351847,73.12673229048713,-0.04715271241268226,0.009249793415452085
2013-10-18,-0.09203,0.356606,-0.943287,0.046036,0.046027,-0.586668,-1.07327,-0.595874,-0.24559,0.157745,-0.243824,0.0,73.615303,73.43451085000001,0.8825895509746946,71.66933174805062,75.1996899519494,73.17326283425027,-0.00039456613473021207,0.0004601596588034212
2013-10-21,-0.241795,0.138173,-0.541164,-0.09203,-0.092011,-0.458268,-0.951074,-0.48437,-0.26656,0.246306,-0.028171,0.0,73.547569,73.35152095,0.7790797115136893,71.79336152697262,74.90968037302737,73.20891104051213,0.03084052358315148,-0.0009205311620042897
2013-10-22,-1.150606,0.159488,-1.788562,1.070813,1.070786,-0.993381,-1.790825,-1.507542,-1.302103,-0.793691,-0.919009,1.0,74.335106,73.36718599999999,0.7962276092207317,71.77473078155853,74.95964121844145,73.3161677033205,0.11778446540105847,0.010650935885431097
2013-10-23,-0.817069,0.794368,-0.9419,0.387337,0.387355,-0.91467,-1.720388,-1.857323,-1.614283,-1.216794,-1.208018,0.0,74.623047,73.41841969999999,0.8434525316584569,71.73151463668307,75.1053247633169,73.44063239824237,0.20753031764698449,0.003866070474738524
2013-10-24,0.533003,1.168064,-0.192785,0.068086,0.06807,-0.689491,-1.558165,-1.871918,-1.653425,-1.348028,-1.169239,0.0,74.673843,73.43916664999999,0.8699030912454839,71.69936046750902,75.17897283249096,73.5580810269812,0.27953110424823535,0.0006804696596165836
2013-10-25,-0.936796,0.056438,-1.027084,0.476296,0.476294,-0.783285,-1.621881,-2.2197,-2.047954,-1.85732,-1.572294,0.0,75.02951,73.4929401,0.9342647283774554,71.62441064324508,75.36146955675491,73.69821711964966,0.36112873358825937,0.004751632639618695
2013-10-28,-1.301445,0.533921,-1.546162,1.467273,1.467268,-1.539482,-2.687418,-3.387455,-3.280298,-3.228016,-2.885483,1.0,76.130394,73.63309015,1.103107514279084,71.42687512144184,75.83930517855816,73.92985301301636,0.5087628792696108,0.014566077847402234
2013-10-29,-0.287741,0.154935,-1.062416,0.511679,0.511687,-1.469676,-2.644973,-3.553189,-3.607231,-3.590077,-3.266847,0.0,76.519943,73.75969155,1.2774880365462498,71.2047154769075,76.3146676230925,74.17652824987194,0.6497079235581964,0.005103819005812075
2013-10-30,1.399149,1.477511,-0.033577,-1.128824,-1.128806,-0.071649,-1.169697,-2.065523,-2.416056,-2.380573,-2.15006,-1.0,75.656181,73.82828549999999,1.3423249958862065,71.14363550822758,76.51293549177241,74.31744755940794,0.6838267824902005,-0.01135225755039179
2013-10-31,0.123429,1.099635,-0.359066,-0.246242,-0.246248,0.385985,-0.675503,-1.602341,-2.083714,-2.07541,-1.926155,0.0,75.469879,73.8973029,1.3910655415137905,71.11517181697242,76.67943398302758,74.42720293470242,0.687903486411372,-0.0024655191086716214
2013-11-01,-0.445634,0.434492,-0.623891,0.718132,0.718117,-0.071296,-1.068399,-1.952606,-2.630339,-2.665321,-2.616597,1.0,76.011841,74.01247165,1.46784013644418,71.07679137711163,76.94815192288836,74.57812084568315,0.7264915651369535,0.007155507772522663
2013-11-04,-0.110801,0.110801,-0.731306,0.545898,0.545928,-0.536304,-1.22883,-2.221994,-2.955697,-3.031597,-3.092168,0.0,76.426811,74.16786640000001,1.5526141478119933,71.06263810437602,77.273094695624,74.75418657466571,0.7815483041369191,0.005444433148614312
2013-11-05,-0.066567,0.399424,-0.332847,-0.132967,-0.132968,-0.454906,-0.836584,-1.74934,-2.594044,-2.779998,-2.862545,0.0,76.325188,74.34527885,1.5876407033077187,71.16999744338456,77.52056025661544,74.90380575803087,0.8076707144173838,-0.0013305621616479578
2013-11-06,-0.626305,0.252715,-0.802113,0.976373,0.97637,-1.050441,-1.477875,-2.338953,-3.159558,-3.575446,-3.651628,1.0,77.070404,74.6353202,1.5248009804917244,71.58571823901654,77.68492216098345,75.11014844774222,0.8783801958118573,0.009716339995059017
2013-11-07,1.189285,1.422695,-0.422369,-1.142733,-1.14275,0.282326,-0.140044,-0.981807,-1.828384,-2.350558,-2.453407,-1.0,76.189682,74.7966422,1.5091831516065075,71.77827589678698,77.81500850321301,75.21296116700486,0.8535123057840224,-0.011493295063843943
2013-11-08,0.36908,0.425005,-0.782916,-0.622426,-0.622411,0.832118,0.575986,-0.176729,-0.968586,-1.632942,-1.764918,-1.0,75.715469,74.9820998,1.3696999182582055,72.24269996348359,77.72149963651641,75.26081905586155,0.7864733229327783,-0.0062435610295016875
2013-11-11,-0.41235,1.381921,-0.534941,0.357901,0.357894,0.356628,0.198371,-0.318741,-1.152352,-1.843314,-1.998595,0.0,75.98645,75.11081835,1.3349130498981572,72.44099225020369,77.78064444979631,75.32992676482712,0.7466039623178915,0.0035725492465690854
2013-11-12,-0.155988,0.011144,-1.025067,0.022286,0.02227,0.249599,0.108095,-0.194602,-0.937593,-1.695364,-1.932022,0.0,76.003372,75.29076945,1.1850360262285624,72.92069739754288,77.66084150245712,75.39406440627216,0.7082088796444879,0.00022267280594516118
2013-11-13,-1.346282,0.110349,-1.390424,0.969363,0.969373,-0.79894,-0.71176,-0.968882,-1.638713,-2.354007,-2.766866,1.0,76.740128,75.48257779999999,1.0845778721066512,73.31342205578669,77.65173354421329,75.52226093900815,0.7288290641066908,0.00964704506404891
2013-11-14,-0.033075,0.59537,-0.12128,0.088274,0.088303,-0.725485,-0.625155,-0.871025,-1.515458,-2.239934,-2.734678,0.0,76.807892,75.6439006,1.0252468437462718,73.59340691250745,77.69439428749254,75.64470199243594,0.7420844101770001,0.0008826425036198801
2013-11-15,-0.8866,0.043784,-0.96322,0.727678,0.727667,-1.015772,-1.167915,-1.38574,-1.984472,-2.669016,-3.279715,1.0,77.366798,75.83147534999999,0.9765937638728663,73.87828782225426,77.78466287774572,75.80871113601347,0.7885979444466074,0.007250326864199817
2013-11-18,-0.349191,0.185507,-0.349191,0.306478,0.306461,-0.901346,-1.318193,-1.560447,-2.022586,-2.750324,-3.391166,0.0,77.603897,76.03429175,0.895119299920449,74.24405315015909,77.8245303498409,75.97968121829791,0.8349671813308106,0.003059922845399761
2013-11-19,-0.021869,0.229582,-0.470099,-0.185506,-0.185515,-0.341081,-0.988289,-1.296587,-1.638779,-2.308508,-3.010085,0.0,77.45993,76.19053295,0.8547242896803724,74.48108437063927,77.89998152936074,76.12065729274573,0.8502965130055458,-0.0018568746064331503
2013-11-20,2.497196,2.810745,-0.78388,-2.37236,-2.372344,1.784992,1.226198,1.098912,0.81746,0.209173,-0.461375,-1.0,75.622314,76.2404963,0.7846035693886237,74.67128916122276,77.80970343877725,76.07319602676995,0.7060262342549066,-0.024009372029092094
2013-11-21,0.854501,1.57044,-1.963044,-3.023522,-3.023536,4.011559,3.993086,4.056982,3.869527,3.320103,2.65898,-1.0,73.335846,76.17359645,0.9621667287714062,74.24926299245719,78.09792990754282,75.81249602422044,0.40255177387471974,-0.03070187763124689
2013-11-22,-0.195512,0.391034,-0.770556,0.404156,0.40416,2.578497,3.291556,3.422669,3.356536,2.905126,2.319349,0.0,73.63224,76.10373295,1.0916301690440737,73.92047261191185,78.28699328808814,75.6048525933423,0.18384336447287808,0.0040334525664247065
2013-11-25,0.985048,1.031405,-0.092713,-0.759052,-0.759051,2.123071,3.682932,3.907758,3.937888,3.666243,3.086493,-1.0,73.073334,75.95087995,1.2846625255351058,73.38155489892979,78.52020500107021,75.36375558445255,-0.034189553029676745,-0.007619461057332478
2013-11-26,0.748713,1.041179,-0.725318,-0.938693,-0.938695,1.689284,4.16589,4.529719,4.637347,4.540947,4.06255,-1.0,72.387398,75.74425269999999,1.5022346990579247,72.73978330188415,78.74872209811583,75.08029295736182,-0.259341980668097,-0.009431288774867222
2013-11-27,-0.070173,0.315786,-0.292398,0.023394,0.023418,0.776588,3.542674,4.075616,4.388288,4.393899,4.015185,0.0,72.40435,75.58166115,1.6779678484548783,72.22572545309025,78.93759684690976,74.8254412471369,-0.431435694850137,0.00023415699183958706
2013-11-29,0.245498,0.549452,-0.280568,0.046785,0.046765,0.481647,2.891046,3.681711,4.130234,4.221651,3.913958,0.0,72.43821,75.4300777,1.8195601687397014,71.7909573625206,79.0691980374794,74.59808589026672,-0.5586492236839291,0.0004675421453032171
2013-12-02,0.305633,0.740563,-0.082285,-0.549452,-0.549459,0.594814,2.720119,3.914433,4.429893,4.631489,4.415195,-1.0,72.040192,75.23149525,1.9637418856878703,71.30401147862426,79.15897902137573,74.35447694833655,-0.6837022935829395,-0.005509737114786944
2013-12-03,-1.061105,0.0,-1.061105,0.811099,0.811092,-0.338141,1.208033,2.769758,3.327907,3.596563,3.532739,1.0,72.624504,75.04137990000001,2.025029023674525,70.99132185265096,79.09143794734906,74.18971761992354,-0.7272750828932004,0.008078200054411
2013-12-04,-0.68677,0.151318,-1.04761,0.174909,0.174934,-0.412071,0.384108,2.292308,2.901861,3.208461,3.279386,0.0,72.751549,74.86269795000001,2.063093307525998,70.73651133494802,78.988884565052,74.05274917993081,-0.7429906291289541,0.001747812376525681
2013-12-05,0.210502,0.678276,-0.467783,-0.465606,-0.465619,0.056133,0.410478,2.372435,3.061633,3.512107,3.660781,0.0,72.412804,74.62981794999999,2.0636462159903215,70.50252551801934,78.75711038198064,73.89656392469931,-0.7738586425144547,-0.004667063337012719
2013-12-06,0.55924,0.838869,-0.267976,0.374225,0.374216,-0.249323,-0.053585,1.6125,2.436223,2.972866,3.183047,0.0,72.683784,74.45452305,2.073052473901099,70.3084181021978,78.6006279978022,73.78106107472794,-0.7676074434003795,0.003735171430057021
2013-12-09,-0.359001,0.104232,-0.880141,0.605844,0.60586,-0.553564,-0.724957,0.613779,1.642154,2.19479,2.474812,1.0,73.124146,74.3249569,2.071073396920829,70.18281010615834,78.46710369384166,73.71849773427766,-0.7188335245115525,0.006040320837153437
2013-12-10,0.536192,0.815942,-0.477916,-0.64852,-0.648535,0.102586,-0.135204,0.815955,2.076011,2.653935,2.984043,-1.0,72.64991,74.15812989999999,2.0645651145293744,70.02899967094125,78.28726012905874,73.61672747387027,-0.7102592971825743,-0.006506475652063723
2013-12-11,0.104753,0.430637,-0.477183,0.151529,0.151538,-0.046554,-0.235097,0.232779,1.69868,2.302614,2.655967,0.0,72.760002,73.9959614,2.039221005804897,69.9175193883902,78.0744034116098,73.53513457159691,-0.6866652068572137,0.0015142299382693784
2013-12-12,0.480547,0.621188,-0.128928,-0.698322,-0.698305,0.611799,0.445368,0.626646,2.103246,2.755262,3.220805,-1.0,72.251915,73.77155075,1.9670184305979888,69.83751388880403,77.70558761119598,73.41292318382578,-0.7008857206267294,-0.007007549305955133
2013-12-13,0.246362,0.398878,-0.398869,-0.093767,-0.093789,0.567817,0.504466,0.614745,1.878823,2.629763,3.165976,0.0,72.184151,73.5403637,1.8601865972902214,69.81999050541955,77.26073689458045,73.29589726155666,-0.7094455223478349,-0.0009383252652689043
2013-12-16,0.613566,0.613566,-0.153389,-0.574845,-0.574826,0.77167,1.047776,1.023391,2.077864,3.003175,3.565379,-1.0,71.769218,73.2604847,1.665032035468903,69.9304206290622,76.59054877093781,73.15049923664651,-0.7411671388262278,-0.005764841101222487
2013-12-17,0.070877,0.248079,-0.389843,-0.117992,-0.117987,0.621369,1.036014,1.013568,1.785569,2.884802,3.467201,0.0,71.68454,72.96451685000001,1.3483075907969022,70.26790166840621,75.66113203159381,73.0108840712516,-0.7643288481602752,-0.0011805617505653075
2013-12-18,-0.573239,0.093583,-1.953679,0.980509,0.980488,-0.458579,0.004681,0.032759,0.44689,1.686012,2.281239,1.0,72.387398,72.71089025,0.8391264744360831,71.03263730112783,74.38914319887218,72.95150444541811,-0.7176967418190259,0.00975711975331559
2013-12-19,-0.175481,0.233969,-0.772114,0.0,0.0,-0.421147,0.001172,0.031198,0.223446,1.445488,2.065593,0.0,72.387398,72.54914445,0.485774285319944,71.57759587936012,73.52069302063988,72.89778002204496,-0.6729827355195539,0.0
2013-12-20,0.035087,0.397573,-0.245555,0.046788,0.046775,-0.402223,-0.081832,-0.01713,0.113445,1.155774,1.844426,0.0,72.421257,72.50341499999999,0.4495136956190552,71.60438760876188,73.4024423912381,72.8523968770883,-0.6275800726294278,0.00046763780268566405
2013-12-23,-0.480943,0.164222,-1.079177,-0.315712,0.792182,-0.849173,-0.884841,-0.715751,-0.717055,0.121166,0.919741,1.0,72.994965,72.47155125,0.38294277702430296,71.7056656959514,73.23743680404861,72.86597479355608,-0.539090395748218,0.007890604896390792
2013-12-24,-0.397991,0.655505,-0.491628,0.211144,0.211128,-0.657642,-1.025421,-0.877118,-0.92105,-0.333375,0.577824,0.0,73.149078,72.47533845,0.38952544678160816,71.69628755643677,73.25438934356322,72.8929370036936,-0.45132348200085914,0.002109056981899926
2013-12-26,-0.616206,0.151142,-0.674343,0.678921,0.678916,-0.985828,-1.572579,-1.4646,-1.503748,-1.212631,-0.207123,1.0,73.645699,72.5382535,0.46823945875891204,71.60177458248218,73.47473241751781,72.96462862238944,-0.33780045291673844,0.00676622022702489
2013-12-27,-0.622551,0.219048,-0.749368,0.848734,0.84875,-1.311975,-2.129128,-2.127107,-2.20705,-2.116823,-1.157814,1.0,74.270767,72.63157435000001,0.6059013678424477,71.41977161431511,73.8433770856849,73.08902275359044,-0.1951453565925192,0.008451685436620044
2013-12-30,-0.03464,0.334874,-0.8776,-0.161402,-0.16142,-0.685901,-1.705656,-1.836963,-1.933451,-1.914598,-1.117447,0.0,74.150879,72.71720780000001,0.6920392434870498,71.3331293130259,74.10128628697412,73.19015191991517,-0.09071837962518714,-0.0016155059495059738
2013-12-31,-0.573855,0.241018,-0.814873,0.612008,0.612012,-0.858482,-1.923503,-2.301776,-2.358107,-2.459102,-1.842349,1.0,74.604691,72.84543275000001,0.7905646768301363,71.26430339633974,74.42656210366029,73.3248699275423,0.028332982723867417,0.006101464407285307
2014-01-02,1.139273,1.371774,-0.313877,-1.273958,-1.273957,0.558013,-0.3905,-0.950175,-1.028234,-1.168889,-0.754473,-1.0,73.654259,72.8969205,0.8087426328921933,71.27943523421561,74.51440576578437,73.35624031539541,0.04546602179820525,-0.012821418470769105
2014-01-03,0.841811,1.134106,-0.02338,-0.569633,-0.569629,1.021861,0.295852,-0.339514,-0.428246,-0.556414,-0.378217,-1.0,73.234703,72.92107820000001,0.8113835011814139,71.29831119763719,74.54384520236283,73.34466533297679,0.02490235700689425,-0.00571257547541369
2014-01-06,0.730016,0.753562,-0.447424,-0.701507,-0.701509,1.30931,1.050275,0.407552,0.296381,0.163535,0.192585,-1.0,72.720955,72.93648575,0.8041170153997079,71.32825171920058,74.54471978079943,73.28526434888376,-0.03247531035960094,-0.0070398109778250055
2014-01-07,0.519607,1.169105,-0.177139,-0.29436,-0.294355,1.15493,1.360412,0.733654,0.580282,0.463031,0.450269,0.0,72.506897,72.9276414,0.8080060963744216,71.31162920725116,74.54365359274884,73.21113412518054,-0.09413508609848975,-0.0029478939758065216
2014-01-08,1.477126,1.609228,-0.408307,-1.665096,-1.665091,1.94067,2.838952,2.395452,2.155444,2.122609,2.042126,-1.0,71.299591,72.83641365000001,0.8840721327888876,71.06826938442224,74.60455791557779,73.02908239897286,-0.23768057323182745,-0.01679109729203001
2014-01-09,-0.072018,0.384106,-0.840232,0.048038,0.048056,1.241129,2.535086,2.313494,2.014129,2.001184,1.911828,0.0,71.333855,72.7706109,0.9455264763077229,70.87955794738455,74.66166385261543,72.86763217049926,-0.3447030651655467,0.00048044833270163715
2014-01-10,1.683419,1.792422,-0.19377,-0.888246,-0.88827,1.431516,3.037421,3.071366,2.782741,2.799292,2.745647,-1.0,70.700218,72.66762170000001,1.0528323887159483,70.56195692256811,74.77328647743191,72.66121177330886,-0.4751708971345323,-0.008922383062137905
2014-01-13,-0.012122,0.618559,-0.218314,-0.145335,-0.145335,0.97757,2.667072,3.052356,2.815162,2.846056,2.809875,0.0,70.597466,72.58489925,1.14791658469628,70.28906608060744,74.88073241939257,72.46466455680326,-0.5801709717867567,-0.0014544048451998574
2014-01-14,0.35173,0.667075,-0.169799,0.0,0.0,0.436635,2.163738,2.880132,2.702787,2.727847,2.722963,0.0,70.597466,72.505565,1.22903364952994,70.04749770094013,74.96363229905988,72.286836122822,-0.6558243525337986,0.0
2014-01-15,-0.758311,0.264806,-0.878676,0.764106,0.764111,-0.37073,0.901533,1.925845,1.879531,1.837103,1.901671,1.0,71.136909,72.47394955,1.2567914898496944,69.96036657030061,74.9875325296994,72.1773192539818,-0.6645906724634472,0.007612064536449009
2014-01-16,-1.845715,0.035502,-2.247982,1.733263,1.73327,-1.781834,-0.995037,0.117517,0.191121,0.086587,0.153805,1.0,72.369904,72.50821775,1.2434066950886122,70.02140435982278,74.99503114017722,72.19566065836449,-0.5655266134628789,0.01718420632041943
2014-01-17,0.960032,1.116045,-0.156012,-1.407945,-1.407966,-0.1968,0.154815,1.332859,1.549294,1.436905,1.518643,-1.0,71.35096,72.45639585,1.2700203454645758,69.91635515907086,74.99643654092915,72.1152129766155,-0.5627508565426211,-0.01417972372803347
2014-01-21,0.392906,0.654843,-0.690551,0.792027,0.792024,-0.614346,-0.744121,0.318304,0.71855,0.621134,0.697885,1.0,71.916077,72.43282980000001,1.275728036973684,69.88137372605264,74.98428587394737,72.09624764550927,-0.5090824446359505,0.007889043324451499
2014-01-22,-0.320708,0.261316,-0.87897,0.238128,0.238135,-0.437105,-1.038124,-0.110859,0.456113,0.376717,0.431078,0.0,72.087334,72.41613365,1.2780704340140254,69.85999278197195,74.97227451802806,72.09539872688934,-0.44757150716337435,0.002378514224751205
2014-01-23,0.083792,1.041421,-0.646398,-0.772064,-0.772059,0.447686,-0.235815,0.379857,1.135382,1.144381,1.138248,-1.0,71.530777,72.34292425,1.2850851905552547,69.77275386888948,74.91309463111051,72.04162522909036,-0.4386763566402436,-0.007750551545375153
2014-01-24,1.79141,2.06135,0.0,-2.441945,-2.441945,2.220854,2.039262,2.522699,3.425765,3.567158,3.532915,-1.0,69.784035,72.1746721,1.389988443689901,69.39469521262019,74.9546489873798,71.82661663584365,-0.5660493030208187,-0.02472254595801401
2014-01-27,1.052238,1.336967,-0.012382,-0.883437,-0.88342,2.500602,2.727144,3.044468,4.023875,4.304039,4.282569,-1.0,69.167549,71.95076459999999,1.4971106808773298,68.95654323824533,74.94498596175464,71.57337209909664,-0.7085705880423916,-0.008873451130640168
2014-01-28,0.098999,0.247499,-0.371236,0.037137,0.037117,1.675542,2.486084,2.666343,3.618368,4.080687,4.096526,0.0,69.193222,71.69688735,1.5134141312138887,68.67005908757221,74.72371561242778,71.34669113727792,-0.810109696386462,0.0003711023017448357
2014-01-29,1.296575,1.296575,-1.397281,-1.69533,-1.695303,2.233112,3.874597,3.997122,4.954655,5.616789,5.687657,-1.0,68.020187,71.39035275,1.608117656471895,68.17411743705621,74.6065880629438,71.02988121944192,-0.9740065511131633,-0.017098381082844227
2014-01-30,0.657485,0.89772,-0.202296,-0.440592,-0.440612,1.560256,3.829817,4.105032,4.910863,5.772665,5.956103,0.0,67.720482,71.04614230000001,1.6206101807747486,67.80492193845052,74.28736266154951,70.71470034139983,-1.1152240691911857,-0.004415853984256338
2014-01-31,0.217557,1.036598,-1.215763,-1.201159,-1.201182,1.935012,4.275679,4.929634,5.682131,6.685456,7.006285,-1.0,66.907036,70.70878115000001,1.7464979565717775,67.21578523685645,74.20177706314357,70.3520656422189,-1.278045747808548,-0.01208454128006621
2014-02-03,3.581373,3.714024,-0.145908,-3.519324,-3.519313,4.223379,7.026138,8.122217,8.86458,10.013537,10.504956,-1.0,64.552368,70.27466439999999,2.1238847446483824,66.02689491070322,74.52243388929676,69.79971348581711,-1.578884729656238,-0.03582733214206811
2014-02-04,-1.339749,0.455263,-1.70395,1.976387,1.976385,1.181072,4.027068,5.543717,6.231153,7.368378,8.031143,1.0,65.828171,69.9300252,2.2608601536806208,65.40830489263877,74.45174550736124,69.42147134431072,-1.694818339597802,0.019571076048267633
2014-02-05,-0.442138,0.23407,-1.092333,0.026021,0.02603,0.494138,3.052013,5.035107,5.697657,6.835887,7.67013,0.0,65.845306,69.59694565,2.3501859611994815,64.89657372760104,74.29731757239895,69.08088416866208,-1.7649684517788131,0.00026026502052070165
2014-02-06,-1.574707,0.870567,-1.856353,1.573471,1.573459,-1.313532,0.760475,2.983835,3.730006,4.718996,5.697529,1.0,66.881355,69.37603385,2.389048455315577,64.59793693936885,74.15413076063115,68.87140520021808,-1.7171679818149101,0.015612086309593433
2014-02-07,-2.392521,0.049845,-2.591903,2.739725,2.73974,-3.419322,-2.082247,-0.117139,0.773204,1.638875,2.663754,1.0,68.71373,69.2450276,2.3475163571945705,64.54999488561086,73.94006031438914,68.85638851448303,-1.5139762405974153,0.027028804960982127
2014-02-10,1.446516,1.636848,-0.469479,-1.794395,-1.794414,-0.78669,-0.543064,1.325567,2.375985,3.154948,4.235098,-1.0,67.480721,69.08405275,2.352856813709062,64.37833912258188,73.78976637741812,68.72537256072275,-1.4358868337678103,-0.018107091431667964
2014-02-11,-1.069718,0.050341,-1.824814,0.82477,0.824797,-0.948917,-1.526566,0.11661,1.350354,2.035731,3.077008,1.0,68.0373,68.95604445000001,2.335766725098895,64.28451099980222,73.62757790019779,68.65984184065391,-1.3139428274623555,0.008214141932615604
2014-02-12,1.529828,1.555331,-0.165737,-1.283661,-1.283659,0.731754,-0.373553,0.929782,2.412656,3.04435,4.070611,-1.0,67.163933,68.78436780000001,2.334954738531431,64.11445832293715,73.45427727706287,68.5173743320202,-1.2730992461408306,-0.01291969206209612
2014-02-13,-1.249367,0.100962,-2.132755,1.019883,1.019888,-1.1e-05,-1.360441,-0.450965,1.136405,1.800591,2.688021,1.0,67.84893,68.61996884999999,2.275594919015874,64.06877901196825,73.17115868803174,68.45371296706588,-1.1719474004200947,0.010147223936958407
2014-02-14,-1.343452,0.199035,-1.878346,1.451289,1.451273,-1.395693,-2.491605,-1.967077,-0.567236,0.199029,0.985611,1.0,68.833603,68.4431538,2.0994569116832484,64.24423997663351,72.6420676233665,68.48989297020246,-1.0007924398078956,0.014408425325380518
2014-02-18,0.249965,1.162355,-0.012501,-0.472692,-0.47268,-0.627426,-1.451083,-1.565653,-0.302478,0.546916,1.235247,0.0,68.50824,68.3010178,1.9853610784283902,64.33029564314322,72.27173995685678,68.49164030637365,-0.881246514088275,-0.004738011396364828
2014-02-19,0.213567,0.741211,-0.125626,-0.512441,-0.512478,-0.080371,-0.601732,-1.159941,-0.064672,0.921634,1.533528,-1.0,68.15715,68.11307144999999,1.7938063314145245,64.52545878717095,71.70068411282904,68.45978408671903,-0.8055496604437025,-0.005137961737908655
2014-02-20,-0.100366,0.552005,-0.577091,0.138192,0.138222,0.100362,-0.386404,-1.27379,-0.483632,0.644833,1.185544,0.0,68.251358,67.92127264999999,1.5325538832766952,64.8561648834466,70.98638041655339,68.43993398322198,-0.7295477875262151,0.0013812630364402625
2014-02-21,0.848421,1.228316,-0.08864,-0.928363,-0.928364,0.969983,0.655942,-0.358793,0.159549,1.379759,1.952213,-1.0,67.617737,67.72562065,1.2757603477690156,65.17409995446197,70.27714134553803,68.3616295086294,-0.7122334906532473,-0.009327001013338838
2014-02-24,-0.479976,0.59366,-0.821019,0.253257,0.25325,0.406724,0.265259,-0.523763,-0.240616,0.853358,1.520362,0.0,67.788979,67.62586785,1.180803853222712,65.26426014355458,69.98747555644543,68.30709136495041,-0.6768912068849318,0.002529299821307759
2014-02-25,-0.663078,0.20017,-0.750654,0.959962,0.959973,-0.568008,-0.547984,-1.090962,-1.242345,-0.27575,0.444964,1.0,68.439735,67.58947715000001,1.1413466276515658,65.30678389469688,69.87217040530314,68.31972409209799,-0.5895753639680379,0.009553946900836798
2014-02-26,0.691828,0.729562,-0.729562,-0.537971,-0.537973,-0.055349,-0.005034,-0.336273,-0.790572,0.03773,0.864564,-1.0,68.071548,67.53339344999999,1.084538647899959,65.36431615420007,69.70247074579991,68.29608827380294,-0.5438177506973432,-0.005394248514815031
2014-02-27,-1.584549,0.445655,-1.770241,1.610062,1.610072,-1.374112,-1.299838,-1.595292,-2.279664,-1.71628,-0.802606,1.0,69.167549,67.59076155,1.1405430820979146,65.30967538580417,69.87184771419582,68.37908453344075,-0.4143401363035224,0.015972479050778362
2014-02-28,0.308985,0.852792,-0.494379,0.160937,0.160932,-1.05303,-1.252021,-1.522692,-2.324203,-2.004217,-1.05139,0.0,69.278862,67.66868055,1.2014762902194187,65.26572796956117,70.07163313043884,68.46477762549401,-0.2992960664929285,0.0016080304744880965
2014-03-03,-0.248598,0.646369,-0.845246,-0.568542,-0.568569,-0.169024,-0.679904,-0.943007,-1.622106,-1.496064,-0.654217,-1.0,68.884964,67.76757695,1.2167902836814277,65.33399638263715,70.20115751736286,68.50479537544696,-0.23717310505736577,-0.005701913135993865
2014-03-04,-0.710961,0.34322,-0.723221,1.404605,1.404636,-1.14735,-1.863216,-2.088759,-2.605433,-2.821295,-2.101838,1.0,69.852547,68.0325859,1.0446840353453706,65.94321782930926,70.12195397069074,68.63315267302343,-0.10861233350462385,0.013948624003011903
2014-03-05,0.986805,0.999133,-0.370054,-0.625156,-0.625184,-0.138135,-1.064495,-1.340388,-1.734288,-2.197099,-1.606005,-1.0,69.41584,68.21196934999999,0.9499669897741653,66.31203537045165,70.11190332954833,68.70769432321168,-0.04148736053875268,-0.0062714653448631835
2014-03-06,0.358414,0.7292,-0.148317,-0.197355,-0.19733,0.091446,-0.720566,-0.9418,-1.29219,-1.93105,-1.546589,0.0,69.278862,68.38364715,0.7978262416580286,66.78799466668394,69.97929963331606,68.76209124481056,0.0006492007369445219,-0.001975245522154813
2014-03-07,0.846404,0.871303,-1.394069,-0.704496,-0.704508,0.6597,0.154353,-0.147698,-0.453067,-1.17301,-0.980825,-1.0,68.790787,68.47911875,0.7189389898374229,67.04124077032515,69.91699672967485,68.76482417387622,-0.005279980038366716,-0.007070011933424316
2014-03-10,-0.136765,0.174064,-0.484892,0.112029,0.112027,0.542091,0.198937,-0.256119,-0.553272,-1.16971,-1.135974,0.0,68.867851,68.4868248,0.7224036927432314,67.04201741451354,69.93163218548645,68.77463625255467,-0.0037176233234248457,0.0011196392637645605
2014-03-11,1.383307,1.672537,-0.465285,-1.131422,-1.131438,1.174564,1.294037,0.844254,0.629426,0.169036,-0.057406,-1.0,68.088654,68.51722145,0.6899004815137759,67.13742048697245,69.89702241302754,68.70930460945424,-0.06460935383651645,-0.011378874007304094
2014-03-12,-0.025257,0.353668,-0.479976,-0.44014,-0.440125,1.141849,1.700144,1.253849,1.055963,0.727555,0.315361,0.0,67.788979,68.5048054,0.7011351741180607,67.10253505176388,69.90707574823611,68.62165455141097,-0.13548595918054218,-0.0044109612343243435
2014-03-13,0.227188,0.833013,-0.214571,0.075793,0.0758,0.641158,1.42748,1.136768,1.029275,0.768893,0.230544,0.0,67.840363,68.5386269,0.6472975053379012,67.24403188932419,69.8332219106758,68.54724583222897,-0.18537305500073842,0.0007577121838196081
2014-03-14,-0.8011,0.73852,-0.888721,0.833013,0.833009,-0.30292,0.461883,0.378022,0.235325,0.025537,-0.564108,1.0,68.405479,68.56645435,0.6277548280160394,67.31094469396793,69.82196400603208,68.53374422915954,-0.17726539440401723,0.008295581464861385
2014-03-17,-0.336319,0.498257,-0.348778,0.488171,0.488176,-0.824621,-0.047338,-0.017441,-0.258473,-0.458896,-0.958316,0.0,68.739418,68.5617451,0.6259960837343762,67.30975293253124,69.81373726746875,68.55333220733482,-0.1422541116640872,0.004869880940116819
2014-03-18,-0.236115,0.546791,-0.410093,0.236674,0.236675,-0.822671,-0.421283,-0.208779,-0.465397,-0.611412,-0.981738,0.0,68.902107,68.58143845000001,0.630404118788555,67.3206302124229,69.84224668757712,68.58654885425531,-0.10022445012523917,0.002363953403779557
2014-03-19,1.016818,1.933207,-0.313834,-1.006583,-1.006595,0.308817,0.414262,0.819318,0.550468,0.409243,0.141437,-1.0,68.208542,68.58400805,0.6286860451291257,67.32663595974174,69.84138014025825,68.55054820146908,-0.12148019165320534,-0.01011695183031734
2014-03-20,-0.994657,0.037298,-1.218455,0.966603,0.966608,-0.353099,-0.606739,-0.174891,-0.367397,-0.453061,-0.670974,1.0,68.867851,68.6148327,0.6266277459128764,67.36157720817424,69.86808819182575,68.58076751561488,-0.08415471060926905,0.009619659079368497
2014-03-21,0.111106,0.555552,-0.5679,0.708691,0.708702,-0.780253,-1.224701,-0.869969,-0.943218,-1.066675,-1.251036,1.0,69.355919,68.70174180000001,0.601074894310722,67.49959201137857,69.90389158862145,68.65459146650869,-0.015017872633436014,0.00706202744171041
2014-03-24,0.870436,0.957478,-0.136782,-0.716052,-0.716069,-0.029833,-0.513545,-0.157496,-0.15107,-0.351643,-0.53178,-1.0,68.859283,68.755257,0.561901626099646,67.6314537478007,69.8790602521993,68.67408589826977,-0.0002973770952792165,-0.0071864473691744795
2014-03-25,-0.648375,0.199506,-0.660847,-0.273565,0.905898,-0.760104,-1.206015,-1.089297,-0.972401,-1.190132,-1.328712,1.0,69.483078,68.80742415,0.5792316305893928,67.64896088882122,69.96588741117878,68.75113276510122,0.06100058809381892,0.009018195484651464
2014-03-26,-0.298431,0.770956,-0.298431,0.274315,0.274297,-0.611003,-1.20576,-1.335194,-1.128314,-1.373359,-1.520336,0.0,69.673668,68.88753015,0.5828785930477764,67.72177296390446,70.05328733609555,68.83899326366301,0.12353465668250863,0.0027392149450105917
2014-03-27,0.224803,0.449607,-0.174847,-0.435213,-0.435205,-0.031665,-0.553357,-0.895122,-0.681515,-0.877727,-0.983849,0.0,69.370445,68.89767495000001,0.589734083120616,67.71820678375877,70.07714311624125,68.88960771474272,0.14693205336385518,-0.004361543601428044
2014-03-28,-0.999751,0.0,-1.073803,1.186458,1.186459,-0.965193,-1.464689,-1.92395,-1.78092,-1.893202,-2.033522,1.0,70.193497,68.9434067,0.6529271276379524,67.6375524447241,70.2492609552759,69.01378764667199,0.22924547750608326,0.011794759159830389
2014-03-31,-0.781727,0.097709,-1.026022,1.049131,1.049138,-1.409562,-2.178901,-2.748408,-2.656522,-2.734662,-2.952139,1.0,70.929924,69.0456547,0.7891936327683965,67.46726743446321,70.62404196553679,69.19627682317942,0.34986988129264773,0.010436732321285334
2014-04-01,-0.571708,0.145971,-0.620365,0.415288,0.415287,-1.328311,-2.257394,-2.857095,-2.962795,-2.980529,-3.226379,0.0,71.224487,69.1142517,0.9129428773732763,67.28836594525345,70.94013745474655,69.38943969716233,0.4638869625351987,0.0041442740963327064
2014-04-02,-0.169778,0.04851,-0.363807,0.304099,0.304086,-1.132662,-2.10124,-2.810795,-3.115236,-3.085998,-3.366539,0.0,71.441071,69.21551325,1.050159982087262,67.11519328582548,71.31583321417452,69.58483315457543,0.5652074796051636,0.0030362502263832497
2014-04-03,0.303841,0.486146,-0.3403,-0.218288,-0.218275,-0.379196,-1.547984,-2.276033,-2.762576,-2.755173,-3.01329,0.0,71.285133,69.3158268,1.1478111996492397,67.02020440070152,71.61144919929848,69.74676647318731,0.6257090416445408,-0.0021851357028727244
2014-04-04,0.144912,0.410583,-0.3502,0.644141,0.644139,-0.584469,-1.84519,-2.591229,-3.179075,-3.240098,-3.442294,1.0,71.744308,69.46350285,1.2611112535559075,66.94128034288818,71.98572535711182,69.93700852335995,0.7026093077250266,0.006420728128065007
2014-04-07,-0.156831,0.518761,-0.193022,0.096608,0.096633,-0.434332,-1.528557,-2.399879,-3.067446,-3.170384,-3.348701,0.0,71.813637,69.61079215,1.3563122781579806,66.89816759368404,72.32341670631595,70.11573504494471,0.7603823787826656,0.0009658678994011825
2014-04-08,-1.014077,0.501071,-1.014077,1.12197,1.121935,-1.154846,-2.189208,-3.141487,-3.830953,-4.092296,-4.229185,1.0,72.619339,69.8373264,1.462876963460737,66.91157247307852,72.76308032692147,70.35417351685474,0.8612533788559489,0.011156875387247642
2014-04-09,0.095377,0.166905,-0.727229,0.071578,0.071588,-0.886976,-1.846683,-2.801373,-3.56383,-3.981716,-4.086711,0.0,72.671326,70.08144374999999,1.5096903175738954,67.0620631148522,73.10082438514779,70.57485470572571,0.9346156224591624,0.0007156275624265209
2014-04-10,0.670504,1.736116,-0.191566,-0.429185,-0.429168,-0.162844,-1.010549,-2.06074,-2.835907,-3.397567,-3.526269,0.0,72.359444,70.3073978,1.494725283706931,67.31794723258614,73.29684836741387,70.74481559089469,0.9565627976758151,-0.004300914637114418
2014-04-11,0.264616,1.022371,-0.5172,-0.454978,-0.455005,0.372879,-0.303092,-1.36556,-2.140173,-2.77612,-2.957979,0.0,72.030205,70.4886341,1.4715496200144211,67.54553485997116,73.43173334002884,70.8672336298571,0.9365927976583919,-0.004560431760772311
2014-04-14,-0.617793,0.356425,-0.962335,1.238873,1.238886,-0.551268,-1.249852,-2.201103,-3.050886,-3.74346,-3.960945,1.0,72.922577,70.69779205,1.506705844132619,67.68438036173477,73.71120373826524,71.06298061748976,0.9814597344235523,0.012312744351158826
2014-04-15,-0.343685,0.118519,-0.983638,0.249494,0.249506,-0.666044,-1.238455,-2.114257,-3.004753,-3.708579,-4.051692,0.0,73.104523,70.90791285,1.5358512395268333,67.83621037094633,73.97961532905367,71.25741322534788,1.0199413773657824,0.002491949701859695
2014-04-16,-0.047177,0.03538,-0.813779,0.485902,0.485903,-0.931724,-1.44122,-2.243991,-3.116356,-3.865417,-4.332155,0.0,73.45974,71.17047275,1.49849760488461,68.17347754023078,74.16746795976923,71.4671586324576,1.066803948020052,0.004847262057505866
2014-04-17,0.565245,1.082382,-1.238724,-1.934189,-1.934213,0.933262,0.607346,-0.068944,-0.985368,-1.73617,-2.317529,-1.0,72.038872,71.32902379999999,1.4070066769332252,68.51501044613353,74.14303715386644,71.5216075246045,0.9780167318885589,-0.01953163882674734
2014-04-21,-0.622751,0.131738,-1.197605,0.420924,0.420946,0.596401,0.268255,-0.289831,-1.194025,-1.930406,-2.56336,0.0,72.342117,71.47833370000001,1.3436210764611531,68.7910915470777,74.16557585292232,71.59975128416598,0.9214990926756883,0.004200628462289296
2014-04-22,-0.22744,0.418959,-0.694281,0.047905,0.047902,0.397413,0.298053,-0.204301,-0.998334,-1.776337,-2.448407,0.0,72.37677,71.65420805,1.2059100040901791,69.24238804181964,74.06602805818035,71.67375306662636,0.8694818187319981,0.0004789008730047718
2014-04-23,0.167966,0.707863,-0.119974,-0.22744,-0.227447,0.379131,0.470311,0.11438,-0.583682,-1.36907,-2.035681,0.0,72.212151,71.7906617,1.0967718778979,69.5971179442042,73.9842054557958,71.725029060281,0.8056869195597756,-0.00227706341524401
2014-04-24,-0.347348,0.622834,-0.574914,0.167966,0.167976,-0.100615,0.255117,0.028741,-0.566542,-1.306363,-1.990539,0.0,72.33345,71.92365079999999,0.9817947392190832,69.96006132156182,73.88724027843816,71.7829739116828,0.7561998171364195,0.0016783496368526073
2014-04-25,-0.844131,0.106998,-0.844131,0.742608,0.7426,-0.608724,-0.413744,-0.563548,-1.059329,-1.814141,-2.482894,1.0,72.870598,72.09865844999999,0.7973572428067391,70.50394396438651,73.69337293561347,71.8865571581892,0.7516596221649934,0.007398560269193588
2014-04-28,-0.4707,0.753118,-0.600144,1.034362,1.034362,-1.277949,-1.216758,-1.411315,-1.83926,-2.587438,-3.244964,1.0,73.624344,72.2702008,0.7323118968291713,70.80557700634165,73.73482459365835,72.05206066693309,0.799664453772408,0.010290493871609865
2014-04-29,-0.246507,0.751262,-0.37563,0.247116,0.247127,-1.133946,-1.340542,-1.474364,-1.886385,-2.559471,-3.254646,0.0,73.80629,72.41401909999999,0.7376665782243044,70.93868594355138,73.8893522564486,72.21913012722517,0.8426763024246782,0.0024682264117519706
2014-04-30,-0.491628,0.187283,-0.74915,0.281721,0.281705,-0.924726,-1.494784,-1.625497,-1.973541,-2.588315,-3.296186,0.0,74.014206,72.55350505,0.7641773190826677,71.02515041183466,74.08185968816534,72.39008973415612,0.8833577872385803,0.0028130894258592437
2014-05-01,-0.268319,0.279979,-0.594963,0.33946,0.339454,-0.739607,-1.719541,-1.815201,-2.115016,-2.670547,-3.351482,0.0,74.26545,72.694724,0.8075226144611146,71.07967877107777,74.30976922892222,72.5686954737603,0.9252062464262281,0.003388789092391615
2014-05-02,0.456781,0.456781,-0.269378,-0.396645,-0.396637,-0.046844,-1.066987,-1.278982,-1.543681,-2.034195,-2.736655,0.0,73.970886,72.82901165,0.783740756298002,71.261530137404,74.396493162596,72.70223742864027,0.9239518569416134,-0.00397425348818907
2014-05-05,-0.37497,0.19921,-0.609323,-0.046851,-0.046836,0.084361,-0.805021,-1.06086,-1.349315,-1.785805,-2.484581,0.0,73.936241,72.9386083,0.7773060157371596,71.38399626852568,74.49322033147432,72.81976157829358,0.9096760035625948,-0.0004684696584446537
2014-05-06,-0.11726,0.316609,-0.328329,-0.070303,-0.070334,0.175904,-0.531174,-0.904452,-1.139757,-1.556736,-2.189242,0.0,73.884239,73.0421384,0.7572170502557013,71.52770429948859,74.55657250051141,72.92114038036087,0.8839762323560905,-0.0007035831861080374
2014-05-07,-0.594408,0.151512,-0.804198,0.609761,0.60979,-0.345006,-0.848499,-1.39473,-1.623557,-1.986029,-2.564507,1.0,74.334778,73.12791035000001,0.8026009304450091,71.52270848910999,74.73311221089003,73.05577253461222,0.8897077138056204,0.0060793870683912895
2014-05-08,-0.579979,0.197191,-1.17156,0.477851,0.47783,-0.705247,-1.004515,-1.753847,-1.956259,-2.278148,-2.803997,0.0,74.689972,73.22884264999999,0.8665423597488396,71.49575793050231,74.96192736949767,73.21141057893486,0.9123936355816937,0.004766921905325054
2014-05-09,-0.428244,0.138883,-0.532407,0.220396,0.220403,-0.687502,-0.957177,-1.719136,-2.005209,-2.302315,-2.773536,0.0,74.854591,73.3536,0.9131476309092426,71.52730473818151,75.17989526181849,73.36790395236963,0.93290185765035,0.0022016055039496803
2014-05-12,0.801118,0.894003,-0.278646,-0.312506,-0.312505,-0.192732,-0.513176,-1.207474,-1.524435,-1.841863,-2.270983,0.0,74.620667,73.48312309999999,0.8991660788185286,71.68479094236292,75.28145525763705,73.48721471881062,0.9196775888135278,-0.0031299386145897962
2014-05-13,0.407307,0.453858,-0.349125,-0.232204,-0.232213,0.190861,-0.195502,-0.792109,-1.192821,-1.471887,-1.886023,0.0,74.447388,73.55936365,0.9136634053292979,71.7320368393414,75.38669046065858,73.57865979320961,0.8850132119321046,-0.0023248318098128495
2014-05-14,0.186594,0.60641,-0.186594,-0.209473,-0.209481,0.389514,0.051324,-0.397263,-0.905523,-1.175027,-1.542452,0.0,74.291435,73.61870925,0.9210819149334476,71.7765454201331,75.46087307986689,73.64654314623728,0.8353281962907317,-0.0020970053951466687
2014-05-15,0.550804,1.007852,-0.210946,-0.489794,-0.489775,0.677362,0.498059,0.236723,-0.386152,-0.620653,-0.945744,0.0,73.927574,73.64210095,0.9227712485283569,71.79655845294329,75.48764344705671,73.67330798945278,0.7578558313718275,-0.004909784964699901
2014-05-16,-0.629584,0.244848,-0.664568,0.515639,0.515624,0.014,0.027995,-0.148444,-0.744416,-1.025517,-1.318238,0.0,74.308762,73.75559545,0.8520903900644976,72.05141466987101,75.459776230129,73.73382741902871,0.718929735422563,0.005142987886746136
2014-05-19,-0.023323,0.069985,-0.466529,-0.034976,-0.03495,-0.042003,0.10962,-0.05444,-0.579087,-0.869615,-1.169825,0.0,74.282791,73.85262915000001,0.7909622941501052,72.2707045616998,75.43455373830022,73.7861096648355,0.6781673897594942,-0.0003495622697267997
2014-05-20,0.305095,0.32856,-0.234691,-0.606481,-0.606517,0.401329,0.713466,0.55779,0.126165,-0.21542,-0.47561,-1.0,73.832253,73.9254033,0.7109348583402598,72.50353358331948,75.34727301668052,73.79050426818449,0.602562322476345,-0.00608364116692072
2014-05-21,-1.091124,0.406266,-1.416137,1.091294,1.091312,-0.589671,-0.333142,-0.472045,-0.792221,-1.210443,-1.459853,1.0,74.637993,74.0466954,0.6018154223901081,72.84306455521978,75.25032624478023,73.87121748073835,0.6007363316137599,0.010853998454191823
2014-05-22,-0.127478,0.509911,-0.486728,0.162506,0.162496,-0.528445,-0.485564,-0.589475,-0.790926,-1.301181,-1.526621,0.0,74.759277,74.16798675,0.4679060383771445,73.23217467324571,75.10379882675429,73.95579457781089,0.6021347908340857,0.0016236444835208107
2014-05-23,-0.496709,0.381197,-0.519807,0.324486,0.324488,-0.665353,-0.787796,-0.819367,-0.969725,-1.462388,-1.727684,0.0,75.001862,74.27454995000001,0.3936871056734558,73.4871757386531,75.06192416134692,74.05542004659081,0.6157200248006092,0.003239628301232838
2014-05-27,-0.43724,0.287654,-0.793928,0.39275,0.39275,-0.784723,-1.086181,-1.086945,-1.246112,-1.690938,-1.967545,0.0,75.296432,74.35815434999999,0.42466596402391815,73.50882242195216,75.20748627804782,74.1736116612012,0.642845435745329,0.003919809990258825
2014-05-28,-0.538066,0.171725,-0.995987,0.506264,0.50625,-0.796779,-1.421847,-1.427186,-1.619897,-2.011652,-2.339984,0.0,75.67762,74.45172084999999,0.49671679855092554,73.45828725289813,75.44515444710184,74.31685055061062,0.6871798239698705,0.00504972616109862
2014-05-29,-0.848704,0.373423,-1.120296,1.167722,1.167743,-1.439413,-2.263217,-2.371096,-2.589117,-2.915469,-3.316735,1.0,76.56134,74.57907755,0.6736586326943698,73.23176028461125,75.92639481538873,74.53061145055247,0.7845798167501243,0.011609773557702055
2014-05-30,-0.327537,0.293655,-0.55342,0.192371,0.192376,-1.120409,-2.088332,-2.383111,-2.616902,-2.873733,-3.361195,0.0,76.708626,74.70123635,0.8195204639909489,73.0621954220181,76.3402772779819,74.73804140764271,0.8636985824127095,0.0019219165917559397
2014-06-02,0.011325,0.475541,-0.305703,-0.248476,-0.24847,-0.47782,-1.555719,-1.995031,-2.207891,-2.441132,-2.925355,0.0,76.518028,74.82859345,0.8945326823029827,73.03952808539404,76.61765881460596,74.90756394024817,0.9006391015795572,-0.0024877929958936717
2014-06-03,0.409604,0.68267,-0.307198,-0.486867,-0.48687,0.232101,-0.829456,-1.382039,-1.584374,-1.831386,-2.28392,0.0,76.145485,74.93905565,0.9147176205433919,73.10962040891322,76.76849089108678,75.02546118403406,0.8895988803959796,-0.004880586489601271
2014-06-04,-0.227355,0.272818,-0.454702,0.091025,0.091027,0.28191,-0.607037,-1.317128,-1.520983,-1.794258,-2.204927,0.0,76.214798,75.0555836,0.9216907603666817,73.21220207926665,76.89896512073337,75.1387313569832,0.8763404976407969,0.0009098566032680785
2014-06-05,0.113763,0.295793,-0.261666,-0.079571,-0.079572,0.254833,-0.328794,-1.075475,-1.323105,-1.60365,-1.954502,0.0,76.154152,75.1465523,0.9364701087216688,73.27361208255665,77.01949251744334,75.23543808488957,0.851128231976304,-0.000796041492738887
2014-06-06,-0.373601,0.260383,-0.486811,0.489192,0.489187,-0.280762,-0.583045,-1.330622,-1.683465,-1.964456,-2.249145,0.0,76.526688,75.2383881,0.9784569410123027,73.28147421797539,77.1953019820246,75.35841426728103,0.8513935368605132,0.004879940918479455
2014-06-09,-0.362278,0.158495,-0.588706,0.0,0.0,-0.278499,-0.383791,-1.137406,-1.574216,-1.830866,-2.089893,0.0,76.526688,75.32199295000001,1.0147025159696872,73.29258791806063,77.35139798193939,75.46967843230189,0.8418989063639799,0.0
2014-06-10,-0.565675,0.203644,-0.656184,0.067924,0.067932,-0.23306,-0.283975,-1.004648,-1.51319,-1.759484,-2.027764,0.0,76.578674,75.41989329999998,1.0376720485138669,73.34454920297225,77.49523739702772,75.57529705779694,0.8290128351047201,0.0006790879342010521
2014-06-11,-0.316597,0.339208,-0.316597,0.056571,0.056559,-0.18317,-0.217091,-0.81788,-1.426957,-1.672094,-1.960651,0.0,76.621986,75.5286232,1.0443159131537625,73.43999137369248,77.61725502630752,75.67498171895915,0.8129245589317406,0.0005654283885452194
2014-06-12,-0.033997,0.532639,-0.192654,-0.226147,-0.226147,0.120134,-0.005657,-0.435172,-1.062439,-1.338618,-1.632286,0.0,76.448708,75.63648685,1.0209528279221558,73.59458119415568,77.67839250584431,75.74866993620113,0.7772329401758924,-0.002264026764208032
2014-06-13,-0.316562,0.203505,-0.644432,0.237986,0.237987,-0.090441,-0.253242,-0.508757,-1.120969,-1.471562,-1.76295,0.0,76.630646,75.77164044999999,0.9599119541526241,73.85181654169475,77.69146435830524,75.83266765656292,0.7549256384136243,0.0023770427678642524
2014-06-16,-0.741319,0.370664,-1.078287,0.65574,0.655736,-0.584068,-0.823309,-0.972699,-1.582046,-1.995278,-2.266272,1.0,77.133141,75.9128594,0.9409402572391117,74.03097888552178,77.79473991447823,75.95652226069978,0.7689303377347727,0.00653595750510721
2014-06-17,0.045077,0.292993,-0.371866,-0.325734,-0.325738,-0.180296,-0.403414,-0.511596,-1.091381,-1.557349,-1.819162,0.0,76.881889,76.0428143,0.8815695525143984,74.2796751949712,77.8059534050288,76.04465242634743,0.7510970470292904,-0.0032626974508331353
2014-06-18,-1.179347,0.100138,-1.602131,1.284651,1.284671,-1.125957,-1.454168,-1.585823,-2.086679,-2.630182,-2.893866,1.0,77.869568,76.24468005,0.8079077866033783,74.62886447679324,77.86049562320676,76.21845390955244,0.807354793091605,0.01276488674598196
2014-06-19,-1.499885,0.142331,-1.56557,1.624387,1.624373,-2.027586,-2.652719,-2.942112,-3.367631,-3.94175,-4.243845,1.0,79.13446,76.46950340000001,0.9503478296783551,74.5688077406433,78.37019905935672,76.49616877530934,0.9431338158687339,0.01611320911403178
2014-06-20,0.274303,0.537632,-0.394997,-0.218959,-0.218967,-1.222289,-2.130778,-2.538938,-2.8895,-3.475961,-3.853402,0.0,78.961182,76.67959865,1.014651783024535,74.65029508395094,78.70890221604907,76.7309319395656,1.0249426819662517,-0.0021920663617741054
2014-06-23,0.796198,0.895718,-0.176936,-0.77902,-0.779007,-0.137129,-1.130161,-1.618197,-1.913638,-2.512002,-2.949984,-1.0,78.346069,76.846809,0.9990517533835432,74.84870549323291,78.84491250676707,76.88475451674982,1.0282888456384995,-0.00782056937845328
2014-06-24,-0.279736,0.637797,-0.716124,-1.172174,-0.134083,0.344372,-0.78495,-1.307552,-1.59377,-2.17875,-2.665442,0.0,78.24102,76.9940384,0.9752357139832686,75.04356697203346,78.94450982796653,77.01392265801174,1.0108121152319853,-0.001341732788193093
2014-06-25,0.461249,0.461249,-0.686241,-0.537097,-0.537102,0.873696,-0.095141,-0.637031,-0.924675,-1.445502,-1.995339,-1.0,77.820786,77.1011967,0.9400869339366562,75.22102283212669,78.98137056787331,77.09076678582014,0.9520773536287805,-0.005385494714695947
2014-06-26,0.358429,0.485612,-0.589658,-2.699967,-2.699987,2.770884,2.580843,2.081945,1.768995,1.346435,0.787074,-1.0,75.719635,77.05911145,0.9833709353365999,75.0923695793268,79.0258533206732,76.96018280621823,0.7275970207074209,-0.02737106179811341
2014-06-27,1.555687,1.555687,-0.942834,-1.896173,-1.896133,3.497919,4.247589,3.853684,3.572759,3.279641,2.751056,-1.0,74.28389,76.93787465,1.162085157338545,74.61370433532291,79.26204496467709,76.70529777705458,0.4288980473849193,-0.019143401412283052
2014-06-30,0.37955,0.699803,-0.177908,-0.636417,-0.636438,2.932039,4.465239,4.27361,4.052791,3.876633,3.386718,-1.0,73.811119,76.80252920000001,1.3551530931926228,74.09222301361477,79.51283538638525,76.42966170304939,0.15227298227601693,-0.006384720311914519
2014-07-01,0.16625,0.39188,-0.403748,-0.118609,-0.11862,1.828771,4.160902,4.139265,4.012108,3.914659,3.484217,0.0,73.723564,76.68143315,1.515661967058176,73.65010921588365,79.71275708411636,76.17193811228277,-0.07317580642498456,-0.001186907491828165
2014-07-02,-0.76597,0.282815,-1.213763,0.771882,0.771875,0.098997,2.8816,3.13257,3.086048,3.044141,2.712221,1.0,74.292618,76.58532415,1.6051126117139527,73.3750989265721,79.79554937342792,75.99295524444632,-0.20358093937961996,0.007689116094826429
2014-07-03,-1.085307,0.466792,-1.120316,0.978083,0.978086,-1.057292,1.336524,2.006586,2.011904,1.96382,1.734279,1.0,75.019264,76.52857975,1.6408210374404464,73.24693767511911,79.8102218248809,75.90022274497524,-0.24546412970728682,0.009733341071083229
2014-07-07,-0.580855,0.429827,-0.720264,0.455129,0.455135,-1.219799,0.39963,1.432078,1.472356,1.430304,1.29995,0.0,75.360703,76.4702805,1.6614758235835008,73.147328852833,79.793232147167,75.84883991212047,-0.2482439838989592,0.004541024892386399
2014-07-08,-0.185426,0.42879,-0.405608,0.243958,0.243953,-1.001275,-0.215546,1.045043,1.160409,1.131919,1.077373,0.0,75.544548,76.4211735,1.6741864519382317,73.07280059612353,79.76954640387646,75.81985973001376,-0.23292724306452328,0.002436563204216909
2014-07-09,0.557948,0.953155,-0.2441,-0.301312,-0.30131,-0.278972,-0.302216,1.211899,1.382373,1.393556,1.383756,0.0,75.316925,76.35808605000001,1.6916211946332949,72.97484366073343,79.7413284392666,75.77196118429816,-0.2364304661365253,-0.0030176448393994344
2014-07-10,0.836277,1.342755,-0.023563,-1.313492,-1.31348,1.057704,0.55476,2.241306,2.577395,2.641508,2.672594,-1.0,74.327652,76.24336935,1.7495846707016611,72.74420000859668,79.74253869140331,75.63440792865072,-0.3153971569634706,-0.013221827767901198
2014-07-11,0.222449,0.784449,-0.667378,0.600709,0.600692,0.388717,-0.172106,1.242063,1.852925,1.954807,1.97986,1.0,74.774132,76.15964055,1.7790619655725883,72.60151661885483,79.71776448114518,75.55247688782684,-0.3380547391559219,0.005988946913053207
2014-07-14,-0.034903,0.360681,-0.23269,0.632236,0.632244,-0.272248,-0.671318,0.276911,1.121064,1.246222,1.274396,1.0,75.246887,76.0904526,1.7866714352053608,72.51710972958928,79.66379547041073,75.52337308898619,-0.31424128088326597,0.006302537711680105
2014-07-15,1.158534,1.205822,-0.130031,-1.582317,-1.582305,0.929182,0.958734,1.502931,2.539092,2.740566,2.791822,-1.0,74.056252,75.93660815,1.8242390225404392,72.28813010491912,79.58508619508088,75.38364727098751,-0.386982345987235,-0.01594956741309872
2014-07-16,0.342386,1.003549,-0.247933,0.13004,0.130023,0.484071,0.885486,1.003552,2.221905,2.476281,2.568756,0.0,74.152542,75.8001408,1.8516846043493713,72.09677159130125,79.50351000869874,75.2663991499411,-0.4318819001742469,0.0012993832680126586
2014-07-17,0.035481,2.483736,-0.035489,-0.177089,-0.17708,0.579531,1.027787,0.840522,2.143292,2.517527,2.651925,0.0,74.021233,75.60772405,1.8250808420003146,71.95756236599937,79.25788573400064,75.14781189756575,-0.47261267453531275,-0.0017723653780594084
2014-07-18,-1.17414,0.151133,-1.302017,1.738609,1.738611,-0.997443,-0.660312,-0.919166,0.143724,0.705026,0.860262,1.0,75.308174,75.41640974999999,1.6255739401117386,72.16526186977651,78.66755763022346,75.16308447874997,-0.39647639035054283,0.01723669689193106
2014-07-21,-0.327216,0.245412,-0.432398,-0.523131,-0.523129,-0.565623,-0.197505,-0.342026,0.400253,1.142966,1.318918,-1.0,74.914215,75.21406139999999,1.3968990889266992,72.42026322214659,78.0078595778534,75.13938262363092,-0.36373413476020744,-0.005245022473436382
2014-07-22,0.327954,0.597332,-0.140542,-0.222044,-0.222035,-0.159296,-0.081996,-0.03671,0.382985,1.240395,1.465058,0.0,74.747879,75.0341519,1.1884470204529738,72.65725785909405,77.41104594090595,75.1020965642375,-0.34720522072493054,-0.0022228216115692113
2014-07-23,0.52891,0.763988,-0.129291,-0.351365,-0.351371,0.282084,0.158667,0.383942,0.484829,1.468674,1.729149,0.0,74.485237,74.84636275,0.9218896311249214,73.00258348775016,76.69014201224984,75.04334803431013,-0.35124996077448145,-0.0035198926111013155
2014-07-24,-0.292261,0.280568,-0.339024,0.540666,0.540657,-0.025714,-0.305119,-0.102875,-0.251344,0.763768,1.104916,0.0,74.887947,74.6997208,0.601410084159613,73.49690063168077,75.90254096831922,75.02854793580441,-0.3182910538529171,0.005392011670470635
2014-07-25,0.553921,0.801415,-0.329992,-0.806644,-0.806614,0.511475,0.439578,0.643465,0.463147,1.321962,1.829933,-1.0,74.28389,74.62793355,0.5573343412532781,73.51326486749343,75.74260223250656,74.95762813239446,-0.3370281831439712,-0.008098851819352321
2014-07-28,0.591856,0.591856,-0.449817,-0.436058,-0.43608,0.693657,0.705489,0.958011,0.881266,1.495258,2.155571,0.0,73.959953,74.6117367,0.5723632947676135,73.46701011046477,75.75646328953522,74.8626114531188,-0.37370862138460836,-0.004370333486221921
2014-07-29,-0.177203,0.862369,-0.177203,0.20123,0.201237,0.318957,0.510328,0.626096,0.698746,1.062716,1.814377,0.0,74.108788,74.62662015,0.5540251483151991,73.5185698533696,75.73467044663039,74.79081874329798,-0.38631519127245895,0.0020103507211763974
2014-07-30,1.839162,2.259885,-0.060107,-1.724749,-1.72477,1.62521,2.092813,2.164533,2.404744,2.539256,3.415839,-1.0,72.830582,74.58197105,0.6570390206282398,73.26789300874353,75.89604909125649,74.60412952965055,-0.4937548321672409,-0.017398172350954675
2014-07-31,1.158392,1.194971,-0.012196,-1.41844,-1.418441,2.226573,3.252056,3.399596,3.704436,3.679073,4.621932,-1.0,71.797523,74.4572163,0.9049703694069766,72.64727556118605,76.26715703881395,74.33683366968383,-0.654713618256693,-0.014285972558461283
2014-08-01,0.122098,0.842483,-0.219781,-0.13413,-0.134102,1.643453,2.887655,3.252731,3.612314,3.594121,4.416856,0.0,71.701241,74.29131514999999,1.083111852762451,72.12509144447509,76.45753885552489,74.08582484399966,-0.7810404208252777,-0.0013419211673256924
2014-08-04,-0.401795,0.243522,-0.767073,0.280824,0.280825,0.78655,2.180683,2.653508,3.081688,3.171544,3.79722,0.0,71.902596,74.11840980000001,1.1754944766704563,71.76742084665909,76.46939875334093,73.87789828742827,-0.8550511587827145,0.0028043140930505022
2014-08-05,0.330959,0.833538,-0.478058,-0.669664,-0.669687,0.713416,2.403785,3.099623,3.487993,3.733272,4.173822,-1.0,71.421074,73.9122361,1.27000945686493,71.37221718627013,76.45225501372987,73.6439150219589,-0.9417046183358764,-0.006719389919797902
2014-08-06,-2.264024,0.563002,-2.264024,2.329003,2.329013,-1.509345,-0.118592,0.655644,0.979871,1.33732,1.567635,1.0,73.08448,73.80061384999999,1.2377482762407805,71.32511729751843,76.27611040248155,73.59063549605806,-0.8661704727625903,0.02302305245509326
2014-08-07,1.015602,1.438766,-0.398987,-0.922381,-0.922382,-0.42316,0.469114,1.444408,1.787572,2.176762,2.264135,-1.0,72.410362,73.70474935,1.268642582884959,71.16746418423008,76.24203451576992,73.47822849643347,-0.8508962051736972,-0.009266621615145021
2014-08-08,-1.24045,0.131203,-1.479005,1.366216,1.366215,-1.302475,-1.00548,-0.096207,0.322048,0.711359,0.780459,1.0,73.399643,73.6360249,1.2446660023604008,71.14669289527919,76.1253569047208,73.4707441634398,-0.7503153607074893,0.013569661150703061
2014-08-11,-0.4505,0.723178,-0.71132,0.608304,0.608296,-1.372844,-1.619432,-0.796668,-0.37936,0.020401,0.151362,1.0,73.84613,73.56598705,1.1873419480499443,71.19130315390012,75.94067094609989,73.50649519549316,-0.6273449058042644,0.00606453223520272
2014-08-12,-0.071272,0.095037,-0.522692,-0.201539,-0.201535,-0.55595,-1.476595,-0.691369,-0.202537,0.122123,0.348462,0.0,73.697304,73.54803965,1.1822431704448269,71.18355330911035,75.91252599088966,73.52466746258905,-0.5357234621529585,-0.00201738629012694
2014-08-13,-0.035514,0.414347,-0.284122,0.344501,0.344494,-0.662953,-1.663304,-1.080452,-0.558767,-0.29548,0.014214,0.0,73.951187,73.5379719,1.177672925508976,71.18262604898204,75.89331775101796,73.5652883709139,-0.43758239419646827,0.003439022620558987
2014-08-14,-0.518076,0.070644,-0.541621,0.544571,0.544582,-0.678212,-1.852114,-1.664115,-1.075002,-0.834099,-0.524747,0.0,74.353912,73.55460585,1.1871691242133264,71.18026760157335,75.92894409842665,73.64039538320782,-0.3235783393109415,0.0054310471133120096
2014-08-15,0.710057,0.792897,-0.804734,-0.506299,-0.506304,-0.016569,-1.044968,-1.191317,-0.661533,-0.37254,-0.06548,-1.0,73.977455,73.4880699,1.1190526904093692,71.24996451918126,75.72617528081874,73.6724962990928,-0.2606021784825572,-0.005075902904307668
2014-08-18,-0.329449,0.129427,-0.42358,0.579879,0.579866,-0.442392,-1.278959,-1.720969,-1.268364,-0.992097,-0.684376,1.0,74.406425,73.4626804,1.0903860558143585,71.28190828837128,75.64345251162871,73.74239427060776,-0.1740722270815951,0.0057819110142684925
2014-08-19,-0.327944,0.105416,-0.878426,0.458876,0.458904,-0.616081,-1.284854,-2.112915,-1.719378,-1.407362,-1.173584,0.0,74.747879,73.4626804,1.0903860558143585,71.28190828837128,75.64345251162871,73.83815472102607,-0.07705588080358439,0.004578541648958605
2014-08-20,0.141031,0.329072,-0.575859,-0.339659,-0.339683,-0.131614,-0.759184,-1.630415,-1.383811,-1.052984,-0.873567,0.0,74.493973,73.4631172,1.0908189071156797,71.28147938576863,75.64475501423136,73.90061360473788,-0.02042240288429298,-0.0034026145021623893
2014-08-21,0.093953,0.634175,-0.035231,0.070521,0.070555,-0.150348,-0.542598,-1.453927,-1.47624,-1.09456,-0.933669,0.0,74.546532,73.44604645000001,1.0698167903671911,71.30641286926563,75.5856800307344,73.9621296423819,0.028374030276239637,0.000705298229884219
2014-08-22,0.56913,1.055261,-0.165994,-0.95127,-0.951309,0.770708,0.471918,-0.314578,-0.560209,-0.224305,-0.02448,-1.0,73.837364,73.42372015000001,1.0559812017691659,71.31175774646168,75.53568255353834,73.95024720025029,0.009709696937321155,-0.00955863026486672
2014-08-25,-0.305202,0.410845,-0.305202,1.007833,1.007852,-0.187819,-0.431981,-1.069771,-1.510744,-1.237705,-1.051768,1.0,74.581535,73.45479925000001,1.0814342576712024,71.2919307346576,75.61766776534242,74.0103698478455,0.05434006031067895,0.010028065715174122
2014-08-26,-0.023462,0.234573,-0.50434,0.082169,0.082154,-0.297905,-0.387043,-0.863233,-1.555819,-1.324407,-1.106798,0.0,74.642807,73.4815002,1.104772025398237,71.27195614920353,75.69104425079647,74.0706019575745,0.09357540414664811,0.0008212065487731975
2014-08-27,-0.140766,0.046922,-0.492666,-0.011731,-0.011713,-0.248685,-0.283878,-0.713203,-1.423465,-1.304871,-1.073707,0.0,74.634064,73.5716743,1.1223092916818074,71.32705571663638,75.81629288336362,74.12426500923407,0.1225515122329881,-0.00011713803955618044
2014-08-28,-0.398785,0.14074,-0.492618,0.011733,0.011714,-0.234573,-0.256854,-0.525444,-1.244418,-1.329568,-1.057537,0.0,74.642807,73.71393850000001,1.0644226295433628,71.58509324091328,75.84278375908674,74.17364996073559,0.144554440081464,0.00011713803955615588
2014-08-29,-0.350553,0.128535,-0.63099,0.375323,0.375344,-0.317842,-0.503635,-0.761872,-1.398702,-1.664417,-1.44466,0.0,74.922974,73.87502515,0.984585207587063,71.90585473482588,75.84419556517412,74.24501415495125,0.18249536144328715,0.0037464094503301556
2014-09-02,-0.222242,0.479593,-0.502983,-0.105169,-0.105171,-0.142711,-0.340395,-0.568493,-1.098379,-1.513631,-1.344019,0.0,74.844177,74.0221042,0.8895559568386937,72.24299228632262,75.80121611367738,74.30207728305113,0.20385563474451374,-0.001052260215201232
2014-09-03,0.526927,0.562055,-0.234198,-0.105271,-0.105271,-0.004689,-0.23303,-0.368472,-0.770501,-1.374716,-1.239273,0.0,74.765388,74.18931990000002,0.6594565987114638,72.87040670257709,75.50823309742294,74.34620211323674,0.2119825880746049,-0.0010532616318184947
2014-09-04,0.917754,0.941291,-0.235318,-0.480098,-0.480119,0.416536,0.236515,0.152974,-0.20295,-0.814197,-0.766347,0.0,74.406425,74.25541715,0.6070577704564958,73.04130160908701,75.46953269091298,74.35193762626182,0.18729887814149038,-0.004812754979071159
2014-09-05,-0.456406,0.058517,-0.748975,0.541239,0.541272,-0.079589,-0.268009,-0.345637,-0.579887,-1.187141,-1.304089,0.0,74.809166,74.37535735,0.4362857494068764,73.50278585118625,75.24792884881376,74.39548318566546,0.19795281619227012,0.005398121942626609
2014-09-08,1.535715,1.619049,-0.09524,-1.696895,-1.696924,1.269059,1.413106,1.334931,1.145843,0.618583,0.365885,-1.0,73.539711,74.38236075,0.4206426927813208,73.54107536443736,75.22364613556265,74.31398107274494,0.10277698057744544,-0.017114871548657717
2014-09-09,0.322076,0.572583,-0.238584,-0.202379,-0.202365,1.078369,1.456515,1.448165,1.319928,0.903729,0.543557,0.0,73.390892,74.35959885,0.4615175202219686,73.43656380955606,75.28263389044393,74.22606782772161,0.015166169419643438,-0.0020257053037436358
2014-09-10,-0.083144,0.261316,-0.451365,0.429441,0.42944,0.358708,0.895591,0.920137,0.887274,0.596266,0.095415,0.0,73.706062,74.36003674999999,0.46085972970480116,73.43831729059039,75.2817562094096,74.17654346317669,-0.028505846950935165,0.004285207459684471
2014-09-11,-0.414199,0.071004,-0.650891,0.368212,0.36821,-0.125441,0.436688,0.503355,0.518935,0.275503,-0.220117,0.0,73.977455,74.36135014999999,0.45966911988692977,73.44201191022613,75.28068838977386,74.15758265715986,-0.040747377190541556,0.003675336435821887
2014-09-12,0.821235,0.868844,-0.357053,-0.568051,-0.568037,0.104728,0.862883,0.98785,1.039028,0.910725,0.429651,-1.0,73.557236,74.32151635,0.49361331037888273,73.33428972924223,75.30874297075776,74.1004067850494,-0.08339570570088028,-0.005696560361787918
2014-09-15,0.106893,0.118772,-0.380048,0.214235,0.214214,-0.061746,0.483384,0.760898,0.805236,0.712124,0.306028,0.0,73.714806,74.3083839,0.5065724822068002,73.2952389355864,75.3215288644136,74.06368290075898,-0.10328957327222099,0.002139850279600772
2014-09-16,-0.778114,0.259374,-0.896017,0.736346,0.736342,-0.558821,-0.330101,-0.004706,0.058369,-0.001877,-0.321455,1.0,74.257599,74.30094260000001,0.5061494217031902,73.28864375659363,75.3132414434064,74.08215110068669,-0.07439912110422142,0.007336441339544736
2014-09-17,0.011781,0.51825,-0.424029,0.09432,0.094338,-0.485287,-0.482931,-0.127217,-0.064203,-0.062201,-0.285051,0.0,74.327652,74.27993125,0.4952239904988195,73.28948326900236,75.27037923099765,74.10553213871653,-0.045328024720689086,0.0009429334973562072
2014-09-18,0.389521,0.649193,-0.68461,-0.212015,-0.212014,-0.221916,-0.30336,0.043271,0.126289,0.161935,-0.024404,0.0,74.170067,74.26373595,0.4931477702308271,73.27744040953834,75.25003149046165,74.11167831598162,-0.03460584920971144,-0.002122390299530353
2014-09-19,-0.467564,0.151954,-0.993578,0.9797,0.979702,-0.832274,-1.258925,-0.904746,-0.821756,-0.780844,-0.883708,1.0,74.896713,74.281245,0.509656992272986,73.26193101545402,75.30055898454597,74.18644352398337,0.03215514697933486,0.009749345301704777
2014-09-22,-1.115639,0.023239,-1.1505,0.584454,0.584444,-0.9785,-1.594423,-1.444124,-1.298666,-1.285303,-1.374012,1.0,75.334442,74.35609889999999,0.5494200864943676,73.25725872701126,75.45493907298872,74.29577671217544,0.11901288305931246,0.005827422930093284
2014-09-23,1.302888,1.804917,-0.035868,-2.777454,-1.634333,0.625066,0.136701,0.126711,0.308971,0.338463,0.276212,-1.0,74.103226,74.33218345,0.5495007538342226,73.23318194233156,75.43118495766845,74.27743854911111,0.08749088274524297,-0.01647836019317356
2014-09-24,-1.006512,0.331564,-1.053877,0.94429,0.944295,-0.189155,-0.653398,-0.806586,-0.618674,-0.597218,-0.612563,1.0,74.802979,74.34019205,0.5554016658158407,73.22938871836831,75.45099538163169,74.32749002062434,0.11761786389237727,0.0093986432737273
2014-09-25,0.358427,0.597372,-0.179204,-0.888099,-0.888106,0.696739,0.258553,0.058172,0.238435,0.274324,0.286441,-1.0,74.138649,74.3154213,0.5526460880605719,73.21012912387886,75.42071347612114,74.30950516151727,0.08688626377809783,-0.008920735116208252
2014-09-26,-0.468589,0.132155,-0.78097,-0.561522,-0.561502,0.946758,0.847084,0.524894,0.742027,0.795828,0.824176,-1.0,73.722359,74.2693989,0.5621910399876694,73.14501682002467,75.39378097997533,74.253586479468,0.02861032336062408,-0.005630843527332405
2014-09-29,-0.060492,0.350826,-0.133076,-0.684848,-0.684864,1.064601,1.474585,1.188759,1.320262,1.457036,1.484846,-1.0,73.217461,74.18412325,0.5866537913797167,73.01081566724056,75.35743083275943,74.15490786237581,-0.05765027181956839,-0.006872200974150403
2014-09-30,-0.611514,0.143879,-1.342929,0.895231,0.895239,0.105511,0.522134,0.334417,0.355515,0.518444,0.560303,1.0,73.872932,74.135561,0.5690756099310661,72.99740978013786,75.27371221986213,74.12805301834001,-0.07228809115652268,0.008912551329727207
2014-10-01,-0.263569,0.49119,-0.311492,0.083932,0.083904,-0.213229,0.384744,0.270939,0.215221,0.395878,0.439348,0.0,73.934914,74.0940373,0.5507022675397968,72.9926327649204,75.19544183507959,74.10965882611714,-0.07798823917089237,0.0008386835382625163
2014-10-02,-0.724381,0.059379,-1.223131,0.886544,0.886582,-0.969016,-0.441075,-0.555449,-0.653129,-0.488733,-0.438995,1.0,74.590408,74.10323645,0.5576875219902444,72.9878614060195,75.21861149398049,74.15544446172504,-0.029275292581900203,0.008826754213347063
2014-10-03,-0.189331,0.402315,-0.319494,0.356256,0.356235,-1.017628,-0.799902,-0.792769,-1.002644,-0.83057,-0.778621,0.0,74.856125,74.1055844,0.5609055860726531,72.9837732278547,75.2273955721453,74.22217594156075,0.03042054070100164,0.0035560179907966295
2014-10-06,0.319257,0.331084,-0.591226,0.070995,0.070977,-0.636142,-0.927022,-0.756832,-0.981447,-0.90164,-0.801298,0.0,74.909256,74.17406165000001,0.5716816888393719,73.03069827232127,75.31742502767875,74.28761213760258,0.08108247799442836,0.0007095231471276695
2014-10-07,0.523928,0.964513,-0.047632,-0.697643,-0.697621,0.200039,-0.192907,-0.048059,-0.218886,-0.230054,-0.113137,-1.0,74.386673,74.2238507,0.5425014678224244,73.13884776435515,75.30885363564485,74.29704650544994,0.078163329401022,-0.00700066154224724
2014-10-08,-1.316713,0.082294,-1.622382,1.286014,1.286019,-0.698334,-1.388434,-1.227271,-1.377146,-1.466142,-1.3504,1.0,75.3433,74.3057126,0.5823221749436507,73.14106825011271,75.4703569498873,74.39668969540709,0.15129762233324584,0.012778203288221055
2014-10-09,1.501432,2.466635,-0.071493,-1.34023,-1.340229,0.5815,-0.022643,0.129153,-0.013467,-0.131546,-0.023786,-1.0,74.333527,74.3235162,0.5771784554200953,73.16915928915981,75.47787311084019,74.39067420060641,0.12632068805127972,-0.013492914568360626
2014-10-10,0.11865,1.150927,0.0,0.428981,0.428983,0.097287,-0.325113,-0.320366,-0.367209,-0.566534,-0.450406,0.0,74.652405,74.37827465000001,0.5520572605477808,73.27416012890444,75.48238917109558,74.41560094340579,0.13074987414886152,0.004280652309187615
2014-10-13,0.630425,1.451173,-0.118947,-0.249168,-0.249171,0.22838,0.091585,-0.149086,-0.067868,-0.268378,-0.222176,0.0,74.466393,74.415854,0.529642739703522,73.35656852059296,75.47513947940703,74.42043828212906,0.11789144303844523,-0.002494817541112399
2014-10-14,0.597443,1.123187,-0.083641,-0.452002,-0.452008,0.614174,0.580712,0.306687,0.377264,0.224334,0.198753,0.0,74.129799,74.409464,0.5324162093054441,73.34463158138911,75.47429641861089,74.39275835049772,0.07962287800278034,-0.0045303257257568764
2014-10-15,-0.562337,0.323039,-2.01005,-0.131437,-0.131418,0.392425,0.726233,0.369288,0.489409,0.373852,0.297601,0.0,74.032379,74.39470035000001,0.5388591245129754,73.31698210097406,75.47241859902596,74.35843650759317,0.04096160479247146,-0.0013150456527360078
2014-10-16,-2.427868,0.070371,-2.650718,2.01005,2.010033,-1.271401,-1.135352,-1.486434,-1.401255,-1.522215,-1.629518,1.0,75.520454,74.4622197,0.5912830763604229,73.27965354727915,75.64478585272086,74.46910484020334,0.12891147216566878,0.01990098191235441
2014-10-17,-1.197673,0.01163,-1.813951,0.867931,0.86793,-1.720925,-1.812789,-2.119378,-2.165696,-2.232072,-2.416152,1.0,76.175919,74.52618,0.6999571533867573,73.12626569322649,75.9260943067735,74.6316585697078,0.24863679307439668,0.008641855652847745
2014-10-20,-1.345908,0.322097,-1.403429,1.081395,1.081413,-2.114354,-2.591751,-2.83908,-3.104236,-3.107391,-3.310363,1.0,76.999695,74.60944265,0.8776522489558887,72.85413815208823,76.36474714791179,74.85718584878325,0.4053195397342364,0.010756071682312554
2014-10-21,-0.148653,0.022875,-0.949107,0.598179,0.598166,-1.836471,-2.774152,-3.108061,-3.463692,-3.518139,-3.710171,1.0,77.460281,74.77729539999999,1.0746536533691056,72.62798809326178,76.9266027067382,75.10509967270865,0.5601995544707705,0.005963840951950199
2014-10-22,-0.433787,0.079909,-0.54794,0.171528,0.171538,-1.086764,-2.65069,-2.959673,-3.44921,-3.51502,-3.708076,0.0,77.593155,74.9168042,1.245663647964544,72.42547690407092,77.40813149592908,75.34205732292686,0.6857598901820694,0.0017139127768367162
2014-10-23,0.376619,0.673358,-0.125543,0.022837,0.022841,-0.570658,-2.250641,-2.722379,-3.247563,-3.359716,-3.574012,0.0,77.610878,75.09041565,1.367509645236533,72.35539635952694,77.82543494047306,75.55813548264811,0.7777322456233122,0.00022838324152365464
2014-10-24,-0.227114,0.136273,-0.749484,0.502163,0.502153,-0.599586,-2.309787,-2.939663,-3.456736,-3.6834,-3.865912,0.0,78.000603,75.30432785,1.4728063579939095,72.35871513401219,78.24994056598783,75.79075143668162,0.8720164871157721,0.005008959651751886
2014-10-27,-0.136305,0.71558,-0.272601,-0.022708,-0.022713,-0.324848,-1.836662,-2.654852,-3.129261,-3.525672,-3.661636,0.0,77.982887,75.54259915,1.5025980030590687,72.53740314388186,78.54779515611814,75.99952625223575,0.9345351550985441,-0.00022715224638411477
2014-10-28,0.249236,0.249236,-0.555113,0.26124,0.261237,-0.398765,-1.57357,-2.584486,-3.105806,-3.568137,-3.745146,0.0,78.186607,75.75828290000001,1.5588594672816098,72.6405639654368,78.87600183456323,76.20781965678472,0.9891182122919133,0.00260896171636098
2014-10-29,0.318505,1.046523,-0.648399,-0.407832,-0.407842,0.079637,-0.677955,-1.969427,-2.45648,-3.015803,-3.199428,0.0,77.867729,75.95492365,1.5647860278820658,72.82535159423587,79.08449570576413,76.36590626090046,0.9951731521181415,-0.004086761726567378
2014-10-30,-1.018677,0.373517,-1.629874,0.500505,0.500535,-0.25355,-0.822874,-2.123383,-2.707992,-3.288298,-3.507434,0.0,78.257484,76.13827745,1.6106562872067245,72.91696487558656,79.35959002441345,76.54605652176708,1.0196676132114249,0.004992861847015897
2014-10-31,-0.247164,0.258393,-0.606675,0.747033,0.747015,-0.779687,-1.220084,-2.494847,-3.176608,-3.745646,-4.056099,1.0,78.842079,76.33757514999999,1.6883859668347916,72.9608032163304,79.71434708366958,76.76472532921784,1.073872645541357,0.007442384780488751
2014-11-03,-0.381213,0.34757,-0.661514,0.202224,0.202226,-0.722055,-1.166048,-2.308926,-3.113016,-3.647046,-4.095004,0.0,79.001518,76.54218825,1.7529142920031027,73.03635966599379,80.0480168340062,76.97775320262566,1.1168218914346966,0.0020202156724312
2014-11-04,-0.067074,0.514262,-0.29066,0.291507,0.291515,-0.746787,-1.229737,-2.163592,-3.088877,-3.656571,-4.158006,0.0,79.231819,76.78444555,1.7740165159345667,73.23641251813086,80.33247858186914,77.19242613570894,1.1561158602521715,0.0029109057166483024
2014-11-05,-0.077864,0.389319,-0.901008,0.50308,0.503078,-0.800892,-1.468302,-2.184653,-3.304787,-3.852731,-4.435675,0.0,79.630417,76.9988014,1.8481746580528986,73.30245208389421,80.6951507161058,77.4246157418319,1.2055236151917654,0.005018169786537242
2014-11-06,2.491429,2.662859,-0.365714,-2.669635,-2.669632,1.72571,1.220565,0.668948,-0.448005,-1.065149,-1.669721,-1.0,77.504578,77.15735394999999,1.74036574931358,73.67662245137282,80.63808544862715,77.43223119499078,1.0609126355553542,-0.027059137393048806
2014-11-07,-0.703589,0.090778,-0.975943,0.708575,0.708576,0.807983,0.515197,0.121039,-0.930558,-1.597378,-2.176589,1.0,78.053757,77.32742155,1.6463499548177691,74.03472164036445,80.62012145963554,77.49142412880119,0.9793324134977013,0.007060776030905766
2014-11-10,-0.667265,0.09048,-1.01787,0.340439,0.340427,0.291799,0.217153,-0.106302,-1.020688,-1.757061,-2.291331,0.0,78.319473,77.52007555,1.5140615600022662,74.49195242999546,80.54819867000454,77.5702859260582,0.9254525197089691,0.0033984877813852594
2014-11-11,0.397328,0.442737,-0.283801,-0.373221,-0.373211,0.358727,0.572143,0.316344,-0.400158,-1.202406,-1.747835,0.0,78.027176,77.7149444,1.2887971574701143,75.13735008505977,80.29253871494022,77.61379926643362,0.8493753206470274,-0.0037390931294708127
2014-11-12,0.159271,0.261655,-0.375429,-0.215682,-0.21569,0.120595,0.788399,0.555937,0.060867,-0.859611,-1.367462,0.0,77.858879,77.9062694,0.9538368027757137,75.99859579444858,79.81394300555142,77.63714019343995,0.7666657849643599,-0.002159231823363893
2014-11-13,0.204871,0.956062,-0.3756,-0.045507,-0.045516,0.248131,0.778522,0.619936,0.254393,-0.63509,-1.184071,0.0,77.823441,78.02141875,0.7724140642073086,76.47659062158537,79.56624687841462,77.65488312739805,0.6903009717091066,-0.0004552604382061467
2014-11-14,1.240147,1.298103,-0.915625,-1.798318,-1.798309,1.657394,2.307607,2.324992,2.106519,1.277242,0.693868,-1.0,76.423935,78.03381955,0.7426430626864886,76.54853342462702,79.51910567537298,77.53764997240776,0.5109628078001975,-0.018146751554488888
2014-11-17,-1.111112,0.229092,-1.294393,1.182202,1.182206,0.213052,0.895758,1.072924,0.934705,0.241921,-0.378392,1.0,77.327423,78.05020594999999,0.7219515901328275,76.60630276973434,79.49410913026564,77.51762835598798,0.43670587815303463,0.011752720904207729
2014-11-18,0.390226,0.539425,-0.04591,-0.194738,-0.194742,0.188228,0.826358,1.182914,1.113287,0.59544,-0.063499,0.0,77.176834,78.03603360000001,0.7367716877573277,76.56249022448536,79.50957697551466,77.48517175065578,0.3615378691342812,-0.0019493190751962185
2014-11-19,0.138195,0.426114,-0.414604,-0.344307,-0.344325,0.287931,0.821161,1.449594,1.418307,1.092729,0.349744,0.0,76.911095,78.00193060000001,0.7732332318186902,76.45546413636262,79.5483970636374,77.43049777440285,0.2773269119927022,-0.0034491898902222506
2014-11-20,0.804104,0.804104,-0.279685,-1.174714,-1.174698,1.002215,1.822635,2.45815,2.51836,2.320016,1.615981,-1.0,76.007622,77.92176780000001,0.8901722527270235,76.14142329454596,79.70211230545407,77.2949857958883,0.1361173254915542,-0.011816519656610638
2014-11-21,-0.977009,0.045978,-1.022987,1.386787,1.386785,-0.213793,0.301151,0.902687,1.055178,0.966444,0.330275,1.0,77.061684,77.87482184999999,0.9103260509235781,76.05416974815283,79.69547395184715,77.27276657723226,0.108016557429508,0.013772567329353173
2014-11-24,0.924859,1.283238,-0.034681,-0.574713,-0.574707,0.178028,0.658956,1.278612,1.550289,1.530174,1.003855,-1.0,76.618805,77.80661775,0.9519520423158013,75.9027136653684,79.7105218346316,77.21048452225776,0.04943994931900875,-0.00576364935985145
2014-11-25,0.220156,0.498262,-0.162224,-0.23121,-0.231195,0.217824,0.6848,1.26997,1.671477,1.71215,1.338724,0.0,76.441666,77.71937069999998,0.9943128180214541,75.73074506395707,79.7079963360429,77.13726371061416,-0.011147569278321612,-0.0023146286945015947
2014-11-26,0.069291,0.357975,-0.207852,0.347619,0.347617,-0.182455,0.185901,0.665117,1.24364,1.313617,1.103917,0.0,76.70739,77.66135375,1.018752514851295,75.62384872029742,79.69885877970259,77.09632335722235,-0.037292028928334275,0.003470139138840084
2014-11-28,0.310591,0.736225,-0.18406,0.381065,0.381065,-0.303699,-0.301404,0.239261,0.777626,0.897262,0.784145,0.0,76.999695,77.5984643,1.0188382551209774,75.56078778975805,79.63614081024195,77.08712065653451,-0.0340328217717456,0.003803407661675487
2014-12-01,-0.150286,0.612716,-0.924859,-0.494651,-0.494664,0.076309,0.219655,0.612717,1.133528,1.326707,1.304434,0.0,76.618805,77.4873006,0.9970642134715593,75.49317217305688,79.48142902694312,77.04251916543599,-0.06147586093086943,-0.004958918106013969
2014-12-02,-0.926876,0.045773,-0.99554,1.028901,1.028909,-0.739212,-0.790714,-0.490528,0.000567,0.265013,0.290265,1.0,77.407143,77.40758185000001,0.9311869390664536,75.5452079718671,79.26995572813293,77.07724524491829,-0.019388876101899655,0.010236520458356315
2014-12-03,-0.570451,0.034225,-1.003999,0.29752,0.297509,-0.725606,-1.025667,-0.819166,-0.398742,-0.060693,0.000384,0.0,77.637436,77.3278627,0.8294881772441468,75.66888634551171,78.98683905448829,77.13059674540226,0.03217716473106691,0.0029706703819552794
2014-12-04,0.137688,0.378659,-0.895007,-0.570451,-0.570454,-0.029826,-0.421105,-0.307511,0.014922,0.477803,0.556901,-1.0,77.19455,77.20606934999999,0.6279584991741773,75.95015235165164,78.46198634834835,77.13668753155443,0.0368812803155123,-0.0057208748573718575
2014-12-05,0.160661,0.218043,-0.493459,-0.011478,-0.011485,0.02985,-0.25704,-0.351144,0.005753,0.433801,0.550089,0.0,77.185684,77.19012465,0.6240162420383064,75.94209216592338,78.43815713407662,77.14135386188258,0.039439282208562076,-0.00011485926378063879
2014-12-08,-0.42632,0.42632,-0.530014,-0.40165,-0.401635,0.500053,0.120983,0.08987,0.332409,0.736489,0.906785,0.0,76.875679,77.13122075,0.5930363873791099,75.94514797524178,78.31729352475821,77.11605149408425,0.01626422064661881,-0.0040244408120223224
2014-12-09,-0.589181,0.02311,-1.513399,-0.265011,-0.26501,0.57532,0.39395,0.298829,0.491567,0.882626,1.117915,0.0,76.671951,77.04884465,0.5304129391813136,75.98801877163739,78.10967052836263,77.07375620893336,-0.018330032379367367,-0.0026536146412519984
2014-12-10,1.03972,1.15654,-0.385515,-1.109057,-1.109065,1.224302,1.438093,1.304525,1.473138,1.834121,2.147984,-1.0,75.821609,76.93856629999999,0.5453713681921423,75.8478235636157,78.02930903638428,76.95450409379686,-0.11305845247233037,-0.011152612790091299
2014-12-11,-0.395491,0.977082,-0.430386,0.432247,0.432246,0.514133,0.928235,0.801836,0.924164,1.212986,1.633134,0.0,76.149345,76.8530896,0.5272040514462772,75.79868149710745,77.90749770289256,76.87782227534002,-0.15984327787310804,0.004313146683003293
2014-12-12,1.385925,2.309885,-0.035535,-1.802958,-1.802957,1.715237,2.484013,2.54285,2.573449,2.92538,3.344002,-1.0,74.776405,76.7007378,0.6564559469123865,75.38782590617522,78.01364969382477,76.67768729673621,-0.3041987589948292,-0.018194083817732635
2014-12-15,2.522744,2.947241,-0.0849,-2.333571,-2.333566,3.092782,4.44148,4.62503,4.791998,5.109523,5.548013,-1.0,73.031448,76.53111344999999,1.0512992772988758,74.42851489540224,78.63371200459774,76.33042641133277,-0.5530299791443838,-0.02361225113830761
2014-12-16,0.995206,1.928984,-0.049147,-1.285625,-1.285637,3.165013,5.064512,5.569084,5.793721,6.132952,6.603199,-1.0,72.092529,76.26936875,1.427107684118515,73.41515338176296,79.12358411823703,75.92681713406299,-0.8165803997271439,-0.012939723953898077
2014-12-17,-0.04887,0.500921,-0.842998,0.565179,0.565185,1.668907,3.765426,4.613323,4.87661,5.231527,5.694571,1.0,72.499985,76.03552629999999,1.638150519170264,72.75922526165945,79.31182733834052,75.60045216891413,-0.9812563999019517,0.005635936014333529
2014-12-18,-1.571055,0.035713,-1.940012,2.65119,2.651199,-1.421096,0.71292,1.706734,2.000713,2.328967,2.731492,1.0,74.422104,75.91107674999999,1.6624959438891829,72.58608486222163,79.23606863777836,75.48822853377945,-0.9457622188434271,0.026166639524676575
2014-12-19,1.348579,1.613481,-0.505727,-1.15448,-1.154485,-0.599645,1.396743,2.583177,3.025885,3.292471,3.752756,-1.0,73.562912,75.78884124999999,1.7429510495912206,72.30293915081755,79.27474334918243,75.30486505437189,-0.9757150032694426,-0.011612008804226647
2014-12-22,-0.590572,0.229002,-0.976253,-0.09633,1.121267,-1.337173,-0.062033,1.245751,1.703769,2.037638,2.438035,1.0,74.387749,75.6551445,1.7427311184297198,72.16968226314057,79.14060673685944,75.21752066824122,-0.9222640622554223,0.011150278617444366
2014-12-23,-0.096041,0.336133,-0.34814,0.397737,0.397727,-1.034146,-0.724174,0.601547,1.171309,1.491814,1.869947,0.0,74.683609,75.5583847,1.7401317820982751,72.07812113580346,79.03864826419655,75.16667193793253,-0.8462750450819811,0.003969379395650375
2014-12-24,0.300661,0.505109,-0.108243,-0.180073,-0.18007,-0.305873,-0.715776,0.506851,1.226885,1.533908,1.898201,0.0,74.549126,75.4637577,1.7410288193799266,71.98170006124015,78.94581533875986,75.10785803908182,-0.7878233188625501,-0.0018023262309616857
2014-12-26,-0.287975,0.419974,-0.371967,0.228495,0.228486,-0.453548,-1.133476,0.056897,0.863097,1.185121,1.525855,0.0,74.71946,75.3643612,1.7229443912689062,71.9184724174622,78.81024998253781,75.07086774964546,-0.7194618659115548,0.002282249447105336
2014-12-29,-0.204325,0.396637,-0.552883,-0.167985,-0.167978,-0.009612,-0.991583,-0.006378,0.871553,1.279569,1.552368,0.0,74.593948,75.24407385,1.686354664928652,71.8713645201427,78.61678317985731,75.02544682110779,-0.6677156806546662,-0.0016811890002835508
2014-12-30,0.787881,1.187882,-0.133335,-0.841343,-0.841347,0.72485,-0.025115,0.579833,1.548133,1.97152,2.303274,-1.0,73.966354,75.1114513,1.6768227557142181,71.75780578857156,78.46509681142844,74.92458083814515,-0.6696289807450739,-0.008449063781294237
2014-12-31,1.571524,1.682017,-0.110492,-1.272731,-1.272718,1.569053,1.391374,1.543489,2.557169,3.089205,3.425699,-1.0,73.024971,74.8923427,1.6471024736679631,71.59813775266407,78.18654764733593,74.74366561546465,-0.7385929853088555,-0.012808862982713394
2015-01-02,0.715874,0.950388,-0.481363,-0.527931,-0.527941,1.582326,1.948701,1.790373,2.757456,3.426969,3.766408,-1.0,72.639442,74.64244299999999,1.5867379937212636,71.46896701255746,77.81591898744252,74.54326336637277,-0.8149620488809433,-0.005293398603981491
2015-01-05,0.721296,0.845656,-0.683998,-0.752892,-0.752893,1.624172,2.398953,2.187412,3.183128,3.955519,4.33079,-1.0,72.092545,74.38734274999999,1.5648140746058485,71.25771460078829,77.51697089921169,74.3098616171944,-0.9091351551111302,-0.007557411658768396
2015-01-06,-0.172625,1.1714,-0.616523,0.858095,0.858104,0.241673,1.4106,1.128643,1.997552,2.835141,3.29202,1.0,72.711174,74.16361724999999,1.4600285616100757,71.24356012677984,77.08367437322013,74.15760565365207,-0.9232076667717024,0.008544431979665982
2015-01-07,0.110151,0.416111,-0.844452,0.752159,0.752162,-0.700042,0.499318,0.394294,0.989184,1.883928,2.347827,1.0,73.25808,73.9827373,1.3241154398455646,71.33450642030887,76.63096817969112,74.07193654378045,-0.8800844247192003,0.007493476114654698
2015-01-08,-0.747531,0.771642,-0.75959,1.505327,1.505318,-1.813359,-1.034486,-0.891186,-0.663877,0.20913,0.728799,1.0,74.360847,73.8671821,1.1688138116266766,71.52955447674664,76.20480972325335,74.09945182532518,-0.7482989396385165,0.01494100433989216
2015-01-09,0.991296,1.124276,-0.302224,-0.265253,-0.26525,-1.1412,-0.823264,-0.478056,-0.511468,0.288281,0.894303,0.0,74.163605,73.78428190000001,1.0781812649998357,71.62791937000034,75.94064442999968,74.10556165148468,-0.6522549847788639,-0.002656022133686982
2015-01-12,0.072243,0.746532,-0.493683,0.398939,0.398929,-0.898248,-1.252254,-0.870155,-1.020256,-0.257139,0.392773,0.0,74.459465,73.6997879,0.9405089885846031,71.8187699228308,75.58080587716921,74.13926673229567,-0.5459723992360779,0.003981352165721845
2015-01-13,0.264744,1.058971,-0.517449,0.060199,0.060207,-0.476532,-1.323705,-0.845567,-1.098074,-0.461114,0.220721,0.0,74.504295,73.68618239999999,0.9259706456610591,71.83424110867787,75.53812369132211,74.17403132921989,-0.4529044772383344,0.0006018913775187905
2015-01-14,-1.390549,0.047951,-1.402539,0.385078,0.385073,-0.448329,-1.591938,-1.189958,-1.359814,-0.954424,-0.245175,0.0,74.791191,73.77416955,0.9439152280213523,71.88633909395729,75.6620000060427,74.23280844072275,-0.3519404189524664,0.0038433359351602472
2015-01-15,-0.132819,0.72446,-0.301859,-0.71925,-0.719246,0.243901,-0.713595,-0.512759,-0.499711,-0.367175,0.335923,-1.0,74.253258,73.882206,0.8613550068616967,72.1594959862766,75.6049160137234,74.23475601779678,-0.3117388414469957,-0.007218455157588021
2015-01-16,0.18138,0.604595,-0.616681,-0.144896,-0.144876,0.384507,-0.366399,-0.404692,-0.244373,-0.313035,0.324519,0.0,74.145683,73.9644909,0.7986892436458625,72.36711241270828,75.56186938729172,74.22627287324471,-0.2852707811057087,-0.0014498084436203222
2015-01-20,-0.442693,0.490543,-0.82556,1.064093,1.064073,-0.545585,-1.036133,-1.434156,-1.26047,-1.427449,-0.832295,1.0,74.934647,73.99011805,0.8220271394908144,72.34606377101838,75.63417232898163,74.29373707579283,-0.19834544857501157,0.010584513272125938
2015-01-21,-1.738617,0.070962,-2.164402,1.160566,1.160567,-1.343585,-1.763456,-2.458509,-2.245421,-2.504085,-2.030742,1.0,75.804314,74.10218814999999,0.9089164032166414,72.2843553435667,75.92002095643328,74.43760154476495,-0.05860606327516393,0.011538843621059006
2015-01-22,-0.140915,0.15265,-0.857215,0.721468,0.721469,-1.641617,-2.062006,-2.948964,-2.817057,-3.028529,-2.755394,1.0,76.351219,74.20036165,1.0382243337302623,72.12391298253948,76.27681031746053,74.61985082621591,0.09517198575775865,0.007188793525880406
2015-01-23,2.161315,2.330355,-0.144896,-2.747773,-2.747777,1.137413,0.690657,-0.096593,-0.100216,-0.172287,-0.116411,-1.0,74.253258,74.1788441,1.0321233988659275,72.11459730226815,76.24309089773186,74.58493722371917,0.047210069920225806,-0.027862341975444994
2015-01-26,-0.120417,0.433475,-0.662255,0.277714,0.277708,0.941607,0.45154,-0.210309,-0.382898,-0.343484,-0.454006,0.0,74.459465,74.17436104999999,1.0306240559294182,72.11311293814116,76.23560916185882,74.57298748812687,0.025544625091157513,0.002773227844908915
2015-01-27,1.139707,1.372553,-0.269609,-1.745942,-1.745941,2.250008,2.058833,1.66014,1.280646,1.358342,1.178664,-1.0,73.159447,74.0963604,1.0461148317800917,72.0041307364398,76.18859006356018,74.43836458449573,-0.09542597271043007,-0.017613618634140717
2015-01-28,1.79945,2.134526,-0.235794,-1.249995,-1.249985,2.558941,3.037969,2.903941,2.400093,2.568372,2.342592,-1.0,72.244965,73.97891125,1.1167847183317798,71.74534181333644,76.21248068666355,74.22946938597234,-0.26206616218222223,-0.012578628735945643
2015-01-29,-0.874168,0.344741,-1.108103,0.79424,0.794241,0.78059,1.95518,2.052856,1.514401,1.673966,1.526415,1.0,72.818764,73.92153175000001,1.1465483636054061,71.6284350227892,76.21462847721082,74.09511649207022,-0.343865066615308,0.007911033261406356
2015-01-30,0.361417,1.183953,-0.174477,-1.206603,-1.206611,1.368399,2.878871,3.074948,2.678845,2.763216,2.759344,-1.0,71.940125,73.86728945,1.2148250218372945,71.43763940632542,76.29693949367459,73.88987920711115,-0.47412469753450637,-0.012139493419225784
2015-02-02,-1.702804,0.085753,-1.923311,1.732302,1.732306,-0.705621,0.995961,1.23076,0.967785,0.938873,1.04081,1.0,73.186348,73.89463475,1.191666533830326,71.51130168233934,76.27796781766065,73.82287623500532,-0.47136303289815373,0.017174725016182817
2015-02-03,-0.291826,0.243196,-0.52286,0.747276,0.747288,-1.286486,0.083891,0.414225,0.330122,0.136663,0.260204,1.0,73.733261,73.97667055000001,1.1150933404327925,71.74648386913442,76.2068572308656,73.81434145071911,-0.42019928957454056,0.007445099125702548
2015-02-04,-0.048734,0.633523,-0.280219,-0.194548,-0.194559,-0.728559,-0.021933,0.527126,0.585402,0.277287,0.456868,0.0,73.589806,74.02060215,1.079347096801125,71.86190795639776,76.17929634360225,73.7929571220792,-0.3867688434996239,-0.0019474892596462253
2015-02-05,-0.181666,0.81143,-1.52598,0.596976,0.596978,-0.990676,-0.928911,-0.138066,0.040569,-0.314402,-0.155427,1.0,74.029121,74.0591542,1.0643436396614534,71.93046692067709,76.1878414793229,73.81544891997643,-0.3211242051959289,0.005952032112460186
2015-02-06,1.291993,1.291993,-0.406048,-1.574425,-1.574428,0.846566,0.46512,1.33219,1.538087,1.271322,1.358438,-1.0,72.863586,73.98429115,1.0942432023679602,71.79580474526408,76.17277755473593,73.7247953085501,-0.3590108366651492,-0.01586953477273893
2015-02-09,-0.024748,0.804158,-0.334039,-0.541399,-0.541391,1.197569,0.737341,1.729546,1.973886,1.813178,1.814496,-1.0,72.469109,73.89956635,1.1440936009927183,71.61137914801456,76.18775355198544,73.60520613630723,-0.4160710540650854,-0.005428619744048722
2015-02-10,-0.197341,0.160332,-0.678346,0.309291,0.309274,0.599416,0.362613,1.210335,1.537994,1.532321,1.40767,0.0,72.693237,73.81125495,1.1665472924249936,71.47816036515002,76.14434953485,73.5183519328494,-0.4381556454289637,0.0030879657745167518
2015-02-11,-1.357907,0.303104,-1.600387,1.726691,1.726714,-1.011167,-1.110586,-0.674926,-0.2231,-0.124167,-0.342726,1.0,73.948441,73.78346225,1.1557382225400894,71.47198580491983,76.09493869508017,73.55931279638756,-0.35033492760375395,0.017119753045075254
2015-02-12,-1.170992,0.035845,-1.326323,1.467021,1.46701,-2.174693,-2.245193,-2.228067,-1.649542,-1.473537,-1.736173,1.0,75.033272,73.79556629999999,1.1680497231407128,71.45946685371857,76.13166574628141,73.69968986339826,-0.19099787600161733,0.014563534707211135
2015-02-13,1.134301,1.19464,-0.253408,-0.979805,-0.979821,-0.820549,-0.960528,-1.256576,-0.673332,-0.50198,-0.706719,-1.0,74.29808,73.7978074,1.1690166995949927,71.45977400081001,76.13584079918998,73.75667940021748,-0.12263233556119246,-0.00984653162432362
2015-02-17,0.108819,0.169265,-0.495703,-0.193078,-0.19308,-0.174088,-0.638357,-1.092958,-0.480578,-0.309982,-0.446523,0.0,74.154625,73.79825450000001,1.1691584513597717,71.45993759728047,76.13657140271955,73.79457898114914,-0.079115774412017,-0.001932669999551944
2015-02-18,-0.795186,0.012051,-0.915665,0.350624,0.350642,-0.060244,-0.893977,-1.326105,-0.863255,-0.660724,-0.690363,0.0,74.414642,73.77225425,1.1481500814108792,71.47595408717825,76.06855441282175,73.85363260199208,-0.023377901438593085,0.003500283345639002
2015-02-19,0.411518,0.520455,-0.254175,-0.457828,-0.457827,0.4333,-0.372797,-0.707663,-0.524092,-0.22707,-0.172281,0.0,74.073952,73.68573615,1.0477738469241185,71.59018845615176,75.78128384384823,73.87461540180236,-0.006619762767797965,-0.004588778015128378
2015-02-20,-0.686416,0.108377,-0.95135,0.508349,0.508341,-0.231214,-0.820083,-1.06374,-1.154861,-0.749995,-0.623791,0.0,74.4505,73.59070019999999,0.8632313509025503,71.86423749819488,75.31716290180509,73.92946155401167,0.036623289042850615,0.005070529487793549
2015-02-23,-0.108573,0.072383,-0.735915,-0.180638,-0.180634,-0.045844,-0.445166,-0.67157,-0.971767,-0.567013,-0.44597,0.0,74.316017,73.59383815,0.8658766055840433,71.86208493883191,75.32559136116808,73.96627635839151,0.05935782491680186,-0.0018079745273979512
2015-02-24,-0.957973,0.131722,-1.041795,0.747983,0.747981,-0.596335,-0.86337,-1.25893,-1.679439,-1.266435,-1.153554,1.0,74.871887,73.61445925000001,0.8920909220270502,71.8302774059459,75.39864109405411,74.05252499092566,0.120836246756312,0.007451979114584919
2015-02-25,0.047923,0.299509,-0.323474,-0.0479,-0.047882,-0.436098,-0.529547,-1.113389,-1.520321,-1.224407,-1.089429,0.0,74.836037,73.69828875,0.9252415445748681,71.84780566085027,75.54877183914974,74.12714518226608,0.16476622116896067,-0.0004789325738731264
2015-02-26,0.531395,0.724636,-0.277781,-0.802681,-0.802689,0.413037,0.314,-0.255242,-0.589381,-0.509671,-0.301136,-1.0,74.235336,73.7978073,0.8658296110143204,72.06614807797136,75.52946652202864,74.1374490696693,0.1493874464647007,-0.00805928380888448
2015-02-27,-0.277237,0.168755,-0.988428,0.193232,0.193225,0.200103,0.032547,-0.416262,-0.676227,-0.807616,-0.51189,0.0,74.378777,73.87580795,0.8429545586775432,72.18989883264491,75.56171706735508,74.16043268208175,0.14707871475664547,0.0019303825410300177
2015-03-02,0.012058,0.325502,-0.373717,-0.012056,-0.012042,0.22664,0.054241,-0.269246,-0.500912,-0.7894,-0.494684,0.0,74.36982,73.9972927,0.7146174502886184,72.56805779942276,75.42652760057724,74.18037433140731,0.14287925014482994,-0.00012043138814705123
2015-03-03,-0.036274,0.350666,-0.290203,-0.301386,-0.301382,0.333732,0.355492,0.182979,-0.135441,-0.506421,-0.193886,0.0,74.145683,74.04525945,0.6890594694924802,72.66714051101505,75.42337838898496,74.17707039508281,0.12008094311113382,-0.0030183673170795927
2015-03-04,0.632839,0.645003,-0.58415,-0.640869,-0.640896,0.664492,0.901804,0.917623,0.504455,0.16309,0.392695,-1.0,73.670486,74.0421207,0.6906964893816719,72.66072772123665,75.42351367876334,74.12882426221778,0.06294312485839271,-0.006429589404897829
2015-03-05,0.599679,0.80774,-0.20805,-0.559814,-0.559798,0.964384,1.358461,1.422914,1.047604,0.782275,0.841998,-1.0,73.25808,74.0255344,0.7059446934094289,72.61364501318114,75.43742378681885,74.04589623724466,-0.015438756961927425,-0.005613708678499771
2015-03-06,1.536535,1.623979,-0.324799,-2.03157,-2.03157,2.331038,3.086815,3.222976,2.985625,2.813732,2.720373,-1.0,71.769791,73.9125679,0.8676021739740238,72.17736355205196,75.64777224794804,73.82912430988802,-0.19539703181304446,-0.020524899623540004
2015-03-09,-0.335608,0.186452,-0.472339,0.49968,0.49967,1.200755,2.270987,2.509228,2.422632,2.312999,2.111465,0.0,72.128403,73.87580875,0.9278666469265167,72.02007545614697,75.73154204385304,73.66715085180346,-0.30555601032246216,0.0049842563334819385
2015-03-10,0.946372,0.946372,-0.23975,-1.491606,-1.4916,1.862457,3.282021,3.770347,3.873815,3.742081,3.49779,-1.0,71.052536,73.8049801,1.0821402928825934,71.64069951423481,75.96926068576518,73.41813991353645,-0.4742049306894103,-0.015028358611021118
2015-03-11,1.940378,2.08173,-0.565411,-1.804416,-1.804424,2.6163,4.453876,5.233452,5.573124,5.421235,5.237735,-1.0,69.770447,73.65884059999999,1.3929120235473615,70.87301655290527,76.44466464709471,73.07074058843774,-0.7032081368949719,-0.018209022384237473
2015-03-12,-0.596978,0.063503,-0.978031,1.169369,1.169399,0.673164,2.729557,3.687683,4.114668,4.032489,3.942984,1.0,70.586342,73.49073565,1.5501284831730777,70.39047868365385,76.59099261634616,72.83413119906272,-0.8095271943278846,0.01162614499779421
2015-03-13,1.390858,1.390858,-1.030269,-1.371778,-1.371806,1.455253,3.474571,4.667102,5.17386,5.226018,5.235461,-1.0,69.618034,73.21997375000001,1.7291194522304654,69.76173484553908,76.67821265446094,72.52783622772341,-0.9608441630365405,-0.013813026720715537
2015-03-16,0.231096,0.62909,-0.552061,0.309075,0.309087,0.4853,2.506096,3.916633,4.530103,4.728203,4.810626,0.0,69.833214,72.99673045,1.865451894167186,69.26582666166563,76.72763423833437,72.27120553936881,-1.051282196491627,0.003086098889287658
2015-03-17,-0.154066,0.462192,-0.333807,0.0,0.0,0.13609,1.888558,3.435614,4.220693,4.57722,4.650572,0.0,69.833214,72.7806599,1.9715301499161764,68.83759960016765,76.72372019983236,72.03901586895273,-1.11015778171722,0.0
2015-03-18,-1.221996,0.916498,-2.50764,0.860186,0.860192,-0.529532,0.560076,2.136789,3.049255,3.557018,3.601909,1.0,70.433914,72.5816235,1.9986403345918171,68.58434283081637,76.57890416918364,71.88614902429056,-1.0957149179285182,0.008565138260399976
2015-03-19,-0.278978,0.583311,-0.380425,0.381878,0.381871,-0.874971,-0.183873,1.415162,2.418839,2.979451,3.071682,0.0,70.702881,72.41306995,2.0082870889225903,68.39649577215481,76.42964412784518,71.77345683150098,-1.050456447234481,0.0038114415962022872
2015-03-20,-0.780359,0.037767,-0.830706,0.748156,0.748146,-1.15795,-1.000619,0.367538,1.432358,2.001267,2.175381,1.0,71.231842,72.25213705000002,1.964920165705147,68.32229671858973,76.1819773814103,71.72187446659612,-0.9608301987165504,0.007453615827720645
2015-03-23,-0.513403,0.363137,-0.513403,0.516053,0.516061,-1.172053,-1.582771,-0.405713,0.721886,1.326818,1.591948,0.0,71.599442,72.1163083,1.907805784113632,68.30069673177273,75.93191986822727,71.71021423168222,-0.8503363550205449,0.005147343093745814
2015-03-24,1.728368,2.154002,-0.038693,-2.917608,-1.686537,0.682043,0.011693,0.947283,2.13152,2.851231,3.236362,-1.0,70.391891,71.8923085,1.8285976526849856,68.23511319463003,75.54950380536997,71.58465963818867,-0.8504055161701558,-0.017009208769499063
2015-03-25,1.447198,1.655807,-0.2086,-1.070556,-1.070557,1.543068,1.074986,1.653663,2.863533,3.689876,4.207297,-1.0,69.638306,71.63242195000001,1.7561289298006297,68.12016409039875,75.14467980960127,71.39929262502784,-0.9008835140375879,-0.010763282367032218
2015-03-26,0.288187,0.81216,-0.091694,-0.469362,-0.469377,1.620431,1.367708,1.753448,2.993427,3.90402,4.475725,0.0,69.31144,71.38622715,1.716718804383721,67.95278954123255,74.81966475876744,71.20044951788233,-0.9562401047993916,-0.004704817566773393
2015-03-27,-0.677177,0.104183,-0.820415,0.589475,0.58949,0.591217,0.788285,0.961137,2.055744,3.023708,3.609433,1.0,69.720024,71.1532895,1.601496421438943,67.95029665712211,74.35628234287789,71.05945661141735,-0.956119734543833,0.005877592949002015
2015-03-30,0.507415,0.507415,-0.780639,0.091158,0.091143,-0.020811,0.689393,0.645191,1.634207,2.670094,3.299442,0.0,69.783569,70.92397695,1.4365420075322852,68.05089293493543,73.79706096506456,70.93794350556807,-0.9400603591636241,0.0009110160251562481
2015-03-31,1.606264,1.619542,-0.039823,-1.990631,-1.990625,1.425724,2.524087,2.430256,3.278007,4.376552,5.116778,-1.0,68.39444,70.6364148,1.3293198370684258,67.97777512586315,73.29505447413685,70.69570507646635,-1.0275789982912045,-0.020107046136129632
2015-04-01,-1.051667,0.026286,-1.051667,0.982342,0.982353,0.273422,1.328723,1.365851,1.940007,3.027024,3.83608,1.0,69.066315,70.40620625,1.1647100194938365,68.07678621101232,72.73562628898767,70.54052506918384,-1.0308405645787388,0.00977559523054739
2015-04-02,-1.061351,0.207088,-1.69558,1.564351,1.564346,-1.032879,-0.311275,-0.237216,0.148102,1.207005,2.050125,1.0,70.146751,70.2506398,0.9521320644294385,68.34637567114112,72.15490392885889,70.50302277688063,-0.9354598251791799,0.015522360431279752
2015-04-06,-1.163678,0.588244,-1.22762,1.216664,1.216671,-1.861896,-1.542203,-1.306629,-1.10992,-0.199891,0.661451,1.0,71.000206,70.21216055,0.901722619279588,68.40871531144082,72.01560578855917,70.55037356003486,-0.7819889344794859,0.012093288008863516
2015-04-07,0.578858,1.067664,0.0,-0.588234,-0.588246,-1.05479,-1.103673,-0.651858,-0.634267,0.176024,1.080775,-1.0,70.58255,70.13486789999999,0.7878915936284496,68.55908471274309,71.71065108725689,70.55343798288868,-0.6861539410882074,-0.005899831636002476
2015-04-08,0.634393,0.983949,-0.401344,-0.64317,-0.643167,0.080275,-0.501033,0.019333,-0.056918,0.595367,1.509645,-1.0,70.128586,70.0886704,0.7577643934378409,68.57314161312432,71.60419918687568,70.51297588928024,-0.6394637788461921,-0.006452447019257165
2015-04-09,-1.078865,0.166962,-1.104548,0.802697,0.802686,-0.256862,-1.144353,-0.752823,-0.787612,-0.374231,0.505901,1.0,70.691498,70.13472295,0.7653567753897976,68.6040093992204,71.66543650077959,70.52997799506308,-0.5506911699232688,0.007994811284177587
2015-04-10,0.269575,0.860074,-0.03851,0.051376,0.051382,-0.143775,-0.994863,-0.801442,-0.828562,-0.568493,0.28898,0.0,70.727821,70.1417969,0.7703879266927517,68.6010210466145,71.6825727533855,70.54882018600945,-0.47196673649450815,0.0005136922035206534
2015-04-13,0.142139,0.646078,-0.180901,-0.654689,-0.654683,0.304945,-0.264893,-0.23948,-0.129003,0.001081,0.754715,-1.0,70.264778,70.1741341,0.7607591942038863,68.65261571159223,71.69565248840777,70.52176854924664,-0.44184741416148654,-0.006568354198007686
2015-04-14,-1.241841,0.217639,-1.267441,0.930355,0.930352,-0.524904,-1.024197,-1.223062,-0.973075,-0.988948,-0.336239,1.0,70.918488,70.2283978,0.7737564457977101,68.68088490840458,71.77591069159541,70.5595513540803,-0.36106655006398114,0.009260512101794655
2015-04-15,0.396781,0.998345,-0.332771,0.0256,0.025604,-0.322541,-0.691155,-1.19715,-0.920648,-1.020827,-0.512544,0.0,70.936646,70.2835694,0.7833749145758,68.7168195708484,71.85031922915161,70.59546512988217,-0.29221347933157915,0.00025600765495266257
2015-04-16,-2.989643,0.353111,-3.236817,8.741843,8.741834,-6.664308,-7.628291,-8.491835,-8.451168,-8.595797,-8.36058,1.0,77.13781,70.6187642,1.7224637877783129,67.17383662444338,74.06369177555662,71.21854559370291,0.25974105163346906,0.08380639359997623
2015-04-17,-0.809292,0.269758,-1.102512,0.353111,0.353124,-5.266253,-7.015023,-8.116359,-8.340079,-8.564824,-8.504249,0.0,77.410202,70.95413025,2.29688453195237,66.36036118609526,75.54789931390475,71.8082271562074,0.710953324593163,0.0035250182584848386
2015-04-20,0.494233,0.906092,-0.600144,-0.328406,-0.328415,-3.167805,-5.910805,-7.171101,-7.654155,-7.872758,-7.970076,0.0,77.155975,71.25033690000001,2.6839570100707357,65.88242287985854,76.61825092014148,72.31753647466384,1.0360849649508452,-0.0032895583521260307
2015-04-21,1.118376,1.48721,-0.226058,-1.094375,-1.094384,-0.68292,-4.118971,-5.573659,-6.32361,-6.5138,-6.769046,-1.0,76.311592,71.4859444,2.9132464287832964,65.6594515424334,77.31243725756659,72.69792271517204,1.211652307510846,-0.011004168986832413
2015-04-22,0.442103,0.442103,-0.920067,-0.428318,-0.428301,1.073,-2.935843,-4.501541,-5.552643,-5.787846,-6.151651,0.0,75.984749,71.7655873,3.0670693821033033,65.6314485357934,77.89972606420662,73.01095378991756,1.3093241194024614,-0.004292204259668255
2015-04-23,-0.454823,0.99341,-0.801922,-0.167283,-0.167289,0.904847,-2.092163,-3.744667,-4.984444,-5.343981,-5.726907,0.0,75.857635,72.07655374999999,3.1540859322081087,65.76838188558376,78.38472561441621,73.28206628611589,1.3607863980138148,-0.0016742891720441984
2015-04-24,0.954684,1.353478,-0.096679,-0.957514,-0.957515,1.273718,-0.559515,-2.371802,-3.678549,-4.193104,-4.613857,-1.0,75.131287,72.3675461,3.1540192696267044,66.0595075607466,78.6755846392534,73.45818254458105,1.3276560191706892,-0.00962128338271126
2015-04-27,0.840545,0.986729,-0.048718,-0.797588,-0.797585,1.38385,0.812526,-1.270961,-2.58131,-3.245703,-3.627183,-1.0,74.532051,72.60814745,3.124831292372808,66.35848486525438,78.85781003474563,73.56045573081141,1.2387668845309605,-0.008007828907038314
2015-04-28,-1.037645,0.265445,-1.037645,0.96236,0.962344,0.13515,0.427139,-1.798569,-3.146702,-3.973923,-4.305863,1.0,75.249306,72.8814343,3.103738005495862,66.67395828900827,79.08891031099172,73.72129861359129,1.2122243216704334,0.00957743336031878
2015-04-29,-0.326368,0.181305,-0.942833,-0.180977,-0.180978,0.084618,1.165245,-1.178121,-2.523864,-3.548402,-3.898055,0.0,75.113121,73.21736835,2.9524376769407406,67.31249299611852,79.12224370388148,73.8538531265826,1.1667505835697796,-0.0018114237706225217
2015-04-30,-0.730801,0.047923,-1.186052,0.894474,0.894495,-0.821865,0.089844,-1.606175,-2.944779,-4.079079,-4.514698,1.0,75.785004,73.55330280000001,2.8351677413555003,67.88296731728902,79.22363828271101,74.03777225738426,1.1714242123106544,0.008905179440040012
2015-05-01,0.095937,0.407728,-0.575603,-0.095845,-0.09585,-0.573215,-0.038376,-1.072872,-2.484113,-3.64888,-4.202538,0.0,75.712364,73.83158345000001,2.7552198690257166,68.32114371194858,79.34202318805144,74.19725718525243,1.15594167970238,-0.0009589606278398386
2015-05-04,0.540806,0.588869,-0.252372,-0.215853,-0.215845,-0.088943,-0.034862,-0.392591,-1.972129,-3.131845,-3.80484,0.0,75.548943,74.05902030000001,2.696309067397376,68.66640216520526,79.45163843479477,74.32598916760934,1.1176019327334785,-0.002160778150407859
2015-05-05,0.458887,0.760783,-0.301896,-0.480713,-0.480725,0.376771,0.298277,0.466936,-1.192485,-2.37652,-3.181174,0.0,75.18576,74.2891808,2.5777978018907803,69.13358519621843,79.44477640378156,74.4078721040275,1.0458556018292455,-0.004818846563788679
2015-05-06,-0.310006,0.011916,-1.049249,1.280045,1.280054,-0.620012,-0.947906,-0.346578,-2.046034,-3.203062,-4.152866,1.0,76.148178,74.5901604,2.4125694508544155,69.76502149829118,79.41529930170883,74.57361552269155,1.0544995921255946,0.012719301271520484
2015-05-07,-0.297584,0.297584,-0.904657,0.166924,0.166928,-0.657072,-1.05822,-0.588037,-1.843246,-2.986324,-4.02255,0.0,76.275291,74.86935005000001,2.2556419924650672,70.35806606506988,79.38063403493014,74.73567985386379,1.059394928202508,0.0016678931440357626
2015-05-08,-0.410853,0.645611,-0.575191,1.404595,1.404585,-1.610515,-2.142273,-1.9705,-2.774976,-3.957745,-5.005676,1.0,77.346642,75.2002911,2.095920450068643,71.00845019986272,79.39213200013728,74.98434291540057,1.1366213262319746,0.013948117281138473
2015-05-11,1.057887,1.473917,-0.14263,-1.244283,-1.244282,-0.152141,-0.666823,-0.802725,-1.14941,-2.465707,-3.517967,-1.0,76.384232,75.5062638,1.7567135697812573,71.99283666043749,79.01969093956251,75.11766568536243,1.1073999420529788,-0.012520875582068018
2015-05-12,-0.736949,0.736958,-0.962792,0.0,0.0,0.16166,-0.518242,-0.796385,-0.791631,-2.161892,-3.229921,0.0,76.384232,75.779551,1.3929187880941436,72.99371342381171,78.56538857618828,75.23829104866124,1.071885752829516,0.0
2015-05-13,-0.236599,0.425884,-0.780783,0.475457,0.475476,-0.156171,-0.776071,-1.199593,-0.882546,-2.27992,-3.325071,0.0,76.747421,76.07008975,0.8162501050900689,74.43758953981985,77.70258996018013,75.3820177106935,1.0608183652290393,0.004743495859760827
2015-05-14,-2.062451,0.138268,-2.166145,2.673609,2.673579,-2.115442,-2.977291,-3.52344,-3.358098,-4.412944,-5.430727,1.0,78.799324,76.15316545,0.9955078594850774,74.16214973102984,78.14418116897016,75.70747545253222,1.2037428066790312,0.026384634849970143
2015-05-15,0.127065,0.231023,-0.66998,-0.253487,-0.253496,-1.547865,-2.363386,-2.984081,-3.036832,-3.769419,-4.831912,0.0,78.599571,76.2126339,1.1041479535623249,74.00433799287535,78.42092980712465,75.98291312371963,1.2860680664284132,-0.00253817674183462
2015-05-18,0.720682,0.790422,-0.499827,-0.623774,-0.623759,-0.4882,-1.422755,-2.069817,-2.367194,-2.763684,-3.931184,-1.0,78.109299,76.26030010000001,1.165868009635142,73.92856408072973,78.59203611927029,76.18542606431775,1.2968018503753314,-0.006257126346172552
2015-05-19,-0.081728,0.303519,-0.747148,-0.430077,-0.430068,0.298845,-0.664263,-1.430471,-1.851516,-1.991138,-3.208043,0.0,77.773376,76.3333893,1.2140762851897777,73.90523672962044,78.76154187037955,76.33665939152559,1.2636358651442805,-0.004309953238872147
2015-05-20,0.163914,0.784449,-0.117089,-0.291851,-0.29187,0.798504,-0.193178,-0.932747,-1.463522,-1.363299,-2.605855,0.0,77.546379,76.41147079999999,1.240405342060262,73.93066011587946,78.89228148412052,76.45187078280885,1.205142687369019,-0.0029229657440124936
2015-05-21,0.317131,0.317131,-0.634251,-0.316128,-0.31612,0.730562,0.256053,-0.487817,-1.057665,-1.042043,-2.011975,0.0,77.301239,76.483651,1.2484570808243762,73.98673683835125,78.98056516164874,76.53276299396992,1.1260255516491497,-0.003166212150476312
2015-05-22,0.71301,0.84373,-0.059422,-1.162787,-1.162778,1.340457,1.311935,0.743112,0.189535,0.069393,-0.611613,-1.0,76.402397,76.54720649999999,1.2076768555886432,74.1318527888227,78.96256021117728,76.52034718502041,0.9795044960093975,-0.01169591389960514
2015-05-26,0.298614,0.358333,-0.645008,-0.510993,-0.510993,1.309122,1.783319,1.301158,0.801475,0.523166,0.150894,-1.0,76.011986,76.62120325,1.119851570925779,74.38150010814843,78.86090639185156,76.47193183406608,0.8224024553114475,-0.005123031648210817
2015-05-27,-0.261222,0.178107,-0.712417,0.597229,0.597227,0.365706,1.189738,0.811365,0.28259,-0.065546,-0.201856,1.0,76.46595,76.68203545,1.0734909519177187,74.53505354616456,78.82901735383544,76.4713621355836,0.7261583555587947,0.005954505330090127
2015-05-28,0.106807,0.593401,-0.712079,0.047496,0.047503,0.04509,1.109647,0.794356,0.325767,-0.085937,-0.006737,0.0,76.502274,76.75149309999999,1.0096796776506025,74.73213374469879,78.7708524553012,76.47430612267088,0.6453757662305577,0.00047492217315328876
2015-05-29,1.167691,1.167691,-0.120379,-1.412298,-1.412304,0.9799,2.110266,2.162832,1.738894,1.322255,1.349863,-1.0,75.421829,76.73333434999999,1.0310168361515377,74.67130067769692,78.79536802230307,76.37407020622604,0.4885405094493933,-0.014223723482888504
2015-06-01,-0.3486,0.288494,-0.829429,0.144459,0.144452,0.603444,1.556681,1.855194,1.580121,1.197261,1.12073,0.0,75.530777,76.724255,1.041229881202287,74.64179523759543,78.80671476240457,76.29375656753786,0.3687874791000496,0.0014434731774970052
2015-06-02,-0.180825,0.687161,-0.75949,-0.288502,-0.288496,0.708865,1.479208,2.055055,1.858351,1.531527,1.331727,0.0,75.312874,76.71245155,1.0564808824793108,74.59948978504137,78.82541331495862,76.20033918015329,0.2533785980104142,-0.002889125927753712
2015-06-03,1.189037,1.225433,-0.036398,-0.638938,-0.638947,0.919689,1.738665,2.573009,2.489697,2.162106,1.917424,-1.0,74.831665,76.6947468,1.0859676025071947,74.52281159498561,78.8666820050144,76.06998925823393,0.12168398635317601,-0.0064099653686996525
2015-06-04,0.708789,1.234259,-0.207745,-0.715841,-0.71582,1.053388,2.034692,3.092573,3.10398,2.854683,2.576463,-1.0,74.296005,76.60213815,1.2072344334545155,74.18766928309097,79.01660701690903,75.90103837649737,-0.025612977040452733,-0.0071839425069688215
2015-06-05,2.258473,2.47177,-0.250937,-2.602963,-2.602985,2.908417,4.079061,5.254717,5.589097,5.414317,5.15685,-1.0,72.362091,76.40647815,1.535482071255707,73.33551400748858,79.47744229251141,75.56399576921191,-0.2949970369409698,-0.02637462448173709
2015-06-08,-0.561454,0.61135,-0.960705,0.564624,0.564629,1.572052,2.995635,4.129758,4.681847,4.660763,4.458308,1.0,72.770668,76.17767945,1.7180868967572316,72.74150565648554,79.61385324351446,75.29796455309649,-0.4700980976955975,0.005630404633501903
2015-06-09,-0.879256,0.569658,-0.879256,0.748594,0.74859,0.27245,1.862546,2.920132,3.694744,3.761246,3.626839,1.0,73.315422,76.02423895,1.831933162489301,72.3603726250214,79.6881052749786,75.10915097661112,-0.5584721356350428,0.007458020473083913
2015-06-10,-1.859277,0.510388,-1.859277,1.907122,1.907114,-1.635669,-0.278272,0.72104,1.642375,1.794156,1.663642,1.0,74.713631,75.9407089,1.8526248227316464,72.2354592545367,79.6459585454633,75.07148240741006,-0.5098086595404681,0.018891569667977937
2015-06-11,0.267478,0.607903,-0.340424,-0.04861,-0.048598,-1.485719,-0.474165,0.513882,1.553192,1.764865,1.693619,0.0,74.677322,75.83720395,1.8629808103588776,72.11124232928225,79.56316557071776,75.03394332099006,-0.46876866363116676,-0.0004860937022731892
2015-06-12,-0.439776,0.061084,-1.355975,-0.474163,-0.474167,-0.48864,-0.147812,0.725633,1.735894,2.144641,2.112554,0.0,74.323227,75.6133991,1.7540847259797234,72.10522964804055,79.12156855195944,74.96625605232434,-0.4595196222363285,-0.004752944455228608
2015-06-15,-0.049211,0.590628,-0.283002,-0.720748,-0.720737,0.509407,0.340835,1.220621,2.148392,2.693243,2.766907,-1.0,73.787552,75.37279815,1.6498511889163103,72.07309577216738,78.67250052783261,74.85399852353154,-0.4897684402633331,-0.00723346861443382
2015-06-16,-0.427767,0.024439,-1.0022,0.67676,0.676763,0.095321,-0.471777,0.385391,1.204465,1.889994,2.019466,1.0,74.286919,75.18167915000001,1.533457344985967,72.11476446002807,78.24859383997195,74.79999094986188,-0.46805070578004404,0.00674483440338314
2015-06-17,0.0,0.439936,-0.855438,0.012224,0.012231,-0.029342,-0.556047,0.178402,0.958067,1.765106,1.96707,0.0,74.296005,75.0078106,1.4168396602266666,72.17413127954667,77.84148992045333,74.75199228797028,-0.44497666644664946,0.00012230207572609921
2015-06-18,-1.034774,0.565517,-1.21526,1.564217,1.564203,-1.362047,-1.933584,-1.456705,-0.735171,0.129465,0.366181,1.0,75.458145,74.9033989,1.2913007175842852,72.32079746483143,77.48600033516857,74.81924492721122,-0.3291214314538564,0.015520949901632572
2015-06-19,0.254052,0.629078,-0.205669,-0.541447,-0.541462,-0.63149,-1.041608,-0.953294,-0.344776,0.474725,0.858143,-1.0,75.049568,74.79081535,1.1630251042105413,72.46476514157892,77.11686555842108,74.841180457953,-0.267194025901631,-0.005429329773365705
2015-06-22,-0.252615,0.637564,-0.372906,0.568586,0.568594,-0.745808,-1.242624,-1.518096,-0.969556,-0.258862,0.205311,1.0,75.476295,74.74451024999999,1.1128371554791137,72.51883593904176,76.97018456095822,74.90166755719557,-0.18158955686894274,0.005669831544697289
2015-06-23,1.069324,1.155361,-0.430186,-2.129191,-0.937517,0.322393,-0.113626,-0.634595,-0.115485,0.506361,1.081619,-1.0,74.768692,74.68234555000001,1.0722952543948168,72.53775504121037,76.82693605878964,74.88900321841503,-0.16889809472802142,-0.009419392233419243
2015-06-24,0.519744,1.175602,0.0,-0.676012,-0.676014,0.99638,0.505569,-0.009326,0.416041,1.001358,1.674395,-1.0,74.263245,74.57221030000001,0.9893732761185754,72.59346374776285,76.55095685223716,74.82940719761359,-0.19735043527599316,-0.006783095598936053
2015-06-25,-0.196807,0.5043,-0.50431,0.606367,0.606379,0.188333,-0.095352,-0.574736,-0.308896,0.240936,0.970838,1.0,74.713562,74.48277470000001,0.8805856303901406,72.72160343921972,76.2439459607803,74.8183743216504,-0.18147042362238608,0.006045482925533847
2015-06-26,-0.036875,0.405657,-0.331894,0.061494,0.061484,0.04917,-0.098383,-0.422041,-0.41445,0.043346,0.72867,0.0,74.759499,74.4496582,0.8555087530684952,72.738640693863,76.160675706137,74.81276714815989,-0.16329629000634327,0.000614652582062953
2015-06-29,1.023464,1.510233,-0.037453,-1.511979,-1.51198,1.083375,1.413785,1.184403,0.985244,1.428543,2.050028,-1.0,73.62915,74.35457685,0.8344432713573232,72.68569030728536,76.02346339271465,74.700041705478,-0.2373666606489877,-0.01523527401381813
2015-06-30,0.686046,0.960464,-0.212047,0.0624,0.062401,0.723467,1.267498,1.153848,0.811119,1.238415,1.785768,0.0,73.675095,74.27268790000001,0.8155999420283377,72.64148801594334,75.90388778405668,74.6024277335277,-0.2890288409456474,0.0006238109633556922
2015-07-01,-1.156214,0.049192,-1.476021,1.409511,1.409522,-0.555975,-0.084162,-0.252127,-0.597989,-0.262548,0.234503,1.0,74.713562,74.26678274999999,0.8117582995569382,72.64326615088612,75.89029934911386,74.61301194938221,-0.24337045979977745,0.013996810468399483
2015-07-02,0.246403,0.70223,-0.271037,-0.159908,-0.159943,-0.428706,-0.039936,-0.099773,-0.41877,-0.205095,0.26315,0.0,74.594063,74.28168565,0.8150523294362173,72.65158099112756,75.91179030887244,74.61120728753629,-0.21435745508662762,-0.0016007089459189358
2015-07-06,-0.418714,0.3202,-0.591128,0.036958,0.036973,-0.502455,-0.134227,-0.110035,-0.304174,-0.284872,0.106396,0.0,74.621643,74.39466325,0.680454349454677,73.03375455109064,75.75557194890935,74.61220116491378,-0.18698353452690242,0.0003696661839882615
2015-07-07,-1.346434,0.121299,-1.770984,1.5271,1.527103,-1.436198,-1.598736,-1.438841,-1.606367,-1.772554,-1.427549,1.0,75.761192,74.54418945,0.6316320912387123,73.28092526752258,75.80745363247743,74.72162886349344,-0.07250167044705336,0.015155596874270554
2015-07-08,0.539416,1.078824,-0.085816,-1.055315,-1.055308,-0.041689,-0.52348,-0.327614,-0.447129,-0.743636,-0.422916,-1.0,74.961678,74.62650225,0.5670395037428596,73.49242324251428,75.76058125748573,74.74449068601787,-0.04576056701758091,-0.010609159698796066
2015-07-09,1.452486,1.735603,-0.036926,-0.404563,-0.404565,0.349576,-0.066468,0.109625,-0.046435,-0.349731,-0.099128,0.0,74.658409,74.62374115,0.5667272770941675,73.49028659581167,75.75719570418833,74.73629243020665,-0.04848047097434005,-0.004053859630774915
2015-07-10,-0.182573,0.803306,-0.219086,1.132454,1.132456,-0.533114,-1.080826,-1.00734,-1.110955,-1.4016,-1.26187,1.0,75.503883,74.66506919999999,0.600001532443108,73.46506613511377,75.86507226488621,74.80939629399649,0.017386253515084604,0.011260922075063703
2015-07-13,0.048557,0.352028,-0.436999,0.267762,0.267743,-0.512243,-1.219939,-1.213869,-1.283688,-1.488204,-1.513014,0.0,75.706039,74.7342098,0.6370651674172717,73.46007946516546,76.00834013483454,74.89479083742539,0.0849195077046545,0.00267384729478495
2015-07-14,-0.338653,0.10885,-0.50798,0.36417,0.364166,-0.815178,-1.268733,-1.527962,-1.497486,-1.676605,-1.850586,0.0,75.981735,74.84391895,0.6541617659928725,73.53559541801425,76.15224248198575,74.99830932909916,0.1588552765687723,0.003635049764494282
2015-07-15,-0.27821,0.26612,-0.79835,-0.012097,-0.01209,-0.53707,-0.954389,-1.410416,-1.374639,-1.524817,-1.809775,0.0,75.972549,74.92820044999999,0.6864137974885117,73.55537285502297,76.30102804497702,75.09109405966115,0.2142390581395972,-0.00012090478490474936
2015-07-16,-2.239423,1.184197,-2.262868,3.169231,3.169232,-2.642749,-3.529135,-4.088789,-4.143746,-4.362732,-4.675142,1.0,78.380295,75.13241495,1.016581696854283,73.09925155629143,77.16557834370856,75.40435129207437,0.4472603450325323,0.031200478809207483
2015-07-17,-0.943732,0.198064,-1.165094,0.633135,0.633126,-2.400092,-3.59314,-4.340351,-4.530125,-4.751475,-5.081298,1.0,78.876541,75.30333475,1.3171627568651298,72.66900923626974,77.93766026373027,75.73503602616252,0.6643164718571057,0.006311301433364037
2015-07-20,0.397145,0.490595,-0.163532,-0.256322,-0.256313,-1.394701,-2.830275,-3.762796,-4.054427,-4.28549,-4.56994,0.0,78.67437,75.48457485,1.514942389902652,72.4546900701947,78.5144596298053,76.01497259509942,0.8106765316557585,-0.002566422620901556
2015-07-21,-0.07014,0.303954,-0.303954,-0.081766,-0.08175,-0.645327,-2.38837,-3.261644,-3.776605,-3.961792,-4.244253,0.0,78.610054,75.6412628,1.668334933200732,72.30459293359854,78.97793266640147,76.26212320508996,0.9109769941002241,-0.0008178305511648737
2015-07-22,0.128625,0.467728,-0.537885,-0.023386,-0.023409,0.044445,-1.903636,-2.821938,-3.510858,-3.720211,-3.998049,0.0,78.591652,75.8324108,1.778469966451115,72.27547086709778,79.38935073290223,76.4839830903195,0.9777105074786476,-0.00023411959771055366
2015-07-23,0.011708,0.175585,-0.491628,-0.105235,-0.105211,0.182592,-1.309859,-2.397298,-3.138837,-3.404159,-3.735796,0.0,78.508965,76.0446968,1.8338413403726015,72.3770141192548,79.7123794807452,76.67683851028907,1.012256485111564,-0.001052663053964302
2015-07-24,0.649728,0.67336,-0.448913,-0.913026,-0.913042,0.826937,-0.106322,-1.223862,-2.048432,-2.394059,-2.715296,-1.0,77.792145,76.19862595,1.8453965322426362,72.50783288551472,79.88941901448527,76.78305817597582,0.9706045133412147,-0.009172360012404434
2015-07-27,-1.274403,0.4326,-1.274403,1.039571,1.039565,-0.229149,-0.765806,-1.902636,-2.811868,-3.217572,-3.534822,1.0,78.600845,76.39069325,1.8871595460740611,72.61637415785188,80.16501234214812,76.95618073064479,0.991421862941749,0.010341987936651146
2015-07-28,0.035046,1.063089,-0.198596,0.081841,0.081855,-0.296733,-0.505845,-1.736763,-2.571263,-3.134579,-3.407036,0.0,78.665184,76.64249495,1.8345393373038228,72.97341627539235,80.31157362460765,77.11894294677386,1.001565953222027,0.0008182187087520195
2015-07-29,0.245766,0.795787,-0.187239,-0.175235,-0.175244,-0.138085,-0.005845,-1.26155,-2.091274,-2.773074,-3.057469,0.0,78.527328,76.8851066,1.73985906765894,73.40538846468212,80.36482473531788,77.25307485660491,0.9871026854561933,-0.0017539771276393545
2015-07-30,-0.140534,0.421596,-0.339619,-0.070214,-0.070214,-0.077292,0.076124,-0.868171,-1.782992,-2.490214,-2.811958,0.0,78.472191,77.07303805000001,1.6953799182350313,73.68227821352994,80.46379788647008,77.36918115597587,0.9601236387968441,-0.0007023843463723765
2015-07-31,0.409211,0.549516,-0.15199,0.163954,0.163949,-0.035071,-0.122756,-0.767756,-1.688872,-2.451995,-2.837759,0.0,78.600845,77.27337715,1.6221835504248017,74.0290100491504,80.5177442508496,77.48648247445435,0.9383076262996752,0.0016381427652595864
2015-08-03,-0.18679,0.291851,-0.688774,0.151999,0.151995,-0.156429,-0.268497,-0.663081,-1.577742,-2.398777,-2.829782,0.0,78.720314,77.47831070000001,1.525573007126851,74.4271646857463,80.52945671425371,77.60399023879204,0.9200526350121692,0.0015187915436753287
2015-08-04,-0.198064,0.209717,-0.431088,0.198457,0.198458,-0.300593,-0.432245,-0.615164,-1.575199,-2.325985,-2.878548,0.0,78.876541,77.63407815,1.4998485603161402,74.63438102936772,80.63377527063227,77.72518554938327,0.9077279138038534,0.001982616355819258
2015-08-05,0.128072,0.488996,-0.18628,0.069902,0.069913,-0.267789,-0.458728,-0.434666,-1.392479,-2.127837,-2.770595,0.0,78.931686,77.83257855000001,1.385932780484796,75.06071298903042,80.6044441109696,77.84009035420391,0.8921263468878919,0.0006988862785283196
2015-08-06,0.279848,0.361472,-0.198235,-0.151353,-0.151347,-0.030329,-0.269368,-0.247211,-0.979487,-1.771464,-2.43082,0.0,78.812225,78.04026934999999,1.18136917076803,75.67753100846393,80.40300769153605,77.93267460618449,0.8602065625874786,-0.0015146197666886867
2015-08-07,0.622878,0.799155,-0.376071,-0.781257,-0.781262,0.653427,0.567635,0.480279,-0.027616,-0.813723,-1.514078,-1.0,78.196495,78.17489995000001,1.0194341052323337,76.13603173953534,80.21376816046468,77.95780035797644,0.776277198106115,-0.007843298849931115
2015-08-10,-0.349369,0.547331,-0.361017,0.916685,0.916672,-0.211942,-0.306272,-0.412244,-0.732496,-1.497139,-2.233211,1.0,78.9133,78.335263,0.8485686428396945,76.63812571432061,80.03240028567939,78.04880032388346,0.7588551353573934,0.009124955878314795
2015-08-11,-0.386103,0.070198,-0.947697,-0.465823,-0.465799,0.170809,0.145064,0.048345,-0.10473,-0.894362,-1.567034,0.0,78.545723,78.4634624,0.6430930084248694,77.17727638315026,79.74964841684974,78.09612629303741,0.7072350675587273,-0.004668867629304922
2015-08-12,-0.56048,0.0,-1.716489,0.198898,0.198899,-0.086416,-0.031541,-0.140912,-0.129625,-0.900993,-1.549521,0.0,78.70195,78.59993245000001,0.2653249259550713,78.06928259808987,79.13058230191015,78.15382378893862,0.671194888314119,0.001987018929073351
2015-08-13,1.051263,1.098502,-0.484295,-1.144319,-1.144333,0.810299,1.039447,0.9544,0.989246,0.407743,-0.277586,-1.0,77.801338,78.5709846,0.3170839118613035,77.9368167762774,79.20515242372261,78.12025371380162,0.5634656437399599,-0.011509303773083875
2015-08-14,0.41538,0.522187,-0.450991,-0.47248,-0.472484,1.091864,1.368386,1.402801,1.375506,0.984097,0.318065,0.0,77.433739,78.49884449999999,0.39776883637572563,77.70330682724854,79.29438217275144,78.05487136010622,0.4433169917945037,-0.004736038970181112
2015-08-17,-0.450777,0.059306,-0.984581,0.047473,0.047481,0.671412,1.158951,1.257407,1.249697,1.027276,0.393034,0.0,77.470505,78.43865124999999,0.45655398457765933,77.52554328084467,79.35175921915531,77.99921742104848,0.34706428737234774,0.00047469326521981366
2015-08-18,0.333261,0.416575,-0.166627,-0.332154,-0.332157,0.661754,1.280653,1.469494,1.49667,1.427758,0.790291,0.0,77.213181,78.3688076,0.529906893403877,77.30899381319225,79.42862138680775,77.92435680952006,0.24717020513422483,-0.003327102476378827
2015-08-19,-0.13136,0.967286,-0.63291,-0.333253,-0.333245,0.544539,1.362548,1.672632,1.729753,1.818002,1.213671,0.0,76.955872,78.2870186,0.6133670477728461,77.0602845044543,79.51375269554569,77.83212016099435,0.14556278223957975,-0.0033380141333374633
2015-08-20,-0.024078,1.829557,-0.084256,-0.788149,-0.788162,0.962931,1.845214,2.29498,2.396487,2.520465,2.09156,-1.0,76.349335,78.1790371,0.7476391267452964,76.6837588465094,79.6743153534906,77.69090252661394,0.015912273906295127,-0.007912844927190705
2015-08-21,2.17337,2.642628,0.0,-2.527683,-2.527666,2.771043,3.978748,4.57313,4.825249,4.939475,4.690441,-1.0,74.419479,78.0104038,1.124749535296035,75.76090472940794,80.25990287059207,77.37933838122214,-0.2397957229235601,-0.02560159965030376
2015-08-24,-0.255294,1.748791,-2.297671,-3.260073,-3.260086,4.712799,6.521584,7.474266,7.898909,8.104679,8.046556,-1.0,71.99334,77.68002855,1.742799452064136,74.19442964587174,81.16562745412827,76.86638615443908,-0.6309421851358792,-0.03314410735006925
2015-08-25,3.320843,3.437142,-0.051688,-1.212659,-1.212657,4.284794,6.785118,8.066506,8.692984,9.010466,9.145023,-1.0,71.120308,77.30278475,2.258583550216291,72.78561764956741,81.81995185043259,76.31914061592109,-0.9998493200869945,-0.012200692832733548
2015-08-26,-1.253918,0.100316,-2.996864,3.049491,3.049492,0.198119,2.88652,4.355278,5.11912,5.495171,5.793101,1.0,73.289116,77.04087415000001,2.4078914211903943,72.22509130761922,81.85665699238079,76.03056684297621,-1.1044745076402904,0.030039190287276585
2015-08-27,-0.557065,0.123791,-2.042587,1.291535,1.291526,-1.648914,1.094339,2.613693,3.493447,3.91979,4.258075,1.0,74.235664,76.8290478,2.461108103424429,71.90683159315114,81.75126400684886,75.85962371507372,-1.0983511017901435,0.012832569407673251
2015-08-28,-0.236458,0.298691,-0.634726,-0.532311,-0.53231,-1.279399,1.148733,2.76956,3.724962,4.261862,4.588683,-1.0,73.8405,76.59103055,2.510432100016714,71.57016634996657,81.61189475003343,75.66732621840004,-1.1125597940523875,-0.005337320030595344
2015-08-31,0.087719,0.388469,-1.127821,-0.684499,-0.684482,-0.233098,1.28194,2.970748,4.072667,4.693217,5.066818,-1.0,73.335075,76.3217686,2.5583760867709584,71.20501642645809,81.43852077354191,75.4452070547429,-1.1513320196817602,-0.006868354167062397
2015-09-01,0.552841,1.208539,-0.61712,-2.531333,-2.531352,2.458223,3.110064,4.985869,6.258047,7.010038,7.462939,-1.0,71.478706,75.95187685,2.7004139158676748,70.55104901826465,81.35270468173536,75.0674450495293,-1.316674942671355,-0.02563942024072307
2015-09-02,-0.266835,0.038127,-1.092759,1.182821,1.182845,0.993635,1.264284,3.17068,4.559075,5.415998,5.917819,1.0,72.324188,75.62150195,2.7207814604420126,70.17993902911597,81.06306487088402,74.80618247338366,-1.363766418601415,0.011759036537776083
2015-09-03,-0.365001,0.453116,-0.881054,0.952986,0.952965,-0.294515,-0.148511,1.759607,3.174964,4.121847,4.667096,1.0,73.013412,75.3315613,2.671393203922034,69.98877489215593,80.67434770784408,74.6354424282995,-1.330139120044052,0.009484526600950567
2015-09-04,1.384396,1.591404,-0.375212,-2.718686,-2.71869,1.700099,2.164581,4.002251,5.553768,6.605262,7.274774,-1.0,71.028404,74.97315675,2.746583835691831,69.47998907861634,80.46632442138366,74.29191495893764,-1.4469828819145647,-0.02756329692208611
2015-09-08,-1.191078,0.037612,-2.043637,3.195757,3.195761,-1.459378,-0.821212,0.402042,1.901961,3.008028,3.711554,1.0,73.298302,74.69240685,2.6060126028623047,69.48038164427538,79.90443205572461,74.19728515332453,-1.3409628220476861,0.031457590171114574
2015-09-09,2.286957,2.51693,-0.229974,-1.868111,-1.868111,0.541721,1.179259,1.823612,3.381894,4.58261,5.373717,-1.0,71.929008,74.3615711,2.509288156786968,69.34299478642608,79.38014741357394,73.98125875776982,-1.3518484751770927,-0.01885781095096693
2015-09-10,-1.103085,0.671991,-1.103085,0.766585,0.766589,-0.18005,0.297955,0.637333,2.166221,3.430962,4.293984,1.0,72.480408,74.050494,2.3215072281010585,69.40747954379788,78.69350845620212,73.83832059036317,-1.3009851153761787,0.007636658259662801
2015-09-11,-0.679503,0.062912,-1.346419,0.760743,0.760745,-0.928657,-0.624137,-0.425319,1.068326,2.333459,3.258251,1.0,73.031799,73.81201705,2.154920978761801,69.50217509247639,78.1218590075236,73.76150901032858,-1.2023232566674693,0.007578658182833447
2015-09-14,0.415882,0.554509,-0.592314,-0.151004,-0.151007,-0.259607,-0.59987,-0.411675,0.911788,2.198872,3.154805,0.0,72.921516,73.5864059,1.9853160756744879,69.61577374865102,77.55703805134898,73.68150967601157,-1.1201198943553123,-0.001511209539684424
2015-09-15,-1.596338,0.086622,-2.227442,1.83995,1.839963,-1.801766,-2.270768,-2.007186,-1.127344,0.101961,1.091029,1.0,74.263245,73.4260429,1.7732764500774638,69.87948999984508,76.97259580015492,73.73691304020095,-0.935918138761977,0.018232406111585497
2015-09-16,-1.400732,0.47503,-1.51035,1.596337,1.596339,-2.411699,-3.280156,-3.164443,-2.797817,-1.635087,-0.648811,1.0,75.448738,73.33782075,1.6114539940469452,70.11491276190611,76.5607287380939,73.89994398875325,-0.6863655480405555,0.01583731315247013
2015-09-17,0.316757,1.181775,-0.70663,-0.024356,-0.02436,-1.605756,-2.844796,-2.951602,-2.875253,-1.78461,-0.77933,0.0,75.430359,73.2615451,1.460190281545798,70.34116453690841,76.1819256630916,74.04569779934818,-0.48449143795350835,-0.0002436255313871299
2015-09-18,0.086186,1.157354,-0.554056,-1.047759,-1.04778,-0.132959,-1.598118,-1.887866,-1.961329,-0.914049,0.084966,-1.0,74.640015,73.1760791,1.3125026629274057,70.55107377414518,75.80108442585481,74.1022994375055,-0.38385407605679234,-0.010533075730072337
2015-09-21,-0.523625,0.414023,-0.657575,1.108104,1.108112,-0.552846,-2.088406,-2.81945,-2.966391,-2.104237,-1.132487,1.0,75.46711,73.22846065,1.3837117189392394,70.46103721212152,75.99588408787848,74.2322813958383,-0.23465364635359265,0.011020174698268407
2015-09-22,0.420953,0.940946,-0.420945,-1.643943,-1.643936,1.099421,-0.326853,-1.1151,-1.194131,-0.642812,0.309523,-1.0,74.226479,73.3401176,1.368819630167005,70.60247833966599,76.077756860334,74.23172878671085,-0.2140523222686994,-0.016575985849684893
2015-09-23,0.522191,0.658957,-0.609223,-0.420945,-0.420948,1.111526,0.363051,-0.477433,-0.587467,-0.401342,0.524681,0.0,73.914024,73.47980340000001,1.2692983527991932,70.94120669440163,76.01840010559839,74.20147118797648,-0.220397526221916,-0.004218366442762458
2015-09-24,-0.509892,0.236282,-0.783491,-0.024861,-0.024845,0.721284,0.579512,-0.310927,-0.521721,-0.542241,0.332858,0.0,73.89566,73.5101306,1.2717461701804489,70.9666382596391,76.0536229403609,74.17234631293111,-0.22432212161292853,-0.00024848169074600027
2015-09-25,0.198516,0.880893,-0.310174,0.236282,0.236289,0.330012,0.482615,-0.450804,-0.767388,-0.89977,-0.071565,0.0,74.070267,73.50186075,1.2673099228330913,70.96724090433382,76.03648059566619,74.16262447360434,-0.21091180607469084,0.002360098498185646
2015-09-28,0.101374,1.799516,-0.228109,-2.096767,-0.84194,0.631716,1.407299,0.613958,0.048372,-0.111303,0.595964,-1.0,73.44664,73.48216775,1.2648284858622472,70.95251077827551,76.0118247217245,74.0944354761182,-0.24774961804814666,-0.008455040548463391
2015-09-29,0.228892,0.775688,-0.775687,-0.342168,-0.34218,0.695485,1.609585,0.950041,0.382347,0.297356,0.746672,0.0,73.19532,73.47518,1.2660693349247538,70.94304133015049,76.0073186698495,74.00880543077362,-0.2938361132632821,-0.003427671671352192
2015-09-30,-0.012608,0.327737,-0.69331,0.87742,0.877447,-0.201088,0.507566,0.244284,-0.33106,-0.427843,-0.282026,1.0,73.83757,73.59312320000001,1.177036997289973,71.23904920542006,75.94719719457996,73.99249729450946,-0.27536158828068835,0.008736196163524052
2015-10-01,0.27687,0.352377,-0.755094,0.163869,0.163856,-0.347338,0.144145,0.213538,-0.383614,-0.554525,-0.580242,0.0,73.958557,73.67484165,1.1404683476023503,71.3939049547953,75.9557783452047,73.98926488550856,-0.24809783693214627,0.0016372151216817387
2015-10-02,-1.41338,0.01251,-1.926195,0.61666,0.616667,-0.865543,-0.499913,-0.276773,-0.900001,-1.154393,-1.276237,1.0,74.414635,73.7449028,1.1407367589181012,71.4634292821638,76.02637631783621,74.02977632498394,-0.18752773160856862,0.006147733701660837
2015-10-05,-1.603227,0.183579,-2.092766,2.201378,2.201365,-2.3155,-2.566087,-2.150279,-2.704243,-3.167123,-3.33111,1.0,76.052773,73.99612125,1.0615036913199318,71.87311386736013,76.11912863263987,74.22244267498547,-0.007257777504818819,0.02177485140992361
2015-10-06,0.159535,0.478585,-0.650385,-0.269246,-0.269231,-1.352316,-2.089269,-1.746832,-2.273505,-2.773189,-2.900741,0.0,75.848015,74.1236069,1.124523725698809,71.87455944860238,76.37265435139761,74.37725908689161,0.1177281042289593,-0.00269594551434668
2015-10-07,-1.330589,0.254021,-1.354778,1.44803,1.448023,-1.95234,-3.092724,-3.019503,-3.342382,-3.876731,-4.034308,1.0,76.946312,74.3744721,1.1679773646372618,72.03851737072549,76.71042682927452,74.62193079290194,0.3019233209237484,0.014376396531283584
2015-10-08,-1.770645,0.166368,-2.07962,1.790255,1.790252,-2.562092,-4.231727,-4.478879,-4.669333,-5.260912,-5.50785,1.0,78.323845,74.66664395000001,1.3807326630889267,71.90517862382215,77.42810927617786,74.97449405072079,0.5526837633948958,0.01774415856905643
2015-10-09,0.011897,0.60664,-0.023786,-0.095071,-0.095071,-1.489234,-3.606517,-4.08047,-4.245221,-4.903102,-5.246951,0.0,78.249382,74.9275231,1.5393807086613374,71.84876168267732,78.00628451732268,75.28638814112833,0.7369100386826091,-0.0009511588544306309
2015-10-12,-0.519729,0.271669,-0.637847,0.701801,0.701802,-1.478859,-3.599106,-4.467092,-4.539632,-5.171412,-5.697561,1.0,78.798538,75.2213742,1.689875249975607,71.84162370004879,78.60112469995121,75.62087860387801,0.9166563450911127,0.00699351176672955
2015-10-13,0.142157,0.260624,-0.734514,-0.295299,-0.295296,-0.495207,-2.630025,-3.815937,-3.983085,-4.622373,-5.196337,0.0,78.565849,75.4365044,1.82957816412222,71.77734807175557,79.09566072824444,75.90135197493726,1.0284749117064251,-0.002957329469818884
2015-10-14,0.213069,1.100853,-0.142048,0.082927,0.08293,-0.149153,-2.101096,-3.495711,-3.860292,-4.36047,-4.971692,0.0,78.631004,75.5956177,1.9641270473260504,71.6673636053479,79.52387179465211,76.16131883446704,1.1095590888357378,0.0008289606628585817
2015-10-15,-0.55769,0.336936,-1.010809,1.882099,1.882088,-1.54757,-3.141623,-4.761234,-5.344171,-5.746242,-6.403172,1.0,80.110909,75.8296452,2.2072043972496087,71.41523640550078,80.24405399449923,76.53747027880351,1.2784971297337933,0.01864596247539906
2015-10-16,-1.606284,0.296197,-2.15311,1.986754,1.986772,-2.620193,-4.136487,-5.993782,-6.755922,-7.157867,-7.872,1.0,81.70253,76.18277095,2.545841539375429,71.09108787124914,81.27445402875087,77.02938072844127,1.5232531432039593,0.01967293127809023
2015-10-19,-0.870839,0.079168,-1.345844,0.729094,0.729102,-2.474563,-4.07149,-5.957189,-7.015824,-7.374138,-8.082382,1.0,82.298225,76.5243267,2.880956299233081,70.76241410153384,82.28623929846617,77.53117542097068,1.745174371498777,0.007264571675479413
2015-10-20,-0.123986,0.146525,-0.495945,0.339293,0.339279,-1.832732,-3.580932,-5.517737,-6.824589,-7.284602,-8.018622,0.0,82.577446,76.94187505000001,3.125207289795325,70.69146047040935,83.19228962959066,78.01177261897348,1.9214302925673792,0.0033870523800699592
2015-10-21,-0.089909,0.78669,-0.685547,0.293059,0.293055,-1.108112,-3.153518,-5.070805,-6.559205,-7.199525,-7.84907,0.0,82.819443,77.387146,3.3005907774790035,70.785964445042,83.988327554958,78.46964598859506,2.0569305008967262,0.0029262602718603137
2015-10-22,-0.804021,0.43551,-1.027366,0.640593,0.640608,-0.960365,-3.166958,-4.923893,-6.586837,-7.410162,-8.000942,1.0,83.349991,77.85986255,3.4479583386798023,70.9639458726404,84.75577922735961,78.93444075158601,2.1819737467285734,0.006385648552227768
2015-10-23,0.345872,0.345872,-0.970652,0.089329,0.089319,-0.63594,-2.633042,-4.288741,-6.109561,-7.071596,-7.667789,0.0,83.424438,78.3275711,3.5400591516873385,71.24745279662532,85.40768940337468,79.36205953714925,2.2610150960643125,0.0008927868066026086
2015-10-26,-0.055736,0.42364,-0.412481,0.078099,0.078102,-0.428091,-2.147155,-3.769603,-5.581384,-6.75976,-7.317914,0.0,83.489594,78.8297188,3.5235172537823116,71.78268429243538,85.87675330756461,79.75515805742076,2.302373154990434,0.0007807133112626716
2015-10-27,0.202657,0.562936,-0.495387,-0.981045,-0.981053,0.580956,-0.681146,-2.266002,-4.072841,-5.427398,-6.060658,-1.0,82.670517,79.30347865,3.3592340604320725,72.58501052913586,86.02194677086415,80.03281129004736,2.243198846115007,-0.009858968311139098
2015-10-28,-0.111856,0.548095,-1.308724,0.653008,0.653012,0.022372,-0.775167,-2.398211,-4.131993,-5.594077,-6.359189,1.0,83.210365,79.7721184,3.206898446348382,73.35832150730323,86.18591529269676,80.3354354529,2.2143384862141318,0.0065088863696070405
2015-10-29,-0.179256,0.224061,-1.299579,-0.1566,-0.156593,0.114266,-0.262159,-1.863476,-3.432676,-5.003816,-5.905403,0.0,83.080063,80.22819369999999,2.9769700509281365,74.27425359814372,86.18213380185627,80.59682855262382,2.1560980049674328,-0.0015671620818540758
2015-10-30,1.052036,1.210406,0.0,-0.963477,-0.963491,0.809961,0.77829,-0.582194,-2.015266,-3.680538,-4.680493,-1.0,82.279594,80.62144165,2.6724969836746135,75.27644768265077,85.96643561734922,80.7570919285644,2.022042003934061,-0.009681626910731916
2015-11-02,-0.090074,0.191426,-0.698115,0.463796,0.463803,0.144131,0.356947,-0.729642,-2.067893,-3.679312,-4.830443,0.0,82.661209,80.95186344999999,2.479462046042884,75.99293935791422,85.91078754208576,80.93843641155827,1.9244113819969897,0.004627304754015387
2015-11-03,0.056603,0.203759,-0.724473,-0.529222,-0.529203,0.568249,0.847851,0.095078,-1.159169,-2.727655,-3.999915,-1.0,82.223763,81.27065085000001,2.180570423370951,76.9095100032581,85.63179169674191,81.06084846760034,1.7910935627357958,-0.005306087280546434
2015-11-04,0.113544,0.408766,-0.499606,-0.305633,-0.305645,0.574542,1.053706,0.673705,-0.549565,-2.032478,-3.377907,0.0,81.97245,81.52195775,1.9313531178655692,77.65925151426886,85.38466398573114,81.1476676611622,1.6461831965028182,-0.0030611326735618806
2015-11-05,-0.13612,0.181484,-0.43104,0.102196,0.102194,0.222319,0.792872,0.728975,-0.423666,-1.737756,-3.145046,0.0,82.056221,81.70857655,1.7804989392422232,78.14757867151556,85.26957442848445,81.23419655057533,1.5205720982119715,0.0010214190820720891
2015-11-06,1.146229,1.146229,-1.447262,-2.0304,-2.030409,1.829345,2.504347,2.707737,1.773191,0.596044,-0.875687,-1.0,80.390144,81.81561465000001,1.6185836455846578,78.5784473588307,85.05278194116933,81.15381059337768,1.2719239602552221,-0.020513052678283322
2015-11-09,0.598243,0.692077,-0.609967,-1.29675,-1.296747,2.331972,3.329038,3.809195,3.144874,2.083759,0.674491,-1.0,79.347687,81.8430721,1.5685944845084707,78.70588313098305,84.98026106901695,80.9817988225798,0.979460342650853,-0.013052284396642277
2015-11-10,0.38842,0.612057,-0.270711,-0.340177,-0.340165,1.885588,3.227396,3.868482,3.529303,2.595568,1.266079,0.0,79.077774,81.86866835,1.515583324459008,78.83750170108198,84.89983499891801,80.80046312519126,0.7176287181157903,-0.003407448013126524
2015-11-11,0.270424,0.917106,-0.058792,0.105937,0.105925,1.067609,2.606704,3.450522,3.453265,2.598944,1.383109,0.0,79.161537,81.895195,1.4595399400220828,78.97611511995584,84.81427488004417,80.64437492279208,0.5109938246126404,0.0010586877217075774
2015-11-12,0.607001,1.071175,-0.309444,-1.211059,-1.21107,1.321129,3.240914,4.279953,4.599522,3.850532,2.80689,-1.0,78.202835,81.7997913,1.6342177979920234,78.53135570401595,85.06822689598404,80.41184731109759,0.2667994456616043,-0.012184636826709618
2015-11-13,0.551558,1.23501,-0.155881,-0.737914,-0.737907,1.362112,3.408878,4.55716,5.114516,4.590415,3.709039,-1.0,77.625771,81.59595334999999,1.8823931565588843,77.83116703688222,85.36073966311776,80.14650671004067,0.02640501832775044,-0.007406427519598023
2015-11-16,-1.126255,0.011859,-1.209242,1.139084,1.139086,0.007117,1.715479,2.956736,3.689399,3.397757,2.645336,1.0,78.509995,81.40654185,1.9952192210675532,77.4161034078649,85.3969802921351,79.99064845194157,-0.09170271839624888,0.011326468952540669
2015-11-17,0.548672,0.954202,-0.345889,-0.604626,-0.604619,0.348279,1.797473,3.187026,4.029107,3.999527,3.363156,-1.0,78.035309,81.17943499999998,2.1101227082843037,76.95918958343138,85.39968041656859,79.80442564699474,-0.22105891419542445,-0.006064537775685112
2015-11-18,-1.580239,0.058531,-1.767531,1.896474,1.896474,-1.430418,-0.406184,0.956727,1.885169,2.108393,1.547075,1.0,79.515228,81.01422425000001,2.10430393413117,76.80561638173768,85.22283211826235,79.77688301394763,-0.20183095461706557,0.018787146738958056
2015-11-19,-0.66087,0.278259,-0.707248,0.95985,0.959844,-1.850434,-1.574491,-0.235745,0.725222,1.145978,0.662808,1.0,80.27845,80.86064719999999,2.0358322380426617,76.78898272391467,84.9323116760853,79.82465129833356,-0.12358243979507222,0.009552665830450155
2015-11-20,0.825676,1.930462,-0.174441,-0.301452,-0.301456,-0.951267,-1.321077,-0.120934,0.818129,1.368544,1.041607,0.0,80.036446,80.6912476,1.9504386145028998,76.7903703709942,84.5921248290058,79.8448222223018,-0.08017343884000638,-0.00301911038663238
2015-11-23,-0.427295,0.196334,-0.773759,0.697753,0.697752,-1.120214,-1.850089,-0.983935,-0.06004,0.581606,0.415768,1.0,80.594902,80.546513,1.835893340575777,76.87472631884845,84.21829968115156,79.91625839160639,-0.0007006838029610662,0.006953290960731842
2015-11-24,-0.932113,0.402759,-1.093216,0.358016,0.358036,-0.768715,-1.977002,-1.447655,-0.527056,0.138998,0.153038,0.0,80.883461,80.4571602,1.7693597609062546,76.9184406781875,83.99587972181251,80.00837292573911,0.08459123178222683,0.003573968695149657
2015-11-25,-0.630945,0.114717,-0.96363,0.310697,0.31068,-0.676835,-2.037395,-1.821722,-0.963053,-0.254207,-0.05429,0.0,81.13475,80.35337945,1.6566552811658675,77.04006888766827,83.66669001233174,80.11564693281157,0.1704972256819417,0.003101987115493519
2015-11-27,-0.343165,0.297417,-0.674898,0.286796,0.286813,-0.693216,-1.928631,-2.158937,-1.35153,-0.636934,-0.288652,0.0,81.367455,80.26774904999999,1.5490663133993527,77.16961642320129,83.3658816767987,80.23486674873428,0.2544228650542948,0.002864024633588344
2015-11-30,0.595039,1.052751,-0.217418,-0.034316,-0.034318,-0.338717,-1.438388,-2.047535,-1.375451,-0.705351,-0.269297,0.0,81.339531,80.2207459,1.498236383327015,77.22427313334597,83.21721866665402,80.34007286790245,0.31504960969012075,-0.0003432427944326128
2015-12-01,-0.387329,0.113919,-1.230351,0.446275,0.446276,-0.510369,-1.48554,-2.290584,-1.872302,-1.234002,-0.736697,0.0,81.70253,80.17281195000001,1.4298215503575533,77.3131688492849,83.03245505071511,80.46983069000699,0.38791607218611546,0.004452833797126169
2015-12-02,0.286369,0.549824,-0.343646,-0.546817,-0.546825,0.128293,-0.547541,-1.574653,-1.39233,-0.760599,-0.245135,-1.0,81.25576,80.12441179999999,1.3719545878354675,77.38050262432905,82.86832097567093,80.5446811004825,0.40494471292016954,-0.005483257333957185
2015-12-03,0.251891,0.74422,-0.14884,0.045811,0.045811,0.121373,-0.374395,-1.444926,-1.479273,-0.900385,-0.353403,0.0,81.292984,80.09043849999999,1.3316029226041202,77.42723265479175,82.75364434520823,80.6159480432937,0.416640921895052,0.0004580041621324929
2015-12-04,-2.552947,0.066895,-2.552947,2.702085,2.702091,-2.004458,-2.610927,-3.61576,-3.985511,-3.488074,-2.96953,1.0,83.489594,80.16210715000001,1.4739383314652064,77.2142304870696,83.10998381293042,80.88962861059906,0.596284721839524,0.026662286169327386
2015-12-07,0.518075,0.957313,-0.551862,-1.014488,-1.014489,-0.684765,-1.297447,-2.223229,-2.865194,-2.481366,-2.006613,-1.0,82.642601,80.27473,1.5748777847715767,77.12497443045685,83.42448556954317,81.05657836197058,0.6626696280998488,-0.010196703157630316
2015-12-08,-0.236565,0.168977,-0.788551,-0.02253,-0.022526,-0.43934,-1.029628,-1.869255,-2.645043,-2.461196,-2.019456,0.0,82.623985,80.4385449,1.6423257674842047,77.15389336503159,83.7231964349684,81.20585518464006,0.7056437668724698,-0.00022528449978065032
2015-12-09,0.556697,1.704158,-0.61349,-0.84488,-0.844881,0.572595,-0.059079,-0.716507,-1.641678,-1.644631,-1.214879,-1.0,81.925911,80.58095175000001,1.6416040111477743,77.29774372770446,83.86415977229557,81.27443192896006,0.6755846246929309,-0.008484699229032559
2015-12-10,0.216568,0.672515,-0.56993,-0.329464,-0.329468,0.993957,0.335117,-0.213539,-1.163805,-1.335012,-0.95179,0.0,81.655991,80.70567444999999,1.622737566380859,77.46019931723828,83.9511495827617,81.31077088810672,0.622802964869166,-0.003300123567100952
2015-12-11,0.509734,0.996293,-0.417054,-1.607207,-1.607204,1.860518,1.846615,1.421836,0.583868,0.191374,0.552589,-1.0,80.343613,80.81271335,1.5160544990267406,77.78060435194651,83.84482234805348,81.21866061304894,0.46966122039334834,-0.016202591591088934
2015-12-14,-0.894914,0.298295,-1.457096,0.973128,0.973108,0.50483,0.838699,0.533895,-0.169794,-0.737945,-0.463889,1.0,81.125443,80.98769695000001,1.317869427338397,78.35195809532323,83.6234358046768,81.2097827451395,0.4066943126656497,0.009684036426502477
2015-12-15,-0.23907,0.603378,-0.808287,0.780165,0.780182,-0.48497,0.064894,-0.14951,-0.743965,-1.388433,-1.271249,1.0,81.758369,81.15011565,1.190447693233516,78.76922026353297,83.53101103646704,81.26202905512622,0.4032163956406407,0.0077715419081535375
2015-12-16,-2.340545,0.133106,-2.384916,2.629788,2.629787,-2.562399,-2.183031,-2.467741,-2.93733,-3.684974,-3.734151,1.0,83.90844,81.4437722,1.1028145299506555,79.23814314009869,83.64940125990131,81.51406819273325,0.5674121085624506,0.025958026735003237
2015-12-17,1.111358,1.201167,-0.134714,-1.186911,-1.186912,-1.088911,-0.812753,-1.153271,-1.566572,-2.347108,-2.540042,-1.0,82.912521,81.61363685,1.0505301464070573,79.5125765571859,83.71469714281412,81.6472541743777,0.6101427086172748,-0.01194011623058256
2015-12-18,2.08238,2.08238,0.0,-2.424791,-2.424797,1.507138,1.332268,1.264774,0.918093,0.213076,-0.165663,-1.0,80.902061,81.64481740000001,1.017552013764688,79.60971337247064,83.67992142752938,81.57628339586553,0.4762893302144562,-0.024546788494592454
2015-12-21,-0.300164,0.04618,-1.015937,-0.345139,0.838194,0.774865,0.359737,0.442699,0.17385,-0.426031,-0.946888,1.0,81.580177,81.72200395,0.9450980028427836,79.83180794431443,83.61219995568557,81.57665421530692,0.42008537471123475,0.008347003900373615
2015-12-22,-0.821357,0.148297,-1.619902,1.200648,1.20065,-0.226618,-0.838726,-0.679744,-0.895627,-1.411175,-1.992376,1.0,82.559669,81.82024229999999,0.9236456066403429,79.9729510867193,83.66753351328067,81.67027467099197,0.44939975288151857,0.011934988983306685
2015-12-23,-1.302205,0.112256,-1.369557,1.619893,1.619895,-1.819794,-2.184482,-2.053098,-2.295822,-2.70328,-3.363213,1.0,83.897049,81.9709217,1.0050080952829756,79.96090550943406,83.98093789056595,81.88234841661179,0.5739310776259572,0.016069147510001377
2015-12-24,-0.123791,0.416388,-0.258839,-0.24697,-0.246986,-1.390942,-1.699271,-1.619652,-1.901257,-2.262848,-2.943583,0.0,83.689835,82.09867595,1.0543104759254445,79.9900549981491,84.2072969018509,82.05448999598211,0.6484279380083535,-0.002472915548667352
2015-12-28,-0.045144,0.225765,-0.564398,-0.303854,-0.303855,-0.48311,-1.029092,-1.324126,-1.478337,-1.813609,-2.438721,0.0,83.435539,82.20208015,1.0799247336945612,80.04223068261088,84.36192961738912,82.18601847255525,0.6791192110941608,-0.003043178784468363
2015-12-29,-0.358102,0.134291,-0.581921,0.869178,0.869188,-0.727397,-1.521267,-2.054157,-2.159688,-2.463659,-3.020576,1.0,84.160751,82.34314115,1.14370007861175,80.05574099277649,84.6305413072235,82.37408823707379,0.7532774995677443,0.008654326732018361
2015-12-30,0.472015,0.561924,-0.224774,-0.425244,-0.425242,-0.00675,-0.856741,-1.542089,-1.616539,-1.894003,-2.395889,0.0,83.802864,82.44815785,1.1777048494120328,80.09274815117594,84.80356754882406,82.51016211925725,0.7742449734479635,-0.0042614889136644045
2015-12-31,0.648389,0.830389,-0.05688,-1.202516,-1.202517,0.94414,0.215518,-0.273716,-0.326099,-0.607546,-1.016266,-1.0,82.79512,82.52512585,1.1455376621944275,80.23405052561114,84.81620117438885,82.53730096504226,0.7014593421752409,-0.012098061058727402
