date,c_open,c_high,c_low,n_close,n_adj_close,adj_sum_5,adj_sum_10,adj_sum_15,adj_sum_20,adj_sum_25,adj_sum_30,label,closing_price_for_label,melody_ma20,melody_std20,melody_lb20,melody_ub20,melody_ema20,melody_macd_12_26,melody_str_log_return
2013-06-03,-0.542119,0.120471,-2.211514,-1.139944,-1.13995,2.73987,5.70261,6.496289,5.267192,4.035112,3.050803,-1.0,105.178482,,,,,,,
2013-06-04,0.042276,0.532722,-0.989351,1.76405,1.764063,0.126829,2.991702,4.279823,3.578967,2.289858,1.434398,1.0,107.033897,,,,,,,0.0174868430302283
2013-06-05,0.339513,1.001126,-0.287283,-2.866564,-2.866574,2.26343,4.738399,6.818721,6.583092,5.258812,4.483907,-1.0,103.965691,,,,,,,-0.02908462820214976
2013-06-06,-0.83858,0.017468,-1.921736,-0.339514,-0.339518,1.56709,3.928199,6.476825,6.718206,5.643957,4.86286,0.0,103.612709,,,,,,,-0.00340095443678348
2013-06-07,-2.212538,0.410049,-2.964294,2.253664,2.253657,-0.755156,0.988395,3.671064,4.32002,3.407155,2.586436,1.0,105.947784,,,,,,,0.022286372922635977
2013-06-10,0.437473,0.561288,-0.610811,3.493938,3.493954,-3.290141,-2.369795,-0.168393,0.792813,0.121826,-0.720876,1.0,109.649551,,,,,,,0.034343011038888344
2013-06-11,0.350232,1.12575,-0.542029,-1.015274,-1.01528,-2.021346,-1.640257,0.37025,1.621918,1.311878,0.391376,-1.0,108.536301,,,,,,,-0.010204691555726208
2013-06-12,1.536139,1.846726,-0.637954,-0.658773,-0.658769,-0.656427,-1.024929,0.443214,2.085118,2.086125,1.136294,-1.0,107.821297,,,,,,,-0.00660948919326858
2013-06-13,-1.755981,0.041216,-1.887882,1.821545,1.821544,-1.309156,-2.726301,-1.713111,0.040392,0.31261,-0.464692,1.0,109.785309,,,,,,,0.018051523050219374
2013-06-14,1.116038,1.60164,-0.502638,-3.231662,-3.231662,2.041236,0.507754,1.155792,3.051628,3.636737,2.944569,-1.0,106.237419,,,,,,,-0.032850330927682914
2013-06-17,-0.274127,0.42366,-0.697787,2.555802,2.555802,-0.629672,-1.650605,-1.373427,0.195216,1.024092,0.530266,1.0,108.952637,,,,,,,0.025236873479102837
2013-06-18,0.12266,0.531524,-0.318913,1.586646,1.586644,-1.794097,-2.857144,-2.962358,-1.629734,-0.636848,-0.841989,1.0,110.681328,,,,,,,0.015741888540217415
2013-06-19,1.589666,1.987085,-0.057957,-1.234771,-1.234778,-0.293088,-1.153331,-1.68239,-0.769988,0.493798,0.527413,-1.0,109.314659,,,,,,,-0.012424650102661859
2013-06-20,1.631644,1.776867,-0.418587,-3.079981,-3.079985,2.151042,2.208279,1.248375,1.922957,3.361365,3.64686,-1.0,105.947784,,,,,,,-0.03128413432908843
2013-06-21,-0.142205,0.175658,-1.631121,2.127119,2.12713,0.386443,0.287742,-0.748923,-0.413638,1.022163,1.527391,1.0,108.201431,,,,,,,0.021048222863858962
2013-06-24,0.703681,0.978288,-1.072685,-2.526143,-2.526142,2.327294,2.490344,1.841585,1.995622,3.269887,4.022712,-1.0,105.468109,,,,,,,-0.02558596897443768
2013-06-25,0.136411,0.426294,-0.562711,0.652194,0.652196,0.811657,1.602007,1.126547,1.083634,2.213313,3.134392,1.0,106.155968,,,,,,,0.006500786036940166
2013-06-26,-0.194813,0.033881,-0.965611,0.65649,0.656486,-0.306623,0.848722,0.64713,0.360412,1.15162,2.289799,1.0,106.852867,,,,,,,0.006543404516926756
2013-06-27,-0.85428,0.246429,-1.076062,3.117059,3.117065,-2.55134,-2.163632,-1.997704,-2.620752,-2.10646,-0.93533,1.0,110.18354,,,,,,,0.030694707358822338
2013-06-28,0.538699,0.837058,-0.248635,-0.887132,-0.887136,-1.495112,-1.016082,-0.921601,-1.620259,-1.362841,-0.171836,-1.0,109.206062,107.43664125000001,2.0906283891800017,103.25538447164,111.61789802836002,107.44791222501367,,-0.008910946180956236
2013-07-01,-0.51211,0.333282,-1.430658,1.955903,1.955895,-2.329693,-2.700365,-2.720958,-3.230766,-3.174108,-2.203426,1.0,111.342018,107.74481805,2.1920555089396068,103.36070703212079,112.12892906787923,107.81877944167903,,0.019370132663767907
2013-07-02,0.18478,0.69896,-0.474013,1.178673,1.178691,-2.31382,-3.658723,-3.610518,-4.108631,-4.260635,-3.454657,1.0,112.654396,108.02584299999998,2.442131146404284,103.14158070719141,112.91010529280855,108.27931435199531,,0.011717982386739854
2013-07-03,-0.811111,0.0,-1.124313,0.040167,0.040167,-1.315455,-3.397051,-3.360645,-3.759644,-4.140064,-3.632622,0.0,112.699646,108.46254074999999,2.458728682096585,103.54508338580682,113.37999811419316,108.70029831847194,,0.000401590317231947
2013-07-05,0.51888,0.566781,-0.734413,0.602313,0.602304,-1.342697,-3.320026,-3.727946,-3.905164,-4.560388,-4.277958,1.0,113.378441,108.95082735000001,2.4141939823182796,104.12243938536345,113.77921531463657,109.1458357167127,,0.006004978622847582
2013-07-08,-0.016017,0.240188,-0.432347,-0.295358,-0.295356,-0.3715,-2.605287,-3.041371,-3.306649,-4.042278,-3.987994,0.0,113.043571,109.3056167,2.47038342076415,104.3648498584717,114.2463835415283,109.5170486008353,,-0.0029579301164223953
2013-07-09,0.364506,0.364506,-0.570518,1.040829,1.040829,-0.893816,-2.842313,-3.7327,-4.102615,-4.714105,-4.827259,1.0,114.220161,109.5341472,2.7042171914435897,104.12571281711283,114.94258158288719,109.96496406742241,1.8500982173747076,0.010354494331518086
2013-07-10,-0.031548,0.189323,-0.402299,0.451664,0.451665,-0.976571,-2.531356,-3.929953,-4.263628,-4.874025,-5.160791,0.0,114.736053,109.8441348,2.9297503254644823,103.98463414907104,115.70363545092897,110.41935348957266,1.996452524682681,0.004506476273887305
2013-07-11,-0.587821,0.100553,-0.788916,1.987849,1.987847,-2.168764,-3.562529,-5.363649,-5.736712,-6.281998,-6.758704,1.0,117.01683,110.30391145000002,3.2944378542190313,103.71503574156195,116.89278715843808,111.04768458580382,2.270308309329309,0.019683471536628142
2013-07-12,-0.362403,0.0,-0.478059,0.309389,0.30939,-1.788884,-3.246976,-5.006299,-5.70399,-6.101939,-6.80906,0.0,117.378868,110.6835894,3.649917443189148,103.38375451362171,117.9834242863783,111.65065443477489,2.4878757496156396,0.0030891205853154366
2013-07-15,0.269983,0.269983,-0.339403,-0.038556,-0.038563,-1.019742,-2.516964,-4.45078,-5.194765,-5.677563,-6.462249,0.0,117.333603,111.23839860000001,3.7795435131360477,103.67931157372792,118.7974856262721,112.191887631463,2.626371826767425,-0.0003857059692509479
2013-07-16,0.364596,0.426657,-0.643862,-0.563094,-0.563087,-0.038792,-1.508032,-3.269468,-4.327055,-4.90265,-5.604173,-1.0,116.672913,111.62441239999998,3.9252431489020703,103.77392610219584,119.47489869780412,112.61865195227605,2.6522453706696325,-0.005646780840665822
2013-07-17,-0.022927,0.504436,-0.863642,1.497162,1.49716,-0.891162,-2.47401,-4.005907,-5.411568,-5.971565,-6.67609,1.0,118.419693,112.01133065000002,4.199219585298911,103.6128914794022,120.40976982059784,113.17113205205928,2.7816359207848222,0.0148606302506461
2013-07-18,-0.588688,0.252295,-0.77982,-0.030566,-0.030564,-0.629973,-1.964071,-3.32722,-4.999621,-5.585936,-6.241594,0.0,118.383499,112.46477265000001,4.3785106572125185,103.70775133557498,121.22179396442505,113.66754795186316,2.848423458102573,-0.0003056884493503319
2013-07-19,-0.276159,0.138073,-0.444923,-0.336393,-0.336397,-0.191775,-1.24271,-2.560087,-4.168837,-4.989259,-5.519074,0.0,117.98526,113.06664645000001,4.261302951383345,104.54404054723332,121.58925235276669,114.07875862311428,2.836520856763471,-0.003369644774563384
2013-07-22,-0.23024,0.368378,-0.23024,-0.046025,-0.046035,-0.044504,-0.7828,-2.021991,-3.712193,-4.548878,-5.136854,0.0,117.930946,113.5531222,4.231916759058161,105.08928868188369,122.01695571811632,114.44563361138913,2.7905376921044933,-0.0004604516313696006
2013-07-23,0.671926,0.671926,-0.332092,-0.629322,-0.629315,0.676557,0.098863,-1.068883,-2.602325,-3.663261,-4.321638,-1.0,117.188789,114.13915619999997,3.847454300605285,106.4442475987894,121.83406480121054,114.70688650554254,2.6635065893989633,-0.006313034206594753
2013-07-24,0.724136,0.747494,-0.280297,-0.810938,-0.810941,1.124355,1.046494,-0.054493,-1.372331,-2.684408,-3.318528,-1.0,116.238457,114.64328065000002,3.3783219760250343,107.88663669794995,121.39992460205009,114.85275036215754,2.457817485120856,-0.008142470657130661
2013-07-25,-0.525289,0.101918,-0.980008,-0.68519,-0.685185,1.312419,1.607209,0.793412,-0.319876,-1.800707,-2.431466,-1.0,115.442009,115.07273775000002,2.8387069167451515,109.39532391650971,120.75015158349032,114.90887023242824,2.2051214235340524,-0.006875427619683907
2013-07-26,0.056229,0.056229,-1.261145,-2.399063,-2.399067,2.859667,3.687047,3.22918,2.240748,0.851802,0.052219,-1.0,112.672478,115.19718465000001,2.6621532028636934,109.87287824427263,120.5214910557274,114.69588049600651,1.7610793419656687,-0.02428313192771883
2013-07-29,0.474012,0.906442,-0.116423,-3.405895,-3.405897,4.81497,6.562167,6.611233,5.828697,4.43111,3.659605,-1.0,108.834969,115.17863,2.707022890886247,109.7645842182275,120.5926757817725,114.1376984487678,1.0869877698882675,-0.03465249633445143
2013-07-30,0.34261,0.611795,-0.195773,1.945943,1.945956,1.69018,4.012556,4.379907,3.791089,2.635449,1.741031,1.0,110.95285,115.15917160000001,2.7372819604308725,109.68460767913827,120.63373552086175,113.83437954888515,0.7154137943873025,0.019272647263280557
2013-07-31,0.254304,0.45939,-0.541431,-0.562847,-0.562855,1.194421,3.867922,4.704401,4.273175,3.367679,2.306262,-1.0,110.328346,115.0428691,2.8942228102153025,109.2544234795694,120.83131472043061,113.50047159184847,0.36632373615279334,-0.00564445302482397
2013-08-01,0.007923,0.499053,-0.269325,3.560292,3.560284,-2.492071,-0.064156,0.943715,0.756506,0.073205,-1.06674,1.0,114.256348,115.1207042,2.8484598120533016,109.42378457589341,120.8176238241066,113.57245982119623,0.4019903886909617,0.03498370732364697
2013-08-02,-3.3574,0.454106,-3.930618,6.408432,6.408448,-6.899435,-5.787251,-4.905341,-4.974325,-5.578805,-6.596448,1.0,121.578407,115.53070249999999,3.1578241592304184,109.21505418153916,121.84635081846082,114.33493098108231,1.0094491348255303,0.06211478915675526
2013-08-05,-0.262526,0.35519,-1.042384,-3.588184,-3.588184,-2.00448,-2.341908,-1.37287,-1.259751,-1.791369,-2.863872,-1.0,117.21595,115.73932145,3.1224906868829816,109.49434007623404,121.98430282376597,114.60931374478875,1.1258723902320895,-0.03654141971739062
2013-08-06,-0.015423,0.254435,-0.462599,0.146708,0.14671,-1.051661,-2.468009,-1.476747,-1.269473,-1.729225,-2.667698,0.0,117.387917,115.89770925,3.1217176329252037,109.6542739841496,122.14114451585041,114.87394262623745,1.2179749021291713,0.0014660204283802286
2013-08-07,0.744745,1.168082,-0.047035,-1.649961,-1.649971,1.495772,-0.899964,0.004708,0.417847,0.016312,-0.766431,-1.0,115.45105,115.93345910000001,3.1117924841306883,109.70987413173863,122.15704406826138,114.92890523326245,1.1217470251012003,-0.016637349856366435
2013-08-08,-0.031243,0.351478,-0.69515,0.368455,0.368468,1.402791,-1.226283,-0.506662,-9e-06,-0.241201,-0.871157,0.0,115.87645,115.8764401,3.101326804559018,109.67378649088197,122.07909370911803,115.01914759199936,1.0675064146080473,0.0036779066866842376
2013-08-09,0.729012,0.909302,-0.211646,-0.35929,-0.359293,0.708628,-0.628679,-0.293702,0.277488,0.190635,-0.361375,0.0,115.460114,115.7805024,3.0820216195667993,109.6164591608664,121.94454563913361,115.06114439276132,0.9796329059355315,-0.003599400304856154
2013-08-12,0.140269,0.140269,-0.459791,0.587918,0.58791,-0.065462,-0.580582,-0.979327,-0.360041,-0.288345,-0.744756,1.0,116.138916,115.72076804999999,3.061847249357918,109.59707355128415,121.84446254871582,115.16378930773642,0.9537716794150697,0.005861889350176249
2013-08-13,-1.129033,0.268822,-1.336398,1.465079,1.465089,-1.431645,-1.431647,-2.372252,-1.749237,-1.605227,-1.994115,1.0,117.840454,115.77914510000001,3.0919385327101234,109.59526803457976,121.96302216542026,115.41870975461867,1.0583760668487372,0.014544598491150829
2013-08-14,0.355838,0.5415,-0.177931,-0.71428,-0.714275,-0.457964,-0.152406,-1.626583,-1.103132,-0.820004,-1.165276,-1.0,116.998749,115.70809789999998,3.044024174114184,109.62004955177161,121.79614624822835,115.56918968275022,1.0611252471246928,-0.007168382395654714
2013-08-15,1.176932,1.184786,-0.353077,-1.407911,-1.407932,0.872514,1.368394,-0.227005,0.177727,0.538575,0.322753,-1.0,115.351486,115.55649724999998,2.9785666469750502,109.59936395604987,121.51363054395009,115.54845599867878,0.9197809724448689,-0.014179375364691122
2013-08-16,-0.217256,0.566415,-0.380203,1.122015,1.122026,-0.043454,-0.17924,-1.106977,-0.991239,-0.602117,-0.697036,1.0,116.64576,115.48952225000001,2.9358332267385703,109.61785579652286,121.36118870347715,115.65296114166175,0.9018062504314059,0.011157782688901614
2013-08-19,0.530427,0.725435,-0.241808,-0.527629,-0.527635,0.468027,0.248059,-0.168999,-0.547966,-0.119806,-0.084497,-1.0,116.030296,115.39448975,2.8829305336001987,109.62862868279962,121.1603508172004,115.68889779483682,0.8283496534073862,-0.005290320336531157
2013-08-20,-0.378635,0.331313,-0.654725,-1.115445,-1.115435,1.060186,1.147747,1.176933,0.466985,0.939336,1.057555,-1.0,114.736053,115.27185295000001,2.8546150466867526,109.5626228566265,120.98108304337352,115.59815067151902,0.658113850571965,-0.011217030350471942
2013-08-21,1.090669,1.334852,-0.260459,-3.084323,-3.084325,3.232943,3.984209,4.448964,3.43765,3.891906,4.167613,-1.0,111.19722,115.01979109999999,2.9843920388888456,109.05100702222231,120.98857517777768,115.17901441708864,0.23493828025277708,-0.03132891756613131
2013-08-22,-0.368678,0.272505,-0.488894,1.554612,1.55461,1.223053,2.131125,2.771503,1.742809,2.1082,2.452247,1.0,112.925903,114.8939858,3.018494578985734,108.85699664202853,120.93097495797146,114.96443237736591,0.03861374760668923,0.015426496462545625
2013-08-23,0.496022,0.496022,-0.771595,1.795307,1.795307,-0.856628,0.285804,0.574757,0.047633,0.201871,0.575018,1.0,114.95327,115.0080254,2.972887999089741,109.06224940182051,120.95380139817948,114.96336929380726,0.046085469919773914,0.017793819988990937
2013-08-26,0.862685,0.942568,-0.167744,-1.432958,-1.432958,0.103842,1.493729,1.806853,1.699416,1.495325,1.918681,-1.0,113.306038,115.23157885,2.6329272376811597,109.96572437463769,120.49743332536232,114.80552821820656,-0.07998892963459525,-0.014433239196780011
2013-08-27,0.47565,0.757822,-0.257981,-0.918605,-0.918609,0.591749,1.938089,2.446528,2.700746,2.260887,2.732724,-1.0,112.265198,115.29719625,2.535221290572944,110.22675366885412,120.36763883114588,114.5635920069488,-0.2608835853579876,-0.00922854709198409
2013-08-28,-0.080709,0.597206,-0.508438,-0.104802,-0.104793,0.866751,1.612452,2.357619,2.88959,2.22225,2.654068,0.0,112.147552,115.38815655,2.3751443548642133,110.63786784027158,120.13844525972843,114.33349295866796,-0.4090220012625281,-0.0010484788478143442
2013-08-29,-0.104929,0.879816,-0.209865,-0.016145,-0.016143,0.740977,1.341508,2.151367,2.811361,2.120586,2.484725,0.0,112.129448,115.28181155,2.4740432394416714,110.33372507111666,120.22989802888334,114.12358391498529,-0.5218678370708147,-0.0001614432156603936
2013-08-30,0.339429,0.604351,-0.140738,-2.502218,-2.502227,2.296551,3.272624,4.398822,4.889481,4.618928,4.850844,-1.0,109.323715,114.66907695,2.3467764621119747,109.97552402577605,119.36262987422396,113.66645354212955,-0.8281517615693588,-0.025340646318028605
2013-09-03,-0.241354,0.772324,-0.466615,2.905871,2.905875,-0.735319,0.042637,1.235181,1.718018,1.795009,1.729146,1.0,112.500526,114.43330575,2.314077345000816,109.80515105999837,119.06146044000164,113.55541282383149,-0.8052593518566056,0.028644553903854075
2013-09-04,-1.295293,0.508588,-1.462171,1.238932,1.238934,-1.664014,-1.255561,-0.234688,0.319852,0.652576,0.387794,1.0,113.894333,114.25862655,2.2087699928221314,109.84108656435573,118.67616653564427,113.58769093584755,-0.6669600752798885,0.012313217855931988
2013-09-05,-0.692456,0.278573,-0.819801,-0.15893,-0.158925,-1.232095,-0.877114,-0.268498,0.403132,0.931864,0.47357,0.0,113.713326,114.17174034999998,2.1935206921792227,109.78469896564154,118.55878173435842,113.59965618005255,-0.565444561434532,-0.0015905179900690884
2013-09-06,0.32656,0.732774,-0.963765,-0.07163,-0.071636,-0.896855,-0.743928,-0.297891,0.376343,0.982237,0.492497,0.0,113.631866,114.05951115,2.158857506934265,109.74179613613147,118.37722616386854,113.6027237819523,-0.4859640356419135,-0.0007166195402636442
2013-09-09,-0.930599,0.063087,-0.985804,0.995619,0.995612,-0.925862,-1.738954,-1.390111,-0.643528,-0.250784,-0.43743,1.0,114.763199,114.0246654,2.140608038196409,109.74344932360718,118.30588147639283,113.71324523129019,-0.327906130412444,0.009906888776347914
2013-09-10,-0.298318,0.227666,-0.423929,0.457409,0.457411,-0.893385,-2.014439,-1.882026,-1.132825,-0.771857,-0.704186,0.0,115.288139,113.98212655000002,2.1045310960894374,109.77306435782114,118.1911887421789,113.86323511402445,-0.15845921172369515,0.004563684920506126
2013-09-11,-0.893697,0.148951,-0.987767,0.14131,0.141308,-0.763557,-1.876756,-1.979192,-1.375816,-0.978982,-0.714427,0.0,115.45105,113.86265635,1.9349629993812707,109.99273035123746,117.73258234876253,114.01445557935546,-0.010900102076107032,0.0014120793938471236
2013-09-12,0.119128,0.492411,-0.317689,-1.293504,-1.293489,0.579766,-0.432066,-0.533197,-0.216834,0.266211,0.692811,-1.0,113.957703,113.71060405,1.7895767374923781,110.13145057501525,117.28975752498475,114.00905057179779,-0.014294291359888689,-0.013019277373987809
2013-09-13,-0.544166,0.078864,-0.764985,0.706853,0.706838,0.07098,-0.901416,-1.124601,-0.942819,-0.476336,0.000793,1.0,114.763199,113.6811897,1.7658645051930728,110.14946068961386,117.21291871038615,114.08087423162657,0.04746543260706915,0.007043513059634731
2013-09-16,0.195695,0.563602,-0.203524,0.749209,0.749224,-0.524469,-1.093549,-1.821272,-1.723687,-1.21081,-0.914554,1.0,115.623032,113.63005329999999,1.6886158671596418,110.2528215656807,117.00728503431927,114.22774640004309,0.16390243078508604,0.0074643088561505005
2013-09-17,-0.30762,0.386495,-0.536363,-0.759296,-0.759304,0.14198,-0.141189,-0.986485,-1.027764,-0.503549,-0.228216,-1.0,114.745102,113.5657936,1.6153316392947985,110.3351303214104,116.79645687858961,114.27701836194375,0.1832258631948065,-0.00762201121339562
2013-09-18,-2.627354,0.183308,-2.757193,3.273382,3.273386,-2.517372,-2.917588,-3.774025,-4.005956,-3.634918,-3.3593,1.0,118.501152,113.75404855,1.9447105960095075,109.86462735798098,117.64346974201901,114.6793168036634,0.49590518074435863,0.032209518113117494
2013-09-19,0.276498,0.506916,-0.330256,-0.557547,-0.557546,-1.31183,-2.023044,-2.912444,-3.18587,-3.066055,-2.749874,-1.0,117.840454,114.08621025,2.0495287791042878,109.98715269179142,118.18526780820856,114.98037748902878,0.6825252593857982,-0.005591057218364247
2013-09-20,0.733872,0.973357,-0.162219,-0.576037,-0.576042,-0.330626,-1.154112,-2.0636,-2.444184,-2.44264,-2.149862,-1.0,117.161644,114.29799729999999,2.140163555683482,110.01767018863303,118.57832441136695,115.18811715674032,0.7668094206076006,-0.005777070874607094
2013-09-23,-0.285094,0.130989,-0.724305,0.254926,0.254926,-0.271228,-1.175836,-1.850824,-2.585529,-2.662968,-2.341911,0.0,117.46032,114.42334980000001,2.251108947992245,109.92113190401552,118.9255676959845,115.40451742752695,0.8479314566576477,0.0025460204684015037
2013-09-24,0.045954,0.605092,-0.482541,0.601016,0.601016,-0.287989,-1.52267,-2.117543,-2.961855,-3.172179,-2.868156,1.0,118.166275,114.66636165,2.3826383720623134,109.90108490587536,119.43163839412463,115.66754195823867,0.9581410694414956,0.0059921683487261165
2013-09-25,0.269535,0.423556,-0.269546,-0.543805,0.361725,-0.631763,-1.612609,-2.20616,-3.044786,-3.391054,-3.197068,0.0,118.593712,114.98278735,2.4657478427191064,110.05129166456179,119.9142830354382,115.9462248193588,1.067666184079087,0.003610723837268999
2013-09-26,-0.841037,0.272769,-0.924383,1.640346,1.640349,-1.787686,-2.654465,-3.40692,-4.26144,-4.640201,-4.661445,1.0,120.539063,115.4023629,2.663901993804745,110.07455891239051,120.73016688760949,116.38363797941987,1.2964940182358475,0.01627040806309655
2013-09-27,-0.268686,0.406877,-0.307074,-1.303229,-1.303229,-0.187156,-1.015626,-1.832436,-2.709855,-3.177879,-3.301224,-1.0,118.968163,115.74429865000002,2.660586204572781,110.42312624085446,121.06547105914558,116.62978321947512,1.3356862641622484,-0.013117955169663967
2013-09-30,-0.421777,0.164029,-1.155976,-1.711958,-1.711969,1.460916,0.820369,0.001055,-0.689959,-1.423772,-1.608792,-1.0,116.931465,116.12468614999997,2.197932480885474,111.72882118822902,120.52055111177093,116.65851481762034,1.1886993085300759,-0.017267925564613564
2013-10-01,0.557649,0.903237,-0.463397,-0.554557,-0.554551,1.702798,1.514844,0.615742,0.026479,-0.771664,-1.052875,-1.0,116.28302,116.31381085000001,2.0256565718214037,112.26249770635721,120.36512399364281,116.62275340641841,1.0082643511712064,-0.005560946791524481
2013-10-02,-0.454333,0.211496,-1.198501,0.267047,0.267048,1.088826,1.080861,0.413092,-0.124175,-0.887452,-1.263304,0.0,116.593552,116.4487718,1.9442560378846305,112.56025972423075,120.33728387576926,116.61997232009284,0.8801795230276923,0.0026669250701150016
2013-10-03,0.587084,0.587084,-0.66536,0.070497,0.0705,0.355377,0.909825,0.497655,-0.067587,-0.802037,-1.176347,0.0,116.675751,116.59689305000002,1.834645484392434,112.92760208121516,120.26618401878488,116.6252845753221,0.7763548112567946,0.0007047562825033908
2013-10-04,-0.421837,0.210924,-0.773376,0.203519,0.203512,-0.199979,0.683629,0.416144,-0.130216,-0.839838,-1.263374,0.0,116.9132,116.76095975000001,1.6971006863570517,113.3667583772859,120.15516112271412,116.6527050919581,0.70510511615133,0.0020330506282141394
2013-10-07,0.095742,0.79783,-0.063822,-2.085774,-2.085774,1.496734,2.567582,2.488336,1.984612,1.452462,0.825982,-1.0,114.474655,116.74653255000001,1.716097815987023,113.31433691802597,120.17872818197405,116.44527174986685,0.44671951324932024,-0.021078334346317038
2013-10-08,1.463452,1.52005,-0.145537,-1.324394,-1.324389,2.270372,3.48318,3.758459,3.250297,2.830341,2.168979,-1.0,112.958565,116.63005385,1.8904926012017276,112.84906864759654,120.41103905240345,116.11320444035572,0.11824817749132421,-0.01333237472781292
2013-10-09,-0.327893,0.031235,-1.647274,3.56565,3.565638,-1.183535,-0.217025,0.099853,-0.23887,-0.604263,-1.214055,1.0,116.986259,116.70681429999999,1.871170080396622,112.96447413920674,120.44915446079324,116.19635249365517,0.1808488098462675,0.035035413403830505
2013-10-10,-0.717559,0.0,-0.969469,2.271843,2.271851,-2.882446,-2.508398,-2.023253,-2.217313,-2.613946,-3.199616,1.0,119.644012,116.99112975,1.8634586379630287,113.26421247407394,120.71804702592605,116.52470101806897,0.4398484185591798,0.02246428367846341
2013-10-11,-0.691218,0.0,-1.329282,0.496179,0.496188,-2.808969,-2.884168,-2.336449,-2.472451,-2.87502,-3.452773,0.0,120.237671,117.26485335,1.9201829174079068,113.42448751518418,121.10521918481581,116.8783172068243,0.6851132354304497,0.004949608528344732
2013-10-14,-0.573614,0.328867,-0.6501,-0.683626,-0.683638,-1.312426,-2.007645,-1.555025,-1.642326,-2.050624,-2.506491,-1.0,119.41568,117.45448575,1.9367120167443357,113.58106171651133,121.32790978348868,117.11997080617438,0.8038927901252464,-0.0068598600435448385
2013-10-15,0.578659,0.609515,-0.084871,-0.871892,-0.871886,0.470637,-0.969065,-0.677421,-0.623915,-1.084814,-1.483576,-1.0,118.374512,117.63595624999998,1.8369493077949113,113.96205763441016,121.3098548655898,117.23945091987206,0.8047363866510864,-0.008757086613771718
2013-10-16,-0.568186,0.15356,-1.105653,0.486077,0.486078,0.314797,-1.250009,-1.137908,-1.085761,-1.445636,-1.818455,0.0,118.949905,117.65839390000001,1.8507623052167603,113.95686928956648,121.35991851043353,117.40235130845566,0.8421268353633309,0.004849009088086209
2013-10-17,-0.499623,0.007683,-0.691782,-0.107493,-0.107491,0.28439,-0.963116,-1.127861,-0.938017,-1.175832,-1.569489,0.0,118.822044,117.70747339999998,1.8687719134659808,113.96992957306801,121.44501722693195,117.5375601362218,0.8516247215582524,-0.001075492822953423
2013-10-18,-0.401485,0.293383,-0.633112,-0.445812,-0.445813,0.404567,-0.403034,-0.723191,-0.446616,-0.613953,-0.997382,0.0,118.29232,117.7640072,1.8684929929224416,114.02702121415511,121.50099318584488,117.6094420280102,0.8071037751689971,-0.004468096089519793
2013-10-21,-0.007737,1.252122,-0.162318,-0.108091,-0.108095,0.30144,0.017002,-0.546198,-0.309093,-0.420375,-0.794302,0.0,118.164452,117.7992138,1.8691032926898523,114.0610072146203,121.5374203853797,117.66230012058065,0.7528246316997098,-0.0010815339428223798
2013-10-22,1.392389,1.392389,-0.87216,1.027981,1.027986,-0.55084,-0.462865,-1.385264,-1.272674,-1.278352,-1.689515,1.0,119.379166,117.85985835,1.901043412347713,114.05777152530457,121.66194517469542,117.82581115671582,0.7986193012699232,0.010227381382822424
2013-10-23,0.007733,0.294008,-0.541584,-1.116982,-1.116988,0.41935,0.751262,-0.189295,-0.180656,-0.178619,-0.505727,-1.0,118.045715,117.8324585,1.893845177022727,114.04476814595455,121.62014885404545,117.84675437988574,0.7190250816879598,-0.011232731927288346
2013-10-24,-0.169466,0.138648,-0.577723,0.441011,0.441009,-0.064702,0.217996,-0.521235,-0.702127,-0.592419,-0.813015,0.0,118.566307,117.7338207,1.7942096768547913,114.14540134629041,121.32224005370958,117.915283200849,0.6899996266686088,0.004400392132550814
2013-10-25,0.093244,0.551707,-0.147643,-0.87044,-0.870435,0.683815,0.867979,0.387494,0.108787,0.293138,0.136514,-1.0,117.534264,117.66212575,1.7707862893983726,114.12055317120326,121.20369832879675,117.878995657911,0.5770674254235928,-0.008742457241185999
2013-10-28,0.490773,0.490773,-0.116845,-0.248665,-0.248665,0.777446,0.934026,0.795103,0.371586,0.535706,0.432168,0.0,117.241997,117.67765235000002,1.7653957227554073,114.1468609044892,121.20844379551083,117.81832911906234,0.45869676717838104,-0.0024897504520422363
2013-10-29,-0.34897,0.038777,-0.449788,0.451821,0.451814,0.051189,0.42886,0.614201,-0.016664,0.070113,0.066106,0.0,117.771713,117.75208699999999,1.7346144235950818,114.28285815280982,121.22131584719016,117.81388948867546,0.40298545639161887,0.004507965914524861
2013-10-30,-0.122891,0.215053,-0.437782,0.969368,0.96938,-0.763445,-0.538403,-0.243729,-0.879035,-0.87988,-0.883047,1.0,118.913368,117.8680778,1.7306243119537246,114.40682917609254,121.32932642390745,117.91860172784922,0.4458167604032468,0.00964711294301315
2013-10-31,0.710862,0.757221,-0.131354,-0.599078,-0.599087,-0.227165,0.008506,0.27611,-0.217118,-0.361609,-0.275505,-1.0,118.200974,117.94433895,1.7087855197150728,114.52676791056986,121.36190998943015,117.94549432519692,0.4174643659917905,-0.006008882782075123
2013-11-01,-0.192663,0.300554,-0.616514,0.262708,0.262714,-0.323676,-0.235048,-0.083742,-0.411142,-0.6381,-0.498842,0.0,118.511505,118.0242542,1.6953452054279674,114.63356378914406,121.41494461085594,117.9994001037496,0.4152652265983079,0.0026236992612125093
2013-11-04,0.285424,0.285424,-0.323998,-0.100177,-0.100184,-0.029317,-0.115714,-0.041141,-0.145799,-0.489084,-0.372805,0.0,118.392776,118.22016025,1.475738569303811,115.26868311139239,121.17163738860762,118.03686447482107,0.39933862762507033,-0.0010023373949953807
2013-11-05,0.155531,0.474377,-0.342174,-0.80229,-0.802289,0.723233,0.527261,0.714422,0.852716,0.355243,0.412427,-1.0,117.442924,118.4443782,0.8364247222910364,116.77152875541793,120.11722764458207,117.9802987153143,0.30653798594946124,-0.008055244698568269
2013-11-06,0.8901,0.8901,-0.116094,0.474377,0.474377,0.09288,0.048764,0.185247,0.41951,-0.070894,-0.078428,0.0,118.000046,118.49506755,0.7716165977182927,116.95183435456342,120.03830074543659,117.98217940909389,0.27478040075119736,0.004732551919673881
2013-11-07,1.421538,1.850383,-0.142948,-2.538699,-2.538693,2.144214,2.345135,2.573589,2.833543,2.473949,2.363932,-1.0,115.004387,118.26308630000001,1.0538381641845316,116.15540997163095,120.37076262836908,117.69858013203732,0.007797752510370515,-0.025714738834370077
2013-11-08,-0.832225,0.204125,-0.832225,1.151529,1.151524,0.606106,1.076388,1.293343,1.494857,1.287272,1.122973,1.0,116.32869,118.06763725,1.0305803253917503,116.0064765992165,120.12879790078351,117.56811440517663,-0.09582314571261463,0.011449443235889187
2013-11-11,0.157895,0.299996,-0.189467,-0.549584,-0.549588,0.694722,1.500754,1.710487,1.894694,1.889009,1.646015,-1.0,115.689362,117.88132135000001,1.1079740152683155,115.66537331946337,120.09726938053664,117.38918560468362,-0.22691613268830224,-0.005511033409686028
2013-11-12,-0.706992,0.031416,-0.71485,0.497359,0.497367,-0.00629,0.868807,1.028534,1.299681,1.498502,1.14244,0.0,116.264763,117.7758339,1.1578563175846628,115.46012126483068,120.09154653516931,117.2820977375709,-0.2811374400602915,0.004961344664924466
2013-11-13,-1.049666,0.062662,-1.315996,0.282797,0.282793,-0.529533,0.385395,0.660605,0.91297,1.198807,0.857222,0.0,116.593552,117.65801624999999,1.1519713392228277,115.35407357155434,119.96195892844564,117.21652195304033,-0.29418649352767545,0.0028239422628998233
2013-11-14,-0.376532,0.36084,-0.541263,-0.141,-0.141002,-0.144336,0.37496,0.680367,0.952698,1.231252,0.992573,0.0,116.429153,117.53837170000001,1.1489713770188363,115.24042894596234,119.83631445403769,117.14153443370316,-0.3141720084262971,-0.001411012950656105
2013-11-15,-0.234414,0.26567,-0.320365,0.392218,0.39222,-0.439132,-0.156276,0.250036,0.498123,0.721049,0.597227,0.0,116.885811,117.46804625000001,1.1434263681612107,115.1811935136776,119.75489898632243,117.11717982096951,-0.28982130917677296,0.003914524600601208
2013-11-18,-0.031336,0.744226,-0.305523,-0.257854,-0.257858,-0.028197,-0.053268,0.471604,0.690171,0.884297,0.917617,0.0,116.584412,117.38904424999998,1.1473552087938366,115.0943338324123,119.68375466758766,117.06644002849623,-0.29148354413311495,-0.0025819067079334876
2013-11-19,0.05545,0.419834,-0.356462,-1.104586,-1.104585,0.920474,0.876906,1.450681,1.637758,1.904316,2.112384,-1.0,115.296638,117.18491785,1.1377790720581817,114.90935970588365,119.46047599411636,116.89788745435374,-0.39219252543357186,-0.011107309024268642
2013-11-20,0.134866,0.547398,-0.190405,-0.150503,-0.150507,0.81714,0.779061,1.384111,1.664027,1.924957,2.212356,0.0,115.123108,117.03878749999998,1.2069816564198206,114.62482418716034,119.45275081283962,116.72886083965338,-0.4804689919745613,-0.0015062080036035447
2013-11-21,-0.398057,0.151263,-0.398057,-0.349069,-0.349066,0.872543,1.107399,1.537036,1.852562,2.139006,2.427359,0.0,114.721252,116.84653475,1.25609508173826,114.33434458652349,119.35872491347652,116.53765999778163,-0.5762129245411529,-0.0034967698095446
2013-11-22,-0.467102,0.35627,-0.688778,0.557278,0.557288,0.049079,0.463142,0.792226,1.193883,1.471297,1.718784,1.0,115.36058,116.73785054999999,1.2871136032166839,114.16362334356663,119.31207775643335,116.42555714085005,-0.5936589238506969,0.005557410942901399
2013-11-25,0.716562,0.716562,-0.111464,-0.562109,-0.562116,0.288217,0.945862,1.148091,1.655655,1.924525,2.157116,-1.0,114.71212,116.61135669999999,1.3573576083219998,113.89664148335599,119.32607191664398,116.26237265124527,-0.6522911008157308,-0.005637015753005812
2013-11-26,0.224125,0.336187,-0.136075,-0.533438,-0.533442,0.616348,1.297531,1.495242,2.039947,2.286085,2.580118,-1.0,114.100197,116.42778090000002,1.4380445178228136,113.55169186435438,119.30386993564565,116.05645116065048,-0.7396088451522473,-0.005348702088052861
2013-11-27,-0.167717,0.37537,-0.239593,0.224125,0.224128,0.257169,0.875331,1.055829,1.612493,1.928283,2.216813,0.0,114.355927,116.19990885000001,1.3835003394783962,113.43290817104322,118.9669095289568,115.89449647868378,-0.7791914785195786,0.002238767797807954
2013-11-29,0.0,0.351855,-0.127952,-0.127782,-0.127782,0.29588,0.810074,1.138744,1.567772,1.906116,2.212981,0.0,114.209801,116.0003502,1.3674252605707182,113.26549967885856,118.73520072114144,115.7340492902377,-0.8129806131689747,-0.001278634563345562
2013-12-02,0.580179,1.168417,-0.048346,-0.7597,-0.759695,0.707491,1.269134,1.737306,2.117242,2.538273,2.849851,-1.0,113.342155,115.74188269999999,1.3562948628002114,113.02929297439957,118.45447242560041,115.5062498340246,-0.8994027715048958,-0.007625952508501446
2013-12-03,-0.048538,0.380229,-0.873717,-0.39484,-0.394837,0.784719,1.343734,1.975561,2.27853,2.790705,3.101953,0.0,112.894638,115.4669758,1.3478886093803462,112.7711985812393,118.1627530187607,115.25752489745084,-0.9925621973064835,-0.003956187477335166
2013-12-04,-0.527985,0.389891,-0.812282,-0.404498,-0.404505,0.898385,1.501096,2.162835,2.471367,3.018439,3.314922,0.0,112.437973,115.21672824999999,1.4241762219161103,112.36837580616776,118.06508069383221,114.98899614531267,-1.0906682181219196,-0.004053258187369356
2013-12-05,0.575662,0.674342,-0.279602,-1.226548,-1.226547,1.557569,2.395561,3.099234,3.431335,4.014805,4.38816,-1.0,111.058868,114.86966935000001,1.5503688333669359,111.76893168326613,117.97040701673389,114.61469822671147,-1.2651167162750738,-0.012341315410570089
2013-12-06,-0.374775,0.325893,-0.374775,0.9375,0.937506,0.237899,1.210686,1.884195,2.341123,2.831021,3.226328,1.0,112.100052,114.72445259999999,1.6685969555386504,111.38725868892269,118.0616465110773,114.37520810988181,-1.3043181924203964,0.009331390876671288
2013-12-09,0.179696,0.408397,-0.130689,-0.252565,-0.252573,0.218905,1.150048,1.839965,2.398516,2.851918,3.317272,0.0,111.816917,114.49886395000001,1.7435970238524758,111.01166990229507,117.98605799770496,114.13156133751211,-1.3427538424781886,-0.002528929827545242
2013-12-10,-0.262942,0.19721,-0.328672,-0.596262,-0.596265,0.50617,1.436327,2.124905,2.808554,3.208225,3.754322,-1.0,111.150192,114.27190544999999,1.871230893196067,110.52944366360785,118.01436723639213,113.84762140060619,-1.410751245315737,-0.005980496317879355
2013-12-11,0.822674,1.229852,-0.116336,-1.117503,-1.117493,1.18165,2.201263,2.95219,3.681236,4.100382,4.688382,-1.0,109.908096,113.9540721,2.0465579188796292,109.86095626224075,118.04718793775926,113.47242850531035,-1.547033207706221,-0.011237842137854831
2013-12-12,0.257608,0.540138,-0.066473,0.0,0.0,0.972244,1.796576,2.635864,3.377097,3.805883,4.415267,0.0,109.908096,113.6197993,2.1367448109353147,109.34630967812937,117.89328892187062,113.13296826670936,-1.6361768168987112,0.0
2013-12-13,0.654252,0.654252,-0.251638,-0.930692,-0.930703,1.330317,2.263888,3.242751,4.001851,4.556289,5.111006,-1.0,108.885178,113.24260054999999,2.2760362828576044,108.69052798428478,117.7946731157152,112.72841681273704,-1.7689730825976824,-0.00935061151043145
2013-12-16,-0.075857,0.412977,-0.202274,-0.478107,-0.478097,1.179935,2.295824,3.308325,4.108296,4.764597,5.30383,0.0,108.364601,112.81654004999999,2.35436692005134,108.1078062098973,117.52527389010267,112.31281530676208,-1.8943840134718357,-0.004792437522898092
2013-12-17,-0.118013,0.404623,-0.438334,-0.016861,-0.016862,0.679424,1.893282,2.934053,3.74568,4.51117,5.012505,0.0,108.346329,112.40463589999999,2.3809601724670393,107.6427155550659,117.16655624493407,111.93505470611807,-1.9725096144305354,-0.00016863016593850335
2013-12-18,-0.850958,0.041305,-1.52842,2.03153,2.03153,-1.20952,-0.306513,0.6703,1.465215,2.223395,2.713701,1.0,110.547417,112.16717485,2.3132147419529763,107.54074536609404,116.79360433390595,111.80289873410683,-1.8356550212849925,0.020111695570271416
2013-12-19,0.185326,0.42962,-0.286409,-1.924985,-1.924986,0.45489,1.406789,2.28119,3.147586,3.928228,4.435178,-1.0,108.419395,111.8319892,2.347782952207679,107.13642329558463,116.52755510441536,111.48066028323952,-1.8772703568970712,-0.019437548371914422
2013-12-20,-0.235789,0.058947,-0.454738,0.033696,0.033693,0.341898,1.036633,1.893055,2.824002,3.59916,4.198739,0.0,108.455925,111.51872284999999,2.359938278152248,106.79884629369549,116.23859940630449,111.19259025626432,-1.8855674961156836,0.0003368755868161616
2013-12-23,-0.268299,0.150918,-0.410831,0.437892,0.437894,0.008387,0.331183,1.178841,2.080576,2.855373,3.518071,0.0,108.930847,111.19723620000002,2.2441388758569762,106.70895844828607,115.68551395171397,110.9771861366201,-1.8326946394223995,0.004369380447677946
2013-12-24,-0.303517,0.008433,-0.303517,-0.553363,-0.553356,0.561497,0.628945,1.460802,2.353925,3.122831,3.86757,-1.0,108.328072,110.8780338,2.170701053677126,106.53663169264574,115.21943590735425,110.72488955218009,-1.818469242988371,-0.005548923371445565
2013-12-26,-1.051851,0.221873,-1.051851,2.596746,2.596744,-1.876905,-1.807056,-1.184984,-0.369798,0.363212,1.084991,1.0,111.141075,110.7300777,2.036198122135625,106.65768145572875,114.80247394427124,110.76452626149627,-1.5622015934404914,0.025636013961743045
2013-12-27,0.484086,0.492292,-0.352806,0.15613,0.156129,-1.50968,-1.833771,-1.323707,-0.661716,0.069905,0.769336,0.0,111.314598,110.57801124999999,1.8568273704539877,106.86435650909202,114.29166599090796,110.81691404611568,-1.3297769381714346,0.0015600684204044525
2013-12-30,1.244234,1.244234,-0.032961,-0.426646,-0.426641,-0.657552,-1.236822,-0.976716,-0.388109,0.358595,1.033006,0.0,110.839684,110.40950539999999,1.6514593418816919,107.1065867162366,113.71242408376337,110.81908261315229,-1.1704085736367489,-0.004275539676174992
2013-12-31,-0.344487,0.0,-0.574145,0.461435,0.461427,-0.679128,-1.422241,-1.459425,-0.935037,-0.246389,0.403272,0.0,111.351128,110.30995405000002,1.5201636203243025,107.26962680935141,113.35028129064862,110.86975360237588,-0.9914103783615928,0.004603654837712924
2014-01-02,0.804113,0.804113,-0.439359,-1.058072,-1.05806,0.717893,-0.202278,-0.464789,0.000821,0.65555,1.282978,-1.0,110.172966,110.17387044999998,1.3931193869433083,107.38763167611336,112.9601092238866,110.80339287834009,-0.933855936156121,-0.01063697485292044
2014-01-03,0.406604,0.647248,-0.531075,-0.099474,-0.099484,0.622356,-0.146876,-0.356265,-0.00747,0.609076,1.225345,0.0,110.063362,110.05513990000001,1.287162603513878,107.48081469297226,112.62946510702777,110.7329137470696,-0.8868645305973644,-0.000995330879731863
2014-01-06,0.590829,0.674049,-0.141465,-0.282138,-0.282138,0.622456,0.257139,-0.083767,0.215946,0.725974,1.348647,0.0,109.752831,109.98983805,1.2665244139153582,107.45678922216929,112.52288687783071,110.63957253306296,-0.8647128877168768,-0.00282537152823485
2014-01-07,-0.058111,0.107917,-0.390172,0.241326,0.241326,0.230784,0.157732,-0.255684,-0.119956,0.331065,0.962146,0.0,110.017693,109.8857201,1.1654806951154781,107.55475870976905,112.21668149023095,110.5803459108665,-0.8163747414405265,0.0024103517015121277
2014-01-08,0.275346,0.275346,-0.166872,-0.506393,-0.506386,0.395491,0.715892,0.318728,0.280762,0.69987,1.296337,-1.0,109.460579,109.7679032,1.075618960434508,107.61666527913098,111.91914112086903,110.47370144316493,-0.8136417010081658,-0.005076723007428133
2014-01-09,0.0,0.141276,-0.61498,0.400504,0.400496,-0.054849,0.457078,0.012744,-0.176182,0.189146,0.74628,0.0,109.898964,109.70534180000001,1.026243606151508,107.65285458769699,111.75782901230303,110.41896454381589,-0.7672572767263119,0.003996959308261037
2014-01-10,-0.264879,0.066221,-0.670473,0.3989,0.398898,-0.402281,-0.014894,-0.397313,-0.553344,-0.285072,0.232325,0.0,110.337349,109.72680445,1.0351570888289543,107.6564902723421,111.79711862765791,110.41119163488104,-0.6872016477108644,0.003981047203484656
2014-01-13,0.921271,0.921271,-0.167508,-1.167119,-1.16711,0.644885,0.958118,0.817414,0.581651,0.818753,1.253761,-1.0,109.049591,109.6838792,1.0449969443801266,107.59388531123976,111.77387308876025,110.28151538393999,-0.7193757771408116,-0.011739739749562848
2014-01-14,-0.17579,0.24276,-0.66131,0.050249,0.05024,0.426925,0.748372,0.806411,0.541189,0.658299,1.046937,0.0,109.104378,109.6948392,1.037300374287232,107.62023845142554,111.76943994857447,110.16940706165998,-0.7320149409148087,0.0005022782890722606
2014-01-15,-0.016744,0.477107,-0.301331,0.008373,0.008364,0.354909,0.534873,0.809141,0.567099,0.550776,0.909304,0.0,109.113503,109.73228430000002,0.9995847733155868,107.73311475336884,111.7314538466312,110.06884477007331,-0.7328474488184895,8.363201002126012e-05
2014-01-16,-0.191942,0.0,-0.776099,0.301332,0.301341,-0.030045,0.166068,0.574147,0.31503,0.186264,0.500987,0.0,109.442307,109.78708319999998,0.9483331918891874,107.8904168162216,111.68374958377836,110.00917450625681,-0.6989187818049203,0.0030088813293523914
2014-01-17,0.159405,0.662808,-0.201363,-0.53409,-0.534089,0.234917,0.593169,0.974354,0.776071,0.685627,0.931005,-1.0,108.857788,109.70260175000001,0.9522859142575854,107.79802992148484,111.60717357851519,109.89951864851807,-0.7109999027281333,-0.005355200572961307
2014-01-21,0.033207,0.066414,-0.689027,1.065523,1.065523,-0.645859,-0.4433,-0.168796,-0.213762,-0.371906,-0.164646,1.0,110.017693,109.78251665,0.9048133246004335,107.97289000079914,111.59214329920087,109.9107733486592,-0.6198345712266331,0.010598865189760878
2014-01-22,-0.328705,0.041085,-0.780675,1.021088,1.021092,-1.283595,-1.348513,-1.159782,-1.101574,-1.297728,-1.202514,1.0,111.141075,109.91677415,0.8967892950173013,108.1231955599654,111.7103527400346,110.02794493450119,-0.45173058134680844,0.010159141977432534
2014-01-23,0.871315,0.904827,-0.251343,-1.914702,-1.91471,0.625004,0.536196,0.626679,0.832779,0.652819,0.640363,-1.0,109.013046,109.9208841,0.892209679854938,108.13646474029012,111.70530345970987,109.93128789312013,-0.48463454846263687,-0.01933277714965864
2014-01-24,0.941636,0.984055,-0.144213,-1.23995,-1.239943,1.557517,1.5906,1.734532,2.067782,1.891077,1.795895,-1.0,107.661346,109.8875478,0.9643912725598273,107.95876525488033,111.81633034511965,109.71510295091821,-0.6127190292689164,-0.012476947763709221
2014-01-27,0.726308,1.051015,-0.751941,-0.721071,-0.721063,1.925995,2.00546,2.275191,2.610006,2.494053,2.440961,-1.0,106.88504,109.67474605,1.1287858161727298,107.41717441765454,111.93231768234546,109.44557314606885,-0.7680151093391459,-0.007236751011619096
2014-01-28,-0.254607,0.373415,-0.458288,0.683588,0.683573,0.78758,1.179669,1.448418,1.741496,1.768315,1.67445,1.0,107.615677,109.48980000000002,1.1488103930313365,107.19217921393735,111.78742078606268,109.27129732263371,-0.8226490853561188,0.006812469775761618
2014-01-29,0.904441,0.955634,-0.238907,-0.534673,-0.534675,0.563148,1.530725,1.808314,2.110931,2.262468,2.163548,-1.0,107.040283,109.29982995,1.225426142537939,106.84897766492412,111.75068223507589,109.05881976809717,-0.9019789402371572,-0.005361093893052226
2014-01-30,0.238988,0.571866,-0.392631,-0.034124,-0.03412,0.221918,1.368214,1.689996,1.942643,2.225334,2.156026,0.0,107.003761,109.08246159999999,1.2279817486874274,106.62649810262513,111.53842509737484,108.86309988542125,-0.9567664340586219,-0.0003412568709872115
2014-01-31,0.139418,0.644822,-1.002092,-2.048482,-2.04847,1.774128,3.046347,3.493076,3.818828,4.228989,4.180017,-1.0,104.811821,108.81440435000002,1.5263117193775815,105.76178091124486,111.86702778875518,108.47726380109542,-1.1636434000548377,-0.02069742204938574
2014-02-03,1.082041,1.241687,-0.594233,-1.751483,-1.751491,2.829267,4.312195,4.861493,5.325498,5.769933,5.792165,-1.0,102.976051,108.46003879999998,1.9772109223388548,104.50561695532227,112.41446064467769,107.95333877241966,-1.4589087905070954,-0.01767011469667325
2014-02-04,-0.568939,0.15113,-1.546802,-0.2306,-0.230602,2.117524,3.84479,4.694346,5.227579,5.680508,5.852376,0.0,102.738586,108.10932655000002,2.326977104145746,103.45537234170853,112.76328075829151,107.45669565123683,-1.6925594093456624,-0.002308684583047131
2014-02-05,-0.752207,0.164269,-1.340137,2.818034,2.818037,-0.947608,0.477256,1.605851,2.135997,2.586888,2.86212,1.0,105.633797,107.89013175,2.344165020907167,103.20180170818566,112.57846179181433,107.28308625588093,-1.625373581833486,0.027790605368638265
2014-02-06,-1.190063,0.189721,-1.310794,0.259377,0.259374,-1.410828,-0.075886,1.1412,1.704037,2.115904,2.500865,0.0,105.907784,107.71249200000003,2.3534897233564727,103.00551255328708,112.41947144671298,107.15210508865417,-1.5323558243030675,0.0025903857947118586
2014-02-07,-1.260858,0.238547,-1.422728,1.224558,1.224553,-2.15709,-1.327305,-0.221494,0.348023,0.769816,1.225942,1.0,107.204681,107.57777785,2.2982100339369254,102.98135778212615,112.17419791787385,107.15711231830615,-1.3385597484680716,0.012171160517013589
2014-02-10,0.393027,0.401573,-0.375942,-0.289654,-0.289648,-1.139784,-1.039818,-0.054114,0.478467,0.943949,1.387559,0.0,106.894165,107.40561865,2.2077964202911664,102.99002580941766,111.82121149058233,107.13206971656271,-1.1962414810934376,-0.0029006809099954393
2014-02-11,-0.101775,0.169618,-0.68697,0.743338,0.743346,-0.949887,-1.76322,-0.935753,-0.326108,0.122454,0.527227,1.0,107.688759,107.33757705000001,2.1751934677315945,102.98719011453682,111.6879639854632,107.18508774355674,-1.0077197675538372,0.007405972637874215
2014-02-12,-0.008502,0.72304,-0.263693,-0.296842,-0.296848,-0.331745,-1.440115,-0.875014,-0.110157,0.321878,0.718782,0.0,107.369087,107.25081250000001,2.135251881560877,102.98030873687826,111.52131626312176,107.20261148226562,-0.8740344846660832,-0.002972895352455568
2014-02-13,-1.007317,0.206627,-1.110634,-1.199384,-1.199389,0.910893,-0.330604,0.144068,0.959537,1.412313,1.775866,-1.0,106.081314,107.09920305,2.1034447147552275,102.89231362048955,111.30609247951045,107.09582124585938,-0.8620631264529806,-0.012066396864903104
2014-02-14,-0.06078,0.520968,-0.147606,-0.84374,-0.843732,1.385777,0.553093,0.839336,1.616303,2.096028,2.483861,-1.0,105.186272,106.88640130000002,2.0689253640488676,102.74855057190229,111.02425202809775,106.91395941292039,-0.9142591378079175,-0.008473115746753683
2014-02-18,0.206397,0.713796,-0.455795,0.963794,0.963779,0.287249,-0.103189,-0.166256,0.521166,0.96561,1.384312,1.0,106.200035,106.75351365000002,2.020423896435684,102.71266585712866,110.79436144287138,106.84596661168989,-0.8638645582392002,0.009591640882729194
2014-02-19,0.598857,1.041483,-0.104151,-0.911591,-0.911583,0.742925,1.052769,0.601169,1.218539,1.749349,2.173812,-1.0,105.231934,106.5142257,1.8928578372189526,102.72851002556209,110.2999413744379,106.69224922010038,-0.8917644453778024,-0.009157629001487618
2014-02-20,0.069368,0.38151,-0.407527,0.09547,0.095468,0.260123,0.927773,0.397123,0.846268,1.509062,1.928092,0.0,105.332397,106.2237918,1.5623405631894063,103.09911067362118,109.34847292637882,106.56273948485273,-0.895446631080361,0.0009542262656349686
2014-02-21,0.04298,0.627475,-0.060168,0.875743,0.87575,-0.577619,0.084235,-0.52146,-0.159017,0.520199,0.942639,1.0,106.254845,106.08588175,1.418262360547058,103.24935702890588,108.92240647109412,106.53341620058104,-0.8145414189546614,0.008719371126091216
2014-02-24,-0.103293,0.318501,-0.266848,-0.146122,-0.146126,-0.259964,0.126541,-0.294968,-0.086509,0.541278,0.970993,0.0,106.099579,106.0077934,1.3690957166773494,103.2696019666453,108.7459848333547,106.49209837195428,-0.7542575129421749,-0.001462329107572355
2014-02-25,-0.188891,0.386363,-0.455052,0.258245,0.258236,-0.484239,-0.180296,-0.338849,-0.367898,0.188898,0.586712,0.0,106.373566,105.9822197,1.3565666077139569,103.26908648457209,108.69535291542792,106.48080957462531,-0.6765744924145309,0.002579028534322608
2014-02-26,0.363383,0.380684,-0.181691,-0.764144,-0.764141,0.344351,0.386747,0.606798,0.301959,0.79149,1.251085,-1.0,105.560722,105.87947195,1.3031040233895683,103.27326390322087,108.48567999677913,106.39318218656577,-0.6728437328283405,-0.007670754867883428
2014-02-27,-0.663676,0.0,-0.991203,0.380684,0.380687,0.082746,-0.126699,0.245939,-0.129283,0.213761,0.768263,0.0,105.962578,105.8255867,1.274545816692133,103.27649506661574,108.37467833338427,106.35217226403569,-0.6301961493026482,0.0037996427199809405
2014-02-28,-0.112754,0.537723,-0.381615,-0.620578,-0.620576,0.527315,0.42324,0.833764,0.413702,0.698697,1.276957,-1.0,105.305,105.74064865,1.2482303288293997,103.2441879923412,108.2371093076588,106.25244157222276,-0.6420574425597039,-0.006225092650279125
2014-03-03,0.211266,0.334511,-0.396123,-1.474419,-1.474417,1.579223,1.78785,2.120893,1.865317,2.05493,2.609743,-1.0,103.752365,105.68767585,1.3106432498874991,103.06638935022501,108.308962349775,106.01433904153488,-0.76789050773192,-0.014853947361722148
2014-03-04,-0.32983,0.060759,-0.477385,1.417254,1.417263,-0.059031,0.272536,0.587903,0.548555,0.565567,1.060664,1.0,105.222809,105.80001374999999,1.1527706812307856,103.49447238753842,108.10555511246156,105.93895522805538,-0.74042640200949,0.014073138360135802
2014-03-05,-0.070636,0.4238,-0.379657,-1.692559,-1.692568,1.251986,1.825885,2.046028,2.313702,2.135616,2.588733,-1.0,103.441841,105.83517649999999,1.0615935166487278,103.71198946670253,107.95836353329744,105.70113482538343,-0.8525425539134801,-0.017070560329482367
2014-03-06,0.130834,0.261662,-0.095945,1.227265,1.227267,-0.214567,0.53205,0.639623,1.029215,0.80837,1.140278,1.0,104.711349,105.7890541,1.090449548250691,103.60815500349862,107.96995319650138,105.60686950868025,-0.829395965759474,0.012197975355227745
2014-03-07,0.737104,0.886278,-0.140397,-0.601834,-0.601834,0.154441,0.931904,1.120858,1.553174,1.306422,1.59471,-1.0,104.081161,105.69772295,1.1545903488841038,103.38854225223179,108.00690364776821,105.46156393642498,-0.8520807760005198,-0.006036518394709979
2014-03-10,0.238226,0.405865,-0.299979,-0.544053,-0.544057,0.656439,1.234343,1.566382,1.930479,1.810486,2.016945,-1.0,103.5149,105.5132339,1.1952002227369671,103.12283345452607,107.90363434547393,105.27616737105117,-0.9053152709073089,-0.0054554253262557575
2014-03-11,0.666904,0.86253,-0.044456,-0.776422,-0.776421,0.955007,1.669928,2.134685,2.524453,2.596835,2.679768,-1.0,102.711189,105.3040851,1.3020467366504584,102.69999162669907,107.90817857330092,105.03188371666536,-1.0008199233737969,-0.007794504303193433
2014-03-12,-0.017973,0.305477,-0.655888,-1.031474,-1.031483,1.654991,2.345019,2.964365,3.296051,3.623365,3.554363,-1.0,101.651741,105.0022342,1.4149922239486605,102.17224975210269,107.83221864789732,104.70996536269723,-1.1487545209087955,-0.010368392067828648
2014-03-13,1.161418,1.424553,-0.480899,-0.979339,-0.979323,1.854634,2.830046,3.67298,3.984204,4.450405,4.36711,-1.0,100.656242,104.66659195,1.6071288309928613,101.45233428801427,107.88084961198572,104.32389647101178,-1.3309795016452455,-0.009841500272571179
2014-03-14,0.285029,0.616033,-0.248257,-1.315667,-1.315684,2.256349,3.599677,4.590542,5.030808,5.578161,5.501111,-1.0,99.331924,104.32912245,1.963535062586948,100.4020523248261,108.2561925751739,103.84847052139162,-1.5642241047675896,-0.013244157235864173
2014-03-17,-0.542151,0.126502,-0.668653,1.756157,1.756172,0.009032,1.546938,2.454138,3.014814,3.513504,3.557117,1.0,101.076363,104.12362700000001,2.0806767622103908,99.96227347557924,108.28498052442079,103.58446028125908,-1.5899821601510098,0.017409290654594557
2014-03-18,-0.345994,0.400615,-0.446149,-0.75901,-0.759004,0.294991,1.833731,2.834671,3.509046,4.042598,4.26051,-1.0,100.309189,103.8290847,2.185580300284465,99.45792409943107,108.20024530056892,103.27252968304394,-1.653242583483859,-0.007618994545762499
2014-03-19,0.487669,0.975339,-0.478465,-1.047075,-1.047079,0.874124,2.489873,3.499565,4.303453,4.80382,5.246895,-1.0,99.258873,103.53043165000001,2.3829817640672095,98.76446812186559,108.29639517813443,102.89027666561118,-1.7677511136337216,-0.010525989850923059
2014-03-20,-0.985037,0.111516,-1.208069,-0.984541,-0.984554,1.39393,2.85476,4.007689,4.981885,5.476076,6.044053,-1.0,98.281616,103.17789259999999,2.6128301920698944,97.9522322158602,108.40355298413978,102.45135660221963,-1.9152782855330912,-0.009894325740851688
2014-03-21,0.26078,0.987238,-0.027947,-0.223026,-0.223024,1.361652,2.470898,3.747791,4.798828,5.384746,6.014407,0.0,98.062424,102.76827155000001,2.7439440061889764,97.28038353762206,108.25615956237796,102.03336302105585,-2.0265211206618403,-0.002232734857222328
2014-03-24,0.33352,0.46322,-0.69483,0.530874,0.530885,0.320544,1.429491,2.850342,3.864175,4.560302,5.163045,0.0,98.583023,102.39244375,2.778196223477081,96.83605130304583,107.94883619695416,101.70475920952671,-2.0490536653278184,0.00529481077942033
2014-03-25,0.424119,0.783698,-0.147516,0.481746,0.481733,-0.413048,0.574414,1.942353,2.996965,3.770614,4.395177,0.0,99.05793,102.02666194999999,2.707133188856654,96.61239557228669,107.4409283277133,101.45268023719083,-2.0054720104042616,0.004805764258912412
2014-03-26,0.370943,1.311865,-0.253324,1.908538,3.780142,-3.351057,-2.977026,-1.812312,-0.888803,-0.10371,0.434196,1.0,102.80246,101.88874885,2.5851266247753033,96.71849560044939,107.05900209955061,101.5812306907917,-1.6497635114139797,0.03710445218048722
2014-03-27,0.28679,0.37641,-0.241982,0.949971,0.94997,-3.201104,-3.589132,-2.796178,-1.926671,-1.103636,-0.626231,1.0,103.779053,101.77957260000001,2.4464097262073623,96.88675314758528,106.67239205241474,101.79054710119249,-1.2743689380009044,0.00945486612985438
2014-03-28,0.522907,0.788796,-0.230437,1.120272,1.120269,-2.96244,-4.122671,-3.818394,-3.030496,-2.249322,-1.763351,1.0,104.941658,101.7614055,2.42005910405132,96.92128729189736,106.60152370810263,102.09065290107891,-0.8729902387399449,0.01114040881254201
2014-03-31,0.177144,0.522583,-0.310008,0.06204,0.062051,-1.799122,-3.807826,-3.783322,-3.030899,-2.351567,-1.829968,0.0,105.006775,101.824126,2.489629665056069,96.84486666988786,106.80338533011215,102.36837881526188,-0.5433766226381778,0.0006203142472421155
2014-04-01,-0.238477,0.105984,-0.362129,0.283436,0.283432,-0.890304,-3.605336,-3.891088,-3.30109,-2.668165,-2.135778,0.0,105.304398,101.82820545000001,2.4955515763545266,96.83710229729095,106.81930860270907,102.64799968999884,-0.25519800463662534,0.0028303127640295182
2014-04-02,-0.070523,0.061707,-0.652332,0.194313,0.194305,-0.56946,-3.199893,-3.833746,-3.390655,-2.858879,-2.316811,0.0,105.50901,101.9315639,2.6062538027034146,96.71905629459317,107.14407150540683,102.9204768623799,-0.010186471961489474,0.0019411674636025606
2014-04-03,0.062023,0.646815,-0.283537,-0.511284,-0.511284,0.168355,-2.065294,-3.065595,-2.881868,-2.3975,-1.826327,-1.0,104.969559,101.9444744,2.6213445144293814,96.70178537114124,107.18716342885877,103.11562754215323,0.13885708750720482,-0.005125958274569567
2014-04-04,0.862843,1.204383,-0.206726,-1.417685,-1.417669,1.326613,-0.133268,-1.404297,-1.514233,-1.06441,-0.503872,-1.0,103.481438,101.91448825,2.5989505807306172,96.71658708853877,107.11238941146124,103.15046663337674,0.1353361829597901,-0.014278140212161665
2014-04-07,0.107732,0.332169,-0.493763,0.116841,0.116842,0.93724,0.234662,-1.35682,-1.624951,-1.185665,-0.700336,0.0,103.602348,101.91886065000001,2.6018567126392957,96.71514722472142,107.1225740752786,103.19350295400753,0.14068058899289326,0.0011677400348435204
2014-04-08,0.0,0.21998,-0.430798,-2.055841,-2.055846,2.300641,2.576533,0.790123,0.378901,0.740608,1.222962,-1.0,101.472443,101.85692335,2.5967417704987765,96.66343980900245,107.05040689099755,103.02959248219729,-0.02664234746541183,-0.02077272957845236
2014-04-09,-0.770446,0.092824,-0.983946,-1.255724,-1.255726,2.541538,3.621086,2.134366,1.582883,1.892234,2.331814,-1.0,100.198227,101.78424765000001,2.622993742269875,96.53826016546026,107.03023513453977,102.75993862674993,-0.2590790601040709,-0.012636770199333234
2014-04-10,1.624916,1.82803,-0.009674,-4.028594,-4.028589,5.014025,7.17864,6.274685,5.613325,5.813723,6.287655,-1.0,96.161652,101.55951815,2.9023850936166484,95.7547479627667,107.3642883372333,102.13153037658327,-0.7602411106317675,-0.04111984354360723
2014-04-11,-0.56249,0.877108,-0.800835,1.450817,1.450813,2.297648,4.888932,4.720334,4.012005,4.033006,4.50293,1.0,97.556778,101.47076085,2.9996064763526347,95.47154789729474,107.46997380270527,101.69583967405153,-1.0329336218926954,0.014403896632269198
2014-04-14,-0.130451,0.354078,-0.549755,2.316714,2.316711,-0.777113,1.994038,2.431607,1.593819,1.529241,2.005294,1.0,99.816887,101.40778705,3.0214633636913972,95.3648603226172,107.45071377738279,101.51689180033233,-1.0545166820328262,0.022902830448025935
2014-04-15,-0.215239,0.102938,-1.113609,-0.428624,-0.428619,-0.769233,1.837915,2.894748,1.984854,1.832586,2.248736,0.0,99.389053,101.36178025000001,3.0459776175068227,95.26982501498637,107.45373548501365,101.31424048601497,-1.0935384108373967,-0.004295400607142445
2014-04-16,-0.4333,0.027656,-0.709877,1.506644,1.506634,-2.105645,-0.131827,1.240902,0.551787,0.290773,0.646657,1.0,100.886482,101.44316069999999,3.0083466980019407,95.4264673039961,107.45985409600388,101.27350158258497,-0.9921959885522256,0.014953967339321386
2014-04-17,0.481396,0.555458,-0.305494,-0.414865,-0.414855,-0.840586,-0.163857,1.442943,1.079477,0.701071,0.925147,0.0,100.467949,101.55247735,2.9260132534018153,95.70045084319638,107.40450385680363,101.19678228900545,-0.934876825923638,-0.0041571829403945805
2014-04-21,0.239325,0.266938,-0.184091,0.57397,0.573959,-0.71612,-0.97477,0.606906,0.6502,0.194185,0.249011,1.0,101.044594,101.70158585,2.8125875316296605,96.07641078674068,107.32676091325932,101.18228816624303,-0.8333146121727708,0.0057231829384556294
2014-04-22,0.027669,0.19369,-0.19369,-0.202505,-0.202498,-0.311751,-1.047775,0.535574,0.966336,0.388111,0.364003,0.0,100.839981,101.81443375,2.7247844872378515,96.3648647755243,107.26400272447572,101.14968748374369,-0.7605690189244143,-0.002027030247956093
2014-04-23,0.120201,0.314374,-0.027738,-0.249028,-0.249029,0.175679,-0.888581,0.474033,1.294497,0.649852,0.544233,0.0,100.58886,101.89098025000001,2.6640994360258183,96.56278137794837,107.21917912205166,101.09627534243477,-0.7149395994970718,-0.0024933979548865948
2014-04-24,0.280264,0.280264,-0.429745,-1.026353,-1.026351,0.947306,0.074737,1.117339,2.181893,1.705542,1.516717,-1.0,99.556465,101.7286805,2.704221186029549,96.3202381279409,107.1371228720591,100.94962673839336,-0.75339889083466,-0.010316545305890245
2014-04-25,0.300498,0.685513,-0.131468,-0.513829,-0.51383,1.181332,0.882713,1.240808,2.470656,2.261661,1.986806,-1.0,99.044914,101.49197355,2.722435092944807,96.04710336411038,106.93684373588961,100.76822552521304,-0.8157525590811048,-0.00515154661955267
2014-04-28,0.308211,0.364247,-0.672459,0.544654,0.544654,0.339964,0.539833,0.431494,1.646587,1.768838,1.44279,0.0,99.584366,101.22410895,2.6270357394663137,95.97003747106737,106.47818042893263,100.65547699900227,-0.8122756147262464,0.005431760376244021
2014-04-29,0.28837,0.455812,-0.111631,0.401606,0.401602,-0.232555,0.154422,-0.211469,0.988841,1.417827,1.000615,0.0,99.984299,100.97298515,2.482489431365653,96.0080062872687,105.9379640127313,100.59155528481159,-0.7683913236821098,0.004007979262410002
2014-04-30,-0.387381,0.073789,-0.691754,0.855812,0.855816,-1.02933,-0.551559,-1.100042,-0.089465,0.62793,0.161116,1.0,100.839981,100.7497643,2.263582670636123,96.22259895872774,105.27692964127225,100.61521487673429,-0.6569929153292264,0.008521750241675743
2014-05-01,0.26428,0.382757,-0.328078,1.208269,1.208265,-1.720588,-1.623987,-2.159239,-1.451288,-0.602569,-0.943213,1.0,102.058395,100.57723354999999,1.9976180699099206,96.58199741018015,104.57246968981983,100.75266060275959,-0.46503244251337605,0.012010235566259611
2014-05-02,0.054578,0.227417,-0.236516,0.182263,0.182261,-1.273535,-1.629215,-1.940625,-1.763844,-0.843441,-0.994233,0.0,102.244408,100.440976,1.7612003457683625,96.91857530846328,103.96337669153674,100.89473178344915,-0.29449790178856006,0.0018209544721680935
2014-05-05,0.31067,0.447732,-0.02741,-0.445736,-0.445731,-0.398396,-1.115683,-1.224418,-1.407166,-0.523394,-0.428932,0.0,101.788673,100.35633775,1.6441813170575568,97.06797511588488,103.64470038411511,100.97986904216827,-0.19388704621452746,-0.004467273205634509
2014-05-06,0.458716,0.522936,-0.25688,-0.402049,-0.402049,0.278898,-0.663304,-0.722937,-1.118808,-0.264954,0.064953,0.0,101.379433,100.245192,1.4801562089766025,97.2848795820468,103.20550441795321,101.01792275243797,-0.14549726425524057,-0.004028590525732577
2014-05-07,-0.027514,0.10089,-0.412728,0.027522,0.02752,0.363204,-0.609923,-0.617566,-1.149223,-0.446114,0.114649,0.0,101.407333,100.2419365,1.477383896546844,97.2871687069063,103.19670429309369,101.05500944268198,-0.10370131241529634,0.0002751658870681496
2014-05-08,0.323623,0.425334,-0.573281,-0.807115,-0.807114,0.887654,0.301431,0.171365,-0.325475,0.168284,0.855909,-1.0,100.58886,100.26146815,1.4793564757614657,97.30275519847707,103.22018110152293,101.01061425766464,-0.1350647084105958,-0.008103890149015157
2014-05-09,0.082664,0.468443,-0.312303,0.665743,0.66575,0.025712,-0.143299,-0.439065,-0.732993,-0.640772,0.105928,1.0,101.25853,100.51631205,1.134811546301159,98.24668895739768,102.78593514260231,101.0342252807442,-0.10467700204324615,0.006635433404136777
2014-05-12,-0.311323,0.100724,-0.558558,0.312295,0.312293,-0.327809,-0.25822,-0.714222,-0.844247,-1.025182,-0.316212,0.0,101.574753,100.7172108,0.9183049878429022,98.8806008243142,102.55382077568581,101.08570411114951,-0.05445030329910594,0.0031180608184634157
2014-05-13,-1.050456,0.143656,-1.158198,1.986996,1.986997,-1.842341,-1.853116,-2.47142,-2.593824,-2.953853,-2.303826,1.0,103.59304,100.90601845,1.0947059454243553,98.71660655915129,103.09543034084872,101.32449800532574,0.1465245666947368,0.019675135931305297
2014-05-14,0.579553,0.914608,-0.018107,-0.852933,-0.852937,-0.744361,-0.826768,-1.494763,-1.594224,-2.070814,-1.547587,-1.0,102.709457,101.07203865,1.1042786005011878,98.86348144899762,103.28059585100237,101.45639886196139,0.23182846122898582,-0.008565949667314337
2014-05-15,0.76712,1.059364,-0.456621,-0.842162,-0.842172,0.345215,-0.005471,-0.508363,-0.711407,-1.174421,-0.831346,-1.0,101.844467,101.1199379,1.1165152754390377,98.88690734912193,103.35296845087807,101.49335773225079,0.2270180257646075,-0.008457380224678937
2014-05-16,-0.218956,0.009125,-0.593013,0.100458,0.100465,0.379527,-0.135023,-0.418453,-0.738528,-1.04662,-1.02971,0.0,101.946785,101.1938797,1.1200272471026793,98.95382520579464,103.43393419420535,101.53654128156023,0.2288241857197022,0.001004145247582461
2014-05-19,-0.460363,0.165731,-0.736583,-0.912326,-0.912323,1.193257,0.708036,0.592945,0.174015,0.001471,-0.199799,-1.0,101.016701,101.19248505,1.1202402660832813,98.95200451783344,103.43296558216656,101.4870326833164,0.1534368502347121,-0.009165101849980168
2014-05-20,0.464382,0.566547,-0.037151,-0.865485,-0.865492,1.387578,1.463739,1.481695,1.013753,0.887534,0.556337,-1.0,100.14241,101.1576065,1.1424326552004032,98.8727411895992,103.4424718104008,101.35897338014341,0.02288011901160303,-0.00869258668765479
2014-05-21,-0.240602,0.148069,-0.434945,0.362218,0.362216,0.583014,1.007782,1.093228,0.64502,0.567841,0.161339,0.0,100.505142,101.15342059999999,1.144777201238151,98.86386619752369,103.44297500247629,101.27765610584404,-0.0507327743285515,0.003615617450013259
2014-05-22,-0.538858,0.374467,-0.566257,1.323339,1.323348,-0.73249,-0.189059,-0.241728,-0.557586,-0.708376,-1.093251,1.0,101.835175,101.2673561,1.0895358229264693,99.08828445414706,103.44642774585294,101.33075314338271,-0.0017290437622534682,0.013146684516996784
2014-05-23,-0.118567,0.08209,-0.237142,0.137,0.136997,-0.862825,-0.255381,-0.39584,-0.549981,-0.785114,-1.038549,0.0,101.974686,101.4138447,0.9648170369323404,99.48421062613532,103.34347877386467,101.39208008210817,0.04781297925991623,0.001369031126416669
2014-05-27,-0.163474,0.054488,-0.526748,0.428677,0.428676,-1.013534,-0.599401,-0.780431,-0.836436,-1.155208,-1.302939,0.0,102.411827,101.55521775,0.8866203113175651,99.78197712736487,103.32845837263513,101.4891988361931,0.1209547240293034,0.004277597970090005
2014-05-28,0.582294,0.809752,-0.373036,-0.181634,-0.181631,-0.425808,-0.552276,-0.544692,-0.54636,-0.921122,-1.044799,0.0,102.225815,101.66729355,0.8164915703973623,100.03431040920528,103.30027669079472,101.55935275655565,0.16204254430128628,-0.00181796515453174
2014-05-29,-0.179386,0.197328,-0.376714,1.437534,1.437531,-1.22163,-1.866533,-1.807034,-1.818096,-2.205396,-2.308724,1.0,103.695343,101.81006165,0.9086541555849497,99.9927533388301,103.62736996116989,101.76278039878845,0.30961452264200773,0.014272967009119508
2014-05-30,0.21218,0.247545,-0.185659,1.453048,1.453057,-1.996293,-2.952885,-2.921057,-3.07489,-3.391396,-3.571162,1.0,105.202095,101.96724665,1.184049106046562,99.59914843790688,104.33534486209314,102.09033417033241,0.5419019641039,0.014426008716504287
2014-06-02,0.149194,0.210623,-0.596753,0.742636,0.742626,-1.962258,-3.287401,-3.339471,-3.612982,-3.841679,-4.108521,1.0,105.983353,102.15419390000001,1.4866206775592576,99.18095254488149,105.12743525511853,102.461097868396,0.7800406038349763,0.007398820055069118
2014-06-03,-0.661324,0.09572,-0.661324,0.851251,0.851257,-1.952663,-3.554648,-3.824111,-4.188131,-4.380091,-4.735758,1.0,106.885544,102.40903745,1.8201206333775695,98.76879618324486,106.04927871675514,102.88247369045351,1.0296967619851358,0.00847654509149568
2014-06-04,0.026205,0.157234,-0.952135,-0.382871,-0.38287,-0.777433,-2.589104,-3.27394,-3.580543,-3.768698,-4.193168,0.0,106.476311,102.66388135,2.014783047228834,98.63431525554233,106.69344744445766,103.22474391041031,1.1809165125359868,-0.003836051217605874
2014-06-05,-0.340343,0.183268,-0.671957,0.096081,0.09608,-0.331614,-2.112747,-3.124763,-3.430489,-3.645691,-4.097796,0.0,106.578613,102.92244535,2.1708204502144586,98.58080444957109,107.26408625042892,103.54416001418076,1.2940966303460755,0.0009603346023796544
2014-06-06,-0.460268,0.269211,-0.547117,0.488704,0.488709,-0.462013,-2.097271,-3.268787,-3.596186,-3.926017,-4.329432,0.0,107.099472,103.24797595,2.2874864938648085,98.67300296227037,107.82294893772962,103.88276115568735,1.4095729775722674,0.004875184384234737
2014-06-09,-0.060833,0.208567,-0.208567,-0.069476,-0.069484,-0.198137,-1.55731,-2.885199,-3.259753,-3.68054,-4.014366,0.0,107.025055,103.5363022,2.3848765295840866,98.76654914083183,108.30605525916816,104.18202723609808,1.4780459906119177,-0.0006950815400624652
2014-06-10,-0.16686,0.219549,-0.430321,-1.042841,-1.042844,0.669187,-0.189687,-1.553817,-2.035653,-2.509878,-2.80378,-1.0,105.908951,103.7530121,2.3941552582863084,98.96470158342738,108.54132261657263,104.3464961659935,1.425815171875314,-0.010483193758984646
2014-06-11,0.0,0.359463,-0.245484,0.166853,0.166859,0.427845,0.007891,-1.344322,-2.081362,-2.494828,-2.773979,0.0,106.08567,103.87764359999998,2.4496256449187475,98.97839231016249,108.77689488983748,104.51213176923223,1.382742226462014,0.0016672030648691924
2014-06-12,0.4551,0.901452,-0.13128,0.17535,0.175342,0.194297,0.075271,-1.155256,-2.085154,-2.482405,-2.773787,0.0,106.271683,104.05575489999998,2.489397963757151,99.07695897248568,109.03455082751428,104.67970807692438,1.3480765145118454,0.0017518870427294152
2014-06-13,-0.105038,0.105045,-0.210082,-0.017507,-0.017503,0.052522,0.191704,-0.860758,-1.860554,-2.252098,-2.625172,0.0,106.253082,104.27618565,2.4784502810171185,99.31928508796577,109.23308621203424,104.8295532124554,1.3040702329040386,-0.00017504783546032574
2014-06-16,-0.183443,0.157234,-0.50664,0.210088,0.210092,-0.260313,0.027948,-0.78675,-1.853604,-2.261011,-2.696836,0.0,106.476311,104.50266194999999,2.4612813735110946,99.5800992029778,109.42522469702217,104.98638728745964,1.2725386193035604,0.002098714040294424
2014-06-17,0.366139,0.462034,-0.17435,0.200905,0.200894,-0.313828,-0.190907,-0.718324,-1.784492,-2.265182,-2.738782,0.0,106.690216,104.78633769999999,2.3633633966318444,100.0596109067363,109.51306449326368,105.14865668865394,1.2503961457498889,0.0020069292755010514
2014-06-18,-1.04266,0.146487,-1.214997,1.168167,1.168184,-1.121941,-1.208111,-1.512003,-2.557529,-3.232756,-3.659353,1.0,107.936554,105.17604490000001,2.1938263684780877,100.78839216304384,109.56369763695618,105.41417071830594,1.3182214995668033,0.011614133778831446
2014-06-19,-0.212314,0.271762,-0.611466,1.464883,1.464878,-1.95669,-2.366033,-2.579479,-3.552869,-4.38115,-4.8034,1.0,109.517693,105.62667245,2.10782850486103,101.41101544027794,109.84232945972207,105.80498236418157,1.4824693009952483,0.014542524575323661
2014-06-20,-0.00846,0.169174,-0.42294,0.399152,0.399151,-1.673153,-2.494505,-2.678625,-3.567082,-4.466253,-4.897934,0.0,109.954834,106.0326554,2.121034572386483,101.79058625522703,110.27472454477297,106.2002063294976,1.6291308855788458,0.003983565360550572
2014-06-23,-0.102374,0.059717,-0.443614,-0.845881,-0.845886,-0.366829,-1.479268,-1.662399,-2.421087,-3.39157,-3.849172,-1.0,109.024742,106.3851582,1.9931100740501095,102.39893805189979,110.37137834810022,106.4692097266883,1.651275718109261,-0.008494834176842304
2014-06-24,0.60918,0.720717,-0.042903,-0.571573,-0.571564,0.52166,-0.682977,-1.003869,-1.583878,-2.563716,-3.086525,-1.0,108.401596,106.68464664999999,1.805868525858299,103.07290959828339,110.2963837017166,106.65324651462277,1.600098048802792,-0.005732035151919846
2014-06-25,-0.476715,0.042561,-0.71508,0.789359,0.789356,-0.023837,-1.170515,-1.609493,-2.032864,-2.993109,-3.672716,1.0,109.257271,107.03621945,1.5598112100710007,103.916597029858,110.15584187014201,106.90124884656345,1.6100258230065094,0.00786257339244655
2014-06-26,0.297491,0.297491,-0.305993,0.153231,0.15322,-0.193788,-1.033567,-1.586621,-1.920946,-2.815464,-3.615521,0.0,109.424675,107.32268604999999,1.4350721861918738,104.45254167761624,110.19283042238374,107.14157514689074,1.6128102862942484,0.0015310274648845474
2014-06-27,-0.109388,0.084152,-0.311339,1.01147,1.011476,-1.088854,-1.63749,-2.36508,-2.661978,-3.47391,-4.318688,1.0,110.531479,107.58915525,1.5132492144511762,104.56265682109765,110.61565367890236,107.46442313290115,1.6849042984280231,0.01006394521415456
2014-06-30,0.07521,0.183848,-0.183856,0.69001,0.690012,-1.358852,-1.878658,-2.778431,-3.090426,-3.800438,-4.694416,1.0,111.294159,107.85469555,1.6740552625386131,104.50658502492277,111.20280607507723,107.82915988214866,1.7830275922829486,0.006876418904142338
2014-07-01,-0.678883,0.016356,-0.744319,2.172821,2.172818,-2.522493,-3.34778,-4.38846,-4.851136,-5.448715,-6.349037,1.0,113.712379,108.19603730000001,2.1062523001556146,103.98353269968878,112.40854190031125,108.38946646480116,2.032491852798529,0.021495491940531904
2014-07-02,0.37742,0.385626,-0.20512,-0.310817,-0.310818,-1.49491,-2.568093,-3.662613,-4.250897,-4.761071,-5.668411,0.0,113.35894,108.54016874999999,2.357733667958527,103.82470141408294,113.25563608591705,108.86274965862962,2.1765841953358205,-0.003113024462847921
2014-07-03,-0.31217,0.139653,-0.558613,-0.123067,-0.123063,-0.703199,-2.12109,-3.134808,-3.839647,-4.30724,-5.177855,0.0,113.219437,108.87220995,2.5283870056518,103.8154359386964,113.9289839613036,109.27767226256965,2.253544233559211,-0.001231388621232635
2014-07-07,0.074279,0.528226,-0.247609,-0.468249,-0.468252,0.146913,-1.41796,-2.298338,-3.139238,-3.591284,-4.410697,0.0,112.689285,109.15170059999998,2.629060646593258,103.89357930681346,114.4098218931865,109.60258776137255,2.245867816400235,-0.0046935148721685025
2014-07-08,0.532002,0.532002,-0.556946,-0.709806,-0.709811,0.969247,-0.457185,-1.277356,-2.229421,-2.690934,-3.43197,-1.0,111.889404,109.39491805,2.646910230761852,104.10109758847629,114.68873851152371,109.82037978409898,2.1504514232825045,-0.007123421958972807
2014-07-09,-0.199932,0.208264,-0.866379,-0.216128,-0.216125,0.818062,0.049153,-0.767517,-1.760659,-2.309559,-2.947069,0.0,111.647583,109.68184964999998,2.5587052633193466,104.56443912336128,114.79926017663867,109.99439913799431,2.031897856899306,-0.0021635891006503536
2014-07-10,-0.482846,0.28801,-1.219824,-1.657779,-1.657777,1.868699,1.784835,1.018213,0.06438,-0.541804,-1.08118,-1.0,109.796715,109.8674019,2.4146981187606613,105.03800566247868,114.69679813752133,109.97557207723294,1.7682108877170464,-0.016716719449589967
2014-07-11,-0.092805,0.236252,-0.337491,0.398131,0.398137,0.923049,1.454605,0.660929,-0.152717,-0.803577,-1.275734,0.0,110.233856,110.06551055,2.2618660966657367,105.54177835666853,114.58924274333147,110.00017054606789,1.5763396282412856,0.0039734621708210315
2014-07-14,0.310927,0.411763,-0.092438,0.404997,0.404995,0.152939,1.058822,0.298599,-0.355462,-1.074286,-1.508964,0.0,110.680298,110.28687134999998,2.0783098729238367,106.1302516041523,114.44349109584766,110.06494458929953,1.4436627653672076,0.004041774595882569
2014-07-15,0.244294,0.320105,-0.320105,-0.243698,-0.243702,0.12973,1.225678,0.627303,0.066132,-0.709962,-1.134694,0.0,110.410568,110.4835842,1.874890570885157,106.73380305822968,114.23336534177031,110.09786110460433,1.3017447358748058,-0.002439993462428375
2014-07-16,0.20982,0.310529,-0.033572,0.370654,0.370661,-0.389431,0.590845,0.401168,-0.117084,-0.899376,-1.381458,0.0,110.819817,110.69006425,1.648920035358894,107.39222417928222,113.98790432071779,110.16661880892774,1.2083673425588017,0.00369975821199942
2014-07-17,0.692685,0.929216,-0.152053,-0.646248,-0.646249,0.314242,0.949483,1.105477,0.631018,-0.108803,-0.630175,-1.0,110.103645,110.7984188,1.5250032449827908,107.74841231003441,113.84842528996558,110.16062130331558,1.0643073182507266,-0.006483462663700944
2014-07-18,-0.050468,0.07569,-0.462577,0.439268,0.439254,-0.060548,0.269981,0.733396,0.239284,-0.389563,-0.943923,0.0,110.58728,110.85189814999998,1.496208950498841,107.8594802490023,113.84431605099766,110.20125546490458,0.9778914893113608,0.004382923984932238
2014-07-21,0.025281,0.28653,-0.530933,-0.201849,-0.201836,0.084268,0.262086,0.927012,0.460553,-0.039109,-0.644986,0.0,110.364075,110.8723602,1.486059017637991,107.90024216472402,113.84447823527599,110.21676208729463,0.8812371904065941,-0.002020400154841418
2014-07-22,-0.38597,0.201374,-0.38597,0.438223,0.438218,-0.273533,-0.269338,0.459811,0.104466,-0.3175,-0.963526,0.0,110.84771,110.9635086,1.4212635349001035,108.12098153019978,113.80603566980021,110.27685236469515,0.8340488685819736,0.004372604023588144
2014-07-23,-0.033493,0.18421,-0.318176,0.209767,0.209766,-0.4354,-0.529177,0.091548,0.015493,-0.368078,-1.015655,0.0,111.080231,111.09744034999999,1.2870055893339427,108.5234291713321,113.67145152866787,110.35336461567655,0.806121814519031,0.0020954647173766325
2014-07-24,0.192665,0.510974,-0.008372,-0.041868,-0.041863,-0.22617,-0.37611,-0.006143,0.137376,-0.214776,-0.825655,0.0,111.03373,111.1862633,1.212464428032574,108.76133444393484,113.61119215606514,110.41816131894545,0.771345589090572,-0.0004187129928259538
2014-07-25,0.242415,0.309289,-0.25913,0.209415,0.209415,-0.31263,-0.491515,-0.332135,0.010867,-0.360444,-0.883278,0.0,111.266251,111.2783421,1.1393664994407169,108.99960910111857,113.55707509888144,110.49893176476017,0.7538576792638167,0.0020919577568313825
2014-07-28,-0.514184,0.149278,-0.688341,0.794119,0.794116,-0.779567,-1.144469,-1.149445,-0.704927,-1.067176,-1.488914,1.0,112.149834,111.35925984999999,1.1409992014672834,109.07726144706542,113.64125825293455,110.65616054906873,0.8020506082683454,0.007909794021897764
2014-07-29,0.008288,0.729803,-0.066348,0.0,0.0,-0.547355,-0.989385,-1.133964,-0.666778,-0.955714,-1.320285,0.0,112.149834,111.4020436,1.1543935468216684,109.09325650635667,113.71083069364333,110.79841516344314,0.8306684232061485,0.0
2014-07-30,0.399863,0.399863,-0.416528,-0.447836,-0.447839,0.001669,-0.469841,-0.689211,-0.312393,-0.393866,-0.728364,0.0,111.647583,111.2988038,1.0215915232797927,109.25562075344041,113.34198684655959,110.87928829073427,0.8035578745311511,-0.004488450759942467
2014-07-31,1.118739,1.457752,-0.042373,-1.707767,-1.707764,1.503519,1.226377,1.032859,1.25477,1.354355,1.051222,-1.0,109.740906,111.1179021,0.9558052945234607,109.20629151095308,113.02951268904691,110.77087092971195,0.6210604717284411,-0.017225142570401746
2014-08-01,0.102052,0.416707,-0.255119,-0.339013,-0.339009,1.501828,1.459308,1.323809,1.423165,1.697083,1.390425,0.0,109.368874,110.92537395,0.896161993332096,109.13304996333581,112.71769793666418,110.63734741259653,0.44132279749011616,-0.0033958535079276066
2014-08-04,-0.160856,0.177784,-0.423298,0.450725,0.45073,0.629858,0.958337,0.819495,0.83939,1.21638,0.932657,0.0,109.861832,110.7840013,0.8233127822626353,109.13737573547473,112.43062686452527,110.56348880187304,0.334797647616881,0.004497169578245314
2014-08-05,-0.0168,0.663699,-0.436862,0.7704,0.770385,-0.399893,0.173913,0.066657,0.01513,0.421414,0.211719,1.0,110.708191,110.72494065000001,0.7811295355935163,109.16268157881298,112.28719972118704,110.57726996359942,0.31503823221628124,0.007674326205925943
2014-08-06,-0.411632,0.128635,-1.011921,-2.033099,-2.033087,1.078804,2.01097,1.998107,1.943652,2.31163,2.293107,-1.0,108.457397,110.56543135000001,0.8995532411342247,108.76632486773156,112.36453783226847,110.37537730039948,0.11641651095123962,-0.02054038825680363
2014-08-07,0.668494,1.199865,-0.214261,0.060028,0.060018,0.793629,1.71838,1.839794,1.823796,2.071996,2.20918,0.0,108.522491,110.50172014999998,0.9967373814986473,108.50824538700269,112.49519491299728,110.19891193845667,-0.03533279785700927,0.0006000003277061037
2014-08-08,-0.84162,0.02551,-1.258178,0.81419,0.814194,-0.013599,0.726858,0.94534,0.963618,1.108223,1.383153,1.0,109.406075,110.4603311,1.02522523246882,108.40988063506236,112.51078156493764,110.12340365860366,-0.08333672016708249,0.00810897678924763
2014-08-11,-0.025693,0.376837,-0.222681,-0.739603,-0.739599,0.498452,1.150217,1.589009,1.619984,1.710854,2.079188,-1.0,108.596909,110.35616165000002,1.1044784377093109,108.1472047745814,112.56511852541864,109.97802321492712,-0.18454577929701088,-0.007423473762671758
2014-08-12,-0.145,0.264419,-0.349707,0.411096,0.411093,-0.218354,0.451212,1.062778,1.14125,1.190039,1.592461,0.0,109.043343,110.2878004,1.1425881818961816,108.00262403620764,112.57297676379235,109.88900605160072,-0.22612457172874656,0.004102500544269863
2014-08-13,-0.067839,0.339186,-0.135676,0.588538,0.588538,-0.57831,-0.315441,0.38667,0.497753,0.526414,0.875661,1.0,109.685104,110.23106475,1.1429525459377636,107.94515965812448,112.51696984187552,109.86958680859112,-0.2049290208222203,0.005868124154689938
2014-08-14,-0.229316,0.042469,-0.41617,-0.161114,-0.161115,-0.23781,-0.175808,0.455809,0.632752,0.678107,0.921241,0.0,109.508385,110.20130175,1.1541409069323234,107.89301993613535,112.50958356386465,109.83518663634436,-0.20008468867810336,-0.0016124478796806718
2014-08-15,0.307983,0.419196,-0.538966,-0.721929,-0.721923,0.36102,0.490201,1.030024,1.278548,1.354431,1.517091,-1.0,108.717819,110.1078287,1.1961733078663237,107.71548208426735,112.50017531573265,109.72877067097824,-0.2570741983808347,-0.0072454127320114815
2014-08-18,-0.170631,0.221826,-0.170631,0.273762,0.273757,0.163809,0.138213,0.562523,0.940193,1.016637,1.127605,0.0,109.015442,110.04039705,1.2187674328950084,107.60286218420998,112.47793191579001,109.66083460707554,-0.2750524729527086,0.0027338329844386533
2014-08-19,0.128261,0.222319,-0.119708,-0.221826,-0.221823,0.336895,0.182983,0.579164,1.069259,1.181016,1.256946,0.0,108.773621,109.93669260000001,1.2345969330928754,107.46749873381427,112.40588646618576,109.57633807306836,-0.30529407869475733,-0.002220690938715294
2014-08-20,-0.069139,0.155575,-0.432152,-1.068833,-1.068837,1.03544,1.186692,1.415734,2.000003,2.154886,2.225875,-1.0,107.611008,109.76323145,1.3070600906747885,107.14911126865043,112.37735163134958,109.38916378039518,-0.41825256662717436,-0.010745903653375913
2014-08-21,-0.02591,0.405943,-0.060459,0.069146,0.069146,0.627053,1.039041,1.218404,1.774055,1.994473,2.089884,0.0,107.685417,109.59581580000001,1.3495087187534431,106.89679836249313,112.2948332375069,109.22690218226231,-0.49605063476083444,0.0006912237670704556
2014-08-22,0.604788,0.604788,-0.13147,-1.459667,-1.459665,1.626786,2.225437,2.513222,3.03883,3.336665,3.472698,-1.0,106.113571,109.3381818,1.4975501289992623,106.34308154200147,112.33328205799853,108.93039445061828,-0.6767399629594308,-0.014704226019925189
2014-08-25,-0.08706,0.243753,-0.182814,0.683677,0.683675,0.529291,1.366759,1.628504,2.090621,2.503,2.650239,1.0,106.839043,109.07264224999999,1.4425954859223216,106.18745127815535,111.95783322184462,108.73121812198798,-0.7527211293490979,0.0068134858075263515
2014-08-26,0.043444,0.538751,-0.139037,0.182814,0.182817,0.020851,0.994087,1.214223,1.665358,2.17344,2.357775,0.0,107.034363,108.81686869999999,1.3162471380723009,106.18437442385539,111.44936297614458,108.56961287227483,-0.7880914320264907,0.001826501554856284
2014-08-27,0.165342,0.243667,-0.130539,-0.147722,-0.147721,0.031324,0.880683,1.265331,1.592544,2.167254,2.386208,0.0,106.876251,108.5783021,1.2037747034751116,106.17075269304978,110.98585150695023,108.40834031301057,-0.8194350317648826,-0.0014782999855673265
2014-08-28,0.148561,0.410733,-0.34956,-0.417722,-0.417733,0.214987,1.014602,1.559039,1.863155,2.422799,2.700639,0.0,106.429794,108.4127465,1.2617586576189057,105.88922918476219,110.93626381523781,108.21990733081908,-0.8702684955854068,-0.004186075944985636
2014-08-29,0.157453,0.209935,-0.349897,-0.096129,-0.096122,0.351646,0.886984,1.463728,1.818143,2.335549,2.665909,0.0,106.327492,108.2606774,1.3222841004044816,105.61610919919104,110.90524560080897,108.0396772993125,-0.908338537090529,-0.0009616780680712806
2014-09-02,-0.223748,0.008608,-0.40447,1.644504,1.644502,-1.043025,-0.832182,-0.209978,0.088214,0.529092,0.934313,1.0,108.07605,108.17138830000002,1.267637877015045,105.63611254596992,110.70666405403011,108.04314136604465,-0.7883279481034862,0.016311267543345626
2014-09-03,0.137982,0.344948,-0.094861,-0.206539,-0.206533,-0.686447,-0.712317,-0.077041,0.162985,0.577783,1.050647,0.0,107.852837,108.0286206,1.1189672077025719,105.79068618459485,110.26655501540515,108.02501714070706,-0.7031249288332617,-0.002067468439356546
2014-09-04,0.120637,0.611804,-0.129255,0.077616,0.077622,-0.567008,-0.759165,-0.262541,0.06117,0.362247,0.875186,0.0,107.936554,108.00257844999999,1.1145149478931078,105.77354855421378,110.2316083457862,108.01659207968734,-0.6216793276519326,0.0007759139947718465
2014-09-05,-0.257757,0.025775,-0.403816,0.292974,0.292971,-0.520666,-0.996652,-0.631215,-0.243582,0.014086,0.494883,0.0,108.252777,107.98909275000001,1.109513425481525,105.77006589903696,110.20811960096306,108.03908588162189,-0.5255582403713817,0.002925428595948239
2014-09-08,0.103415,0.232676,-0.456738,-0.300711,-0.300721,0.075841,-0.529985,-0.380325,-0.011199,0.262327,0.694878,0.0,107.927238,107.91515089999999,1.0582015566343905,105.79874778673121,110.03155401326876,108.0284337024198,-0.4702293515860845,-0.0030117422840333103
2014-09-09,0.330382,0.373848,-0.043467,-0.879011,-0.879003,0.758131,0.365154,0.376166,0.79986,1.043644,1.426708,-1.0,106.978554,107.83423315,1.065178170312083,105.70387680937584,109.96458949062416,107.9284451593322,-0.49720026377326576,-0.008828893382588916
2014-09-10,-0.360544,0.085843,-0.609494,1.27804,1.27803,-0.422345,-0.780317,-0.916809,-0.504327,-0.318646,0.029767,1.0,108.345772,107.79935459999999,1.034481341094197,105.73039191781159,109.86831728218839,107.96819057272913,-0.40359939709628634,0.012699321065425036
2014-09-11,-0.094527,0.094526,-0.317954,-0.103009,-0.102999,-0.264679,-0.552554,-0.776265,-0.468769,-0.224119,0.027779,0.0,108.234177,107.72680825,0.9420202679220906,105.84276771415583,109.61084878584418,107.99352261342159,-0.33456812665595237,-0.0010305202341320014
2014-09-12,0.230549,0.247631,-0.239091,0.635901,0.635894,-0.771923,-0.952094,-1.327524,-1.124581,-0.839892,-0.629321,1.0,108.922432,107.69751059999999,0.8914498807488986,105.91461083850218,109.48041036149779,108.0819901740481,-0.22176752301575675,0.006338810572745674
2014-09-15,-0.153637,0.10242,-0.401162,0.042697,0.042699,-0.623082,-0.751965,-1.194948,-1.15526,-0.898261,-0.683967,0.0,108.968941,107.7100667,0.9081887070846772,105.89368928583065,109.52644411416935,108.16646168128162,-0.12715359682452743,0.0004269007998434444
2014-09-16,-0.297643,0.221109,-0.484734,0.367013,0.367016,-0.549365,-0.996681,-1.402044,-1.500551,-1.232416,-1.062164,0.0,109.368874,107.72773830000001,0.9378788806775521,105.85198053864491,109.60349606135512,108.28097714020718,-0.01967334585617664,0.0036634372958625214
2014-09-17,0.034087,0.502773,-0.400512,-0.204097,-0.204099,-0.199401,-0.675754,-1.071437,-1.28206,-1.026671,-0.90754,0.0,109.145653,107.7463399,0.9630655600316952,105.8202087799366,109.67247102006338,108.36332722209221,0.04695222223418227,-0.00204307769109383
2014-09-18,-0.510759,0.058612,-0.577746,1.772477,1.772474,-1.4251,-2.122579,-2.542072,-2.845178,-2.700156,-2.554631,1.0,111.080231,107.91980105,1.2164908530985994,105.48681934380281,110.3527827561972,108.62207996284533,0.2529419838749618,0.017569485743462444
2014-09-19,0.454699,0.538902,-0.16841,-0.560996,-0.560995,-0.591109,-1.370833,-1.749186,-2.171606,-2.116874,-1.946503,-1.0,110.457077,108.05838405,1.339989754940256,105.37840454011949,110.73836355988051,108.7968415854315,0.36173715343539925,-0.005625739963521506
2014-09-22,0.084026,0.672209,-0.084025,0.210509,0.210508,-0.489035,-1.32846,-1.692854,-2.170405,-2.251239,-2.113827,0.0,110.689598,108.2871854,1.3805007905131108,105.52618381897378,111.04818698102622,108.97710410110469,0.4614018571829206,0.002102867571352846
2014-09-23,0.617339,0.634249,-0.194506,-0.638603,-0.638593,0.262149,-0.42115,-0.945462,-1.398739,-1.58783,-1.442714,-1.0,109.982742,108.44437035000001,1.38589738783471,105.6725755743306,111.21616512566943,109.07287913909471,0.47784122499440684,-0.006406407051891463
2014-09-24,-0.664703,0.050489,-0.689944,0.507398,0.507393,0.008413,-0.725285,-1.283412,-1.737906,-2.0207,-1.895108,0.0,110.540787,108.61969155000001,1.4195182912094948,105.78065496758103,111.458728132419,109.21267988775236,0.5297919977812597,0.005061103399830297
2014-09-25,0.975646,1.323489,-0.076359,-0.824565,0.240675,-0.281051,-0.731466,-1.347738,-1.796469,-2.14058,-2.09691,0.0,110.806831,108.81622055,1.4374160381526269,105.94138847369474,111.69105262630525,109.36450380320451,0.5856795377392672,0.0024038580628594525
2014-09-26,-0.345558,0.126423,-0.455121,0.661745,0.661741,-0.742403,-1.149365,-1.799788,-2.212971,-2.645664,-2.679799,1.0,111.540085,109.0717351,1.4450602723948471,106.1816145552103,111.9618556447897,109.57170201242313,0.6812848577891089,0.006595608982222788
2014-09-29,0.468008,0.536083,-0.3744,-0.952385,-0.952388,0.17366,-0.062297,-0.701638,-1.08487,-1.551546,-1.69092,-1.0,110.477791,109.27925005,1.3230876674375232,106.63307471512496,111.92542538487504,109.65799620171617,0.6636839791069065,-0.00956951868758187
2014-09-30,0.314816,0.493493,-0.416913,0.008511,0.008522,0.256441,0.030405,-0.498392,-0.984185,-1.427859,-1.654895,0.0,110.487206,109.39980785,1.3175224374956136,106.76476297500878,112.03485272499123,109.7369685634575,0.6430818208333022,8.521711704134383e-05
2014-10-01,1.105872,1.148732,-0.162883,-0.748742,-0.748755,0.852126,0.831936,0.332145,-0.15481,-0.588456,-0.886034,-1.0,109.659927,109.49016234999999,1.2668383052396102,106.95648573952077,112.02383896047921,109.72963127169965,0.5536181945980587,-0.007515727167313603
2014-10-02,0.471693,0.611458,-0.733756,-1.860265,-1.860256,2.171553,2.421697,2.19591,1.723064,1.32355,0.992966,-1.0,107.619972,109.47433325000002,1.2890553124536026,106.8962226250928,112.05244387490723,109.5287113410616,0.31448511769468723,-0.018777760395166626
2014-10-03,-0.396012,0.129127,-0.5854,1.467506,1.4675,0.265151,0.825214,0.734778,0.295207,-0.040421,-0.42146,1.0,109.199295,109.52165915,1.2588687470474782,107.00392165590505,112.03939664409496,109.49733835619858,0.2495321472695906,0.014568363359457204
2014-10-06,-0.077117,0.44559,-0.248494,0.46487,0.464879,-0.339333,0.269097,0.313496,-0.087775,-0.379745,-0.773057,0.0,109.70694,109.61064425000002,1.2018416384193962,107.20696097316123,112.01432752683881,109.517300417513,0.2362952941186336,0.004638021479889983
2014-10-07,1.018822,1.139699,-0.017266,-0.754068,-0.754074,0.122605,0.929633,1.045727,0.758664,0.406696,0.043346,-1.0,108.879669,109.70570000000001,1.0480497420080497,107.60960051598391,111.8017994840161,109.4565736158451,0.157238588155721,-0.007569310431393901
2014-10-08,-0.584896,0.077409,-1.746085,0.379902,0.379908,-0.323418,0.433504,0.672306,0.420671,0.079406,-0.266393,0.0,109.293312,109.75307699999999,1.0038223020435297,107.74543239591293,111.76072160408705,109.44102489052652,0.12650484316304755,0.0037918856288333192
2014-10-09,1.475727,1.554319,-0.244498,-1.49665,-1.496653,1.198046,1.666958,1.989967,1.919676,1.58964,1.273144,-1.0,107.65757,109.72424665000001,1.0566330255492549,107.6109805989015,111.83751270109852,109.27117204380971,-0.029502493719107292,-0.015079662102288017
2014-10-10,0.912522,1.561814,-0.105293,-0.480262,-0.480267,1.302101,1.746953,2.275788,2.328368,2.038372,1.783985,0.0,107.140526,109.63515135,1.1939968235342215,107.24715770293156,112.02314499706844,109.06825337297069,-0.19263992866984836,-0.00481424191603453
2014-10-13,1.331322,1.775095,-0.071006,-1.140654,-1.140658,1.755578,2.490468,3.15556,3.365049,3.139847,2.945514,-1.0,105.918419,109.48262525,1.4508059245785498,106.58101340084289,112.3842370991571,108.76826914697348,-0.415748848603684,-0.011472134187232913
2014-10-14,0.286686,0.376275,-0.322524,-0.931921,-0.931913,1.960219,2.9251,3.80499,4.125934,4.032023,3.814005,-1.0,104.931351,109.2607491,1.77272457887069,105.71529994225862,112.80619825774137,108.40284837107124,-0.6645518730691862,-0.009362829380681132
2014-10-15,-0.254406,0.29075,-1.508265,-1.397603,-1.397609,2.278761,3.785216,4.820408,5.327305,5.317893,5.144115,-1.0,103.464821,108.9767075,2.196581543116454,104.5835444137671,113.3698705862329,107.93256005001685,-0.9688979250228584,-0.014074675128446928
2014-10-16,-1.080053,0.599016,-1.415862,0.109033,0.109038,1.379558,3.281902,4.240939,4.850411,5.023353,4.889315,0.0,103.577637,108.6015778,2.4450287303027873,103.71152033939443,113.49163526060558,107.51780547382477,-1.1873045477783108,0.0010897862424464478
2014-10-17,-0.728667,0.546496,-0.774204,-0.353965,-0.35396,0.978224,3.068579,4.073224,4.871826,5.175065,5.099069,0.0,103.211014,108.23927465,2.681075723805337,102.87712320238933,113.60142609761067,107.10763485727003,-1.374136590703202,-0.003545875292123581
2014-10-20,-0.86488,0.167683,-0.891356,3.206118,3.20611,-2.045712,-0.432438,0.592479,1.418254,1.81583,1.790119,1.0,106.520073,108.03079840000001,2.642342427272428,102.74611354545516,113.31548325454486,107.05167658514907,-1.24088477714632,0.03155787410383096
2014-10-21,-0.873398,0.105869,-1.076313,0.035301,0.035303,-1.775032,-0.685486,0.311133,1.221749,1.67437,1.741031,0.0,106.557678,107.8595452,2.620073756308419,102.61939768738316,113.09969271261684,107.00462910084916,-1.1193442419989594,0.0003529697513132441
2014-10-22,0.7482,1.024317,-0.06235,-0.952802,-0.952799,-0.436448,-0.085509,1.016004,1.958671,2.515881,2.631205,-1.0,105.542397,107.6096257,2.5890647197956302,102.43149626040874,112.78775513959125,106.86536890076829,-1.0923551931854973,-0.009573676526457726
2014-10-23,-0.141085,0.652498,-0.423247,1.015416,1.015415,-0.867652,-1.187732,-0.062316,0.737143,1.31782,1.548896,1.0,106.61409,107.39998865,2.48418028508708,102.43162807982584,112.36834922017415,106.8414375768856,-0.9732702553039019,0.010102939869780517
2014-10-24,-0.087327,0.12226,-0.558902,0.96993,0.969928,-0.995547,-2.089775,-1.118389,-0.411319,0.240177,0.533949,1.0,107.64817,107.20539289999999,2.287445462845251,102.6305019743095,111.78028382569049,106.91826923622982,-0.7863879791253936,0.009652544772902442
2014-10-27,-0.017488,0.44604,-0.419796,-0.148464,-0.148465,-0.668178,-1.798141,-1.108968,-0.402303,0.270091,0.637514,0.0,107.48835,107.05592084999998,2.156268288224729,102.74338427355052,111.36845742644944,106.97256264230316,-0.643757728796075,-0.0014857545283317574
2014-10-28,-0.390961,0.0,-0.860119,0.664686,0.664688,-1.019981,-2.144221,-1.803648,-1.165507,-0.457791,-0.062917,1.0,108.202812,106.94170115000001,2.02121751241339,102.89926612517323,110.9841361748268,107.08972924779809,-0.4676799916002068,0.0066248853820875
2014-10-29,0.164064,0.725329,-0.466282,0.616855,0.616858,-1.015458,-2.247648,-2.431571,-1.807704,-1.129438,-0.684039,1.0,108.87027,106.9022183,1.9724488192405414,102.95732066151892,110.84711593848108,107.2593045575316,-0.2711531491635668,0.006149634927955885
2014-10-30,-0.914896,0.37977,-0.923528,0.043177,0.043174,-0.635252,-1.799587,-2.396573,-1.790525,-1.2415,-0.793095,0.0,108.917274,106.9670834,2.018097880133968,102.93088763973208,111.00327916026794,107.41720640919526,-0.11033945609595719,0.00043165003715565074
2014-10-31,-1.89534,0.074169,-2.348577,4.738475,4.738476,-4.003297,-5.289659,-6.406813,-6.019778,-5.620437,-5.175507,1.0,114.078293,107.21103330000001,2.531672676689003,102.147687946622,112.27437865337802,108.05159560831952,0.4286168271461577,0.04629635342109178
2014-11-03,-0.573768,0.024589,-0.975411,0.535642,0.535651,-3.259024,-5.081976,-6.395637,-6.303288,-5.976402,-5.564479,0.0,114.689354,107.46015400000002,2.993259726975649,101.47363454604871,113.44667345395132,108.68376307419385,0.8947371080093802,0.005342210415495802
2014-11-04,0.08375,0.268006,-0.912901,-2.131146,-2.13116,-0.432156,-2.508371,-3.922945,-4.113062,-3.866329,-3.440896,-1.0,112.24514,107.62842755,3.166828236429786,101.29477107714042,113.96208402285957,109.02294182903253,1.0547545917853114,-0.021541974314554097
2014-11-05,-0.280138,0.31309,-0.790969,1.649917,1.649917,-1.132072,-3.341021,-4.861166,-5.458926,-5.271152,-4.904285,1.0,114.097092,107.86861655,3.467633691289479,100.93334916742104,114.80388393257896,109.50619422626754,1.3158384825865568,0.016364540656573674
2014-11-06,-0.258704,0.125178,-0.675962,-1.268848,-1.268846,0.801136,-1.563047,-3.101615,-4.022365,-3.875156,-3.627639,-1.0,112.649376,108.11820685,3.6276017801947256,100.86300328961056,115.37341041038945,109.80554487138491,1.3899087619027881,-0.012769642545867878
2014-11-07,-0.20224,0.0,-0.834245,-0.968041,-0.968041,1.334798,-0.250271,-1.655569,-2.886152,-2.850928,-2.685034,-1.0,111.558884,108.33912475,3.6987672475045374,100.94159025499093,115.73665924500906,109.97252955030064,1.345110801117471,-0.009727568458215295
2014-11-10,-0.13563,0.271255,-0.398407,-0.589869,-0.589869,1.25286,0.649319,-0.808679,-2.085275,-2.231414,-2.094882,-1.0,110.900833,108.58824545,3.6949326198521226,101.19838021029575,115.97811068970425,110.06093940265296,1.242189688808537,-0.005916153524209914
2014-11-11,-0.537182,0.243412,-0.595937,0.991776,0.99178,0.214871,-1e-06,-1.458789,-2.731242,-3.080075,-3.011304,1.0,112.000725,108.94171415000001,3.6647061450575658,101.61230185988488,116.27112644011514,110.24568088811458,1.2351381542211044,0.00986893888890138
2014-11-12,-0.042094,0.126274,-0.572439,-0.29377,-0.293778,0.075767,0.545505,-0.802533,-2.077191,-2.709315,-2.665484,0.0,111.671692,109.3520577,3.473661312515504,102.404735074969,116.29938032503101,110.3814914701989,1.189290152430715,-0.002942099359001743
2014-11-13,-0.141878,0.459024,-0.141878,0.867076,0.867088,-0.786187,0.011677,-1.298622,-2.516699,-3.368727,-3.353649,1.0,112.639984,109.80517504999997,3.265613133721023,103.27394878255792,116.33640131744203,110.59658599684663,1.2170588558435895,0.008633505234840308
2014-11-14,-0.200299,0.050073,-0.492403,0.0,0.0,-0.59423,-0.116014,-1.003178,-2.098154,-3.173434,-3.251829,0.0,112.639984,110.27662355,2.9265415345017263,104.42354048099655,116.12970661900344,110.79119533048029,1.2249453459152875,0.0
2014-11-17,-0.075888,0.463785,-0.430048,-1.026543,-1.026555,0.541369,0.632438,0.262537,-0.860099,-1.969467,-2.195231,-1.0,111.483673,110.52480355,2.798887859980235,104.92702783003953,116.12257926996047,110.85714558472026,1.1249233954482065,-0.010318600679359092
2014-11-18,-0.324811,0.26651,-0.416424,1.248001,1.248002,-0.543014,-0.552176,-0.697368,-1.802279,-2.896308,-3.282805,1.0,112.874992,110.84066924999999,2.681629214277553,105.47741082144489,116.20392767855509,111.04932143379452,1.1447273898634762,0.012402791177376962
2014-11-19,-0.232653,0.141254,-0.739509,0.233196,0.233198,-0.515162,-0.868299,-0.676912,-1.695054,-2.780222,-3.394542,0.0,113.138214,111.2204601,2.4165413612578313,106.38737737748434,116.05354282251565,111.24826358295695,1.1681957799054743,0.0023292631759625508
2014-11-20,0.025058,0.258936,-0.175408,-0.523471,-0.523472,-0.008353,-0.35583,0.060698,-0.914216,-1.949882,-2.741396,-1.0,112.545967,111.51705394999999,2.1731947822375264,107.17066438552494,115.86344351447504,111.3718543845801,1.1260251478312142,-0.005248470290650046
2014-11-21,-0.56064,0.33803,-0.56064,1.311393,1.311395,-1.060272,-1.429632,-1.237805,-1.917307,-2.839806,-3.79916,1.0,114.021889,111.8357399,2.0391878747747127,107.75736415045057,115.91411564954942,111.62423863366772,1.1978906509316403,0.013028704987502459
2014-11-24,0.024699,0.230528,-0.131727,0.140158,0.14016,-0.726166,-1.280257,-1.405677,-1.761486,-2.707394,-3.692574,0.0,114.181702,112.17040750000001,1.8262868248552055,108.5178338502896,115.82298114971042,111.86780657331842,1.2532929721535453,0.0014006179782319488
2014-11-25,-0.049255,0.147771,-0.057467,0.28816,0.288166,-0.725725,-1.344723,-1.557076,-1.768333,-2.709143,-3.690453,0.0,114.510735,112.48580364999998,1.6402338070353724,109.20533603592924,115.76627126407072,112.11951404252619,1.308664454909703,0.0028775173447090356
2014-11-26,0.238292,0.24651,-0.238285,-0.090305,-0.090312,-0.414131,-1.016432,-1.450012,-1.43755,-2.311256,-3.284578,0.0,114.407318,112.76265604999999,1.4546506306607236,109.85335478867854,115.67195731132144,112.33740013371417,1.3288833265288105,-0.0009035286267744664
2014-11-28,-0.178667,0.162434,-0.560379,1.175021,1.175025,-1.016813,-1.897185,-2.415878,-2.287017,-3.130028,-4.057232,1.0,115.751633,113.104374,1.2980908580331527,110.5081922839337,115.70055571606632,112.66256516859853,1.436819156697311,0.011681755426920473
2014-12-01,-0.224106,0.50424,-0.312149,1.469995,1.469997,-1.866501,-2.908604,-3.495018,-3.558916,-4.199464,-5.042962,1.0,117.453178,113.27311825,1.6126121864225071,110.04789387715498,116.49834262284502,113.11881400968439,1.6407460417957367,0.014592968203355034
2014-12-02,-0.007902,0.363434,-0.197519,1.304625,1.304614,-2.32282,-3.528478,-4.284845,-4.620365,-5.04669,-5.916617,1.0,118.985489,113.48792499999999,2.0405425014097975,109.4068399971804,117.56901000281958,113.67754496114301,1.9040554926073554,0.012961775438086541
2014-12-03,-0.164434,0.140944,-0.461981,0.900687,0.900686,-2.270765,-3.791398,-4.691876,-5.146421,-5.49933,-6.381642,1.0,120.057175,113.87852674999999,2.4886224974910047,108.90128175501798,118.85577174498201,114.2851287743675,2.1741440538688153,0.008966543145519574
2014-12-04,0.163291,0.163291,-0.388802,0.696897,0.696899,-1.87403,-3.81571,-4.842926,-5.521776,-5.755524,-6.606275,1.0,120.893852,114.21836475,2.942687788894335,108.33298917221134,120.10374032778867,114.9145309863325,2.4277187949839742,0.006944816738839015
2014-12-05,-0.131751,0.209257,-0.434006,0.334365,0.334373,-1.286526,-3.414713,-4.684187,-5.480126,-5.661324,-6.513994,0.0,121.298088,114.65080035000001,3.312254453034302,108.02629144393141,121.27530925606861,115.52248879715798,2.630968899333652,0.0033381488696507013
2014-12-08,0.482787,0.599598,-0.132377,-0.472759,-0.472766,-0.275656,-2.400713,-3.784974,-4.651531,-4.992989,-5.70887,0.0,120.724632,115.10908775,3.4911956860563804,108.12669637788724,122.09147912211276,116.01793100695245,2.7144821047434107,-0.004738869748834296
2014-12-09,-0.397322,0.046741,-1.199751,-0.046719,-0.046715,0.049856,-1.817547,-3.232579,-4.202248,-4.750394,-5.300721,0.0,120.668236,115.5974579,3.554131118962648,108.48919566207469,122.7057201379253,116.4608171967665,2.744479583571632,-0.0004672549068523005
2014-12-10,1.123599,1.131569,-0.29484,-2.235901,-2.235912,1.984231,0.721182,-0.731523,-1.758299,-2.37787,-2.858918,-1.0,117.9702,115.89593165000001,3.48618927933144,108.92355309133713,122.86831020866289,116.60456793993158,2.521477818168435,-0.022612878399363528
2014-12-11,0.364824,0.983429,-0.174473,0.478124,0.478134,1.100801,0.590056,-0.900414,-1.936315,-2.69268,-3.049409,0.0,118.534256,116.23905985000002,3.3847849473602176,109.46948995527958,123.00862974472045,116.7883477551762,2.3630224655799594,0.0047699487697526076
2014-12-12,0.899312,1.22852,-0.016062,-1.229277,-1.229278,1.638024,1.955193,0.590973,-0.52634,-1.330338,-1.610462,-1.0,117.077141,116.46091770000001,3.280269794628177,109.90037811074366,123.02145728925636,116.81585187373085,2.095710409100903,-0.012368956643356098
2014-12-15,1.637185,1.859313,-0.40313,-2.400833,-2.400829,3.007808,4.184277,3.079658,1.991764,1.1916,0.815294,-1.0,114.266319,116.54223445,3.199734441473513,110.14276556705298,122.94170333294701,116.57303921908981,1.6381700297044688,-0.024301186864530366
2014-12-16,0.344431,1.262917,-0.155816,0.320855,0.320843,1.625393,3.471383,2.776233,1.80294,0.998199,0.491228,0.0,114.632935,116.69969755,3.0095304522046606,110.68063664559068,122.71875845440931,116.38826738870031,1.2902753389556523,0.0032032984562795647
2014-12-17,-0.9901,0.332735,-0.9901,1.049696,1.049698,0.201269,2.03214,1.784885,0.873237,0.081482,-0.44933,1.0,115.836235,116.84775970000001,2.8815834858997786,111.08459272820045,122.61092667179958,116.33569287549076,1.0989940246771681,0.010442272465960141
2014-12-18,-0.489018,0.040086,-0.737532,1.233564,1.23356,-1.236164,0.479405,0.707079,-0.179966,-0.947242,-1.57233,1.0,117.265144,117.0541062,2.7465657707710225,111.56097465845797,122.54723774154205,116.42421203020592,1.0505926414142408,0.012260132517983075
2014-12-19,-0.228329,0.3543,-0.3858,1.819788,1.819797,-2.612397,-1.475479,-0.889173,-1.677037,-2.491146,-3.143064,1.0,119.399132,117.39676445,2.5767827815287485,112.24319888694251,122.5503300130575,116.70753774161489,1.1709314249955298,0.018034372349658004
2014-12-22,-0.268474,0.19741,-0.560644,-0.291318,-0.291319,-1.524008,-1.328176,-0.510109,-1.178538,-1.990841,-2.650296,0.0,119.0513,117.648235,2.473430766676893,112.70137346664622,122.59509653335378,116.93075319479442,1.2241227178299425,-0.0029174385954795963
2014-12-23,-0.015781,0.433888,-0.157782,0.094759,0.094756,-0.856738,-1.547807,-0.594299,-1.063032,-1.825813,-2.511307,0.0,119.164108,117.8973553,2.353934408914165,113.18948648217167,122.60522411782833,117.14345365243305,1.2608456199898797,0.0009471092519132767
2014-12-24,0.347109,0.449669,0.0,0.0,0.0,-0.298202,-1.447617,-0.644262,-0.867781,-1.614705,-2.310929,0.0,119.164108,118.13002395000001,2.2281914800155103,113.67364098996899,122.58640691003103,117.3358969236299,1.2752485134771376,0.0
2014-12-26,-0.858709,0.148311,-0.858709,1.057119,1.057124,-0.816555,-2.32163,-1.709609,-1.654964,-2.401881,-3.090561,1.0,120.42382,118.43084905,2.101690473400813,114.22746810319838,122.63422999680164,117.62998483566516,1.372489931297892,0.010515751931656003
2014-12-29,-0.227684,0.180572,-0.40041,-0.56987,-0.569874,-0.191567,-1.539609,-1.233154,-0.924865,-1.602261,-2.337548,-1.0,119.737556,118.63014519999999,2.0217222904740804,114.58670061905183,122.67358978094815,117.83070589893514,1.3782906098606134,-0.005715039439786422
2014-12-30,0.039707,0.127072,-0.460648,-1.146266,-1.146261,0.84981,-0.05163,-0.220799,0.262483,-0.314516,-1.043874,-1.0,118.365051,118.67573885000002,2.003986906444079,114.66776503711186,122.68371266288817,117.88159590856037,1.257640707197666,-0.011528812887011486
2014-12-31,0.095629,0.581763,-0.063756,-0.341515,-0.341516,0.991393,0.572997,-0.031881,0.562636,0.155241,-0.521733,0.0,117.960815,118.62450515,2.008743781549302,114.6070175869014,122.6419927130986,117.88914058393557,1.116535595912481,-0.0034210084666834967
2015-01-02,0.445616,0.771864,-0.620672,0.151415,0.151416,0.665237,0.615899,-0.173471,0.329433,0.12668,-0.523595,0.0,118.139427,118.52861775000001,1.9823543958116254,114.56390895837676,122.49332654162326,117.91297738546551,1.007507356633056,0.0015130186446281207
2015-01-05,0.867309,1.005105,-0.259382,-1.830186,-1.830185,1.775145,2.38064,1.540618,1.987916,2.047493,1.412547,-1.0,115.977257,118.28278800000001,1.9784538535358427,114.32588029292833,122.23969570707169,117.72862306304023,0.7381240084040712,-0.018471400150376745
2015-01-06,1.064704,1.326784,-0.72891,-1.029428,-1.029441,1.970528,3.043419,2.463566,2.764958,3.075195,2.532361,-1.0,114.78334,117.9570506,1.9921334570118532,113.9727836859763,121.94131751402371,117.44811991417926,0.42341576681836557,-0.010347760136157774
2015-01-07,0.279619,0.711033,-0.08788,2.514333,2.514337,-0.648713,0.398665,0.143278,0.11465,0.554452,0.120908,1.0,117.66938,117.804288,1.8828846546229465,114.0385186907541,121.5700573092459,117.46919230330504,0.40224964287722287,0.02483247608636895
2015-01-08,-0.885723,0.094055,-0.885723,1.925385,1.92539,-2.196273,-1.433612,-1.453731,-1.807104,-1.313375,-1.610495,1.0,119.934975,117.76762495,1.8305964399074646,114.10643207018506,121.42881782981493,117.70402875060931,0.5618136808962362,0.019070893425323705
2015-01-09,1.340415,1.340415,-0.079314,-1.175733,-1.175735,-0.967641,-0.314878,-0.130076,-0.615482,-0.19099,-0.327041,-1.0,118.524857,117.79535779999999,1.83801329669204,114.11933120661591,121.47138439338407,117.7822028695989,0.5679377599037707,-0.011827018623795472
2015-01-12,0.364963,1.348776,-0.555383,-0.031727,-0.031722,-0.512542,-0.446687,-0.029623,-0.585929,-0.240563,-0.180635,0.0,118.487259,117.79300794999999,1.837048705514476,114.11891053897104,121.46710536102894,117.84935107249424,0.5632643316629071,-0.00031726648367105294
2015-01-13,0.506288,1.154971,-0.617045,0.29356,0.293554,-0.121826,-0.814018,-0.353875,-0.802943,-0.615458,-0.38631,0.0,118.835083,117.88090505,1.843040221427314,114.19482460714536,121.56698549285463,117.94323030368527,0.5809304909424355,0.002931238973249659
2015-01-14,-0.317916,0.127168,-0.945798,-0.466738,-0.466738,0.449853,-0.356062,0.069945,-0.168095,-0.232075,0.104119,0.0,118.280434,118.08161079999999,1.6355891101172841,114.81043257976542,121.35278902023457,117.97534494142953,0.5439057041563871,-0.004678310543583801
2015-01-15,0.85976,1.254138,-0.118317,0.762994,0.762994,-0.436975,-1.008043,-0.68675,-0.733157,-1.037385,-0.648364,1.0,119.182907,118.30910940000001,1.434761291206402,115.43958681758721,121.17863198241281,118.09035085176957,0.5806914728664054,0.007600982460887223
2015-01-16,-0.434511,0.093106,-0.644011,1.656417,1.656418,-1.624769,-2.371977,-2.195325,-2.131054,-2.544695,-2.236967,1.0,121.157074,118.57515134999998,1.4453644135945254,115.68442252281093,121.46588017718904,118.38241972302961,0.7603780725922888,0.016428489285156424
2015-01-20,0.263236,0.487759,-0.3097,0.217256,0.217257,-1.354911,-2.135339,-2.35264,-2.172114,-2.660888,-2.434451,0.0,121.420296,118.78290895,1.5425193317706705,115.69787028645867,121.86794761354135,118.67174127321726,0.9134906612938636,0.0021702115354837043
2015-01-21,-0.233175,0.124361,-0.505215,-0.387117,-0.387112,-0.6218,-1.245149,-1.906323,-1.727816,-2.154523,-2.064881,0.0,120.950264,118.86046555,1.6125388356021362,115.63538787879573,122.08554322120428,118.88874343767277,0.9855450865011477,-0.003878627744670188
2015-01-22,-0.685353,0.284918,-1.463116,0.932688,0.932689,-0.917915,-1.796554,-2.609995,-2.511941,-2.802716,-2.932908,1.0,122.078354,119.01181824999999,1.7661373839923002,115.47954348201539,122.5440930179846,119.19251587218012,1.1207567861763437,0.009283664709472455
2015-01-23,0.262221,0.424189,-0.123403,-0.15401,-0.154022,-0.320833,-1.484647,-2.244842,-2.249726,-2.414619,-2.749752,0.0,121.890327,119.1481292,1.8800418651223543,115.3880454697553,122.9082129302447,119.44945026530583,1.1989204165637517,-0.0015414030723734948
2015-01-26,-0.667378,0.341269,-0.667378,1.696743,1.696746,-1.531923,-2.68997,-3.562867,-3.68724,-3.780673,-4.211281,1.0,123.958496,119.38784860000001,2.1660861684202453,115.05567626315953,123.7200209368405,119.87888319241955,1.411478959840892,0.016825118488945627
2015-01-27,0.022883,0.480542,-0.167812,-0.576365,-0.57636,-0.665144,-1.739898,-2.610735,-3.014498,-3.028838,-3.528609,-1.0,123.244049,119.52886005,2.323178592656022,114.88250286468796,124.17521723531205,120.19937517409387,1.5049352776809428,-0.005780272118399402
2015-01-28,0.977472,1.122567,-0.190913,-0.114423,-0.114431,-0.201596,-1.280633,-2.048611,-2.766696,-2.797395,-3.254924,0.0,123.10302,119.69713325000001,2.4571138894196736,114.78290547116066,124.61136102883935,120.47591277656113,1.549755603308526,-0.0011449619918692552
2015-01-29,-0.506998,0.022701,-0.91562,0.916378,0.916391,-0.76126,-1.698072,-2.585952,-3.413547,-3.513282,-3.866063,1.0,124.231125,119.99043694999997,2.6335173748153533,114.72340220036926,125.25747169963068,120.83355203593626,1.6572014925801852,0.00912217617864703
2015-01-30,0.496701,0.876981,-0.124178,-2.497153,-2.497159,1.654632,0.980206,-0.025357,-0.809085,-0.977265,-1.225202,-1.0,121.128876,120.14883999999999,2.6000780270811124,114.94868394583777,125.34899605416221,120.86167812775186,1.4750244030627613,-0.025288672269268193
2015-02-02,-0.755199,0.03052,-1.052704,1.738448,1.738438,-0.199853,-0.576691,-1.478871,-2.297266,-2.537177,-2.712883,1.0,123.234627,120.40359999999998,2.6421083770361866,115.11938324592761,125.68781675407236,121.08767325844215,1.4834638069672081,0.017235005221273372
2015-02-03,-1.182306,0.053388,-1.281471,0.007636,0.007646,-0.207482,-0.436313,-1.229093,-2.009922,-2.453095,-2.558612,0.0,123.244049,120.76693959999997,2.497043743830746,115.77285211233848,125.76102708766146,121.29304237668576,1.47392191763916,7.64528612170726e-05
2015-02-04,-0.36177,1.17577,-0.36177,1.205177,1.205175,-1.135056,-1.318958,-2.090236,-2.778107,-3.454622,-3.576519,1.0,124.729355,121.26424035,2.217400476892142,116.8294393962157,125.69904130378428,121.62031024557282,1.5681351961697203,0.011979702173089041
2015-02-05,-0.576901,0.136627,-0.728713,-0.708463,-0.708456,-0.491887,-0.472152,-1.092059,-1.835063,-2.588745,-2.759485,-1.0,123.845703,121.5730565,2.1182665804457845,117.33652333910844,125.80958966089158,121.83225241266113,1.5535877739794728,-0.007109769816845569
2015-02-06,0.154354,0.710039,-0.154366,-1.647182,-1.647187,1.285785,1.187769,0.707977,-0.11423,-0.831063,-1.058636,-1.0,121.805733,121.66659439999998,2.083138489838908,117.50031742032216,125.8328713796778,121.82972675431245,1.3617528674318038,-0.01660903700407006
2015-02-09,0.24001,0.456795,-0.154844,-0.316434,-0.316436,1.308456,1.299937,1.042117,0.32208,-0.408178,-0.682617,0.0,121.420296,121.81136635,1.9496399674415792,117.91208641511685,125.71064628488315,121.79073334913983,1.1651892014194516,-0.003169375615148319
2015-02-10,-0.871226,0.160483,-0.871226,1.308456,1.308461,-0.038216,-0.027519,-0.176799,-0.789843,-1.465808,-1.895307,1.0,123.009033,122.03745504999999,1.8003394091569975,118.436776231686,125.63813386831399,121.90676188731699,1.1246446744705167,0.012999744181838068
2015-02-11,-0.167914,0.175543,-0.213707,0.129918,0.129914,-0.421306,-0.151885,-0.186232,-0.742636,-1.321327,-1.929732,0.0,123.168839,122.25414285,1.649066540061087,118.95600976987782,125.55227593012216,122.02695970757252,1.0928106129068738,0.0012982972120833087
2015-02-12,-0.326208,0.128962,-0.470346,0.610596,0.610598,-1.013505,-0.78289,-0.69287,-1.117438,-1.718409,-2.375467,1.0,123.920906,122.53616645,1.3967251127646894,119.74271622447061,125.32961667552938,122.20733554494657,1.1154096631016586,0.0060874183380047395
2015-02-13,-0.377387,0.226423,-0.377387,0.508267,0.508269,-1.073291,-1.009892,-1.052663,-1.401998,-2.067181,-2.692788,0.0,124.550758,122.804559,1.223444635108314,120.35766972978337,125.25144827021663,122.43051863590405,1.1706488544155178,0.0050698203485611
2015-02-17,-0.060571,0.461841,-0.060571,-0.30946,-0.309467,-0.324039,-0.627643,-0.734399,-0.974784,-1.581462,-2.228949,0.0,124.165314,122.954971,1.1948241596735267,120.56532268065294,125.34461931934706,122.59573724200843,1.1698390259073932,-0.003099472466510478
2015-02-18,-0.372689,0.149073,-0.380151,1.574805,1.57481,-1.37597,-1.940221,-2.12135,-2.32372,-2.865238,-3.476698,1.0,126.120682,123.1899903,1.3315267855221966,120.52693672895562,125.85304387104439,122.93144626657904,1.3118568180915418,0.01562538707817266
2015-02-19,-0.576581,0.155238,-0.665282,0.83482,0.834825,-1.562686,-2.559876,-2.718315,-2.887718,-3.407159,-3.951068,1.0,127.173569,123.50115555,1.4974075340001913,120.50634048199962,126.49597061800037,123.33545795547629,1.4921653695965773,0.008313596223396495
2015-02-20,-0.701236,0.065749,-0.759674,1.197513,1.1975,-1.985379,-3.335998,-3.638166,-3.779754,-4.226431,-4.802033,1.0,128.696472,123.83206145000001,1.8549979657613087,120.1220655184774,127.54205738152262,123.8460307216214,1.73791315929887,0.01190386320493404
2015-02-23,-0.058404,0.160608,-0.416113,0.058438,0.058441,-1.387059,-2.851503,-3.29877,-3.568761,-3.984515,-4.628892,0.0,128.771683,124.17612925,2.098134597177181,119.97986005564564,128.37239844435436,124.31514046241936,1.9166450610964034,0.0005842353757443698
2015-02-24,-0.534907,0.260229,-0.795136,0.992846,0.992856,-1.451501,-3.142983,-3.900054,-4.282567,-4.65491,-5.271073,1.0,130.050201,124.4807145,2.4734710127976802,119.53377247440464,129.42765652559535,124.86133670409372,2.136825108817007,0.009879600438185313
2015-02-25,-0.051138,0.19727,-0.350695,-1.0626,-1.06261,0.002927,-1.662884,-2.586874,-3.043756,-3.405559,-3.989909,-1.0,128.668274,124.75192575000001,2.6235604607848315,119.50480482843035,129.9990466715697,125.22390216084669,2.1747403700361048,-0.010682964506193141
2015-02-26,0.058481,0.482459,-0.124268,-0.051138,-0.051136,0.276312,-1.190058,-2.336255,-2.780335,-3.118128,-3.687621,0.0,128.602478,125.02689864999999,2.7277712213008583,119.57135620739828,130.4824410926017,125.5456712883851,2.174414009224435,-0.0005114922774781181
2015-02-27,-0.014766,0.317654,-0.014766,-1.045327,-1.04532,1.109548,0.115976,-1.125804,-1.63441,-1.931891,-2.435055,-1.0,127.258171,125.17825095,2.7650178556853855,119.64821523862923,130.70828666137078,125.70876649901508,2.0421405013609046,-0.010508215119330243
2015-03-02,-0.456315,0.095683,-0.456315,0.369358,0.369347,0.574085,-0.003673,-1.18053,-1.738049,-2.109948,-2.571075,0.0,127.728195,125.50821690000001,2.6476243344610593,120.2129682310779,130.80346556892212,125.90109302291842,1.9527299467514467,0.00368666403411143
2015-03-03,-0.022156,0.324965,-0.243713,-0.34592,-0.345923,0.488929,0.588636,-0.530268,-1.2378,-1.66557,-2.072365,0.0,127.286354,125.71080325,2.619362253047039,120.47207874390593,130.94952775609408,126.03302263978333,1.8251790342027192,-0.0034652253674171897
2015-03-04,-0.088555,0.051647,-0.826454,0.088634,0.088643,0.200701,0.599904,-0.388631,-1.162193,-1.6222,-2.00266,0.0,127.399185,125.91856005,2.577867461028708,120.76282512794258,131.0742949720574,126.16313334075633,1.7134469855197807,0.0008860417267875709
2015-03-05,0.044487,0.385474,-0.185322,-0.457504,-0.457503,0.379539,1.034097,0.260935,-0.625646,-1.052926,-1.39807,0.0,126.81633,126.02290879999998,2.5694216150888267,120.88406556982233,131.16175203017764,126.22534254639858,1.5598856142095485,-0.004585526743401321
2015-03-06,0.318784,0.808064,-0.140857,-0.007409,-0.007412,0.315809,0.892577,0.420094,-0.501519,-0.96434,-1.266463,0.0,126.806931,126.17097019999999,2.522244650231095,121.1264808995378,131.21545950046217,126.28073192293205,1.4210477464968818,-7.411780739067516e-05
2015-03-09,0.081248,0.192034,-0.332371,0.370672,0.370679,-0.125571,0.402533,0.19203,-0.654043,-1.13687,-1.490022,0.0,127.276978,126.44453245,2.311798966693125,121.82093451661375,131.06813038338623,126.37561250170042,1.3335739897818542,0.0036999394261335128
2015-03-10,0.344074,0.516122,-0.067317,-1.25563,-1.255637,0.888624,1.331435,1.546361,0.778666,0.19807,-0.191737,-1.0,125.678841,126.6574597,1.9997426939866711,122.65797431202667,130.65694508797336,126.30925331106228,1.122356283070289,-0.012635868747070941
2015-03-11,0.149251,0.335819,-0.126864,0.231878,0.231877,0.428361,0.882836,1.303483,0.663061,0.052838,-0.350495,0.0,125.970261,126.8055211,1.8166369608864783,123.17224717822705,130.43879502177296,126.27696832905634,0.9673291193154228,0.0023160832123341954
2015-03-12,-0.988876,0.101795,-0.988876,2.634328,2.634337,-1.766891,-1.653464,-1.187628,-1.684003,-2.374178,-2.748739,1.0,129.288742,127.11151625,1.6822837831006483,123.74694868379869,130.47608381620128,126.56380391676527,1.0995675281192518,0.02600235787097661
2015-03-13,-0.227654,0.154224,-0.5214,-0.988876,-0.988887,-0.597776,-0.612466,-0.236465,-0.542332,-1.268996,-1.679023,-1.0,128.010223,127.3159821,1.5141968548506375,124.28758839029872,130.34437580970126,126.70155811516857,1.0886523153231877,-0.009938085237024748
2015-03-16,-0.116349,0.45084,-0.26178,0.991412,0.991421,-1.263822,-1.468157,-1.189653,-1.335814,-2.006988,-2.434077,1.0,129.279343,127.55241135000001,1.4263201841187991,124.69977098176241,130.40505171823762,126.94706143753346,1.1689345581146,0.009865384849394589
2015-03-17,0.09491,0.299349,-0.262851,-0.407211,-0.407226,-0.382588,-0.951367,-0.8528,-0.754231,-1.3785,-1.892274,0.0,128.752884,127.78178985000002,1.204592359191874,125.37260513161628,130.19097456838378,127.11904453872076,1.1765158302946048,-0.0040805734743284815
2015-03-18,-0.699597,0.128493,-1.135064,2.278034,2.278041,-1.733294,-2.831952,-2.908338,-2.753427,-3.311536,-3.863743,1.0,131.685928,128.06005215,1.4235653819598224,125.21292138608034,130.90718291391963,127.55398582074734,1.4030230055889632,0.022524814848502824
2015-03-19,0.028546,0.349743,-0.321208,0.01428,0.014276,-1.380441,-2.474658,-2.765166,-2.595288,-3.066093,-3.700925,0.0,131.704727,128.28661004999998,1.6218161081349611,125.04297783373006,131.5302422662699,127.94929450448569,1.5659966613826697,0.00014274614284957594
2015-03-20,-0.314485,0.286536,-0.39136,2.134183,2.134185,-2.473961,-3.939471,-4.437294,-4.414348,-4.776568,-5.448778,1.0,134.515549,128.5775639,2.138790522107592,124.29998285578482,132.8551449442152,128.57465207548705,1.9000615750514527,0.021117298023674957
2015-03-23,0.006878,0.330303,-0.254617,1.558467,1.558462,-2.897054,-4.730247,-5.470223,-5.594202,-5.884665,-6.538439,1.0,136.611923,128.9695759,2.7942972830163306,123.38098133396733,134.55817046603266,129.3401064492502,2.307372335617572,0.015464429060658369
2015-03-24,0.491276,0.491276,-0.08304,-0.550511,-0.550508,-1.313313,-3.453499,-4.526244,-4.857803,-5.019372,-5.666801,-1.0,135.859863,129.260059,3.18693505538456,122.8861888892309,135.63392911076915,129.9610356445597,2.5402022211252984,-0.005520291996998275
2015-03-25,1.001323,1.001323,-0.02086,-0.491286,-0.491278,-0.307353,-2.294695,-3.670584,-4.146791,-4.282039,-4.900679,0.0,135.192413,129.58626595,3.4465004440665368,122.69326506186694,136.47926683813307,130.45926205936354,2.640426749986034,-0.00492489020130842
2015-03-26,-0.076865,0.384322,-0.279501,-0.486751,-0.486751,0.600931,-1.426878,-2.81695,-3.457483,-3.595,-4.153916,0.0,134.534363,129.8828602,3.6088006727053887,122.66525885458924,137.10046154541078,130.84736691085274,2.636365890831513,-0.0048793917708496275
2015-03-27,-0.042133,0.077248,-0.477523,-0.496127,0.922756,-0.133247,-1.756211,-3.265137,-4.026525,-4.267891,-4.739215,1.0,135.775787,130.308741,3.781224442234271,122.74629211553146,137.87118988446855,131.3167402526763,2.7021712246468326,0.009185246858874195
2015-03-30,-0.617331,0.273588,-0.820763,0.105343,0.105336,-0.340322,-1.371101,-2.943054,-3.826208,-4.15829,-4.560658,0.0,135.918808,130.71827165,3.9277342764997707,122.86280309700045,138.57374020299955,131.75503241908808,2.734343218665714,0.0010528072022222418
2015-03-31,0.707703,0.750592,-0.128667,-1.866015,-1.866007,1.183237,0.851415,-0.712483,-1.768951,-2.235936,-2.515543,-1.0,133.382553,131.0230816,3.883683741204508,123.255714117591,138.79044908240903,131.91003437917493,2.526066254222769,-0.018836369638897805
2015-04-01,-0.108315,0.129988,-0.512704,-1.007937,-1.007932,1.735699,1.904954,0.604828,-0.593099,-1.138419,-1.373574,-1.0,132.038147,131.2550297,3.793337104708048,123.66835549058389,138.84170390941608,131.92223558115828,2.2268531538276193,-0.010130464561351032
2015-04-02,-0.135696,0.628474,-0.278531,1.11208,1.112079,0.462784,0.919113,-0.291058,-1.435868,-2.078816,-2.300196,1.0,133.506516,131.589539,3.6744346325281207,124.24066973494376,138.93840826505624,132.07311943057178,2.084184540653922,0.011059412377602267
2015-04-06,-0.455062,0.405296,-0.455062,0.44279,0.442792,-0.230379,0.44306,-0.427977,-1.598533,-2.306477,-2.596636,0.0,134.097672,131.95407605,3.533952417942042,124.88617121411592,139.0219808858841,132.26593396099352,1.9958134899832771,0.00441814432002378
2015-04-07,0.271976,0.658458,-0.050105,-0.654151,-0.654149,0.021467,0.849859,0.424884,-0.727533,-1.4983,-1.843963,-1.0,133.220474,132.25125085000002,3.3658488764010888,125.51955309719784,138.9829486028022,132.356842536137,1.8338566897144801,-0.006562974954947883
2015-04-08,-0.057168,0.30727,-0.285843,0.157458,0.157456,-0.128627,0.509225,0.500706,-0.593131,-1.46897,-1.913833,0.0,133.430237,132.63882065,2.9950754724232245,126.64866970515357,138.62897159484646,132.45907058031443,1.7028020377692314,0.0015733169619736838
2015-04-09,-0.578942,0.15009,-0.650421,-0.021436,-0.021442,0.097209,0.39654,0.608001,-0.293278,-1.267857,-1.774524,0.0,133.401627,133.01038895,2.5525012533159135,127.90538644336817,138.1153914566318,132.54883785837973,1.5784364610284172,-0.0002144421560511414
2015-04-10,-0.673102,0.121742,-0.708908,-0.185841,-0.185849,0.230591,0.479784,0.867874,0.037502,-0.893646,-1.477699,0.0,133.153702,133.20363695,2.3975094219142323,128.40861810617153,137.99865579382848,132.60644396710546,1.443233670578735,-0.0018602147060676432
2015-04-13,0.079965,0.319862,-0.261705,-1.496596,-1.49658,1.305608,1.654546,2.22987,1.677499,0.744879,0.118353,-1.0,131.16095,133.3611733,2.1264950731117422,129.1081831537765,137.61416344622347,132.46877787500017,1.1618924795360783,-0.01507892009075334
2015-04-14,0.021634,0.230775,-0.382229,0.799655,0.79965,0.349052,0.567573,1.196897,0.98171,0.094906,-0.5629,1.0,132.209778,133.50769505,1.9215213914445977,129.6646522671108,137.3507378328892,132.44411122023826,1.0118947204053654,0.007964693361657857
2015-04-15,0.107847,0.215705,-0.287611,0.302898,0.302891,-0.07765,0.205643,0.727939,0.822209,0.001719,-0.729353,0.0,132.610229,133.7005623,1.5829005083116698,130.53476128337667,136.86636331662334,132.45993196116794,0.9147883539023383,0.003024328182493173
2015-04-16,0.143903,0.374157,-0.136712,-0.071905,-0.071904,-0.139584,0.313723,0.665715,0.926034,0.271227,-0.52924,0.0,132.514877,133.74200975,1.5375757886450745,130.66685817270985,136.81716132729014,132.4651648220091,0.8206765014694497,-0.0007192981875595697
2015-04-17,0.404545,0.433436,-0.310621,-0.395743,-0.39574,0.080912,0.59742,0.937183,1.337849,0.751493,-0.003361,0.0,131.990463,133.75629655,1.5188631408431428,130.71857026831373,136.79402283168628,132.41995512467489,0.6957561099454495,-0.003965248392503438
2015-04-20,0.007215,0.439703,-0.064872,0.216718,0.216714,0.033162,0.242204,0.542549,1.034076,0.662633,-0.081768,0.0,132.276505,133.64434435,1.5422917400746907,130.55976086985063,136.7289278301494,132.4062932080392,0.612773329008462,0.0021647965606324056
2015-04-21,0.028298,0.403306,-0.03538,1.874148,1.874153,-1.429284,-1.488009,-1.364655,-0.893501,-1.026679,-1.734947,1.0,134.755569,133.55152665,1.40395319851362,130.74362025297276,136.35943304702724,132.6300337596545,0.7385352490263983,0.018568070784165787
2015-04-22,-0.134126,0.162357,-0.345903,0.233497,0.233509,-1.294664,-1.59609,-1.511143,-1.153615,-1.070169,-1.732105,0.0,135.070236,133.5120453,1.3455089612994535,130.8210273774011,136.20306322259893,132.86243397302073,0.8537519527552604,0.0023323724923048723
2015-04-23,0.092183,0.177267,-0.290721,-0.44473,-0.444738,-0.563003,-1.07708,-0.950627,-0.738924,-0.545423,-1.082432,0.0,134.469528,133.47590105,1.3071564620890148,130.86158812582198,136.09021397417803,133.01549054701877,0.8863723565000328,-0.004457294060295754
2015-04-24,0.0354,0.184119,-0.162886,0.127638,0.127636,-0.296016,-1.092704,-1.020707,-0.861489,-0.584964,-1.076014,0.0,134.641159,133.48124085,1.3119173680733955,130.85740611385322,136.1050755861468,133.17031611396936,0.9155199052288481,0.0012755422327051177
2015-04-27,0.213282,0.419448,-0.078203,-0.389493,-0.38949,0.368263,-0.485574,-0.632737,-0.535695,-0.208132,-0.537437,0.0,134.116745,133.39828874999998,1.2074923755823137,130.98330399883534,135.81327350116462,133.26045219835325,0.8860894330907172,-0.003902505993267787
2015-04-28,0.084468,0.549062,-0.323801,0.995304,0.995304,-0.518087,-1.226948,-1.502184,-1.533156,-1.225841,-1.365742,1.0,135.451614,133.37492905,1.1597398230384564,131.0554494039231,135.6944086960769,133.46913427470056,0.9594187619501326,0.009903832303754452
2015-04-29,0.383556,1.193272,-0.51139,-0.893992,-0.894,0.255711,-0.214495,-0.573423,-0.61296,-0.383082,-0.33973,-1.0,134.240677,133.41783525,1.1757992854589785,131.06623667908204,135.76943382091795,133.5426145342529,0.9093380052223097,-0.008980198383836034
2015-04-30,0.704932,0.935119,-0.222987,-1.257184,-1.257185,1.242989,1.058843,0.649788,0.671848,0.805584,0.95094,-1.0,132.553024,133.4435791,1.1493402947300542,131.1448985105399,135.7422596894601,133.448367816705,0.7251105290939677,-0.012651539405138025
2015-05-01,-0.864538,0.0,-0.885972,0.676164,0.676172,0.384389,0.489419,-0.011439,-0.006438,0.09602,0.3165,1.0,133.44931,133.44071879999998,1.1492466024639698,131.14222559507203,135.73921200492794,133.44845754844738,0.6440079933342417,0.006738958854093408
2015-05-04,-0.192778,0.264169,-0.342707,0.071443,0.071441,0.227046,0.51264,0.036175,-0.098528,-0.042267,0.22065,0.0,133.544647,133.41306755,1.1392173916532227,131.13463276669356,135.69150233330643,133.45761844859527,0.5807322289260526,0.0007141510251628042
2015-05-05,1.388589,1.635769,-0.072705,-1.792086,-1.792085,1.400215,2.071973,1.807824,1.64558,1.636348,1.91068,-1.0,131.151413,133.3096145,1.2465203652865073,130.81657376942698,135.80265523057304,133.23797983444334,0.3336259151712113,-0.01808337620866214
2015-05-06,0.116654,0.605133,-0.481193,-0.283533,-0.283533,1.159229,2.034119,2.003982,1.833256,1.845724,2.070963,0.0,130.779556,133.17708045,1.3680140838405093,130.441052282319,135.91310861768102,133.00384423116301,0.10655829140122819,-0.002839353064994552
2015-05-07,-0.768559,0.101508,-0.783064,0.554093,0.554093,0.442289,1.246377,1.390663,1.199972,1.268273,1.415024,1.0,131.504196,133.0822089,1.4165543285340114,130.249100242932,135.91531755706802,132.86102059009986,-0.014751992651042656,0.005525632741154553
2015-05-08,-1.843509,0.154799,-1.934985,3.045241,3.045244,-2.222065,-1.681676,-1.432591,-1.703841,-1.665353,-1.558073,1.0,135.50882,133.1999648,1.5171284904762472,130.1657078190475,136.2342217809525,133.1131919624713,0.20982963656899756,0.029997970598276164
2015-05-11,0.312847,0.662062,-0.021825,-3.285954,-3.285955,0.720263,1.425246,1.854252,1.631866,1.58283,1.666545,-1.0,131.056061,133.19472035,1.524710332102797,130.1452996857944,136.2441410142056,132.9172747279502,0.02818683739300809,-0.03341155222924742
2015-05-12,-0.108971,0.283306,-0.479445,0.152788,0.15279,0.582589,0.950887,1.521134,1.440498,1.368001,1.393039,0.0,131.256302,133.14704655,1.5713217497291165,130.00440305054175,136.28969004945824,132.7590868490978,-0.09847347349864322,0.0015267373341118198
2015-05-13,0.534337,0.966189,-0.073189,-0.755491,-0.755497,1.26922,1.414148,2.048023,2.122682,2.042459,2.085108,-1.0,130.264664,133.0297683,1.6960769146281847,129.63761447074364,136.42192212925636,132.52152276823134,-0.27569158062459564,-0.007583657767421089
2015-05-14,-0.159479,0.029002,-0.717644,0.973505,0.9735,0.297216,0.358834,0.915316,1.10077,1.00182,1.088084,1.0,131.532791,132.980664,1.7257258495254784,129.52921230094904,136.43211569905094,132.42735783792358,-0.31023476335150235,0.009687923959495963
2015-05-15,-0.516611,0.014353,-0.516611,1.029357,1.029358,-1.119317,-0.706027,-0.200896,0.104407,-0.035293,0.042581,1.0,132.886734,133.02547755,1.710226580647558,129.6050243887049,136.44593071129512,132.47110794859753,-0.2257562226007508,0.010240959574609272
2015-05-18,-0.028684,0.043041,-0.200817,0.043049,0.043048,-0.877853,-0.793937,-0.302651,0.086435,-0.024661,-0.029394,0.0,132.943939,133.05884925,1.7013313584425616,129.6561865331149,136.46151196688513,132.51613947730254,-0.15243324939032732,0.0004303867588901696
2015-05-19,0.229346,0.508855,-0.179173,0.071725,0.071723,-0.680857,-0.723136,-0.494989,-0.049802,-0.071375,-0.105585,0.0,133.039291,132.97303534999998,1.6538676129099827,129.66530012418002,136.28077057581993,132.56596343184515,-0.08564291710990801,0.0007169775634702667
2015-05-20,0.136682,0.460398,-0.172643,-0.372683,-0.372686,0.034535,-0.218679,-0.208126,0.228774,0.300423,0.245799,0.0,132.543472,132.84669715,1.5800954473058422,129.68650625538834,136.00688804461169,132.56382139071704,-0.07189083435903854,-0.0037338234638041
2015-05-21,-0.473324,0.078888,-0.473324,0.309335,0.309347,-0.060251,-0.41739,-0.495796,-0.137338,0.0043,-0.074587,0.0,132.953491,132.77089529999998,1.5338331306129716,129.70322903877403,135.83856156122593,132.6009327820773,-0.027589073407682463,0.003088693153645886
2015-05-22,-0.17364,0.318335,-0.224278,-0.874929,-0.874921,0.655463,0.179411,0.298547,0.635932,0.880905,0.772913,-1.0,131.790253,132.62835,1.4824877232246287,129.66337455355077,135.59332544644926,132.52372518378422,-0.08535922567190823,-0.008787708961296995
2015-05-26,0.55919,0.55919,-0.40668,-0.376215,-0.376218,0.784309,0.575884,0.563055,0.908493,1.231951,1.156859,0.0,131.294434,132.48723445000002,1.467603979831312,129.5520264903374,135.42244240966264,132.40664983294764,-0.1692004990906355,-0.003769277434432677
2015-05-27,-0.036033,0.165739,-0.331488,0.777057,0.777045,-0.102325,-0.119623,-0.15373,0.011892,0.377607,0.379528,1.0,132.314651,132.33038630000001,1.2911353526482403,129.74811559470353,134.9126570052965,132.39788803933357,-0.15157506374529817,0.007740416790057082
2015-05-28,-0.636896,0.157437,-0.658364,0.698999,0.699013,-0.691291,-0.58968,-0.723738,-0.71992,-0.374135,-0.301524,1.0,133.239548,132.28032985,1.2311917836156694,129.81794628276865,134.74271341723133,132.47804613082562,-0.06225765356029456,0.006965815214715073
2015-05-29,0.616438,0.616438,-0.275585,-1.323891,-1.323903,0.416281,0.739722,0.606766,0.571111,0.871423,1.009746,-1.0,131.475586,132.22645795,1.2421551281476817,129.74214769370462,134.71076820629537,132.38257373741365,-0.1322850540869922,-0.01332744435846203
2015-06-01,0.408043,0.539195,-0.313325,-0.471386,-0.471381,0.74905,1.061638,0.8462,0.948333,1.233454,1.45924,0.0,130.855835,132.0967842,1.2431490656982804,129.61048606860345,134.58308233139655,132.23717004813616,-0.23508113080634985,-0.004724955559214028
2015-06-02,0.124477,0.424681,-0.073227,-0.488194,-0.488201,1.077838,1.348027,1.29799,1.315809,1.61031,1.904275,0.0,130.216995,131.9304016,1.2617158273044469,129.40696994539113,134.4538332546089,132.04477242450415,-0.36390197574823446,-0.004893969817293861
2015-06-03,0.050926,0.320142,-0.320141,0.637032,0.637047,0.244464,0.554415,0.646088,0.670463,0.832643,1.164862,1.0,131.046539,131.9251579,1.2653364370061992,129.3944850259876,134.45583077401238,131.94970257455137,-0.3945085069619836,0.006350268443314106
2015-06-04,0.058449,0.496889,-0.160761,-0.429275,-0.429283,0.254291,0.830104,1.091213,1.093162,1.152205,1.483858,0.0,130.483978,131.91037899999998,1.2810496754958305,129.3482796490083,134.47247835099165,131.81010975792742,-0.4588688205116398,-0.004302074374356742
2015-06-05,0.354225,0.354225,-0.184488,-0.979182,-0.979196,0.894416,1.537175,1.970842,2.003927,2.048869,2.351627,-1.0,129.206284,131.79548340000002,1.4154003025408115,128.9646827949184,134.62628400508166,131.56212635241053,-0.6059886009792024,-0.009840217342428719
2015-06-08,0.32295,0.563275,-0.398047,-1.74157,-1.741561,2.068351,2.956073,3.466774,3.475035,3.653031,3.963959,-1.0,126.956078,131.3678463,1.5224168536096532,128.32301259278069,134.4126800072193,131.1234550807524,-0.8938511457788252,-0.01756904381503129
2015-06-09,0.151169,0.332579,-0.28723,-0.638371,-0.638369,2.078607,3.209372,3.772233,3.945198,4.084352,4.421263,-1.0,126.14563,131.12232475,1.919512339760178,127.28330007047964,134.96134942952034,130.64937650163313,-1.1738492632625253,-0.006404150934586655
2015-06-10,-0.29798,0.26072,-0.379923,1.466366,1.46637,0.12663,1.380358,2.009827,2.31562,2.481518,2.71801,1.0,127.995392,130.95927925,2.0421107068995235,126.87505783620097,135.04350066379905,130.39661607290617,-1.2322844463251101,0.014557230084598069
2015-06-11,0.044394,0.24412,-0.207131,0.700229,0.700224,-0.816687,0.338074,1.111613,1.550901,1.710318,1.865421,1.0,128.891647,130.8906284,2.0892262561334762,126.71217588773304,135.06908091226694,130.25328568501035,-1.1925277442080073,0.00697784240156219
2015-06-12,-0.029528,0.280456,-0.295231,0.229333,0.229323,-1.046567,-0.068633,0.685914,1.227772,1.405867,1.545509,0.0,129.187225,130.77335010000002,2.1169315801079325,126.53948693978415,135.00721326021588,130.15175609596173,-1.124210399310499,0.0022906030776365465
2015-06-15,-0.228764,0.23615,-0.250902,0.014754,0.014753,-0.712851,-0.211041,0.537737,1.070415,1.195793,1.421066,0.0,129.206284,130.5893276,2.0832490568589623,126.42282948628207,134.7558257137179,130.06171113444157,-1.0563535234014978,0.00014751918582111222
2015-06-16,-0.26459,0.080847,-0.404236,0.405876,0.405885,-0.561518,-0.651917,0.050961,0.538002,0.745851,0.913081,0.0,129.730713,130.42866629999997,2.014883947880977,126.39889840423803,134.45843419576192,130.03018750259,-0.9493162955707817,0.0040506356614131486
2015-06-17,-0.415212,0.163121,-0.830426,-0.874616,-0.874615,0.40928,0.034108,0.740964,1.252321,1.552016,1.737233,-1.0,128.596069,130.2065052,1.955980432549211,126.29454433490159,134.11846606509843,129.89360478805762,-0.9451497119932242,-0.008784619913348782
2015-06-18,-0.72873,0.275141,-0.72873,-0.289167,-0.289154,0.596358,0.147965,0.772348,1.37752,1.782858,1.965835,0.0,128.224228,129.990543,1.9225332142028895,126.14547657159423,133.83560942840577,129.7346165225283,-0.9607768876860803,-0.002895731094274563
2015-06-19,0.343226,0.447688,-0.059694,-0.342052,-0.342056,0.722269,0.380528,0.925722,1.523271,2.014912,2.218812,0.0,127.785629,129.73214990000002,1.8492358343336732,126.03367823133267,133.43062156866736,129.5489986632399,-0.9970593314604059,-0.003426426109135423
2015-06-22,-0.236191,0.642169,-0.236191,1.089384,1.089371,-0.367574,-0.529223,-0.248493,0.328101,0.800716,0.9539,1.0,129.177689,129.6015217,1.7874438413759768,126.02663401724806,133.17640938275196,129.51363583816945,-0.9030757266515934,0.010834804196809255
2015-06-23,-0.109416,0.109405,-0.226122,1.195756,1.195765,-1.39315,-1.354495,-1.40142,-0.879294,-0.45836,-0.247517,1.0,130.722351,129.57291755,1.7633415729008424,126.04623440419832,133.09960069580168,129.6287515678676,-0.6959294866828145,0.01188672527799927
2015-06-24,0.450518,0.450518,-0.051693,-1.23998,-1.239988,-0.076799,-0.030275,-0.263903,0.240776,0.669432,0.949293,-1.0,129.10141,129.4122555,1.6426401682455438,126.1269751635089,132.69753583649108,129.57852856140403,-0.655010438426018,-0.01247739639705702
2015-06-25,0.355906,0.474531,-0.014821,-0.391432,-0.391429,0.373698,0.339589,0.030155,0.454145,0.942246,1.30274,0.0,128.596069,129.18008155,1.3804454922690699,126.41919056546188,131.94097253453816,129.48496098412747,-0.6557989511772178,-0.00392197587434165
2015-06-26,-0.088595,0.310053,-0.228859,0.437467,0.437464,0.149119,-0.099663,-0.407995,-0.073086,0.385058,0.800235,0.0,129.15863,129.06423375,1.2705090280986655,126.52321569380267,131.60525180619734,129.45388184278198,-0.6040665785329793,0.004365095150062939
2015-06-29,1.24576,1.268409,-0.037752,-2.222065,-2.222064,1.967538,1.939604,1.820061,2.016991,2.492115,2.916828,-1.0,126.288643,128.83587415,1.3400859645120873,126.15570222097583,131.51604607902416,129.1524305244218,-0.785596399640383,-0.02247123434485933
2015-06-30,0.351403,0.545791,-0.14953,0.981505,0.981507,0.475511,0.776075,0.902678,0.919999,1.377794,1.774953,1.0,127.528175,128.70143315,1.329065205092201,126.04330273981562,131.35956356018443,128.9977395220959,-0.8199879073497129,0.009767216088177818
2015-07-01,0.089817,0.179633,-0.344317,-0.112145,-0.112142,0.318855,0.794156,0.984023,0.889587,1.336819,1.741261,0.0,127.385162,128.5183643,1.238093531968856,126.04217723606229,130.99455136393772,128.84416071046772,-0.8489966737048746,-0.001122052040803737
2015-07-02,-0.022598,0.135588,-0.24106,-0.636232,-0.63623,0.641805,1.309224,1.508595,1.381162,1.775061,2.235527,-1.0,126.574699,128.32290035,1.2198945327570918,125.8831112844858,130.7626894155142,128.62802149994698,-0.9267014829722768,-0.00638262872085533
2015-07-06,-0.361633,0.278769,-0.452039,-0.015069,-0.015069,0.245611,1.227302,1.385266,1.291718,1.634896,2.082422,0.0,126.555626,128.19036745,1.2621265119962728,125.66611442600745,130.71462047399254,128.43065049995204,-0.9785421115097392,-0.00015069707697871798
2015-07-07,-0.090656,0.120855,-1.231308,-0.263686,-0.263692,0.500076,1.260762,1.495692,1.53044,1.756758,2.205265,0.0,126.221909,128.153659,1.3096948485562443,125.53426930288751,130.7730486971125,128.22029416662326,-1.034627810660055,-0.0026404023117157127
2015-07-08,1.561158,1.584574,-0.132698,-3.225566,-3.225562,2.969324,3.934116,4.464911,4.750991,4.884236,5.362316,-1.0,122.150543,127.95390465,1.832425722887501,124.289053204225,131.618756095775,127.64222262694486,-1.3915603007560549,-0.032787297379772005
2015-07-09,0.875769,1.16252,-0.077506,0.718131,0.718128,1.52678,2.699375,3.41833,3.802217,3.875689,4.359453,1.0,123.02774,127.70552204999998,2.1377483876258156,123.43002527474836,131.98101882525162,127.20274809104535,-1.5853741969765025,0.0071556153520411616
2015-07-10,-0.729932,0.266112,-1.21655,1.929788,1.929783,-0.582418,0.500307,1.310323,1.697842,1.746959,2.175336,1.0,125.401909,127.53103515000001,2.177881905947577,123.17527133810485,131.88679896189515,127.0312396061839,-1.529763349890203,0.019113992968450837
2015-07-13,-0.314747,0.134887,-0.314747,1.459852,1.459863,-1.90648,-1.097128,-0.176365,0.157742,0.220916,0.594018,1.0,127.232605,127.43330415,2.143230359414308,123.14684343117138,131.7197648688286,127.05041726273782,-1.3227219699805488,0.01449309530737339
2015-07-14,-0.239784,0.187336,-0.389662,0.00749,0.007489,-1.753466,-1.029599,-0.285252,0.07306,0.222403,0.491817,0.0,127.242134,127.33509665,2.1023230924185277,123.13045046516294,131.53974283483706,127.06867599961994,-1.144676159852139,7.489152001406155e-05
2015-07-15,0.059707,0.470177,-0.149274,0.404652,0.404656,-1.271745,-1.410562,-0.841865,-0.407504,-0.131067,0.022626,0.0,127.757027,127.23641235,2.028997172781371,123.17841800443725,131.29440669556274,127.13423323775137,-0.951062751234673,0.004038395246066609
2015-07-16,0.346174,0.456651,-0.081019,1.328457,1.328444,-1.573245,-2.543268,-2.123687,-1.680045,-1.3953,-1.329699,1.0,129.454208,127.2793193,2.067962284956467,123.14339473008707,131.41524386991293,127.35518321510838,-0.6531453541556544,0.01319697898669218
2015-07-17,-0.487592,0.096043,-0.487592,-0.301983,-0.301983,-0.707736,-2.055255,-1.803089,-1.34973,-1.091309,-1.067522,0.0,129.063278,127.3212718,2.0964550050387727,123.12836178992247,131.51418181007756,127.51785890890758,-0.4434763353142017,-0.0030244012042298534
2015-07-20,0.184447,0.420546,-0.095905,0.132973,0.13297,-0.529722,-1.978002,-1.929554,-1.424661,-1.221179,-1.19816,0.0,129.234894,127.39373504999999,2.1379854270344327,123.11776419593113,131.66970590406885,127.68138606044019,-0.26046170989351936,0.0013288210591966432
2015-07-21,0.260111,0.349287,-0.3047,-0.72303,-0.723014,0.359684,-1.102118,-1.110787,-0.740941,-0.530032,-0.443677,-1.0,128.300507,127.34987594999998,2.1082534964246724,123.13336895715064,131.56638294284932,127.74034995944588,-0.18864395254234978,-0.007256408994003814
2015-07-22,-0.141803,0.328374,-0.141803,-0.423598,-0.423599,0.786615,-0.242565,-0.678169,-0.434745,-0.16868,0.02188,0.0,127.757027,127.20160974999999,1.9574748770579007,123.2866599958842,131.1165595041158,127.74193824902245,-0.17358122011573585,-0.004244989847655048
2015-07-23,0.330208,0.502813,-0.127578,-0.552284,-0.552296,0.96811,0.628149,-0.144084,0.037529,0.337116,0.552599,-1.0,127.05143,127.09911075,1.9057481202560982,123.2876145094878,130.91060699051218,127.67617555863937,-0.21608874063485928,-0.00553826832780102
2015-07-24,0.807236,1.010936,-0.173516,-0.525326,-0.525327,1.077332,1.237273,0.373196,0.478314,0.808755,1.01748,-1.0,126.383995,126.98850705,1.878289886038751,123.2319272779225,130.7450868220775,127.55311074353087,-0.30017248188904944,-0.005267113253994192
2015-07-27,-0.220042,0.060704,-0.440083,-0.573376,-0.573376,1.09114,1.69589,0.90448,0.918517,1.322417,1.506447,-1.0,125.65934,126.81354255000001,1.8278040452296078,123.1579344595408,130.46915064045922,127.37275162509935,-0.4204365243886059,-0.005750257167109688
2015-07-28,-0.576452,0.060681,-1.114989,0.037941,0.037941,0.640176,1.535202,0.838904,0.857108,1.173552,1.37516,0.0,125.707016,126.78446120000001,1.8411731371358786,123.10211492572826,130.46680747427177,127.21411013699466,-0.5060659762114881,0.0003793347791674309
2015-07-29,-0.648714,0.203658,-0.73169,0.55371,0.553711,-0.12824,0.868972,0.507907,0.257222,0.479745,0.729174,1.0,126.403069,126.72820589999999,1.8344296190204805,123.05934666195903,130.39706513804094,127.13686812394755,-0.5118618489933624,0.005521832009141948
2015-07-30,-0.204131,0.120956,-0.771153,-0.226298,-0.226294,-0.049904,0.83314,0.899168,0.434336,0.612986,0.892112,0.0,126.117027,126.66479915,1.8324422663012676,122.99991461739745,130.32968368260254,127.0397403978573,-0.533387756739927,-0.00226549987009591
2015-07-31,0.037455,0.187322,-0.307211,0.899677,0.899681,-0.804745,-0.208311,0.0964,-0.434595,-0.326398,-0.032977,1.0,127.251678,126.69864809999999,1.8369374147211306,123.02477327055773,130.37252292944225,127.0599249313947,-0.4536608211369213,0.008956580372964202
2015-08-03,-0.555632,0.157686,-0.886014,-0.209811,-0.209819,-0.387437,-0.175693,0.293847,-0.208355,-0.185304,0.156189,0.0,126.98468,126.7201008,1.837684424062954,123.04473195187408,130.3954696481259,127.05275874745236,-0.40732575966860907,-0.0021003927232034077
2015-08-04,1.170573,1.185978,-1.132076,-2.500366,-2.500358,1.860602,2.021555,2.681034,2.253361,2.294332,2.580148,-1.0,123.809608,126.59948574999999,1.9479599351489143,122.70356587970215,130.49540562029782,126.743887247695,-0.6196635689493775,-0.025321482975038074
2015-08-05,0.272782,0.522171,-0.109111,-1.18599,-1.185989,2.419141,2.803362,3.618316,3.488424,3.352503,3.582986,-1.0,122.34124,126.60902060000001,1.925372927339245,122.75827474532151,130.4597664546785,126.32458750981928,-0.8960981765744833,-0.011930776835437615
2015-08-06,0.116458,0.496855,-0.124217,0.389681,0.389685,1.484353,2.059615,2.855878,3.07817,2.802571,3.01037,0.0,122.817986,126.59853290000001,1.9463640872517285,122.70580472549655,130.49126107450346,125.99062546126507,-1.064435032388161,0.0038892813355384907
2015-08-07,-0.069254,0.038479,-0.330891,0.885024,0.885016,0.053869,0.964218,1.67603,2.113507,1.814546,1.980507,1.0,123.904945,126.52368469999999,2.022111871532122,122.47946095693575,130.56790844306423,125.79198922685887,-1.0974835885682523,0.008811228271370052
2015-08-10,-0.450069,0.259362,-0.778083,0.87726,0.87726,-1.135093,0.032805,0.565517,1.135863,0.879093,0.982534,1.0,124.991913,126.4116501,2.042734409869802,122.3261812802604,130.49711891973962,125.71579149096755,-1.0241596985262191,0.008734340152034656
2015-08-11,0.496085,0.496085,-0.248037,-1.586697,-1.586699,0.328662,1.426253,1.900116,2.594378,2.40106,2.521774,-1.0,123.008667,126.19997674999999,2.167669034807189,121.86463868038561,130.53531481961437,125.4579701108754,-1.113248528851969,-0.015994222904802704
2015-08-12,-0.102022,0.211901,-1.09088,-1.23246,-1.232457,1.440904,2.287711,2.827917,3.616778,3.657196,3.635484,-1.0,121.492638,125.8867573,2.373643612608159,121.13947007478369,130.63404452521632,125.08031943364917,-1.2912976633937774,-0.012401147952416595
2015-08-13,-0.500821,0.281707,-0.727756,0.290381,0.29038,0.987555,1.640973,2.245348,3.004536,3.318255,3.183868,0.0,121.845428,125.5063183,2.3815127584386984,120.74329278312261,130.2693438168774,124.7722345352064,-1.3879364136656278,0.002899589472178626
2015-08-14,-0.312038,0.039007,-0.475856,0.313014,0.313015,0.397844,0.912705,1.699558,2.403461,2.891955,2.743321,0.0,122.226822,125.1644955,2.3342612321202307,120.49597303575953,129.83301796424047,124.52981429375816,-1.4174090024693413,0.0031252574631513565
2015-08-17,-0.289359,0.093841,-0.602178,-0.249629,-0.24963,0.145458,0.74998,1.749692,2.359817,2.975207,2.87375,0.0,121.921707,124.79883615000001,2.2337145437693593,120.3314070624613,129.26626523753873,124.28142312292405,-1.4486869110480711,-0.0024994224629600824
2015-08-18,-0.203333,0.156412,-0.33628,0.0,0.0,-0.032846,0.595135,1.542712,2.098223,2.800655,2.756183,0.0,121.921707,124.47989614999999,2.161649608028746,120.1565969339425,128.80319536605748,124.05668825407413,-1.4566831424297249,0.0
2015-08-19,0.277688,0.769598,-0.29356,-1.431143,-1.431142,1.19962,1.875595,2.671639,3.265232,4.040938,4.193377,-1.0,120.176834,124.1008865,2.2205457187580726,119.65979506248385,128.54197793751615,123.68717832511469,-1.5855397665329747,-0.014414818083404784
2015-08-20,1.665307,1.665307,-0.040819,-2.808633,-2.808634,3.260411,4.304491,5.106942,5.810614,6.614206,7.026669,-1.0,116.801506,123.58839030000001,2.645829331040562,118.2967316379189,128.88004896208113,123.03140000843709,-1.9376839162829924,-0.028488310594552098
2015-08-21,2.561944,2.864339,-0.117597,-2.816324,-2.816321,4.717343,6.411588,7.345929,8.309949,9.155812,9.77908,-1.0,113.512001,122.94479059999999,3.390712146442195,116.1633663071156,129.72621489288437,122.12479057906212,-2.4539091171836276,-0.02856739713196499
2015-08-24,-2.898163,2.228688,-3.920012,-4.645112,-4.645118,7.290352,10.047576,11.42061,12.781456,13.69733,14.541939,-1.0,108.239235,122.07378534999998,4.657496687512879,112.75879197497423,131.38877872502573,120.80235671438955,-3.2510137946165116,-0.047564650804591116
2015-08-25,3.82817,3.82817,0.0,-0.13213,-0.132127,4.874303,8.813618,10.598922,12.116079,13.100113,14.103082,0.0,108.096222,121.19324565,5.519430469624231,110.15438471075153,132.23210658924845,119.59224864635245,-3.8498858604728525,-0.0013221412968185183
2015-08-26,-0.882547,0.093348,-2.359129,3.942836,3.942841,-0.495588,3.873048,5.811269,7.238205,8.26171,9.318001,1.0,112.358284,120.49100639999999,5.711805089393737,109.06739622121252,131.91461657878747,118.90329963241412,-3.935220728474576,0.0386709548672651
2015-08-27,-0.752699,0.25926,-1.045413,1.468096,1.468097,-2.425362,1.682692,3.765153,5.155553,6.237679,7.284709,1.0,114.007813,119.8855457,5.725830971136735,108.43388375772652,131.33720764227346,118.43706281027944,-3.825646351798156,0.014574251353284119
2015-08-28,0.207005,0.69554,-0.364325,1.003594,1.003591,-3.110044,0.057962,2.227374,3.585328,4.791918,5.816014,1.0,115.151985,119.28056105,5.542867532601116,108.19482598479777,130.36629611520223,118.1241982569195,-3.6049273917035407,0.009985883369037673
2015-08-31,0.633553,0.743373,-0.160496,-1.978968,-1.978971,-0.332823,1.276401,3.575494,5.051532,6.454471,7.46917,-1.0,112.873161,118.5749851,5.40705585506434,107.76087338987132,129.38909681012868,117.62409947054621,-3.5727041677923523,-0.019988145257207008
2015-09-01,1.08449,1.390593,-0.227387,-3.41274,-3.412739,3.358407,3.671508,6.379806,8.0851,9.603641,10.676931,-1.0,109.021095,117.83555945,5.658851197697821,106.51785705460436,129.15326184539566,116.80476571144658,-3.8140307910209827,-0.03472332363131107
2015-09-02,-0.314575,0.059513,-1.198779,2.868644,2.868643,0.438699,0.064612,2.857788,4.616559,6.038766,7.126619,1.0,112.148521,117.3259235,5.690601733784691,105.94472003243062,128.7071269675694,116.36131383416595,-3.710158341516106,0.028282677569895113
2015-09-03,0.48491,0.693923,-0.225738,1.691887,1.691891,-1.225654,-1.841823,0.690573,2.491425,3.851178,4.964184,1.0,114.045952,116.8873218,5.5820390882419435,105.72324362351611,128.05139997648388,116.14080318329302,-3.435133768923805,0.016777381711555926
2015-09-04,0.154506,0.343349,-0.566527,-2.600118,-2.60012,0.678111,0.559656,2.709584,4.650213,6.0412,7.307008,-1.0,111.08062,116.24610555,5.4689151820573825,105.30827518588524,127.18393591411476,115.65888097536035,-3.4170625537141603,-0.02634521090990406
2015-09-08,-0.857804,0.082479,-0.91554,4.068668,4.068667,-2.786207,-2.735069,-1.670515,0.152591,1.501486,2.821677,1.0,115.600121,115.77651595,5.066866011233194,105.64278392753361,125.9102479724664,115.65328478723079,-3.0034333161144247,0.03988075896467249
2015-09-09,2.188691,2.31305,-0.14923,-0.511378,-0.51138,-1.245233,-1.634058,-1.5658,0.319598,1.717127,3.040125,-1.0,115.008965,115.37653085000002,4.773142275087928,105.83024629982417,124.92281540017588,115.59192099797072,-2.6922954084096204,-0.005126921103994537
2015-09-10,0.864844,0.864844,-0.45786,-2.221855,-2.221852,1.053076,0.60963,0.2131,2.197301,3.676782,4.96806,-1.0,112.453636,114.92458074999999,4.587891535922926,105.74879767815413,124.10036382184585,115.29303671244969,-2.6216888720778257,-0.022469069593125755
2015-09-11,-0.520922,0.0,-1.033304,-0.71223,-0.712235,1.349279,1.120415,0.624543,2.473959,4.0205,5.289217,-1.0,111.652702,114.41494445000001,4.337951899067132,105.73904065186574,123.09084824813428,114.94633816840685,-2.600385735383938,-0.0071478336331159175
2015-09-14,0.326605,0.610228,-0.300815,-0.640478,-0.640471,1.976792,1.392349,1.118462,2.625696,4.223461,5.477723,-1.0,110.937599,113.8504833,3.9883572638568454,105.8737687722863,121.82719782771369,114.56455348570144,-2.611106471759001,-0.006425306556592717
2015-09-15,-0.750251,0.141712,-1.058684,3.102708,3.102708,-1.305437,-1.527178,-1.566636,-0.79235,0.715902,1.936198,1.0,114.379669,113.4733814,3.5133141367705294,106.44675312645893,120.50000967354106,114.54694543944416,-2.3151686273604213,0.030555472556716635
2015-09-16,-0.155739,0.270493,-0.377048,1.700568,1.700557,-2.729502,-2.545894,-2.740977,-2.691797,-1.198026,0.01722,1.0,116.32476,113.19353405,2.988698114211018,107.21613782157796,119.17093027842203,114.71626111187804,-1.9017608503830843,0.016862589923122267
2015-09-17,-0.173209,1.303202,-0.305176,-0.622952,-0.622945,-1.575388,-1.636423,-1.944352,-2.279775,-0.782579,0.449797,-1.0,115.600121,112.9646984,2.572034617532254,107.8206291649355,118.10876763506451,114.80043824408013,-1.6139993402112935,-0.006248931593009866
2015-09-18,0.462888,1.085677,-0.092578,-1.996039,-1.996042,0.718735,0.300456,0.010662,-0.444368,0.936208,2.215397,-1.0,113.292694,112.7892578,2.4111886113823022,107.9668805772354,117.6116350227646,114.65684355416774,-1.5542202614133203,-0.020162320667400976
2015-09-21,0.133966,0.494011,-0.619608,0.513382,0.513384,0.720085,0.033491,-0.574954,-0.936952,0.12727,1.399703,0.0,113.874321,112.80737380000001,2.4182553574106698,107.97086308517866,117.64388451482135,114.58231759662795,-1.4432752935640423,0.005120710600839022
2015-09-22,0.085047,0.255141,-1.335261,-1.549023,-1.549023,1.899979,1.296136,0.944036,0.79435,1.352608,2.612119,-1.0,112.110382,113.00093115000001,2.1761849405938953,108.64856126881222,117.35330103118781,114.34689515885385,-1.4806180988836672,-0.015611453356509123
2015-09-23,-0.170202,0.195725,-0.765893,-0.059534,-0.059532,1.196491,1.091818,1.184009,1.030547,1.060331,2.34703,0.0,112.04364,113.19830205000001,1.8646428481802497,109.4690163536395,116.92758774636052,114.1275375246773,-1.4983262899587828,-0.0005955012662887242
2015-09-24,-0.025526,0.161629,-1.31859,0.034041,0.034039,0.534239,1.024241,1.145609,0.983833,0.737044,2.032323,0.0,112.081779,113.18447680000001,1.8722086129858482,109.44005957402831,116.92889402597172,113.93270337946993,-1.492082858009553,0.0003403362326174991
2015-09-25,0.649732,1.248836,-0.295332,0.816673,0.816669,-0.332458,0.324869,0.264395,0.121088,-0.213652,0.944788,1.0,112.997116,113.13394195000001,1.8624302582503784,109.40908143349925,116.85880246650076,113.8435998195204,-1.3971691508355377,0.008133521768962223
2015-09-28,2.030895,2.039576,-0.425272,-2.776138,-1.421939,0.659205,1.812651,1.729197,1.396436,1.149529,2.076587,-1.0,111.390366,112.945861,1.8376809375547571,109.27049912489048,116.62122287510951,113.60995850337561,-1.4350581933534983,-0.014321453658290994
2015-09-29,-0.236321,0.201316,-0.954045,-0.841869,-0.841868,1.213639,2.321514,2.282202,2.147733,2.088461,2.597109,-1.0,110.452606,112.82483325000001,1.9205595979518344,108.98371405409634,116.66595244590368,113.30925826495888,-1.523196466627084,-0.008454318630077609
2015-09-30,-0.886768,0.102322,-1.00614,2.652078,2.652072,-1.165211,-0.581572,-0.455984,-0.299004,-0.362577,-0.304607,1.0,113.381889,113.04287294999999,1.7009826020179626,109.64090774596406,116.44483815403592,113.31617547781994,-1.341217307891256,0.026175145569719862
2015-10-01,0.126755,0.447868,-0.937969,0.903817,0.903817,-1.644072,-1.576402,-1.233816,-1.093358,-1.183434,-1.365719,1.0,114.406654,113.1557796,1.7133925955707205,109.72899440885857,116.58256479114144,113.42003057517043,-1.1016088808715665,0.008997572045779374
2015-10-02,-1.176182,0.074544,-1.780834,2.019611,2.019612,-2.9537,-3.231422,-2.899746,-2.936911,-3.046783,-3.320721,1.0,116.717224,113.2893432,1.882233613671271,109.52487597265747,117.05381042734254,113.73404899658277,-0.7170085590655759,0.01999487892852118
2015-10-05,-0.433289,0.482345,-0.457814,1.316986,1.316985,-3.054283,-4.118891,-3.749431,-3.895282,-4.202105,-4.443744,1.0,118.254372,113.64803079999999,2.109042949264265,109.42994490147146,117.86611669852851,114.16455594928918,-0.28489099002594287,0.013083878686028392
2015-10-06,0.0,0.281181,-0.454842,-1.144541,-1.144541,-0.828645,-2.598994,-2.491267,-2.726953,-2.955147,-3.090421,-1.0,116.900902,113.71306984999998,2.1908793525280488,109.33131114494388,118.09482855505608,114.42516033507117,-0.05105983490912536,-0.011511414759599093
2015-10-07,-0.138536,0.391169,-0.423761,1.480318,1.48032,-1.39027,-3.464493,-3.784027,-3.993223,-4.046726,-4.208046,1.0,118.631409,113.89419204999999,2.4393021557869945,109.01558773842599,118.77279636157398,114.82575544601677,0.2707692334577132,0.014694698423092192
2015-10-08,-0.566897,0.186262,-1.109493,0.627499,0.627496,-1.172659,-3.455458,-4.173155,-4.301973,-4.402905,-4.609437,1.0,119.375816,114.24030105000001,2.7011778691576973,108.83794531168462,119.6426567883154,115.25909454639613,0.5792117202584279,0.006255351511701028
2015-10-09,1.125616,1.623163,-0.220225,-0.71267,-0.712662,-0.158242,-2.296087,-3.191027,-3.325162,-3.565569,-3.797704,-1.0,118.52507,114.58391944999998,2.7903308589963007,109.00325773200738,120.16458116799258,115.57013982769173,0.7464024581192916,-0.007152134998916374
2015-10-12,-0.292422,0.268054,-0.422391,0.415989,0.415981,-0.443504,-2.059944,-3.303942,-3.386179,-3.69829,-4.087952,0.0,119.018112,114.9879451,2.8194312227814735,109.34908265443705,120.62680754556295,115.89851812981632,0.9082173272909699,0.00415118382999147
2015-10-13,0.346905,0.72685,-0.173453,-1.657055,-1.657057,1.25878,0.153634,-1.393518,-1.64436,-2.026218,-2.353019,-1.0,117.045914,115.12125735,2.8520025193707172,109.41725231125857,120.82526238874142,116.00779392697667,0.8673189674990738,-0.0167093980419917
2015-10-14,0.791334,1.049558,-0.124949,-0.842485,-0.842483,1.675967,1.235318,-0.325021,-0.820104,-1.157575,-1.321212,-1.0,116.059822,115.10801045000001,2.8467287265239967,109.41455299695201,120.801467903048,116.01274898155033,0.7467295064940629,-0.008460520096894193
2015-10-15,-0.571712,0.089841,-0.971906,1.990836,1.990837,-0.478602,-0.405914,-1.916476,-2.639056,-2.887015,-3.07219,1.0,118.370384,115.2465236,2.9378708271000287,109.37078194579995,121.12226525420006,116.23728564997411,0.8280591822708203,0.01971279095394446
2015-10-16,-0.258148,0.153278,-0.596965,1.241422,1.241428,-1.479514,-1.366574,-2.738521,-3.559738,-3.80455,-4.099567,1.0,119.839867,115.57388225,3.070476516315687,109.43292921736862,121.71483528263137,116.58038863569087,0.9995661569418388,0.012337853929449786
2015-10-19,-0.161882,0.016185,-0.590856,-0.330749,-0.330756,-1.081343,-0.9397,-1.966275,-3.006567,-3.200471,-3.547934,0.0,119.443489,115.85234065,3.1594741489035902,109.53339235219282,122.17128894780718,116.85306486086317,1.0909267535422913,-0.003313045831425806
2015-10-20,0.384585,0.564604,-0.040909,-1.084584,-1.084582,0.189839,0.252027,-0.457135,-1.687547,-2.011508,-2.418477,-1.0,118.148026,116.15422285,3.0703036065250315,110.01361563694994,122.29483006305006,116.97639449316192,1.046731577049286,-0.010905068205556185
2015-10-21,0.274862,0.929669,-0.08084,1.219211,1.219212,-0.426837,-0.875503,-1.310157,-2.556295,-3.082639,-3.466225,1.0,119.588501,116.53146589999999,3.0014001044947602,110.52866569101046,122.53426610898951,117.2251665414322,1.1150868481496587,0.012118395491080567
2015-10-22,-0.399265,0.279485,-0.622859,1.236868,1.236871,-1.1978,-1.946823,-2.149117,-3.375713,-4.086093,-4.408467,1.0,121.067657,116.98075979999999,2.9726796804983633,111.03540043900325,122.92611916099672,117.59111801367675,1.2739293557279865,0.012292846682343195
2015-10-23,-0.270396,0.174965,-0.588514,0.407247,0.407245,-1.315412,-2.094799,-2.280367,-3.41538,-4.203051,-4.524492,0.0,121.560699,117.40893894999999,2.985397290273163,111.43814436945367,123.37973353054632,117.96917334570753,1.423191886101577,0.004064180187200064
2015-10-26,0.263306,0.406921,-0.263306,-0.326066,-0.326067,-0.708531,-1.597385,-1.800582,-2.696085,-3.649002,-3.930813,0.0,121.16433,117.89763715000001,2.738060835171724,112.42151547965656,123.37375882034345,118.27347397944968,1.4922975735897097,-0.003265994891114297
2015-10-27,0.048063,0.296399,-0.248342,-0.398947,-0.398949,0.108949,-0.902026,-1.19843,-1.882561,-2.978998,-3.371963,0.0,120.680946,118.40905415,2.1707376623623262,114.06757882527535,122.75052947472466,118.5027570290259,1.4908734190736936,-0.003997470214773593
2015-10-28,-0.815131,0.071222,-1.131688,1.225666,1.225669,-0.682178,-1.602566,-2.202176,-2.711303,-3.822503,-4.382736,1.0,122.160095,118.84796445000002,1.9798326744987311,114.88829910100256,122.80762979899748,118.85107493102343,1.590762410047489,0.012182185405742332
2015-10-29,0.073031,0.137947,-0.632911,-2.469138,-2.469134,1.509247,0.953421,0.260734,-0.049501,-1.150539,-1.862905,-1.0,119.143799,119.08482169999999,1.6814039151442925,115.7220138697114,122.44762953028858,118.87895341378311,1.4102784638298402,-0.025001280030739537
2015-10-30,0.489315,0.766592,-0.024472,-0.503079,-0.503086,1.51362,1.354591,0.76877,0.532946,-0.463547,-1.219023,-1.0,118.544403,119.17618064999999,1.593322707240434,115.98953523551913,122.36282606448086,118.84709146961329,1.204987047689741,-0.005043559297853789
2015-11-02,-0.097326,0.170315,-0.356855,0.554559,0.554562,0.624491,0.775342,0.2233,0.018244,-0.750369,-1.614827,1.0,119.201805,119.22355230000001,1.5784888125301797,116.06657467493964,122.38052992506037,118.8808737106025,1.0828564732473325,0.0055302978839381995
2015-11-03,-0.032418,0.105355,-0.429531,0.072989,0.072991,0.317692,0.797471,0.275548,0.045383,-0.526463,-1.485997,0.0,119.288811,119.34294775000001,1.4808489831423053,116.38124978371539,122.30464571628463,118.91972488102131,0.9817705306129909,0.0007296388035659819
2015-11-04,-0.064742,0.267078,-0.396567,0.137774,0.137771,-0.273548,0.647462,0.326969,-0.057864,-0.460018,-1.414771,0.0,119.453156,119.3840351,1.471437813941016,116.44115947211797,122.32691072788204,118.97052784473357,0.9044940168041791,0.001376758581864154
2015-11-05,-0.168188,0.264297,-0.208236,1.052123,1.052125,-1.05238,-0.430083,-0.588394,-1.043171,-1.287525,-2.20295,1.0,120.709953,119.45074195,1.5009900278923372,116.44876189421532,122.45272200578466,119.13618738333037,0.9338994260217248,0.010466290830543198
2015-11-06,0.203384,0.219658,-0.512526,-1.553743,-1.553746,0.55809,0.911979,0.924182,0.53165,0.341689,-0.495712,-1.0,118.834427,119.4662098,1.4925189002367938,116.48117199952641,122.4512476004736,119.10744829920367,0.7966805138585897,-0.01565943084007471
2015-11-09,0.572735,0.630009,-0.417282,-0.569474,-0.56947,0.957288,1.235476,1.42966,1.071017,0.913105,0.265093,-1.0,118.1577,119.4231892,1.5182925226360893,116.38660415472782,122.45977424527217,119.01699608023189,0.6261099187010473,-0.005710981608297259
2015-11-10,-0.315559,0.113283,-0.41265,1.120925,1.120921,-0.129456,0.012952,0.379756,0.052599,-0.119098,-0.594434,1.0,119.482155,119.54500125,1.411499903613027,116.72200144277394,122.36800105722605,119.06129692973362,0.5909913621679124,0.011146856775064645
2015-11-11,0.657306,0.657306,0.0,-0.29128,-0.291276,0.108736,0.051121,0.647566,0.473907,0.18956,-0.143097,0.0,119.134132,119.69871674999999,1.1563116866561312,117.38609337668773,122.01134012331225,119.06823360309232,0.5289793607568498,-0.0029170116688308
2015-11-12,0.952925,0.952925,-0.180729,-1.217236,-1.217235,0.828057,1.15994,1.696099,1.682818,1.366626,1.180202,-1.0,117.68399,119.66439705,1.206891979719947,117.25061309056011,122.0781810094399,118.93640087898828,0.35868536123814465,-0.012247036783024256
2015-11-13,0.717409,1.00602,-0.057722,-0.37789,-0.377898,0.938409,1.432348,1.836131,1.957622,1.707271,1.578853,0.0,117.239265,119.53436695,1.3216316865306916,116.89110357693862,122.1776303230614,118.7747688905132,0.18569991590308632,-0.0037861345932235276
2015-11-16,-0.85218,0.040966,-0.860376,0.63495,0.634955,0.272041,0.689117,1.013875,1.252458,1.030481,0.930295,1.0,117.983681,119.46137655,1.3664651309103817,116.72844628817923,122.19430681182077,118.6994271866548,0.10743738276704562,0.00632947165999931
2015-11-17,-0.292327,0.430368,-0.48721,0.909539,0.909537,-0.703207,-0.237921,0.012452,0.377995,0.187414,0.080931,1.0,119.056786,119.50681454999999,1.3352473402838931,116.8363198694322,122.17730923056777,118.73346135935434,0.13050004332694698,0.009054254276699255
2015-11-18,-1.040752,0.032017,-1.224887,1.429153,1.42915,-1.833319,-1.535504,-1.474126,-0.987909,-1.068608,-1.270513,1.0,120.758286,119.56530380000001,1.36431806759409,116.83666766481183,122.29393993518819,118.92630180132059,0.28281409312938877,0.01419033872803666
2015-11-19,-0.024213,0.468159,-0.104929,-0.816592,-0.81659,-0.676405,-0.803129,-0.627973,-0.22681,-0.207277,-0.446629,-1.0,119.772186,119.50053025,1.319244896726588,116.86204045654682,122.13902004345317,119.00686220119482,0.32026226214124165,-0.008199422854523165
2015-11-20,0.291098,0.380044,-0.258753,-0.177578,-0.177574,-0.111588,-0.566023,-0.394598,-0.133015,-0.039136,-0.240694,0.0,119.559502,119.40047039999999,1.2274637473566967,116.9455429052866,121.85539789471338,119.05949456298579,0.3289860382942038,-0.001777316307454144
2015-11-23,0.389859,0.625403,-0.373618,-0.444728,-0.444729,0.510068,-0.048736,0.040608,0.223357,0.393435,0.205217,0.0,119.027786,119.29364319999999,1.1568134483348154,116.98001630333036,121.60727009666962,119.05647469984429,0.2896556858408985,-0.004457210480448368
2015-11-24,-0.169327,0.137079,-0.62893,0.730989,0.730988,-0.079017,-0.739394,-0.651505,-0.536603,-0.276726,-0.442667,1.0,119.897865,119.25448915,1.120055070610286,117.01437900877943,121.49459929122057,119.13660710938292,0.32494839903742445,0.007283293715562156
2015-11-25,0.129175,0.129175,-0.201841,-0.129008,-0.129008,-0.119491,-0.56031,-0.507024,-0.509042,-0.142741,-0.211529,0.0,119.743187,119.13364374999999,0.8985412705225324,117.33656120895492,120.93072629104506,119.19437662277502,0.33655728374650096,-0.0012909142251669094
2015-11-27,0.088446,0.297495,-0.088447,0.411757,0.411762,-0.451883,-0.755816,-0.941284,-0.871599,-0.579889,-0.569007,0.0,120.236244,119.188266,0.9317810975169905,117.32470380496602,121.05182819503398,119.29360208727263,0.3811493354844373,0.004109166287524471
2015-11-30,0.305421,0.337565,-0.176821,0.040199,0.040192,-0.371318,-0.542513,-0.900709,-0.839089,-0.662268,-0.596631,0.0,120.284569,119.2752743,0.9495709856720138,117.37613232865598,121.17441627134403,119.38797988848476,0.41559753174082914,0.00040183633214533
2015-12-01,-0.135005,0.365311,-0.293833,1.205594,1.205593,-1.113401,-1.419151,-1.885319,-1.916291,-1.826869,-1.718017,1.0,121.734711,119.4019196,1.0967575796721012,117.2084044406558,121.5954347593442,119.61147808958145,0.5535315483891168,0.011983833311181203
2015-12-02,0.850962,1.041836,-0.214726,-0.142948,-0.142944,-0.698266,-1.072053,-1.630878,-1.682439,-1.657387,-1.483748,0.0,121.560699,119.51551400000001,1.1974562462293494,117.12060150754131,121.91042649245871,119.79711817628798,0.6414101591717838,-0.0014304587963425528
2015-12-03,1.531427,1.547467,-0.152343,-0.811195,-0.811199,0.251765,-0.278222,-0.746738,-0.831862,-0.905707,-0.650789,-1.0,120.5746,119.5715862,1.220418836086411,117.13074852782718,122.01242387217282,119.87116406426055,0.6242882370308962,-0.008145069766598251
2015-12-04,-1.048451,0.0,-1.048451,0.94612,0.946124,-0.444802,-1.05322,-1.456185,-1.720019,-1.749963,-1.564206,1.0,121.715385,119.6218578,1.2885828654648834,117.04469206907024,122.19902353092976,120.0468041533786,0.6947620218261505,0.009416760911104573
2015-12-07,0.271671,0.359565,-0.511386,-0.595711,-0.595713,0.268476,-0.34199,-0.658944,-1.04195,-1.080304,-0.990012,-1.0,120.990311,119.72965200000002,1.3092524047384293,117.11114719052316,122.34815680947688,120.13666194829493,0.6842183486962057,-0.005974941412906258
2015-12-08,0.473393,0.473393,-0.457067,-2.101482,-2.101481,1.865819,1.748287,1.49962,1.094517,1.017632,1.058877,-1.0,118.447723,119.74415314999999,1.292423234626876,117.15930668074624,122.32899961925374,119.97581061988589,0.46533274326738194,-0.02123876089139802
2015-12-09,0.161417,0.669896,-0.686036,1.126351,1.126351,0.434219,0.605324,0.409467,-0.018969,-0.091044,-0.091743,1.0,119.78186,119.75913840000001,1.2909622309336577,117.1772139381327,122.34106286186733,119.95733913227771,0.3949651180081162,0.0112005480655569
2015-12-10,0.088078,0.408362,-0.232205,0.799029,0.79903,-0.334694,-0.109697,-0.387542,-0.745057,-0.84042,-0.922946,1.0,120.738953,119.83937945,1.2999133023818752,117.23955284523625,122.43920605476374,120.03177854825127,0.4116820598362523,0.00795854662047953
2015-12-11,0.299186,0.444734,-0.614534,-0.97686,-0.97686,0.287863,0.819115,0.583273,0.312525,0.099296,0.066036,-1.0,119.559502,119.93315505000001,1.2000541155170428,117.53304681896593,122.33326328103409,119.9867998293702,0.32600058622767847,-0.009816629670694136
2015-12-14,0.889793,1.126528,-0.677553,-0.946065,-0.946065,0.813061,1.625305,1.480271,1.320815,1.041632,1.018503,-1.0,118.428391,119.99261134999999,1.0833437014925624,117.82592394701487,122.15929875298511,119.83837994085876,0.16492504324401125,-0.009505689577890799
2015-12-15,0.327414,0.654828,-0.040922,-0.269389,-0.269387,1.028075,1.592861,1.702544,1.599818,1.312923,1.260537,0.0,118.10936,119.9988953,1.0713759640682987,117.8561433718634,122.1416472281366,119.67371137506268,0.011397001952033747,-0.0026975076249344324
2015-12-16,-1.263229,0.181585,-1.429027,3.675212,3.67521,-2.117483,-1.935895,-1.763781,-1.86326,-2.181593,-2.243017,1.0,122.450127,120.16856235,1.1777389449839908,117.81308446003202,122.52404023996799,119.93813191077099,0.23725363054718684,0.036092845624091936
2015-12-17,1.241983,1.466341,-0.072119,-1.468499,-1.4685,-0.673078,-0.46795,-0.249468,-0.405051,-0.6734,-0.752941,-1.0,120.651947,120.16324540000001,1.1751737333027175,117.81289793339457,122.51359286660545,120.00611430022137,0.26805852610694103,-0.014793891026766528
2015-12-18,0.353729,0.490394,-0.353728,-0.328529,-0.32853,-0.229919,-0.261272,0.080394,-0.056675,-0.26047,-0.438404,0.0,120.255569,120.18741455000001,1.1716732525033242,117.84406804499336,122.53076105500666,120.02987189067647,0.2575187203363072,-0.0032907097650742498
2015-12-21,0.080223,0.59366,-0.802246,0.209022,0.20902,-0.093058,-0.509424,-0.116056,-0.22583,-0.360046,-0.599811,0.0,120.506927,120.23478580000001,1.1640781157259463,117.90662956854811,122.56294203145191,120.07530571061204,0.26637770190816923,0.0020880169918397625
2015-12-22,-0.07963,0.334447,-0.621117,0.746089,0.746087,-0.289851,-1.002544,-0.873808,-0.866774,-0.985185,-1.246744,1.0,121.406013,120.35369714999999,1.155731843428399,118.04223346314319,122.66516083685678,120.2020397381728,0.34200481622337975,0.007433171120902304
2015-12-23,-0.38537,0.102239,-0.723554,1.250199,1.250204,-1.443965,-1.969328,-2.023857,-1.967755,-2.081951,-2.372789,1.0,122.923836,120.5049957,1.2838800468448133,117.93723560631037,123.07275579368962,120.46125842977538,0.5184392355162117,0.012424536188076526
2015-12-24,-0.294184,0.270338,-0.294184,-1.085336,-1.085336,-0.208316,-0.823723,-0.893161,-0.816169,-0.980199,-1.234261,-1.0,121.589699,120.5973213,1.2925771878482333,118.01216692430354,123.18247567569647,120.56872896027296,0.5443363077767884,-0.010912690291904979
2015-12-28,-0.032137,0.305292,-0.192816,-1.03363,-1.033626,0.846786,0.276369,0.065341,0.223745,0.072625,-0.129352,-1.0,120.332916,120.6021549,1.2913360281971726,118.01948284360566,123.18482695639435,120.5462705831041,0.45816658025698587,-0.010390052258022477
2015-12-29,-0.537036,0.256492,-0.537036,0.232989,0.232985,0.630008,0.22443,-0.188095,0.004408,-0.125041,-0.268249,0.0,120.613274,120.61859015,1.2891712249661922,118.04024770006762,123.19693259993238,120.55265186090371,0.407798154647395,0.0023271430565093097
2015-12-30,0.957638,0.981983,-0.089271,-1.234371,-1.234372,1.504627,1.562247,1.097226,1.144702,1.126441,1.010118,-1.0,119.124458,120.48807749999999,1.3022919187662396,117.88349366246752,123.09266133753246,120.4166333979605,0.24492249179489534,-0.012420532449808806
2015-12-31,0.251948,1.04844,-0.316969,-0.14608,-0.146082,0.985047,1.416614,1.198529,1.182951,1.242525,1.154911,0.0,118.950439,120.3575645,1.3198178303927959,117.71792883921441,122.99720016078558,120.27699583624998,0.10064035717491038,-0.001461884752943355
