date,c_open,c_high,c_low,n_close,n_adj_close,adj_sum_5,adj_sum_10,adj_sum_15,adj_sum_20,adj_sum_25,adj_sum_30,label,closing_price_for_label,melody_ma20,melody_std20,melody_lb20,melody_ub20,melody_ema20,melody_macd_12_26,melody_str_log_return
2013-06-03,-0.365055,0.316381,-0.973475,0.760179,0.760171,0.871267,1.608671,1.809048,1.816877,1.963821,1.692493,1.0,35.69685,,,,,,,
2013-06-04,0.535533,0.632906,-0.486857,-0.024332,-0.024333,0.374881,1.385105,1.772158,1.706553,1.891176,1.748691,0.0,35.688164,,,,,,,-0.00024335640090695221
2013-06-05,0.993794,1.068323,0.0,-2.020453,-2.020429,1.76396,3.018618,3.612408,3.577625,3.805383,3.734638,-1.0,34.96711,,,,,,,-0.02041118780218036
2013-06-06,-0.02468,0.27154,-0.814609,0.645958,0.645967,0.572682,2.009363,2.624847,2.720299,2.990879,2.96978,1.0,35.192986,,,,,,,0.006438895989806011
2013-06-07,-1.3271,0.46695,-1.3271,0.444337,0.444304,0.083572,1.216528,1.94152,2.177453,2.402476,2.494605,0.0,35.34935,,,,,,,0.004433203235255787
2013-06-10,-0.221839,0.172539,-0.591565,-0.29491,-0.294897,0.123243,1.143699,1.981755,2.366278,2.522157,2.746134,0.0,35.245106,,,,,,,-0.0029533218803742918
2013-06-11,-1.116348,0.322496,-1.240387,-0.640865,-0.640861,0.386996,1.339608,2.343493,2.88389,2.996863,3.262399,-1.0,35.019234,,,,,,,-0.0064292293369354716
2013-06-12,0.519414,0.593614,-0.024739,0.29769,0.297708,0.178069,0.744474,1.765991,2.407841,2.52879,2.81569,0.0,35.123489,,,,,,,0.002972655531845791
2013-06-13,-1.357352,0.074035,-1.456071,0.222607,0.222595,-0.039492,0.254187,1.309631,1.93977,2.148064,2.46464,0.0,35.201672,,,,,,,0.0022234725409384566
2013-06-14,0.0,0.573421,-0.199456,-1.011844,-1.011824,0.693076,1.111915,2.017754,2.734946,3.062546,3.351504,-1.0,34.845493,,,,,,,-0.010169778314208459
2013-06-17,0.049058,0.490559,-0.637729,1.645472,1.645438,-0.838835,-0.603374,0.15208,0.901402,1.323528,1.542887,1.0,35.418854,,,,,,,0.016320474067592704
2013-06-18,-0.515082,0.098114,-0.760365,0.0,0.0,-0.613181,-0.67941,-0.073577,0.738292,1.25583,1.426788,0.0,35.418854,,,,,,,0.0
2013-06-19,1.416851,1.889142,-0.024855,-1.324503,-1.324504,0.621437,0.64878,1.037375,1.859314,2.457872,2.635682,-1.0,34.94973,,,,,,,-0.013333533901255811
2013-06-20,1.869164,2.232609,-0.051921,-4.250559,-4.250576,4.049867,4.600233,4.98964,5.939795,6.596076,6.884758,-1.0,33.464165,,,,,,,-0.043435578528582146
2013-06-21,1.035459,1.139009,-0.724833,0.285569,0.285577,2.987318,3.769106,4.319626,5.191572,5.934258,6.340507,0.0,33.559731,,,,,,,0.002851701272736453
2013-06-24,-0.948859,0.606218,-1.027939,-1.786182,-1.786194,3.368492,4.96313,5.663359,6.559071,7.415948,7.962603,-1.0,32.960289,,,,,,,-0.018023392865530594
2013-06-25,-0.261788,0.026173,-1.256544,0.685298,0.68531,1.319368,3.696346,4.441549,5.316765,6.27645,6.943292,1.0,33.186169,,,,,,,0.0068297195298043616
2013-06-26,-0.464759,0.438941,-0.542215,1.387432,1.387448,-0.841741,1.838363,2.750665,3.50245,4.47508,5.214731,1.0,33.64661,,,,,,,0.013779115337256958
2013-06-27,-0.687713,0.687725,-0.687713,1.368443,1.368465,-1.803386,0.142618,1.151281,1.807164,2.793663,3.521799,1.0,34.107052,,,,,,,0.013591858353857393
2013-06-28,0.91579,0.941234,-0.050878,0.127364,0.127346,-1.582305,-0.188261,0.788597,1.490707,2.381065,3.154404,0.0,34.150486,34.659569700000006,0.8744800536070737,32.91060959278586,36.40852980721415,34.48306510973526,,0.0012726508202592134
2013-07-01,-0.126358,0.277988,-0.480159,0.661407,0.661414,-1.405111,-1.14735,-0.04213,0.631781,1.454625,2.258431,1.0,34.376362,34.5935453,0.8412604475503587,32.91102440489929,36.27606619510072,34.472902908808095,,0.006592359772101803
2013-07-02,-0.151981,0.607905,-0.278625,-0.227445,-0.227453,-0.531911,-1.248741,0.04559,0.658559,1.415396,2.270342,0.0,34.298172,34.5240457,0.8025982501456377,32.918849199708724,36.12924220029128,34.45626186987399,,-0.002277118728941079
2013-07-03,-0.685627,0.126965,-0.990348,-0.25329,-0.25332,0.050814,-1.213797,0.12191,0.803731,1.445426,2.300682,0.0,34.211288,34.4862546,0.7984215721887433,32.889411455622515,36.08309774437749,34.432931025124084,,-0.0025364102002784768
2013-07-05,0.327706,0.327706,-0.932692,0.736407,0.736429,-0.473903,-1.646076,-0.752873,-0.039065,0.509208,1.363757,1.0,34.46323,34.4497668,0.7809069221870355,32.88795295562593,36.01158064437407,34.435816641778935,,0.007337310479482464
2013-07-08,0.576294,0.576294,-0.200446,0.604996,0.605004,-0.771743,-1.91682,-1.383122,-0.737915,-0.182416,0.57295,1.0,34.671734,34.415886,0.7540612195324912,32.90776356093502,35.924008439064984,34.458284961609515,,0.006031814297686123
2013-07-09,0.550681,0.575717,-0.300373,0.100228,0.100252,-0.68088,-1.511917,-1.618723,-0.914923,-0.396525,0.294504,0.0,34.706493,34.38895535,0.732188484329658,32.92457838134069,35.85333231865932,34.4819238224086,-0.21140962256506413,0.0010020147360719103
2013-07-10,-0.621891,0.348256,-0.746266,0.625782,0.625759,-0.940304,-1.626868,-2.325051,-1.544782,-1.103489,-0.490887,1.0,34.923672,34.38417725,0.7281596726811576,32.92785790463768,35.84049659536232,34.52399507741731,-0.15214101858018125,0.006238092478200558
2013-07-11,-0.580126,0.169205,-1.450324,2.910443,2.910433,-2.77978,-3.770838,-4.90371,-4.215609,-3.792112,-3.32527,1.0,35.940102,34.425007900000004,0.791902798190255,32.8412023036195,36.00881349638051,34.65886240337757,-0.022888966813326306,0.028688839332609566
2013-07-12,-0.508595,0.121092,-0.557036,-0.193372,-0.193377,-1.80672,-3.09275,-4.272215,-3.936783,-3.530145,-3.162987,0.0,35.870602,34.4584544,0.8391490866953314,32.780156226609336,36.136752573390666,34.77426617448447,0.07309356909303943,-0.0019356451845888817
2013-07-15,-0.120257,0.096193,-0.360755,0.702352,0.702361,-1.68831,-3.222706,-4.466895,-4.430021,-4.117367,-3.774254,1.0,36.122543,34.522306900000004,0.9152825781653047,32.6917417436694,36.35287205633061,34.90267349120023,0.1675584440157678,0.0069990560484836754
2013-07-16,0.096761,0.338655,-0.435414,-0.577205,-0.577202,-0.445092,-2.232706,-3.363974,-3.806246,-3.486214,-3.195454,-1.0,35.914043,34.54706635000001,0.9469611736109067,32.6531440027782,36.44098869722182,34.998994396800214,0.2230274093368223,-0.005788741355058036
2013-07-17,0.682768,0.780307,-0.316989,-0.798263,-0.798275,0.751047,-1.072896,-2.129546,-3.002914,-2.641293,-2.422159,-1.0,35.62735,34.557491150000004,0.9581451200618489,32.641200909876304,36.473781390123705,35.05883778758115,0.24107428063580727,-0.008014787598155397
2013-07-18,0.26862,0.757013,-0.024425,-0.146298,-0.146292,0.693526,-0.544565,-1.624743,-2.772895,-2.447863,-2.222221,0.0,35.57523,34.588766150000005,0.9815449124967921,32.625676325006424,36.551855974993586,35.10801799828771,0.24830856121892708,-0.0014639921561535878
2013-07-19,-1.09038,0.096925,-1.138844,0.781438,0.781451,-0.096932,-0.928041,-2.062846,-3.193613,-3.131582,-2.918998,1.0,35.853233,34.70821955,0.9828514976561775,32.74251655468765,36.67392254531236,35.17899085559364,0.27332359516617544,0.007784135121205078
2013-07-22,0.339803,0.339803,-0.242726,-0.169612,-0.169619,-0.111655,-0.446604,-1.590618,-2.717238,-2.861171,-2.712787,0.0,35.792419,34.819853949999995,0.9722778998199318,32.87529815036013,36.76440974963986,35.23741258363234,0.28495621042209507,-0.0016976330847065053
2013-07-23,1.005148,1.05418,0.0,-0.995146,-0.995141,0.622694,0.759981,-0.402068,-1.390054,-1.882825,-1.716932,-1.0,35.436234,34.9436512,0.8758932089348387,33.191864782130324,36.69543761786967,35.256347956619734,0.2624091003186493,-0.01000125522375354
2013-07-24,0.809017,0.809017,-0.269676,0.0,0.0,0.514829,0.904625,-0.187963,-1.072573,-1.880863,-1.677707,0.0,35.436234,35.05615445,0.7772198720958465,33.50171470580831,36.61059419419169,35.27347996075119,0.2417535684675869,0.0
2013-07-25,-0.888891,0.098768,-0.888891,-0.710961,-0.710962,1.012347,1.412341,0.711108,-0.145682,-1.151612,-0.967907,-1.0,35.184296,35.133038750000004,0.7029533431628912,33.72713206367422,36.53894543632579,35.26498625020346,0.20271781481256568,-0.007135009290119175
2013-07-26,-0.498507,0.02493,-1.146558,-0.938274,-0.938282,1.395822,2.081263,1.739789,0.907285,-0.055828,-0.063139,-1.0,34.854168,35.17039455,0.6643530932921863,33.84168836341563,36.49910073658437,35.22586070256503,0.14348907545534928,-0.009427118358413642
2013-07-29,-0.45045,0.175175,-0.45045,-0.398804,-0.398805,1.18119,2.084592,2.155497,1.39265,0.477483,0.324495,0.0,34.715168,35.19862865,0.629829136904214,33.93897037619158,36.45828692380843,35.17722330232074,0.08436127025576212,-0.0039960187334414496
2013-07-30,0.37462,0.499503,-0.249755,0.200205,0.200212,0.604391,1.555939,1.966362,1.248746,0.486509,0.063263,0.0,34.784672,35.21904415,0.6080128073334535,34.0030185353331,36.435069764666906,35.13983746400448,0.04261916338708005,0.002000120379292576
2013-07-31,-0.549855,0.624844,-0.774799,-0.074933,-0.074935,0.289931,1.382161,2.011168,1.390907,0.74282,0.074984,0.0,34.758606,35.24206585,0.5793512571316592,34.083363335736685,36.40076836426332,35.10352970552786,0.007350206001220272,-0.0007496339537130352
2013-08-01,0.099002,0.24752,-0.569317,0.974766,0.974763,-0.727726,0.267327,0.866335,0.538366,-0.064357,-0.877066,1.0,35.09742,35.28637245,0.527978650558258,34.23041514888349,36.342329751116516,35.102947828810926,0.006661966385507867,0.009700427471041396
2013-08-02,-0.369736,0.073941,-0.640865,0.420787,0.420789,-0.921863,-0.325361,0.325366,0.228004,-0.353954,-1.123983,0.0,35.245106,35.325466250000005,0.4915089856434,34.342448278713206,36.308484221286804,35.116486702257504,0.017828046841735556,0.004199059243368946
2013-08-05,-0.713049,0.0,-0.983521,0.246483,0.246491,-0.816328,-0.700763,-0.070487,0.074993,-0.465209,-1.199904,0.0,35.331982,35.35847865,0.46684387143481565,34.42479090713037,36.29216639286963,35.137010063947265,0.03330351105282858,0.002461876689455825
2013-08-06,-0.173611,0.372026,-0.173611,-0.86058,-0.860597,0.183539,0.044652,0.628317,0.989593,0.473224,-0.145492,-1.0,35.027916,35.3745498,0.44838549827196356,34.47777880345607,36.271320796543925,35.126620153095146,0.02079265810080244,-0.008643215854001378
2013-08-07,-0.455696,0.379752,-0.455696,-2.03373,-1.165987,1.285082,0.989003,1.62139,2.137079,1.695676,1.170542,-1.0,34.619495,35.35934095,0.46916119574446197,34.42101855851108,36.29766334148893,35.07832251946704,-0.021826838178995445,-0.011728380877858139
2013-08-08,-0.302951,0.353444,-0.479684,0.278484,0.27847,0.784021,0.573637,1.174169,1.67713,1.471412,0.992265,0.0,34.7159,35.29813085,0.4692621114918887,34.35960662701622,36.23665507298378,35.0438060890416,-0.04727901517109956,0.0027808325639513383
2013-08-09,-0.075534,0.503517,-0.201415,0.277708,0.277743,0.256236,0.283054,0.694605,1.243513,1.230474,0.780073,0.0,34.812321,35.2452168,0.4609042437016345,34.32340831259673,36.16702528740327,35.02175989008526,-0.05898968358176404,0.0027735805813835397
2013-08-12,-0.27771,0.126228,-0.353446,-0.276939,-0.276974,0.179763,0.561794,0.767548,1.322117,1.516723,1.114272,0.0,34.7159,35.174884649999996,0.42598273392639263,34.32291918214721,36.02685011785278,34.992630376743804,-0.0751841652871903,-0.002773580581383607
2013-08-13,0.403226,0.403226,-0.126006,0.176721,0.176737,-0.141131,0.382245,0.463445,0.97992,1.345761,0.974306,0.0,34.777256,35.1180453,0.39702205594455037,34.3240011881109,35.9120894118891,34.97211853133963,-0.08212085419843618,0.0017658146348356423
2013-08-14,0.580659,0.88361,-0.126231,-0.176409,-0.176426,0.090896,0.547356,0.502672,1.027117,1.500937,1.192874,0.0,34.7159,35.0724728,0.38768518528958085,34.29710242942084,35.84784317057916,34.94771676645014,-0.09151422751408944,-0.001765814634835519
2013-08-15,-0.633553,0.101371,-1.216419,-0.378697,-0.378656,0.395318,0.781207,0.769048,1.267875,1.729944,1.61347,0.0,34.584446,35.0229336,0.3833384490307639,34.256256701938476,35.78961049806153,34.91311955059775,-0.10831716982676909,-0.003793751842542931
2013-08-16,0.176768,0.176768,-0.555548,0.354787,0.354761,-0.020198,0.269937,0.384581,0.744777,1.236233,1.277685,0.0,34.707138,34.96562885,0.3353452300861142,34.29493838982777,35.63631931017223,34.89350226006463,-0.1104600885067697,0.0035413284309797274
2013-08-19,0.610216,0.711922,-0.025431,-0.681808,-0.681811,0.523773,0.708363,1.026393,1.244635,1.739506,1.953488,-1.0,34.470501,34.89953295,0.29117442044074465,34.317184109118514,35.48188179088149,34.853216425772764,-0.1297572346121072,-0.006841457049227173
2013-08-20,-0.228833,0.228823,-0.584805,0.0,0.0,0.345792,0.546655,0.965632,1.104554,1.571995,1.930668,0.0,34.470501,34.8512463,0.2772284546178589,34.29678939076428,35.40570320923572,34.81676733760393,-0.14339736635147915,0.0
2013-08-21,0.82538,0.876969,-0.154761,-1.423854,-1.423867,1.361895,1.810694,2.271193,2.350616,2.845177,3.310386,-1.0,33.979687,34.778418949999995,0.3053544317718143,34.16771008645637,35.389127813543624,34.73704540068927,-0.19160317479284572,-0.014341009900274225
2013-08-22,-0.360554,0.103005,-0.386304,0.154764,0.154778,0.880756,1.452483,1.904492,2.023191,2.50489,2.963867,0.0,34.03228,34.72081815,0.33223448922874804,34.0563491715425,35.3852871284575,34.66992488633791,-0.22299229337462378,0.0015465810739794283
2013-08-23,-0.687713,0.178309,-0.738658,1.107381,1.107387,-0.397352,0.224146,0.62641,0.841108,1.214325,1.694571,1.0,34.409149,34.6985672,0.33769097847131,34.02318524305738,35.37394915694262,34.645089087639064,-0.21498006099995592,0.011013002346196633
2013-08-26,0.357779,0.587784,-0.127777,-0.331118,-0.331113,-0.168681,0.434438,0.759166,1.114889,1.375946,1.854806,0.0,34.295216,34.6775696,0.3494557694881768,33.978658061023644,35.37648113897635,34.61176784119725,-0.21534142810241974,-0.0033166190951099813
2013-08-27,0.468875,1.14614,-0.052097,-1.891137,-1.891141,1.265952,2.034382,2.427713,2.89486,3.117313,3.593525,-1.0,33.646645,34.62066825,0.41718648461139457,33.78629528077721,35.45504121922279,34.519851380130845,-0.26490837465731687,-0.019092520928762503
2013-08-28,-0.367451,0.262475,-0.524924,-0.755408,-0.755433,1.685064,2.414724,2.962405,3.473521,3.657407,4.15897,-1.0,33.392467,34.552361299999994,0.4975191821303979,33.5573229357392,35.54739966426079,34.412481439166,-0.32100028577973205,-0.0075830126741285855
2013-08-29,-0.8971,0.158303,-0.923491,-0.524924,-0.524888,1.730851,2.543513,3.204905,3.736487,3.967486,4.471944,-1.0,33.217194,34.45835,0.562503877748323,33.333342244503356,35.58335775549665,34.29864454019781,-0.3752707086160427,-0.005262702193617342
2013-08-30,-0.053149,0.212591,-0.265751,-0.712404,-0.712417,1.594471,2.755776,3.575157,4.137509,4.486243,4.931219,-1.0,32.980549,34.345122149999995,0.6207084877659296,33.10370517446813,35.58653912553186,34.17311163160755,-0.4323913452129702,-0.00714966998385654
2013-09-03,0.585112,1.090426,-0.186168,-0.079732,-0.079741,0.861713,2.377671,3.301431,3.859853,4.355887,4.727877,0.0,32.95425,34.22623555,0.6488148714070955,32.92860580718581,35.523865292814186,34.05702957145444,-0.4743143699517205,-0.0007977275063706203
2013-09-04,-0.508573,0.267661,-0.695939,-0.63829,-0.638273,0.958231,2.508017,3.551022,4.178253,4.776941,5.126542,-1.0,32.743912,34.11203535,0.6993234271401088,32.713388495719784,35.510682204280215,33.93197075512545,-0.5185338523544303,-0.006403184267706578
2013-09-05,-0.080469,0.134128,-0.402355,-0.214138,-0.214141,0.73498,2.328323,3.356578,4.104073,4.746565,5.070324,0.0,32.673794,34.014750299999996,0.7578969213552111,32.49895645728957,35.53054414271042,33.81214439749445,-0.5528629869735937,-0.0021437017938850944
2013-09-06,0.320165,0.880472,-0.400208,0.536483,0.536482,-0.026684,1.422088,2.452858,3.264403,3.91384,4.272685,0.0,32.849083,33.92140945,0.781586315114104,32.35823681977179,35.48458208022821,33.72042426439974,-0.5594754316242359,0.005350479899580469
2013-09-09,-0.477707,0.0,-0.955414,0.533618,0.533619,-0.530789,0.464433,1.56935,2.445588,3.093298,3.534528,0.0,33.024372,33.832012,0.7765572099759951,32.27889758004801,35.38512641995199,33.65413357255215,-0.5442971653918462,0.005322004553620751
2013-09-10,-0.468019,0.0,-0.676022,2.070061,2.070038,-2.100864,-1.747252,-0.641341,0.218427,0.809794,1.335191,1.0,33.707989,33.78161645,0.7483705241086099,32.284875401782784,35.27835749821722,33.659262660880515,-0.47166899480644986,0.020489037247488653
2013-09-11,-0.418739,0.026176,-0.523426,-0.650026,-0.649997,-1.01545,-1.151541,-0.186698,0.681749,1.285517,1.869199,-1.0,33.488888,33.71719804999999,0.7127599290408979,32.291678191918194,35.14271790808179,33.64303650270142,-0.4268695791648227,-0.006521189264650385
2013-09-12,0.104934,0.262335,-0.183631,-0.23554,-0.235532,-0.341043,-0.91292,-0.064724,0.724012,1.379835,1.97515,0.0,33.410011,33.651903600000004,0.6752854603880772,32.30133267922385,35.00247452077616,33.62084359768224,-0.3931978936431548,-0.002358096702022636
2013-09-13,-0.260558,0.156326,-0.651381,0.682062,0.682056,-0.547171,-1.459107,-0.819886,-0.099026,0.564861,1.139702,1.0,33.637886,33.6045756,0.6386647659004655,32.32724606819907,34.88190513180093,33.62246668361726,-0.34415799309320505,0.00679740566382804
2013-09-16,0.180645,0.180645,-0.283874,0.964041,0.96402,-0.944506,-2.110959,-1.854615,-1.162574,-0.495478,0.048086,1.0,33.962162,33.567326800000004,0.5909152448975211,32.385496310204964,34.74915728979504,33.65481861851086,-0.2759462192367721,0.009594031274652491
2013-09-17,-0.358054,0.102304,-0.434778,0.903221,0.903214,-1.503815,-2.603561,-2.73826,-2.076709,-1.438346,-0.950878,1.0,34.268913,33.5572474,0.5762356691124165,32.404776061775166,34.709718738224836,33.713303797700306,-0.19488909477105665,0.008991594129229386
2013-09-18,-2.250005,0.024995,-2.650002,2.301796,2.301815,-2.825003,-4.135004,-4.658339,-4.196256,-3.624006,-3.176673,1.0,35.05772,33.58660835,0.6369767391659402,32.312654871668116,34.86056182833188,33.84134343601456,-0.06623706740023749,0.022757229324608382
2013-09-19,1.160773,1.185475,-0.14819,1.225005,1.225017,-2.830346,-4.502364,-5.41864,-5.143265,-4.703404,-4.266919,1.0,35.487183,33.661983150000005,0.7627199915319343,32.136543166936136,35.187423133063874,33.99809006115603,0.06957267560994751,0.012175743032732002
2013-09-20,0.72032,0.72032,-0.024834,-0.568051,-0.568059,-1.341285,-3.266271,-4.4875,-4.423749,-4.079488,-3.666174,-1.0,35.285595,33.7246489,0.8421010591323986,32.0404467817352,35.4088510182648,34.12070957914116,0.15910237539730332,-0.005696782036254778
2013-09-23,0.550003,0.575,-0.325003,-0.645797,-0.645802,-0.075001,-2.057502,-3.471669,-3.710003,-3.416005,-3.016672,-1.0,35.05772,33.75707745,0.8814179854284858,31.994241479143025,35.519913420856966,34.209948666842,0.20925553192132895,-0.006478960996477239
2013-09-24,0.227046,0.479321,-0.201811,-0.900002,-0.900004,1.104951,-0.870329,-2.251932,-2.77119,-2.507568,-2.133368,-1.0,34.742199,33.7794266,0.9012254030474646,31.976975793905073,35.58187740609493,34.26063917476181,0.2209948707145557,-0.00904078840297696
2013-09-25,0.101929,0.458705,-0.229358,-1.009074,-1.009084,1.748224,0.402656,-0.936115,-1.671761,-1.522934,-1.173121,-1.0,34.391621,33.816675399999994,0.9107931443159921,31.99508911136801,35.63826168863198,34.27311363430831,0.19970756212560303,-0.010142098472086447
2013-09-26,0.17735,0.38003,-0.329367,0.586134,0.58614,0.63846,0.159616,-1.143484,-2.071192,-2.025843,-1.760832,1.0,34.593204,33.876712250000004,0.9208775653163429,32.03495711936732,35.71846738063269,34.30359843104085,0.19683429685363052,0.005844287457914834
2013-09-27,-0.025619,0.204976,-0.384315,-1.114776,-1.114748,1.142692,1.455269,0.235695,-0.822466,-0.900868,-0.690091,-1.0,34.207577,33.9262314,0.9101115765064823,32.10600824698703,35.74645455301297,34.29445353284648,0.1615777693971978,-0.01121007734887281
2013-09-30,2.99575,3.393422,-0.212094,-3.356387,-3.356403,3.446441,4.705717,3.723921,2.63387,2.377507,2.592776,-1.0,33.059433,33.9301756,0.9059589767182498,32.1182576465635,35.7420935534365,34.17683252971825,0.0405239570664051,-0.03414022762705405
2013-10-01,-0.660851,0.0,-0.978068,0.291625,0.291623,2.188735,4.06555,3.311297,2.365837,1.942362,2.162292,0.0,33.155842,33.9402552,0.8955915852270815,32.14907202954584,35.731438370454164,34.07959533641175,-0.04708983842998293,0.0029119887556589754
2013-10-02,-0.719235,0.0,-0.879068,-0.76659,-0.76658,2.072449,4.214159,3.990395,3.18059,2.639299,2.792557,-1.0,32.901676,33.9481434,0.8851335519677889,32.17787629606442,35.71841050393558,33.96741254246778,-0.13547183959176579,-0.007695331643200455
2013-10-03,-0.105571,0.158358,-0.316704,0.932333,0.932305,0.295617,2.565339,2.989373,2.308013,1.669058,1.765652,1.0,33.20842,33.9748747,0.8520779479662327,32.270718804067535,35.67903059593247,33.895127538423225,-0.17870355173172214,0.009279859502509803
2013-10-04,-0.211747,0.158817,-0.344089,-0.290314,-0.290315,-0.074096,2.207535,3.183359,2.645596,1.952371,1.969311,0.0,33.112011,33.9880211,0.8356645642565017,32.316691971486996,35.659350228513,33.82054501095435,-0.21822878999828532,-0.002907371573340988
2013-10-07,-0.503987,0.37135,-0.557027,-0.211747,-0.211748,0.12733,1.814336,3.216635,2.866059,2.176138,2.047756,0.0,33.041897,33.98889735,0.8346094543183822,32.31967844136324,35.65811625863677,33.746388057530126,-0.252302058839625,-0.002119724393401027
2013-10-08,0.373829,0.61415,0.0,-0.66313,-0.663137,0.5928,1.90923,3.611947,3.41791,2.842208,2.579456,-1.0,32.822784,33.9446371,0.8728844299478479,32.198868240104304,35.6904059598957,33.658425766336784,-0.2936015024179994,-0.006653453869015128
2013-10-09,-0.375635,0.26831,-0.59029,-0.480644,-0.48062,0.933713,1.872818,3.624003,3.791251,3.329216,2.974685,0.0,32.665031,33.90344425,0.9139954175874472,32.075453414825105,35.731435085174894,33.563816740971376,-0.3351970151655195,-0.004817791069531887
2013-10-10,-1.17678,0.240709,-1.17678,0.321972,0.321959,0.34234,0.989582,2.738713,3.360537,3.009373,2.580917,0.0,32.770199,33.87145365,0.9429144432561767,31.985624763487646,35.75728253651235,33.488234098974104,-0.3555767130142584,0.0032144179994129363
2013-10-11,-0.398306,0.106216,-0.53107,0.722121,0.722123,-0.440787,-0.098242,1.541873,2.523905,2.289971,1.824224,1.0,33.00684,33.839901350000005,0.9615162713858453,31.916868807228315,35.7629338927717,33.44238704192895,-0.34861421175028795,0.007195277396040969
2013-10-14,-0.371058,0.026509,-0.689104,0.185874,0.185886,-0.609604,-0.280951,0.952376,2.198511,2.105482,1.644133,0.0,33.068195,33.795203,0.9762005142628094,31.842801971474383,35.74760402852562,33.40674970460239,-0.33429203313320954,0.0018571315969530175
2013-10-15,0.239298,0.558359,0.0,-0.318047,-0.318043,-0.207403,-0.021285,0.91464,2.326499,2.340857,1.969324,0.0,32.963024,33.72990855,0.9864672442828634,31.75697406143427,35.702843038565724,33.36449011368788,-0.3276510666026482,-0.0031854959071466937
2013-10-16,-0.449384,0.026429,-0.76659,0.584953,0.584952,-0.491684,-0.526054,0.079291,1.44461,1.705514,1.417734,1.0,33.155842,33.634814649999996,0.9424170218268603,31.749980606346274,35.519648693653714,33.34461886476522,-0.30333262198066535,0.005832481960719225
2013-10-17,-0.740355,0.0,-0.970123,3.542152,3.542154,-2.986979,-3.602253,-3.395458,-2.194284,-1.666585,-1.890906,1.0,34.330273,33.576969150000004,0.8541021383716418,31.86876487325672,35.285173426743285,33.43849068716854,-0.18713612409186453,0.034808629300098905
2013-10-18,0.07612,0.329868,-0.329868,0.612719,0.612713,-2.689669,-3.775696,-3.919482,-2.897744,-2.160876,-2.325131,1.0,34.540619,33.539720349999996,0.7894631109923692,31.96079412801526,35.11864657198473,33.54345528839058,-0.07718663857680497,0.006108434142319052
2013-10-21,-0.204024,0.229533,-0.408059,-0.507488,-0.507487,-1.438404,-2.899772,-3.176063,-2.503189,-1.614895,-1.696847,-1.0,34.36533,33.505100850000005,0.7325200277450752,32.040060794509856,34.970140905490155,33.62172907044862,-0.004147427548453209,-0.005087786487670657
2013-10-22,-0.225904,0.527106,-0.401606,1.606736,1.60673,-1.877505,-3.835339,-4.370817,-4.019827,-3.096383,-3.135874,1.0,34.917488,33.5138653,0.7489647432844923,32.015935813431014,35.011794786568984,33.74513468278685,0.09717108169082422,0.01593958520951263
2013-10-23,0.100505,0.276384,-0.201,-0.100404,-0.1004,-0.788944,-3.103015,-3.896151,-3.853015,-3.019095,-2.90536,0.0,34.882431,33.5384058,0.7863469112062926,31.965711977587414,35.11109962241258,33.853448617759526,0.1726477475427899,-0.001004499817478849
2013-10-24,0.550829,0.575861,-0.175263,0.351759,0.351753,-0.751122,-2.804199,-3.890833,-4.131191,-3.414116,-3.093802,0.0,35.005131,33.55900215,0.8200990699920663,31.918804010015865,35.199200289984134,33.96313265416338,0.23960242594484527,0.003511358031648023
2013-10-25,-0.176723,0.227215,-0.42919,-0.826234,-0.826253,0.176737,-1.502126,-2.78211,-3.259261,-2.675064,-2.182933,-1.0,34.7159,33.584418299999996,0.8486376355541805,31.887143028891636,35.281693571108356,34.0348247823383,0.2662567246821226,-0.008296855483022598
2013-10-28,-0.997263,0.299175,-1.047125,1.262307,1.262318,-0.623284,-2.136616,-3.593445,-4.167284,-3.87733,-3.28928,1.0,35.154125,33.689152899999996,0.9076433835739648,31.873866132852065,35.50443966714793,34.141424803067984,0.31906357725768686,0.012544170305849464
2013-10-29,-0.372388,0.099307,-0.546172,0.423829,0.423834,-0.824229,-1.886785,-3.531936,-4.267621,-4.219456,-3.599792,0.0,35.30312,33.7965168,0.9663398897120602,31.86383702057588,35.72919657942412,34.252062440871036,0.36868605631537577,0.0042293797351147
2013-10-30,0.627038,0.727366,-0.326052,-1.017875,-1.017851,0.230729,-0.366207,-2.105191,-2.990988,-3.171322,-2.619361,-1.0,34.943787,33.89862235,0.9746637977480638,31.949294754503867,35.847949945496126,34.317940970311895,0.37469777573304697,-0.01023066066579566
2013-10-31,0.176234,0.377638,-0.226586,-0.376218,-0.376221,0.498472,0.148523,-1.344426,-2.394278,-2.780479,-2.316229,0.0,34.812321,33.9788174,0.9808498429087716,32.017117714182454,35.94051708581754,34.36502478266314,0.364650435952214,-0.0037693087937848216
2013-11-01,-0.484936,0.127616,-0.663609,-1.359519,-1.359547,1.664129,1.47015,0.273965,-0.870329,-1.425203,-1.061752,-1.0,34.339031,34.0401684,0.9619712073290757,32.11622598534185,35.96411081465815,34.36254918431427,0.3148677003865856,-0.013688738593627658
2013-11-04,-0.504416,0.0,-0.807062,1.199597,1.199632,0.226967,0.378285,-0.591868,-1.79952,-2.399016,-2.264,1.0,34.750973,34.125622199999995,0.9443748648962212,32.23687247020755,36.01437192979244,34.39954192866529,0.3051373668193662,0.011924934369391542
2013-11-05,-0.328451,0.303181,-0.606372,-0.176545,-0.176571,0.05054,0.490147,-0.084216,-1.356744,-2.04952,-2.096175,0.0,34.689613,34.21896365,0.9000432605056344,32.41887712898873,36.019050171011266,34.42716774498288,0.2891417223798669,-0.0017672666521023987
2013-11-06,0.256471,0.743773,-0.025653,-1.490652,-0.566161,0.358959,0.949484,0.74317,-0.530079,-1.307243,-1.528908,-1.0,34.493214,34.310372799999996,0.8234993837122692,32.663374032575454,35.95737156742454,34.43345786450832,0.25764730326196883,-0.0056776959286927685
2013-11-07,1.120375,1.328812,-0.234497,-1.564506,-1.56449,1.448182,2.244225,2.270373,1.225115,0.349121,-0.026647,-1.0,33.953571,34.369541399999996,0.7458667579002801,32.877807884199434,35.86127491580056,34.387754353602766,0.18698759251989117,-0.015768576470511084
2013-11-08,-0.337665,0.0,-0.753249,0.31266,0.312662,0.967974,1.73289,1.857482,1.064174,0.147646,-0.352721,0.0,34.059731,34.42218595,0.6787614725507091,33.064663004898584,35.779708895101415,34.356514034212026,0.13796511153940827,0.003121744808488324
2013-11-11,0.129632,0.20742,-0.10371,0.181818,0.181787,0.415889,1.245701,1.625044,1.035154,0.092498,-0.429771,0.0,34.121647,34.47485855,0.6050302170677051,33.26479811586459,35.68491898413541,34.334145745239454,0.10292410095310345,0.0018162148913993834
2013-11-12,0.414615,0.518272,-0.336877,0.051854,0.051873,0.041462,0.85232,1.420402,1.155053,0.194861,-0.385366,0.0,34.139347,34.5336747,0.49804392172240797,33.53758685655518,35.52976254344482,34.31559348378808,0.07570935931479994,0.0005185977923700661
2013-11-13,-0.904855,0.0,-1.085838,0.233221,0.233244,-0.35162,0.40582,1.055138,1.075007,0.143353,-0.48885,0.0,34.218975,34.58683135,0.38777418649561535,33.811282977008766,35.36237972299123,34.30639172342731,0.05987657473419006,0.0023297247119628203
2013-11-14,-0.025758,0.231769,-0.23178,0.387802,0.387814,-0.504793,-0.116159,0.53793,0.687654,-0.059364,-0.76234,0.0,34.351681,34.58790175,0.3870576021025122,33.813786545794976,35.362016954205025,34.310704987862806,0.05737585092050779,0.003870640108264272
2013-11-15,0.0,0.128436,-0.333935,0.257528,0.25751,-0.539435,-0.343352,0.22632,0.414452,-0.149592,-0.888686,0.0,34.44014,34.5828778,0.3883535580129503,33.806170683974095,35.3595849160259,34.32303213187588,0.06181929692493071,0.002571789711931125
2013-11-18,0.382073,0.433016,-0.203765,0.84767,0.847659,-1.023928,-1.186441,-0.697127,-0.37677,-0.797244,-1.559539,1.0,34.732075,34.60121504999999,0.3861932226269491,33.82882860474609,35.373601495253894,34.361988595506745,0.08788439796059322,0.008440866996064321
2013-11-19,0.409417,0.56294,-0.05118,-0.458472,-0.458461,-0.317299,-0.765108,-0.380584,0.032224,-0.154091,-0.937418,0.0,34.572842,34.583982750000004,0.37895953864395826,33.82606367271209,35.34190182728792,34.38206987212515,0.0946018942368454,-0.004595151024828807
2013-11-20,1.255761,1.255761,-0.307529,-0.153536,-0.153537,0.010254,-0.604822,-0.309287,0.133515,0.15749,-0.605989,0.0,34.51976,34.5658492,0.3725497492482015,33.8207497015036,35.310948698496404,34.39518321763704,0.09455234409161051,-0.0015365468634046255
2013-11-21,0.0,0.128436,-0.38531,-0.230651,-0.230651,0.292831,-0.233757,-0.150863,0.282983,0.401798,-0.214578,0.0,34.44014,34.537599650000004,0.3586485275001461,33.82030259499971,35.2548967050003,34.39946481595732,0.08708455017050909,-0.002309169107830914
2013-11-22,-0.179949,0.10282,-0.385609,-0.077056,-0.077082,0.35477,-0.05397,-0.059394,0.316419,0.464484,-0.001344,0.0,34.413593,34.5224843,0.35710559529317054,33.80827310941366,35.23669549058634,34.40081035729472,0.07812358854947377,-0.0007711129130917987
2013-11-25,0.0,0.355872,-0.127095,1.1311,1.131111,-0.726987,-0.976095,-1.167253,-0.856046,-0.608886,-0.953648,1.0,34.802849,34.5049205,0.33217214681744717,33.8405762063651,35.169264793634895,34.439099751838086,0.10126435550108681,0.01124761956670762
2013-11-26,0.384019,0.409626,-0.204816,-0.711741,-0.711746,-0.025595,-0.145916,-0.484715,-0.253564,0.061654,-0.090053,-1.0,34.555141,34.46752155,0.2747107948085826,33.91809996038283,35.01694313961717,34.450151299282076,0.09848039393325081,-0.007142913259047125
2013-11-27,0.332568,0.588386,-0.051164,0.076802,0.076813,-0.066517,-0.117674,-0.544042,-0.382479,-0.049935,-0.029301,0.0,34.581684,34.449416400000004,0.2527223098371191,33.94397178032577,34.95486101967424,34.462678223159976,0.097294334084566,0.0007678397526673258
2013-11-29,0.356607,0.534903,0.0,0.434889,0.434886,-0.331125,-0.440645,-0.825259,-0.825378,-0.514169,-0.423616,0.0,34.732075,34.445404100000005,0.24723491027614058,33.95093427944772,34.93987392055229,34.488335059049504,0.10725332042438396,0.004339433848828486
2013-12-02,0.051496,0.412053,-0.412063,-1.095252,-1.095224,0.736514,0.636077,0.329613,0.274675,0.545079,0.660712,-1.0,34.351681,34.4460366,0.24696448692823209,33.95210762614354,34.93996557385646,34.47532038675908,0.08348886447495829,-0.011012656707995434
2013-12-03,-0.771007,0.128499,-0.796715,0.206021,0.205972,0.308425,0.339267,0.181641,0.02084,0.253384,0.459334,0.0,34.422436,34.42960975,0.23631063972836308,33.95698847054327,34.90223102945672,34.47028377849631,0.06956282218438048,0.0020576062056369914
2013-12-04,-0.309276,0.128863,-0.798961,-0.282706,-0.282682,0.458764,0.551546,0.501722,0.25129,0.423618,0.686596,0.0,34.32513,34.4113856,0.22914986888759045,33.953085862224825,34.86968533777518,34.45645960911571,0.050097064581393624,-0.0028308221117402353
2013-12-05,0.257064,0.796907,-0.154247,0.25774,0.257721,0.102837,0.26222,0.281076,-0.017983,0.103845,0.38236,0.0,34.413593,34.40740455,0.2283436464029081,33.950717257194185,34.86409184280582,34.45237707491422,0.04133208566645408,0.002573892704942418
2013-12-06,-0.831439,0.075591,-0.831439,2.030841,2.030857,-1.672964,-1.541951,-1.570503,-1.843031,-1.854462,-1.605494,1.0,35.112484,34.4653502,0.25284629914417034,33.95965760171166,34.971042798288344,34.51524440111287,0.08974590462862864,0.020105105073254696
2013-12-09,-0.502386,0.025117,-0.602866,0.302348,0.30234,-1.477018,-1.610146,-1.719831,-1.974372,-2.050398,-1.8545,0.0,35.218643,34.5232958,0.28566294315643315,33.95196991368714,35.09462168631286,34.58223474386402,0.13512273823570808,0.0030188363289614215
2013-12-10,0.329356,0.55738,-0.228021,-0.854057,-0.854039,-0.344579,-0.729681,-0.837779,-1.015971,-1.187546,-1.031633,-1.0,34.917862,34.56310655,0.2822024129939764,33.99870172401205,35.12751137598795,34.6141992444484,0.14514060230693815,-0.00857706964265644
2013-12-11,0.590044,0.769623,-0.282199,-1.241452,-1.241479,1.000526,0.497707,0.39167,0.278368,0.030803,0.133342,-1.0,34.484364,34.5803574,0.2649530477315666,34.050451304536864,35.11026349546313,34.60183398307236,0.11675429521395131,-0.012492499526419907
2013-12-12,0.390933,0.573367,-0.182434,-1.564908,-1.564892,2.329946,1.907743,1.874731,1.832166,1.556429,1.627125,-1.0,33.944721,34.5666447,0.29050571728154856,33.9856332654369,35.14765613456309,34.539251794208326,0.05013533330104991,-0.015772655370215497
2013-12-13,0.078419,0.235233,-0.313641,-0.286685,-0.286681,1.876633,1.939363,2.05088,2.050447,1.835863,1.824282,0.0,33.847408,34.54143105,0.3294217692511688,33.88258751149766,35.20027458850234,34.47336190904563,-0.010393213306500115,-0.0028709252320286652
2013-12-16,-0.233342,0.362974,-0.233342,0.810251,0.810222,0.414849,1.052651,1.173647,1.183587,1.024657,0.984674,1.0,34.121647,34.5255064,0.34203279477625775,33.84144081044748,35.209571989552515,34.43986525104128,-0.035820807220602546,0.008069568957668182
2013-12-17,0.026128,0.235174,-0.470342,-0.777807,-0.777782,0.574854,1.67755,1.780331,1.8474,1.785212,1.688182,-1.0,33.856255,34.4817154,0.3691823139419223,33.74335077211615,35.220080027883846,34.384283322370685,-0.07650536875193126,-0.007808224160109679
2013-12-18,-0.960535,0.103845,-1.583593,0.653253,0.653256,-0.316726,0.944957,1.026302,1.113703,1.117341,0.968327,1.0,34.077423,34.45694445,0.37922999033463217,33.69848446933074,35.21540443066927,34.35505852976395,-0.08986585007987458,0.006511314797602764
2013-12-19,-0.723146,0.051655,-0.903931,0.519213,0.519209,-0.650832,0.377062,0.440769,0.552684,0.599174,0.423554,0.0,34.254356,34.44367425,0.3815526899122163,33.68056887017557,35.20677962982443,34.34546781264358,-0.08519503801396411,0.005178656198096869
2013-12-20,-0.71776,0.179451,-0.743391,0.748959,0.748968,-1.004876,-0.543455,-0.348631,-0.184571,-0.130224,-0.269162,1.0,34.51091,34.44721275,0.38184623413342617,33.683520281733145,35.21090521826685,34.36122421143943,-0.06009884009321809,0.007461766827628776
2013-12-23,0.256142,0.563517,-0.153691,0.076911,0.076924,-0.84018,-0.817132,-0.389368,-0.243362,-0.195717,-0.299712,0.0,34.537457,34.453405950000004,0.3822764917300251,33.688852966539955,35.217958933460054,34.378008286540435,-0.03763398029670384,0.0007689392946261814
2013-12-24,-0.279614,0.20335,-0.406711,0.76844,0.768418,-1.052356,-1.606506,-1.076087,-1.004064,-0.948649,-0.994741,1.0,34.802849,34.453405950000004,0.3822764917300251,33.688852966539955,35.217958933460054,34.418469306869916,0.00156644239626047,0.007654806020299097
2013-12-26,-0.177395,0.076034,-0.481498,0.305031,0.305018,-0.876819,-1.78407,-1.265401,-1.254418,-1.211336,-1.222315,0.0,34.909004,34.4710991,0.39520345313892924,33.680692193722145,35.26150600627786,34.465186896691826,0.04072937821101874,0.00304553895739016
2013-12-27,0.575285,0.600303,-0.075035,1.317793,1.317809,-1.535768,-2.658832,-2.36952,-2.427466,-2.400202,-2.398699,1.0,35.369038,34.5104668,0.4431109252858,33.6242449494284,35.396688650571605,34.55126795414975,0.10764630651932094,0.013092014454030805
2013-12-30,-0.298134,0.173913,-0.621118,0.675338,0.675328,-1.580117,-2.817385,-2.931671,-2.958999,-2.92372,-2.935809,1.0,35.607895,34.5542578,0.5051046778572936,33.544048444285416,35.56446715571459,34.65189910137359,0.1779014804757466,0.006730578276694518
2013-12-31,0.248576,0.273428,-0.223716,-0.049689,-0.049677,-0.939606,-2.356454,-2.813826,-2.73677,-2.743231,-2.779853,0.0,35.590206,34.61618405,0.5526461740750873,33.51089170184983,35.72147639815017,34.74126166314753,0.22950625231652566,-0.0004968952855626507
2014-01-02,0.050659,0.177302,-0.45593,-1.86428,-1.864283,1.013166,-0.195036,-0.965894,-0.816872,-0.881461,-0.914388,-1.0,34.926704,34.64139745,0.5548403327631999,33.5317167844736,35.7510781155264,34.758922838085866,0.21439295102578626,-0.01881879343041433
2014-01-03,0.304643,0.507746,-0.228484,-0.227966,-0.227975,1.208436,0.25388,-0.670213,-0.515352,-0.621469,-0.66175,0.0,34.84708,34.667494950000005,0.5514462670619568,33.564602415876095,35.770387484123916,34.76731875826816,0.19375704886321898,-0.002282348182927899
2014-01-06,0.305883,0.611779,0.0,-0.406192,-0.406175,1.238837,0.79275,-0.118968,-0.067562,-0.201897,-0.238774,0.0,34.70554,34.6820923,0.548226148915996,33.585640002168006,35.778544597831996,34.76143506700453,0.16409032154084002,-0.004070017646628858
2014-01-07,-0.25297,0.151786,-0.278272,0.764718,0.764696,0.106261,0.159385,-0.662776,-0.846181,-0.931938,-0.945261,1.0,34.970932,34.675014700000006,0.5432686553186048,33.588477389362794,35.76155201063722,34.78138715586124,0.16014805572939395,0.007617873747524991
2014-01-08,0.12818,0.12818,-0.384509,-1.315459,-1.315441,0.815172,1.486793,0.736561,0.372978,0.407071,0.384514,-1.0,34.51091,34.63962805,0.5288532842619712,33.58192148147606,35.69733461852394,34.75562742673159,0.11853742518504617,-0.013241696205032061
2014-01-09,-0.957059,0.12933,-1.060528,-0.897201,-0.897197,1.303662,2.229682,1.715803,1.176915,1.290211,1.234685,-1.0,34.201279,34.6037989,0.5332665635460313,33.537265772907936,35.670332027092066,34.70283233847144,0.05988574113822409,-0.009012464900505649
2014-01-10,-0.794467,0.076881,-0.794467,0.931195,0.931196,0.179388,1.173746,0.862795,0.248578,0.378255,0.297272,1.0,34.51976,34.605568700000006,0.5329079374260511,33.53975282514791,35.671384574852105,34.68539687766463,0.03865700017689022,0.009268872669646025
2014-01-13,-0.363256,0.8822,-0.363256,-1.230136,-1.230148,1.069019,2.060196,2.087873,1.519198,1.591072,1.498873,-1.0,34.095116,34.61308845,0.5240800395481401,33.56492837090372,35.66124852909628,34.629179651220376,-0.012290474937287854,-0.012377765474524984
2014-01-14,0.25609,0.25609,-0.486551,1.323295,1.323307,-0.496801,0.419969,0.76141,0.294486,0.198711,0.155348,1.0,34.546299,34.648033,0.49269985081278356,33.66263329837443,35.633432701625566,34.62128625586605,-0.016074719258227788,0.013146276134911004
2014-01-15,-0.234192,0.208165,-0.702576,-1.587706,-1.587713,0.806665,1.571688,2.2812,1.894351,1.671607,1.736486,-1.0,33.997803,34.6418408,0.5003819426416635,33.64107691471667,35.642604685283324,34.56190689816452,-0.06261106202525468,-0.016004519478842818
2014-01-16,-0.434677,0.025564,-0.741501,1.769454,1.76947,-0.715942,-0.288946,0.463629,0.2301,-0.13298,-0.015363,1.0,34.599384,34.67899725,0.46534114125171727,33.74831496749657,35.609679532503435,34.56547614595838,-0.050368275737021406,0.01753997355569438
2014-01-17,0.569498,0.80248,-0.181206,-1.227308,-1.227351,0.315842,0.753326,1.568753,1.489798,1.071728,1.212378,-1.0,34.174728,34.6838625,0.4591885097458004,33.765485480508396,35.6022395194916,34.528262036819484,-0.07407804402132001,-0.012349454893028668
2014-01-21,0.876531,0.876531,-0.525918,3.365257,3.3653,-2.253955,-2.351627,-1.746403,-1.662924,-2.062625,-1.996843,1.0,35.32481,34.737385200000006,0.4687762308774084,33.799832738245186,35.674937661754825,34.60412374759858,-6.544602159408441e-05,0.03309912638513346
2014-01-22,-0.123302,0.246617,-0.27127,1.552715,1.552702,-3.008628,-3.593091,-3.199341,-2.976571,-3.334156,-3.424579,1.0,35.873299,34.80550465,0.5292236565070045,33.747057336985996,35.86395196301401,34.724997581160615,0.10167648626903514,0.015407708392438114
2014-01-23,-0.024671,0.074024,-0.468786,-0.049322,-0.049332,-1.92449,-3.170478,-3.102218,-2.744871,-3.093007,-3.317698,0.0,35.855602,34.8714119,0.574248043017603,33.72291581396479,36.01990798603521,34.832674192478656,0.17881839349082895,-0.0004934412799404869
2014-01-24,1.854672,1.905488,0.0,-2.886746,-2.886704,1.117852,-0.114361,-0.242243,0.148591,-0.101662,-0.453121,-1.0,34.820557,34.8722973,0.57415040915003,33.72399648169994,36.02059811830006,34.83152017414736,0.15465170093250435,-0.029291886275784842
2014-01-27,0.896295,0.921898,-0.102435,-0.787607,-0.787632,2.135726,0.686298,0.491675,0.891161,0.745706,0.343143,-1.0,34.546299,34.85416205,0.5786406446938497,33.6968807606123,36.0114433393877,34.80435625279999,0.1120771389459776,-0.00790750640566903
2014-01-28,0.0,0.102698,-0.590501,-0.256077,-0.256082,1.894738,1.050064,0.701752,1.017968,1.02798,0.650401,0.0,34.457832,34.80860175,0.5717995767779505,33.6650025964441,35.952200903555905,34.771353943009515,0.07038657170358675,-0.0025641087624154353
2014-01-29,0.131001,0.628771,-0.288177,-2.002575,-2.002598,2.729922,2.884493,2.52208,2.809826,3.004481,2.699354,-1.0,33.76778,34.716596,0.5843250455904706,33.54794590881906,35.885246091180946,34.675775472246706,-0.01812598749433647,-0.020229222182573652
2014-01-30,0.555553,0.740749,-0.370368,-0.969345,-0.969303,2.290994,3.724852,3.312154,3.494691,3.881462,3.636665,-1.0,33.440468,34.6091091,0.6122228260516096,33.38466344789678,35.83355475210322,34.55812714155654,-0.11337722917367898,-0.009740310081266359
2014-01-31,-0.830212,0.535621,-1.07124,-1.216929,-1.216957,2.469208,4.528664,4.349234,4.483137,4.946981,4.830395,-1.0,33.033512,34.5144495,0.7005242356381965,33.11340102872361,35.91549797127639,34.41292569950353,-0.21917594867546342,-0.012244222002571142
2014-02-03,1.408072,1.543461,-0.081229,-1.098018,-1.098015,2.458707,5.228819,5.130433,5.310052,5.838077,5.850713,-1.0,32.670799,34.40563545,0.8070591205333502,32.7915172089333,36.0197536910667,34.247008870979386,-0.32850332208938937,-0.011040879329296717
2014-02-04,0.215977,0.485961,-0.107994,0.297864,0.297859,1.123111,4.136076,4.548244,4.701681,5.20627,5.385175,0.0,32.768112,34.30876405,0.8819655979719804,32.54483285405604,36.07269524594396,34.10616154993373,-0.4026521836291934,0.0029741653779393833
2014-02-05,-0.408499,0.245098,-0.408499,-0.863931,0.122702,0.414294,3.074248,4.06696,4.243785,4.736013,5.08304,0.0,32.808319,34.2006334,0.9278846119503119,32.34486417609938,36.056402623900624,33.982557497559085,-0.45294999613326326,0.0012262639007708507
2014-02-06,-0.748858,0.294199,-1.016317,1.824613,1.824626,-1.405127,0.494252,2.084243,2.21058,2.597804,3.087224,1.0,33.406948,34.1454353,0.9411962027565306,32.263042894486944,36.02782770551306,33.9277375454106,-0.43944141053237473,0.018081791020046232
2014-02-07,-0.608302,0.079341,-0.872788,1.1233,1.123296,-2.057089,-0.929422,0.789008,1.01318,1.322613,1.841404,1.0,33.782207,34.124481700000004,0.9445464175051645,32.23538886498967,36.013574535010335,33.913877493466735,-0.3939146906395763,0.01117034146214491
2014-02-10,-0.316453,0.052745,-0.553795,0.29092,0.290908,-1.627097,-1.41331,0.438757,0.625835,0.914595,1.444808,0.0,33.880482,34.0925178,0.9412770681842172,32.20996366363157,35.97507193636844,33.91069697027943,-0.3459169506592943,0.0029048526021505866
2014-02-11,-0.967065,0.156827,-1.071615,0.896625,0.896631,-1.67276,-2.36944,-0.676236,-0.255351,-0.043192,0.427777,1.0,34.184265,34.09697525,0.9415010770476153,32.21397309590477,35.97997740409523,33.93675106834806,-0.2801364085019884,0.008926354111367628
2014-02-12,0.131961,0.422275,-0.263917,-0.967065,-0.967059,-0.095015,-1.390701,-0.104052,0.616363,0.800879,1.235732,-1.0,33.853683,34.06234445,0.9368304549180668,32.188683540163865,35.93600535983613,33.92883982374348,-0.251777722669317,-0.009717653491772279
2014-02-13,-0.709593,0.078852,-0.709593,0.422275,0.422255,-0.168188,-1.641739,-0.888634,0.193119,0.316523,0.653808,0.0,33.996632,34.0622859,0.9368347375108291,32.18861642497834,35.935955375021656,33.9352962214822,-0.2152867782400847,0.004213663901323373
2014-02-14,-0.446434,0.105034,-0.551478,0.078852,0.078858,-0.105046,-1.428286,-1.122919,0.029532,0.21657,0.486003,0.0,34.023441,34.03348875,0.9282687967961681,32.17695115640766,35.89002634359233,33.94369096229342,-0.18210498669876785,0.000788267351262196
2014-02-18,-0.025795,0.232198,-0.67079,1.785704,1.785698,-1.424139,-2.591575,-2.841285,-1.659481,-1.528752,-1.297692,1.0,34.630997,34.0563022,0.9374836064829731,32.18133498703405,35.931269412965946,34.009148680170235,-0.10556658037211264,0.01769941982907619
2014-02-19,0.12903,0.61936,-0.154841,-0.025795,-0.025789,-1.145807,-2.030965,-2.784598,-1.735601,-1.44247,-1.280268,0.0,34.622066,34.021165,0.8998514180953192,32.22146216380936,35.820867836190644,34.067521758249256,-0.0451099990008359,-0.0002579236112492102
2014-02-20,-0.435781,0.205081,-0.769031,0.670963,0.670971,-1.230459,-2.096899,-3.224703,-2.536702,-2.064,-1.949382,1.0,34.85437,33.97021855,0.8142428940928085,32.341732761814384,35.59870433818561,34.14245968603504,0.021301715737358506,0.00668729943828506
2014-02-21,0.102304,0.69054,-0.179026,0.23071,0.230726,-0.920732,-1.884926,-3.162311,-2.892848,-2.18216,-2.134644,0.0,34.934788,33.92417785,0.7229386983636089,32.47830045327278,35.37005524672722,34.217919525460275,0.07950604248964765,0.0023045996798775384
2014-02-24,-0.177755,0.736407,-0.355508,0.71612,0.716109,-0.964966,-2.183861,-3.443198,-3.531512,-2.81109,-2.737292,1.0,35.184959,33.94239795,0.750775071684767,32.440847806630465,35.443948093369535,34.31001852303549,0.14415833219597118,0.00713556657530801
2014-02-25,0.050543,0.429623,-0.404347,0.482476,0.482485,-1.031093,-2.236558,-3.400739,-3.880393,-3.144256,-3.125594,0.0,35.354721,33.98281905,0.8048171930342803,32.37318466393144,35.59245343606857,34.40951399703211,0.20671127333687167,0.004813243489167645
2014-02-26,0.586882,0.688951,-0.127584,-0.960326,-0.960344,0.153112,-1.051283,-2.036228,-2.868774,-2.240458,-2.098657,-1.0,35.015194,34.010687149999995,0.8313436076185259,32.347999934762946,35.673374365237045,34.46719780683857,0.22627952895054904,-0.009649852062927173
2014-02-27,-0.634679,0.152328,-0.786994,0.510334,0.510338,-0.16247,-1.172886,-2.081745,-3.159348,-2.814048,-2.534413,0.0,35.19389,34.08199265,0.8696880051204503,32.34261663975909,35.8213686602409,34.53640658713966,0.2532870508250795,0.00509040641714112
2014-02-28,-0.151671,0.429724,-0.455005,0.431587,0.431589,-0.35895,-1.215879,-2.136845,-3.30598,-3.289385,-2.826133,0.0,35.345783,34.17725840000001,0.8995580262285364,32.37814234754293,35.97637445245708,34.61349005503112,0.2836771485806153,0.004306604448285796
2014-03-03,0.674271,1.115148,-0.129676,-2.527806,-2.527832,1.799812,1.470456,0.530793,-0.592422,-0.824058,-0.320268,-1.0,34.452301,34.24819785,0.8596735213062611,32.52885080738748,35.967544892612516,34.59813871645673,0.23297934883261462,-0.02560330475822867
2014-03-04,-0.227388,0.075793,-0.328451,2.645231,2.64524,-0.818592,-0.937333,-1.780353,-2.773489,-3.287441,-2.777018,1.0,35.363647,34.38284025,0.8090020121686619,32.76483622566268,36.000844274337325,34.671044267270375,0.2633037809521852,0.02610858390925749
2014-03-05,-0.254523,0.381771,-0.279972,-0.732696,-0.732699,-0.035626,-0.068706,-0.880619,-1.723072,-2.49991,-2.080324,-1.0,35.104538,34.49966155,0.7282190552624318,33.043223439475135,35.95609966052486,34.7123293846732,0.2633919624595151,-0.0073539617270716945
2014-03-06,-0.330119,0.203144,-0.406298,0.229066,0.22909,-0.269187,-0.203158,-0.85493,-1.609965,-2.561651,-2.369348,0.0,35.184959,34.61849355,0.6241764656668392,33.37014061866632,35.866846481333674,34.757341728990035,0.2668747831566023,0.002288280284375433
2014-03-07,-0.227966,0.050659,-0.759878,0.253933,0.253938,-0.562326,-0.359687,-0.864585,-1.594491,-2.600505,-2.671572,0.0,35.274307,34.7118615,0.5707901321984078,33.57028123560318,35.85344176439681,34.80657651670527,0.2736896565442706,0.002536161755968014
2014-03-10,0.589137,0.819672,-0.665989,-1.114486,-1.114508,0.80431,0.676236,0.416674,-0.327862,-1.290865,-1.56882,-1.0,34.881172,34.76680975,0.5278680296480148,33.71107369070397,35.82254580929603,34.813680848447625,0.24454877778481432,-0.011207652510798631
2014-03-11,0.20682,0.672179,-0.20683,-0.922134,-0.922122,1.277145,1.38314,1.337469,0.698033,-0.153569,-0.651442,-1.0,34.559525,34.8007619,0.4882074405486951,33.82434701890261,35.77717678109739,34.78947552954785,0.19327227416661685,-0.009263999765272547
2014-03-12,-0.957813,0.103539,-0.957813,-0.129263,-0.129247,1.066515,1.369381,1.447906,0.876242,0.17808,-0.517363,0.0,34.514858,34.81729155,0.47154793365089603,33.87419568269821,35.76038741730179,34.76332147911472,0.14733266279433366,-0.0012933016347304585
2014-03-13,0.573071,0.729354,-0.364676,-0.621284,-0.621318,1.18262,1.742659,1.974493,1.572042,0.978399,0.156366,-1.0,34.300411,34.83962795,0.4324615827728829,33.97470478445423,35.70455111554577,34.71923476681808,0.09255420188676311,-0.00623256138631583
2014-03-14,-0.129676,0.440869,-0.518672,0.442829,0.442823,0.259351,1.034767,1.431554,1.190372,0.654583,-0.187297,0.0,34.452301,34.8624114,0.39619477357241906,34.07002185285516,35.654800947144835,34.6938125033116,0.06069843676674225,0.004418451074588112
2014-03-17,-0.594006,0.12913,-0.594006,0.414938,0.414951,-0.320246,0.658578,0.898765,0.854861,0.33265,-0.449281,0.0,34.595261,34.891002400000005,0.35045720303625033,34.190087993927506,35.591916806072504,34.68442664585335,0.04645271267821727,0.004140919683172638
2014-03-18,-0.669076,0.308798,-0.669076,0.36157,0.361584,-0.586732,0.110645,0.41344,0.504367,0.067928,-0.611176,0.0,34.720352,34.89547015,0.3475254104476679,34.20041932910467,35.590520970895334,34.687848108153034,0.04474092642449534,0.003609320624451793
2014-03-19,0.937991,1.276701,-0.521107,-1.235203,-1.235215,0.526312,1.125591,1.528576,1.713137,1.331947,0.779924,-1.0,34.291481,34.878940899999996,0.3684457432883556,34.14204941342329,35.615832386576706,34.650098859757506,0.008677983616877327,-0.012429072012927594
2014-03-20,-0.548587,0.339606,-0.757568,-0.260558,-0.260555,0.731453,1.102408,1.600492,1.883497,1.637414,1.179038,0.0,34.202133,34.846329049999994,0.398384077992852,34.04956089401429,35.6430972059857,34.6074354445425,-0.026802828937427137,-0.0026089454318948976
2014-03-21,0.285262,0.855804,-0.025939,0.731458,0.73144,1.3e-05,0.129682,0.689849,1.073669,0.9523,0.545488,1.0,34.452301,34.8222047,0.4072553208892415,34.00769405822152,35.63671534177848,34.59266073553846,-0.034339319355325415,0.007287777137198058
2014-03-24,-0.076783,0.153573,-0.793453,1.322611,1.322632,-1.126187,-1.169698,-0.537498,-0.285386,-0.264141,-0.6595,1.0,34.907978,34.808355649999996,0.39889396325905174,34.01056772348189,35.6061435765181,34.62269095120146,-0.0035023438211467806,0.013139611390857108
2014-03-25,-1.004273,0.251062,-1.154916,1.945232,1.945226,-2.525739,-2.766761,-2.393506,-2.155411,-2.059753,-2.395179,1.0,35.587017,34.81997045,0.41853829701449896,33.982893855971,35.657047044029,34.714531527277515,0.07486594577196826,0.0192654812579714
2014-03-26,0.249496,0.349299,-0.449102,0.627668,0.627681,-2.285443,-3.011493,-2.870937,-2.654704,-2.537935,-2.85264,1.0,35.81039,34.85973025,0.4723688139754482,33.914992622049105,35.80446787795089,34.81889900087013,0.15323135846432479,0.006257194432849182
2014-03-27,-0.371842,0.446207,-0.495788,0.648698,0.648683,-1.893898,-3.153195,-3.338286,-3.164348,-3.034202,-3.276312,1.0,36.042686,34.90217005,0.5375976027599658,33.82697484448007,35.977365255519935,34.9354501436444,0.23141327030632652,0.006465883501269169
2014-03-28,-0.706114,0.340879,-0.779158,1.809618,1.809657,-2.415412,-4.263481,-4.798341,-4.701759,-4.565892,-4.750455,1.0,36.694935,34.96962764999999,0.6655988845811375,33.63842988083772,36.300825419162265,35.10302012996399,0.3420609759340323,0.01793477637203353
2014-03-31,0.364788,0.437743,-0.170233,0.121741,0.121703,-1.536951,-3.796197,-4.57684,-4.506315,-4.512637,-4.619803,0.0,36.739594,35.0839923,0.7616113175676955,33.56076966486461,36.60721493513539,35.258884308062655,0.42841518432116743,0.001216294462938556
2014-04-01,-0.609162,0.194927,-0.609162,-0.194548,-0.194539,-0.755359,-3.077489,-4.007477,-4.142304,-4.18324,-4.248703,0.0,36.668121,35.149216,0.8387697302721179,33.471676539455764,36.82675546054424,35.3930973263424,0.4854878412134056,-0.0019472891258112605
2014-04-02,0.121979,0.243957,-0.121988,-0.12183,-0.121822,-0.190298,-2.322529,-3.506561,-3.818016,-3.890718,-3.949756,0.0,36.623451,35.22516165,0.9009695486546654,33.42322255269067,37.027100747309326,35.510273866690746,0.5211068420125926,-0.0012189670466118139
2014-04-03,-0.171356,0.097922,-0.514073,-0.341556,-0.34156,0.401476,-1.358627,-2.774378,-3.308445,-3.41836,-3.470419,0.0,36.49836,35.2908317,0.9446899547217743,33.40145179055645,37.180211609443546,35.604377307958295,0.5330961578294691,-0.0034214448553310708
2014-04-04,0.443678,0.862702,-0.024646,-0.68543,-0.685434,0.847918,-0.182398,-1.773067,-2.50678,-2.652208,-2.683428,-1.0,36.248188,35.33952575,0.9685903731936201,33.40234500361276,37.27670649638724,35.665692611962264,0.516457585801902,-0.00687793422771098
2014-04-07,0.073447,0.489599,-0.097912,0.69016,0.690164,0.024483,-0.430841,-2.098734,-2.953488,-3.095227,-3.230518,1.0,36.49836,35.42038515,0.9954428455741477,33.42949945885171,37.411270841148294,35.74499426796586,0.5174928517540636,0.006877934227711005
2014-04-08,-0.784039,0.356384,-0.831547,3.035501,3.035517,-2.423392,-2.827289,-4.471389,-5.407479,-5.711589,-5.88186,1.0,37.606274,35.5727226,1.0857963027570394,33.40112999448592,37.74431520551408,35.92225900435007,0.600787207109704,0.02990357010596513
2014-04-09,-0.141436,0.094298,-0.73078,0.784029,0.784013,-2.508246,-3.031584,-4.579598,-5.696605,-6.149928,-6.360207,1.0,37.901112,35.7420353,1.1726960051412185,33.39664328971756,38.087427310282436,36.110721194411965,0.6827195800281203,0.007809553849242367
2014-04-10,0.854703,1.115862,-0.118706,-0.707211,-0.707209,-1.210825,-1.918327,-3.292182,-4.58215,-5.221276,-5.477212,-1.0,37.633072,35.908668350000006,1.1936567037195815,33.52135494256084,38.29598175743917,36.255706985420346,0.7177492217160122,-0.007097213762363598
2014-04-11,0.378698,0.710057,-0.118341,0.308644,0.308657,-0.719537,-1.940842,-3.007508,-4.439069,-5.250668,-5.555836,0.0,37.749229,36.07351475,1.2094949171295486,33.65452491574091,38.492504584259095,36.397947177285076,0.7462807048422491,0.003081813380414685
2014-04-14,0.373919,0.373919,-0.467401,1.278109,1.278076,-1.065653,-2.788019,-3.651929,-5.16942,-6.095806,-6.418155,1.0,38.231693,36.25533635,1.248282998900457,33.758770352199086,38.751902347800915,36.57258963659125,0.7986169642164498,0.012699779675634463
2014-04-15,0.28295,0.28295,-0.424428,-0.88806,-0.888038,-0.0283,-1.593967,-2.38309,-3.901209,-4.902625,-5.357235,-1.0,37.892181,36.413927799999996,1.2444837643473896,33.92496027130522,38.902895328694775,36.698265004534946,0.8034365296610062,-0.008920046585284452
2014-04-16,-0.070529,0.023503,-0.634699,0.306534,0.306517,-0.277378,-1.530316,-2.295869,-3.705917,-4.825571,-5.391782,0.0,38.008327,36.5997701,1.1870493745662625,34.22567135086747,38.97386884913253,36.82303281362686,0.807321778602919,0.0030604825637609166
2014-04-17,-0.898763,0.141913,-0.922422,-0.611194,-0.6112,0.411557,-0.586548,-1.389132,-2.640711,-3.872264,-4.581346,-1.0,37.77602,36.77846445,1.0703886378571434,34.637687174285716,38.919241725714286,36.91379349804335,0.7826339163368559,-0.006130757519819213
2014-04-21,-0.070968,0.354857,-0.141947,-0.023649,-0.023639,0.444758,-0.160865,-1.176558,-2.178844,-3.498458,-4.338771,0.0,37.76709,36.944203900000005,0.9399288232092295,35.06434625358155,38.82406154641846,36.995059831563026,0.7536603044037591,-0.00023642129749746102
2014-04-22,0.330588,0.354196,-0.330576,0.189255,0.189273,0.047214,0.004715,-1.169626,-1.976394,-3.337907,-4.258962,0.0,37.838573,37.090733650000004,0.8274920409791418,35.43574956804172,38.74571773195829,37.075394419033216,0.7280738072550008,0.0018909435738946431
2014-04-23,-0.141579,0.235958,-0.259559,0.070845,0.070825,-0.037754,0.002363,-1.028781,-1.74492,-3.074087,-4.035705,0.0,37.865372,37.2046514,0.7639741733818352,35.67670305323633,38.732599746763675,37.150630379125296,0.7018680809161637,0.000707994837506513
2014-04-24,-0.431956,0.407972,-0.935923,-1.675326,-1.675317,1.247899,1.52628,0.766342,0.119995,-1.106788,-2.157426,-1.0,37.231007,37.27568225,0.6899769770141269,35.89572829597175,38.655636204028255,37.158285295399075,0.622733416908062,-0.016895091295261483
2014-04-25,-0.167544,0.143612,-0.574433,0.263981,0.263987,0.741977,1.177591,0.649429,0.028719,-1.032077,-2.144572,0.0,37.329292,37.34001255,0.6259780915201334,36.088056366959734,38.59196873304026,37.17457164821821,0.5614770457688607,0.0026363911691922
2014-04-28,-0.637246,0.070812,-0.755251,1.412159,1.412159,-0.613645,-0.202981,-0.468889,-1.210767,-2.050511,-3.207463,1.0,37.856441,37.39808785,0.6167931214739532,36.164501607052095,38.63167409294791,37.23951158648315,0.5491373356652858,0.014022810368875623
2014-04-29,-0.047038,0.352863,-0.235234,0.33042,0.330409,-0.865671,-0.5975,-0.536335,-1.372609,-2.049391,-3.229036,0.0,37.981522,37.46018425,0.6094822366175007,36.24121977676499,38.679148723235,37.31017924491332,0.5431894677987827,0.00329864116781537
2014-04-30,0.140124,0.186833,-0.490423,0.729245,0.729252,-1.377864,-1.221397,-1.142772,-1.878797,-2.479217,-3.621364,1.0,38.258503,37.539703349999996,0.6044304072777853,36.330842535444425,38.74856416455557,37.400495793016816,0.5544346144241885,0.00726605791678885
2014-05-01,-0.327483,0.163743,-0.678365,-0.163475,-0.163472,-0.711115,-1.010533,-0.929441,-1.512286,-2.069712,-3.122812,0.0,38.195961,37.61832885,0.58078452281537,36.456759804369256,38.77989789563074,37.47625438415807,0.5519374658894023,-0.001636059182900283
2014-05-02,-0.09496,0.52232,-0.09496,-1.473687,-1.473687,0.935421,0.432097,0.552387,0.111584,-0.435899,-1.369898,-1.0,37.633072,37.675064449999994,0.517606391110484,36.63985166777903,38.71027723222096,37.49118939519063,0.4987882986226637,-0.014846538773120331
2014-05-05,-0.543604,0.212718,-0.661787,0.451097,0.451087,0.453796,-0.009451,0.110298,-0.132354,-0.765774,-1.517369,0.0,37.80283,37.75279655,0.39402866520382374,36.96473921959235,38.540853880407646,37.52086945279152,0.4650049647399186,0.0045007292829715535
2014-05-06,0.261099,0.569661,0.0,-0.425431,-0.425428,0.702588,0.365535,0.433577,0.446238,-0.245905,-0.854498,0.0,37.642006,37.80997885,0.2638959494285709,37.28218695114286,38.33777074885714,37.53240626681138,0.42040807392306334,-0.0042633598831829335
2014-05-07,-0.495865,0.141681,-0.543091,0.522186,1.471154,-0.790267,-1.003087,-0.969545,-0.932888,-1.532184,-2.064268,1.0,38.195778,37.83945405,0.2727202094587897,37.29401363108242,38.38489446891758,37.59558452711506,0.4248520589078808,0.014604378279362689
2014-05-08,-0.352446,0.258452,-0.352446,0.495875,0.495856,-1.18119,-1.190866,-1.39272,-1.358641,-1.834449,-2.3239,0.0,38.385174,37.86365715,0.29872031456436576,37.26621652087127,38.461097779128735,37.67078352453267,0.4386007074411964,0.004946305346157685
2014-05-09,0.304666,0.328106,-0.304657,0.258452,0.258457,-0.993517,-1.145441,-1.52421,-1.502324,-1.881087,-2.364212,0.0,38.484383,37.9062227,0.3237394378571192,37.25874382428576,38.55370157571424,37.7482691888629,0.45228825022438457,0.0025812313471188443
2014-05-12,0.069765,0.255816,-0.162791,0.773382,0.773399,-1.248384,-1.665452,-2.105508,-2.125105,-2.372773,-2.934145,1.0,38.782021,37.9578623,0.37559636254171286,37.206669574916575,38.70905502508343,37.84672174230453,0.48160102875566224,0.007704240311181151
2014-05-13,0.116169,0.162639,-0.255579,0.093026,0.09301,-0.7342,-1.541317,-2.028251,-2.140522,-2.224455,-2.84586,0.0,38.818092,37.987182250000004,0.418531179664529,37.15011989067094,38.824244609329064,37.93923319541838,0.5019560087587394,0.0009296636616479637
2014-05-14,-0.046371,0.347781,-0.092745,0.209108,0.209111,-0.579646,-1.582053,-2.055502,-2.215282,-2.29553,-2.857406,0.0,38.899265,38.037536450000005,0.4645517032506998,37.10843304349861,38.9666398565014,38.030664795854726,0.5186586852995134,0.00208892923410604
2014-05-15,0.39125,0.598384,-0.230156,0.741943,0.74195,-0.902193,-2.053768,-2.443945,-2.784953,-2.883766,-3.354716,1.0,39.187878,38.096514,0.5307999363659762,37.034914127268046,39.15811387273195,38.140875577201896,0.5488574468593796,0.007392108435279121
2014-05-16,-0.227432,0.0,-0.545829,1.196778,1.196763,-1.48282,-2.701764,-3.206367,-3.697488,-3.828142,-4.232167,1.0,39.656864,38.1905562,0.6286292475790163,36.93329770484197,39.44781469515804,38.285255426992194,0.6036746481172912,0.011896583572693348
2014-05-19,0.295515,0.318252,-0.250059,0.045488,0.04549,-1.077516,-2.274152,-2.944818,-3.500846,-3.677725,-3.987813,0.0,39.674904,38.2859469,0.7015132869363243,36.88292032612735,39.68897347387265,38.4176029101358,0.641182202970441,0.00045479889748460114
2014-05-20,-0.091926,0.390719,-0.505624,-1.091166,-1.091166,0.229841,-0.788315,-1.659967,-2.257448,-2.512114,-2.695551,-1.0,39.241985,38.356117499999996,0.7242304127169464,36.907656674566105,39.80457832543389,38.49611549012286,0.6287266952004487,-0.01097162719548778
2014-05-21,-0.137462,0.160364,-0.274921,0.321774,0.321775,0.146619,-0.808707,-1.787459,-2.380076,-2.674823,-2.85846,0.0,39.368256,38.4312617,0.7482029103095565,36.93485587938089,39.92766752061911,38.57917649106354,0.6218760301931852,0.0032125867315571524
2014-05-22,0.253924,0.277006,-0.161588,-0.756018,-0.756018,0.849492,0.122348,-0.890054,-1.401008,-1.824666,-2.018681,-1.0,39.070625,38.523242599999996,0.7046951065284074,37.11385238694318,39.93263281305681,38.62598111096225,0.5856791498576612,-0.007588900418259865
2014-05-23,-0.462751,0.13882,-0.462751,-0.230838,-0.230841,0.735771,0.481263,-0.430304,-0.961083,-1.473921,-1.676759,0.0,38.980434,38.6057997,0.6522229646178036,37.30135377076439,39.910245629235604,38.659738528965846,0.5434506407644975,-0.002311077935358007
2014-05-27,0.162602,0.511036,-0.162599,-0.393341,-0.393336,0.696864,0.889665,0.138756,-0.44499,-0.975648,-1.195955,0.0,38.82711,38.65433315,0.6292364206411396,37.39586030871772,39.912805991282276,38.67567866906434,0.4919414824634245,-0.003941113947952451
2014-05-28,-0.46566,0.325958,-0.512226,-0.232283,-0.232289,0.670548,1.103611,0.560345,-0.115693,-0.652327,-0.922435,0.0,38.736919,38.692103,0.6090737288288276,37.473955542342345,39.91025045765766,38.6815110815344,0.4387844099202667,-0.002325589369495488
2014-05-29,-0.276114,0.046022,-0.34514,1.187423,1.187446,-0.598266,-0.006918,-0.44947,-1.168144,-1.682302,-1.974167,1.0,39.196899,38.7390228,0.6100572028750443,37.51890839424991,39.95913720575009,38.730595645197795,0.4288302999799498,0.011804511909611364
2014-05-30,-0.184285,0.276432,-0.230359,-0.115046,-0.115063,-0.442294,0.099054,-0.204254,-0.932226,-1.372804,-1.763892,0.0,39.151798,38.786814650000004,0.6026700263870518,37.5814745972259,39.99215470277411,38.77071015517896,0.4125467403403391,-0.0011512892162497362
2014-06-02,-0.184242,0.13819,-0.39152,0.023032,0.023033,-0.373096,-0.050666,-0.11208,-0.759979,-1.208439,-1.668642,0.0,39.160816,38.86320185,0.5425605410942836,37.77808076781144,39.94832293218857,38.80786309278096,0.3958069629549854,0.0002303077264119114
2014-06-03,-0.252525,0.137736,-0.344355,0.322439,0.32246,-0.459155,-0.470639,-0.347437,-0.890061,-1.380317,-1.855736,0.0,39.287094,38.93741505,0.4887261092705681,37.95996283145886,39.91486726854114,38.853504131563724,0.38825459078179847,0.0032194129599783816
2014-06-04,0.230357,0.276432,-0.276432,-0.344355,-0.344378,0.096759,-0.149733,0.053752,-0.354756,-0.919956,-1.404775,0.0,39.151798,39.01290465,0.3833448932226407,38.24621486355472,39.77959443644529,38.8819130714148,0.3671200930303655,-0.00344972068639029
2014-06-05,-0.618264,0.091598,-0.801461,0.598936,0.598935,-0.403014,-0.739632,-0.459501,-0.79688,-1.395312,-1.863063,1.0,39.386292,39.072430350000005,0.3397343240508583,38.39296170189829,39.75189899810172,38.92994915985148,0.3650840951563836,0.005971489676206067
2014-06-06,-0.092918,0.464578,-0.348425,-1.419737,-1.419738,0.864118,0.627183,0.912121,0.688738,0.089798,-0.312683,-1.0,38.82711,39.09452715,0.30530952542000145,38.48390809916,39.70514620084,38.92015495415134,0.31472132650689133,-0.014299123000072071
2014-06-09,-0.2548,0.023169,-0.347459,0.278743,0.278761,0.467911,0.335872,0.508058,0.466749,-0.054649,-0.452303,0.0,38.935345,39.11707525,0.27279826330272827,38.57147872339454,39.66267177660546,38.92160162518455,0.2803108801119123,0.002783735927432177
2014-06-10,-0.757578,0.0,-0.757578,0.903412,0.903418,-0.431608,-0.445382,-0.457629,-0.36848,-0.79837,-1.222199,1.0,39.287094,39.1423289,0.2633637713266694,38.61560135734666,39.66905644265334,38.95641042278602,0.2782164519664292,0.008993618082824213
2014-06-11,0.369001,0.461255,-0.115314,-0.459137,-0.459146,0.004605,0.108387,-0.021537,0.127985,-0.190973,-0.670665,0.0,39.106709,39.15675975,0.252338876807469,38.652081996385064,39.661437503614934,38.97072457299687,0.25901527376735345,-0.0046020300446345305
2014-06-12,-0.182436,0.0,-0.478903,1.130067,1.130067,-1.030784,-0.921324,-1.108328,-0.908786,-1.169448,-1.671872,1.0,39.548641,39.18922855,0.25914902993165073,38.670930490136705,39.7075266098633,39.02576423271146,0.27627370938041196,0.011237294105723968
2014-06-13,0.206235,0.366636,-0.229143,-0.478903,-0.478922,-0.284125,-0.391829,-0.583551,-0.410165,-0.594858,-1.100173,0.0,39.359234,39.19779635,0.26191984106063954,38.67395666787872,39.721636032121275,39.057523258167514,0.27153746709001325,-0.004800721443091194
2014-06-16,-0.183281,0.206186,-0.343647,0.022922,0.022922,-0.087048,-0.361963,-0.54066,-0.469642,-0.527832,-0.975919,0.0,39.368256,39.183365949999995,0.24252907756236794,38.69830779487526,39.66842410512473,39.08711685262775,0.2654519955851171,0.00022919567331547766
2014-06-17,-0.319197,0.273596,-0.342002,0.481097,0.481116,-0.428646,-0.770644,-0.893763,-0.961025,-0.925686,-1.302187,0.0,39.557663,39.1775039,0.231174127836535,38.71515564432693,39.63985215567307,39.13193077142511,0.2727684723766046,0.004799623900592423
2014-06-18,-0.477054,0.045436,-0.772376,0.364795,0.364789,-0.490689,-0.992732,-1.091929,-1.263066,-1.196734,-1.487966,0.0,39.701965,39.2005029,0.2591190158752132,38.68226486824957,39.718740931750425,39.1862197455751,0.28690355279869806,0.0036412525034379257
2014-06-19,0.067946,0.588897,-0.113259,0.295325,0.295323,-0.647797,-1.17554,-1.278977,-1.497175,-1.395251,-1.642137,0.0,39.819214,39.223050799999996,0.2920170137608256,38.63901677247834,39.80708482752165,39.24650491266319,0.30406168643084186,0.002948876926616311
2014-06-20,0.159019,0.386186,-0.068146,-0.294455,-0.294453,-0.181735,-0.663333,-0.895049,-1.126763,-1.052254,-1.241107,0.0,39.701965,39.254617800000005,0.3083402483984534,38.637937303203095,39.871298296796915,39.28988206383812,0.3046863815964116,-0.0029488769266162312
2014-06-23,0.045139,0.112841,-0.406229,0.658794,0.658816,-0.537142,-1.056216,-1.409787,-1.650894,-1.669177,-1.764114,1.0,39.963528,39.3037725,0.33915170427233193,38.62546909145534,39.982075908544665,39.35403881966306,0.3225690301552291,0.006566555481549843
2014-06-24,0.271737,0.520831,0.0,-0.338526,-0.338569,-0.063384,-0.584219,-0.984281,-1.191105,-1.31973,-1.342829,0.0,39.828224,39.3538282,0.33897558261713157,38.67587703476574,40.031779365234264,39.39919931302848,0.32211017042033063,-0.0033914314774460483
2014-06-25,0.091389,0.502632,-0.228472,-0.883152,-0.883138,0.712823,0.395252,-0.047212,-0.217039,-0.416721,-0.408193,-1.0,39.476486,39.39080655,0.3069634363691475,38.776879677261704,40.0047334227383,39.40655994988291,0.2900210219622821,-0.008870603182297373
2014-06-26,0.022904,0.068704,-1.030449,-0.228472,-0.228475,0.72362,0.583936,0.181678,0.035505,-0.186846,-0.138911,0.0,39.386292,39.40027619999999,0.3035692266384788,38.79313774672303,40.00741465327695,39.40462966894168,0.25437990539870725,-0.002287366527335022
2014-06-27,-0.069052,0.138083,-0.253167,-0.503771,-0.503764,0.971228,1.04948,0.750287,0.546603,0.330491,0.3667,-1.0,39.187878,39.4020802,0.302118635032472,38.79784292993506,40.00631747006494,39.383986652851995,0.2077291399383725,-0.00505037270474893
2014-06-30,-0.137105,0.18282,-0.274221,0.713457,0.713471,0.004557,0.358768,0.12644,-0.126836,-0.330905,-0.36031,1.0,39.467472,39.417412999999996,0.29696743585721536,38.823478128285565,40.01134787171443,39.391937638294664,0.1911159061453631,0.0071093746993816515
2014-07-01,-0.524035,0.273409,-0.660745,0.297077,0.297067,-0.414675,0.068352,-0.119998,-0.385055,-0.549557,-0.663024,0.0,39.584717,39.432294150000004,0.29754982912032063,38.83719449175936,40.027393808240646,39.41029757750469,0.18527475823181305,0.0029662704461614607
2014-07-02,-0.364545,0.091139,-0.455685,0.0,0.0,-0.359992,0.038733,-0.039494,-0.330372,-0.463888,-0.634164,0.0,39.584717,39.4539401,0.29176106007902836,38.87041797984194,40.037462220158055,39.426908951075674,0.17858696703764565,0.0
2014-07-03,-0.340295,0.362976,-0.340295,0.432907,0.432894,-0.603442,-0.408344,-0.435567,-0.71347,-0.836656,-1.029942,0.0,39.756077,39.47242935,0.29887853552792737,38.874672278944146,40.07018642105585,39.45825828906847,0.18498180907027262,0.004319600493277114
2014-07-07,-0.228776,0.137271,-0.388922,-0.83939,-0.839394,0.356912,0.363775,0.417921,0.202487,0.030214,-0.16242,-1.0,39.422367,39.5021922,0.25808931864637563,38.98601356270725,40.01837083729276,39.454840071061945,0.1612632173970212,-0.008429364334446337
2014-07-08,-0.298158,0.16055,-0.34403,-0.251661,-0.251657,0.536705,0.454136,0.663621,0.5046,0.299096,0.118514,0.0,39.323158,39.52158285,0.22580958234072743,39.06996368531855,39.973202014681455,39.442298921437,0.13292840947755735,-0.00251973816900677
2014-07-09,-0.552482,0.115108,-0.644565,-0.36697,-0.366964,0.699814,0.658381,0.969924,0.860962,0.657463,0.517193,0.0,39.178856,39.51617095,0.2329106765496377,39.05034959690073,39.981992303099275,39.41720911939538,0.09770264931869121,-0.0036763938955903922
2014-07-10,0.0,0.234749,-0.469474,-1.933704,-1.933694,2.079802,2.368538,2.738649,2.760559,2.566193,2.471827,-1.0,38.421257,39.48189835,0.3275415223944542,38.82681530521109,40.13698139478891,39.32235653659583,0.008555450911387652,-0.019526339379477172
2014-07-11,-0.560481,0.186833,-0.840731,0.516437,0.516417,0.966841,1.6441,2.003746,2.11234,1.959843,1.895542,0.0,38.619671,39.435449850000005,0.37934969894275034,38.676750452114504,40.194149247885505,39.255434104539084,-0.04555882078562945,0.005150883922027317
2014-07-14,0.023243,0.209207,-0.209205,0.467071,0.467062,0.176673,1.07161,1.374571,1.565569,1.483051,1.39162,0.0,38.800049,39.4074906,0.40500218835337676,38.59748622329325,40.21749497670675,39.212064094582985,-0.07304772515468017,0.0046597514530694025
2014-07-15,0.469266,0.586579,-0.328482,-0.929802,-0.929772,0.656955,1.752684,2.061616,2.397925,2.383848,2.28061,-1.0,38.439297,39.36104265,0.4593599626774368,38.44232272464513,40.27976257535487,39.13846722843222,-0.12253010065573733,-0.00934121382158353
2014-07-16,-0.116412,0.232824,-0.46566,0.774289,0.774265,-0.344582,0.752042,1.089646,1.505247,1.540405,1.447429,1.0,38.736919,39.32000545,0.477185259383651,38.36563493123269,40.2743759687673,39.1002245400101,-0.13616006322031637,0.007712828921368578
2014-07-17,1.289869,1.618206,-0.023447,-0.721774,-0.721766,0.398686,1.19137,1.647908,2.081384,2.211075,2.124772,-1.0,38.457329,39.257773650000004,0.5050935965693337,38.247586456861335,40.267960843138674,39.03899639334248,-0.16759060297067663,-0.007243835643808843
2014-07-18,-0.608904,0.163932,-0.819679,0.140718,0.140725,0.201396,0.725984,1.353622,1.768143,1.959712,1.905537,0.0,38.511448,39.19238535,0.5131710189089888,38.166043312182026,40.21872738781798,38.988753689214626,-0.18598862012015616,0.0014062587721420637
2014-07-21,-0.628492,0.139667,-0.814707,0.608895,0.608902,-0.432968,-0.058205,0.664173,1.028854,1.279321,1.281805,1.0,38.745945,39.144584349999995,0.5077029929888981,38.1291783640222,40.15999033597779,38.96562905214657,-0.17957717919600924,0.006070557419232138
2014-07-22,-0.365882,0.045735,-0.7089,1.792367,1.792366,-1.678489,-1.788256,-1.112901,-0.816384,-0.496693,-0.458884,1.0,39.440414,39.11842865,0.4757624528780304,38.16690374424394,40.06995355575606,39.01084666622784,-0.11710827044694128,0.017764921474366726
2014-07-23,0.530198,0.59935,-0.023057,-0.800364,-0.800372,-0.686951,-1.009685,-0.393427,-0.106044,0.261869,0.330411,-1.0,39.124744,39.08325465,0.44557086736514123,38.19211291526972,39.974396384730284,39.021694031349,-0.09201247845896887,-0.008035920928825052
2014-07-24,0.395163,0.441653,-0.4649,-0.829878,-0.829897,0.320801,-0.083666,0.305299,0.642741,1.007921,1.143672,-1.0,38.800049,39.0494328,0.4397864765319096,38.16985984693618,39.92900575306382,39.000584980744335,-0.0972035533577369,-0.008333596192892225
2014-07-25,0.472816,0.709218,-0.378251,-1.673642,-1.673619,1.839241,1.494085,1.732066,2.193849,2.552242,2.743101,-1.0,38.150684,38.9876524,0.47532646300701537,38.03699947398597,39.93830532601403,38.91964203019726,-0.1519640986105344,-0.01687782271855242
2014-07-28,0.305301,0.32879,-0.352283,0.661946,0.661936,0.991075,0.723345,0.886173,1.419679,1.742601,1.984499,1.0,38.403217,38.94841935,0.49008374600632665,37.96825185798735,39.928586842012656,38.870458693988,-0.17299079248539329,0.006597545329855313
2014-07-29,0.701096,0.724461,-0.116847,0.493187,0.493188,0.056086,0.268755,0.264859,0.808599,1.101191,1.416999,0.0,38.592617,38.9046766,0.4802614736915186,37.94415365261696,39.86519954738304,38.84399758027486,-0.17238446099150906,0.004919756620071859
2014-07-30,0.593401,0.712079,-0.28484,-1.542416,-1.54243,1.030153,1.644922,1.628306,2.178982,2.492299,2.868912,-1.0,37.997353,38.8253084,0.49295913811629427,37.83939012376741,39.811226676232586,38.76336476310583,-0.21743036696078377,-0.015544489340978079
2014-07-31,0.680766,0.996839,0.0,-2.373605,-2.3736,2.567474,3.749096,3.860934,4.327746,4.727456,5.135756,-1.0,37.095448,38.70084495,0.5948488573716721,37.51114723525665,39.89054266474334,38.60451554757194,-0.32219174209955526,-0.02402223273752391
2014-08-01,-0.364161,0.50984,-0.437002,0.145874,0.14587,1.879107,3.231382,3.445835,3.824972,4.334078,4.743077,0.0,37.149559,38.57051905,0.635623801114249,37.2992714477715,39.8417666522285,38.46594825732699,-0.39628149479118946,0.0014576336313307384
2014-08-04,0.712708,0.835586,-0.540668,-1.213887,-1.213869,2.202006,3.941996,4.335215,4.729659,5.344799,5.75735,-1.0,36.698612,38.4343313,0.7285090659131437,36.97731316817371,39.891349431826285,38.29763051853395,-0.48578597345510843,-0.012212966117395363
2014-08-05,0.466151,0.53975,-0.245334,0.17203,0.172023,1.030421,3.034841,3.851821,4.201429,4.869486,5.285417,0.0,36.761742,38.30626049999999,0.7868418951340354,36.73257670973192,39.879944290268064,38.15135542153072,-0.5453385311153838,0.001718750648575744
2014-08-06,-1.279528,0.196855,-1.304129,-0.294404,0.653843,-0.163809,1.791878,2.864644,3.230403,3.909073,4.346897,1.0,37.002106,38.197423,0.809995686016762,36.577431627966476,39.817414372033525,38.04190309567065,-0.5666074975886346,0.006517145112911192
2014-08-07,1.281106,1.281106,-0.147822,-0.123029,-0.123001,-0.116003,1.418421,2.720604,3.159373,3.752585,4.248119,0.0,36.956593,38.124189799999996,0.8537244290275188,36.41674094194496,39.831638658055034,37.938540229416304,-0.580444818927063,-0.001230768154675658
2014-08-08,-0.936424,0.0,-1.158208,-0.024632,-0.024651,-0.20076,1.117776,2.463735,2.958517,3.474103,4.053798,0.0,36.947483,38.040580399999996,0.8839918209878438,36.27259675802431,39.808564041975686,37.84415382661476,-0.5853979929793809,-0.00024653579448425826
2014-08-11,-0.049213,0.24607,-0.246058,0.147849,0.14784,-0.184044,0.589847,1.998289,2.563576,3.059718,3.703287,0.0,37.002106,37.95068325,0.8940562747330667,36.16257070053386,39.73879579946613,37.76395879550859,-0.5782500923881173,0.0014773039491599825
2014-08-12,-0.197001,0.0985,-0.393992,-0.073814,-0.073796,0.004916,0.226587,1.629058,2.44128,2.881779,3.555154,0.0,36.9748,37.8774584,0.9117295008935659,36.05399939821287,39.70091740178713,37.68880081498396,-0.5682383971398295,-0.0007382304212643886
2014-08-13,0.098224,0.221022,-0.319256,0.270869,0.270863,-0.225933,-0.29295,0.985941,1.940418,2.376874,3.049771,0.0,37.074951,37.79436,0.904986237046972,35.98438752590605,39.604332474093944,37.63033892784264,-0.5459295715505519,0.002704966855750105
2014-08-14,0.170898,0.292976,-0.195308,0.589386,0.589374,-0.629871,-0.824058,0.124922,1.187086,1.656062,2.241187,1.0,37.293461,37.7361666,0.8975007454274345,35.941165109145125,39.53116809085487,37.59825531566715,-0.5047987301737606,0.005876436592670906
2014-08-15,0.7561,1.04878,-0.414629,0.097659,0.097674,-0.521957,-0.872526,-0.119363,0.93009,1.418664,1.924777,0.0,37.329887,37.67708855,0.8825454130902887,35.911997723819425,39.442179376180576,37.57269642846076,-0.4639152421415318,0.000976262895443877
2014-08-18,0.097245,0.218818,-0.048626,0.317076,0.317062,-0.598097,-0.98565,-0.605053,0.437825,0.953728,1.426913,0.0,37.448246,37.6122036,0.8468068624768991,35.9185898750462,39.3058173249538,37.56084400670259,-0.41715549234827876,0.003165607219433738
2014-08-19,-0.048347,0.072524,-0.193372,0.583511,0.583528,-0.807355,-1.319803,-1.345552,-0.380297,0.286014,0.69191,1.0,37.666767,37.52352125,0.730100501313366,36.06332024737327,38.983722252626734,37.57093191082615,-0.3583345773552935,0.005818320672139871
2014-08-20,-0.024275,0.194224,-0.267048,-0.435098,-0.435097,-0.145674,-0.755042,-1.002334,-0.161193,0.592642,0.982968,0.0,37.50288,37.442428050000004,0.6254631009648134,36.191501848070374,38.693354251929634,37.564450776461754,-0.32123983680688895,-0.004360463730101336
2014-08-21,-0.265508,0.193092,-0.506877,0.582668,0.582667,-0.497229,-1.12721,-1.465192,-0.882527,-0.068122,0.336137,1.0,37.721397,37.38849544999999,0.5433517929448842,36.30179186411023,38.47519903588976,37.57939803584635,-0.27108459749624103,0.005809763107186141
2014-08-22,0.316844,0.560563,-0.170607,-0.965486,-0.965489,0.487449,-0.053621,-0.46752,-0.022431,0.782525,1.201667,-1.0,37.357201,37.3488213,0.5128844868572321,36.323052326285534,38.37459027371446,37.5582364133848,-0.2577525712842359,-0.009701802280775336
2014-08-25,-0.241143,0.385821,-0.434049,1.072391,1.07239,-0.414759,-0.913918,-1.336554,-1.168671,-0.39147,0.035895,1.0,37.757816,37.316551249999996,0.46070076429551376,36.39514972140897,38.23795277859102,37.57724399306244,-0.21241200862486664,0.010666809767703555
2014-08-26,-0.096179,0.384708,-0.144268,0.289363,0.289363,-0.596295,-0.964176,-1.426627,-1.549628,-0.845065,-0.303108,0.0,37.867073,37.28027405,0.37564459577261283,36.52898485845478,38.03156324154523,37.60484675562792,-0.16575246798149124,0.002889447573660631
2014-08-27,0.024059,0.336862,-0.07219,-0.07213,-0.072129,-0.346489,-0.690573,-1.207897,-1.49939,-0.909328,-0.310177,0.0,37.83976,37.272394399999996,0.3611858330818882,36.55002273383622,37.99476606616377,37.627219445568116,-0.1294857456200802,-0.0007215465263220246
2014-08-28,-0.024107,0.241017,-0.192822,-0.168429,-0.168437,-0.149431,-0.395274,-0.896602,-1.243119,-0.850573,-0.202098,0.0,37.776024,37.3064232,0.37541713468567334,36.55558893062865,38.05725746937134,37.64139130789496,-0.10468037914751704,-0.0016857860018786332
2014-08-29,-0.216138,0.072044,-0.816523,0.361526,0.361544,-0.216145,-0.600393,-1.083904,-1.49825,-1.23287,-0.614263,0.0,37.912601,37.344575299999995,0.39680009341701883,36.55097511316596,38.13817548683403,37.66722080238116,-0.07315800508328607,0.0036089213731946264
2014-09-02,0.071785,0.095719,-0.335006,0.360235,0.360223,-0.421153,-0.799234,-1.255486,-1.674328,-1.624595,-1.03203,0.0,38.049171,37.41210325,0.3960025254748516,36.6200981990503,38.204108300949706,37.70359701167819,-0.03673280597217854,0.0035957599079791853
2014-09-03,0.237694,0.309011,-0.166389,0.670014,0.67002,-0.855718,-1.293086,-1.68133,-2.127413,-2.309471,-1.789606,1.0,38.304108,37.48922155,0.4125211368166673,36.66417927636667,38.31426382363334,37.76078853437551,0.012560917615971334,0.00667785197231541
2014-09-04,0.427046,1.115058,-0.118633,0.190164,0.190165,-0.763944,-1.252676,-1.641766,-2.134055,-2.455326,-2.040966,0.0,38.376949,37.5579637,0.44066748896531427,36.676628722069374,38.43929867793063,37.819470483482604,0.056848890027012544,0.0018998439708364093
2014-09-05,-0.284358,0.023692,-0.568725,0.118622,0.118626,-0.545028,-1.187212,-1.562411,-2.059254,-2.432752,-2.189789,0.0,38.422474,37.631257749999996,0.456984386780873,36.71728897643825,38.545226523561745,37.876899389817595,0.09453121724334324,0.001185555920967719
2014-09-08,0.023976,0.623496,-0.095926,-1.184834,-1.184843,0.676262,0.158274,-0.270185,-0.750603,-1.176727,-1.033102,-1.0,37.967228,37.682245,0.4329333224682446,36.81637835506351,38.54811164493649,37.88550211459687,0.0866612090254435,-0.011919182237498549
2014-09-09,-0.024156,0.169123,-0.314088,-0.74341,-0.743394,1.237008,0.889094,0.518633,0.08334,-0.331882,-0.355408,-1.0,37.684982,37.716388800000004,0.40231543153963917,36.91175793692073,38.52101966307928,37.86640496082573,0.05699230561796753,-0.007461706923071128
2014-09-10,-0.193335,0.048335,-0.362496,-0.024156,-0.024182,0.927998,0.862747,0.544557,0.200588,-0.210723,-0.412415,0.0,37.675869,37.75144225,0.3629128822104833,37.02561648557903,38.477268014420964,37.84825867884233,0.0323709903486602,-0.0002418497117135638
2014-09-11,-0.484264,0.290554,-0.508472,-0.193335,-0.193328,0.711873,0.995166,0.75707,0.464897,0.046494,-0.254466,0.0,37.603031,37.777846249999996,0.32870171287498484,37.12044282425003,38.435249675749965,37.82490366180972,0.00690144715647989,-0.0019351510909528943
2014-09-12,-0.024199,0.193616,-0.411418,0.048429,0.04844,0.237167,0.905127,0.690539,0.459819,0.068723,-0.256172,0.0,37.621246,37.7942355,0.31097249179945263,37.17229051640109,38.41618048359891,37.80550769401832,-0.011678923688187126,0.0004842851558678871
2014-09-15,-0.12089,0.241775,-0.435206,0.096808,0.096815,-0.024191,0.739833,0.646343,0.406174,0.047371,-0.30767,0.0,37.657669,37.8106246,0.29335022628403706,37.22392414743192,38.39732505256807,37.79142781839752,-0.023197562683996864,0.00096768139769897
2014-09-16,-0.434678,0.120741,-0.77276,0.120887,0.12087,-0.135229,0.526449,0.515179,0.318768,0.000968,-0.339209,0.0,37.703186,37.8233716,0.2820981382808578,37.259175323438285,38.38756787656172,37.783023835692994,-0.028326791952125063,0.0012079747644817066
2014-09-17,0.893524,1.042437,-0.024825,-2.704658,-2.704665,2.099786,2.879137,3.094243,2.973451,2.749076,2.424098,-1.0,36.683441,37.7742053,0.3796520639640065,37.01490117207199,38.53350942792801,37.678301660865095,-0.11336978591487679,-0.027419145837490534
2014-09-18,-0.494196,0.296513,-0.543615,0.446761,0.446749,1.235501,2.006444,2.456161,2.426509,2.267377,1.954552,0.0,36.847324,37.7414275,0.4293558177318371,36.88271586453632,38.60013913546368,37.59916093125889,-0.1656336611174325,0.0044575429443335
2014-09-19,0.371566,0.569728,-0.123852,-0.247102,-0.247087,1.015611,1.805804,2.524988,2.548932,2.462233,2.188927,0.0,36.756279,37.6931716,0.4826530656916376,36.72786546861673,38.65847773138327,37.51888646161519,-0.2119564276024306,-0.0024739290666358407
2014-09-22,-0.320673,0.0,-0.419344,0.42111,0.421112,0.187464,1.092749,1.914162,2.058463,1.987175,1.757113,0.0,36.911064,37.67086475000001,0.5086095492089537,36.653645651582096,38.68808384841792,37.46099860812803,-0.23348621413509107,0.004202275295322775
2014-09-23,0.300308,0.525523,-0.150143,-1.430691,-1.430693,0.915916,2.202208,3.088098,3.350861,3.35036,3.177352,-1.0,36.38298,37.60212295,0.5836170204872309,36.43488890902554,38.769356990974465,37.35833016925869,-0.28981982792409866,-0.014410260628240442
2014-09-24,-0.649184,0.04994,-0.873903,0.225225,0.225226,0.569287,1.640454,2.520191,2.926351,2.986275,2.898883,0.0,36.464924,37.5320155,0.6323011248573537,36.267413250285294,38.796617749714706,37.27324386742453,-0.32411621675680635,0.0022497293693392777
2014-09-25,0.635486,0.737166,-0.152519,-1.772782,-1.77278,1.809861,2.976615,3.894258,4.501784,4.656842,4.639047,-1.0,35.818481,37.43095155,0.7338974868553638,35.96315657628928,38.89874652371073,37.134695022907906,-0.39886107733221365,-0.017886822987148034
2014-09-26,-0.151212,0.176411,-0.730849,0.86426,0.864266,0.589712,1.680942,2.580642,3.378275,3.583668,3.63491,1.0,36.128048,37.348552749999996,0.7839238793290795,35.780704991341835,38.91640050865816,37.038823877869056,-0.42818163673080534,0.00860552731920065
2014-09-29,-0.683893,0.151978,-0.835861,-0.504032,-0.504027,0.5623,1.719846,2.725422,3.628412,3.951361,4.031569,-1.0,35.945953,37.25022035,0.8313573788387052,35.587505592322586,38.91293510767741,36.93474093711963,-0.46080011903192286,-0.005053011763600414
2014-09-30,-0.151212,0.680446,-0.302417,0.506586,0.50658,-0.085687,0.771163,1.920359,2.84022,3.246975,3.385415,0.0,36.128048,37.154164200000004,0.8450586930271554,35.46404681394569,38.844281586054315,36.85791303834633,-0.46657852973471137,0.005053011763600501
2014-10-01,0.536533,0.66429,-0.255488,-1.36089,-1.360907,0.827814,1.867667,2.945,3.884791,4.421071,4.621889,-1.0,35.636379,37.02077775,0.8643166442146593,35.29214446157068,38.74941103842932,36.74157646326573,-0.5050100990347843,-0.01370251846130978
2014-10-02,0.231481,0.257199,-0.617289,-0.664277,-0.664257,1.265425,2.139907,3.21844,4.158942,4.843614,5.123449,-1.0,35.399662,36.8719134,0.8747759379110985,35.1223615241778,38.621465275822196,36.61377508581185,-0.5482486094660715,-0.006664726042900759
2014-10-03,-0.207098,0.336518,-0.36241,-0.643004,-0.64302,1.377175,2.350511,3.422217,4.370962,5.225999,5.56218,-1.0,35.172035,36.709391450000005,0.8734838475081446,34.96242375498372,38.45635914501629,36.47646650621072,-0.5940353671035083,-0.00645096544554022
2014-10-06,-0.333509,0.0,-0.718315,0.906029,0.906038,0.210363,1.031297,2.086538,3.084916,4.008211,4.439031,1.0,35.490707,36.58556539999999,0.8612380254848262,34.86308934903034,38.30804145096965,36.38258464847637,-0.5977174208980429,0.009019580938512142
2014-10-07,0.782062,1.016681,0.0,-1.590557,-1.590563,1.141815,2.247136,3.206466,4.356103,5.331601,5.856801,-1.0,34.926205,36.44762655,0.8961057663205361,34.65541501735893,38.23983808264107,36.24388182481195,-0.6388221249148671,-0.016033480511322567
2014-10-08,-1.526334,0.025436,-1.602648,2.476538,2.476533,-1.215969,-0.412101,0.546093,1.570855,2.505225,3.105242,1.0,35.791164,36.353391300000006,0.8584521953077371,34.63648690938453,38.07029569061548,36.200765841496526,-0.5947470625358591,0.02446364024700663
2014-10-09,0.902532,1.315116,-0.206287,-1.348262,-1.348241,0.082506,0.80453,1.629696,2.634081,3.558527,4.275393,-1.0,35.308613,36.238670400000004,0.8356720547698995,34.5673262904602,37.910014509539806,36.11579890421115,-0.5919316710704123,-0.013574118788450969
2014-10-10,0.601161,0.967075,-0.026132,-1.3409,-1.340914,1.249352,1.803457,2.643325,3.629124,4.554112,5.411231,-1.0,34.835155,36.099365850000005,0.8252219132053461,34.44892202358931,37.7498096764107,35.993832818095804,-0.6207489493117819,-0.013499850491700627
2014-10-13,0.68223,0.997116,-0.078717,-0.392047,-0.392055,1.191293,1.844666,2.622241,3.610607,4.58883,5.517372,0.0,34.698582,35.9514115,0.7958745539902445,34.35966239201951,37.54316060798049,35.87047559732478,-0.64714723910987,-0.003928256455530664
2014-10-14,-0.078686,0.655652,-0.209814,0.05248,0.052483,1.017572,1.384738,2.248452,3.126149,4.191979,5.142064,0.0,34.716793,35.80209185,0.7270905102661975,34.3479108294676,37.25627287053239,35.760601064246224,-0.6590020332353248,0.0005246964499666394
2014-10-15,0.737225,1.000529,-1.395469,-0.393394,-0.393383,0.716161,1.479721,2.28892,3.229325,4.245388,5.198347,0.0,34.580223,35.69693095,0.7447911207312669,34.20734870853747,37.18651319146254,35.64818410574659,-0.671674455604446,-0.0039415889657930915
2014-10-16,-0.538503,0.726982,-0.969305,-2.211693,-2.211703,2.110936,3.306415,4.207512,5.115787,6.155099,7.127995,-1.0,33.815411,35.5453353,0.8044825335078204,33.93637023298436,37.15430036701564,35.47363428615167,-0.7349592257727835,-0.022365283726292186
2014-10-17,-0.607501,0.316955,-1.056529,1.938616,1.938607,-0.042254,1.138414,1.905276,2.785273,3.770746,4.708589,1.0,34.470959,35.431069300000004,0.7855074190401828,33.86005446191964,37.00208413808037,35.378141401756274,-0.7238712795995781,0.019200556113245674
2014-10-20,-1.440542,0.10477,-1.466739,0.845217,0.845219,-0.843367,0.081203,0.824176,1.614731,2.567847,3.523673,1.0,34.762314,35.3236318,0.7163286959835856,33.89097440803283,36.75628919196717,35.31949117301758,-0.6836929026308312,0.008416667516809377
2014-10-21,-1.213846,0.077477,-1.265498,1.414356,1.414382,-1.921506,-1.221609,-0.747263,0.037432,0.859486,1.850018,1.0,35.253986,35.2671821,0.6715382878575366,33.924105524284926,36.61025867571507,35.313252585111144,-0.6052010471410014,0.014044731927168153
2014-10-22,0.261991,0.785965,-0.052387,-1.420462,-1.420463,-0.408707,-0.096943,0.513484,1.232636,2.090639,3.037282,-1.0,34.753216,35.1815967,0.6177798981320334,33.94603690373593,36.41715649626407,35.25991576748151,-0.5767551655220089,-0.014306486388421578
2014-10-23,0.887091,1.021508,-0.134406,-2.541255,-2.541264,2.220425,2.083326,2.833326,3.584672,4.401069,5.356625,-1.0,33.870045,35.0841749,0.6639639398921968,33.75624702021561,36.41210277978439,35.12754712295946,-0.6183481851592987,-0.02574111905301718
2014-10-24,-0.671862,0.188121,-0.698732,0.026876,0.026873,1.843596,1.773718,2.551287,3.224942,4.033327,4.960139,0.0,33.879147,34.97172985,0.6682915201250946,33.63514680974981,36.30831289025019,35.0086518731538,-0.6431625203718809,0.0002686969330870985
2014-10-27,-0.955924,0.053107,-1.115236,1.209355,1.209384,0.350487,0.438104,1.0922,1.749839,2.484305,3.378445,1.0,34.288876,34.888875999999996,0.6434095440786584,33.60205691184268,36.17569508815731,34.9401017899963,-0.6225895292094208,0.01202129433037551
2014-10-28,-0.104632,0.130785,-0.523152,1.513542,1.513511,-1.402031,-1.033216,-0.437699,0.043162,0.77531,1.559859,1.0,34.807842,34.8228657,0.5735124032187383,33.67584089356252,35.96989050643748,34.92750561952046,-0.5579770543190534,0.01502171952003372
2014-10-29,0.760548,1.075269,-0.393394,-0.261572,-0.261576,-1.164429,-0.734325,-0.382896,0.173096,0.838189,1.637384,0.0,34.716793,34.7768864,0.5407878591806974,33.69531068163861,35.858462118361395,34.9074377509947,-0.5082592001534536,-0.002619188207195484
2014-10-30,-1.205448,0.393084,-1.257862,0.078676,0.078674,-0.738983,-0.545064,-0.569524,7e-06,0.635229,1.355703,0.0,34.744106,34.744108600000004,0.5205420296150645,33.703024540769874,35.785192659230134,34.89188234613806,-0.4613355229564391,0.0007864280998633891
2014-10-31,0.103279,0.258203,-0.309835,1.493711,1.493715,-1.414918,-1.784141,-1.951972,-1.458814,-0.943968,-0.277129,1.0,35.263084,34.748661049999995,0.5248616887126594,33.69893767257468,35.79838442742531,34.9272348846011,-0.3779146189079867,0.01482669157963664
2014-11-03,0.235294,0.418301,-0.313723,-1.239349,-1.239353,0.130721,-0.533323,-0.697161,-0.317641,0.170464,0.774734,-1.0,34.82605,34.715428200000005,0.49563274097365406,33.724162718052696,35.706693681947314,34.9175982289248,-0.3431127525576869,-0.012470967728874089
2014-11-04,-0.415153,0.155675,-0.726526,0.758173,0.758185,-0.461869,-1.328496,-1.373472,-1.044378,-0.701618,-0.106391,1.0,35.090096,34.72362275,0.5006306839493677,33.72236138210126,35.72488411789873,34.93402658807482,-0.29087271763870604,0.0075532554484394904
2014-11-05,-0.207733,0.233706,-0.519338,-0.077849,0.874876,-0.940771,-2.002362,-2.075001,-1.958274,-1.589862,-1.073315,1.0,35.397091,34.7039191,0.4627231205398567,33.77847285892029,35.62936534107971,34.97812796063913,-0.22213949691712287,0.00871071620837109
2014-11-06,0.129844,0.571285,-0.103861,0.0,0.0,-0.571823,-1.570958,-1.777108,-1.945776,-1.590152,-1.112997,0.0,35.397091,34.708343,0.4691864286517623,33.76997014269647,35.646715857303526,35.01802920248302,-0.1657571787230978,0.0
2014-11-07,-0.596937,0.0,-1.167913,0.051937,0.051956,-0.537392,-1.188268,-1.650316,-1.914763,-1.61376,-1.231415,0.0,35.415482,34.73735935,0.4946932862853086,33.74797277742938,35.726745922570615,35.055881849865585,-0.11822693878506385,0.0005194275432835692
2014-11-10,0.12871,0.283143,-0.28313,0.830519,0.830529,-0.861791,-1.604309,-2.283558,-2.581117,-2.399635,-2.067022,1.0,35.709618,34.78791115,0.5400965319362301,33.70771808612754,35.868104213872456,35.118142435592674,-0.05617699081327032,0.008270995100258924
2014-11-11,0.127973,0.179163,-0.281549,0.566286,0.56627,-0.96238,-1.850941,-2.711659,-2.96328,-2.839422,-2.638534,1.0,35.911831,34.84766305,0.5951166740658869,33.657429701868224,36.03789639813178,35.193731822679084,0.009208785983020107,0.005646731255218753
2014-11-12,0.077195,0.180131,-0.231603,-0.537494,-0.537505,-0.247035,-1.040006,-2.005683,-2.279502,-2.322459,-2.104691,-1.0,35.718803,34.904592050000005,0.6220363701752627,33.66051930964948,36.14866479035053,35.24373860147155,0.044933770242408855,-0.005389550712178866
2014-11-13,-0.433457,0.63743,-0.509946,0.926402,0.926411,-0.800611,-1.586201,-2.502096,-2.866595,-3.136819,-2.943173,1.0,36.049706,35.0163068,0.6167411195379492,33.782824560924105,36.2497890390759,35.3204974013314,0.09880818502976751,0.009221463549390865
2014-11-14,-0.536406,0.153249,-0.791831,-0.178478,-0.178484,-0.30651,-1.209519,-1.937568,-2.482498,-2.835772,-2.694293,0.0,35.985363,35.092026999999995,0.6388318815200369,33.81436323695992,36.36969076304007,35.38381793453794,0.1347586902331983,-0.0017864359125350133
2014-11-17,-0.916954,0.152832,-0.916954,0.28096,0.280973,-0.376975,-1.137037,-1.880234,-2.572258,-2.954171,-2.911898,0.0,36.086472,35.158234900000004,0.6706853430904148,33.81686421381917,36.499605586180834,35.45073736934385,0.16945500410787417,0.0028057858199711976
2014-11-18,-0.177215,0.050633,-0.405063,0.611314,0.611309,-0.764558,-1.402534,-2.201118,-3.019199,-3.368613,-3.375024,1.0,36.307072,35.210889200000004,0.7182495777310253,33.77439004453795,36.647388355462056,35.53229304845396,0.2123053354443485,0.006094484966976367
2014-11-19,0.0,0.302034,-0.604072,0.582278,0.582272,-0.901078,-1.666242,-2.438369,-3.338928,-3.71571,-3.868,1.0,36.518478,35.2991523,0.7659285000902651,33.76729529981947,36.83100930018053,35.626215424791674,0.2603223946345352,0.005805835831912295
2014-11-20,0.050469,0.378496,-0.075708,-0.251696,-0.251714,-0.444093,-1.135485,-1.884257,-2.744092,-3.186008,-3.523111,0.0,36.426556,35.42697785,0.7272220713807918,33.97253370723842,36.88142199276158,35.70243833671628,0.28764315161106424,-0.0025203099818170045
2014-11-21,0.702985,0.903834,-0.075328,0.504671,0.504711,-0.602584,-1.30557,-2.131627,-2.859472,-3.438433,-3.845961,0.0,36.610405,35.56354075,0.6758977595909386,34.211745230818124,36.91533626918188,35.78891135226711,0.3204363355486777,0.005034420539765355
2014-11-24,0.450563,0.575717,-0.200255,0.301278,0.301253,-0.555692,-1.326655,-2.081599,-2.820108,-3.515126,-3.9512,0.0,36.720695,35.68513170000001,0.6528668115136163,34.37939807697278,36.990865323027236,35.87765265205119,0.351275367573308,0.0030080029662556745
2014-11-25,0.502515,0.628141,-0.125626,-0.375474,-0.375467,-0.030151,-0.771356,-1.440536,-2.211257,-3.006196,-3.419182,0.0,36.582821,35.77388065,0.647958240086721,34.47796416982656,37.06979713017344,35.944811542332026,0.36043536853194524,-0.0037617339551288364
2014-11-26,-0.049965,0.224831,-0.224831,0.577889,0.577875,-0.454647,-1.049199,-1.753671,-2.490803,-3.341595,-3.773517,1.0,36.794224,35.877752199999996,0.6359836149473204,34.605784970105354,37.14971942989464,36.025707966871835,0.3803685388723963,0.00576211770088441
2014-11-28,-0.073814,0.442916,-0.221457,1.523857,1.523867,-1.451766,-2.185036,-2.878932,-3.60495,-4.419268,-4.902025,1.0,37.354919,36.00829285,0.6585901542148815,34.691112541570234,37.32547315842976,36.15229949383642,0.4363788171861742,0.01512372670681165
2014-12-01,0.517494,0.517494,-0.073935,-0.14763,-0.147635,-0.936425,-1.688023,-2.398552,-3.189411,-3.911124,-4.50862,0.0,37.29977,36.11012715,0.6938167261062319,34.722493697787534,37.49776060221246,36.261582399185336,0.47088918546977254,-0.0014774426300743293
2014-12-02,0.540002,0.736375,-0.14728,0.394283,0.394279,-0.937653,-1.710846,-2.472585,-3.219681,-3.951167,-4.644681,0.0,37.446835,36.241166400000004,0.6859783404344408,34.86920971913112,37.61312308086889,36.374463599262924,0.5042926456866184,0.003935033297332831
2014-12-03,0.222222,0.271607,-0.345677,-0.589107,-0.589105,-0.004936,-0.881476,-1.659252,-2.359252,-3.122127,-3.903009,-1.0,37.226234,36.3479733,0.6632456169799736,35.02148206604005,37.67446453395995,36.45558458980931,0.5071187225438365,-0.005908465922678123
2014-12-04,1.15764,1.280791,-0.197039,0.246909,0.24692,0.029555,-0.911331,-1.615763,-2.342363,-3.081918,-3.910602,0.0,37.318153,36.4440264,0.6573690688873323,35.12928826222534,37.75876453777466,36.53773396220843,0.510886324383037,0.00246615607925109
2014-12-05,0.146275,0.316923,-0.316921,1.034488,1.034478,-0.809359,-1.587026,-2.330566,-3.036317,-3.760215,-4.55548,1.0,37.704201,36.5593819,0.6663481082094885,35.226685683581024,37.89207811641897,36.648826061045725,0.5388119346629452,0.010291636741758259
2014-12-08,0.097994,0.710439,-0.367472,-0.487567,-0.487561,-0.205785,-0.862326,-1.579292,-2.280744,-3.048042,-3.764361,0.0,37.52037,36.6646263,0.6419476818109701,35.380730936378065,37.94852166362194,36.73183024570804,0.539886085911732,-0.004887535109933386
2014-12-09,0.346199,0.6182,-0.346192,-0.930919,-0.930929,0.583588,0.190414,-0.45993,-1.165913,-1.884657,-2.601594,-1.0,37.171082,36.737699500000005,0.6098965559095262,35.517906388180954,37.957492611819056,36.773663746116796,0.5067116792159183,-0.009352892114256424
2014-12-10,0.669978,0.719605,-0.198506,-0.346192,-0.346167,0.833733,0.662515,0.018183,-0.669988,-1.333015,-2.06218,0.0,37.042408,36.794228350000004,0.5810326851178159,35.632162979764374,37.956293720235635,36.79925843696281,0.4646812502751416,-0.0034676749183892965
2014-12-11,0.573137,0.946915,-0.124593,-0.421831,-0.421844,1.026658,1.113873,0.508342,-0.090959,-0.753555,-1.451245,0.0,36.886147,36.85259555,0.5230555669589106,35.80648441608218,37.898706683917815,36.807533538204446,0.4139906492500245,-0.004227357959474149
2014-12-12,2.140127,2.420385,-0.050955,-2.192876,-2.19288,2.389812,3.026752,2.697242,2.152868,1.54701,0.881441,-1.0,36.077278,36.853974150000006,0.5208597679488588,35.81225461410229,37.895693685897726,36.73798539170878,0.30503278634715514,-0.02217281161508826
2014-12-15,2.078999,2.286905,-0.207895,-1.961783,-1.961778,3.222451,4.542614,4.518359,4.109923,3.573802,2.910143,-1.0,35.369522,36.823182100000004,0.5886985158340191,35.64578506833197,38.00057913166804,36.60765554487937,0.15973161414294168,-0.01981276004100774
2014-12-16,-0.726526,1.504925,-0.934097,0.155928,0.155922,2.075769,3.809028,4.111743,3.854435,3.380383,2.806261,0.0,35.424671,36.79009205,0.64790940747346,35.49427323505308,38.08591086494692,36.49499035012895,0.04847071154257776,0.0015580094586482131
2014-12-17,-0.878099,0.748959,-1.213846,0.467047,0.46705,0.785122,2.866732,3.441799,3.270915,2.863632,2.375168,0.0,35.590122,36.754244549999996,0.6942191483442944,35.365806253311405,38.14268284668859,36.40881241202143,-0.026053513703203635,0.004659629138336986
2014-12-18,-2.386335,0.0,-2.411462,2.815083,2.815084,-2.135145,-0.148209,0.572714,0.453398,0.142672,-0.31902,1.0,36.592014,36.75792135,0.6930985652059075,35.37172421958818,38.14411848041181,36.42626018230511,-0.004221524779502772,0.027761892432221623
2014-12-19,-0.559078,0.508262,-0.940275,-1.155496,-1.155501,-0.940271,0.594671,1.529866,1.592129,1.326563,0.917416,-1.0,36.169193,36.745053199999994,0.7019076671150872,35.34123786576982,38.14886853423017,36.40177759351414,-0.020797892149481356,-0.011622285470249084
2014-12-22,-0.201314,0.150974,-0.427786,0.991116,0.991106,-1.278303,-0.664312,0.392557,0.5838,0.391551,0.028526,1.0,36.527668,36.740916350000006,0.7029859999654594,35.33494435006909,38.146888349930926,36.413767156036606,-0.004951765249614937,0.009862266420652844
2014-12-23,-0.300976,0.326062,-0.677203,0.327119,0.327127,-0.933029,-1.13117,-0.080257,0.245802,0.125412,-0.212352,0.0,36.64716,36.737239599999995,0.7032895633027003,35.330660473394595,38.143818726605396,36.43599504593788,0.017051847167657286,0.003265934734051855
2014-12-24,-0.150293,0.175361,-0.275544,0.125405,0.125399,-0.455903,-1.350188,-0.302259,0.135282,0.042097,-0.266353,0.0,36.693115,36.7427543,0.7024469122153587,35.337860475569286,38.14764812443072,36.46048266061046,0.03776274752685538,0.0012531997191010356
2014-12-26,-0.149955,0.274934,-0.274921,0.225451,0.225465,-0.579861,-1.602101,-0.624845,-0.092478,-0.154962,-0.394902,0.0,36.775845,36.74183535,0.7023880543944089,35.337059241211186,38.14661145878882,36.49051716912375,0.060158435870654614,0.002252108508604354
2014-12-29,0.10053,0.452375,-0.075403,-0.549855,-0.549845,0.190983,-0.92236,-0.281495,0.353085,0.413151,0.203551,-1.0,36.573635,36.702771150000004,0.6880762718422158,35.32661860631557,38.07892369368444,36.49843315301673,0.06088863687082835,-0.005513618154206843
2014-12-30,0.610837,0.890807,-0.076363,-1.256597,-1.256618,1.236959,0.544671,0.727924,1.466025,1.636042,1.490629,-1.0,36.114044,36.64348485000001,0.6850057581189217,35.27347333376216,38.01349636623785,36.46182466225323,0.024104314157334272,-0.012645805478579623
2014-12-31,1.255118,1.255118,-0.051232,-0.636294,-0.63629,1.46004,1.316597,1.13388,1.898052,2.193646,2.121754,-1.0,35.884254,36.5653558,0.6776275151109861,35.21010076977802,37.920610830221975,36.40681793251482,-0.023320831149895582,-0.006383228121414233
2015-01-02,0.516521,0.748959,-0.413223,-0.819672,-0.819669,1.678719,2.153921,1.697655,2.510326,2.926648,2.898583,-1.0,35.590122,36.4835502,0.6922457648869509,35.0990586702261,37.86804172977391,36.32903736751341,-0.08367504093590838,-0.008230464590182101
2015-01-05,0.503439,0.847904,-0.450456,-2.530989,-2.531014,3.116077,4.258098,3.916287,4.793342,5.356669,5.394825,-1.0,34.689331,36.3521091,0.7705775424477453,34.81095401510451,37.89326418489549,36.172874856321656,-0.20186551252397322,-0.02563595174629065
2015-01-06,0.664187,1.301812,-0.34538,-0.264979,-0.264966,2.247617,4.080776,3.907204,4.622755,5.31776,5.498597,0.0,34.597416,36.19676985,0.7963798005217567,34.60401024895649,37.789529451043514,36.022831155719594,-0.29949667388186896,-0.002653178505220563
2015-01-07,-1.048498,0.052414,-1.258202,1.35495,1.354968,0.283078,2.272594,2.460449,2.874168,3.655032,3.941445,1.0,35.0662,36.07406135,0.7703491435401101,34.53336306291978,37.61475963708022,35.93172342660344,-0.33517938236590084,0.013458706368248613
2015-01-08,-0.87269,0.43635,-1.078024,2.12319,2.12317,-1.842907,-0.087257,0.402135,0.545446,1.317262,1.69577,1.0,35.810715,36.006043,0.7272401084310111,34.551562783137975,37.46052321686202,35.92019881454597,-0.29992470231930923,0.021009446738664107
2015-01-09,0.674104,0.751882,-0.648172,-1.001024,-1.001005,-0.928195,0.572976,1.3914,1.337819,2.141553,2.617742,-1.0,35.452248,35.926535,0.6941443569878857,34.53824628602423,37.31482371397577,35.875632070303496,-0.2974812270426952,-0.01006048607511022
2015-01-12,0.204337,0.306508,-0.842917,1.503765,1.503755,-1.675611,-1.136657,-0.223079,-0.288637,0.480201,1.022559,1.0,35.985363,35.8814958,0.6568235495943084,34.56784870081139,37.19514289918862,35.886082635036495,-0.24964903157477636,0.014925608219651524
2015-01-13,1.01936,1.19775,-0.688076,0.229885,0.229888,-1.08563,-1.503575,-0.470615,-0.51861,0.068292,0.671927,0.0,36.068089,35.88103635,0.656682590205257,34.56767116958949,37.194401530410516,35.90341657455683,-0.2027294364751313,0.0022962407505266965
2015-01-14,-0.328368,0.22733,-0.656726,0.891942,0.891946,-1.232638,-2.298566,-1.375774,-1.257899,-0.940647,-0.301429,1.0,36.389797,35.9320501,0.6544805443711257,34.62308901125775,37.24101118874225,35.949738519837126,-0.13799544673636888,0.008879919957000255
2015-01-15,0.249818,0.599553,-0.64951,1.111389,1.111375,-1.783649,-3.125147,-2.433165,-2.157122,-2.070436,-1.456397,1.0,36.794224,36.00052775,0.6700619526730344,34.660403844653935,37.34065165534607,36.030165708424065,-0.053443352818689505,0.011052443181293123
2015-01-16,-0.24601,0.024595,-1.30382,1.548846,1.548855,-2.258305,-4.127927,-3.801562,-3.412059,-3.529648,-2.947114,1.0,37.364113,36.0892273,0.7278033655408902,34.63362056891822,37.54483403108178,36.15720830762177,0.05887143703497344,0.015369821973313606
2015-01-20,-0.543068,0.172807,-0.987403,-0.344413,-0.344408,-1.249073,-3.112812,-3.386818,-2.991855,-3.158726,-2.619106,0.0,37.235428,36.121398,0.7644929361545548,34.59241212769089,37.650383872309106,36.25989589737208,0.13593098535866943,-0.0034500246493805293
2015-01-21,-0.809612,0.196276,-1.128555,0.617132,0.617127,-1.108927,-2.941604,-3.820736,-3.413883,-3.604511,-3.237647,1.0,37.465218,36.18619925,0.821555755532331,34.54308773893534,37.82931076106466,36.37468847857474,0.21308703050847555,0.006152308905409773
2015-01-22,-1.687872,0.220157,-1.712331,0.294414,0.294401,-0.768096,-2.5587,-3.843763,-3.557967,-3.652634,-3.516788,0.0,37.575516,36.238591650000004,0.8760805112775523,34.486430627444896,37.99075267255511,36.48905300442477,0.2799072820587938,0.0029396855161529516
2015-01-23,0.823245,1.186446,-0.048426,1.027392,1.027411,-1.162233,-2.983054,-4.456825,-4.365622,-4.365138,-4.428575,1.0,37.961571,36.3043122,0.954164559144611,34.395983081710774,38.21264131828922,36.62929281352717,0.35986591467447226,0.010221690474811444
2015-01-26,-1.827123,0.14055,-2.014516,3.365618,3.365606,-3.424686,-5.176851,-6.947759,-7.155066,-7.107046,-7.353785,1.0,39.239208,36.43161685,1.1570490226152257,34.117518804769546,38.74571489523045,36.87785616461982,0.5203302916277934,0.03310209245274523
2015-01-27,-0.672847,0.440842,-0.696053,0.96041,0.960402,-3.141521,-5.1624,-7.003853,-7.6798,-7.685369,-8.005399,1.0,39.616062,36.573627699999996,1.3583144089509889,33.85699888209802,39.29025651790197,37.13863767275127,0.670182982498595,0.009558191077904413
2015-01-28,1.242379,1.289262,-0.187525,-1.020877,-1.020856,-1.251771,-3.382571,-5.260206,-6.391243,-6.422888,-6.790132,-1.0,39.211639,36.7055279,1.48086910828151,33.74378968343698,39.66726611656302,37.33606637058448,0.7476898601609179,-0.010261026093436435
2015-01-29,-0.250686,0.068366,-0.820422,2.859824,2.859824,-2.62991,-5.09117,-7.023712,-8.470841,-8.647231,-8.971448,1.0,40.333023,36.916476849999995,1.679369733088005,33.557737383823984,40.27521631617601,37.6214908114812,0.8893490735982184,0.028196946692452124
2015-01-30,0.092232,0.553383,-0.368919,-1.162265,-1.162273,-0.53032,-3.20498,-5.252477,-6.895319,-7.250172,-7.529782,-1.0,39.864243,37.1154763,1.7832140844531092,33.54904813109378,40.68190446890622,37.835086258006804,0.9528050490992612,-0.011690805998163422
2015-02-02,-0.740912,0.162072,-1.180827,-0.415033,-0.415019,0.115757,-2.213488,-4.14449,-5.989826,-6.56079,-6.799426,0.0,39.698799,37.320910149999996,1.8341782334064332,33.65255368318713,40.98926661681286,38.01258270962521,0.9784652800576339,-0.004158821339612799
2015-02-03,-0.208817,0.0,-0.742457,-0.208384,-0.208412,0.324846,-1.408338,-3.333318,-5.171678,-6.078871,-6.350333,0.0,39.616062,37.5672467,1.7925116944588382,33.98222331108232,41.152270088917675,38.165295022994236,0.9808187455656778,-0.0020862932612394428
2015-02-04,0.070812,0.802455,-0.094399,-1.693733,-0.935222,1.289252,-0.02394,-1.880976,-3.684263,-4.919878,-5.204941,-1.0,39.245564,37.7996541,1.6853151493818512,34.4290238012363,41.1702843987637,38.268177782709074,0.9419298111851901,-0.00939622335214227
2015-02-05,-1.144595,0.070075,-1.331462,1.038475,1.038482,-0.094732,-0.527557,-2.340806,-4.095823,-5.540116,-5.916519,1.0,39.653122,38.0290002,1.6038938665799438,34.82121246684011,41.23678793315989,38.400077231974876,0.9332387792781418,0.010331265214062947
2015-02-06,0.52519,0.763905,-0.334206,-2.149035,-2.149049,1.551363,1.873435,0.148823,-1.604199,-3.16486,-3.665183,-1.0,38.800957,38.1785123,1.523587972368985,35.13133635526203,41.225688244737974,38.43825625750108,0.847815392122719,-0.021724772673553074
2015-02-09,-1.483616,0.239287,-1.483616,-0.238716,-0.238698,1.282589,1.980041,0.619961,-0.948176,-2.610936,-3.261145,0.0,38.70834,38.341316899999995,1.3845611024894762,35.57219469502104,41.11043910497895,38.46397851869145,0.763838272361383,-0.0023898305794259962
2015-02-10,-0.237299,0.42715,-0.996673,0.837516,0.837515,0.142379,0.983538,0.091194,-1.380523,-2.974725,-3.8719,1.0,39.032528,38.493675149999994,1.2749855058616222,35.94370413827675,41.04364616172324,38.518126088339876,0.7152006740029364,0.008340269090126104
2015-02-11,-0.071138,0.28457,-0.474264,0.071189,0.071177,-0.023703,0.87297,0.292248,-1.067641,-2.586709,-3.728063,0.0,39.06031,38.6432862,1.1442329151814363,36.354820369637125,40.93175203036287,38.56976265135513,0.6711600864115326,0.0007115121407691267
2015-02-12,-0.89244,0.023481,-1.009864,0.972265,0.972273,-1.094418,-0.324751,-0.358305,-1.633573,-3.081115,-4.373972,1.0,39.440083,38.7958005,1.0251461937178867,36.745508112564224,40.84609288743577,38.652650303607025,0.6593020866016062,0.009675772269719518
2015-02-13,0.44939,0.520343,-0.543992,-0.704563,-0.704557,-0.208139,0.203237,0.553096,-0.633278,-2.051101,-3.416445,-1.0,39.162205,38.91419954999999,0.912346503970623,37.08950654205874,40.73889255794124,38.70117932231112,0.6203313108348354,-0.00707051066100227
2015-02-17,-0.967207,0.188728,-1.273888,0.26017,0.260156,-0.183998,-0.167487,0.296404,-0.649168,-1.916932,-3.355159,0.0,39.264088,39.009198299999994,0.8383663653283051,37.332465569343384,40.685931030656604,38.7547896725672,0.5908567678741434,0.002598186231090428
2015-02-18,-1.042899,0.142216,-1.25622,-0.471809,-0.471795,0.312864,0.16828,0.680193,0.057645,-1.135348,-2.522617,0.0,39.078842,39.101369,0.7270338259263031,37.647301348147394,40.5554366518526,38.78565179898937,0.5462533080858663,-0.004729114554300224
2015-02-19,0.259924,0.756141,-0.047261,0.308132,0.308123,0.075617,-0.151228,0.368821,-0.028527,-1.119524,-2.430725,0.0,39.199253,39.188070749999994,0.6166647477132775,37.95474125457344,40.42140024542655,38.82504238956181,0.5146879044558972,0.0030764952819145827
2015-02-20,-1.985977,0.257012,-2.032708,1.134213,1.134203,-0.943914,-1.273353,-0.872692,-0.888825,-1.900123,-3.14005,1.0,39.643852,39.29148755,0.49304295991068725,38.30540163017862,40.27757346982138,38.90302425722259,0.5195583727862001,0.011278188819387207
2015-02-23,-0.3708,0.324447,-0.509854,0.817764,0.817771,-1.344152,-1.782156,-1.659437,-1.441743,-2.378212,-3.578996,1.0,39.968048,39.3918114,0.4043509653881333,38.583109469223736,40.20051333077627,39.00445508986806,0.5433151628137978,0.008144455591430018
2015-02-24,-0.46009,0.483089,-0.989188,0.741597,0.741607,-1.573507,-2.118712,-2.289712,-2.039964,-2.808724,-3.890414,1.0,40.264454,39.4430737,0.44675173858309136,38.549570222833815,40.336577177166184,39.1244549860711,0.5793813297834234,0.007388710088439713
2015-02-25,-0.392787,0.069321,-0.970421,-0.437088,-0.437098,-0.637704,-1.425596,-1.782189,-1.550984,-2.097365,-3.127307,0.0,40.088459,39.46669355,0.4683450420504757,38.53000346589905,40.403383634100955,39.216264892159565,0.5869961747905705,-0.004380557589362258
2015-02-26,-0.76301,0.416185,-0.809244,-0.069314,-0.069312,-0.138729,-1.107513,-1.578419,-1.376731,-1.770307,-2.727905,0.0,40.060673,39.50914525,0.4822813285090524,38.5445825929819,40.47370790701811,39.29668471195389,0.5840562593427165,-0.0006933575054353105
2015-02-27,-0.483099,0.345061,-0.644127,0.508673,0.508681,-0.33587,-1.403275,-1.975318,-1.884385,-2.000326,-2.899438,0.0,40.264454,39.5057168,0.4763231981175751,38.55307040376485,40.458363196235155,39.38885321557733,0.5913530291845106,0.005073915094797571
2015-03-02,0.022856,0.228526,-0.274221,0.66712,0.66711,-0.717542,-1.718458,-2.340029,-2.452083,-2.395992,-3.23544,1.0,40.533062,39.53915775,0.5239185941874945,38.49132056162501,40.58699493837499,39.49782548076044,0.6117582245969189,0.006648941770949756
2015-03-03,0.572869,0.733272,-0.183313,-0.274221,-0.274198,-0.366651,-1.161793,-1.788895,-2.094426,-2.01059,-2.717226,0.0,40.421921,39.57531385,0.5592741314878046,38.45676558702439,40.69386211297561,39.58583457783087,0.6119076486425783,-0.002745749939213759
2015-03-04,0.0,0.299128,-0.621261,-0.412466,-0.412492,0.128865,-0.460184,-1.17962,-1.609517,-1.541211,-2.064229,0.0,40.255184,39.60726995,0.5796143314610454,38.44804128707791,40.76649861292209,39.64958214184698,0.5917504549616268,-0.004133446221130009
2015-03-05,0.113798,0.318623,-0.227581,1.104464,1.104471,-0.650884,-1.178879,-1.990591,-2.505688,-2.470525,-2.869173,1.0,40.699791,39.6799813,0.6215487842782123,38.43688373144358,40.92307886855642,39.74960203309965,0.6046814119926509,0.01098416669796897
2015-03-06,1.682629,1.729371,-0.21033,-2.617201,-2.617195,1.701325,1.474637,0.676162,0.112167,0.080126,-0.085577,-1.0,39.634598,39.6790551,0.6216047144079822,38.43584567118403,40.922264528815965,39.73864926804254,0.5229488864529372,-0.02652053361332205
2015-03-09,0.234903,0.375852,-0.32887,-0.514141,-0.514142,1.66784,1.862811,1.241871,0.709415,0.553371,0.554984,-1.0,39.43082,39.71054825,0.5899234571321514,38.5307013357357,40.890395164264305,39.70933219489564,0.4366981056289134,-0.005154679665654117
2015-03-10,1.318626,1.366579,0.0,-2.020204,-2.020217,2.838656,3.541127,3.220661,2.776322,2.516432,2.576101,-1.0,38.634232,39.70684285,0.5967431217641238,38.51335660647175,40.90032909352825,39.60694170014367,0.30060060947756995,-0.020409021181930585
2015-03-11,0.334538,0.716855,-0.095572,0.335649,0.335643,1.725224,2.853064,2.821204,2.397867,2.085561,2.159686,0.0,38.763905,39.6934117,0.6154488336639804,38.46251403267204,40.92430936732796,39.52665249060618,0.20089015398033183,0.003350807302498973
2015-03-12,-0.095005,0.261285,-0.593824,0.597372,0.597378,0.247037,1.969131,2.175782,1.781483,1.453692,1.534553,1.0,38.995472,39.6901698,0.6191190657653796,38.45193166846924,40.92840793153076,39.47606387245321,0.13895266145138407,0.005956006683297871
2015-03-13,-0.666188,0.142758,-0.761361,-0.166268,-0.166263,0.05234,1.796336,2.223811,1.88556,1.54842,1.583573,0.0,38.930637,39.6646975,0.6400752356964555,38.384547028607095,40.94484797139291,39.42411845602909,0.08367060706030571,-0.0016640126343365617
2015-03-16,-0.606905,0.303457,-0.746965,1.927197,1.92721,-1.713369,-0.343149,0.242752,0.024498,-0.282925,-0.35254,1.0,39.680912,39.69063285,0.6290569880278644,38.43251887394427,40.94874682605573,39.44857498402632,0.09925594214354305,0.019088741832731786
2015-03-17,-0.093921,0.234795,-0.540031,-0.583567,-0.583573,-0.723183,-0.004703,0.693428,0.63512,0.377548,0.211311,-1.0,39.449345,39.6998957,0.6237874342417714,38.45232083151646,40.94747056848354,39.448648318880956,0.09186297171423519,-0.005852822164778157
2015-03-18,-2.200328,0.275038,-2.429523,2.44189,2.441891,-2.273671,-2.349309,-1.653305,-1.598679,-1.878532,-2.111705,1.0,40.412655,39.76658635,0.6251934338454115,38.516199482309176,41.01697321769082,39.54045847898753,0.16186912910763596,0.02412553463241295
2015-03-19,0.496334,0.945398,-0.259986,-3.025441,-3.025438,0.874493,0.311973,1.26683,1.470091,1.195924,0.937514,-1.0,39.189995,39.76612345,0.6256388707001962,38.51484570859961,41.017401191400396,39.507081004798245,0.11733846462545472,-0.030721493863184658
2015-03-20,-0.116277,0.51163,-0.534884,1.630818,1.630799,-0.293008,-1.248828,-0.430998,-0.134873,-0.388828,-0.667432,1.0,39.829105,39.7753861,0.6251044699443676,38.52517716011126,41.025595039888735,39.53774995672222,0.13209571080464855,0.01617644181349907
2015-03-23,-0.277711,0.462858,-0.509134,0.48837,0.488394,-0.606348,-1.580665,-0.999779,-0.613295,-0.786867,-1.04838,0.0,40.023628,39.7781651,0.6261287636584254,38.52590757268315,41.03042262731685,39.58402405608201,0.15766979586464913,0.004872053277900571
2015-03-24,0.46318,0.787402,-0.046318,-0.069426,-0.069444,-0.264004,-1.171835,-1.002004,-0.57781,-0.644739,-0.872314,0.0,39.995834,39.764734100000005,0.6179764245832043,38.528781250833596,41.000686949166415,39.623244050740865,0.17369248021804395,-0.0006946810294160367
2015-03-25,1.502357,1.619725,0.0,-1.343219,-1.343207,0.610328,0.349764,0.211265,0.696007,0.746476,0.513299,-1.0,39.458607,39.7332415,0.6166583409094816,38.499924818181036,40.96655818181896,39.60756433162269,0.1414107488115235,-0.01352310028980564
2015-03-26,0.141949,0.402174,-0.804353,-0.774643,-0.774645,1.376858,1.173406,0.730221,1.366211,1.528264,1.305885,-1.0,39.152943,39.687855,0.6246438544489746,38.438567291102046,40.93714270889795,39.56426706194434,0.09012382250941187,-0.007776606374841933
2015-03-27,-0.89433,0.02353,-1.129687,0.520468,0.520454,0.611915,0.757833,0.16161,0.726057,0.973409,0.774303,0.0,39.356716,39.6424681,0.6134203577098394,38.415627384580326,40.86930881541968,39.544500294140114,0.06517010164583326,0.005191041718512203
2015-03-30,-0.791434,0.186224,-0.884537,1.106136,1.106131,-0.605202,-0.316558,-0.873668,-0.469027,-0.148961,-0.275436,1.0,39.792053,39.60541765,0.5781626797332958,38.44909229053341,40.76174300946659,39.568076742317245,0.07960452431230891,0.011000585242364023
2015-03-31,-0.311296,0.83813,-0.311296,-2.793298,-2.793289,1.570885,2.349145,1.982765,2.165954,2.55652,2.539917,-1.0,38.680546,39.51834889999999,0.5798484422843796,38.35865201543123,40.67804578456875,39.4835500049537,0.0013391457824880604,-0.02833043267858056
2015-04-01,0.095331,0.21449,-0.834123,0.47893,0.478931,0.781696,1.463301,1.514144,1.500241,1.941852,2.032891,0.0,38.865799,39.448879649999995,0.5700709086946868,38.308737832610625,40.589021467389365,39.42471657591049,-0.04521712680677581,0.004777874506248777
2015-04-02,-0.746443,0.116629,-1.003032,2.168732,2.168742,-1.077687,-0.55984,-0.52096,-0.779106,-0.257529,-0.090202,1.0,39.708698,39.399325,0.49355046030964145,38.412224079380714,40.38642592061928,39.45176242582377,-0.013937737789170512,0.02145559608088198
2015-04-06,-0.417539,0.835073,-0.463932,0.559837,0.559832,-1.340765,-1.087921,-0.90776,-1.29437,-0.846214,-0.622445,1.0,39.931,39.4141451,0.5052972702115212,38.403550559576956,40.42473964042304,39.49740409955484,0.0284612335242187,0.0055827076935079665
2015-04-07,0.184497,1.037823,-0.092253,0.579912,0.579908,-1.725094,-1.623619,-1.39914,-1.772374,-1.454799,-1.179276,1.0,40.162563,39.45073225,0.5323364687977425,38.38605931240452,40.51540518759548,39.56075256626391,0.07982771835921909,0.005782328479962285
2015-04-08,0.855687,1.017572,-0.231274,-0.27675,-0.276755,-0.767805,-1.336725,-1.025284,-1.322849,-1.218317,-0.922757,0.0,40.051411,39.5215912,0.5118584657777263,38.49787426844455,40.54530813155546,39.607481940905444,0.11029557151074698,-0.002771389213126549
2015-04-09,0.092445,0.161775,-0.508438,0.069376,0.069386,-0.231108,-1.250294,-1.149377,-1.227183,-1.304373,-0.992225,0.0,40.079201,39.587356,0.4935543922343672,38.60024721553127,40.57446478446873,39.652407565581115,0.13512633313646205,0.0006936175930904406
2015-04-10,-0.624424,0.346894,-0.740065,-0.069327,-0.069338,0.009254,-0.957447,-0.937404,-1.026825,-1.300647,-0.924298,0.0,40.051411,39.64015295,0.48327788882771566,38.67359717234457,40.60670872765543,39.69040789266863,0.15082386622628263,-0.0006936175930905317
2015-04-13,0.3727,0.582343,0.0,-0.716933,-0.716929,0.647567,-0.139763,-0.232937,-0.207313,-0.57489,-0.250796,-1.0,39.764271,39.68183465,0.4539208117525165,38.77399302649496,40.589676273505034,39.69744247431923,0.13849795777841223,-0.007195108318658129
2015-04-14,-0.300502,0.231167,-0.55478,0.768689,0.7687,-0.16644,-0.832183,-0.986291,-0.920024,-1.26954,-1.050245,1.0,40.069939,39.701285999999996,0.46214004475566617,38.77700591048866,40.62556608951133,39.732918333907875,0.15164635477476196,0.007657606774569545
2015-04-15,0.252922,0.620823,-0.620835,0.531678,0.531678,-0.579454,-0.958853,-1.462419,-1.340552,-1.627975,-1.585054,0.0,40.282982,39.74296785,0.4756183473794418,38.791731155241116,40.69420454475888,39.78530534972617,0.17721452501663748,0.005302694576719469
2015-04-16,0.511336,0.533573,-0.600269,3.42607,3.42607,-3.112498,-3.568258,-4.373804,-4.458656,-4.608278,-4.732483,1.0,41.663105,39.80549035,0.6265321418530719,38.552426066293854,41.058554633706144,39.96414341165702,0.30532231053359027,0.03368686809286633
2015-04-17,0.518366,0.585986,-0.225375,-1.356161,-1.356169,-1.271123,-1.904435,-2.743594,-2.913003,-3.092177,-3.390428,-1.0,41.098083,39.90089475,0.6715351310675366,38.55782448786493,41.24396501213507,40.07213765816588,0.35713922157354716,-0.013654486901933013
2015-04-20,0.768709,0.904366,-0.158264,-0.315526,-0.315528,-0.370783,-1.340715,-2.173486,-2.46665,-2.586478,-2.976109,0.0,40.968407,39.95785985,0.7122151285078887,38.53342959298422,41.38229010701578,40.15749664310246,0.3833220296923301,-0.003160269384644269
2015-04-21,0.134372,0.33594,-0.134383,0.949586,0.949576,-0.685321,-1.979834,-2.841351,-3.222838,-3.340642,-3.733477,1.0,41.357433,40.0245501,0.7780977194745963,38.4683546610508,41.580745538949195,40.27177629614032,0.4305006966834952,0.009450954783178513
2015-04-22,0.204269,0.544707,-0.431235,-1.321391,-0.611302,0.325303,-1.120724,-1.85061,-2.492725,-2.585048,-2.941045,-1.0,41.104614,40.0799891,0.8145883338499292,38.45081243230014,41.70916576769986,40.35109417269838,0.44239015148644967,-0.006131785502251336
2015-04-23,-1.685393,0.224715,-1.730337,0.998636,0.998642,-0.737983,-1.752536,-2.395644,-3.209165,-3.442035,-3.679833,1.0,41.515102,40.18281385,0.8605232085477883,38.46176743290442,41.90386026709558,40.461952061012816,0.479409249676948,0.009936886679331283
2015-04-24,-0.201342,0.559284,-0.492172,0.44944,0.449439,-0.892622,-1.796389,-2.513743,-3.336642,-3.633142,-3.894481,0.0,41.701687,40.31025105,0.8882579205735825,38.53373520885283,42.086766891147164,40.58002205520207,0.5178337368669119,0.00448431896769104
2015-04-27,0.42279,0.534048,-0.178011,0.536908,0.536918,-0.965295,-1.805333,-2.717205,-3.546512,-3.94777,-4.169617,0.0,41.925591,40.43869479999999,0.9279626427365768,38.58276951452684,42.29462008547315,40.70817147851616,0.559898440655445,0.005354820589049396
2015-04-28,0.089619,0.313688,-0.403316,-0.689804,-0.689803,-0.14341,-0.747058,-1.805501,-2.655071,-3.125659,-3.347433,-1.0,41.636387,40.530911499999995,0.9516584209527129,38.627594658094566,42.434228341905424,40.79657295675272,0.563404103844114,-0.006921931759961509
2015-04-29,1.446615,1.699201,-0.091851,-2.419901,-2.419922,2.098752,1.799471,0.724403,-0.001216,-0.660921,-0.853744,-1.0,40.628819,40.62832515,0.846148122657934,38.936028904684136,42.32062139531587,40.780596389442934,0.47935435159769924,-0.02449683006558205
2015-04-30,0.160991,0.827967,-0.206994,-0.160732,-0.160743,1.793947,1.69229,0.966168,0.36905,-0.392028,-0.68172,0.0,40.563511,40.71321075,0.7383109246228831,39.236588900754235,42.18983259924577,40.75992159044837,0.40283092346621174,-0.0016087237325179734
2015-05-01,-0.572607,0.06871,-0.641317,0.413983,0.414003,0.897846,1.183004,0.661193,0.080781,-0.647691,-0.965058,0.0,40.731445,40.76434809999999,0.6994713589784631,39.365405382043065,42.16329081795692,40.75720953421519,0.3516824493065869,0.004131479913066832
2015-05-04,-0.115029,0.25305,-0.230048,-0.435179,-0.435175,0.662518,1.523113,1.231014,0.595045,-0.095334,-0.472601,0.0,40.554192,40.7955077,0.6738038749378008,39.4478999501244,42.1431154498756,40.7378745309566,0.2934612407848718,-0.0043612448027603385
2015-05-05,1.680285,1.680285,-0.2567,-1.426278,-1.426277,1.28821,2.646441,2.680036,2.027206,1.368584,0.963485,-1.0,39.975777,40.786168399999994,0.684252052379182,39.41766429524163,42.15467250475836,40.66529381372264,0.19836067865777807,-0.01436545808389791
2015-05-06,0.675363,0.72194,-0.372613,0.210037,0.21003,0.791804,2.170476,2.427678,1.814407,1.293839,0.757193,0.0,40.059738,40.78658475,0.6837838137414132,39.419017122517175,42.15415237748283,40.60762183146335,0.1282889142715007,0.002098094347233101
2015-05-07,-0.419287,0.186345,-0.605642,-0.023286,-0.023293,0.559057,1.828567,2.183097,1.834533,1.435751,0.829923,0.0,40.050407,40.78514505,0.6853800417083048,39.414384966583384,42.15590513341661,40.55455375227636,0.07118304856405899,-0.00023295426670869203
2015-05-08,-0.86051,0.407609,-0.996375,2.865129,2.865137,-2.015399,-1.129981,-0.64689,-0.862753,-1.244982,-1.813068,1.0,41.197906,40.842469799999996,0.668519717314764,39.505430365370465,42.17950923462953,40.61582539491671,0.11716916462160754,0.028248594061254937
2015-05-11,-0.526316,0.617849,-0.572082,-1.041664,-1.041667,-0.87872,-0.372998,0.366286,0.303991,-0.123259,-0.66407,-1.0,40.768761,40.8926943,0.6191642908921899,39.65436571821562,42.13102288178438,40.630390690638926,0.11762912261972502,-0.01047130344438078
2015-05-12,0.091956,0.436779,-0.321837,-0.457668,-0.457667,-0.124139,-0.174714,0.700385,0.82827,0.377304,-0.142453,0.0,40.582176,40.91830615,0.5933978853736664,39.73151037925267,42.10510192074733,40.62579881533998,0.1017647122465064,-0.004587170942574799
2015-05-13,0.833526,1.27345,-0.069458,-0.712646,-0.712655,0.708506,0.458449,1.288891,1.553225,1.121763,0.707686,-1.0,40.292965,40.9188053,0.5928392767125659,39.73312674657487,42.10448385342514,40.59410035673617,0.0651046561165387,-0.007152067476721902
2015-05-14,0.27423,0.548451,-0.388478,1.319748,1.319756,-0.223947,-0.786102,-0.1432,0.127748,-0.122368,-0.444151,1.0,40.824734,40.87688675,0.5664958689694745,39.743895012061046,42.00987848793895,40.61606546561844,0.07806077560312019,0.013111235262432033
2015-05-15,-0.136979,0.0,-0.913235,0.09141,0.091423,-0.479463,-0.844759,-0.371394,0.007411,-0.134241,-0.440999,0.0,40.862057,40.865085449999995,0.5640987478161559,39.73688795436768,41.99328294563231,40.63949323079764,0.09029933331365214,0.0009138075358400956
2015-05-18,-0.483646,0.299404,-0.760014,-0.867582,-0.867599,0.262559,0.011524,0.267167,0.825782,0.813173,0.477777,-1.0,40.507538,40.842042000000006,0.5690474669414182,39.70394706611717,41.98013693388284,40.62692606595977,0.0705781767243181,-0.008713850505248604
2015-05-19,-0.503665,0.206044,-0.663922,0.598807,0.598805,-0.251829,-0.393768,-0.474659,0.151107,0.279856,-0.072247,1.0,40.750099,40.811675300000005,0.5561554248876223,39.69936445022476,41.923986149775246,40.63865682158265,0.07367241384977063,0.005970188881311528
2015-05-20,-0.344118,0.527644,-0.390002,-0.206044,-0.206029,0.137638,-0.039009,-0.263066,0.303962,0.524577,0.184447,0.0,40.666142,40.7897517,0.5526311347458268,39.68448943050834,41.89501396949165,40.6412744576224,0.06855967753666903,-0.002062414789197587
2015-05-21,-0.320804,0.091661,-0.412466,0.114703,0.114695,-0.032078,0.009167,-0.352885,0.090517,0.316044,0.121546,0.0,40.712784,40.7496358,0.5256688727204116,39.698298054559174,41.800973545440826,40.648084890229796,0.06749339492627371,0.0011462919799960069
2015-05-22,0.785582,0.878006,0.0,-0.824931,-0.824935,0.559152,0.637712,0.417442,0.759017,1.079027,0.981227,-1.0,40.37693,40.68339795,0.4809522671181504,39.721493415763696,41.6453024842363,40.62226061496982,0.03909706074518482,-0.008283564064638243
2015-05-26,1.483053,1.765537,-0.070619,-1.848427,-1.848417,2.010351,2.245755,2.153163,2.36699,2.847546,2.871689,-1.0,39.630596,40.5686482,0.44111013373736574,39.68642793252527,41.45086846747473,40.52781636592508,-0.043132945359602104,-0.01865713605689211
2015-05-27,-1.391795,0.162373,-1.438179,1.483053,1.483041,0.255165,0.661101,0.700536,0.694737,1.231273,1.380654,1.0,40.218334,40.497745550000005,0.3684315997209626,39.76088235055808,41.23460874944193,40.49834185488459,-0.06018153765982959,0.01472151510752176
2015-05-28,0.37123,0.37123,-0.417633,-0.023203,-0.023181,0.051033,0.663561,0.748634,0.665881,1.165651,1.398028,0.0,40.209011,40.47675515,0.37250718700319546,39.731740775993615,41.22176952400639,40.47078653537177,-0.07359658248012835,-0.0002318365735375527
2015-05-29,0.608895,0.913347,-0.398131,-0.928067,-0.928073,0.548,1.358303,1.656506,1.517552,1.944719,2.194992,-1.0,39.835842,40.4403717,0.3982354806331596,39.64390073873368,41.23684266126632,40.410315627241125,-0.11303670497488838,-0.009324064935170847
2015-06-01,0.636783,0.731125,-0.518873,-0.702574,-0.702583,0.84434,1.745279,2.099052,2.087259,2.449052,2.788125,-1.0,39.555962,40.381597549999995,0.4377939493693706,39.50600965126125,41.25718544873874,40.32894861512292,-0.1649755279553986,-0.007050631055934981
2015-06-02,-0.023737,0.308644,-0.664765,-0.660384,-0.660378,1.343781,2.113009,2.527695,2.605647,2.862294,3.329452,-1.0,39.294743,40.3186251,0.49808901547969725,39.32244706904061,41.31480313095939,40.23045284225407,-0.22462625789219715,-0.0066256847194684715
2015-06-03,0.538894,0.749766,-0.093723,1.329537,1.329526,-0.187432,0.538901,1.054362,1.23946,1.329901,1.844741,1.0,39.817177,40.3106951,0.5050486354281639,39.30059782914367,41.320792370856324,40.19109323822987,-0.22712567014590235,0.013207658075395123
2015-06-04,0.260234,1.774308,-0.141947,-0.960637,-0.960631,0.387983,1.201797,1.889439,2.142178,2.191622,2.691427,-1.0,39.434681,40.27944225,0.5395560935428484,39.200330062914304,41.3585544370857,40.11905397744607,-0.2570080738187954,-0.009652744543419295
2015-06-05,0.577898,0.626058,-0.650135,-1.750653,-1.750654,1.613294,2.496994,3.346981,3.793645,3.824707,4.28285,-1.0,38.744316,40.214137699999995,0.6386728244112622,38.93679205117747,41.49148334882252,39.98812655102264,-0.3325631983623012,-0.01766159638716997
2015-06-08,-0.26519,0.361622,-0.675022,-0.120392,-0.120384,1.292182,2.18659,3.098674,3.5957,3.739624,4.149782,0.0,38.697674,40.0891261,0.6793751246096625,38.730375850780675,41.44787634921933,39.8652263080681,-0.39168964410593077,-0.0012045662989733034
2015-06-09,-0.072471,0.362312,-0.893727,-0.192859,-0.192877,1.140101,2.123195,2.97263,3.51812,3.740101,4.066027,0.0,38.623035,39.9818398,0.7336560628178022,38.5145276743644,41.449151925635604,39.74692237396638,-0.43950419112324113,-0.0019306347328968245
2015-06-10,-0.73373,0.78107,-0.875737,2.053135,2.05313,-1.098212,-0.134895,0.67536,1.287588,1.596227,1.784629,1.0,39.416016,39.9235318,0.7297631091486992,38.4640055817026,41.3830580182974,39.71540748120768,-0.4086993924487885,0.020323371030720093
2015-06-11,0.446112,1.056588,-0.305238,0.804734,0.804757,-1.737506,-1.051897,-0.284894,0.408539,0.75228,0.896915,1.0,39.733219,39.8955445,0.7255706286985071,38.44440324260299,41.34668575739701,39.717103816330756,-0.3546030927186834,0.008015357274114197
2015-06-12,-0.478242,0.310858,-1.028219,-1.807936,-1.807951,0.210431,0.559547,1.260967,2.025354,2.501202,2.622356,-1.0,39.014862,39.8050509,0.7163881891473259,38.37227452170534,41.23782727829465,39.65022364334688,-0.3654837229276424,-0.01824493798086703
2015-06-15,-0.695279,0.0,-1.006948,-0.263034,-0.263036,0.584996,0.659323,1.277083,2.043884,2.536571,2.737163,0.0,38.912239,39.70756,0.6973932815976873,38.312773436804626,41.102346563195375,39.57993939159955,-0.37802982667622587,-0.002633822072369948
2015-06-16,-0.690972,0.309738,-0.953064,0.623357,0.623364,0.233494,-4e-06,0.568658,1.238978,1.736475,1.981571,1.0,39.154804,39.6399233,0.6811318106631714,38.27765967867366,41.00218692132634,39.53945030668531,-0.36420144839745916,0.006214294054995417
2015-06-17,-0.549319,0.238839,-1.0031,-0.23827,-0.238265,0.291374,0.045374,0.611414,1.264626,1.823736,2.147118,0.0,39.061512,39.55549395,0.639669880761589,38.27615418847682,40.834833711523174,39.49393237271528,-0.3566589019010209,-0.0023854880672276274
2015-06-18,-0.917213,0.893702,-1.105365,1.552427,1.552423,-1.274698,-1.425215,-1.017562,-0.409221,0.204137,0.552678,1.0,39.667912,39.50558245,0.5850618114474573,38.335458827105086,40.67570607289491,39.510501861028104,-0.2983112212909873,0.015404964531839547
2015-06-19,0.282626,0.471034,-0.211964,-0.141112,-0.141096,-0.833739,-1.066902,-0.915387,-0.407457,0.223254,0.657858,0.0,39.611942,39.45054035,0.5128369627646157,38.424866424470764,40.47621427552923,39.52016282664447,-0.2536625117384972,-0.0014119604533740682
2015-06-22,-0.091884,0.895932,-0.574317,2.520019,2.520005,-2.4351,-3.0278,-3.177887,-2.826787,-2.265107,-1.864617,1.0,40.610165,39.4622021,0.5370898618419315,38.38802237631614,40.53638182368386,39.62397255744023,-0.13616026337983556,0.024887766273395298
2015-06-23,0.941663,0.964626,-0.068909,0.022977,0.022967,-1.736327,-2.558564,-2.982695,-2.727373,-2.276524,-1.8994,0.0,40.619492,39.5116469,0.5957265584459063,38.32019378310819,40.70310001689182,39.718783932922115,-0.041804379185677476,0.00022964519081964055
2015-06-24,0.414365,0.736646,-0.184157,-0.229678,-0.229683,-0.78728,-2.060301,-2.642715,-2.465457,-2.073653,-1.678166,0.0,40.526196,39.52704,0.6184903856109504,38.2900592287781,40.7640207712219,39.79568032026286,0.025155158336083616,-0.002299470086667734
2015-06-25,0.161586,0.461681,-0.64635,-0.276241,-0.276234,-0.143118,-1.620497,-2.211448,-2.169896,-1.827329,-1.395812,0.0,40.414249,39.5373019,0.6319571112103906,38.27338767757922,40.80121612242078,39.85459162309497,0.06839942097180796,-0.0027661590291841336
2015-06-26,0.11465,0.64205,-0.114653,0.669439,0.669442,-0.279758,-1.864254,-2.543762,-2.716123,-2.482919,-2.062985,1.0,40.684799,39.579749750000005,0.6797682663032721,38.22021321739346,40.93928628260655,39.93365899232402,0.12308310912262499,0.006672112937112975
2015-06-29,0.807975,1.449613,-0.166359,-3.508367,-3.508357,2.656828,1.791812,1.094724,0.783017,0.948654,1.361676,-1.0,39.257431,39.5648232,0.6835849965724292,38.19765320685514,40.931993193144855,39.869256326388395,0.050659684065600175,-0.035713782591197764
2015-06-30,1.171133,1.242832,-0.717015,-0.570347,-0.570366,2.433086,2.344656,1.74475,1.327685,1.466548,1.817249,-1.0,39.03352,39.55176205,0.6914671056738857,38.16882783865223,40.934696261347774,39.78966239054188,-0.024521480113726568,-0.005719986987964655
2015-07-01,0.402174,0.638753,-0.378517,1.027725,1.027735,0.837473,1.398154,0.712876,0.248401,0.354861,0.670293,1.0,39.434681,39.53263725,0.689025097833171,38.15458705433366,40.91068744566634,39.755854639061695,-0.051143207261475254,0.01022489339489594
2015-07-02,0.357744,0.476988,-0.476985,-0.804353,-0.804348,0.992127,2.079651,1.42459,1.020742,1.056994,1.354632,-1.0,39.117489,39.51677765,0.6950228405090847,38.12673196898183,40.906823331018174,39.69505791153201,-0.09672092275032185,-0.00807600156645595
2015-07-06,-0.317618,0.855116,-0.415348,-2.384927,-2.384933,2.150015,4.199853,3.757635,3.415587,3.353041,3.610229,-1.0,38.184563,39.48879,0.7377244860722408,38.01334102785552,40.964238972144486,39.55120125329087,-0.2057491736575372,-0.02413833199951482
2015-07-07,-1.456662,0.267055,-2.282105,0.635228,0.635223,1.073082,2.97403,3.018541,2.727611,2.583159,2.787093,1.0,38.42712,39.475262300000004,0.7552667573275959,37.96472878534481,40.9857958146552,39.444145895834595,-0.26947617167706284,0.006332136326054965
2015-07-08,0.243544,0.560156,-0.194839,-0.315606,-0.315603,1.013151,2.696054,3.196948,3.011446,2.804675,2.99724,0.0,38.305843,39.4594027,0.7771184699314276,37.905165760137145,41.01363963986285,39.3357360962313,-0.32600829637410556,-0.00316101701907661
2015-07-09,0.982504,1.006475,-0.023961,1.631756,1.631746,-0.867472,0.637443,1.517705,1.295243,1.063036,1.233338,1.0,38.930897,39.435146749999994,0.7860634116931317,37.86301992661373,41.00727357338626,39.29717999182832,-0.3167227952521401,0.016185759415762436
2015-07-10,0.273542,0.364714,-0.592656,5.128203,5.128204,-4.818777,-4.146331,-3.229227,-3.500103,-3.720983,-3.646368,1.0,40.927353,39.49485345,0.8524439380446208,37.789965573910756,41.199741326089246,39.452434564035144,-0.1465770061081244,0.05001041430965176
2015-07-13,0.181855,0.613767,-0.159136,0.273542,0.27356,-3.687217,-4.321449,-3.26136,-3.51672,-3.759958,-3.811485,0.0,41.039314,39.59607605,0.9106561829133893,37.77476368417322,41.41738841582678,39.60356593888894,-0.0026701455980528976,0.002731868300351467
2015-07-14,0.336551,0.381427,-0.269237,1.318477,1.318463,-3.423825,-5.007849,-4.364665,-4.451419,-4.735019,-4.9009,1.0,41.580402,39.7294842,0.9965878803315644,37.736308439336874,41.72265996066313,39.791836039947135,0.15327153879700006,0.01309846516959914
2015-07-15,0.089668,0.291417,-0.246584,0.089749,0.089754,-1.918857,-4.472094,-4.29052,-4.241203,-4.532618,-4.800121,0.0,41.617722,39.8526301,1.0712129638526102,37.71020417229478,41.99505602770522,39.96572994090455,0.2766784819692276,0.0008971356734699611
2015-07-16,0.333484,0.466872,-0.222319,0.829408,0.829426,-1.280583,-4.655418,-4.849577,-4.683207,-5.075159,-5.412791,1.0,41.96291,39.997699999999995,1.151862449643325,37.693975100713345,42.301424899286644,40.15593756558031,0.3977481669962515,0.008260046720689307
2015-07-17,0.178935,0.559159,-0.201297,-0.600269,-0.600292,-0.308644,-3.457832,-4.067686,-3.862661,-4.312226,-4.65965,-1.0,41.71101,40.0998549,1.210196015318089,37.67946286936382,42.520246930636176,40.30403970219171,0.46797600378954485,-0.006021010154687705
2015-07-20,0.22416,0.560412,-0.134503,-0.223659,-0.223653,0.192781,-2.416501,-3.703207,-3.406189,-3.847569,-4.215798,0.0,41.617722,40.2001439,1.250086678662087,37.69997054267583,42.70031725732417,40.429152301982974,0.5102229755929599,-0.0022390365660015944
2015-07-21,1.111116,1.133787,-0.158728,-1.143248,-1.143253,1.138333,-0.628109,-2.284194,-2.22448,-2.51881,-2.910043,-1.0,41.141926,40.22673195,1.2648343996574345,37.69706315068513,42.75640074931487,40.497035511317925,0.49955271161451975,-0.011498387286187297
2015-07-22,-0.518027,0.090083,-0.585592,0.680281,0.680279,0.360363,-0.547296,-2.560058,-2.788286,-2.958555,-3.340838,1.0,41.421806,40.26684765,1.2904114246597647,37.68602480068047,42.847670499319534,40.585108891192405,0.5078265194762537,0.006779758261388632
2015-07-23,0.869175,0.891466,-0.356586,1.058552,1.058575,-0.73993,-0.889248,-3.194426,-3.647215,-3.707612,-4.158693,1.0,41.860287,40.3335522,1.3381225793237135,37.657307041352574,43.009797358647425,40.70655442536456,0.543500192080451,0.010530116040170632
2015-07-24,1.076955,1.099396,-0.112183,-0.668596,-0.668617,-0.134615,-0.065059,-2.147927,-2.858419,-2.875471,-3.365487,-1.0,41.580402,40.391859849999996,1.366921156581313,37.65801753683737,43.12570216316262,40.78977800390126,0.5429289077437929,-0.00670862268884204
2015-07-27,1.03767,1.105342,-0.203023,-0.538474,-0.538472,0.279719,0.552672,-1.106852,-2.251298,-2.180917,-2.653583,-1.0,41.356503,40.42544504999999,1.3826587520148248,37.66012754597034,43.19076255402965,40.84375181305352,0.5184332073917801,-0.005399274157338191
2015-07-28,-0.827183,0.0,-1.184885,0.902319,0.902313,-0.335336,-0.310744,-1.463588,-2.829189,-2.948348,-3.299044,1.0,41.729668,40.5490569,1.3832513597174136,37.78255418056517,43.31555961943482,40.9281247832389,0.5231014967753467,0.008982662329330501
2015-07-29,-0.335791,0.380573,-0.402946,-0.134143,-0.134132,-0.080588,-0.163417,-0.792476,-2.381909,-2.716809,-2.967685,0.0,41.673695,40.68106565,1.3567324275281103,37.96760079494378,43.394530505056224,40.999131470549486,0.5163326352180135,-0.001342224255471487
2015-07-30,-0.647324,0.111605,-1.249993,0.291025,0.291033,-0.401794,-0.493311,-0.623518,-2.382818,-2.877684,-3.031255,0.0,41.794979,40.79908055,1.345215941212107,38.108648667575785,43.48951243242421,41.074926473354296,0.5148203404341416,0.0029060982892267165
2015-07-31,0.133832,0.513047,-0.133843,0.066971,0.066975,-0.352457,-0.53314,-0.547267,-2.124709,-2.807956,-2.924396,0.0,41.822971,40.934354649999996,1.3025709903128173,38.329212669374364,43.53949663062563,41.146168809225315,0.5100015756840008,0.0006695213419042066
2015-08-03,0.505159,0.768728,-0.417305,1.561448,1.561434,-1.357342,-1.860308,-1.85079,-3.12431,-4.133534,-4.192103,1.0,42.476009,41.14892695,1.1727531954023915,38.80342055919522,43.49443334080479,41.27282025596576,0.552508405857715,0.015493688385483935
2015-08-04,0.286157,0.418224,-0.132074,-0.219633,-0.219644,-0.832036,-1.351517,-1.508535,-2.444408,-3.627547,-3.841796,0.0,42.382713,41.3467066,1.0121189402287996,39.3224687195424,43.370944480457595,41.37852432682617,0.5720726698871843,-0.002198855589417019
2015-08-05,-0.372403,0.219054,-0.503842,0.484266,1.215045,-1.451853,-2.191706,-2.491968,-3.080314,-4.424144,-4.81911,1.0,42.897682,41.576298550000004,0.7802743856703427,40.01574977865932,43.13684732134069,41.52320600998558,0.6219615984585545,0.012077225003605502
2015-08-06,0.43535,0.63126,-0.043537,0.635262,0.635258,-1.436823,-2.505691,-2.921048,-3.20112,-4.681345,-5.215785,1.0,43.170193,41.78826335,0.5717702358717865,40.64472287825643,42.93180382174357,41.68006191379648,0.6756992536246358,0.006332488414512625
2015-08-07,-0.673175,0.043433,-0.890337,0.239443,0.239441,-1.001833,-2.347306,-2.912215,-3.161252,-4.524865,-5.221944,0.0,43.27356,41.905573700000005,0.6241292036180947,40.65731529276382,43.15383210723619,41.83182363629206,0.7183469292832569,0.002391544690734963
2015-08-10,-0.903027,0.043004,-0.903027,0.998912,0.998906,-1.418182,-2.775586,-3.55393,-3.813961,-4.963828,-5.928918,1.0,43.705822,42.038899099999995,0.7084520866120952,40.621994926775805,43.455803273224184,42.01029967093091,0.778056499337346,0.009939494826927827
2015-08-11,0.478679,0.543951,-0.282848,-1.182539,-1.182529,0.134898,-1.274229,-2.083794,-2.476695,-3.385523,-4.49975,-1.0,43.188988,42.11932839999999,0.7440744962244076,40.63117940755118,43.60747739244881,42.12255570227082,0.7747418377063653,-0.011895764424056947
2015-08-12,-0.455685,0.06835,-1.070861,-4.503917,-4.503921,4.055594,3.27778,2.505494,2.077505,1.456081,0.183003,-1.0,41.24379,42.1006318,0.761828047839466,40.57697570432107,43.62428789567893,42.038863730625984,0.6081434237481176,-0.04608499935520182
2015-08-13,-0.318469,0.272982,-0.523201,0.15949,0.159491,2.98908,2.995819,2.253391,1.835882,1.524852,0.174762,0.0,41.30957,42.067964800000006,0.7817903317812798,40.504384136437444,43.63154546356257,41.96940718485208,0.47593459886631706,0.0015936362595456066
2015-08-14,-0.0229,0.16033,-0.549707,-0.682436,-0.682433,2.601918,3.509678,2.866181,2.452339,2.232231,1.018279,-1.0,41.02766,42.0337973,0.8125397260248438,40.408717847950314,43.65887675204969,41.87971697677093,0.34443988308865414,-0.006847718865255004
2015-08-17,-1.19678,0.04603,-1.26582,-0.480987,-0.480997,1.689302,3.606907,3.277442,2.85109,2.705868,1.722519,0.0,40.830318,41.994427099999996,0.8518845621790144,40.29065797564197,43.69819622435802,41.77977421707846,0.2217493350225226,-0.004821579695286761
2015-08-18,-0.299818,0.392062,-0.392071,-0.207135,-0.207128,0.701104,3.4202,3.330817,3.015949,2.837104,2.123334,0.0,40.745747,41.97461815,0.8769875116116312,40.220643126776736,43.72859317322326,41.68129543449956,0.11635079924396052,-0.0020734275500607245
2015-08-19,-0.163511,0.607332,-0.607339,-1.26845,-1.268456,1.490309,4.085496,4.418934,4.191186,4.020215,3.59471,-1.0,40.228905,41.9149731,0.9537680757489102,40.007436948502175,43.82250925149782,41.54297253597579,-0.008781897440030662,-0.012765699044377915
2015-08-20,0.622899,0.91039,-0.095834,-2.499414,-2.499402,3.028261,5.747472,6.658607,6.525965,6.407373,6.275193,-1.0,39.223423,41.7831299,1.1280536588485395,39.52702258230292,44.03923721769708,41.32206305635905,-0.18692964672304413,-0.02531167323827119
2015-08-21,2.288949,2.53507,0.0,-2.659322,-2.659309,4.351447,7.302464,8.936441,8.99095,8.944487,8.938762,-1.0,38.180351,41.61312735,1.3867511435442967,38.83962506291141,44.38662963708859,41.02285238432486,-0.40758186457471623,-0.026953082309071875
2015-08-24,-0.757966,1.97069,-2.829719,-2.584295,-2.584319,5.164231,8.398184,10.87957,11.322728,11.358863,11.484121,-1.0,37.193649,41.40498465,1.703525154776151,37.9979343404477,44.81203495955231,40.658166347722485,-0.6545239969134968,-0.026182990652922532
2015-08-25,3.180217,3.205452,-0.151434,0.101054,0.101058,3.170125,6.688547,9.845202,10.606221,10.826289,10.982189,0.0,37.231236,41.180063049999994,1.939084497749357,37.30189405450128,45.058232045498706,40.33179202889177,-0.8375398214306102,0.0010100654692479852
2015-08-26,-0.498383,0.024914,-1.993519,1.287234,1.287228,0.523309,4.39572,7.532192,8.675082,9.024167,9.226379,1.0,37.710487,40.98190265,2.0831385693219264,36.815625511356146,45.14817978864386,40.08214393090207,-0.9331528255801373,0.01279013916661578
2015-08-27,-0.940599,0.0,-1.336636,0.672816,0.672829,-0.811887,2.816824,5.899329,7.444248,7.885024,8.145291,1.0,37.964214,40.7903644,2.178380292714894,36.43360381457021,45.14712498542979,39.88043631843521,-0.9771887481978041,0.006705753638341406
2015-08-28,-0.722114,0.024895,-1.045812,-0.594064,-0.594065,-0.453191,2.559759,5.554444,7.545224,8.122569,8.44072,-1.0,37.738682,40.58614995000001,2.2661570942713873,36.05383576145723,45.118464138542784,39.676459716679474,-1.0185449297563949,-0.005958362999421093
2015-08-31,-0.074773,0.32403,-0.672984,-0.099604,-0.099606,-0.084745,1.832007,4.597874,7.019192,7.842542,8.202554,0.0,37.701092,40.3474041,2.3077203614978234,35.73196337700435,44.96284482299565,39.4883294579481,-1.0423377793563589,-0.0009965566204097975
2015-09-01,0.435225,0.870458,-0.512033,-2.642069,-2.642061,2.339981,3.494615,6.258736,9.150013,10.221559,10.735977,-1.0,36.705006,40.06351875,2.391857413371825,35.27980392325635,44.84723357674365,39.223251033381615,-1.1285602594776236,-0.0267759105235149
2015-09-02,0.075947,0.354428,-0.73418,1.12647,1.126459,0.881018,1.503802,4.334179,7.155697,8.502903,9.116026,1.0,37.118473,39.774558299999995,2.38050753258066,35.01354323483868,44.53557336516131,39.02279598258336,-1.150269276558646,0.011201621190208897
2015-09-03,0.276869,0.880951,-0.302036,0.582278,0.582268,-0.04026,0.410282,3.0204,5.753849,7.396901,8.080291,1.0,37.334602,39.48277875,2.298624895051888,34.88552895989623,44.080028540103775,38.862015603289706,-1.136928224111486,0.005805793974053883
2015-09-04,-0.333509,0.359156,-0.692665,-1.887742,-1.887739,1.277585,1.91894,4.202164,6.881742,8.896188,9.709316,-1.0,36.629822,39.15059185,2.199907040575277,34.750777768849446,43.55040593115055,38.64942573630973,-1.1697411519764032,-0.01905784681840543
2015-09-08,0.376785,0.602859,-0.577742,2.1293,2.129325,-0.989718,-0.148222,1.420061,3.811837,6.084079,7.070288,1.0,37.40979,38.83579025,1.9500404472259194,34.93570935554816,42.73587114445184,38.53136518999452,-1.1198992333295266,0.021069717497909084
2015-09-09,2.22391,2.274453,-0.075812,-0.602866,-0.60289,-0.131407,0.44479,1.39669,3.634075,6.168317,7.312252,-1.0,37.18425,38.53555335,1.6893615703924365,35.15683020921513,41.91427649078487,38.403068505233136,-1.0860787075141118,-0.006047150343262203
2015-09-10,-0.330539,0.381383,-0.559372,-0.606515,-0.606507,0.391552,0.854306,1.425541,3.686748,6.173398,7.541833,-1.0,36.958725,38.321300099999995,1.5970146587520002,35.127270782496,41.51532941750399,38.26551198092522,-1.065194777516119,-0.006083535103493404
2015-09-11,-0.891955,0.0,-0.917434,-0.228833,-0.228828,0.372063,0.790002,1.233427,3.323131,5.733934,7.343653,0.0,36.874153,38.09952925,1.4625049189427792,35.17451941211444,41.024539087885564,38.13300160178949,-1.0434402366058322,-0.002290904520554396
2015-09-14,0.308957,0.514936,-0.308957,-1.019373,-1.019373,1.333678,1.488153,1.968756,3.766731,6.080324,7.962856,-1.0,36.498268,37.87305965,1.3298953347791111,35.21326898044178,40.53285031955822,37.977312687333345,-1.044490151999696,-0.010246037496888613
2015-09-15,-0.792021,0.178845,-1.149719,0.772397,0.772404,0.214609,0.459881,1.112239,2.42079,4.514043,6.619135,1.0,36.780182,37.67055285,1.1524033229499988,35.365746204100006,39.975359495899994,37.863300240920644,-1.010920847513404,0.0076943600976550714
2015-09-16,-0.470178,0.247459,-0.989859,3.244765,3.24478,-2.519193,-2.363298,-1.935187,-1.163101,0.680005,2.881274,1.0,37.973618,37.531946399999995,0.9027277208402773,35.72649095831944,39.33740184168055,37.8738066941663,-0.8778967730866754,0.03193248795079944
2015-09-17,-0.442372,0.835586,-0.811005,0.692895,0.692857,-2.521483,-2.742672,-2.518211,-2.103695,-0.327338,1.767033,1.0,38.236721,37.43233719999999,0.6691751054644841,36.09398698907103,38.77068741092896,37.90836996138855,-0.7426828370191672,0.006904681142467217
2015-09-18,0.274317,0.947636,-0.274304,-1.44999,-1.449967,-0.658354,-1.219453,-1.133836,-0.867834,0.75411,2.77888,-1.0,37.682301,37.3552811,0.5253495989438776,36.30458190211225,38.40598029788775,37.886839584113446,-0.6725096069147725,-0.014605821876051481
2015-09-21,0.722474,0.722474,-0.398602,0.099753,0.099734,-0.109603,-1.028884,-1.235663,-1.027642,0.302951,2.185694,0.0,37.719883,37.3322577,0.4965907182583106,36.33907626348338,38.32543913651662,37.870938957055024,-0.6068686590333812,0.0009968412350516503
2015-09-22,0.384522,0.512692,-0.974102,-2.81515,-2.815139,2.717255,1.632919,1.435533,1.766217,2.753144,4.50483,-1.0,36.658016,37.305476049999996,0.5184231583173284,36.26862973336534,38.342322366634654,37.75542248495454,-0.6332320228410282,-0.028555233941326835
2015-09-23,0.334354,0.462963,-0.617289,-0.33324,-0.333248,2.27366,1.795272,1.74383,2.01132,2.635806,4.247259,0.0,36.535854,37.270706950000005,0.5462367695153428,36.17823341096932,38.36318048903069,37.639273105435066,-0.6564158774157889,-0.003338042200330453
2015-09-24,-0.33828,0.390325,-1.327093,-1.15741,-1.157422,2.295094,2.753075,2.749605,2.984665,3.381751,4.994379,-1.0,36.11298,37.1908316,0.5933154538011728,36.00420069239766,38.377462507602345,37.49391185729839,-0.7008328816847182,-0.011641722315543834
2015-09-25,0.278343,1.290483,-0.303639,2.836326,2.836343,-0.819844,-0.010122,-0.11977,0.032895,0.305668,1.724022,1.0,37.137268,37.1494843,0.5647075659105616,36.02006916817887,38.278899431821124,37.45994577565092,-0.6459362453520114,0.02796863621386155
2015-09-28,1.232033,1.283368,-0.102672,-1.417007,-1.417016,5e-06,1.457916,1.31247,1.316747,1.575987,2.784064,-1.0,36.611027,37.09310155,0.5590499511258659,35.97500164774827,38.21120145225173,37.37909636844607,-0.6375443024092604,-0.014271514530979815
2015-09-29,-1.344493,0.228311,-1.69964,1.180696,1.180721,-0.958918,0.344991,0.064255,0.045652,0.374419,1.243859,1.0,37.043301,37.060212,0.5404380955215345,35.97933580895693,38.14108819104307,37.34711585716549,-0.5892205601901921,0.011738046494079574
2015-09-30,0.422881,0.522386,-0.572139,1.978699,1.978687,-2.223889,-1.654239,-1.772808,-1.753738,-1.515429,-0.982593,1.0,37.776272,37.1137753,0.5562365762190554,36.00130214756189,38.226248452438114,37.387987870768775,-0.48617469309331085,0.0195936549786249
2015-10-01,0.397516,0.546586,-0.919252,0.124376,0.124369,-1.440991,-1.885714,-1.74244,-1.782606,-1.625835,-1.317595,0.0,37.823254,37.14901435,0.5784318906466609,35.99215056870668,38.305878131293326,37.42944178783842,-0.39615244744084777,0.0012429180058173399
2015-10-02,-2.334628,0.0,-2.577816,2.161488,2.16149,-2.748052,-3.713522,-3.516534,-3.691631,-3.637157,-3.455736,1.0,38.6408,37.214324250000004,0.6673892409262198,35.879545768147565,38.54910273185244,37.54480923661572,-0.2558902954630966,0.02138461440184963
2015-10-05,-0.071543,0.214643,-0.476985,1.969847,1.969851,-3.210112,-5.146678,-4.889104,-5.200336,-5.329838,-5.217429,1.0,39.401966,37.35293145000001,0.8118417660003392,35.72924791799933,38.97661498200068,37.72168130931898,-0.08236237245530731,0.019507000472416793
2015-10-06,0.047574,0.57088,-0.28545,0.262344,0.26233,-2.216928,-4.674113,-4.678077,-5.18315,-5.394853,-5.270369,0.0,39.505329,37.4577084,0.9440303335040656,35.56964773299187,39.345769067008135,37.89155251795527,0.06277663699473379,0.0026198606635999973
2015-10-07,-0.311146,0.191484,-0.885589,-0.618463,-0.618448,-0.852086,-3.386791,-3.866288,-4.328627,-4.545717,-4.508538,-1.0,39.261009,37.56154635,1.0232594799068564,35.51502739018629,39.60806530981371,38.02197694481667,0.1562842183359905,-0.006203685223212008
2015-10-08,-1.782743,0.118847,-1.925367,0.694114,0.694101,-0.670305,-3.187537,-4.31027,-4.662458,-4.959345,-5.013064,1.0,39.53352,37.6902861,1.1023407471291269,35.48560460574175,39.894967594258254,38.165933426262704,0.24950289638584877,0.006917030661616556
2015-10-09,-0.52058,0.449605,-0.615234,0.451623,0.451634,-0.577378,-2.974442,-4.399747,-4.733788,-5.147181,-5.293419,0.0,39.712067,37.8321818,1.1721950688651122,35.48779166226978,40.17657193773022,38.31318424280911,0.3339372008820547,0.004506176530072833
2015-10-12,-0.256592,0.723119,-0.466529,1.443448,1.443448,-1.553537,-3.442967,-5.335512,-5.619314,-6.133892,-6.430293,1.0,40.28529,38.0215329,1.2487492973205838,35.52403430535883,40.51903149464116,38.50100383873205,0.4420110724858475,0.014331293744210577
2015-10-13,-0.489517,0.489508,-0.629373,0.069986,0.069986,-1.221452,-2.699308,-4.79721,-5.247093,-5.911428,-6.279726,0.0,40.313484,38.198198000000005,1.3122098271781313,35.573778345643746,40.822617654356264,38.673620996948046,0.5238962645117695,0.0006996136479690872
2015-10-14,0.279653,0.769056,-0.069911,0.023305,0.023317,-0.717793,-2.090435,-4.193286,-4.977875,-5.622011,-6.002498,0.0,40.322884,38.3156613,1.3936680089751123,35.52832528204978,41.102997317950226,38.83069366390537,0.5828308592384914,0.00023314542248685
2015-10-15,-0.556174,0.155726,-0.889882,4.754139,4.754122,-3.942154,-5.48832,-7.574341,-8.816463,-9.405116,-9.864293,1.0,42.239883,38.515819400000005,1.6463023791043274,35.22321464179135,41.80842415820866,39.155378362581054,0.7752857370530108,0.04644572052490479
2015-10-16,-0.816414,0.088263,-0.926739,0.823135,0.823134,-3.375987,-5.333183,-7.475725,-8.984994,-9.608117,-10.189023,1.0,42.587574,38.76108305,1.866283477997785,35.02851609400443,42.493650005995576,39.482254137573335,0.9449703423258811,0.008197651076829808
2015-10-19,0.043917,0.175665,-0.614851,0.485439,0.485442,-2.670179,-4.997806,-6.959451,-8.831799,-9.456304,-10.142733,0.0,42.794312,39.014804500000004,2.0528877365657445,34.90902902686852,43.12057997313149,39.79768821970921,1.083637148823712,0.004842675975238496
2015-10-20,0.639332,0.661373,-0.198415,-0.395257,-0.395258,-1.199293,-3.888889,-5.717226,-7.770063,-8.548502,-9.378307,0.0,42.625164,39.3131619,2.124698294900527,35.063765310198946,43.56255848980105,40.06697162735595,1.1664368046402558,-0.003960413456264
2015-10-21,0.485011,0.705465,-0.022052,0.0,0.0,-0.119048,-3.099647,-4.958849,-7.055777,-8.111995,-8.952822,0.0,42.625164,39.617627399999996,2.141991792798514,35.33364381440297,43.901610985597024,40.31060899617919,1.2180156027342406,0.0
2015-10-22,-0.238925,0.629889,-0.477848,1.499118,1.499124,-1.12077,-3.668553,-5.524187,-7.60209,-9.00435,-9.811763,1.0,43.264168,39.9751868,2.122959434206753,35.7292679315865,44.22110566841351,40.59190032987641,1.2955205003550674,0.014879980445443544
2015-10-23,0.763365,0.981464,-0.196292,-0.412691,-0.412699,-0.479817,-2.486359,-4.444921,-6.52889,-8.12562,-8.957462,0.0,43.085617,40.27260425,2.121122202351361,36.030359845297276,44.514848654702725,40.829397155602464,1.3272365597405553,-0.004135534430675395
2015-10-26,0.504716,0.614435,-0.21944,-0.610683,-0.61067,0.144825,-1.294717,-3.325295,-5.229325,-7.084493,-7.905793,-1.0,42.822506,40.5831782,2.0085312250420966,36.56611574991581,44.60024065008419,41.01921704554509,1.3159712095754443,-0.006125423615127485
2015-10-27,0.198634,0.617963,-0.132423,-0.570549,-0.57056,0.69742,-0.196422,-2.289412,-4.035532,-5.995144,-6.923416,-1.0,42.578178,40.85992205,1.8717752113979989,37.116371627204,44.603472472796,41.16768951739794,1.2726577049210093,-0.005721936995711271
2015-10-28,0.995577,1.017697,-0.929208,-0.242772,0.5204,0.257688,-0.1344,-2.244056,-3.945487,-5.896399,-7.02941,0.0,42.799755,41.1110962,1.7705127352587113,37.57007072948257,44.652121670517424,41.32312432526481,1.2418950593379492,0.005190509764761676
2015-10-29,-0.308164,0.242133,-0.418221,0.508847,0.508837,-0.364543,-0.459205,-2.199019,-3.828034,-5.730786,-7.129629,0.0,43.017536,41.3708103,1.6389208527933878,38.09296859441323,44.648652005586776,41.484496865715776,1.221013464543958,0.005075468241239939
2015-10-30,0.066692,0.933753,-0.088931,-0.990535,-0.990522,0.400185,0.537539,-0.769891,-2.402116,-4.275456,-5.816321,-1.0,42.591438,41.5683422,1.526808994124466,38.514724211751066,44.62196018824893,41.589919830885705,1.156747833699157,-0.009954599354085826
2015-11-02,0.0,0.264313,-0.550661,0.933753,0.933732,-0.451093,-0.34721,-1.268558,-2.887771,-4.567536,-6.279037,1.0,42.989128,41.747700300000005,1.4685085214721618,38.81068325705568,44.68471734294433,41.72317775175374,1.124939515131878,0.009293999356088378
2015-11-03,-0.705467,0.110227,-0.90388,-0.088108,-0.088097,-0.189595,-0.18342,-0.772081,-2.400999,-3.933188,-5.707997,0.0,42.951256,41.919996649999995,1.3917127824254791,39.136571085149036,44.70342221485095,41.84013758492005,1.0841775160819367,-0.0008813552066870169
2015-11-04,0.154936,0.354139,-0.265602,-0.396828,-0.396824,0.199201,0.250637,0.006275,-1.600783,-3.082529,-4.845747,0.0,42.780815,42.095986950000004,1.253453463153218,39.58908002369357,44.60289387630644,41.92972591016576,1.0262897445632433,-0.003976136877673193
2015-11-05,-0.022071,0.220757,-0.618099,0.265602,0.265589,-0.123609,-0.101108,-0.156896,-1.469662,-2.86635,-4.570809,0.0,42.894436,42.26403275,1.1087751017552696,40.04648254648946,44.48158295351054,42.021603061578546,0.978304251270103,0.0026523661217109987
2015-11-06,0.337536,0.72007,-0.855081,-1.898455,-1.898463,1.566171,1.593185,1.694872,0.718471,-0.659689,-2.332519,-1.0,42.080101,42.38243445,0.9346878101777539,40.51305882964449,44.2518100703555,42.02717429380916,0.8645988163393454,-0.01916715193620697
2015-11-09,-0.341915,0.113971,-0.592656,-1.282628,-1.282606,2.188277,2.60451,2.814925,2.178146,0.836922,-0.668007,-1.0,41.540379,42.4451889,0.8217908833829614,40.80160713323408,44.08877066676592,41.98081283725591,0.7226056372187841,-0.0129090264741848
2015-11-10,-1.25399,0.182394,-1.25399,-0.02279,-0.022802,1.527587,2.375744,2.66272,2.348018,1.055011,-0.285171,0.0,41.530907,42.506060049999995,0.6901222064988014,41.12581563700239,43.8863044629976,41.93796466227916,0.6023669967429228,-0.00022804510432283833
2015-11-11,-0.112636,0.360442,-0.225271,1.208386,1.208394,-0.040556,0.970938,1.343004,1.329415,0.11222,-1.138178,1.0,42.032764,42.59155405,0.4790710057845296,41.63341203843094,43.54969606156906,41.946993170633526,0.5413325291707451,0.012011512367142438
2015-11-12,0.641462,0.893468,0.0,-1.667035,-1.667038,0.898045,2.274909,2.749431,2.937431,1.983479,0.820802,-1.0,41.332062,42.546163,0.5516536046664241,41.44285579066715,43.64947020933285,41.888428297239855,0.4314480143586792,-0.01681089100595064
2015-11-13,0.164059,0.632765,-0.234352,-2.245141,-2.245134,2.38575,4.082489,4.666825,5.031389,4.394242,3.281823,-1.0,40.404102,42.4369894,0.7301926656116786,40.976604068776645,43.89737473122336,41.74706388797892,0.2664140723907309,-0.02270720393309632
2015-11-16,-1.223451,0.069247,-1.338869,1.523323,1.523318,0.595567,2.040624,2.803322,3.239107,2.899451,1.86357,1.0,41.019585,42.34825305,0.7898806787234238,40.76849169255315,43.928014407446845,41.67778018436187,0.18317627657663138,0.0151183211106917
2015-11-17,0.436178,0.872355,-0.068875,0.554019,0.554028,-0.096428,1.065184,2.02172,2.503203,2.423015,1.443066,1.0,41.246845,42.279337100000006,0.823846884754618,40.63164333049077,43.927030869509245,41.63673873823217,0.13400300320004277,0.005524989430122584
2015-11-18,-1.113379,0.113617,-1.181541,1.033051,1.033034,-1.290603,-0.23403,0.798313,1.340887,1.505355,0.598765,1.0,41.672939,42.23172585,0.830299118240456,40.57112761351908,43.89232408648091,41.640186382210054,0.12794023912208274,0.010277348297694689
2015-11-19,-0.518249,0.180257,-0.585854,0.840725,0.84073,-1.784588,-1.273099,-0.199792,0.348345,0.638467,-0.042456,1.0,42.023296,42.16968225,0.7946880861968812,40.58030607760624,43.759058422393764,41.67667301247576,0.14968090841574622,0.008372157874553062
2015-11-20,-0.426207,0.31404,-0.47107,0.450656,0.450667,-1.368337,-1.684624,-0.707358,-0.20526,0.151434,-0.293449,0.0,42.212681,42.12603545,0.7651578954961289,40.59571965900775,43.65635124099226,41.72772139223997,0.18011606631344534,0.004496542352590139
2015-11-23,0.474262,0.700093,-0.29358,-0.672954,-0.672966,-0.266479,-0.92592,-0.203248,0.364277,0.747397,0.512732,-1.0,41.928604,42.08134035,0.7482548259612916,40.58483069807741,43.577850001922585,41.7468530691695,0.17924725764282812,-0.006752406488045938
2015-11-24,-0.977939,0.204685,-1.023427,-0.700086,-0.700097,0.623161,-0.202399,0.289601,0.958619,1.362577,1.327187,-1.0,41.635063,42.0341846,0.7450066384168104,40.54417132316638,43.524197876833625,41.73620639591526,0.15310748722973955,-0.007025594207250071
2015-11-25,0.471061,0.538353,-0.112165,1.387312,1.387335,-0.497993,-1.52536,-1.172439,-0.492388,-0.063505,0.089903,1.0,42.212681,42.0048309,0.7245395295525452,40.555751840894914,43.45390995910509,41.78158492963762,0.1769605846299811,0.013778000695295934
2015-11-27,0.560036,0.761651,-0.156808,0.134583,0.134566,-0.515223,-1.435922,-1.403815,-0.714597,-0.291933,-0.042269,0.0,42.269485,41.96742835,0.687890911866847,40.5916465262663,43.343210173733695,41.82805160300546,0.19816363718424412,0.0013447573908138078
2015-11-30,2.034748,2.103333,-0.045727,-2.016122,-2.016109,1.14768,0.836753,0.518204,1.186545,1.598528,1.920267,-1.0,41.417286,41.90872075,0.6819099007457429,40.54490094850851,43.27254055149149,41.788931069385896,0.1445357537189622,-0.02036710100358519
2015-12-01,0.0,0.274033,-0.5024,0.11431,0.1143,0.808405,0.828959,0.391263,0.887189,1.351542,1.697012,0.0,41.464626,41.83249565,0.6386151194779617,40.555265411044076,43.10972588895592,41.758044872301525,0.10464888486475132,0.001142348288202494
2015-12-02,0.249209,0.724966,-0.203897,0.799265,0.799286,0.08608,0.160838,-0.362497,-0.05099,0.473025,0.824483,1.0,41.796047,41.774735199999995,0.5818181365956877,40.61109892680862,42.93837147319137,41.76166412255852,0.09864405160443823,0.007961087473395806
2015-12-03,1.621874,1.621874,-0.393879,-2.220206,-2.220227,1.700654,2.238189,1.709922,1.984479,2.565341,2.970531,-1.0,40.86808,41.67909845,0.5646905937194729,40.54971726256105,42.80847963743894,41.67656087279104,0.01878940387508976,-0.022452447431716014
2015-12-04,-1.675089,0.114729,-1.698031,0.973128,0.973126,0.234057,1.0693,0.718986,0.804268,1.407068,1.81673,1.0,41.265778,41.59766555,0.4930995392183629,40.611466471563276,42.58386462843673,41.637438694429996,-0.012263706498330862,0.009684218368030515
2015-12-07,-0.272415,0.113505,-0.726445,1.078469,1.078465,-0.694654,-0.129387,-0.146791,-0.315539,0.240646,0.62052,1.0,41.710815,41.57920125,0.4808455372460112,40.617510175507974,42.54089232449202,41.644426914008086,-0.0009517820729669779,0.010726911079621577
2015-12-08,-0.206517,0.275353,-0.665445,-1.066963,-1.066958,0.279945,0.787059,0.969865,0.726251,1.154658,1.579929,-1.0,41.265778,41.565471200000005,0.48590625390978465,40.59365869218043,42.537283707819576,41.60836511267399,-0.027579843767369994,-0.010726911079621685
2015-12-09,0.392243,1.453625,-0.323025,-0.550716,-0.550706,0.466075,1.199812,1.495149,1.224038,1.528374,2.017376,-1.0,41.038525,41.5408521,0.500018340519456,40.54081541896109,42.540888781038916,41.554094625752654,-0.06625642949639143,-0.005522276946240954
2015-12-10,0.557875,0.790332,-0.185962,-0.738348,-0.738353,1.148301,1.589958,2.0967,1.817759,2.082751,2.607313,-1.0,40.735516,41.4759897,0.5167099753647437,40.44256974927051,42.50940965072949,41.47613475663336,-0.11997519689666802,-0.007410918748977319
2015-12-11,0.448322,0.84946,-0.141579,-1.487678,-1.48769,2.109492,2.590854,3.323905,3.205531,3.348758,3.91695,-1.0,40.129498,41.415861500000005,0.5979267461216173,40.22000800775677,42.61171499224324,41.347883636953995,-0.2090386278012062,-0.014988666065898035
2015-12-14,0.094489,0.755965,-0.685096,-0.117978,-0.117988,1.417447,2.378942,3.091598,3.287283,3.271455,3.831026,0.0,40.08215,41.399763899999996,0.6300692487296827,40.13962540254063,42.65990239745936,41.22733757629171,-0.28021251095659494,-0.001180576803491623
2015-12-15,-0.395445,0.628044,-0.535017,1.559178,1.55921,-0.414066,0.621059,1.308816,1.663162,1.604079,2.050073,1.0,40.707115,41.3841404,0.6437187410222427,40.09670291795551,42.67157788204449,41.17779256902583,-0.2829274620218456,0.015471794842415648
2015-12-16,-1.252856,0.159451,-1.594535,2.116771,2.11676,-2.22324,-1.519368,-0.801826,-0.405471,-0.498409,-0.176163,1.0,41.568787,41.400237499999996,0.6441299534126448,40.11197759317471,42.688497406825284,41.21503013388052,-0.21309294833198322,0.020946680247036702
2015-12-17,0.55414,1.015929,0.0,-1.343966,-1.343965,-0.757334,-0.143158,0.354034,0.870467,0.757329,1.039787,-1.0,41.010117,41.3670964,0.6464081237690555,40.07428015246189,42.659912647538114,41.19551459732047,-0.2005171561438317,-0.01353078077932345
2015-12-18,0.163858,0.79588,-0.210674,-1.362272,-1.362274,0.772472,1.034642,1.440387,2.069288,2.061797,2.233925,-1.0,40.451447,41.28850395,0.6578796175176497,39.9727447149647,42.6042631850353,41.12465101662328,-0.2329454995161484,-0.013716376939197774
2015-12-21,1.503759,1.574246,-0.634398,-0.374532,-0.374526,1.259397,1.064373,1.636898,2.215688,2.435144,2.471014,0.0,40.299946,41.1928672,0.6554838338971071,39.881899532205786,42.50383486779422,41.04610768170678,-0.26778322153700884,-0.003752286422025114
2015-12-22,-0.490881,0.233759,-1.075267,0.516913,0.516916,0.640484,0.357639,0.956828,1.514721,1.857872,1.859118,0.0,40.508263,41.12185015,0.6484811370660055,39.82488787586799,42.418812424132014,40.99488437868709,-0.27540819210564393,0.0051558489922772744
2015-12-23,-1.146,0.022915,-1.214767,1.986914,1.986901,-1.443955,-1.531053,-1.087934,-0.501944,-0.120098,-0.142865,1.0,41.313122,41.1057531,0.6389976982209277,39.82775770355815,42.383748496441854,41.02519272357404,-0.21403834064681604,0.019674195480714647
2015-12-24,0.206614,0.45913,-0.068875,-0.16044,-0.160426,-1.170806,-1.248862,-0.867779,-0.459147,-0.000928,-0.045924,0.0,41.246845,41.0574613,0.5851683832252976,39.887124533549404,42.227798066450596,41.04630246418603,-0.16880441895518317,-0.001605548467269213
2015-12-28,-0.18302,0.091515,-0.480437,0.344348,0.34432,-1.056945,-1.283437,-1.188113,-0.907093,-0.405378,-0.38433,0.0,41.388866,41.01343035,0.5185035061783724,39.976423337643254,42.050437362356746,41.07892756283498,-0.12011172909472378,0.003437282456017596
2015-12-29,-0.113045,0.203482,-0.474791,1.189661,1.189677,-1.465068,-2.014465,-2.322704,-2.016728,-1.607955,-1.437935,1.0,41.88126,41.03662905,0.5471138221909019,39.9424014056182,42.130856694381805,41.15534017589831,-0.0413140976759081,0.011826564046540262
2015-12-30,0.499539,0.635783,-0.113531,-0.42957,-0.429569,-0.46776,-1.353315,-1.831668,-1.565622,-1.205268,-0.95822,0.0,41.701351,41.048465300000004,0.5592856863204433,39.92989392735912,42.16703667264089,41.207341206765136,0.006541039164197571,-0.004304945148163894
2015-12-31,0.969534,1.061863,-0.023082,-1.63488,-1.634877,1.043395,0.152355,-0.20314,-0.024239,0.376732,0.669436,-1.0,41.019585,41.0096422,0.5308890314823305,39.94786413703534,42.071420262964665,41.18945966326369,-0.010426053501404908,-0.016483890784516574
